Wavelength_um,Model_Depth,Transit_Depth,Error,Num_Transits
0.8309,0.003910088868899292,0.003866868280431277,0.0002944429573085491,1.0
0.8318,0.003911000000000021,0.0041391074541472835,0.0002690936693171778,1.0
0.8328,0.003910292410576036,0.003984416384630877,0.0002648927286603054,1.0
0.8338,0.003911692523539122,0.004246712636212407,0.0002598265264719121,1.0
0.8348,0.003914955597810111,0.004230055879851576,0.0002551374655562327,1.0
0.8357,0.0039288773281469765,0.003917855002460635,0.0002524761022459512,1.0
0.8367,0.003916403087833202,0.0036351593281640222,0.00025065416438506925,1.0
0.8377,0.003912712162291291,0.0034991562712429628,0.0002493852695995823,1.0
0.8386,0.003918240999487124,0.003871428553591179,0.0002486803457193788,1.0
0.8396,0.003922978892767314,0.003286133818535931,0.0002469064051414572,1.0
0.8406,0.0039125899928621624,0.0035655842410864734,0.00024434835526103454,1.0
0.8415,0.003933910552379015,0.003536676508669356,0.00024401799768380717,1.0
0.8425,0.0039206416397701985,0.004011946946736899,0.00024684733327425104,1.0
0.8435,0.003917350921092251,0.0036614042877582747,0.00025144781341927407,1.0
0.8445,0.003917907726952587,0.003365352001081654,0.00025476808751403264,1.0
0.8454,0.003914832656799531,0.0036354433425278858,0.00025765245781755836,1.0
0.8464,0.003912000000000051,0.004150256161429711,0.0002618157221971741,1.0
0.8474,0.003912666688582702,0.004185624904172922,0.00026272176334486805,1.0
0.8483,0.003913642391613382,0.0036421900802390806,0.00025803625212071434,1.0
0.8493,0.003914489841322059,0.0035328483130143,0.00025525179817111266,1.0
0.8503,0.003916000000000049,0.0038644070199862868,0.0002543873353112085,1.0
0.8512,0.003914678850682358,0.0038431341670388795,0.0002518946705878249,1.0
0.8522,0.003919596585115162,0.0041063926482171,0.00025023198734450575,1.0
0.8532,0.0039228748996719175,0.003957625826838987,0.0002497434312614674,1.0
0.8542,0.00391861841952555,0.0038227153502508457,0.00024678128061599177,1.0
0.8551,0.003914405357916919,0.0036721095839184906,0.00024109223584081936,1.0
0.8561,0.003917278965400395,0.0039017168847442153,0.00023582565733588052,1.0
0.8571,0.003915000000000069,0.0042917232075361505,0.00023263489498573093,1.0
0.858,0.003914596833200809,0.0038442868938903052,0.00023061975115817675,1.0
0.859,0.003914542172186424,0.003911817118709253,0.00022955141034109225,1.0
0.86,0.0039170433290607164,0.0041421395518594605,0.00022782551283594338,1.0
0.861,0.003914719811250592,0.004019979215789114,0.000224895295431996,1.0
0.8619,0.003914000000000193,0.0034463523850468227,0.00022175925499292267,1.0
0.8629,0.003914000000000046,0.0042699487730111525,0.00021932967639370183,1.0
0.8639,0.003915000000000063,0.003702413154821421,0.00021854945120706082,1.0
0.8648,0.00391470620421676,0.00389057084296019,0.0002208845460155433,1.0
0.8658,0.0039132859032788864,0.004022784817150078,0.0002259412928061434,1.0
0.8668,0.003914424840779481,0.004199682352812306,0.0002266984724929438,1.0
0.8677,0.003915000000000037,0.004065252027851527,0.00022259794490242198,1.0
0.8687,0.003916175461197726,0.003990199630903566,0.0002207164014121435,1.0
0.8697,0.003919180004298031,0.004257911496568545,0.00021719974483631036,1.0
0.8707,0.003917403183200414,0.004106984706041561,0.00021171212032472023,1.0
0.8716,0.00391699999999994,0.003907254052562672,0.00020805245255188536,1.0
0.8726,0.003917113981677059,0.0042381212069979406,0.00020554820239965208,1.0
0.8736,0.003919827969562024,0.004385073324569198,0.00020375599091787655,1.0
0.8745,0.0039159245630408105,0.0037295430260215283,0.00020267789085720402,1.0
0.8755,0.00392134830646904,0.0035685635054890233,0.00020181910228225143,1.0
0.8765,0.003914588802424563,0.0037413589604719634,0.0002008936524729603,1.0
0.8774,0.003913989717911006,0.003785236579311202,0.00019996397146688924,1.0
0.8784,0.0039168998670340086,0.0034590430055570784,0.0001989695130676804,1.0
0.8794,0.003917227773488294,0.0039474102438523135,0.00019804354081423166,1.0
0.8803,0.003913811000415593,0.003791017162823412,0.0001969028384487276,1.0
0.8813,0.003919553311776032,0.003998002570112411,0.00019553979352220378,1.0
0.8823,0.003917300428961165,0.003839429044766283,0.00019416549342345414,1.0
0.8833,0.0039212129913320974,0.0038849810913191857,0.0001930339140007041,1.0
0.8842,0.003920809926417472,0.003508772105063466,0.00019241597736465438,1.0
0.8852,0.003918131060311282,0.0038785705709926273,0.00019300478439859698,1.0
0.8862,0.003922063830416912,0.004002833867355053,0.0001950308701047929,1.0
0.8871,0.003931565117533409,0.003484955734392895,0.00019660035310090258,1.0
0.8881,0.0039488615587795735,0.003618377826377469,0.00019604003544467286,1.0
0.8891,0.003972809053255831,0.0039908882760724025,0.0001939975574224767,1.0
0.89,0.003976157191691427,0.004005099165097769,0.00019248113510367962,1.0
0.891,0.004017233323977027,0.0040543541875756595,0.00019235505600875968,1.0
0.892,0.004043638158531287,0.004158486653293065,0.00019153693524494276,1.0
0.893,0.004044619696423853,0.004390777081504058,0.0001892268503983471,1.0
0.8939,0.0040294784183980215,0.003998368404718885,0.0001879153183033512,1.0
0.8949,0.003956548429676062,0.004159050022798802,0.00018835341775814908,1.0
0.8959,0.003955668804316498,0.003927614790856472,0.00018867649516198033,1.0
0.8968,0.0039505095937767765,0.00403518809664346,0.00018740432160638978,1.0
0.8978,0.003969988774704353,0.0035997262072187623,0.00018485238431643696,1.0
0.8988,0.00405956424362943,0.00400803792490837,0.00018302132411743047,1.0
0.8998,0.004031947540748021,0.0041643982808691705,0.0001827925044600875,1.0
0.9007,0.004007798614258764,0.0037431735881060142,0.00018351545443551445,1.0
0.9017,0.0039606759501740535,0.004219747075423477,0.0001844963288216786,1.0
0.9027,0.003937170600943268,0.0039112767946530465,0.00018410578613266878,1.0
0.9036,0.003940570025450526,0.00406509158957316,0.0001820132732785734,1.0
0.9046,0.004002345555933183,0.0038695845342739585,0.00017943019119185335,1.0
0.9056,0.003994899631522008,0.00433824368362428,0.00017732018037008453,1.0
0.9065,0.003937669163410601,0.003915742343169,0.00017633169696990885,1.0
0.9075,0.003940864067103705,0.00403836437020986,0.00017608665557350956,1.0
0.9085,0.003978629364713223,0.003913118586362627,0.00017553280309656405,1.0
0.9095,0.003943100302737554,0.00403429480757627,0.00017471439005519476,1.0
0.9104,0.003965218587901431,0.004257061723385459,0.00017406428020230036,1.0
0.9114,0.003962915167493422,0.0039823411282842,0.00017336780393079561,1.0
0.9124,0.003948905689955584,0.0038903466401967388,0.0001723284342943131,1.0
0.9133,0.00394675930138763,0.004017669435823297,0.00017130097705948246,1.0
0.9143,0.003925945218635859,0.004008454167056429,0.00017043062705937977,1.0
0.9153,0.0039253052656829665,0.003780610862427688,0.00016957081217621822,1.0
0.9162,0.003928032968677363,0.0040902952183631954,0.00016881057623225205,1.0
0.9172,0.003919200060642489,0.004249533709684896,0.0001682382322687645,1.0
0.9182,0.003913181952119688,0.003849499540377762,0.0001678549964741828,1.0
0.9192,0.003951703707553683,0.003991845770971846,0.0001677905677103258,1.0
0.9201,0.0039107105262772964,0.003821683040261188,0.00016806505044948648,1.0
0.9211,0.003949980289224663,0.0037061094001776367,0.000168429192315182,1.0
0.9221,0.003993364004896967,0.004069763972264187,0.00016898023564559814,1.0
0.923,0.003909579751633828,0.003590168267127402,0.00016990338636910075,1.0
0.924,0.003909559253753627,0.003992118848269825,0.0001705642642874382,1.0
0.925,0.003912792765015604,0.0039001944936510402,0.00017005834353638183,1.0
0.9259,0.0039118303560851915,0.0040632978003675504,0.00016902098489737793,1.0
0.9269,0.003909275559949137,0.0038085998570397206,0.0001685973140259817,1.0
0.9279,0.0039110000371477644,0.003850423994840042,0.00016921675777918776,1.0
0.9288,0.0039131001678329135,0.0037682364026137287,0.00017012129128052348,1.0
0.9298,0.003915852143789308,0.0036958034809731807,0.00016963290336430393,1.0
0.9308,0.0039103029848459895,0.0040666203084023245,0.00016776029822945004,1.0
0.9318,0.00398480103184704,0.004064604495487759,0.0001659731844124712,1.0
0.9327,0.004008504238467435,0.0037832278042126974,0.00016484979093025936,1.0
0.9337,0.003921137441843629,0.003737514207221857,0.0001639494125761339,1.0
0.9347,0.003916000000000006,0.0038650004945630094,0.0001630591346577445,1.0
0.9356,0.003911387361695853,0.004303744704170319,0.00016260633288188065,1.0
0.9366,0.003911815556875813,0.004002117831953415,0.00016273136151342407,1.0
0.9376,0.003993316345205949,0.003975771700062048,0.00016290824879926772,1.0
0.9385,0.003974552176651241,0.003875704244525077,0.00016275560785353234,1.0
0.9395,0.003982004429384759,0.003836636281948237,0.0001621803344249168,1.0
0.9405,0.004119814700584943,0.004282837124726509,0.0001613237819627669,1.0
0.9415,0.003963672960433611,0.003992837891693767,0.00016045623730406863,1.0
0.9424,0.003962712522330985,0.004188926117077607,0.00015955207510970942,1.0
0.9434,0.003941868158336008,0.003983310209295227,0.0001588839671387443,1.0
0.9444,0.0039329528334016,0.003989233038158543,0.0001585265575248757,1.0
0.9453,0.003917042353906004,0.003971035888904735,0.00015801581789105977,1.0
0.9463,0.004124734107084923,0.004279010933607423,0.0001574357421462906,1.0
0.9473,0.003910907830625587,0.0038254684114459266,0.0001570567029959512,1.0
0.9482,0.003909999999999968,0.00396750839997148,0.00015672768004828126,1.0
0.9492,0.003911530577701029,0.003970170882541652,0.00015666786848086696,1.0
0.9502,0.003914029491646151,0.004123609894436315,0.0001569491803751171,1.0
0.9512,0.003910999999999994,0.003952531577929018,0.00015704380032884968,1.0
0.9521,0.003936670877556588,0.004042056393583655,0.00015625420426667344,1.0
0.9531,0.003948644700971369,0.003747220523743234,0.0001550598493784146,1.0
0.9541,0.003917449405791909,0.004115029424281892,0.00015438813165026037,1.0
0.955,0.003911999999999973,0.0040969074719603826,0.0001539891112473633,1.0
0.956,0.003914996482128017,0.003771567152400198,0.00015346640756242836,1.0
0.957,0.003911688379784622,0.003989374962230218,0.00015332210731941972,1.0
0.958,0.003919307575738414,0.003819676184448176,0.00015303556399262367,1.0
0.9589,0.003926196071824618,0.004046492739923737,0.0001519551313703145,1.0
0.9599,0.003922439660083158,0.0038043938499560596,0.00015101819075988133,1.0
0.9609,0.0039189498169145305,0.0038228059446735988,0.00015048834887044127,1.0
0.9618,0.003919018104839971,0.0038503754209531687,0.0001501873201612725,1.0
0.9628,0.003964765108596819,0.004012938827527754,0.00015018383077613216,1.0
0.9638,0.003967674051350065,0.00392961723158796,0.00015049237769861393,1.0
0.9647,0.0039198221373155035,0.003965004708241065,0.00015113340440938995,1.0
0.9657,0.003913177543153681,0.003643389535847905,0.00015204586786989006,1.0
0.9667,0.003917183391175476,0.004374825326728692,0.0001522135517469517,1.0
0.9677,0.0039212196197682715,0.003976054272639413,0.0001512184486213543,1.0
0.9686,0.003925922721350126,0.003922844298208865,0.00015047857820071106,1.0
0.9696,0.0039278226219472126,0.004047574359613488,0.0001500366881517534,1.0
0.9706,0.003925885972051174,0.004225241695954746,0.000149237107321498,1.0
0.9715,0.003921649179380632,0.0038842211903743836,0.0001481500110936508,1.0
0.9725,0.003921999999999959,0.0040071705016464666,0.0001471298016530753,1.0
0.9735,0.003923851966632188,0.0040057558593100066,0.00014667955487893074,1.0
0.9744,0.0039182939597978104,0.003848351598622575,0.00014667023435577738,1.0
0.9754,0.003917359776803126,0.003965079682298661,0.000146692396895462,1.0
0.9764,0.00392626584052605,0.0041380445672122654,0.0001466021555957282,1.0
0.9773,0.003937911583077052,0.004192724552730249,0.00014613612431201971,1.0
0.9783,0.003920391771520759,0.0040175873212003384,0.00014546233310060917,1.0
0.9793,0.003927900099804227,0.0040023136433211155,0.00014472728924347518,1.0
0.9803,0.003959449147522032,0.004167252660252708,0.0001439504831596815,1.0
0.9812,0.003936568372565717,0.004115079724423559,0.00014347373609169565,1.0
0.9822,0.003925168715900517,0.0041346309324155365,0.0001433401448552597,1.0
0.9832,0.003928914722312374,0.0038200804560794945,0.0001433734879383172,1.0
0.9841,0.003927006869774523,0.0038472359248211767,0.00014326927922456476,1.0
0.9851,0.003930490528745437,0.0035959494893428247,0.00014275919359626202,1.0
0.9861,0.003940823524001553,0.003839213911547568,0.000141916924784119,1.0
0.987,0.003943000000000066,0.0037889569795315826,0.00014131546835065233,1.0
0.988,0.003963991836791204,0.004048494598394161,0.0001410640147650399,1.0
0.989,0.003951232862889595,0.003969306953382717,0.00014104313090027183,1.0
0.99,0.003950610912835714,0.00406163912072984,0.0001411944704704128,1.0
0.9909,0.003939791113842558,0.0038429300870569975,0.00014156466142511566,1.0
0.9919,0.003930241396814966,0.0039061126951682322,0.00014191829106653827,1.0
0.9929,0.003949119700985719,0.003913675407929575,0.00014177256770880236,1.0
0.9938,0.0039548205412949,0.0039011424549500917,0.00014121016860239895,1.0
0.9948,0.003931983342563781,0.0037138317746754908,0.00014101779278542952,1.0
0.9958,0.003949359867174001,0.0039944238324021945,0.00014184564711853552,1.0
0.9968,0.003940655937385978,0.0040105559943370535,0.00014237504169699702,1.0
0.9977,0.003934900859845926,0.0037676752407658407,0.00014153884992929825,1.0
0.9987,0.003937378106267169,0.004157416416318581,0.00014073461762774647,1.0
0.9997,0.003931674181366842,0.003730082424455136,0.00014089206428905167,1.0
1.0006,0.003926070726911592,0.003943344886795514,0.00014064459386988907,1.0
1.0016,0.003933323740044586,0.0038259287990911636,0.00013941978486976486,1.0
1.0026,0.003979748186671983,0.004248020839157064,0.00013802872490408552,1.0
1.0035,0.003961876819376027,0.003846937628156842,0.0001371209929620596,1.0
1.0045,0.003972133436624399,0.003816796579348625,0.0001367713352177857,1.0
1.0055,0.00396795774735298,0.004252830936787123,0.00013673133749625177,1.0
1.0065,0.003946431565113102,0.003999620326025196,0.00013650507731460853,1.0
1.0074,0.003939000000000046,0.0040203827244317,0.00013600102334385358,1.0
1.0084,0.003942336921292291,0.004012907404120182,0.00013554561529276725,1.0
1.0094,0.003940774441417152,0.004022576063351339,0.00013519971416335328,1.0
1.0103,0.003940000000000056,0.003920856345423917,0.00013499733597700033,1.0
1.0113,0.0039399999999999895,0.003734957727215451,0.00013482579587701925,1.0
1.0123,0.003928000000000081,0.004025405847054065,0.0001346542362692273,1.0
1.0132,0.003929866315315917,0.0038510635770064748,0.00013483464054409174,1.0
1.0142,0.003943905244953263,0.0040364838685356345,0.00013535050215807932,1.0
1.0152,0.0039588683977061995,0.003988748534983738,0.0001356127411703324,1.0
1.0162,0.003954298203053292,0.003891440797719748,0.0001351952136919076,1.0
1.0171,0.00393439884701958,0.0038945125518470153,0.00013450470129305385,1.0
1.0181,0.003931713337053027,0.003985823158947057,0.00013406050108685324,1.0
1.0191,0.0039354075206852294,0.003926373192599677,0.00013385860033632825,1.0
1.02,0.003941261828655009,0.004039165360794546,0.00013373683843644394,1.0
1.021,0.003940680463404247,0.0038481141283545134,0.0001334464964883532,1.0
1.022,0.003925176097596469,0.004066707996457304,0.0001328944652860723,1.0
1.0229,0.003944960421038626,0.00392687011186959,0.00013215803522006767,1.0
1.0239,0.003929728783401139,0.003925586568644462,0.00013163875785257326,1.0
1.0249,0.0039283700212900665,0.004115883606819953,0.00013170744618703638,1.0
1.0258,0.003934335885310691,0.003906356154499178,0.0001322852886911025,1.0
1.0268,0.003950794638014639,0.003937952140024631,0.0001328663631431581,1.0
1.0278,0.003948135914261039,0.004116685851876745,0.00013285543737519617,1.0
1.0288,0.003928844883530054,0.003967768196733925,0.0001322104363451914,1.0
1.0297,0.003924232206774809,0.003872214662209085,0.00013169804875700435,1.0
1.0307,0.0039264302714875935,0.0037104546093198413,0.00013194433899181346,1.0
1.0317,0.003934403309198515,0.00394601209470014,0.0001324579741106189,1.0
1.0326,0.003938873463002528,0.0037794397865744452,0.00013277013995707297,1.0
1.0336,0.003934273410649548,0.004075493079009025,0.00013300819908148304,1.0
1.0346,0.003931995399874845,0.0038074496713496942,0.0001327128453376235,1.0
1.0356,0.003929717660647511,0.0038633149342235016,0.00013166590101813542,1.0
1.0365,0.003926334956210264,0.003861501967647319,0.0001307174562822896,1.0
1.0375,0.00392258694934519,0.003821157811548816,0.000130153398994501,1.0
1.0385,0.0039201140060078155,0.0038556953492881454,0.00012986728183659582,1.0
1.0394,0.003922904264801959,0.0039336188109688214,0.0001295765599386332,1.0
1.0404,0.00391846453172693,0.0035805108538065383,0.00012905137648156257,1.0
1.0414,0.003913754036731706,0.0038308177920217804,0.00012881777500574435,1.0
1.0423,0.003914353730862405,0.003805761663417086,0.000129385113170924,1.0
1.0433,0.003917591079025425,0.003912219561935836,0.00013011951919792043,1.0
1.0443,0.0039164522094117535,0.0039407807564232475,0.00012984802085110338,1.0
1.0452,0.00391542711814055,0.003744143450230687,0.00012876208124893882,1.0
1.0462,0.003917847548986613,0.00391093795795667,0.0001277071463630335,1.0
1.0472,0.003919850756860343,0.00389488080596884,0.00012703353417817012,1.0
1.0482,0.003912090910094616,0.0041374536244041995,0.00012681398074130277,1.0
1.0491,0.003911986285433353,0.003893903195649234,0.0001269665297618615,1.0
1.0501,0.003910999999999995,0.004141208780303786,0.0001271927210469721,1.0
1.0511,0.003911291589567581,0.003811842934732205,0.00012715746429789964,1.0
1.052,0.003911367358870679,0.004008659700461183,0.00012691753068842616,1.0
1.053,0.003909999999999939,0.003966764661347735,0.0001264414449483917,1.0
1.054,0.0039105934168874625,0.003738480670316338,0.00012575774687625458,1.0
1.0549,0.003915948065268932,0.0038461287581048765,0.00012534109553863595,1.0
1.0559,0.003911426222277704,0.004037988572200187,0.00012548928046967147,1.0
1.0569,0.003909000000000055,0.003957552164859622,0.0001264596828658555,1.0
1.0579,0.003909068227642057,0.003974459958285059,0.00012863861724303046,1.0
1.0588,0.003910999999999937,0.0038585025679031926,0.00013014785262354729,1.0
1.0598,0.003910801789520579,0.003997005923470841,0.0001285688896680337,1.0
1.0608,0.00390999999999994,0.003786792807408951,0.00012623236190173795,1.0
1.0617,0.003910000000000053,0.004062724485768511,0.00012490991109852923,1.0
1.0627,0.003909499393415387,0.003989915242330449,0.00012408460829070258,1.0
1.0637,0.003908999999999968,0.00397223774098025,0.00012359421055824492,1.0
1.0647,0.003911333738400914,0.0038945338916706986,0.00012346317736106242,1.0
1.0656,0.003911196995928562,0.004065998900634555,0.00012349839149034946,1.0
1.0666,0.0039091162526297945,0.003932289282624137,0.00012355730484316687,1.0
1.0676,0.003909000000000044,0.003716750323653787,0.00012365924421455546,1.0
1.0685,0.0039090000000000695,0.0038052361092015654,0.00012352736681447976,1.0
1.0695,0.0039090000000000825,0.003981693815338831,0.00012306368897983512,1.0
1.0705,0.003908999999999903,0.0037961315771748967,0.0001227082164824351,1.0
1.0714,0.0039090000000000435,0.004059004907982095,0.00012261836230938685,1.0
1.0724,0.003909000000000268,0.003959830479223881,0.00012276413962483682,1.0
1.0734,0.003909000000000054,0.0039056074385864043,0.00012311776632281568,1.0
1.0743,0.003909000000000021,0.004013931076068561,0.000123215038026276,1.0
1.0753,0.003909000000000095,0.003987075196867592,0.0001227976646340258,1.0
1.0763,0.003909000000000282,0.0038640704136898275,0.00012202252841055696,1.0
1.0773,0.003908873774167289,0.003801778517379854,0.00012135205496261326,1.0
1.0782,0.003908150321917121,0.003965832626359664,0.00012116067478965595,1.0
1.0792,0.0039090000000001285,0.003976229221280006,0.00012163493332333327,1.0
1.0802,0.003909000000000083,0.0038508704144024396,0.000122396178204221,1.0
1.0811,0.003909453288188922,0.003805517701138846,0.00012238496340035308,1.0
1.0821,0.003909407706423678,0.00403730704096826,0.00012146802194990264,1.0
1.0831,0.003909000000000006,0.0038311666072136474,0.00012059312626286707,1.0
1.0841,0.00390900000000002,0.003924725532697932,0.00012018995427670255,1.0
1.085,0.003909000000000052,0.003934523327165016,0.00012009327764919913,1.0
1.086,0.003909967009490138,0.004038166956387987,0.00011989546795871982,1.0
1.087,0.003909171800224832,0.0039072202923412765,0.00011952629972384423,1.0
1.0879,0.003912547326811388,0.0039045258748689883,0.00011932763636643529,1.0
1.0889,0.003919651821701327,0.0037970516262826543,0.00011935953909348195,1.0
1.0899,0.003911104707131496,0.0036400737988402034,0.00011938673202684233,1.0
1.0908,0.003909498914488311,0.0038755408754078753,0.00011918559130547227,1.0
1.0918,0.003943802557404309,0.0039650705121949325,0.00011880940576425185,1.0
1.0928,0.003927308334593742,0.003984260573380858,0.0001184917608968343,1.0
1.0938,0.003910598358945001,0.004036305675678372,0.0001182481335179232,1.0
1.0947,0.003909060388578072,0.003664400278291612,0.00011809684234846339,1.0
1.0957,0.003912921383190867,0.004064471331817855,0.00011819857617409621,1.0
1.0967,0.003911782513577217,0.004106519650979639,0.00011841139472849261,1.0
1.0976,0.003911242301723705,0.0037971625423779726,0.00011831502517422949,1.0
1.0986,0.003913521776516573,0.003773562639396119,0.00011793367350045336,1.0
1.0996,0.003920673823684655,0.003827591748885003,0.00011767208290061062,1.0
1.1005,0.003949498225627017,0.0038836268907021347,0.00011771657805722693,1.0
1.1015,0.0039501810983646425,0.004000364848305837,0.00011791359978436332,1.0
1.1025,0.00392046638643266,0.0038024844997852575,0.00011807147378426298,1.0
1.1034,0.003927847252674129,0.00395714052890726,0.00011808424114533291,1.0
1.1044,0.004052169477423645,0.004101793255630659,0.00011800902967423872,1.0
1.1054,0.003929007141321835,0.003881657032578777,0.0001180823404158651,1.0
1.1064,0.003922000000000073,0.0038906749532920944,0.00011804850796657678,1.0
1.1073,0.003923151504464545,0.0037450838515381076,0.00011761387853194003,1.0
1.1083,0.0039298334118924114,0.0040253415752140535,0.00011713949084550395,1.0
1.1093,0.0039321752997900266,0.0039032155089404443,0.00011688571524073821,1.0
1.1102,0.00392763987474738,0.004027591600807563,0.00011693104472413074,1.0
1.1112,0.003930373405560864,0.0037419557125030513,0.00011740639268608488,1.0
1.1122,0.003932867906314045,0.003971134067853041,0.00011767303373171821,1.0
1.1132,0.003929960541171268,0.00400527307278188,0.00011706681776022967,1.0
1.1141,0.003924382771103172,0.004006462861384204,0.0001164181433108854,1.0
1.1151,0.003971734139948707,0.004021155863745788,0.0001163083967810889,1.0
1.1161,0.003989382793504846,0.004110065333551894,0.0001163171329120651,1.0
1.117,0.003992999723336592,0.003991758250409126,0.00011606222339990578,1.0
1.118,0.003996398146644497,0.004198330476644283,0.00011572627737527223,1.0
1.119,0.003991441722270281,0.0038491372881378624,0.00011554087111712019,1.0
1.1199,0.00404002861606883,0.00396158579703313,0.00011536482441516851,1.0
1.1209,0.003977154841777191,0.0037868716411645444,0.0001151648224748222,1.0
1.1219,0.003946433015801415,0.003910090932839257,0.00011504880696092327,1.0
1.1228,0.003980684556051838,0.003884459037117309,0.00011504008800486133,1.0
1.1238,0.004009541872723944,0.0038973378950803352,0.00011521436428500557,1.0
1.1248,0.0039994802926482265,0.004106472596204564,0.00011557486855002783,1.0
1.1258,0.003979103474983922,0.004240851202685553,0.00011558030414194458,1.0
1.1267,0.003970862037545649,0.003877253085006066,0.0001150581780092281,1.0
1.1277,0.003975211210908387,0.003792871813754919,0.0001145257260615556,1.0
1.1287,0.003986904511801554,0.0038598040567563324,0.00011419255773122201,1.0
1.1296,0.003963435222617327,0.00394368385918804,0.00011400717502573378,1.0
1.1306,0.003934599644967159,0.003915109821667767,0.00011382008653526385,1.0
1.1316,0.003927163907444488,0.003953311270016409,0.00011353175629853288,1.0
1.1326,0.003972224073032059,0.003917933031115781,0.00011340008720075038,1.0
1.1335,0.00405886945079739,0.004183314927012934,0.00011353421169691365,1.0
1.1345,0.004086437973370227,0.004044021475531657,0.00011371595302137933,1.0
1.1355,0.0039622005598549115,0.004190631218774746,0.00011386303913575985,1.0
1.1364,0.004000932266304886,0.004091318764943743,0.000114179730608998,1.0
1.1374,0.004025714884335569,0.004077526755032618,0.00011473026894727174,1.0
1.1384,0.004009313926531735,0.004060541096391745,0.00011521894726439172,1.0
1.1393,0.004006186890691371,0.003831265562799662,0.00011527416436449773,1.0
1.1403,0.004002268711898133,0.0038970687517877133,0.00011471839127968412,1.0
1.1413,0.003982909726709834,0.003966342834699264,0.00011397983044435909,1.0
1.1422,0.003963236570043769,0.0038094607217775294,0.00011353761228009335,1.0
1.1432,0.00397518678427073,0.0037850713607602143,0.00011312669491994834,1.0
1.1442,0.004006109252486487,0.004047888302372493,0.00011254423650037184,1.0
1.1452,0.0040641823633667225,0.004125912888304199,0.00011209986151247923,1.0
1.1461,0.004067071925065457,0.004005619022686238,0.00011204229869486344,1.0
1.1471,0.004013079005665088,0.0038221857993896054,0.00011243519842696833,1.0
1.1481,0.00400351523207291,0.0041021096604929455,0.0001129663684497845,1.0
1.149,0.004000455470074376,0.004088619644025834,0.00011299770929840967,1.0
1.15,0.004020044960682306,0.004281686401640831,0.00011252368770358506,1.0
1.151,0.003981203359130343,0.0040428220173825274,0.00011205172265748252,1.0
1.1519,0.004007231262849343,0.003828421369857876,0.0001116902497600596,1.0
1.1529,0.004043805571553871,0.003916573860211767,0.00011140247977729178,1.0
1.1539,0.00404326295307833,0.003995920934569934,0.0001112524307962387,1.0
1.1549,0.004099340256606508,0.003977959134570536,0.00011123901038333286,1.0
1.1558,0.004140127425348127,0.003951435255245619,0.00011129545831005147,1.0
1.1568,0.004123042126214602,0.004191036021478329,0.00011151058661499155,1.0
1.1578,0.004080283996234939,0.004105739903497593,0.00011244092243804975,1.0
1.1587,0.004125154106748284,0.004065422459944171,0.00011434000354103759,1.0
1.1597,0.004118821543361121,0.0040607120695290684,0.00011577650641699324,1.0
1.1607,0.004052164046424414,0.0038570046477015064,0.00011496536267810755,1.0
1.1617,0.004097715097727169,0.004195977266727513,0.00011323270449870913,1.0
1.1626,0.004068839783270192,0.004053242496944902,0.00011241625089292265,1.0
1.1636,0.004010640675051645,0.004054087426721281,0.00011253822535050015,1.0
1.1646,0.003996708294427599,0.003894464729692353,0.0001122996249136723,1.0
1.1655,0.004048593892308279,0.003981016705023961,0.00011134568088795217,1.0
1.1665,0.004008649534316738,0.00403573284774569,0.00011068071511100798,1.0
1.1675,0.003970484576541016,0.003911166279475783,0.00011087753249552493,1.0
1.1684,0.004000218362569219,0.004002368568795008,0.00011194424274499289,1.0
1.1694,0.0040560833018482515,0.004190900252297774,0.00011265052352952292,1.0
1.1704,0.004089892350650934,0.004050545790958019,0.00011175522601905237,1.0
1.1713,0.00407249713253789,0.004245216394692694,0.0001105852319394435,1.0
1.1723,0.004085182797489505,0.004180065218215533,0.00011027172134416313,1.0
1.1733,0.0040863659813952305,0.004136272287452531,0.00011056112298088696,1.0
1.1743,0.00406310678672331,0.004052837168322986,0.00011085021947143416,1.0
1.1752,0.004049929550066413,0.0040267674768982575,0.00011109685606818973,1.0
1.1762,0.004037793445813093,0.0039018050254503037,0.00011200404508249296,1.0
1.1772,0.004017301600115102,0.003968411175746197,0.00011359232333491596,1.0
1.1781,0.003985912768471177,0.003965932492575934,0.00011448496213394654,1.0
1.1791,0.004012101187112981,0.004001367206811997,0.00011383511952395739,1.0
1.1801,0.0040280240859463246,0.003820517911365715,0.00011222944318678885,1.0
1.1811,0.003997113709477918,0.004120700491356181,0.00011084977779833078,1.0
1.182,0.00398664955516728,0.004020331718809574,0.00011021131637812633,1.0
1.183,0.003994305768779954,0.0040731550381259,0.0001100138689559829,1.0
1.184,0.004021199820620705,0.003919714201923918,0.00010982405906615576,1.0
1.1849,0.0040600648655816475,0.00419450086528952,0.00010955985220608814,1.0
1.1859,0.004029882168346392,0.004144690891124012,0.00010941828916071386,1.0
1.1869,0.003974264324205634,0.004012467658470297,0.00010985332871450445,1.0
1.1878,0.003980545503774851,0.004154856855130503,0.0001110815846938799,1.0
1.1888,0.003998773996296624,0.0037493814152625236,0.0001120926381886491,1.0
1.1898,0.004016697120840324,0.0040205829571005325,0.00011141872835057894,1.0
1.1908,0.004022341189043386,0.004072283287112383,0.00010995589312834796,1.0
1.1917,0.004015713630554498,0.004127922727840856,0.0001091006845187105,1.0
1.1927,0.003994326345736732,0.004237307266058745,0.00010890579607420417,1.0
1.1937,0.003991326929452846,0.004188580450796609,0.00010900504015262995,1.0
1.1946,0.003998679779999713,0.003986525365326865,0.0001091620210369321,1.0
1.1956,0.003997814163972715,0.003914158375299602,0.00010947815866518571,1.0
1.1966,0.003977479263618361,0.0038988934422532037,0.00011018826060477156,1.0
1.1975,0.00394899211235196,0.003859925761475639,0.00011093658665668163,1.0
1.1985,0.0039464478248126215,0.003840845555172417,0.00011104319118748003,1.0
1.1995,0.0039801130110581695,0.003984979993599602,0.00011055585018282873,1.0
1.2004,0.00399993842033268,0.003924230229646135,0.00010984141559714685,1.0
1.2014,0.003986459999327616,0.004128827785140099,0.00010925429813804105,1.0
1.2024,0.003948717285989442,0.0040311455700446225,0.00010895615953884636,1.0
1.2034,0.003955655240078505,0.0038078006216530212,0.0001087681406115643,1.0
1.2043,0.0039528183307082606,0.004074915209069528,0.00010859101839358629,1.0
1.2053,0.003935877476303282,0.004034909653495052,0.00010847353989613328,1.0
1.2063,0.00394004332623675,0.004049949194087513,0.00010840708638652727,1.0
1.2072,0.0039417197928055345,0.004131298550399215,0.00010836499389767475,1.0
1.2082,0.0039339706644393535,0.003992378783401769,0.00010837646076415221,1.0
1.2092,0.003923382547808757,0.0038734916871884933,0.00010837404768273913,1.0
1.2102,0.00392138708015555,0.004035250311979671,0.00010827018175865075,1.0
1.2111,0.003923000000000023,0.003906365663946936,0.00010812629815531932,1.0
1.2121,0.003944925984862743,0.00398709854499462,0.00010806502571502644,1.0
1.2131,0.0039320085080509146,0.0038677981120498104,0.00010810044465236708,1.0
1.214,0.003926367835929088,0.003959065722768922,0.00010806581259506535,1.0
1.215,0.003924215147909134,0.00376002021278311,0.00010796451601994385,1.0
1.216,0.003924201460931737,0.003900912168285265,0.00010786606767290584,1.0
1.2169,0.003926539300139771,0.003835215861774707,0.00010775106964209509,1.0
1.2179,0.003920849443248735,0.00407075315159965,0.00010765788101210297,1.0
1.2189,0.00391663101903611,0.003732558764926539,0.00010765421688575606,1.0
1.2198,0.003915605927764941,0.0037811854519341293,0.00010766530212399349,1.0
1.2208,0.003917132310489354,0.0039438134321756885,0.00010762391074901026,1.0
1.2218,0.003916312211056193,0.004024559381062272,0.00010758455559709038,1.0
1.2228,0.003912569909886723,0.003801022019704401,0.00010760878212752859,1.0
1.2237,0.0039245235741338065,0.0038272324976778094,0.00010768451018936319,1.0
1.2247,0.003992242895243826,0.004045995644027362,0.00010776256072446555,1.0
1.2257,0.0039204361002841935,0.0040209481520742316,0.00010800683467343899,1.0
1.2266,0.003915310643928432,0.0038126294058407383,0.00010833051268975511,1.0
1.2276,0.0039112764259919925,0.003988879189715541,0.00010836721759361397,1.0
1.2286,0.0039132438217892,0.004145978618222863,0.00010800211382706428,1.0
1.2296,0.003913339569369925,0.0037893678461407075,0.000107649265182773,1.0
1.2305,0.003911421431852036,0.0038894165263224437,0.00010757947329484171,1.0
1.2315,0.0039124351470704016,0.0037243907596119755,0.0001077425496558076,1.0
1.2325,0.00391214453118921,0.0039286552542093355,0.00010794592814921985,1.0
1.2334,0.0039102392090642245,0.003915650025067236,0.00010796936994910123,1.0
1.2344,0.00391001940085495,0.0038167584964599517,0.00010773574265426976,1.0
1.2354,0.003911949622812537,0.003914653935988444,0.00010745686509222782,1.0
1.2363,0.003916816638260062,0.0038181341834756747,0.00010732648596366831,1.0
1.2373,0.0039140679976948185,0.0037668522258417865,0.00010730433220460192,1.0
1.2383,0.003909539902211248,0.0037867476155901496,0.0001073205178458459,1.0
1.2392,0.003909000000000246,0.0037922209414667073,0.00010736377931768366,1.0
1.2402,0.003908999999999986,0.003862871745359316,0.00010743271076411295,1.0
1.2412,0.003909000000000047,0.00391661605317885,0.00010752474208094981,1.0
1.2422,0.0039090000000000825,0.003954440542100261,0.00010763750554493293,1.0
1.2431,0.003909000000000037,0.003925709191694257,0.00010777178942371387,1.0
1.2441,0.003909064891380751,0.003881762167804159,0.00010793022088149957,1.0
1.2451,0.003909796103232112,0.003989795551870871,0.00010801816114203398,1.0
1.246,0.003909000000000077,0.0037243305072875038,0.00010792514192442587,1.0
1.247,0.003909000000000044,0.004057388002268271,0.0001077322619935633,1.0
1.248,0.003909505724088142,0.0040309224785569425,0.00010763318221629493,1.0
1.2489,0.003909999999999911,0.0038924796322755547,0.0001076560506305544,1.0
1.2499,0.003909330315027208,0.0038225936910418765,0.00010786566560663662,1.0
1.2509,0.003908999999999914,0.0039574318675357,0.00010844620444130836,1.0
1.2519,0.00390805244002632,0.00391726448654294,0.0001091456361618666,1.0
1.2528,0.003908971544701883,0.0037813914570251355,0.00010927971534273514,1.0
1.2538,0.003909221035359866,0.0038470886509168775,0.00010874023485720574,1.0
1.2548,0.003911498774587145,0.00396976541116739,0.00010810585559512099,1.0
1.2557,0.0039121765643057626,0.00408312646781259,0.00010776693312385473,1.0
1.2567,0.0039095865160479176,0.004065376603481172,0.00010764529599619907,1.0
1.2577,0.003909000000000232,0.003923181455456863,0.00010760529189604054,1.0
1.2587,0.0039090000000000765,0.004059705064912095,0.00010763794329715915,1.0
1.2596,0.003908284688728051,0.0040380377280428295,0.00010768812266189223,1.0
1.2606,0.003908000000000058,0.0038393012724642745,0.00010765040387698382,1.0
1.2616,0.003908000000000199,0.0039846225216472065,0.00010757558276056402,1.0
1.2625,0.003908018256750596,0.003877518716925394,0.00010759681511458121,1.0
1.2635,0.003908999999999986,0.0038879491263071643,0.00010773383903513754,1.0
1.2645,0.003909295013592894,0.003888100238454213,0.00010782339023562006,1.0
1.2654,0.003909679895136075,0.003949560109451698,0.00010781056048927383,1.0
1.2664,0.0039085410255223765,0.0038146745353702643,0.00010786802222060957,1.0
1.2674,0.0039079999999998465,0.0038502073245798097,0.00010795188630977978,1.0
1.2683,0.003907999999999991,0.003907453901447081,0.00010788311225576967,1.0
1.2693,0.003908000000000067,0.004057646420789552,0.00010771388923479741,1.0
1.2703,0.003908899807184894,0.003912788040522731,0.00010759383021880841,1.0
1.2713,0.003909000000000094,0.0039644906240520585,0.00010758604824097252,1.0
1.2722,0.0039089999999999915,0.003857669555899528,0.00010765756488074322,1.0
1.2732,0.0039089999999998536,0.00383724517629279,0.00010779923710909088,1.0
1.2742,0.0039090000000000635,0.004037102511543882,0.00010797737537219096,1.0
1.2751,0.0039086344046106196,0.004135889680789313,0.00010810234912442839,1.0
1.2761,0.003907999999999883,0.003842222095774637,0.00010812629605848254,1.0
1.2771,0.003908643470390432,0.004011025881208802,0.0001080611501093209,1.0
1.2781,0.003908999999999951,0.0039053166974452637,0.00010798924304989884,1.0
1.279,0.003909000000000192,0.0038260922811118965,0.00010796036353772856,1.0
1.28,0.00390900000000004,0.003911520677115115,0.00010812682115446627,1.0
1.281,0.003909084303097619,0.004113883644031874,0.00010872795436607485,1.0
1.2819,0.003910218539831257,0.003932146340908101,0.00010995296620020378,1.0
1.2829,0.003911999999999819,0.0039756984946721086,0.0001116513612017456,1.0
1.2839,0.003912000000000094,0.00387066870931731,0.00011302988328621012,1.0
1.2848,0.0039124112216889035,0.004035310903776225,0.00011321239390915253,1.0
1.2858,0.0039135500913024595,0.004009577048392613,0.00011203440498519296,1.0
1.2868,0.003913999999999763,0.003950742509699771,0.00011035250829779626,1.0
1.2878,0.003913999999999822,0.004057702596661378,0.0001094990375605795,1.0
1.2887,0.003914851918622224,0.00392030501913402,0.00010977116707908997,1.0
1.2897,0.003914009075990473,0.003835246712000348,0.00011044551814525048,1.0
1.2907,0.003913610619129866,0.0039046893684090444,0.00011080162106801883,1.0
1.2916,0.0039108451151053545,0.0038714403549630254,0.00011058272057777007,1.0
1.2926,0.003910000000000134,0.003957217783819019,0.00011008133952322405,1.0
1.2936,0.003911294862829743,0.00416040349650921,0.00010961303661759052,1.0
1.2945,0.003913000000000002,0.004008294754867912,0.00010930814545919886,1.0
1.2955,0.003917765740813983,0.004065549730220417,0.00010902282685170253,1.0
1.2965,0.003917327063923515,0.003885503156161932,0.00010871677335827539,1.0
1.2974,0.003922829328100766,0.003933728593350455,0.0001085138127489263,1.0
1.2984,0.003927692634764942,0.0038165204547043973,0.00010846015188446399,1.0
1.2994,0.003930781512788342,0.0038021365368902014,0.0001084613300492433,1.0
1.3004,0.003923947480464542,0.0038105151112828705,0.00010844349150317982,1.0
1.3013,0.003917796932837422,0.003794385370248206,0.00010846210969845687,1.0
1.3023,0.00391266100529123,0.003885595535890177,0.00010861217578322509,1.0
1.3033,0.003914863483454885,0.003901175878119339,0.00010885613926783918,1.0
1.3042,0.003920511692568498,0.003970842132725106,0.00010893830772411422,1.0
1.3052,0.003915946710599422,0.004042662100569835,0.00010883653717979464,1.0
1.3062,0.003910439572970771,0.003940323841213055,0.00010878788438339467,1.0
1.3072,0.003912757249384642,0.003922924629033889,0.00010887102455239996,1.0
1.3081,0.003913943100253344,0.003664163219129442,0.00010901092629205298,1.0
1.3091,0.003912917959165444,0.004057415447585149,0.00010917681482486004,1.0
1.3101,0.003912220910448069,0.0038936068590040276,0.00010953062806156226,1.0
1.311,0.003913738005158075,0.00395524220383489,0.0001102132966208478,1.0
1.312,0.003918307414605012,0.0037287812145604545,0.00011104554381113602,1.0
1.313,0.003925659164376612,0.003911576314968721,0.00011129258194685421,1.0
1.3139,0.00393721743558887,0.003877325955306626,0.00011087266370222132,1.0
1.3149,0.003926142304909169,0.004098354830186316,0.00011048194092121719,1.0
1.3159,0.003912220071718656,0.003906387060106239,0.00011010513808221765,1.0
1.3168,0.003912701590622807,0.0038491644321571937,0.0001096950575711466,1.0
1.3178,0.003926841445037591,0.003987784198098025,0.00010949195768769534,1.0
1.3188,0.003930107280479385,0.0038693558119085444,0.00010956441666001808,1.0
1.3198,0.003924533073494591,0.0040149544195190135,0.00010986836222400312,1.0
1.3207,0.003928333024148799,0.003950947508789446,0.00011025431928449257,1.0
1.3217,0.003931847511839102,0.004044286361393784,0.00011045668005668328,1.0
1.3227,0.00392501801415485,0.004004587800394959,0.00011031961995952695,1.0
1.3236,0.003924373821354139,0.003881415632545783,0.0001099950099448083,1.0
1.3246,0.0039399141740907246,0.003911630098727002,0.00010974615428418424,1.0
1.3256,0.003948485321357525,0.004069400897670795,0.00010968568642415327,1.0
1.3266,0.003946979600093903,0.0038554814542312104,0.00010987453767111364,1.0
1.3275,0.003944894246775154,0.00395906173056963,0.00011038427345380064,1.0
1.3285,0.003944251049571818,0.00407406430996137,0.00011107037815543404,1.0
1.3295,0.003962800681824683,0.0038020348664460405,0.00011143816794495715,1.0
1.3304,0.003983371185441907,0.004126823459331284,0.00011134464056265311,1.0
1.3314,0.003991428371794483,0.004064294751323961,0.00011124377609866826,1.0
1.3324,0.003989928530531383,0.0038096980997208525,0.00011133427021504107,1.0
1.3333,0.004000778917282289,0.0038553565250108407,0.0001114093383938844,1.0
1.3343,0.0039792158036980226,0.003866928921987062,0.00011144904933996561,1.0
1.3353,0.003946245836644809,0.00382081073682747,0.00011156697865836617,1.0
1.3362,0.003945883824272388,0.004017108973614542,0.00011173221760386371,1.0
1.3372,0.003962404127335688,0.004125637085660256,0.00011201536651714247,1.0
1.3382,0.003968093240924788,0.004019272782852683,0.00011244700358851432,1.0
1.3392,0.003983802567883983,0.004011542204390709,0.00011300983069194259,1.0
1.3401,0.0040160996004596035,0.003942448494230513,0.00011353036715643853,1.0
1.3411,0.004022002867487951,0.004035413768680033,0.0001137624625948251,1.0
1.3421,0.003985896445915189,0.003985942664527604,0.00011371236890240316,1.0
1.343,0.0039736849310118855,0.0040309897167788745,0.00011340288891743144,1.0
1.344,0.004004467345748404,0.004115970585307322,0.00011282032791471897,1.0
1.345,0.0040263991546283205,0.003977955973646081,0.00011234524244696619,1.0
1.3459,0.004012186923467964,0.004039711865068889,0.00011241997422556447,1.0
1.3469,0.004023747471519547,0.004176943391236784,0.00011270944864368107,1.0
1.3479,0.0040188287061895195,0.004011962784576779,0.00011268022751073462,1.0
1.3489,0.003999115109359098,0.003941587294670523,0.00011285538618233016,1.0
1.3498,0.003983856470738021,0.0041424503140370305,0.00011350323193282852,1.0
1.3508,0.003995210333613397,0.003977192171682263,0.00011378826133703493,1.0
1.3518,0.004015003876288512,0.004246896731282502,0.00011350944766011758,1.0
1.3527,0.0040426414633307544,0.004107308405839959,0.00011330617765281546,1.0
1.3537,0.004133561467242435,0.00399138160491467,0.00011333183084710774,1.0
1.3547,0.004034626928577205,0.003914653737788241,0.00011340265616746365,1.0
1.3557,0.004001371820019703,0.004086377931844668,0.00011328988625390936,1.0
1.3566,0.004122352655780041,0.0041429366629741485,0.00011303477368866614,1.0
1.3576,0.0042623683925278166,0.004295336357045662,0.00011286336644007617,1.0
1.3586,0.004084868857763789,0.003932794685642408,0.00011296380684186087,1.0
1.3595,0.004052578414995236,0.004123497913705995,0.00011324732753264701,1.0
1.3605,0.00403506898667105,0.004071805564636389,0.00011358805280609704,1.0
1.3615,0.0040317656300224575,0.004058440338819631,0.00011380711416317211,1.0
1.3624,0.004056502381135133,0.003958786965432989,0.00011387069086076231,1.0
1.3634,0.004056598089787263,0.004149324148837524,0.00011394868096295599,1.0
1.3644,0.004053875156228797,0.00419424857093324,0.000113941680047706,1.0
1.3654,0.004023993452658752,0.0039641589233375355,0.00011380121939905448,1.0
1.3663,0.003982652574621752,0.004003853996242694,0.00011382316458014026,1.0
1.3673,0.004013846096833107,0.003968408768988761,0.00011416777662323455,1.0
1.3683,0.004157932531613217,0.004002749493699803,0.00011458824042290811,1.0
1.3692,0.004173577818729355,0.004012419097083411,0.0001145717886166867,1.0
1.3702,0.004110217006135907,0.004119539171927208,0.00011423097329502878,1.0
1.3712,0.004147686314984771,0.004072603226647455,0.00011405159300873565,1.0
1.3721,0.004190537375569659,0.004066782701736017,0.00011416026670296483,1.0
1.3731,0.004112539512469339,0.004106155709259727,0.00011439630361254436,1.0
1.3741,0.00400499054514698,0.003804212923580832,0.00011439940118982653,1.0
1.3751,0.004027807474314361,0.004163286947474532,0.00011423422321785016,1.0
1.376,0.004078841930502403,0.004021446372796577,0.00011414348306345565,1.0
1.377,0.004097598436574732,0.0039771464423766474,0.00011404961982762897,1.0
1.378,0.004089981466115146,0.004071267465080573,0.0001138965845418798,1.0
1.3789,0.0040664856667138646,0.004151185025732361,0.00011377223887904809,1.0
1.3799,0.004036107645438964,0.004002531214948662,0.0001137553651606208,1.0
1.3809,0.004025628586023965,0.004124268667455815,0.00011393404086235989,1.0
1.3818,0.004025867944765183,0.003861761915407396,0.00011429760850657973,1.0
1.3828,0.004030034052559978,0.004203334735537445,0.0001146583940711068,1.0
1.3838,0.004041208509302072,0.004090989669205639,0.00011484511865232168,1.0
1.3848,0.0040836255675295976,0.004114051360786578,0.00011488427850769468,1.0
1.3857,0.004112382716602384,0.004125656381038471,0.00011497382248193515,1.0
1.3867,0.004102047058279146,0.0040503135029571645,0.00011527004088441575,1.0
1.3877,0.004082212258322834,0.004019782625569698,0.00011576540631463552,1.0
1.3886,0.004070505778831936,0.004070969175539972,0.00011639775018975952,1.0
1.3896,0.004058006307128161,0.0038965962153758023,0.0001174766753195434,1.0
1.3906,0.004040786495686568,0.004002919554723054,0.00011924837796137501,1.0
1.3915,0.004028038776510654,0.004123013281999583,0.00012091035976736482,1.0
1.3925,0.004043890477316131,0.004126776561907942,0.00012132363584445809,1.0
1.3935,0.004056196573209568,0.0041720104297775715,0.00012041109071976384,1.0
1.3944,0.004035048959953528,0.004112874567960648,0.00011896249528828085,1.0
1.3954,0.004024085359960039,0.004201131529722091,0.00011778370343265802,1.0
1.3964,0.004058698054910876,0.004274504394145819,0.0001174833857151223,1.0
1.3974,0.004087314238373653,0.004084581336356234,0.00011782119247673471,1.0
1.3983,0.00408115857023095,0.003928628293822288,0.00011796568670221682,1.0
1.3993,0.00411972307123512,0.003974764895653258,0.00011802840468502933,1.0
1.4003,0.004105782801391341,0.003968567225009047,0.00011825880260505078,1.0
1.4012,0.004114549677490066,0.0040121889841487,0.00011831549878331879,1.0
1.4022,0.004086652325001954,0.00397772738156855,0.00011795143565628082,1.0
1.4032,0.004062406225973297,0.004064161732733271,0.00011727464835706189,1.0
1.4042,0.004068237355590638,0.003860126201707134,0.00011677576036334917,1.0
1.4051,0.0041183840625562025,0.004016512727739721,0.00011694761104014116,1.0
1.4061,0.004159077527821679,0.004057815812337977,0.00011789392942875351,1.0
1.4071,0.0041274735908248174,0.004099319076431973,0.00011931490584434916,1.0
1.408,0.00406497100246801,0.004270050998918476,0.00012055653815455719,1.0
1.409,0.004043318817538439,0.00397481706113196,0.00012092674689058755,1.0
1.41,0.004040061617466736,0.003951413801969145,0.0001205210688976273,1.0
1.4109,0.004037013656346758,0.003976425982579122,0.00012001719089453641,1.0
1.4119,0.004044301825513574,0.0038619994334187983,0.00011964850756998712,1.0
1.4129,0.0040970036637777195,0.004203687692451925,0.00011930970093663075,1.0
1.4139,0.004189956732443643,0.004121356723906842,0.0001189761641112211,1.0
1.4148,0.004232353081279598,0.004095686399223156,0.00011902839500478459,1.0
1.4158,0.004172136704316673,0.004321186427275523,0.00011977898452401196,1.0
1.4168,0.004060246174805937,0.0040159808867430416,0.00012056005126969553,1.0
1.4177,0.0040654049896833395,0.004121333028339626,0.0001206380562702036,1.0
1.4187,0.0041255066601137095,0.004264204063133032,0.00012022244254343858,1.0
1.4197,0.0041978062743446235,0.004165764632522898,0.00011978466525459751,1.0
1.4206,0.004269756244520492,0.004408783466597157,0.0001195548614359783,1.0
1.4216,0.004294492838718426,0.0042520949863880525,0.0001196858036785739,1.0
1.4226,0.004242926710629955,0.004289952571347636,0.00012035188889677116,1.0
1.4236,0.004154242774424599,0.004206599282268408,0.00012106532340603071,1.0
1.4245,0.004069837612108832,0.0038932956189378044,0.00012120410954149403,1.0
1.4255,0.004042181669699819,0.003998847584048713,0.00012099489226563319,1.0
1.4265,0.004031618747554828,0.0038782028403633964,0.00012088612792567783,1.0
1.4274,0.004020484737982194,0.003955457169876337,0.00012100627778635223,1.0
1.4284,0.0040002975469430515,0.004061306063602408,0.00012105588378706489,1.0
1.4294,0.003982705776692536,0.003794349811439246,0.00012073898025652733,1.0
1.4303,0.0039929566894043485,0.003988914249467433,0.00012037454061144628,1.0
1.4313,0.004009274904159801,0.003903587688320311,0.00012032992751054263,1.0
1.4323,0.004047924759067419,0.00396072889876645,0.00012058521421729799,1.0
1.4332,0.004072205007479334,0.004013149710585336,0.00012074105271290269,1.0
1.4342,0.004040419406082746,0.004077743594670169,0.00012058512419819185,1.0
1.4352,0.003987660520809923,0.0039314980383128514,0.00012061621957588326,1.0
1.4362,0.003983958143134285,0.003992722405826979,0.00012152339212654545,1.0
1.4371,0.0039969130829570565,0.004200340433715587,0.00012265226544059328,1.0
1.4381,0.004050792899634015,0.004169825638162862,0.00012291073313840787,1.0
1.4391,0.0041418379603149974,0.004196302122683626,0.00012242096112712546,1.0
1.44,0.0041163271617151095,0.004138669259404481,0.00012198266054924925,1.0
1.441,0.004013879340586476,0.003930227403533427,0.00012174199192073301,1.0
1.442,0.003998020505564456,0.0039746503731533725,0.00012134964448180738,1.0
1.4429,0.003976899092498488,0.003975474950841209,0.00012061367548355759,1.0
1.4439,0.0039689260547872696,0.004089626232385396,0.00011987053557887985,1.0
1.4449,0.003986908929255327,0.003913394114578762,0.000119513928137475,1.0
1.4459,0.004016496679354094,0.003929172630106934,0.0001196531595085756,1.0
1.4468,0.004012920332437112,0.004137987155234839,0.00012001203614500234,1.0
1.4478,0.004004589152151506,0.0041541080166088065,0.00012028875572115644,1.0
1.4488,0.00399346777976319,0.003911416173117853,0.00012055672005248404,1.0
1.4497,0.00402587928540834,0.004092726503115716,0.00012107129944672618,1.0
1.4507,0.004005362024676552,0.00402577632255649,0.00012157322047487121,1.0
1.4517,0.004007384896697747,0.004208849947119868,0.00012151612588747082,1.0
1.4527,0.0040120271954498495,0.004159772917533624,0.00012113058479859403,1.0
1.4536,0.004011594265010215,0.0037918995278865826,0.00012101936182611746,1.0
1.4546,0.004057192499617043,0.003932805076646816,0.000121426761285906,1.0
1.4556,0.004100503258516156,0.004285304514685068,0.00012210908564795741,1.0
1.4565,0.004123542279636767,0.003930785611093925,0.0001225191714138739,1.0
1.4575,0.004087779989023188,0.004153292909614575,0.00012271920271104,1.0
1.4585,0.004044731469226099,0.004089728747768256,0.00012345746573000092,1.0
1.4594,0.00399539447238729,0.003950948067200063,0.00012535418044123963,1.0
1.4604,0.0039992574366436735,0.004054983604266977,0.00012815791932688775,1.0
1.4614,0.003983201675102182,0.003971403423527777,0.00012962199663544795,1.0
1.4624,0.003952789545955324,0.003748590050721824,0.00012826896617569074,1.0
1.4633,0.003937268910019063,0.004070899860954765,0.00012599718667245926,1.0
1.4643,0.003927503084916929,0.0041112959861099654,0.00012487614894018774,1.0
1.4653,0.0039298039359959396,0.0037686915087373233,0.00012501966006326306,1.0
1.4662,0.0039485454301333815,0.003985149856713387,0.00012548118476756823,1.0
1.4672,0.003973229899470502,0.003870667661084754,0.00012615956035984694,1.0
1.4682,0.0039861236980325366,0.003989033861682017,0.0001271648773419042,1.0
1.4691,0.004024280149212212,0.0037668076187175165,0.00012781122521754784,1.0
1.4701,0.004032163288316257,0.004083944472298444,0.0001270520450348259,1.0
1.4711,0.004005659339496439,0.004040253490880133,0.0001253332630339097,1.0
1.4721,0.003947923455344829,0.004090961653019061,0.00012373430873969924,1.0
1.473,0.003922528502480461,0.003996339126150595,0.0001226503095258799,1.0
1.474,0.0039345792834861336,0.0038330304152028186,0.00012221706624301033,1.0
1.475,0.003988823735508908,0.004181533913648704,0.00012212014087806743,1.0
1.4759,0.004026088534083519,0.003903871119807632,0.00012209729712383242,1.0
1.4769,0.003982433783868662,0.0039584979668067,0.00012227070493591,1.0
1.4779,0.0039806390671088075,0.0036194208913076236,0.0001226820377562919,1.0
1.4788,0.00404164700449463,0.004256590425767609,0.0001230262072991304,1.0
1.4798,0.004162863835328288,0.00409165361074067,0.0001230617484631838,1.0
1.4808,0.004215384557206908,0.0043340856657665405,0.00012298140125357825,1.0
1.4818,0.004203597264961161,0.004419608638305602,0.00012292621979776924,1.0
1.4827,0.004119963630389753,0.004127191447938487,0.00012292440048158946,1.0
1.4837,0.003987515485985041,0.003969568953494869,0.00012316910203427457,1.0
1.4847,0.003933494790114147,0.003833972764036912,0.00012374963849234175,1.0
1.4856,0.0039216640395248106,0.0035907712270794494,0.0001246196896704233,1.0
1.4866,0.003919680567270058,0.0038643205689276113,0.0001257520495133788,1.0
1.4876,0.003949301773574612,0.004010719678483212,0.0001269440470524352,1.0
1.4885,0.004011462339631628,0.0038186975494672055,0.00012776508054619787,1.0
1.4895,0.0040219783878544324,0.004116433236902419,0.00012858810530386826,1.0
1.4905,0.003957655279207384,0.003918095794319933,0.0001294648439639374,1.0
1.4914,0.003928576243320147,0.003883837698045355,0.0001288481071535742,1.0
1.4924,0.003920569794664651,0.004009428812473916,0.00012672154245489027,1.0
1.4934,0.003920000000000004,0.004012212371470287,0.0001247198810949945,1.0
1.4944,0.003940632259707751,0.0041853686286424325,0.00012370161540917527,1.0
1.4953,0.004016841084960379,0.00429932810285119,0.000123337696767437,1.0
1.4963,0.003973375087416549,0.0038889035684143217,0.0001232249550662957,1.0
1.4973,0.003915268257557731,0.003912690687909117,0.00012335203522082918,1.0
1.4982,0.003910585354285843,0.003968991167168595,0.00012381532359989915,1.0
1.4992,0.00391000000000003,0.0038814330174620298,0.00012448564729813114,1.0
1.5002,0.003909999999999987,0.004107386966140004,0.0001253937830958138,1.0
1.5012,0.003911662780657507,0.0037291427491957575,0.00012698950132032373,1.0
1.5021,0.003913712963199835,0.0037614742284907614,0.00012897907573945162,1.0
1.5031,0.003912011291069962,0.003920458160365835,0.00012977986744230056,1.0
1.5041,0.003911133217648713,0.004175955500877254,0.00012864425348535838,1.0
1.505,0.003914532942717561,0.0038988412348935427,0.00012683748579907098,1.0
1.506,0.003952379773185622,0.003891856968562188,0.0001254928383900766,1.0
1.507,0.004026574988988628,0.00390750602277701,0.00012502096210119975,1.0
1.5079,0.004056293507546828,0.004047799583257248,0.00012506113237255298,1.0
1.5089,0.004071392274643615,0.0038637127917518065,0.00012500090950682492,1.0
1.5099,0.004052859662779318,0.003894262756296492,0.00012482642383459072,1.0
1.5109,0.004019566517788591,0.004069373678386866,0.00012483975365794921,1.0
1.5118,0.003969992497142056,0.0038806748690083975,0.00012525973794434345,1.0
1.5128,0.003929920322878796,0.003817437824319463,0.0001263962199621096,1.0
1.5138,0.003926211560520879,0.003900320319811855,0.00012846995788275936,1.0
1.5147,0.0039169803239044254,0.003921647414183878,0.0001310861991679542,1.0
1.5157,0.003912314390334508,0.0038357773879832526,0.00013328564367373307,1.0
1.5167,0.003910518189780032,0.004007163726997696,0.00013350823599114902,1.0
1.5176,0.0039100000000000515,0.003916613594833989,0.0001316643521157456,1.0
1.5186,0.003910000000000004,0.004044938847910497,0.00012914338771880066,1.0
1.5196,0.003911567275079836,0.003616143628486447,0.00012728254930012851,1.0
1.5206,0.0039138450143070555,0.00385605940675318,0.00012617149760036001,1.0
1.5215,0.003913052401575179,0.003863102663872236,0.00012566619136337626,1.0
1.5225,0.003912913494713325,0.003917198240880591,0.00012580223679617623,1.0
1.5235,0.003912224334473509,0.003919493833405611,0.00012634411235823485,1.0
1.5244,0.003914745980212799,0.004039342012871068,0.00012680219131624247,1.0
1.5254,0.003918057844340145,0.003914260161735319,0.00012687046172447377,1.0
1.5264,0.0039155273007455416,0.004109001744294864,0.00012684573522123038,1.0
1.5273,0.003918207054337792,0.0037433323589165573,0.00012690803598190586,1.0
1.5283,0.0039193097415481555,0.003911876382352975,0.00012694023938221127,1.0
1.5293,0.003920658256130916,0.003773063708959396,0.00012660439704405163,1.0
1.5302,0.003918437341989776,0.003977027038960511,0.00012608806113832455,1.0
1.5312,0.003914027101103936,0.003937927591843928,0.00012603243473612155,1.0
1.5322,0.003913131944059743,0.003871893423382092,0.0001263214696001395,1.0
1.5332,0.003914809882318235,0.00397268456214758,0.00012650030120013876,1.0
1.5341,0.003917590104087846,0.003946268093504393,0.00012646364839828702,1.0
1.5351,0.003917698235027342,0.00399678998316215,0.00012656478507607784,1.0
1.5361,0.003915427072955291,0.003983057378423629,0.000127661751032583,1.0
1.537,0.003918587295254156,0.003932049458142324,0.00012962526471676583,1.0
1.538,0.0039511780337788465,0.004101067106253063,0.0001312089866079688,1.0
1.539,0.0040354793666413655,0.003908539251315685,0.00013131173630732151,1.0
1.5399,0.0040513982591737045,0.004128340730630666,0.0001300385950294935,1.0
1.5409,0.004040303125507473,0.004203962762873261,0.00012839208719412268,1.0
1.5419,0.0040114613006296046,0.0038670532022782563,0.00012728993568314709,1.0
1.5429,0.003946328301961915,0.0040309873973246695,0.0001269824571776062,1.0
1.5438,0.003918616202013275,0.003953030646066615,0.00012743382609335357,1.0
1.5448,0.003914959095913697,0.00400213886370059,0.00012879303079449633,1.0
1.5458,0.0039184736702817455,0.004021533834987239,0.00013014359935851986,1.0
1.5467,0.003918069473475148,0.003956369105337718,0.00013013214401800467,1.0
1.5477,0.003913873504013695,0.003872304331780812,0.00012892059596705978,1.0
1.5487,0.003912079755109745,0.004073965958974907,0.00012753574241811762,1.0
1.5497,0.0039131777508329335,0.004032132348459564,0.00012658886169247414,1.0
1.5506,0.003915999999999995,0.003834897063354531,0.00012613932431397427,1.0
1.5516,0.003915107155350265,0.003857349838294621,0.00012621953732587846,1.0
1.5526,0.003911276391056425,0.003994958221876655,0.0001272070031353493,1.0
1.5535,0.003910000000000041,0.004020182454138461,0.0001289903842392434,1.0
1.5545,0.003914200307859051,0.00377434540208461,0.0001301800810063059,1.0
1.5555,0.003935929184481313,0.0039690145104343206,0.00012971144219876328,1.0
1.5564,0.003934665009492071,0.0038733219522076646,0.00012866440750404525,1.0
1.5574,0.003916766995687175,0.0037289104212466185,0.0001281498467197206,1.0
1.5584,0.003909170644051901,0.0039673222401356316,0.00012804344041483196,1.0
1.5594,0.003910104740803149,0.0038052105020363568,0.00012792929268500342,1.0
1.5603,0.003911259664148815,0.004010017403479506,0.00012765107052987927,1.0
1.5613,0.003913268837461701,0.003653254245432574,0.0001272618375913714,1.0
1.5623,0.003914407243244759,0.003927288703344619,0.000126966596239088,1.0
1.5632,0.003914568340605738,0.004111727822185885,0.0001268365958960647,1.0
1.5642,0.003912858670436595,0.003720149281707574,0.0001267602706117054,1.0
1.5652,0.00391200000000002,0.003818518762790526,0.00012659102350920002,1.0
1.5661,0.0039112653743334355,0.003984811058935904,0.0001263474637847827,1.0
1.5671,0.003909252737892577,0.0036755642489119267,0.000126272301694145,1.0
1.5681,0.0039090113617153656,0.004051692820744984,0.00012653427739598181,1.0
1.5691,0.003910150367102314,0.003902047763147953,0.00012683904793144466,1.0
1.57,0.003911175458373734,0.003860759465956168,0.00012679079373361263,1.0
1.571,0.003912314327987405,0.0038597852070335037,0.00012660059967509784,1.0
1.572,0.003914360000123785,0.004050204511552237,0.00012669696361248094,1.0
1.5729,0.0039160000000000444,0.003799928549636749,0.00012712860209397524,1.0
1.5739,0.003914151534078428,0.003961197826594424,0.00012796462051637626,1.0
1.5749,0.003935654820835492,0.0038000582269771144,0.00012908780408238017,1.0
1.5758,0.003973424531489158,0.003847902132858526,0.0001303439473631057,1.0
1.5768,0.003925933583661486,0.0037500255685955185,0.00013092490541618022,1.0
1.5778,0.003909943011985483,0.0038934146210813534,0.00013051727941590095,1.0
1.5788,0.003909195857628028,0.0039527575395513995,0.00012978940769426057,1.0
1.5797,0.00391022094889923,0.003918053286967229,0.00012942915479399316,1.0
1.5807,0.003911359954286549,0.0038103707951711694,0.00012967046390480544,1.0
1.5817,0.00391349647170042,0.003939152728673021,0.00013034766719293895,1.0
1.5826,0.0039186632339512474,0.0038661171349114965,0.00013094067210407234,1.0
1.5836,0.003916705747148242,0.004061781510344307,0.00013095484550205814,1.0
1.5846,0.003912398697559933,0.003992345920661518,0.00013043038434360835,1.0
1.5855,0.003913651484982489,0.003914703603059258,0.00012985166690696975,1.0
1.5865,0.003910141008485661,0.004028858792910558,0.0001296857308664616,1.0
1.5875,0.003921243484054298,0.003942501956119067,0.00012986494122443974,1.0
1.5884,0.003952004218872722,0.0038224659545256666,0.00013001150524495137,1.0
1.5894,0.003910733424801549,0.0038922385958722228,0.00012991538051598483,1.0
1.5904,0.003910000000000019,0.0036542886603437466,0.00012964061443910678,1.0
1.5914,0.003909455549800567,0.004046351911984684,0.00012942820223428857,1.0
1.5923,0.0039095688935281234,0.003729288485301818,0.00012906614207201634,1.0
1.5933,0.003909999999999924,0.004010203595404547,0.00012837636113750576,1.0
1.5943,0.003909153722480656,0.00379165287219434,0.00012762063045991545,1.0
1.5952,0.003909871233016955,0.0040784125273270275,0.00012720284401124488,1.0
1.5962,0.0039099999999999396,0.0037548066175296492,0.00012732327310121828,1.0
1.5972,0.003910149074003247,0.004094487070271595,0.00012785540463205135,1.0
1.5982,0.003910999999999969,0.00398182266408328,0.00012862829826426947,1.0
1.5991,0.003911000000000031,0.003759884719010604,0.00012957940629679097,1.0
1.6001,0.0039105489288886,0.0036612909509031373,0.00013056979590318898,1.0
1.6011,0.003911179881450002,0.004003679719526811,0.00013129284515245272,1.0
1.602,0.003914460127984779,0.004065228075291693,0.0001315617241492649,1.0
1.603,0.003922025436384136,0.003874771003962819,0.00013159382824351137,1.0
1.604,0.003929350608269507,0.0037370039398330088,0.00013163895855350036,1.0
1.6049,0.0039355011558968,0.004133602834634059,0.00013180980964842655,1.0
1.6059,0.003942385488262587,0.00399219073073185,0.00013218882211110853,1.0
1.6069,0.00393005487223726,0.0037555013144160423,0.00013246783039607841,1.0
1.6079,0.003921002197743463,0.003874893038815041,0.00013216676049511618,1.0
1.6088,0.003925438456420333,0.004111252413167036,0.00013133258223535694,1.0
1.6098,0.003966297136580391,0.00419123045580585,0.00013025276481428322,1.0
1.6108,0.004041760825745887,0.0037427217153535907,0.00012943072572471772,1.0
1.6117,0.004023075235910021,0.0040565607624298864,0.00012922631845361095,1.0
1.6127,0.003948888427456692,0.0038469822379874796,0.00012953002212299665,1.0
1.6137,0.003914439930083805,0.004080020538813208,0.00013019611856424063,1.0
1.6146,0.0039178117492084975,0.004227674218412422,0.0001313726190763338,1.0
1.6156,0.003929925749350789,0.0038835218375083483,0.00013254004552667323,1.0
1.6166,0.003947961442465215,0.0038877673542734178,0.00013286468176299502,1.0
1.6176,0.0039525151951847505,0.0037761203643471935,0.0001333773248148606,1.0
1.6185,0.003957419095293635,0.004069346950697895,0.00013515263660987675,1.0
1.6195,0.0039691328190432015,0.003976897087565668,0.0001373698764624981,1.0
1.6205,0.003986896920797246,0.003937603427009053,0.00013797453414472066,1.0
1.6214,0.004004710678778329,0.0038575315186903988,0.00013620111249542817,1.0
1.6224,0.004031104817829784,0.004127598606964903,0.0001335064818130545,1.0
1.6234,0.004063503661222966,0.003997370284608253,0.00013124678757285373,1.0
1.6243,0.00409290428630869,0.004103213534165793,0.00013019958629518753,1.0
1.6253,0.004079383203189304,0.003914028074941702,0.00013002912251863867,1.0
1.6263,0.004066569786297744,0.00421579064610887,0.00012986344915855185,1.0
1.6272,0.004053341169988735,0.004122633594381657,0.00012934172976361872,1.0
1.6282,0.0040362678672772965,0.003943147751909155,0.00012891045342855483,1.0
1.6292,0.004019184823073169,0.003966976319744958,0.0001292752428513049,1.0
1.6302,0.004002826426112776,0.004008962882557781,0.00013056396091821925,1.0
1.6311,0.003989226923436367,0.00401839116450177,0.00013220277154928967,1.0
1.6321,0.003974421618459483,0.0038884756927113585,0.00013347686134697632,1.0
1.6331,0.003992627245718348,0.004159785021361028,0.00013386669334398523,1.0
1.634,0.004015176266663621,0.004085434572455085,0.00013342474600445622,1.0
1.635,0.004034267751515574,0.0039177229078391496,0.0001326073133674629,1.0
1.636,0.004023353748147741,0.003979418319572356,0.00013194104639273493,1.0
1.6369,0.004014217835306833,0.004186092062375229,0.00013207657554404362,1.0
1.6379,0.00400803075187613,0.003973436068080963,0.00013330024561293238,1.0
1.6389,0.004003733390477821,0.003875145131419695,0.00013472731984252758,1.0
1.6399,0.004002227825625265,0.003931222622040269,0.0001352247803721666,1.0
1.6408,0.004038674219709329,0.004225823199256373,0.00013458756557557688,1.0
1.6418,0.0041023037199224175,0.0041916330440999305,0.00013328402741471167,1.0
1.6428,0.004164149957635236,0.00402274051796188,0.0001319953689576635,1.0
1.6437,0.004135748072813161,0.00402479413285433,0.00013131404623431433,1.0
1.6447,0.004075856983992906,0.003931904143184258,0.00013163935934304216,1.0
1.6457,0.0040264448969326945,0.004040189532761635,0.0001331434037582741,1.0
1.6467,0.00400022845298239,0.003974198405110852,0.000135141649643797,1.0
1.6476,0.0039833528147275275,0.0037529329958550122,0.00013610125528070062,1.0
1.6486,0.0039726060235667935,0.004180472701170862,0.00013522917847309996,1.0
1.6496,0.0039726356013478105,0.003918544436931132,0.00013353771046315253,1.0
1.6505,0.003994072298627642,0.004065816489436222,0.00013244673471599305,1.0
1.6515,0.004001927046234786,0.004288684780556943,0.0001322767689186234,1.0
1.6525,0.004014136368422698,0.004115892558988182,0.0001327950009604025,1.0
1.6534,0.004038735001896347,0.00394260482465259,0.00013362838781668992,1.0
1.6544,0.004045029755698815,0.00414738065232616,0.0001341826602344679,1.0
1.6554,0.004029083680276843,0.003994392437060733,0.00013428052957437057,1.0
1.6564,0.004012016577927131,0.003952352880122464,0.00013480089138397753,1.0
1.6573,0.003993282242949788,0.00415209245852728,0.000136441957919267,1.0
1.6583,0.003971960411454176,0.003956733444692214,0.00013849786309892784,1.0
1.6593,0.00395577721440645,0.0037848997411461384,0.00013947314487200015,1.0
1.6602,0.003955776764941228,0.00397617518757982,0.00013919932066691195,1.0
1.6612,0.0039607120843075305,0.004085198483780594,0.0001383726273439283,1.0
1.6622,0.00398334290675656,0.004089462312810413,0.00013758600716651468,1.0
1.6631,0.003971141258743842,0.0036920728441653524,0.00013759513438020804,1.0
1.6641,0.003977975291067499,0.0038605108347183124,0.00013860097873239974,1.0
1.6651,0.003991361695830628,0.00403069047927451,0.00013951497810329183,1.0
1.6661,0.004015355983933961,0.00404041554877291,0.00013893805190677363,1.0
1.667,0.004038540173350339,0.004109903602163034,0.00013707804164506284,1.0
1.668,0.004056242086469129,0.004153323099566072,0.00013553403093159253,1.0
1.669,0.0040644535049925825,0.004201316934668969,0.000135122699310285,1.0
1.6699,0.004070603237977724,0.00395526196166167,0.00013568528349541394,1.0
1.6709,0.004069489851315073,0.004064132173109754,0.00013661912562725278,1.0
1.6719,0.00406130685824071,0.003896860657319148,0.0001374759832046466,1.0
1.6728,0.004054764299683839,0.004253298869275576,0.00013807315678075809,1.0
1.6738,0.004058496468441887,0.003920498810210141,0.00013813101266440625,1.0
1.6748,0.004072678244180281,0.004161447854880176,0.00013803139922159593,1.0
1.6758,0.004084873226339582,0.004194437022292319,0.00013806572941801353,1.0
1.6767,0.004080545608268591,0.004390830412467077,0.00013781978563411897,1.0
1.6777,0.004068026769089205,0.00424245348415372,0.0001371942071446503,1.0
1.6787,0.004055501511732325,0.00413439507525713,0.00013655822337029392,1.0
1.6796,0.004042266509158243,0.0039259408148132995,0.00013622552227669982,1.0
1.6806,0.00402745943912347,0.0042902526293299645,0.00013610290875995745,1.0
1.6816,0.004020117988742904,0.003930008500754205,0.00013597915442193994,1.0
1.6825,0.004039900038127996,0.004109349033914069,0.000135880818981344,1.0
1.6835,0.004072189628079602,0.004052258636795754,0.0001359449801759263,1.0
1.6845,0.0041040984436418754,0.004046513157182407,0.00013612264951548992,1.0
1.6854,0.0041306073221888,0.003962087479568335,0.00013653670294865,1.0
1.6864,0.004159805755146038,0.00420008063695318,0.0001376474797759548,1.0
1.6874,0.004174750683338367,0.004247486671969509,0.00013974232481882192,1.0
1.6884,0.00413199852408581,0.0041940097314294095,0.00014225497143704875,1.0
1.6893,0.004087925437692672,0.004121687867988196,0.00014415832967022883,1.0
1.6903,0.004042720095832166,0.004078555365633975,0.00014466856450029748,1.0
1.6913,0.004019939988086337,0.004165297215753903,0.00014311124770824264,1.0
1.6922,0.003999775923154953,0.0039365370652137055,0.00014034156094773283,1.0
1.6932,0.003991192402754862,0.003989025784195192,0.00013823507240839995,1.0
1.6942,0.004008096558312462,0.004167411305391399,0.00013745363506325543,1.0
1.6952,0.004030873950584682,0.004049354952722212,0.000137333027618051,1.0
1.6961,0.00405521972001048,0.0038754109322469946,0.00013735521234058072,1.0
1.6971,0.004089141619819063,0.0039559678985139875,0.0001374371333116165,1.0
1.6981,0.0041239104969832885,0.0041511918821771155,0.00013754182565405568,1.0
1.699,0.004140599051907842,0.004119688631372476,0.00013764025127796005,1.0
1.7,0.004101872868740007,0.004123981268044954,0.0001377409739949924,1.0
1.701,0.004063499792998267,0.0038897013362911986,0.0001378541881904257,1.0
1.7019,0.004044241494354746,0.004056410101832336,0.00013799182449592944,1.0
1.7029,0.004053632050940624,0.00409663897721748,0.00013816617865924192,1.0
1.7039,0.004066153502853297,0.003939163706668327,0.00013837417469873196,1.0
1.7049,0.004070789323828478,0.004025004275024005,0.00013854050467135314,1.0
1.7058,0.0040677423396012075,0.004101123235578247,0.0001387770061894827,1.0
1.7068,0.004062233576433445,0.004121187973360249,0.00013914189245840293,1.0
1.7078,0.004060182302296907,0.004156208987155748,0.0001397594238739873,1.0
1.7087,0.0040622322132917174,0.0038726038336270594,0.0001408237318834827,1.0
1.7097,0.004064510224066375,0.004182875459832953,0.0001426337781605907,1.0
1.7107,0.004055752947066604,0.00410169964954454,0.00014457645208376947,1.0
1.7116,0.00402910410413133,0.004121072877282479,0.00014508326103698744,1.0
1.7126,0.004000063914901091,0.004169221602229558,0.00014417186099133155,1.0
1.7136,0.003997351336885509,0.003955703074770702,0.0001433664365997415,1.0
1.7146,0.004033557759808563,0.0041755350341274935,0.0001432621712444763,1.0
1.7155,0.00407439622501023,0.003876784219159836,0.00014381361047058916,1.0
1.7165,0.004102974953288587,0.004050682997743872,0.0001447222913963956,1.0
1.7175,0.004073559403021411,0.004049318920798156,0.00014541778162914743,1.0
1.7184,0.004047794943424957,0.0042872892680271,0.00014534964553968978,1.0
1.7194,0.004022090401677903,0.0039112431910444,0.00014455766275559004,1.0
1.7204,0.004007285096700769,0.00408775071252377,0.00014361529219580148,1.0
1.7213,0.003994888308609707,0.0038016209894055895,0.00014314126687422747,1.0
1.7223,0.003984778875426861,0.004013713116026994,0.00014374132817766554,1.0
1.7233,0.003981258564733987,0.003760647123010329,0.0001455016328080815,1.0
1.7242,0.0039810000000000565,0.003985832288443238,0.0001472092528783915,1.0
1.7252,0.0040027327661882875,0.004041863113929832,0.00014757700782104405,1.0
1.7262,0.0040517972969020075,0.003999204815982516,0.00014676751737077257,1.0
1.7272,0.004123907887637883,0.0041638590946943025,0.00014572661049500914,1.0
1.7281,0.0041726483071136905,0.004131616592405247,0.00014500363262299757,1.0
1.7291,0.00413938101481317,0.004220312670478763,0.00014469212886677714,1.0
1.7301,0.004085193990468454,0.003956251635993946,0.0001448584349782029,1.0
1.731,0.004050286015399711,0.0038003404767634925,0.00014557541416338417,1.0
1.732,0.004056879073384197,0.004006350628622199,0.0001467397257693932,1.0
1.733,0.004085682595401521,0.0038085265354998224,0.00014804264921820697,1.0
1.7339,0.004112112443632888,0.003824002525861093,0.00014895048199297563,1.0
1.7349,0.004110342842849275,0.003957625314424372,0.0001489817978686802,1.0
1.7359,0.004100099721626217,0.004177304027722501,0.00014833691641703833,1.0
1.7369,0.0040875704443347925,0.003906498372696073,0.0001478494958241815,1.0
1.7378,0.004070690154829415,0.004124456630980365,0.0001478365730140246,1.0
1.7388,0.004046771041696308,0.00376378389510057,0.00014800606578827308,1.0
1.7398,0.0040302849266035485,0.004031236883724741,0.00014815623678764798,1.0
1.7407,0.004020886023536698,0.004091490831513903,0.0001486056435286312,1.0
1.7417,0.004014610357141118,0.003923585055690963,0.00014943392405903787,1.0
1.7427,0.0040131672574107895,0.0038638243879071583,0.00015035785756493632,1.0
1.7437,0.004012028442521892,0.003923198870015867,0.00015046512545333044,1.0
1.7446,0.004011003351250621,0.004007122612032217,0.00014948223192128604,1.0
1.7456,0.004010406555088898,0.004014762147725808,0.00014819567936032887,1.0
1.7466,0.0040220592837584895,0.004221482746955998,0.00014753383252133284,1.0
1.7475,0.004055871571928119,0.003917181115909858,0.00014760635711538237,1.0
1.7485,0.004093432407535529,0.004090421067029391,0.00014822979211774772,1.0
1.7495,0.0041229506703334496,0.00408776521759569,0.00014941158170495635,1.0
1.7504,0.004137614372244757,0.004119773591270262,0.0001506438647165955,1.0
1.7514,0.004150143431504855,0.004037548977482142,0.00015098653497860689,1.0
1.7524,0.004158269901887581,0.004178973126719212,0.00015057276750607608,1.0
1.7534,0.004145761327947602,0.004109576310726951,0.00015029726953659004,1.0
1.7543,0.004131452189426069,0.004135599304304871,0.00015064200878989377,1.0
1.7553,0.004117550842702219,0.0039421967105806146,0.00015144895414015173,1.0
1.7563,0.00410971994289652,0.003935467091432673,0.00015220105532992435,1.0
1.7572,0.00410562114825803,0.004114300159834505,0.00015259527550055105,1.0
1.7582,0.004101551084053599,0.004128635623226956,0.0001528833272672415,1.0
1.7592,0.004104352891170423,0.004043691935946751,0.0001533692447814727,1.0
1.7601,0.004110881597201557,0.004058235635162145,0.00015391407373255996,1.0
1.7611,0.004118501567779779,0.004183870465853729,0.00015424174958869602,1.0
1.7621,0.004125548847207146,0.004216594664468702,0.00015390233110350706,1.0
1.7631,0.0041323133715149675,0.0038096258081871666,0.00015293312025367768,1.0
1.764,0.00413708776557408,0.004055424302519295,0.00015223220485381637,1.0
1.765,0.004126441605422286,0.004032567796130838,0.0001521287850782832,1.0
1.766,0.0040690836118207055,0.003925875747351403,0.00015205554325123532,1.0
1.7669,0.004025500925676697,0.0039903709084526855,0.00015194819051842835,1.0
1.7679,0.004002297007312206,0.0038148374996664074,0.00015220140933148402,1.0
1.7689,0.003998999999999977,0.004142693316928931,0.00015281335914201722,1.0
1.7698,0.004012156044458348,0.004097181336893203,0.00015362412422345234,1.0
1.7708,0.004034628575596596,0.004097862011984435,0.00015434622152003113,1.0
1.7718,0.0040719651958492226,0.00394801673143564,0.0001548367960832967,1.0
1.7728,0.0041128939338282355,0.0041444629710386885,0.00015520102514596777,1.0
1.7737,0.004145133256099622,0.004161762434332587,0.00015517455786271203,1.0
1.7747,0.004131025618212036,0.004223643710343492,0.00015488647400992215,1.0
1.7757,0.004069210051664691,0.003887288453822126,0.00015476339651676572,1.0
1.7766,0.004015316436663308,0.00423905029523668,0.0001548794881080338,1.0
1.7776,0.003985425426652357,0.0037874950188599276,0.0001551714326000876,1.0
1.7786,0.003994268459467716,0.003980801778312266,0.00015606680861410895,1.0
1.7795,0.004008332695685184,0.004033657312004845,0.00015721239513960173,1.0
1.7805,0.004028664046502608,0.0038544946557082485,0.00015778788765133554,1.0
1.7815,0.004027047774078078,0.003912616563178513,0.00015808001488182145,1.0
1.7824,0.004030204846508936,0.003999090829349509,0.00015817952066764397,1.0
1.7834,0.0040328534112117845,0.004048873032400313,0.00015801589417762415,1.0
1.7844,0.004015691703709389,0.003924095008934048,0.00015822226706743356,1.0
1.7854,0.0039894945798017245,0.004038818616812994,0.00015864079832482661,1.0
1.7863,0.003966884029153676,0.003949150094082342,0.00015871254723971059,1.0
1.7873,0.00396964026665288,0.0038167230182633346,0.00015881252627601234,1.0
1.7883,0.003998481787436205,0.0038659946493362633,0.000159401851019306,1.0
1.7892,0.004026939126086306,0.004002182338805793,0.00015995932042599186,1.0
1.7902,0.0040560636401165626,0.004085391155032293,0.0001604152651950076,1.0
1.7912,0.004063369305951784,0.004097079070651826,0.00016095242526453137,1.0
1.7922,0.004070201155574829,0.004036434791365299,0.0001612835262832129,1.0
1.7931,0.00407365376245249,0.003929019553039093,0.00016193025160875135,1.0
1.7941,0.004065002838569264,0.00398249225367727,0.00016296914579571407,1.0
1.7951,0.004052977520745042,0.004240837202646172,0.00016359221458722595,1.0
1.796,0.004042726608033213,0.00397733617363865,0.00016356086486023764,1.0
1.797,0.004044663445839935,0.003982134098199085,0.0001629807198569209,1.0
1.798,0.004056042981404921,0.004092667148803967,0.00016264722346689348,1.0
1.7989,0.004067120831682982,0.003773236606489571,0.00016327666543143618,1.0
1.7999,0.0040680318280960385,0.0041657146728167425,0.00016469565869625972,1.0
1.8009,0.004039216920544061,0.004066527707258664,0.00016647695017755581,1.0
1.8019,0.004009855825300514,0.003994685605707286,0.000167753387118506,1.0
1.8028,0.003988300007761459,0.0037897292947378647,0.00016796728633200776,1.0
1.8038,0.00398140886883727,0.003950866754737016,0.00016708845122552385,1.0
1.8048,0.003982547874224787,0.00369633689234485,0.00016529303263778655,1.0
1.8057,0.003985291318888808,0.003747851674345073,0.0001634449879995523,1.0
1.8067,0.0039898473404382144,0.004094074046866869,0.00016256837815022536,1.0
1.8077,0.004000348597859652,0.004020714719390662,0.00016274334899668376,1.0
1.8086,0.004012495884506293,0.00423446536098817,0.00016323580496011505,1.0
1.8096,0.004022945350282212,0.00402473432025264,0.00016352310943877662,1.0
1.8106,0.004018389328732673,0.0038157922112060333,0.00016377528712901318,1.0
1.8116,0.004016749224582439,0.004021684065981018,0.00016401285927128108,1.0
1.8125,0.004021000000000233,0.003951310886294158,0.00016416073824135046,1.0
1.8135,0.004011455602129116,0.004147397464855379,0.0001641155606659596,1.0
1.8145,0.003991099528745107,0.004015570144334038,0.00016391282663826313,1.0
1.8154,0.003978196983763339,0.00408806748666454,0.0001638013872838095,1.0
1.8164,0.003980817152679549,0.0040924363156206855,0.00016418158915572874,1.0
1.8174,0.004005408275561003,0.004056804439088372,0.00016507831504900246,1.0
1.8183,0.0040512575794868595,0.004054963430509582,0.00016585138218662096,1.0
1.8193,0.004153118577457413,0.003970330096172631,0.00016591683040118285,1.0
1.8203,0.004153612891603466,0.0041554069799099045,0.00016555741234393852,1.0
1.8212,0.004146437252705032,0.004118050693497034,0.00016497258446966425,1.0
1.8222,0.00413412756206171,0.004210752773276853,0.0001642816521171539,1.0
1.8232,0.004095500759898101,0.003863880538913061,0.00016409507295654587,1.0
1.8242,0.004060054125305846,0.003980089795732175,0.00016503777959723357,1.0
1.8251,0.004050352374170364,0.00393962275167636,0.00016665818059637393,1.0
1.8261,0.004039167528721511,0.0042192143534262585,0.00016773290131526307,1.0
1.8271,0.004017218896244467,0.004097008108920012,0.00016777557098351587,1.0
1.828,0.003995717931103007,0.003958820187133508,0.00016773097630784178,1.0
1.829,0.003976209558508859,0.003917383196023466,0.00016794237029935108,1.0
1.83,0.003982631908191043,0.003878350685772156,0.00016774227399820712,1.0
1.8309,0.004002912283061107,0.003951790269366193,0.000167248463042393,1.0
1.8319,0.004029193638160854,0.003864704738525786,0.00016716810418991826,1.0
1.8329,0.004038538711009767,0.0037857379427212855,0.00016782787482785822,1.0
1.8339,0.004017572442196131,0.003946712526667998,0.00016926252121542894,1.0
1.8348,0.003994389397380078,0.003953858933155235,0.0001707218494449508,1.0
1.8358,0.003969331278859625,0.0038220820150638383,0.0001707857901373715,1.0
1.8368,0.00396402510430527,0.0041703724282462435,0.0001700072466920077,1.0
1.8377,0.003970079801164041,0.0038287437123378167,0.00016937424974370322,1.0
1.8387,0.003977902433321764,0.00399903994452555,0.00016905391170088553,1.0
1.8397,0.00397721449665581,0.003989967031205111,0.0001692877536387259,1.0
1.8407,0.003956147511128205,0.004168605600548122,0.0001699452378114203,1.0
1.8416,0.003941561167376211,0.003889217250241581,0.00017097960833971102,1.0
1.8426,0.003933816864655974,0.00426060470066379,0.0001720945278175356,1.0
1.8436,0.003941761294493178,0.0039316881871479074,0.00017285806305685842,1.0
1.8445,0.003957836077323034,0.003846183841540664,0.00017374676165428046,1.0
1.8455,0.003981669512703071,0.004268776307084249,0.0001744634452301128,1.0
1.8465,0.004005661482930448,0.004105525855312274,0.00017444316182738443,1.0
1.8474,0.004026159272524769,0.0040079580916373755,0.00017366245169699658,1.0
1.8484,0.004048917921582955,0.0039884473898915895,0.00017249955358315425,1.0
1.8494,0.004067344310265306,0.004464267079790843,0.00017197528170931773,1.0
1.8504,0.004067262289199079,0.004077692698073829,0.00017272272628007101,1.0
1.8513,0.004058009101189993,0.004133135672409583,0.00017446648950976743,1.0
1.8523,0.004053362857935825,0.004281544271524388,0.00017660688901297486,1.0
1.8533,0.004043692819199851,0.003921201620513767,0.0001781760381404789,1.0
1.8542,0.004021783447891274,0.004114341898899962,0.0001790049186308347,1.0
1.8552,0.003997266403771825,0.003897445072159071,0.0001797928041170401,1.0
1.8562,0.003978450047295188,0.0038593451405091236,0.00018094389131034178,1.0
1.8571,0.0039723106140554095,0.004069923756346804,0.00018248245371517115,1.0
1.8581,0.003977173701405658,0.004008338407802687,0.0001836515957565611,1.0
1.8591,0.0039916078398406565,0.003997813426334639,0.00018332208065003692,1.0
1.8601,0.004003999999999953,0.003952663639852341,0.00018223291605124216,1.0
1.861,0.003999645176985193,0.004014282744946777,0.00018119644366075498,1.0
1.862,0.003994633283471915,0.0038480461223950662,0.00018009319889900004,1.0
1.863,0.003998928568504731,0.004029010306374383,0.00017884098142539545,1.0
1.8639,0.0039839225762613,0.00401388367320405,0.00017755736208058048,1.0
1.8649,0.003955385174814363,0.0038221126057397512,0.00017657626291516784,1.0
1.8659,0.003934385517372437,0.003986240288894161,0.00017605625353035937,1.0
1.8668,0.00392374488395723,0.0038902007115694344,0.00017564916222086147,1.0
1.8678,0.003931731167751856,0.003958619000032079,0.00017532838813668752,1.0
1.8688,0.003948242310951924,0.003718550870883934,0.00017529880857317326,1.0
1.8698,0.003969862646003046,0.004020612138196898,0.00017556992118420225,1.0
1.8707,0.003985489770937073,0.0037626830791706485,0.0001767374276000331,1.0
1.8717,0.0039965608610705,0.004074185060698763,0.0001792556970267376,1.0
1.8727,0.004008535535428177,0.004344582134851404,0.00018230873486688658,1.0
1.8736,0.004023377097440292,0.004330308852399719,0.00018424393339325093,1.0
1.8746,0.004008352950450256,0.004072233688734529,0.00018470514265218275,1.0
1.8756,0.003985285096049004,0.004147757972842013,0.00018397473837948624,1.0
1.8765,0.003969467954014343,0.004045783340648366,0.000182042997259833,1.0
1.8775,0.003968668554486115,0.004218494610300851,0.00017945030926494677,1.0
1.8785,0.004012989967293978,0.0039170493241543715,0.00017748343223220568,1.0
1.8795,0.0040861780511078066,0.0042884363369104575,0.000176092464848745,1.0
1.8804,0.0041702858640457335,0.00408136541652405,0.00017475419971533365,1.0
1.8814,0.0041423654181496836,0.00401010531672342,0.000173917439266321,1.0
1.8824,0.0040464406790418316,0.003892003823378751,0.00017408930835888025,1.0
1.8833,0.0039865073720607765,0.004287931288770359,0.00017530045096745566,1.0
1.8843,0.0039468473951822045,0.003842716607287895,0.00017730417084108873,1.0
1.8853,0.003948014309146789,0.004138641419463778,0.00017900100545819483,1.0
1.8862,0.003963565002580477,0.0038027743304588856,0.00017923055372311104,1.0
1.8872,0.003989743953309995,0.004388062709322863,0.00017849462666143627,1.0
1.8882,0.0040058971893032575,0.0037580991183571,0.0001779666305244494,1.0
1.8892,0.003988567895945746,0.0038829125073298627,0.00017821772005457314,1.0
1.8901,0.0039694213679841795,0.0041379713349425605,0.00017930925217450098,1.0
1.8911,0.003954978884729599,0.003967908472504983,0.0001809020876945346,1.0
1.8921,0.00394436926098337,0.003964326192827069,0.0001822713353924162,1.0
1.893,0.003940068229007143,0.003930817220891509,0.00018252095886510126,1.0
1.894,0.003939243857416364,0.004105552787493878,0.0001814638876597711,1.0
1.895,0.00393995680671295,0.003985138561864969,0.0001801129219507135,1.0
1.8959,0.003935570552035277,0.0037925378137252277,0.00017958145108232555,1.0
1.8969,0.003931150210039607,0.0037190842585264673,0.0001803533688766766,1.0
1.8979,0.003931126246446918,0.004088021412958061,0.00018153130853574163,1.0
1.8988,0.00393023684926122,0.003920213388850163,0.00018189951989489698,1.0
1.8998,0.003923187307787933,0.003976837002639235,0.0001814329092809877,1.0
1.9008,0.003915806448517145,0.004030024195673234,0.0001808587508999013,1.0
1.9018,0.0039129954079290385,0.0038045205973270433,0.0001808439618919879,1.0
1.9027,0.003912113655385885,0.0034318980150396796,0.0001811600251410601,1.0
1.9037,0.003917339353869892,0.004333256269124594,0.00018145644071903148,1.0
1.9047,0.003928289944694369,0.003870681473334479,0.00018206877788430888,1.0
1.9056,0.003943633462015235,0.004004804019609181,0.0001832822983984666,1.0
1.9066,0.00395500000000004,0.0035474398619638617,0.00018483270832279325,1.0
1.9076,0.003955608697615757,0.004231694868683949,0.00018590722442002282,1.0
1.9086,0.003958241364663673,0.0039501290224977946,0.00018659819349313718,1.0
1.9095,0.003961316638477303,0.004188936843825245,0.00018677565761938516,1.0
1.9105,0.0039720234003436826,0.003479597332014877,0.0001860119312827674,1.0
1.9115,0.003985601053920045,0.0038388148515893237,0.00018420734514136425,1.0
1.9124,0.003997826029268721,0.004108431617189832,0.00018189586451074268,1.0
1.9134,0.0040099174097969715,0.003941306766706429,0.00018010128014747835,1.0
1.9144,0.004021222981759219,0.004007271724580052,0.00017978619016860382,1.0
1.9153,0.004033901083431326,0.004365827007630222,0.0001810265500066885,1.0
1.9163,0.004049224165271153,0.003789828904034716,0.00018243976132600588,1.0
1.9173,0.004057308272777244,0.003986847698645965,0.00018262307405268735,1.0
1.9182,0.00406343066990189,0.004180339258446881,0.00018206170576921636,1.0
1.9192,0.004138775598269755,0.004412691754697446,0.00018181002547927746,1.0
1.9202,0.004327207572954355,0.004430687597035739,0.00018203099148009024,1.0
1.9212,0.004318781453977665,0.0042528349017318424,0.00018244172379504645,1.0
1.9221,0.004161138780569955,0.003904052289293604,0.00018294758243060674,1.0
1.9231,0.004040868331665804,0.003592398163757025,0.00018355518559260895,1.0
1.9241,0.003969303259273972,0.004131833349367406,0.00018394962858145033,1.0
1.925,0.0039363950550191625,0.004098129648944544,0.00018430448364871333,1.0
1.926,0.003920384976693242,0.004113024107791946,0.00018459707010753075,1.0
1.927,0.0039131979691282015,0.003919997467947362,0.00018464510176263612,1.0
1.928,0.003911161577591436,0.0038160221597392163,0.00018523835562814472,1.0
1.9289,0.00391358998895177,0.0038037887118510345,0.00018704409928197468,1.0
1.9299,0.003922051370833532,0.0037490028086332597,0.0001899011992277578,1.0
1.9309,0.003951060232575225,0.003914470436552617,0.00019273989292769458,1.0
1.9318,0.003988684584477665,0.0040488903340295986,0.00019371783311113432,1.0
1.9328,0.00395348345398095,0.003686948237556895,0.00019246267834236903,1.0
1.9338,0.003928683616342596,0.0037639883040322293,0.00019057523642173184,1.0
1.9347,0.003919191260544275,0.003912497501105355,0.00018906805467367962,1.0
1.9357,0.003915392871370098,0.004228125984589947,0.0001878397566872585,1.0
1.9367,0.003917237994730611,0.004046021206232468,0.00018691705231203511,1.0
1.9377,0.003920651990402342,0.004057961002794842,0.00018685693475895525,1.0
1.9386,0.003924635280704565,0.004010284341990912,0.0001879600491870376,1.0
1.9396,0.003923665221055663,0.0036653873102911773,0.0001892487383979112,1.0
1.9406,0.003916813169049283,0.0036310722610944594,0.00018956725269237985,1.0
1.9415,0.003917058932241422,0.003932734539497384,0.00018903915545562898,1.0
1.9425,0.0039273070695895924,0.004139678956251752,0.000189154450559101,1.0
1.9435,0.003931670125939703,0.0035739495550124404,0.0001910033073814157,1.0
1.9444,0.003920918317390786,0.004183558253952897,0.00019487216906744726,1.0
1.9454,0.003917347380844419,0.0037277731047271633,0.0001989249681043483,1.0
1.9464,0.00391937487362832,0.004100959745524629,0.00019985973922791378,1.0
1.9473,0.003935515020765735,0.004011096716267732,0.000198357958799136,1.0
1.9483,0.00397717993198781,0.0040370185608430646,0.00019718169704723986,1.0
1.9493,0.004035139852450071,0.004070766977626108,0.0001973863882079149,1.0
1.9503,0.004084070714094718,0.004241622726707822,0.00019856336303910392,1.0
1.9512,0.0040632385204202575,0.003924595835154911,0.0001985942307827556,1.0
1.9522,0.003994181478376606,0.004212807599305004,0.0001959259655315142,1.0
1.9532,0.003950441387315577,0.004085942679908549,0.00019245357846183004,1.0
1.9541,0.003927052158920526,0.0037895946813888857,0.00018997731182504644,1.0
1.9551,0.003927680700002382,0.00380803215165367,0.00018859223135460413,1.0
1.9561,0.003948579416435772,0.003875774277099465,0.00018832015675660267,1.0
1.9571,0.003983235854581177,0.0038031099668028212,0.000189179380777853,1.0
1.958,0.004032996916561426,0.003946834301627781,0.00019065525390010292,1.0
1.959,0.004037888460893613,0.00391111865999977,0.00019215660720072652,1.0
1.96,0.004040450224370245,0.003910170272237622,0.00019292852834749657,1.0
1.9609,0.004092867101126234,0.004035904775989981,0.00019223130140451973,1.0
1.9619,0.0041777697070388906,0.004260613943564888,0.0001909482291669092,1.0
1.9629,0.004147715442792056,0.004148549587347781,0.00019025019495546674,1.0
1.9638,0.004066483050266017,0.004395483782777914,0.00019030716151771039,1.0
1.9648,0.004005788144904549,0.003997696871912337,0.00019104145537043502,1.0
1.9658,0.00396751775897123,0.0040883026584085085,0.00019180961765756196,1.0
1.9668,0.003938654617674194,0.004090041744091952,0.00019260516157023477,1.0
1.9677,0.003922681056898177,0.0036579742025806537,0.0001933532367480713,1.0
1.9687,0.0039154462939373505,0.003986520461496884,0.00019414067336281219,1.0
1.9697,0.003912999999999957,0.003781990467061555,0.0001955632892223883,1.0
1.9706,0.003913348529572373,0.0040020765343843105,0.00019749850776313948,1.0
1.9716,0.003914487534959532,0.003815443462129109,0.00019848494900244417,1.0
1.9726,0.003916251383880272,0.0041802730872729475,0.00019779911928382283,1.0
1.9735,0.003917650356892334,0.004091943550379426,0.000197099211502594,1.0
1.9745,0.003914843093976337,0.00372661065300069,0.0001980334038039762,1.0
1.9755,0.003912143536213546,0.00343020066298744,0.00020110772687328453,1.0
1.9765,0.003911000000000006,0.004209358611357011,0.00020572626855248452,1.0
1.9774,0.003911092087894269,0.003916470405893331,0.0002103832419974681,1.0
1.9784,0.003912230059212996,0.003924426449485173,0.00021245764351287736,1.0
1.9794,0.0039141071938013665,0.003918719977772041,0.00021032152927556082,1.0
1.9803,0.003917970100489914,0.0034384243824846974,0.00020655418315605883,1.0
1.9813,0.0039247311783968085,0.003919493085052452,0.000203295181443269,1.0
1.9823,0.003927328733667782,0.0036441286167664187,0.00020093944202834881,1.0
1.9832,0.003927000000000002,0.0037887385633352142,0.00019967544856202546,1.0
1.9842,0.00392783485280534,0.003890850706359404,0.00019970586375892045,1.0
1.9852,0.003928973858192464,0.0038606205660221787,0.00020114611492239387,1.0
1.9862,0.003920210905357488,0.003476068493002509,0.00020269375506557795,1.0
1.9871,0.003913724675426991,0.004132447119228165,0.00020205844694879275,1.0
1.9881,0.003911724314487578,0.0038898465693124264,0.00019959544990444565,1.0
1.9891,0.00391141455512601,0.003946026363422943,0.000198057317244874,1.0
1.99,0.003911560353602757,0.003857069270050401,0.00019853593265631604,1.0
1.991,0.003910421348215366,0.003601114789134475,0.0002003366433469965,1.0
1.992,0.003909999999999916,0.004081574028649582,0.00020227442834041629,1.0
1.9929,0.003909999999999917,0.003854137496958393,0.00020320292819571664,1.0
1.9939,0.00390999999999994,0.003981669129892026,0.00020333645761193064,1.0
1.9949,0.003910019348718206,0.004066094747233333,0.0002029710421885908,1.0
1.9958,0.003911133319967775,0.004049622186837566,0.00020314132431630683,1.0
1.9968,0.003915281707416473,0.003910103572548667,0.00020363128270101498,1.0
1.9978,0.0039222847041516535,0.003816239697474153,0.0002034876465864504,1.0
1.9988,0.003927761088551494,0.003831815766234384,0.0002030258904270081,1.0
1.9997,0.003934395958459476,0.004027517495221267,0.00020228252824495906,1.0
2.0007,0.0039429931384804846,0.004069661164731068,0.00020069135123615888,1.0
2.0017,0.003945999999999938,0.003819930590984835,0.00019862027399903198,1.0
2.0026,0.003943638380187317,0.0039600537903845155,0.00019724574189028372,1.0
2.0036,0.003949480836994272,0.003894125022831055,0.0001970119989985412,1.0
2.0046,0.003978988850795607,0.004348409784771046,0.00019768934678410853,1.0
2.0056,0.004017923107381881,0.0041179718252358395,0.00019930712104512406,1.0
2.0065,0.003997421281957849,0.0042916998493588735,0.0002014371829201278,1.0
2.0075,0.003975387032570736,0.004064689828065031,0.00020294765736097775,1.0
2.0085,0.0039554012686832596,0.003986356093140161,0.00020382466554895928,1.0
2.0094,0.00393957121572294,0.0038302194206712202,0.0002047309776179737,1.0
2.0104,0.003926972082516196,0.0038901519221537268,0.00020496719138240517,1.0
2.0114,0.00391995680888552,0.0038099748072182335,0.00020392650940393678,1.0
2.0123,0.003918166270505869,0.0037821509902279896,0.00020221864114679705,1.0
2.0133,0.003918971492624118,0.004042799080063587,0.00020031423799280092,1.0
2.0143,0.003924543830280624,0.004018066998927285,0.00019900061401086536,1.0
2.0152,0.003951229367857854,0.003910690114499856,0.0001992285864860167,1.0
2.0162,0.00401021935409518,0.004490930573540083,0.00020069304507164,1.0
2.0172,0.004084538803881736,0.0040948743648369385,0.0002024567985906162,1.0
2.0182,0.0040761116517920555,0.004023984678401493,0.0002037549767007226,1.0
2.0191,0.004002238491414517,0.003823926821289986,0.0002041342486870815,1.0
2.0201,0.003942953413839508,0.00392411102663991,0.00020351855353939702,1.0
2.0211,0.003923311619300238,0.0037757950015470084,0.00020260084236363427,1.0
2.022,0.003917603221032955,0.0037739972278303616,0.00020214411891393956,1.0
2.023,0.00391715377809353,0.004251202609316641,0.00020257929499108236,1.0
2.024,0.00392865125316366,0.0037030119245609677,0.00020348543190465694,1.0
2.025,0.003950967625194568,0.004066657364350693,0.0002043707960111438,1.0
2.0259,0.003964241494841297,0.003880549925613685,0.00020460978239018142,1.0
2.0269,0.003943736953944013,0.003665915533233298,0.00020438408329248193,1.0
2.0279,0.00392683303010178,0.0034866849308910685,0.00020454752468015852,1.0
2.0288,0.0039182687197188305,0.003883652295307209,0.00020521857886392797,1.0
2.0298,0.003912957001357948,0.0038434041406261344,0.00020639359316188132,1.0
2.0308,0.00391110010917849,0.00389804030151825,0.00020766333320705051,1.0
2.0317,0.003911924710545246,0.003853249719753945,0.00020808405557514204,1.0
2.0327,0.003918442393344139,0.003884167329465077,0.0002076869898282768,1.0
2.0337,0.00394120949420635,0.004068866879688243,0.00020655366048255133,1.0
2.0347,0.003938510056411123,0.0036683991234012173,0.00020515130528525607,1.0
2.0356,0.0039207101107273604,0.004016644343019751,0.0002043853113099879,1.0
2.0366,0.003912981262346051,0.004054145772246756,0.00020428457605334895,1.0
2.0376,0.00391035717811604,0.0038854914776012815,0.0002048921879137898,1.0
2.0385,0.003910000000000028,0.003623806536399567,0.00020652034835835529,1.0
2.0395,0.00391080637595974,0.003571562511501813,0.0002084810352432226,1.0
2.0405,0.003912890491146655,0.003923435878806142,0.00020971295529386842,1.0
2.0414,0.003914940673689197,0.0037575829771279274,0.0002098920909029477,1.0
2.0424,0.003917781835562528,0.0039525389376821795,0.0002095969760588248,1.0
2.0434,0.00391600000000007,0.0040739488223280945,0.0002099711050059569,1.0
2.0443,0.003916272299938204,0.004159950167160272,0.00021066783172431005,1.0
2.0453,0.003917822339103492,0.003915757366369567,0.00021012932779600522,1.0
2.0463,0.003920100078330715,0.004002412765521993,0.0002086247251866392,1.0
2.0473,0.003921688396275847,0.004010955593348364,0.00020785792247741188,1.0
2.0482,0.003922712861098076,0.004025433404750696,0.00020791005576521342,1.0
2.0492,0.003924704004517986,0.003736859376004304,0.00020739906104891843,1.0
2.0502,0.0039289634874904306,0.004084531493156922,0.00020649311546317627,1.0
2.0511,0.003926920184280972,0.00403921122234516,0.00020614010443393142,1.0
2.0521,0.003921690686778207,0.003927625936995102,0.00020689277729783094,1.0
2.0531,0.003920000000000156,0.004381431802706304,0.0002087091549771051,1.0
2.0541,0.00392129511373949,0.0038544542887687014,0.00021093928961719922,1.0
2.055,0.003921629612446901,0.004054277824230741,0.00021270855812817677,1.0
2.056,0.0039176173381414575,0.0041012438941307435,0.00021358021074930375,1.0
2.057,0.003914530929843679,0.0038719002813023657,0.00021317519206642404,1.0
2.0579,0.003913999999999865,0.0035462441456205,0.0002119653070807133,1.0
2.0589,0.003914897628558351,0.003875469356841139,0.00021083575776353715,1.0
2.0599,0.003911963501828079,0.0036999520241194394,0.00021000320662412986,1.0
2.0608,0.003910999999999958,0.003702940943283623,0.00020957823978559522,1.0
2.0618,0.003910799768997149,0.0035249865799175965,0.00021008408050623374,1.0
2.0628,0.003910338189718013,0.003580914768452356,0.0002121530088288148,1.0
2.0638,0.00391290932351644,0.003782067876367569,0.00021517526643218376,1.0
2.0647,0.00392303440964673,0.003670715174458075,0.0002172509428064805,1.0
2.0657,0.003960499421139338,0.0038208140570840715,0.00021729201420042228,1.0
2.0667,0.004026930328160628,0.004324740712443905,0.00021601674699524,1.0
2.0676,0.004072369125366217,0.0037625272711609846,0.00021450253186457396,1.0
2.0686,0.004025306968011162,0.0041708952769478535,0.00021291684801950488,1.0
2.0696,0.0039680435190397306,0.0036265578752075664,0.00021156321199267874,1.0
2.0705,0.003933181948685588,0.004114587032950035,0.00021099733367600128,1.0
2.0715,0.003916769573220389,0.004293100277572981,0.0002114139977535235,1.0
2.0725,0.003912615482976796,0.004001171058834205,0.00021241672733929575,1.0
2.0735,0.003911477314369084,0.003968127684302091,0.0002133477442898421,1.0
2.0744,0.003910452223097781,0.0038817810466802564,0.00021360658880116578,1.0
2.0754,0.003910000000000027,0.0040965020242814355,0.0002133867834155039,1.0
2.0764,0.00391000000000004,0.0038269796752558377,0.00021353483323771527,1.0
2.0773,0.003910000000000015,0.004110019140615152,0.00021347556035462492,1.0
2.0783,0.003909999999999912,0.003724421390573957,0.00021296410681988549,1.0
2.0793,0.003911127479223027,0.003799315341445515,0.00021231801264719408,1.0
2.0802,0.003912305140988522,0.0036108633134064785,0.00021202508161227612,1.0
2.0812,0.003915748640646979,0.003960157080269142,0.00021247066933494896,1.0
2.0822,0.00392387082273742,0.00427752011059167,0.00021339150620120807,1.0
2.0831,0.003936727070992984,0.003852128672750614,0.00021403091429170925,1.0
2.0841,0.003959648273633149,0.003906918432730526,0.00021415911790439613,1.0
2.0851,0.003958015907774285,0.004034833928304004,0.0002144552359652277,1.0
2.0861,0.003930471822647329,0.004091053561409347,0.00021515872192451313,1.0
2.087,0.00392341506520057,0.004110767853459915,0.0002158173275196031,1.0
2.088,0.003937232492712102,0.0036738749172844157,0.00021602144613563567,1.0
2.089,0.003968191678509979,0.0040146585952913075,0.00021581315248354126,1.0
2.0899,0.003943855899402421,0.0033652591400809666,0.00021541441403610874,1.0
2.0909,0.0039166405351503415,0.0037010679941936794,0.00021493714394763092,1.0
2.0919,0.003912000000000075,0.004106239570237624,0.00021489975229237816,1.0
2.0929,0.003913228754870383,0.003988935119677807,0.00021547874103874874,1.0
2.0938,0.003915917088501878,0.004069474223668753,0.0002162266035520993,1.0
2.0948,0.003919333697343064,0.003902522279293011,0.00021685827842383496,1.0
2.0958,0.0039227503061838925,0.0038125764195449077,0.0002170643529542474,1.0
2.0967,0.0039267674399966705,0.003797677045340542,0.00021653169614644965,1.0
2.0977,0.003933399311039356,0.0038364813073314638,0.00021557534849549702,1.0
2.0987,0.003938874927286153,0.003942440698440096,0.00021497152081526865,1.0
2.0996,0.003943462938556306,0.003930492063147002,0.00021478595408572733,1.0
2.1006,0.0039499134635316395,0.003906537755135424,0.00021486781513637714,1.0
2.1016,0.003956650936239608,0.003909373970698031,0.00021513087069072596,1.0
2.1026,0.0039567002408632534,0.004158266633097114,0.0002152763184074184,1.0
2.1035,0.003948840541726525,0.00403792961136121,0.00021538937157655983,1.0
2.1045,0.003942705898345644,0.004089646532337679,0.00021604403181910687,1.0
2.1055,0.003946811975135904,0.0038866732933914654,0.00021698786754067504,1.0
2.1064,0.0039657622396690375,0.0034875551870003968,0.00021760531937336616,1.0
2.1074,0.003952970908103111,0.003866491981991479,0.0002180571929656278,1.0
2.1084,0.003929620776912739,0.00408167524240873,0.00021870082947085743,1.0
2.1093,0.003922132466466172,0.003733193702229249,0.0002193661757581707,1.0
2.1103,0.003919999999999988,0.004148572982385458,0.00021950905372421022,1.0
2.1113,0.003921134377238357,0.0038189974139902173,0.00021918264880727527,1.0
2.1122,0.003922591606079328,0.00403198577196185,0.0002188878228057042,1.0
2.1132,0.0039237300105520794,0.004199153502727618,0.000219003534356157,1.0
2.1142,0.0039257383034256585,0.004176982427238969,0.00021985482958189966,1.0
2.1152,0.003928056149284979,0.00394468712591284,0.00022122540075677666,1.0
2.1161,0.0039355298015620625,0.0036088937167024515,0.00022268461580372592,1.0
2.1171,0.003954779304200657,0.00409722207930632,0.00022350317767872178,1.0
2.1181,0.003981052534690082,0.004173414062688883,0.00022303806474371397,1.0
2.119,0.00400904412431648,0.004248295628225325,0.0002220793666761496,1.0
2.12,0.004027105304969722,0.004106581270999141,0.00022155907915079353,1.0
2.121,0.0039925208093212275,0.003895329411351922,0.0002215152912244309,1.0
2.122,0.003951704517633867,0.003948026766761389,0.00022164963678960188,1.0
2.1229,0.003937241079007211,0.00414549598321465,0.0002218520081614318,1.0
2.1239,0.0039304274676763154,0.003632834690087673,0.0002224342974221475,1.0
2.1249,0.0039294291810055915,0.003932095611487617,0.00022383425638713853,1.0
2.1258,0.003937706206145766,0.0035452166650316356,0.00022563833986609922,1.0
2.1268,0.003948393693615385,0.0036031890830216036,0.00022606711019567286,1.0
2.1278,0.003961985016042662,0.0038560475486444515,0.0002244866085175173,1.0
2.1287,0.003976326026203877,0.004213355071414725,0.00022271583222136318,1.0
2.1297,0.003996424601248593,0.004105124104140108,0.00022212427710356202,1.0
2.1307,0.004022144148007559,0.004145221906281286,0.00022227758085860115,1.0
2.1316,0.004045031740714407,0.00398014599415137,0.00022241703350378943,1.0
2.1326,0.004070893729304331,0.003720442686660803,0.00022250033449639596,1.0
2.1336,0.004097083053571539,0.003944442891308604,0.0002224730296588434,1.0
2.1346,0.0040348518763654645,0.0038110768158220454,0.00022234076474859162,1.0
2.1355,0.003983408534995198,0.0038631368922829898,0.00022248256586073295,1.0
2.1365,0.003944688881702338,0.004098352965463305,0.00022289444850302116,1.0
2.1375,0.003922180236399851,0.004171073812872073,0.00022307540611092455,1.0
2.1384,0.003914573943257567,0.004032652451668004,0.00022279598727994407,1.0
2.1394,0.003915129852712188,0.004129778104805979,0.0002224261238541049,1.0
2.1404,0.0039174075919392445,0.004297734252718969,0.00022256856843851322,1.0
2.1414,0.003920528811391649,0.00430188614022698,0.00022324099511599317,1.0
2.1423,0.003925338784272146,0.0040638391183005634,0.00022385836395714622,1.0
2.1433,0.003927982722810488,0.004354291584156096,0.00022394411785306895,1.0
2.1443,0.003924710742646234,0.003980257870728291,0.00022363378786552883,1.0
2.1452,0.003922660560104088,0.0037985224698524186,0.00022332161178261305,1.0
2.1462,0.003920382820876499,0.003881036292628207,0.00022313854395736104,1.0
2.1472,0.003918552778641043,0.004146807154635787,0.0002231692911792358,1.0
2.1481,0.003918000000000002,0.004156232278880808,0.00022372855327670299,1.0
2.1491,0.00391800000000001,0.0041020923358450236,0.0002249003734319361,1.0
2.1501,0.003918000000000038,0.003846836666600961,0.00022621006561992433,1.0
2.1511,0.003917999999999891,0.004186743908647519,0.00022703519970290883,1.0
2.152,0.003917999999999767,0.004389322181036093,0.00022706504034381703,1.0
2.153,0.0039245138536250935,0.0035377337506602956,0.00022620968558377424,1.0
2.154,0.003936663569665371,0.003938548955300683,0.00022504472553621293,1.0
2.1549,0.003952306924945922,0.004420503263700606,0.00022442170141146055,1.0
2.1559,0.003976146964801032,0.0038798273434292835,0.0002244167989437497,1.0
2.1569,0.0039998755385412125,0.003967583603106263,0.00022460051200421023,1.0
2.1578,0.004017798983056449,0.003932399536657006,0.0002247101919344071,1.0
2.1588,0.004036494518514767,0.0037813265523564963,0.0002246710033502896,1.0
2.1598,0.004055515825658321,0.0039475062945645905,0.00022444813899043757,1.0
2.1608,0.004073942690907968,0.004270989573125692,0.0002242179041263637,1.0
2.1617,0.00407595900945278,0.004277048483282872,0.00022417293542583601,1.0
2.1627,0.004046388016911522,0.004310899014479632,0.00022453856079934477,1.0
2.1637,0.004016338849391333,0.004135732674117412,0.00022536312115241464,1.0
2.1646,0.003993828784012809,0.004032348723882843,0.00022603763561677656,1.0
2.1656,0.00398399921080095,0.004047332819145845,0.00022628829523283698,1.0
2.1666,0.003976225764524439,0.0038952305173621253,0.00022651588586779548,1.0
2.1675,0.003965873676738488,0.0039871298215514205,0.000226747516548051,1.0
2.1685,0.003968507668532104,0.0041506730703412785,0.00022692559616011135,1.0
2.1695,0.003975044049204553,0.004300397855528304,0.00022720964211887231,1.0
2.1705,0.003983836355847806,0.0038736966208538534,0.00022751094577899497,1.0
2.1714,0.003975935099469274,0.00433092983192259,0.00022764368997082521,1.0
2.1724,0.003960279894727825,0.00396330473966468,0.00022768117168799296,1.0
2.1734,0.003947187639727474,0.003923166790908135,0.00022786806703922993,1.0
2.1743,0.003937243054313976,0.003912672107120404,0.00022849917079923308,1.0
2.1753,0.0039292192123519115,0.003830963300075515,0.0002297560013828549,1.0
2.1763,0.0039275843380731194,0.004180267474224518,0.00023137212596702902,1.0
2.1772,0.00392921747204587,0.0037155438412097967,0.00023299236756039708,1.0
2.1782,0.003930747160005771,0.0036586635931575378,0.00023430818460973125,1.0
2.1792,0.003932772059238584,0.003922716484169411,0.00023471722275710907,1.0
2.1801,0.003933911120890534,0.003928922573532965,0.0002338099939882868,1.0
2.1811,0.003933999999999869,0.003730573944048356,0.00023226495282395378,1.0
2.1821,0.003934000000000029,0.004214826122900311,0.000231079728131407,1.0
2.1831,0.003933999999999949,0.003972969800323575,0.00023048442434055535,1.0
2.184,0.003934000000000021,0.0037998847570155756,0.000230097573370808,1.0
2.185,0.003934981646422758,0.004177564987486498,0.00022984772425944737,1.0
2.186,0.003939779786233761,0.004610127592749999,0.00022984340704410277,1.0
2.1869,0.0039465834886729416,0.004072502236600671,0.00022993181433501783,1.0
2.1879,0.003954551154300429,0.004148743648809095,0.00023003616362824708,1.0
2.1889,0.003963453247348324,0.003954118309715839,0.00023014120338763053,1.0
2.1899,0.003975128408514491,0.0037487502562004666,0.00023018778912435735,1.0
2.1908,0.003991721102460301,0.004072896205711906,0.00023014384543704907,1.0
2.1918,0.004012225643357779,0.004148628912675172,0.0002300667703134009,1.0
2.1928,0.004033090847844317,0.0037462872064811933,0.00023003998022100741,1.0
2.1937,0.004052156438145331,0.004264274274344417,0.0002300422111328921,1.0
2.1947,0.004065682247552752,0.00414916702151587,0.0002300567573406803,1.0
2.1957,0.00406327276613056,0.0039109176539066015,0.00023012771956291256,1.0
2.1966,0.004056797537627679,0.004171182025418051,0.0002302413251305732,1.0
2.1976,0.004049131723622785,0.0042214213635671845,0.0002303657910501002,1.0
2.1986,0.004042136306693184,0.00383346423000907,0.00023056890811413357,1.0
2.1996,0.004038974581133948,0.0038522215558682202,0.00023093906038468057,1.0
2.2005,0.004056401132744577,0.003864943965642269,0.00023152214582472072,1.0
2.2015,0.004075761916175822,0.004238047920010722,0.00023232317766292454,1.0
2.2025,0.004095537984385829,0.003921394671040568,0.0002328337408298744,1.0
2.2034,0.004113972823679583,0.004228172708557813,0.00023302323402960817,1.0
2.2044,0.004121089620950655,0.004106075317509953,0.00023350865096950158,1.0
2.2054,0.0041024182552609504,0.003882228899599085,0.00023446893481630937,1.0
2.2063,0.004078841156023212,0.004473613291265922,0.00023526756126865056,1.0
2.2073,0.004052647154910149,0.003893104861867565,0.0002354729526788789,1.0
2.2083,0.004026496012624807,0.0045124949244874386,0.0002355408319356535,1.0
2.2092,0.004004618174072763,0.003960980522481867,0.0002354926510463203,1.0
2.2102,0.003995691914186919,0.003546349532341699,0.000234873344953907,1.0
2.2112,0.003987719826891573,0.004044320918187017,0.00023409551431410037,1.0
2.2122,0.003980215519615326,0.004358725239335627,0.00023359267966608608,1.0
2.2131,0.003973580073363172,0.003910415935397229,0.00023323563823345815,1.0
2.2141,0.003971882291685182,0.0044770075430087194,0.00023302070768894509,1.0
2.2151,0.0039860317192859,0.0036591077957533074,0.00023296839372318078,1.0
2.216,0.004004249933889927,0.004331401997061062,0.00023303962252921366,1.0
2.217,0.004025680119542667,0.004089852699220075,0.00023333395421417123,1.0
2.218,0.004046297002110156,0.004446011206527488,0.00023387635212897997,1.0
2.219,0.004061925955700666,0.003893842985210275,0.00023442778433364122,1.0
2.2199,0.004050284413539835,0.003871170366286804,0.00023480228256083122,1.0
2.2209,0.0040320581549641655,0.0036653712884474826,0.0002350731056976036,1.0
2.2219,0.004013836241146391,0.004290789496626461,0.00023534421795158952,1.0
2.2228,0.003999048676630562,0.004233266345147106,0.0002358772319391811,1.0
2.2238,0.003991653886277925,0.003730307408285984,0.00023675940845054475,1.0
2.2248,0.003988563405934122,0.003692794225724741,0.00023774532722419501,1.0
2.2257,0.003991348070983268,0.003958776356574555,0.00023885632413245527,1.0
2.2267,0.0039968807945338835,0.004252388290710466,0.0002397147113459904,1.0
2.2277,0.004003683337409363,0.003814779788163915,0.00023976193500053453,1.0
2.2286,0.00400788815328479,0.004275497548118013,0.0002390256340059935,1.0
2.2296,0.00399655439275182,0.0038869770720010104,0.0002380556952540173,1.0
2.2306,0.003979996100632223,0.004347273956667889,0.00023733111250822192,1.0
2.2316,0.003967997248951515,0.0041059946828161465,0.00023697441586077186,1.0
2.2325,0.003959357667404436,0.004107800114654234,0.0002369713560981052,1.0
2.2335,0.003952406584198785,0.003711405101891819,0.00023727056740553134,1.0
2.2345,0.003953572658321609,0.003944109231484318,0.00023778359543583522,1.0
2.2354,0.003959295864270196,0.003748745167324095,0.00023845619408667008,1.0
2.2364,0.0039672151365865264,0.0043286997679620395,0.00023928437051045986,1.0
2.2374,0.003979086136645637,0.0038423835944916642,0.00024018160001194967,1.0
2.2384,0.003992387083848892,0.004048460876016392,0.00024082944710515153,1.0
2.2393,0.003991853941706703,0.0037998157138796835,0.00024069194415793208,1.0
2.2403,0.003972064804511392,0.004050617532663712,0.00023979001232435308,1.0
2.2413,0.003957383637204648,0.00413076781252776,0.00023886506509324183,1.0
2.2422,0.003947369647445964,0.004212650476375724,0.0002384172316493116,1.0
2.2432,0.003938649833783633,0.0036597396412253735,0.00023839971085975426,1.0
2.2442,0.003938806358146243,0.004169927357885483,0.0002385980677976232,1.0
2.2451,0.003950139244131922,0.004153918133493133,0.0002388962585937812,1.0
2.2461,0.0039683427991584995,0.0038771615353021182,0.0002391213136395613,1.0
2.2471,0.003992357207488026,0.004094897796017449,0.0002391327823065417,1.0
2.2481,0.00402469640053145,0.003908339489084275,0.00023911115855659943,1.0
2.249,0.004052905648824743,0.004486666002445631,0.00023918905925184736,1.0
2.25,0.004067063781321051,0.0038506093987894945,0.00023941510905753997,1.0
2.251,0.004076174738230366,0.00405159579584283,0.0002395195114806148,1.0
2.2519,0.004084375468399589,0.0038388964019452675,0.00023947865694894037,1.0
2.2529,0.004094288926733192,0.0037484786871983607,0.00023947213386432022,1.0
2.2539,0.004103590442978995,0.004033521440752476,0.00023962050112219803,1.0
2.2548,0.004105947793287153,0.0041978988043749645,0.000239843044071771,1.0
2.2558,0.004109225532514359,0.00404444626168908,0.00024008442377631303,1.0
2.2568,0.004111503271741557,0.004279592240646954,0.00024045755180122726,1.0
2.2578,0.004113780664923442,0.004147820367171977,0.00024099775254641606,1.0
2.2587,0.004114171084393103,0.0037685548168641114,0.00024163559368635686,1.0
2.2597,0.004098052827961092,0.004054106806697282,0.0002423143991559267,1.0
2.2607,0.0040679958169715915,0.0039682431117057295,0.00024303861728734266,1.0
2.2616,0.004042778563618836,0.0031549304874168107,0.00024395744094201467,1.0
2.2626,0.004016324531772383,0.00374636034739188,0.0002448132316881375,1.0
2.2636,0.003993111366567337,0.0036500577841675082,0.0002452384663570935,1.0
2.2645,0.003990558290468528,0.003733526156409224,0.00024564092032590016,1.0
2.2655,0.004024226954362438,0.0042240189171407995,0.0002461223695163795,1.0
2.2665,0.0040629987002919225,0.00372908838755954,0.0002460888435232399,1.0
2.2675,0.004105554153390449,0.004128422433782888,0.0002454763133196519,1.0
2.2684,0.004144943280004896,0.003978632029270591,0.0002447860739538814,1.0
2.2694,0.004172588490879507,0.004474805310777237,0.00024431346253364595,1.0
2.2704,0.004162238102454548,0.0038620192436917356,0.0002440764141849359,1.0
2.2713,0.004142499463179133,0.004652223300763115,0.00024398251498320564,1.0
2.2723,0.004120860940520419,0.0045993793751466045,0.00024388634253461896,1.0
2.2733,0.004099244057952998,0.004344776525159856,0.0002439568442378016,1.0
2.2742,0.004080480978442264,0.004033539427446068,0.0002441201420400889,1.0
2.2752,0.004073000000000008,0.004334111724846622,0.00024435467807981605,1.0
2.2762,0.00407265711153078,0.0038554544861007793,0.00024480727991306987,1.0
2.2771,0.004071632438894129,0.004272652994970806,0.0002454328690907479,1.0
2.2781,0.00407049428959797,0.0038191362730177463,0.00024616838699910887,1.0
2.2791,0.004069999999999902,0.00432005303824165,0.0002471835237144764,1.0
2.2801,0.0040817558176480225,0.004580069997888028,0.0002484252473932062,1.0
2.281,0.004103596440708421,0.0039924038501392535,0.0002494962267061756,1.0
2.282,0.004128849005349195,0.0040335518010025505,0.00025006875028120803,1.0
2.283,0.0041549644926241695,0.004121733838474006,0.0002499196845651901,1.0
2.2839,0.004178541591861608,0.004226541931176448,0.0002491577360263008,1.0
2.2849,0.004199249373607552,0.004179555509036309,0.00024831502370178965,1.0
2.2859,0.004197668911388588,0.004157183067538335,0.0002477767633557194,1.0
2.2869,0.004190835693706921,0.004067653095086786,0.0002476009652891602,1.0
2.2878,0.004185240764370486,0.003854673177585245,0.0002478005016630192,1.0
2.2888,0.004178858762111124,0.004200008677140456,0.0002485431280656925,1.0
2.2898,0.004172025544429466,0.0040844711857022245,0.0002503824178254176,1.0
2.2907,0.0041616041608041636,0.00395972745294348,0.000254254251657701,1.0
2.2917,0.004147090521427982,0.004200258224433174,0.00026019135250058536,1.0
2.2927,0.004133296492713521,0.0038391648458818454,0.00026682819419957335,1.0
2.2936,0.004120126436481047,0.0043118651299811715,0.0002722447800504842,1.0
2.2946,0.00410646000111789,0.004598496327037443,0.00027450018072953887,1.0
2.2956,0.004110148346573063,0.0036304813976820297,0.0002739637140069108,1.0
2.2966,0.004147774405894294,0.004452291811865778,0.00027249894788963287,1.0
2.2975,0.00418669171062721,0.004157330661762579,0.0002695921679871526,1.0
2.2985,0.00423069747194895,0.003937663336394154,0.00026596417762003797,1.0
2.2995,0.0042751133868797215,0.004342337633733979,0.00026508704738961014,1.0
2.3004,0.004315991739955158,0.004231171439160889,0.0002678268671304877,1.0
2.3014,0.004297685454175273,0.004512648141557798,0.00027104410270473,1.0
2.3024,0.004258961532228241,0.004581989217909567,0.00027228355075119276,1.0
2.3033,0.004224149508465439,0.0043069188814096335,0.0002716508164882531,1.0
2.3043,0.00418575933519855,0.00395982383309818,0.00026960262836505424,1.0
2.3053,0.004148176637949245,0.0042277012079363924,0.0002662144050742562,1.0
2.3062,0.0041193944969090315,0.004150069636179318,0.000262378553578625,1.0
2.3072,0.0040945027818907334,0.0040127867986782225,0.00025982585877607856,1.0
2.3082,0.004070595065314641,0.00403090337544548,0.00025958984741199394,1.0
2.3092,0.004046673100934211,0.00429425761805107,0.00026149565700722146,1.0
2.3101,0.004026091604037144,0.003961851386141922,0.00026390088662304486,1.0
2.3111,0.004006348630588036,0.0043156159979301535,0.00026498364507828847,1.0
2.3121,0.004027910059559029,0.00401894485846085,0.0002649574998780371,1.0
2.313,0.004059907563020445,0.0039671453883949005,0.000264387968421582,1.0
2.314,0.0040967373716141635,0.004159778511521546,0.00026280495497977554,1.0
2.315,0.004133803907807154,0.004190264775598045,0.00026086292734066877,1.0
2.316,0.0041709117271752656,0.0038880999029244556,0.0002596251524969473,1.0
2.3169,0.004188201747034048,0.004743881798369484,0.00025867348959159807,1.0
2.3179,0.004185210925157622,0.0039235637055390305,0.00025785652416758785,1.0
2.3189,0.004177238316216701,0.004054109674695312,0.00025750286692929935,1.0
2.3198,0.0041700645781497835,0.0038166934713933258,0.00025812609311063836,1.0
2.3208,0.0041620905900229795,0.0037448332563784006,0.00025975583486508415,1.0
2.3218,0.004153312146753927,0.0041215405038472945,0.0002626834881586916,1.0
2.3227,0.00414218395055217,0.004302302288620479,0.00026728884977225936,1.0
2.3237,0.004126957498398362,0.004025855243617196,0.0002720318809600208,1.0
2.3247,0.004111580270563093,0.0038367766437183864,0.0002752736800676993,1.0
2.3256,0.00409766204601102,0.003979761283354541,0.00027745209930983187,1.0
2.3266,0.0040824487790606856,0.004005689595227538,0.0002793678712876736,1.0
2.3276,0.004071146734244339,0.003921938143625951,0.0002820167696289407,1.0
2.3286,0.004070999999999983,0.003986704900470793,0.0002849182137564663,1.0
2.3295,0.0040710364008494085,0.003969306480972349,0.00028516008683799666,1.0
2.3305,0.004072175270462827,0.004421370622946785,0.0002819337760401907,1.0
2.3315,0.00407551529299093,0.004294682285945483,0.00027789679083147536,1.0
2.3324,0.004092190849694766,0.0044693836069035825,0.0002752485744410394,1.0
2.3334,0.0041197268026780575,0.0041300364528283695,0.0002745180412413447,1.0
2.3344,0.004151876333145403,0.0040275701103908,0.00027505543895750594,1.0
2.3354,0.004202741239230577,0.004004624378644924,0.00027532021206147744,1.0
2.3363,0.004249882946527169,0.003940715636684617,0.0002746637104466097,1.0
2.3373,0.004302283439931669,0.004226253955441667,0.0002736882646675704,1.0
2.3383,0.004351007244292586,0.003950747261998864,0.00027266856665632917,1.0
2.3392,0.004314718914058185,0.004510813125321211,0.00027108766496717756,1.0
2.3402,0.004269164129513483,0.004433674739313218,0.0002692332708982592,1.0
2.3412,0.004223958520997842,0.004188382713477409,0.0002685128990893288,1.0
2.3421,0.004184007627363432,0.004675512365155176,0.0002690897702035243,1.0
2.3431,0.00414013132548068,0.0037140006779315987,0.0002699259920406158,1.0
2.3441,0.004129279024163274,0.003982686751436781,0.00026992882703301093,1.0
2.3451,0.004159419769738981,0.004090990053044183,0.00026897319283979555,1.0
2.346,0.004194073472042582,0.004121401663108035,0.0002677943174704805,1.0
2.347,0.004232795038905469,0.003724413915359954,0.00026717824502992004,1.0
2.348,0.004271589676181457,0.004121935278636985,0.0002676342183403722,1.0
2.3489,0.004304148881030217,0.004555813477543409,0.0002694437690362017,1.0
2.3499,0.004305336923464644,0.004626051265871339,0.00027241276310263504,1.0
2.3509,0.00427686518312426,0.004709922893133442,0.00027667708226777096,1.0
2.3518,0.004251237901344401,0.004197750128222967,0.0002829440667065768,1.0
2.3528,0.004223351060053705,0.00394357973858829,0.0002896994366761561,1.0
2.3538,0.004195316105784014,0.0038250585616544665,0.00029335215040977,1.0
2.3548,0.004171075492355007,0.0038447234267864677,0.0002932068568871734,1.0
2.3557,0.004172356583267227,0.003827466776624499,0.00029103274397831823,1.0
2.3567,0.004178050873392944,0.004151150428058465,0.00028844269081529226,1.0
2.3577,0.004183740942379395,0.004764255771874902,0.00028701953990576025,1.0
2.3586,0.004188865040998518,0.0038027202980194363,0.0002862306390098535,1.0
2.3596,0.004194560746803283,0.004007809400186847,0.0002842317745654761,1.0
2.3606,0.004188077582565694,0.0040296920155789345,0.0002810874805325315,1.0
2.3615,0.004162192802881053,0.004419847105368856,0.0002780544264180891,1.0
2.3625,0.004129185873524123,0.003961675012410557,0.0002758428713588649,1.0
2.3635,0.004096916502098781,0.004081258119953677,0.00027503844462012746,1.0
2.3645,0.004065028152917556,0.004298301711327529,0.00027582532665289673,1.0
2.3654,0.004037242540276871,0.00417707547191243,0.0002769313936239907,1.0
2.3664,0.004026948813627421,0.0040750613455942785,0.0002769503677109674,1.0
2.3674,0.004046111371175845,0.004400180900079125,0.00027642313705459676,1.0
2.3683,0.004062498151983508,0.0035905317709869623,0.00027679012523519777,1.0
2.3693,0.004081077569913729,0.003921902028282657,0.0002787858503314822,1.0
2.3703,0.004099946324376669,0.0036072267917294986,0.00028282998748365665,1.0
2.3712,0.004116347784715849,0.004094784689693071,0.0002890999142391071,1.0
2.3722,0.004117393938416499,0.004802282918954576,0.00029557919820371215,1.0
2.3732,0.004106812903811146,0.004028980683315447,0.0002983394088050087,1.0
2.3741,0.0040967657190900345,0.0040239679582749445,0.0002970980886674673,1.0
2.3751,0.004086339320658621,0.0036980413122438037,0.0002937551154876805,1.0
2.3761,0.004076188489075554,0.004657252453909167,0.00028977644031513434,1.0
2.3771,0.004068519929818542,0.0037145600427855936,0.0002864710934308924,1.0
2.378,0.004067792782394603,0.003750821065089951,0.0002841481612255965,1.0
2.379,0.0040716125216474115,0.004595277106705195,0.0002823504109326738,1.0
2.38,0.004076169086291257,0.004053134208834931,0.00028109298760185683,1.0
2.3809,0.004080268365186579,0.0042426213683794236,0.0002817104273029054,1.0
2.3819,0.004084824929830349,0.0036832394494408695,0.0002852277681213605,1.0
2.3829,0.004086844140635493,0.003928176198699592,0.00028982213859748377,1.0
2.3839,0.004073240341742453,0.004259543450419309,0.0002921841770911927,1.0
2.3848,0.00405788906394593,0.003967447387210424,0.00029235931118458706,1.0
2.3858,0.004041944889355317,0.004009903719748621,0.00029182670250568705,1.0
2.3868,0.004025996913101826,0.004325736554179171,0.00029081940180598984,1.0
2.3877,0.004011650589076073,0.003953107035126738,0.0002897011794762253,1.0
2.3887,0.004005590053688529,0.003897513051305414,0.0002887213378054684,1.0
2.3897,0.004020577273844689,0.003738249939812626,0.00028827252169379234,1.0
2.3906,0.004039028916726133,0.003410732613135406,0.0002889401330703283,1.0
2.3916,0.004059528569771061,0.0036714765894654187,0.00029001753148950003,1.0
2.3926,0.004080904585524702,0.00453763680558732,0.00028998049423400096,1.0
2.3936,0.004101398426446912,0.004222188639525906,0.00028969138948690455,1.0
2.3945,0.004114839349090608,0.0037093404034012,0.00029092515430188104,1.0
2.3955,0.004111230320333123,0.004380163815970762,0.000292465177770721,1.0
2.3965,0.004106673755689256,0.00427313499902604,0.00029263356290056415,1.0
2.3974,0.004102576098549624,0.0034180104491336643,0.000292235607231513,1.0
2.3984,0.004098516850968905,0.004262655852331344,0.00029166981710456407,1.0
2.3994,0.004094466989504241,0.004121191547181378,0.0002911473973787387,1.0
2.4003,0.004090366624419562,0.004368084956173344,0.0002917371087311714,1.0
2.4013,0.004085811145965123,0.004115149478558072,0.0002937808808670885,1.0
2.4023,0.004081255667510555,0.003937044025147596,0.00029631230964144927,1.0
2.4032,0.004078119757277986,0.0040131727928306195,0.00029826822578842124,1.0
2.4042,0.0040736032935905706,0.003597630132454323,0.00029904645770702405,1.0
2.4052,0.00406928586135201,0.003906558197061982,0.00029807072359226645,1.0
2.4062,0.004067376915829569,0.003689828105062805,0.00029655805931597004,1.0
2.4071,0.004068000000000034,0.0037090198045975045,0.00029612679414171145,1.0
2.4081,0.004068539737762278,0.004339297325672254,0.00029672649124980806,1.0
2.4091,0.0040696788789232295,0.0040265154269686215,0.0002973545220633454,1.0
2.41,0.0040707039701944414,0.004282014777237354,0.00029757209814872186,1.0
2.411,0.004072685679616163,0.003986784317178308,0.00029794168738769833,1.0
2.412,0.004075945128264861,0.004233040056727887,0.00030078495545931086,1.0
2.413,0.004081598558152153,0.003914189898043051,0.0003066237731672381,1.0
2.4139,0.004086867188125543,0.0037574843295816247,0.000312576693663691,1.0
2.4149,0.004093418362576312,0.004209291563603044,0.0003159511136893727,1.0
2.4159,0.004099112710644315,0.0037079083400497876,0.0003167705282970791,1.0
2.4168,0.004104685800400186,0.0038699775775700466,0.00031511220215538476,1.0
2.4178,0.004099212463378979,0.004624992151392124,0.0003114551405125159,1.0
2.4188,0.004079234400773045,0.0038304317653528957,0.00030855461329740125,1.0
2.4197,0.004059762826020118,0.004433611590174449,0.0003080498076272982,1.0
2.4207,0.0040381191439616436,0.004457358708143059,0.0003086078035092936,1.0
2.4217,0.004017535821422024,0.004182325071160371,0.0003083267541763465,1.0
2.4226,0.004000538407640809,0.0039055613018378252,0.0003067212656868623,1.0
2.4236,0.00399884567552708,0.0037686706165768716,0.0003043388689549418,1.0
2.4246,0.004040832063418648,0.004299272577719155,0.00030310247220889235,1.0
2.4256,0.00408525856869645,0.004033957523918064,0.0003051802373398795,1.0
2.4265,0.004126223647671584,0.004047005925261759,0.00030957010716636184,1.0
2.4275,0.0041735192270113824,0.004007157857884773,0.00031212646031959367,1.0
2.4285,0.004221334118923391,0.004382046039308851,0.0003104128768920471,1.0
2.4294,0.004242129317438088,0.004335383170297167,0.0003069561327334574,1.0
2.4304,0.004225389761957401,0.004427998440109454,0.00030488517421758363,1.0
2.4314,0.0042025407595972,0.0045211398850034945,0.0003044747468006452,1.0
2.4324,0.004179556596515169,0.004538340619033733,0.000305208060749016,1.0
2.4333,0.004158284320944293,0.004379008928110691,0.00030672796944859797,1.0
2.4343,0.004135506928672007,0.003966631344695109,0.0003086311194608026,1.0
2.4353,0.0041204310263630245,0.0036869543847555942,0.0003100746368403995,1.0
2.4362,0.004118000000000133,0.004246694720329184,0.00031148011520062583,1.0
2.4372,0.004118677755612174,0.004467038976360855,0.0003136624743280419,1.0
2.4382,0.004118999999999933,0.004315858109486231,0.00031701299012083805,1.0
2.4391,0.004118999999999961,0.00438886678487021,0.00032107808979104974,1.0
2.4401,0.004119979447158641,0.004051342779092222,0.0003228009761211486,1.0
2.4411,0.004119526732911886,0.003974023166870761,0.0003205169818600578,1.0
2.4421,0.004114971339862634,0.003884304623664315,0.0003171466785823802,1.0
2.443,0.0041108743589918255,0.00432127342505978,0.00031463673168136223,1.0
2.444,0.00410673916040294,0.004495616371680083,0.0003133991414691247,1.0
2.445,0.004104440850520739,0.004479762904369135,0.00031471746228418506,1.0
2.4459,0.004106921203752358,0.003564342365470597,0.0003188553572838222,1.0
2.4469,0.0041140617725486574,0.003916236147506006,0.00032241266508197306,1.0
2.4479,0.004091884423786476,0.004057161832016896,0.0003218631374054405,1.0
2.4488,0.004072934534650786,0.004637405756448786,0.0003183384992424611,1.0
2.4498,0.004058724191965368,0.003797702748735614,0.0003150072428414438,1.0
2.4508,0.004046196626215887,0.004053602877182957,0.00031342034189528483,1.0
2.4518,0.004033969157677293,0.004116324682671282,0.00031421687683964806,1.0
2.4527,0.004027982592742178,0.004352441479524782,0.00031767432237113553,1.0
2.4537,0.004045374903442132,0.0044613087106295714,0.00032242275147446604,1.0
2.4547,0.004083562376469937,0.003335318652372474,0.00032582784151930237,1.0
2.4556,0.004118415479690513,0.00433997979294548,0.0003264058818361647,1.0
2.4566,0.004157905783216668,0.003762537792696825,0.0003261058823680784,1.0
2.4576,0.0041977395739941446,0.004651649424534883,0.0003256864972094465,1.0
2.4585,0.004234536109455139,0.004089387015965293,0.00032480218937573575,1.0
2.4595,0.004246586004861234,0.0045580137935960375,0.0003240640708779624,1.0
2.4605,0.004223808612588821,0.003986759968629683,0.00032471618785532213,1.0
2.4615,0.004201031220316631,0.0041646100230522945,0.0003263515396142622,1.0
2.4624,0.004180910999180907,0.004567632452872229,0.0003277527672509647,1.0
2.4634,0.004158774781663652,0.003692502569068075,0.0003293902869032663,1.0
2.4644,0.004135991958444385,0.0036592679223460744,0.0003309679361955496,1.0
2.4653,0.004117516613067621,0.0046774117988826825,0.0003317728389162587,1.0
2.4663,0.004098155829636127,0.004309754145354257,0.0003328342764621985,1.0
2.4673,0.004079748278780923,0.0038569056349997536,0.00033523561472363346,1.0
2.4682,0.004063364626384307,0.0037411084436552357,0.00033801430314782177,1.0
2.4692,0.004045143127858517,0.004252350008341048,0.0003395982513475757,1.0
2.4702,0.004026916869283148,0.004760947390344789,0.00033992208769734823,1.0
2.4711,0.004012477417530984,0.003942006940177278,0.00033930755753960716,1.0
2.4721,0.00400432528120607,0.0037248676381960466,0.0003368565363281426,1.0
2.4731,0.00400032933835165,0.0037861210113286858,0.0003319659490462277,1.0
2.4741,0.003996911914868709,0.004062912213672917,0.00032708843296498056,1.0
2.475,0.003996000000000181,0.0034333008493577866,0.0003240727610550711,1.0
2.476,0.003999439957047437,0.0039055645114963477,0.00032183472796521085,1.0
2.477,0.004013984024256291,0.003904663249909764,0.0003213679109950351,1.0
2.4779,0.004012703454471667,0.004095847963508452,0.0003245012887067848,1.0
2.4789,0.003998221511110971,0.004299676894441487,0.0003311179761606421,1.0
2.4799,0.003985994495782839,0.004235206825709321,0.0003387483929154106,1.0
2.4809,0.0039750427757558795,0.004471674945593558,0.00034509217717050393,1.0
2.4818,0.003966746520022925,0.004351368469698459,0.00034822725065462883,1.0
2.4828,0.003958779239971277,0.004094748668689378,0.00034873903076016995,1.0
2.4838,0.003962672448160267,0.00405994401791665,0.0003505072789910608,1.0
2.4847,0.003981095962402861,0.004017783812666371,0.0003559870373521907,1.0
2.4857,0.004006822912316132,0.003324811721413709,0.000364062314752932,1.0
2.4867,0.004035110864146676,0.003822429671082214,0.0003722868500359248,1.0
2.4876,0.004060710937343631,0.004291361545961473,0.0003778821357256481,1.0
2.4886,0.004089182677683937,0.0045625646326684696,0.00037889586942389054,1.0
2.4896,0.004109692353441915,0.004194992641645162,0.00037763568405480935,1.0
2.4906,0.004103234913888982,0.003943678097660119,0.0003774124212889607,1.0
2.4915,0.004087347935913445,0.004117988066146501,0.00037736878060272406,1.0
2.4925,0.004069623358230746,0.0033914463045859266,0.00037615447660647186,1.0
2.4935,0.004051407849148999,0.004363547575428418,0.00037482631662921317,1.0
2.4944,0.004035818489509098,0.003963200177905952,0.0003742362723233986,1.0
2.4954,0.00401873544530491,0.003720420148134192,0.0003747323269426215,1.0
2.4964,0.004006549442630208,0.003659567815467768,0.00037660435248610026,1.0
2.4973,0.004001425997771891,0.0039514196160586445,0.00037836760874567036,1.0
2.4983,0.003995988266373645,0.00426110607702088,0.0003789080883039658,1.0
2.4993,0.003991040984898952,0.004176679013572166,0.0003796623199077124,1.0
2.5002,0.003985915528542871,0.0038669534759434164,0.00038002444923421636,1.0
2.5012,0.00398077694437977,0.0036153963682227673,0.000379549848727672,1.0
2.5022,0.0039755268324068276,0.003955532541846703,0.00037907858953322126,1.0
2.5032,0.003969835869347571,0.003548614252743746,0.0003790817433598788,1.0
2.5041,0.003964711365006834,0.004115045464836933,0.00037919119124126666,1.0
2.5051,0.003959017016938745,0.004367432248034025,0.00037919680045093426,1.0
2.5061,0.003954322668870676,0.004065897838847809,0.0003784132425666475,1.0
2.507,0.003949518875486615,0.004212692930467219,0.0003767200665059418,1.0
2.508,0.003946105135524537,0.0031956763544608974,0.00037536630888846626,1.0
2.509,0.003943562570680512,0.004001492683273583,0.0003755769836335041,1.0
2.51,0.0039430000000001035,0.004108098173702793,0.0003779057584045069,1.0
2.5109,0.00394420278040854,0.0038430430729719817,0.00038185613975642906,1.0
2.5119,0.003947220779453686,0.004302430828263987,0.00038561062396749057,1.0
2.5129,0.003952392002613521,0.003528040341376328,0.0003870162545829426,1.0
2.5138,0.003958418490503203,0.0036200346892761703,0.00038626958689365234,1.0
2.5148,0.003963535547973381,0.004459770456012724,0.00038561059389696025,1.0
2.5158,0.003951370167273871,0.0037539599311730834,0.0003855245280252236,1.0
2.5167,0.003942762897222085,0.003648062868499723,0.00038435201482828326,1.0
2.5177,0.00393731067828466,0.0028494379036857315,0.00038140947129141446,1.0
2.5187,0.003936000000000133,0.003739886386015756,0.00037780228396664485,1.0
2.5196,0.003936507875342601,0.003682530295280169,0.00037478542715361243,1.0
2.5206,0.0039376470165035805,0.0037847892850147815,0.0003732518817610487,1.0
2.5216,0.0039379999999999355,0.004238349596760174,0.0003737580690466032,1.0
2.5226,0.003937999999999924,0.003618498757284366,0.0003773369820921557,1.0
2.5235,0.003938000000000021,0.004305914180474855,0.00038245299855048403,1.0
2.5245,0.003939087577663571,0.004639014867012415,0.00038698235089110563,1.0
2.5255,0.003940453437648828,0.0040055090636315314,0.0003896049895715437,1.0
2.5264,0.0039427554302868244,0.004456345711986853,0.0003902777529680609,1.0
2.5274,0.003945780470499747,0.0035550334248424056,0.0003896157719092313,1.0
2.5284,0.003948056820741251,0.004524328210147967,0.00038759422893925346,1.0
2.5294,0.003949667551531518,0.004146721577002809,0.0003850849491877528,1.0
2.5303,0.003951384742510807,0.004072189503172351,0.0003839522148843112,1.0
2.5313,0.003953663024832789,0.004256751097603634,0.0003837107387710789,1.0
2.5323,0.003955940764060012,0.0035149206220514875,0.00038269510342711486,1.0
2.5332,0.003958983022383884,0.003742486778909475,0.00038083759243990814,1.0
2.5342,0.003958733592074604,0.003732990771285042,0.0003786685209373701,1.0
2.5352,0.003957817035370866,0.0038289563726367367,0.0003772511592333736,1.0
2.5361,0.0039626744836272765,0.004439442926028803,0.00037623858123191653,1.0
2.5371,0.003975972954273799,0.0037611926502789904,0.0003747459265009978,1.0
2.5381,0.003998776880077406,0.003658763980488253,0.00037409124606882304,1.0
2.5391,0.00403252590735572,0.0039515478603981994,0.00037484228855299683,1.0
2.54,0.004072995897297361,0.003798780394190909,0.0003760249289746024,1.0
2.541,0.004041033508752698,0.004202712389919085,0.0003778526111629457,1.0
2.542,0.003993504306363613,0.003659781930931974,0.0003798964379324717,1.0
2.5429,0.003962080905088821,0.003610035148929254,0.0003806902772286537,1.0
2.5439,0.0039374963763330485,0.003829565988750507,0.0003791428067539866,1.0
2.5449,0.003923458400995809,0.0039899852450712625,0.0003777382826187563,1.0
2.5458,0.003916971626559771,0.004373569728176941,0.0003785443786947293,1.0
2.5468,0.003915481660760359,0.0042553087479694635,0.0003807893845401368,1.0
2.5478,0.0039197205739721925,0.0047188223601736514,0.0003824176784706144,1.0
2.5488,0.003929585325827744,0.004102565886754461,0.00038277674541538316,1.0
2.5497,0.003942970733955501,0.0039155462318564895,0.0003821145008993203,1.0
2.5507,0.0039616823889487285,0.004352134540139238,0.0003804085703215572,1.0
2.5517,0.003982169725680717,0.004290061044975226,0.0003786640994843262,1.0
2.5526,0.0040014503618035786,0.005120000377824729,0.00037850435372555497,1.0
2.5536,0.004018346739367225,0.004118476467809963,0.0003789558811832217,1.0
2.5546,0.004027359914097448,0.003995287645906662,0.0003784055769306138,1.0
2.5555,0.004041991514027882,0.0035606098389204337,0.00037735192045975453,1.0
2.5565,0.004066182176490074,0.004511596424963523,0.00037663255591248836,1.0
2.5575,0.00409995816092106,0.004121875259164722,0.0003768140351939325,1.0
2.5585,0.004145578831926877,0.004909341766127463,0.00037869542644001716,1.0
2.5594,0.004195462507660763,0.003965098079442039,0.0003824049736671263,1.0
2.5604,0.004209808718600963,0.004997663829558492,0.000386260930193132,1.0
2.5614,0.004199930106195733,0.004675950744353789,0.00038810812851734907,1.0
2.5623,0.004189812626496941,0.003765693551949347,0.00038740628172356784,1.0
2.5633,0.00417957169818219,0.004291488539638272,0.0003849611286070188,1.0
2.5643,0.004169728380207501,0.004483075829606792,0.00038219103605145326,1.0
2.5652,0.004161093606292874,0.004207216168919423,0.00038021184800898485,1.0
2.5662,0.00414683338625836,0.0040020624293624196,0.00038021954958104446,1.0
2.5672,0.004113664030018516,0.004093914758406105,0.0003805634769073382,1.0
2.5681,0.004081654957915654,0.0035089964480357182,0.00038032818978673703,1.0
2.5691,0.004054758692087543,0.004163160488377806,0.00038025545844582397,1.0
2.5701,0.004032793809008653,0.004590547298032208,0.0003795832476762015,1.0
2.5711,0.004016015996164036,0.003851136651273543,0.0003782287767091955,1.0
2.572,0.004003047447404156,0.003945556158430966,0.0003785012155527173,1.0
2.573,0.003994315437612368,0.003971550214279386,0.000381377639665431,1.0
2.574,0.003997725843355754,0.004783124446826805,0.00038511342806745976,1.0
2.5749,0.0040048351879771555,0.003906982054601953,0.00038828074576045726,1.0
2.5759,0.0040145668569231225,0.003978156175677957,0.00039047750824608115,1.0
2.5769,0.004026331501988945,0.004224861223109419,0.0003893077163214462,1.0
2.5779,0.0040397431107348685,0.004312699873434593,0.00038410659607322913,1.0
2.5788,0.0040529630056568575,0.004618567868477514,0.00037892720002753185,1.0
2.5798,0.0040549314713706685,0.00378981854114619,0.00037645923468303407,1.0
2.5808,0.004016052740631432,0.004373338435489734,0.00037651093154840367,1.0
2.5817,0.003986863335246675,0.003918629293256309,0.0003778231787676853,1.0
2.5827,0.003963573137979953,0.0035357882143463946,0.00037769146120975906,1.0
2.5837,0.003948500731222791,0.004735208342485055,0.00037449625732986406,1.0
2.5846,0.0039387998016288525,0.004068933869009076,0.0003695736510406825,1.0
2.5856,0.003931680527950099,0.004225449638683552,0.0003659263254639264,1.0
2.5866,0.003930803035571055,0.004579227612823225,0.0003656714121669507,1.0
2.5876,0.003935704168100614,0.003195664809688634,0.0003685690002506552,1.0
2.5885,0.003942761002525481,0.0034917659349233926,0.0003710203318947666,1.0
2.5895,0.00395336145252402,0.003197405322037209,0.00037072361790349486,1.0
2.5905,0.003969145760729398,0.004207751547353993,0.0003677156410417587,1.0
2.5914,0.003988448512049242,0.0040949165513739765,0.0003636210818734843,1.0
2.5924,0.0040178135906127985,0.004273574762492078,0.00036004586364519244,1.0
2.5934,0.004030635521404338,0.0038471546839629754,0.00035768385230946186,1.0
2.5943,0.004023005442330606,0.0034451256773985967,0.0003574224194003381,1.0
2.5953,0.004020000000000247,0.004066028507741579,0.0003595136018680028,1.0
2.5963,0.004026787122583039,0.003806598008254618,0.0003631188281900053,1.0
2.5972,0.004041975705505185,0.0039107487566706865,0.0003670053206821811,1.0
2.5982,0.004068378965494976,0.0038102920577940086,0.0003692538538588785,1.0
2.5992,0.004102804240998028,0.00371325737944848,0.00036836683472050996,1.0
2.6002,0.004096803510314136,0.004333413854948003,0.0003663362598704828,1.0
2.6011,0.004043170170743049,0.004587787786749208,0.00036585018693703565,1.0
2.6021,0.003997156607843763,0.0038561563393206817,0.00036558933378305397,1.0
2.6031,0.0039620379746595534,0.004458690353181421,0.0003643251993233754,1.0
2.604,0.003939290729496581,0.0036247112065776743,0.0003632549600435466,1.0
2.605,0.003923693382906093,0.003510487063204909,0.0003631179385678901,1.0
2.606,0.00391563590026726,0.003925518050368504,0.0003646005660429302,1.0
2.607,0.003915165600304914,0.003932609603476685,0.00036782406213548154,1.0
2.6079,0.003920397869883533,0.0032340365824611687,0.0003712715609652292,1.0
2.6089,0.003928763817441783,0.004040550401726833,0.0003716450714161174,1.0
2.6099,0.003940353041281648,0.003529180612271505,0.00036909880678087637,1.0
2.6108,0.003954039168407805,0.00439781665791839,0.0003675860857967341,1.0
2.6118,0.003970482153212556,0.0035762668822537404,0.0003696238343133964,1.0
2.6128,0.0039894651786100774,0.0035439190673879676,0.0003738814369419397,1.0
2.6137,0.003998646528587305,0.003784144319483777,0.0003786652479365754,1.0
2.6147,0.004000000000000029,0.00442985979905936,0.0003830453790928479,1.0
2.6157,0.004000939642921473,0.004081071521001668,0.00038568952978419225,1.0
2.6166,0.004001964734192597,0.004038140012912109,0.0003863543462948196,1.0
2.6176,0.004003102464853946,0.004260696685306317,0.0003863808700554918,1.0
2.6186,0.004004241334467554,0.003874464115030272,0.00038729788115115463,1.0
2.6196,0.004005760951257207,0.00453745325354659,0.00038942330829186135,1.0
2.6205,0.004009027834499023,0.004033937202959577,0.0003925335306435656,1.0
2.6215,0.004015811055594095,0.004152486634761745,0.0003963490004592264,1.0
2.6225,0.004025142758834913,0.004398761516913098,0.0003988818506462013,1.0
2.6234,0.004036487101352792,0.0036801658170469154,0.00039952285617382815,1.0
2.6244,0.004051845792835596,0.004021774278969524,0.00040007836253898126,1.0
2.6254,0.004071734845971618,0.004411964760759883,0.00040016462370505977,1.0
2.6264,0.0040964827766853335,0.004410449355276686,0.0003986387011965248,1.0
2.6273,0.004111913155339681,0.00398468145344916,0.00039674346162890363,1.0
2.6283,0.004096556470797161,0.004121954202908728,0.00039608107340706987,1.0
2.6293,0.004083738980721241,0.003915049312875948,0.0003970236963511679,1.0
2.6302,0.00407439262678629,0.0036222695263327907,0.00039804451059562233,1.0
2.6312,0.004065869560311267,0.003764776770235054,0.0003988141701027931,1.0
2.6322,0.004059355337868514,0.004497117651495506,0.00039917751981440166,1.0
2.6331,0.00405423417061196,0.004324830751212,0.00039907277189474933,1.0
2.6341,0.004049432982564141,0.003782873471776416,0.0003986233692792347,1.0
2.6351,0.004041785632192098,0.0038784657500927576,0.00039738568571865215,1.0
2.6361,0.004033641878931894,0.004122704123962449,0.0003952493404320146,1.0
2.637,0.004025442922199441,0.004741495101506947,0.0003935412296710009,1.0
2.638,0.004016339303470763,0.004845573336924742,0.00039335093818399815,1.0
2.639,0.004007228346561717,0.003975576046449243,0.0003941573011480213,1.0
2.6399,0.003999027616392318,0.003279782482012479,0.0003951681628885218,1.0
2.6409,0.003992458329741556,0.00349526806358139,0.00039529897859443344,1.0
2.6419,0.003990999999999951,0.0039321897207853255,0.00039391900028499225,1.0
2.6428,0.00399099999999991,0.0036541155498613555,0.0003923723785208872,1.0
2.6438,0.003991937380658109,0.004098410982409324,0.0003917066607755581,1.0
2.6448,0.003993076250271702,0.004943177453223067,0.00039210452331680807,1.0
2.6458,0.003994430782865575,0.0034747144974803614,0.00039339419363945927,1.0
2.6467,0.003996240211156659,0.004017125665099403,0.00039398684557196063,1.0
2.6477,0.00399624215851006,0.003040024510649209,0.00039302233395447023,1.0
2.6487,0.003991380419146706,0.004232973635578732,0.00039170004985177617,1.0
2.6496,0.003984746954498668,0.004601416052504185,0.00039135153871287294,1.0
2.6506,0.003978594780680818,0.0038971036815339086,0.0003931699650025462,1.0
2.6516,0.003973720346090304,0.0035471058265911385,0.0003955734283979225,1.0
2.6525,0.003970467869729376,0.0036535406955986865,0.0003957669789667457,1.0
2.6535,0.003968033986085076,0.004208926410971329,0.0003940163349025243,1.0
2.6545,0.003966121876571076,0.004212241932907222,0.00039355744438115714,1.0
2.6555,0.003968825223292852,0.0031362372967568513,0.00039523464022177203,1.0
2.6564,0.003976286699646963,0.003793946153933535,0.0003978373395644669,1.0
2.6574,0.00398666646288627,0.004339898848628471,0.00040097668329603346,1.0
2.6584,0.00399975251133963,0.004118708436051022,0.00040489504819580987,1.0
2.6593,0.004014404808791692,0.0043312286911352535,0.0004089937122768241,1.0
2.6603,0.00403480673309882,0.0037422165737215703,0.00041138128432371957,1.0
2.6613,0.004060772954641008,0.004081940853185264,0.0004099089142372919,1.0
2.6622,0.00407112504838308,0.004912345744446695,0.00040556368929955364,1.0
2.6632,0.004047461127522372,0.003961592996931089,0.0004024932608982599,1.0
2.6642,0.004026487456945094,0.0038937878025815066,0.0004021425184388926,1.0
2.6651,0.004011881464443325,0.004033486117561098,0.00040211903783462073,1.0
2.6661,0.0040000168262039676,0.0038027816674667822,0.0004006947885411122,1.0
2.6671,0.00399165100854525,0.004159122918495951,0.0003984811398841554,1.0
2.6681,0.003987783328844835,0.004016147146807837,0.0003966555334953752,1.0
2.669,0.0039870000000000174,0.004659115555422189,0.00039591735089247607,1.0
2.67,0.003989316889387134,0.003887509330181281,0.00039559952298567577,1.0
2.671,0.003996378162531673,0.0037448866917017733,0.000394495885391813,1.0
2.6719,0.004009171345513123,0.0036560792510186737,0.0003927342933310103,1.0
2.6729,0.004031145652249645,0.004251950333043981,0.0003927960410789164,1.0
2.6739,0.004066088589644467,0.004066997862856365,0.0003950718494467248,1.0
2.6749,0.004113599939159567,0.0033753046527592134,0.0003982413239424033,1.0
2.6758,0.004163723232556014,0.0047667304934198036,0.000401265304216743,1.0
2.6768,0.004184228685644142,0.004790330909886459,0.00040313135423982485,1.0
2.6778,0.0041648805667152166,0.004304436592811825,0.0004023676869438069,1.0
2.6787,0.0041481394943898445,0.003907303455764344,0.00039940397113528183,1.0
2.6797,0.00412991758057194,0.004056309901123849,0.00039716505448665276,1.0
2.6807,0.004113604906746961,0.0039610778456771875,0.00039747625048491895,1.0
2.6816,0.0041012173962430695,0.004141114962259501,0.00039919678668970117,1.0
2.6826,0.004092276304694226,0.0041798341759642635,0.00040053352934470594,1.0
2.6836,0.004083639709020884,0.003139230682370278,0.00040102656421556686,1.0
2.6846,0.004069228499010702,0.003715745420369701,0.00040135205403357,1.0
2.6855,0.00405735310713081,0.004389377617847211,0.00040248723044685245,1.0
2.6865,0.004045384140327539,0.004290281256760846,0.0004029988182553247,1.0
2.6875,0.004034703071672434,0.004398529506463918,0.00040072293808448645,1.0
2.6884,0.004025480328900926,0.00404768304596168,0.0003978253984401141,1.0
2.6894,0.004016093779891945,0.003966642118304526,0.0003966445693434239,1.0
2.6904,0.004006991411491554,0.00410806178293646,0.0003957338420593447,1.0
2.6913,0.004002918284804971,0.0038825932585192344,0.00039418080662438724,1.0
2.6923,0.003999667619446998,0.0040651864153589375,0.0003938301095064347,1.0
2.6933,0.0039976958897792346,0.004349570403187962,0.0003947996884846441,1.0
2.6942,0.00399667079850807,0.004623148056412352,0.0003962784650678275,1.0
2.6952,0.003995531928894366,0.0035028556176646894,0.0003975024141877274,1.0
2.6962,0.0039943930592808395,0.0044862266984724225,0.000398218976545408,1.0
2.6972,0.003993253918119983,0.0038168136044361444,0.00039843235490929097,1.0
2.6981,0.003996081183284826,0.003625101743848078,0.00039917339950988097,1.0
2.6991,0.004006089038127633,0.004150718123429835,0.00040078834059209653,1.0
2.7001,0.0040185732811166145,0.003925939139148216,0.0004015345173083699,1.0
2.701,0.00403109297046357,0.0041700226488418975,0.0004019995521093789,1.0
2.702,0.0040485953883148094,0.0036805426600124464,0.0004052370870645275,1.0
2.703,0.004068994730399748,0.00479523548627964,0.0004109455826406076,1.0
2.704,0.004094703759473592,0.004391719226109246,0.00041546509590647743,1.0
2.7049,0.004117760250691028,0.00495053052987979,0.0004161378012421095,1.0
2.7059,0.004102855020318905,0.004431913684364141,0.000413020343221694,1.0
2.7069,0.004067048337671338,0.003946252691947305,0.00040802502824083075,1.0
2.7078,0.0040406100256251505,0.00365171171706157,0.00040401231105379446,1.0
2.7088,0.004016909397759476,0.004390546443409318,0.0004034746315099199,1.0
2.7098,0.003997692403841108,0.0036693156197297266,0.00040664164738792014,1.0
2.7107,0.003983696599034957,0.0037012338683773804,0.00041109540196095475,1.0
2.7117,0.003971683754506146,0.0037529850577835587,0.0004143534836297879,1.0
2.7127,0.003964604220549855,0.004687389854130982,0.0004164369186165185,1.0
2.7136,0.003964420182543029,0.0038122681534032117,0.0004183394346329215,1.0
2.7146,0.003966118647408074,0.003450385739055624,0.0004180699590055305,1.0
2.7156,0.003969094579952951,0.004365613160526613,0.0004161216984174135,1.0
2.7166,0.003973348251725155,0.004492055930858039,0.0004150348489580483,1.0
2.7175,0.0039774446934687496,0.0034910335673300113,0.00041423636640804237,1.0
2.7185,0.003982999424319519,0.00405420463782274,0.0004131049488860435,1.0
2.7195,0.003990112208199208,0.0037701133291012825,0.00041241614032284663,1.0
2.7204,0.003998641172960817,0.00322424011987517,0.00041050000206454667,1.0
2.7214,0.0040112418167357,0.004119347921069479,0.0004064162661546683,1.0
2.7224,0.004027620307636019,0.00362911257971621,0.0004025109153778613,1.0
2.7234,0.004046437457178094,0.004520877912939268,0.0004009580896649006,1.0
2.7243,0.004067302926030944,0.0037324627806308267,0.0004012532789550743,1.0
2.7253,0.004095339310039933,0.003786467220544084,0.00040139531182244723,1.0
2.7263,0.004130246055377023,0.0042658182709496015,0.0004018931013471997,1.0
2.7272,0.00416758787856406,0.004584762697072144,0.0004040986143361502,1.0
2.7282,0.004142771198594251,0.0034233169138144183,0.0004064620632740452,1.0
2.7292,0.004112759242133768,0.003713766088324965,0.00040799727332700643,1.0
2.7301,0.004090020031088346,0.004801581911819842,0.0004100674929783994,1.0
2.7311,0.0040697708018656974,0.0036479021693451423,0.0004120741497447946,1.0
2.7321,0.004053669932950109,0.00428850581068266,0.0004116571756547864,1.0
2.7331,0.00404074786515994,0.0037701229444481897,0.00040951685949010237,1.0
2.734,0.0040324478667135046,0.0043606249538737435,0.0004091326905577812,1.0
2.735,0.004027632476893598,0.00401574293137628,0.0004117137418213437,1.0
2.736,0.004026999999999947,0.004034681902470861,0.00041508006021339456,1.0
2.7369,0.004028906813601919,0.0037659843273273375,0.0004160157865035426,1.0
2.7379,0.004031273412387347,0.003989332085193898,0.00041609177014688084,1.0
2.7389,0.004034920028304155,0.004212446677835237,0.00041793131757355564,1.0
2.7398,0.004038765295041564,0.0043894691744205605,0.00042014234623717893,1.0
2.7408,0.004042575871843514,0.0035290564620025534,0.0004196211544394838,1.0
2.7418,0.00404713243648733,0.0035826379905948614,0.00041647320828202574,1.0
2.7428,0.004037589357673439,0.004369976909139797,0.0004135145827928307,1.0
2.7437,0.0040187773099651615,0.0035775581229952353,0.0004111434007320663,1.0
2.7447,0.003997973587974616,0.00381745306636097,0.00040909044401922864,1.0
2.7457,0.003980394945774648,0.0036425841986256263,0.00040866921745788933,1.0
2.7466,0.003967016099812466,0.004046128841510815,0.00040989082324239845,1.0
2.7476,0.003958586762516189,0.0033912929842309617,0.0004109807399129198,1.0
2.7486,0.003956275633375375,0.004329270044134581,0.0004107306260510443,1.0
2.7495,0.0039579021739393466,0.004008365960405078,0.0004095339278913859,1.0
2.7505,0.003961758377040433,0.004451039956252782,0.00040822080219711114,1.0
2.7515,0.003965735391621161,0.00366853775964288,0.0004078871210331794,1.0
2.7525,0.003970583943233635,0.0036476617991699173,0.00040878254365577665,1.0
2.7534,0.003976449344122347,0.0044738430673618825,0.0004095801641033618,1.0
2.7544,0.003984162988771357,0.004446403589628185,0.00041002858239923143,1.0
2.7554,0.003996308745295159,0.0031741445939576173,0.0004094154136937327,1.0
2.7563,0.004012976532747025,0.003622690477219322,0.00040770025775596863,1.0
2.7573,0.004031803412219262,0.0036183934619086543,0.0004058219859061525,1.0
2.7583,0.0040152535468343225,0.0036940201037728364,0.00040470940496339746,1.0
2.7592,0.003996151086759483,0.0035837194131316734,0.00040510051311080415,1.0
2.7602,0.003983118235525058,0.005111676824759219,0.00040750908166326764,1.0
2.7612,0.003975255458962095,0.0031590025535406835,0.00040997428750226257,1.0
2.7621,0.003969754092779129,0.004433488496982566,0.0004107329442116169,1.0
2.7631,0.00396563853642074,0.004251127602552031,0.00041268473518517963,1.0
2.7641,0.0039622218402002125,0.004160395253380308,0.00041825978993297215,1.0
2.7651,0.003959324614401144,0.004408570966374397,0.00042568169638911463,1.0
2.766,0.003964450070756937,0.003807268544039092,0.0004333431117328342,1.0
2.767,0.003970371740243489,0.004103965814924391,0.00043939643950377364,1.0
2.768,0.003976833072132208,0.0046969762480752325,0.0004406440666273598,1.0
2.7689,0.003981958528488203,0.0031564056819512166,0.00043891601279276606,1.0
2.7699,0.003988185081151808,0.004706030877688737,0.00043813819499092507,1.0
2.7709,0.003994348582361147,0.003682560474382908,0.00043689334008702776,1.0
2.7719,0.0040016601026011305,0.0044966760497884934,0.000433111527187836,1.0
2.7728,0.0040088291024304,0.0038242436000649844,0.0004289377754757692,1.0
2.7738,0.004019714080185014,0.003506931992985303,0.00042666989235540443,1.0
2.7748,0.004033437139333049,0.0034913740474368346,0.00042630894553068454,1.0
2.7757,0.004047170247210511,0.004147710343494685,0.00042736880009984127,1.0
2.7767,0.004065941181156778,0.0037886029232992034,0.0004303254814673364,1.0
2.7777,0.004088084006664298,0.0039491699209234345,0.0004343086700230742,1.0
2.7786,0.004112370631919587,0.003564331610448452,0.00043789284912214407,1.0
2.7796,0.004144286048315593,0.004868047172063007,0.00043990551702798687,1.0
2.7806,0.00415556931445703,0.00429712963830885,0.00043950742709622374,1.0
2.7816,0.004128519416061893,0.004000791068981789,0.0004373950088212655,1.0
2.7825,0.0041011641139179844,0.004327941452784757,0.0004359264411797282,1.0
2.7835,0.004079846691140245,0.0037093985390281854,0.0004372089619077637,1.0
2.7845,0.004070376384274521,0.0042991753043198225,0.0004409861963811955,1.0
2.7854,0.004067000000000049,0.0037236021141247556,0.0004434080455053348,1.0
2.7864,0.004067320136363621,0.00381857608045638,0.00044275258734385913,1.0
2.7874,0.004068458483785961,0.003933182452697733,0.0004415495952774944,1.0
2.7883,0.00406948295829612,0.0037131982224439903,0.0004407165972906441,1.0
2.7893,0.004071243655819497,0.0044089516073261325,0.0004397070022988838,1.0
2.7903,0.00407580348761694,0.004068310700723867,0.00044028880477664186,1.0
2.7912,0.0040872152543296025,0.004230782178621077,0.0004434825191923677,1.0
2.7922,0.004114973108799997,0.004934536781152777,0.00044565230060084326,1.0
2.7932,0.004162195691467182,0.003972000943099206,0.00044336978463957525,1.0
2.7942,0.004220882632453197,0.004710628595139952,0.0004394253756476246,1.0
2.7951,0.004276690804101408,0.004453701920687343,0.00043786211266100457,1.0
2.7961,0.004310497230999149,0.0038729777497510695,0.0004377044338591043,1.0
2.7971,0.004270813323800909,0.00478136202189317,0.00043745240473532936,1.0
2.798,0.004224742277801431,0.004670714008457147,0.0004377179728562166,1.0
2.799,0.004175299469011382,0.003709601652237325,0.00043986273968292663,1.0
2.8,0.0041279407232715365,0.0035802945716668726,0.0004436091854444007,1.0
2.801,0.004088799655540612,0.005013028656162144,0.0004484911970893605,1.0
2.8019,0.004066624021143406,0.0037363273858543864,0.0004553128911648846,1.0
2.8029,0.004054458565418622,0.004165718903683943,0.0004658014168250413,1.0
2.8039,0.004050494313059727,0.004145333250346689,0.00047499698586083344,1.0
2.8048,0.004053088991204023,0.004056383149037732,0.00047854947143216527,1.0
2.8058,0.004058466704488245,0.004336765378735858,0.00047826635447570143,1.0
2.8068,0.004065849909197878,0.00362009368933185,0.0004834130632921782,1.0
2.8077,0.004074744240579654,0.003485202418196479,0.0004886711162545429,1.0
2.8087,0.00408827004660786,0.004544181405911916,0.0005706379744065602,1.0
