Wavelength_um,Model_Depth,Transit_Depth,Error,Num_Transits
0.8309,0.0012999999999999017,0.0010761927742328557,0.00013280477066940596,1.0
0.8318,0.0013000000000000362,0.0013369990624347663,0.0001222878239435449,1.0
0.8328,0.0013000000000001589,0.0012591417430122538,0.00012074384686392266,1.0
0.8338,0.001299999999999911,0.0012395891361306009,0.00011879197545370693,1.0
0.8348,0.0012999999999999538,0.0012914062802976349,0.00011660691540718448,1.0
0.8357,0.0013019897773456565,0.0008733297710025784,0.00011462400251265186,1.0
0.8367,0.001300850771958245,0.0013269354729722176,0.00011337764589769421,1.0
0.8377,0.0013000000000001639,0.0013119622653171468,0.00011267159439351739,1.0
0.8386,0.0013009361499230008,0.0013046650418584618,0.00011207101747105363,1.0
0.8396,0.0013016468339152828,0.0014529443136175877,0.00011127068559953518,1.0
0.8406,0.0012999999999998776,0.0012745878830068577,0.00011028629509628616,1.0
0.8415,0.0013067651787108656,0.001169874236486173,0.00010961110220182797,1.0
0.8425,0.001302715943927896,0.0012423076072588326,0.00010906386114790119,1.0
0.8435,0.0013008918201820234,0.0012442416344644602,0.00010836452630200748,1.0
0.8445,0.0012999999999999548,0.0013543396870006781,0.0001077057867155385,1.0
0.8454,0.0013000000000000103,0.0013570228664055465,0.00010770070890837572,1.0
0.8464,0.001300000000000001,0.001121383606493303,0.00010845860869535863,1.0
0.8474,0.0013000000000001487,0.001112107405594272,0.00010894037428708982,1.0
0.8483,0.0012999999999999971,0.0012172701477041086,0.00010945323017426727,1.0
0.8493,0.0012999999999999629,0.0014062850933835543,0.00011189730598549091,1.0
0.8503,0.0013000000000002497,0.0013977645554627185,0.00011285209869360049,1.0
0.8512,0.0013000000000000307,0.0013692695074912834,0.00010955189180289108,1.0
0.8522,0.00130000000000011,0.0013748926977862948,0.0001060854463681998,1.0
0.8532,0.0013009374498360938,0.001315925716265659,0.0001050314077010101,1.0
0.8542,0.0013009236839051249,0.0012038473195970824,0.00010519470763680135,1.0
0.8551,0.0012999999999998922,0.0013469815331161204,0.00010468769225612346,1.0
0.8561,0.001299999999999846,0.001438687722353346,0.00010329725780738827,1.0
0.8571,0.0012999999999999965,0.0012164211580736463,0.00010206480240525401,1.0
0.858,0.0012999999999999986,0.001137260720445126,0.00010129585119829732,1.0
0.859,0.0012999999999998707,0.00130475907710887,0.00010069584638065875,1.0
0.86,0.0012999999999998724,0.0012136863157897998,0.00010017616838058129,1.0
0.861,0.0012999999999999034,0.00130453599188267,9.986801633113721e-05,1.0
0.8619,0.001299999999999899,0.0014683980310483422,9.967661173070227e-05,1.0
0.8629,0.001299999999999868,0.0013042116426964761,9.956952698284397e-05,1.0
0.8639,0.0012999999999999978,0.001255319810611863,9.989025626059808e-05,1.0
0.8648,0.0012999999999998891,0.001305163404265676,0.00010125609585329608,1.0
0.8658,0.0013000000000001081,0.0013013905901237163,0.0001033935527189564,1.0
0.8668,0.0012999999999999145,0.0013685494812893959,0.00010376409204902935,1.0
0.8677,0.0012999999999999217,0.0013728527887630169,0.00010220734218720462,1.0
0.8687,0.001300000000000017,0.0011257410668028846,0.00010126263129559468,1.0
0.8697,0.0013007266680992247,0.0014298893780005434,9.971168961398738e-05,1.0
0.8707,0.001300999999999913,0.0014084227691252467,9.761325557752213e-05,1.0
0.8716,0.001301000000000086,0.0013328677758456715,9.645202565929804e-05,1.0
0.8726,0.0013009999999999834,0.001291735613930275,9.616963273344857e-05,1.0
0.8736,0.001300999999999903,0.001120199583590158,9.637983019006603e-05,1.0
0.8745,0.0013010000000000025,0.0013058119577202194,9.632016440970731e-05,1.0
0.8755,0.0013006685383085694,0.001382506186584779,9.554775454353762e-05,1.0
0.8765,0.0012999999999998948,0.0013128413114479082,9.476760569587366e-05,1.0
0.8774,0.0013004948589554757,0.0013182737527631019,9.453832480745099e-05,1.0
0.8784,0.0013010000000000463,0.0012271256571884835,9.48124193485257e-05,1.0
0.8794,0.0013009999999999396,0.0013290432567123062,9.514650295107671e-05,1.0
0.8803,0.0013002027501039413,0.0013066829925669698,9.46341237165198e-05,1.0
0.8813,0.0013009361873965104,0.0014041487698129406,9.367795186666137e-05,1.0
0.8823,0.0013010000000000875,0.001401250249464348,9.299538373741599e-05,1.0
0.8833,0.001300999999999936,0.0013521719344845614,9.252959250685058e-05,1.0
0.8842,0.001300999999999944,0.0012851138861239395,9.203519793899725e-05,1.0
0.8852,0.0013009999999999385,0.0012278244685778711,9.146144814324612e-05,1.0
0.8862,0.0013015159576042579,0.001216508783505491,9.09656416453813e-05,1.0
0.8871,0.0013030807310762333,0.0013298846598422517,9.056423793067798e-05,1.0
0.8881,0.001305357694847454,0.001238815083277178,9.025779561311249e-05,1.0
0.8891,0.0013084533547724306,0.0013975375658870058,9.001639952726946e-05,1.0
0.89,0.0013089999999999194,0.0014449279650944626,8.98121734553715e-05,1.0
0.891,0.0013148904748538578,0.0012869657497838788,8.960263054562922e-05,1.0
0.892,0.0013188793861770246,0.001296323857931651,8.939108410990578e-05,1.0
0.893,0.0013182585497446245,0.0013065710620103921,8.917333310023343e-05,1.0
0.8939,0.0013147464030663061,0.0013317582730172446,8.88709581918736e-05,1.0
0.8949,0.0013035774214837665,0.0012091198046807422,8.852347091289413e-05,1.0
0.8959,0.0013041230320333089,0.0013412469715163651,8.819934183688379e-05,1.0
0.8968,0.0013044134605989294,0.0013498364993434575,8.796740224474071e-05,1.0
0.8978,0.0013054494387352417,0.001294804926484192,8.777752617711163e-05,1.0
0.8988,0.0013215401800585906,0.0012942190679505778,8.758086329278476e-05,1.0
0.8998,0.0013169908766518929,0.001291680907721804,8.741782184532501e-05,1.0
0.9007,0.0013128361746716488,0.0012381271480236846,8.74682968595718e-05,1.0
0.9017,0.0013063347615652411,0.0013587213065034754,8.788235876666072e-05,1.0
0.9027,0.0013026951001571768,0.0011898803989971315,8.79235470146667e-05,1.0
0.9036,0.0013026582630825026,0.0013433422558593283,8.71290672186296e-05,1.0
0.9046,0.0013100857800719121,0.0012406335004694275,8.630884016000034e-05,1.0
0.9056,0.0013091080324219326,0.0011277269394617561,8.588842235776647e-05,1.0
0.9065,0.0013027358043730406,0.0014220303686627621,8.56903908613427e-05,1.0
0.9075,0.001302770225950459,0.001413311242744352,8.556490306663103e-05,1.0
0.9085,0.0013066356069961077,0.0012776865237986693,8.53969378217258e-05,1.0
0.9095,0.0013031435177484096,0.0013804516848415541,8.521774755339491e-05,1.0
0.9104,0.001306072862633753,0.0011807264372949756,8.503033290099912e-05,1.0
0.9114,0.001306364395936662,0.0013211335825690674,8.480388579297888e-05,1.0
0.9124,0.0013057520321270006,0.001327632371943237,8.459701321537735e-05,1.0
0.9133,0.001306751860277481,0.001253291170316942,8.448281186194278e-05,1.0
0.9143,0.0013024863046590994,0.0014885493073078882,8.43626918154972e-05,1.0
0.9153,0.0013026526328414245,0.0012305601492796888,8.405831223044022e-05,1.0
0.9162,0.0013030000000000895,0.0013273682825635832,8.368742178787794e-05,1.0
0.9172,0.0013013666767736768,0.001281661612732173,8.352543201240691e-05,1.0
0.9182,0.0013009999999999342,0.0012191018063716604,8.360705849239348e-05,1.0
0.9192,0.0013081594210430755,0.0012710031185145581,8.362722240173162e-05,1.0
0.9201,0.0013001184210462073,0.0013932843946727782,8.330256184817857e-05,1.0
0.9211,0.0013084653665722014,0.0015147815513637565,8.292222433404678e-05,1.0
0.9221,0.0013185185227682168,0.00148609310243842,8.279785253925713e-05,1.0
0.923,0.0013005797516337742,0.0013070639366297826,8.293234761418838e-05,1.0
0.924,0.0013000000000001435,0.0013153125569839675,8.321456196950666e-05,1.0
0.925,0.0013013963825077811,0.0012772983553270688,8.32971084684908e-05,1.0
0.9259,0.001301276785361637,0.0013714257599205888,8.297454391285873e-05,1.0
0.9269,0.0013001377799744317,0.0013007533861370366,8.250424828431224e-05,1.0
0.9279,0.0013010000928691957,0.001469126337188383,8.2360880719295e-05,1.0
0.9288,0.0013060250419582582,0.0012475254767491115,8.243387449652584e-05,1.0
0.9298,0.0013058521437894586,0.001332861922236456,8.227267619612981e-05,1.0
0.9308,0.0012999999999996432,0.0014079575249074964,8.197273785936168e-05,1.0
0.9318,0.00131016421396707,0.0012904074675525131,8.157137750448433e-05,1.0
0.9327,0.0013132052953543846,0.0013189583225239954,8.10048136327457e-05,1.0
0.9337,0.0013044192486634865,0.0013940867080148842,8.044987712926665e-05,1.0
0.9347,0.00130302500133474,0.0013317506321577494,8.001936532433863e-05,1.0
0.9356,0.001300462453898569,0.0012076033485570164,7.973573014061269e-05,1.0
0.9366,0.0013018155568758657,0.001160323682189763,7.957015219096338e-05,1.0
0.9376,0.00132045307616488,0.0013132391127480241,7.9523627446034e-05,1.0
0.9385,0.0013085057974055198,0.0012957008416642048,7.963217436621987e-05,1.0
0.9395,0.0013149913480059916,0.0014683348752678798,7.972977130215926e-05,1.0
0.9405,0.0013423903179821924,0.00134261706813226,7.964516236869107e-05,1.0
0.9415,0.0013141870189700504,0.0013665953303660572,7.946010717347706e-05,1.0
0.9424,0.0013131781305825395,0.001280422684208369,7.933390927183348e-05,1.0
0.9434,0.0013084548175177151,0.0013592508959494238,7.926784755189786e-05,1.0
0.9444,0.0013027389949764035,0.0013813956048937,7.905008517536521e-05,1.0
0.9453,0.0012999999999997842,0.0013014249473485954,7.873028114179749e-05,1.0
0.9463,0.00135434020047203,0.0014668878073098531,7.85037440912219e-05,1.0
0.9473,0.0013000000000001374,0.0012768706367073755,7.846580154541496e-05,1.0
0.9482,0.001300000000000136,0.0012870390949065121,7.85387685372102e-05,1.0
0.9492,0.0012999999999999707,0.001380834402201949,7.857583442163075e-05,1.0
0.9502,0.001299999999999787,0.0012196684430537195,7.83424480453356e-05,1.0
0.9512,0.0013000000000001563,0.0012265007223485206,7.784418523173437e-05,1.0
0.9521,0.0013078128757781308,0.001263602868867197,7.73525784907623e-05,1.0
0.9531,0.0013112149003238669,0.0012758162880064665,7.709499761735448e-05,1.0
0.9541,0.001301651335088363,0.001295557380665563,7.712134901894838e-05,1.0
0.955,0.0012999999999999496,0.0014107234716287515,7.71915257406749e-05,1.0
0.956,0.001300998827376036,0.0013802169971981566,7.706648950781194e-05,1.0
0.957,0.0013005507038277347,0.001163989239374668,7.691435557109899e-05,1.0
0.958,0.0013042756313115527,0.0012949752253930684,7.684047968099042e-05,1.0
0.9589,0.0013043986906082147,0.0013444937636705756,7.658096390540046e-05,1.0
0.9599,0.0013034396600832899,0.001363731282876036,7.618098509816793e-05,1.0
0.9609,0.0013022642072491094,0.0012650940952095085,7.585174452043753e-05,1.0
0.9618,0.0013010000000000126,0.0013883025209567746,7.567165458923561e-05,1.0
0.9628,0.0013099013780197629,0.0013094935322457643,7.561431919172337e-05,1.0
0.9638,0.001312119575096321,0.0013796676078074543,7.565202559778764e-05,1.0
0.9647,0.001302040068832713,0.0013663845974454438,7.574583071324492e-05,1.0
0.9657,0.001301000000000005,0.0012907810463729924,7.584747627872987e-05,1.0
0.9667,0.0013009999999999838,0.001308980354062619,7.580529187395469e-05,1.0
0.9677,0.001303575695814587,0.001292495548958968,7.550208539202794e-05,1.0
0.9686,0.0013069227213501054,0.001273779528019424,7.524298872706396e-05,1.0
0.9696,0.0013025147815044253,0.001322163488406825,7.511379633989084e-05,1.0
0.9706,0.0013013758440039355,0.0012704484765069975,7.497176665606227e-05,1.0
0.9715,0.001301000000000125,0.0013752558509330854,7.47463643247879e-05,1.0
0.9725,0.0013010000000000708,0.0014261293177847962,7.450618769688239e-05,1.0
0.9735,0.0013028519666320178,0.0013225210935905443,7.449708905372863e-05,1.0
0.9744,0.001303000000000031,0.0012353734702252592,7.485986655135541e-05,1.0
0.9754,0.001301089944200764,0.0013625868849024443,7.518391970328438e-05,1.0
0.9764,0.0013026868487643936,0.0012875532936092392,7.48841539557025e-05,1.0
0.9773,0.0013044926319232856,0.0013853545038257954,7.417754115746971e-05,1.0
0.9783,0.0013022164569586492,0.001398285686816009,7.367108631641663e-05,1.0
0.9793,0.001303653884540181,0.0013767864108917003,7.348669008003037e-05,1.0
0.9803,0.0013140365729016961,0.001348355294498774,7.334208317304619e-05,1.0
0.9812,0.0013075789331077742,0.00133913647123798,7.314736587280636e-05,1.0
0.9822,0.0013046674863601755,0.0014207294378165653,7.299898880763184e-05,1.0
0.9832,0.0013030568517918095,0.001284122066027749,7.291882822098707e-05,1.0
0.9841,0.0013030000000001673,0.0013663585849670334,7.282258642403707e-05,1.0
0.9851,0.00130286449738666,0.00133019856094386,7.266893535763575e-05,1.0
0.9861,0.0013020000000000006,0.0012240497367239003,7.255151101989786e-05,1.0
0.987,0.0013037951437263537,0.0012934911481763303,7.25461675371472e-05,1.0
0.988,0.0013075626700668381,0.0012947810275196895,7.249493313471086e-05,1.0
0.989,0.0013035419880772971,0.0013698414008506887,7.235358457978188e-05,1.0
0.99,0.001306722182567063,0.0013528699361474179,7.2197151619874e-05,1.0
0.9909,0.0013038179265632878,0.001238889641518443,7.203933346239612e-05,1.0
0.9919,0.001301120698407566,0.001340555598295952,7.189443784078647e-05,1.0
0.9929,0.0013040684005633145,0.0012035465855674832,7.176857092186849e-05,1.0
0.9938,0.0013077472588488624,0.001232522089754172,7.164201934647888e-05,1.0
0.9948,0.0013021810610255628,0.0012929483059868421,7.164420354170489e-05,1.0
0.9958,0.0013030000000000177,0.0011940293128785623,7.184788995662842e-05,1.0
0.9968,0.0013029999999999925,0.0013775945167971593,7.18905280387958e-05,1.0
0.9977,0.0013030000000001428,0.0012452219001146258,7.172437368639615e-05,1.0
0.9987,0.0013030000000000545,0.001305903334087242,7.168030920236206e-05,1.0
0.9997,0.0013022391687666727,0.0012627256233323707,7.170508191559631e-05,1.0
1.0006,0.0013012141453823266,0.0014052024177652834,7.156189637956224e-05,1.0
1.0016,0.0013019248600049677,0.001380886238640952,7.132477954742102e-05,1.0
1.0026,0.0013068748186671369,0.00138284847944466,7.109828294790376e-05,1.0
1.0035,0.0013049999999999217,0.001314447891251648,7.084385354988584e-05,1.0
1.0045,0.001305226687324919,0.00131958099726681,7.059487686506253e-05,1.0
1.0055,0.0013052688861230055,0.0013898632298845151,7.043659256672187e-05,1.0
1.0065,0.001303495437674338,0.001332118478330944,7.028980768716238e-05,1.0
1.0074,0.0013030000000000366,0.0014135934472243906,7.011331038343976e-05,1.0
1.0084,0.001303000000000031,0.0012296683021564446,6.998910279720326e-05,1.0
1.0094,0.0013021936103542514,0.0013173193029127662,6.989458083223373e-05,1.0
1.0103,0.001301999999999999,0.0013368227954240282,6.979812964897512e-05,1.0
1.0113,0.0013020000000000264,0.001366067259296307,6.968134877086108e-05,1.0
1.0123,0.0013020000000000954,0.0012914092087576007,6.962566139023163e-05,1.0
1.0132,0.0013021333082368577,0.001166695428732753,6.977365014062167e-05,1.0
1.0142,0.0013030000000000476,0.0013683036164739918,7.012079027766015e-05,1.0
1.0152,0.0013042335497132412,0.0013377286707631905,7.033865411863384e-05,1.0
1.0162,0.0013043498414459732,0.0014200677583855246,7.012124756656911e-05,1.0
1.0171,0.0013024248558774667,0.0013408784036651447,6.96725519473179e-05,1.0
1.0181,0.0013019999999999516,0.0012688546735140068,6.933902489743722e-05,1.0
1.0191,0.0013020000000000535,0.0013487353751662713,6.917585997616518e-05,1.0
1.02,0.0013019999999999352,0.0012493481316737162,6.91329742566155e-05,1.0
1.021,0.0013019840231703553,0.0013611346367946213,6.919625148830846e-05,1.0
1.022,0.0013011546702812872,0.0013056744153943348,6.917810717886372e-05,1.0
1.0229,0.001302000000000053,0.0013830874814667667,6.887821434602498e-05,1.0
1.0239,0.0013016821958502962,0.0012587404697170946,6.855369269471587e-05,1.0
1.0249,0.0013014566737634045,0.001294722584015084,6.842054072566269e-05,1.0
1.0258,0.0013020000000000065,0.0012305482171447884,6.840112898191419e-05,1.0
1.0268,0.0013026207704219521,0.001253738234675056,6.836514279167764e-05,1.0
1.0278,0.001302241224174073,0.001308682912326131,6.824551050497208e-05,1.0
1.0288,0.001301102493529516,0.0012528173786105826,6.807462491544284e-05,1.0
1.0297,0.0013009999999999233,0.0013298336903493975,6.79490565594539e-05,1.0
1.0307,0.0013010614673552921,0.001243907779596878,6.792896235260681e-05,1.0
1.0317,0.0013020000000000024,0.0013479277096860962,6.806808334370847e-05,1.0
1.0326,0.0013020000000001117,0.0011850450061802035,6.844609561270585e-05,1.0
1.0336,0.0013020000000001258,0.0013550588207208861,6.874891822146475e-05,1.0
1.0346,0.0013019999999999369,0.0013071188427358547,6.853198004940468e-05,1.0
1.0356,0.0013013588303237968,0.0013424182398574592,6.798894365239237e-05,1.0
1.0365,0.0013009999999999068,0.0013230732063348922,6.757572380274208e-05,1.0
1.0375,0.0013009999999999981,0.0012720108427700496,6.738829492179623e-05,1.0
1.0385,0.0013009999999999144,0.0012577503313041377,6.732026931480899e-05,1.0
1.0394,0.0013010000000000805,0.001242977007729677,6.725058136390601e-05,1.0
1.0404,0.001300892906345336,0.0013566173723868718,6.710582011602091e-05,1.0
1.0414,0.0013000000000000483,0.001336078129717079,6.69846986854998e-05,1.0
1.0423,0.0013002707461725045,0.0013614019845125907,6.698862481882917e-05,1.0
1.0433,0.0013010000000000413,0.001331515856187908,6.703667190926142e-05,1.0
1.0443,0.0013010000000000048,0.001366185773778127,6.697230634339281e-05,1.0
1.0452,0.0013010000000000328,0.001241346833556268,6.680986506090162e-05,1.0
1.0462,0.0013024237744933397,0.0013256049233663534,6.66926278751554e-05,1.0
1.0472,0.0013030000000000548,0.0014339885784974196,6.660200284642845e-05,1.0
1.0482,0.0013000340912854935,0.0013395417193516424,6.645326926078313e-05,1.0
1.0491,0.0012999999999998967,0.0013932720600765272,6.632313103600515e-05,1.0
1.0501,0.001299999999999951,0.001377920597738434,6.62812414840815e-05,1.0
1.0511,0.0013000000000000563,0.0012091513982434108,6.630379785044862e-05,1.0
1.052,0.0012999999999999579,0.0014066845253763352,6.642116172267187e-05,1.0
1.053,0.0012999999999998774,0.0012757579119533741,6.65742989889108e-05,1.0
1.054,0.001300593416887297,0.0012351518464315903,6.645590143415009e-05,1.0
1.0549,0.0013010000000000153,0.0012945945755913717,6.613420284534576e-05,1.0
1.0559,0.0013002426222276722,0.0011092846749526635,6.597754506541421e-05,1.0
1.0569,0.001300000000000007,0.001360447281959573,6.621008907973815e-05,1.0
1.0579,0.0013000000000000494,0.0012364811553312184,6.693491177735875e-05,1.0
1.0588,0.0013000000000000544,0.0013118882954545068,6.759183398619939e-05,1.0
1.0598,0.0012999999999999986,0.0013741603808321604,6.751860815036234e-05,1.0
1.0608,0.0012999999999998885,0.0012793901221739722,6.705041092991919e-05,1.0
1.0617,0.00129999999999994,0.0013531666930302526,6.646409725324619e-05,1.0
1.0627,0.001300000000000054,0.0013131777110560999,6.59116172516144e-05,1.0
1.0637,0.0013000000000000286,0.0014373287960110514,6.556746105358994e-05,1.0
1.0647,0.0013000000000000294,0.0013362377471762502,6.540441436627232e-05,1.0
1.0656,0.001299999999999907,0.0012816709797059532,6.535923829439176e-05,1.0
1.0666,0.0012999999999999672,0.0012871750328171492,6.538374258410481e-05,1.0
1.0676,0.00130000000000003,0.0012881191814281643,6.559189767186526e-05,1.0
1.0685,0.0013000000000000273,0.0013144683626991943,6.603859342692128e-05,1.0
1.0695,0.0013000000000000353,0.0013236143216316721,6.625374049325516e-05,1.0
1.0705,0.0013000000000000542,0.001247425404360843,6.58585985569377e-05,1.0
1.0714,0.0012999999999999611,0.0012865578260156424,6.536688563072633e-05,1.0
1.0724,0.0012999999999998815,0.0013140337666202617,6.522586194453991e-05,1.0
1.0734,0.001300000000000013,0.0013503840051886239,6.54775171554436e-05,1.0
1.0743,0.0013000000000000331,0.001370406324825029,6.596832604483644e-05,1.0
1.0753,0.0012999999999999841,0.0013285343860692082,6.614739842478141e-05,1.0
1.0763,0.0013000000000000266,0.0014398299590220472,6.562571387294556e-05,1.0
1.0773,0.001299999999999967,0.0012390218491468569,6.50546762680235e-05,1.0
1.0782,0.0012999999999999635,0.0012849156430306873,6.4962059327896e-05,1.0
1.0792,0.0012999999999998891,0.0012456736209001886,6.500736201164037e-05,1.0
1.0802,0.0012999999999998915,0.0013318735509767867,6.486528874195233e-05,1.0
1.0811,0.0012999999999998933,0.0012959711665624049,6.470661020707961e-05,1.0
1.0821,0.001299999999999988,0.001290526073385042,6.450744883612147e-05,1.0
1.0831,0.0012999999999999548,0.0012821672497768705,6.425867821378187e-05,1.0
1.0841,0.0012999999999999626,0.0011369649568904467,6.407833553874047e-05,1.0
1.085,0.0013000000000000448,0.0013348172116073214,6.395543891562563e-05,1.0
1.086,0.0013000000000000075,0.0011827840554472322,6.386110319515491e-05,1.0
1.087,0.0013000000000000067,0.0013466377609047879,6.381889790400476e-05,1.0
1.0879,0.0013001959482161949,0.0012749285055169604,6.381696274716842e-05,1.0
1.0889,0.001300665182170021,0.0012004525350849525,6.379361666011599e-05,1.0
1.0899,0.0012999999999999733,0.0013888284848019756,6.37127500328525e-05,1.0
1.0908,0.0013000000000000286,0.001267972420054069,6.362169081467029e-05,1.0
1.0918,0.0013031889205098912,0.0012599222581914497,6.357422355153796e-05,1.0
1.0928,0.001301896376921068,0.0012813841030021214,6.358239019822359e-05,1.0
1.0938,0.001300999999999957,0.0014018994308922594,6.363179088862496e-05,1.0
1.0947,0.001300999999999957,0.0013316513281670518,6.376070708192026e-05,1.0
1.0957,0.0013056855327633,0.0012331648629080444,6.389088965329076e-05,1.0
1.0967,0.00130156502715446,0.0012713872173442053,6.399275763277575e-05,1.0
1.0976,0.0013000000000000236,0.0012542044105312586,6.421148699046979e-05,1.0
1.0986,0.0013000000000000292,0.00122863490164962,6.430370027620249e-05,1.0
1.0996,0.0013005193137427813,0.0012926574949938888,6.414457327027721e-05,1.0
1.1005,0.0013042664300835474,0.0012338602748761607,6.408427952011713e-05,1.0
1.1015,0.001302899537592672,0.0012247612221392694,6.402252335264863e-05,1.0
1.1025,0.0013009999999999476,0.0013198731438324868,6.379270618520848e-05,1.0
1.1034,0.0013052311616693578,0.0012280386983595621,6.353089664238555e-05,1.0
1.1044,0.0013316161807501938,0.0013420303888972646,6.342837527693304e-05,1.0
1.1054,0.0013121312486565851,0.0013552684407810167,6.352040253363357e-05,1.0
1.1064,0.0013054737745559354,0.001234538799282569,6.350527083051659e-05,1.0
1.1073,0.0013037121238839158,0.0012912622811680316,6.320646628778713e-05,1.0
1.1083,0.0013038518693095015,0.0013246350725719433,6.292501901196535e-05,1.0
1.1093,0.0013038701199161041,0.0012333417650409579,6.288648018911588e-05,1.0
1.1102,0.0013024099686867667,0.0014675081771146521,6.304118294969445e-05,1.0
1.1112,0.001303457801853647,0.0012893454257003041,6.329249116235137e-05,1.0
1.1122,0.001303132093685988,0.001403278468496663,6.334165501323324e-05,1.0
1.1132,0.0013029999999999852,0.0012594543643063196,6.299297119262024e-05,1.0
1.1141,0.0013031536412338425,0.0012996923078655576,6.259897933392118e-05,1.0
1.1151,0.0013093578690720777,0.0012744615942093306,6.237675396131339e-05,1.0
1.1161,0.001317543016238141,0.0014589156983025797,6.222008787142449e-05,1.0
1.117,0.001322666574445564,0.0013348558773355493,6.209401089601024e-05,1.0
1.118,0.0013231706342762724,0.0013093458812167861,6.203490801329844e-05,1.0
1.119,0.001319389569432414,0.0013407029630672892,6.205241399277522e-05,1.0
1.1199,0.0013247196965489483,0.0012770047790305768,6.207943300019173e-05,1.0
1.1209,0.0013109604010267336,0.001351948322381609,6.201083799971965e-05,1.0
1.1219,0.0013050866031602557,0.0013163356867872855,6.18953297148415e-05,1.0
1.1228,0.0013106245226029846,0.0013212221315925341,6.188815516610368e-05,1.0
1.1238,0.0013138472909080168,0.0013063476202223889,6.213021858063355e-05,1.0
1.1248,0.001311354327521106,0.001205830574718549,6.260340051036261e-05,1.0
1.1258,0.0013082915409062118,0.0011325857151813223,6.28050782955884e-05,1.0
1.1267,0.001306999999999941,0.0012815358109625088,6.246783924916005e-05,1.0
1.1277,0.0013075176009090489,0.0013638210001510613,6.205051178021974e-05,1.0
1.1287,0.0013093121137335783,0.0013196053017974813,6.189575897581514e-05,1.0
1.1296,0.0013086377037238885,0.0013433757489881497,6.190656820989052e-05,1.0
1.1306,0.0013055399467450917,0.0012856240944091207,6.191564971038786e-05,1.0
1.1316,0.0013021229305832246,0.0012589004833573386,6.188041516551178e-05,1.0
1.1326,0.0013141285836082168,0.0013071923560210059,6.184315490408627e-05,1.0
1.1335,0.001334731070429281,0.0012278290656906007,6.17954680333187e-05,1.0
1.1345,0.0013316527853163935,0.00133208531651781,6.170739054009752e-05,1.0
1.1355,0.0013080000000000144,0.0012718230362764715,6.159277292447128e-05,1.0
1.1364,0.0013135225474676698,0.0012187277368918624,6.161911707330624e-05,1.0
1.1374,0.0013193104740963088,0.0013102787268496337,6.182903070119825e-05,1.0
1.1384,0.0013151938104303917,0.0013365203645990472,6.200960961910615e-05,1.0
1.1393,0.0013125467226728204,0.0013392725710060225,6.209281999379678e-05,1.0
1.1403,0.0013111343559490927,0.0012938919903649375,6.209859875964096e-05,1.0
1.1413,0.001307990972670987,0.0013074845861084214,6.20454021043415e-05,1.0
1.1422,0.001306088713766398,0.0013130591046127417,6.193752124888241e-05,1.0
1.1432,0.0013093349427417019,0.0013893549341577897,6.1722882814483e-05,1.0
1.1442,0.0013122253639377035,0.0012409282879134171,6.143913284366557e-05,1.0
1.1452,0.0013288057375236827,0.001327881567509829,6.123146158263499e-05,1.0
1.1461,0.0013318868707123258,0.0013091174672938907,6.119062983516878e-05,1.0
1.1471,0.001312953463717187,0.001379658017476446,6.131725634798693e-05,1.0
1.1481,0.0013117474613210654,0.0013408289430448751,6.150766467377576e-05,1.0
1.149,0.0013174058547399295,0.0013656636191008713,6.149712327880581e-05,1.0
1.15,0.001326289076611637,0.0014391982145481586,6.123661357024434e-05,1.0
1.151,0.001313150419891396,0.0013215923192802263,6.10027627953699e-05,1.0
1.1519,0.0013166011651810654,0.0012649894874190888,6.08774021004939e-05,1.0
1.1529,0.0013246388856893814,0.0013814165366071904,6.075598084382751e-05,1.0
1.1539,0.0013308716401205212,0.0013147549125513886,6.0688237428276996e-05,1.0
1.1549,0.0013453625534594383,0.0013515328474597342,6.071189021435557e-05,1.0
1.1558,0.0013555796408428692,0.001327764778467334,6.072723203764414e-05,1.0
1.1568,0.001353415465109525,0.0013532145559177877,6.0738560101068593e-05,1.0
1.1578,0.0013398993986821072,0.001234331009843241,6.098353087637578e-05,1.0
1.1587,0.0013427242884191195,0.001516855562359381,6.154461948567624e-05,1.0
1.1597,0.00133921619562139,0.0013174858564869414,6.20274611614133e-05,1.0
1.1607,0.0013216257183187852,0.0013360361398029891,6.191178621237248e-05,1.0
1.1617,0.0013360614564934291,0.0013430523584978462,6.161365613429905e-05,1.0
1.1626,0.001328070798316384,0.0013170693968780935,6.188953365816397e-05,1.0
1.1636,0.0013132050843815675,0.0013503005799171256,6.266049165108187e-05,1.0
1.1646,0.0013120000000000143,0.0013700173220331554,6.265708377417355e-05,1.0
1.1655,0.0013277235250972051,0.0012841592252354724,6.167156267042131e-05,1.0
1.1665,0.0013189872775590367,0.001249331391498864,6.087345153042791e-05,1.0
1.1675,0.001309161525513655,0.0012588422446536463,6.071071912007476e-05,1.0
1.1684,0.001312453527150827,0.0013038563521450505,6.097844996948591e-05,1.0
1.1694,0.0013200135084077314,0.001360612184066953,6.114517320215254e-05,1.0
1.1704,0.0013258587432115989,0.0013279191125118565,6.0830241157405174e-05,1.0
1.1713,0.0013253326961196806,0.0013868002075180326,6.042849071432208e-05,1.0
1.1723,0.0013294389635244606,0.0012443054494378127,6.026588815062062e-05,1.0
1.1733,0.001333227663565468,0.001315751491699014,6.0274139565648236e-05,1.0
1.1743,0.0013286721851112906,0.0013035708884547288,6.033951786492585e-05,1.0
1.1752,0.001325178865019931,0.0014246105925491573,6.041331143255365e-05,1.0
1.1762,0.001324000000000026,0.0013698398370755908,6.0606997141930355e-05,1.0
1.1772,0.0013213452400176024,0.001348418562591081,6.102287487452448e-05,1.0
1.1781,0.0013155461440883661,0.0014146271117721366,6.137838964423556e-05,1.0
1.1791,0.001315047877700626,0.001334941336413392,6.1275840208638e-05,1.0
1.1801,0.0013154397580574177,0.001336017201869272,6.080900202773071e-05,1.0
1.1811,0.0013123484945968885,0.0013641074248701402,6.0524733841051286e-05,1.0
1.182,0.0013106495551671344,0.0013152068051720586,6.0687829439961914e-05,1.0
1.183,0.0013139085970729839,0.0013303693877588696,6.103496725905288e-05,1.0
1.184,0.0013230206401712238,0.0012705457712700189,6.105872764583922e-05,1.0
1.1849,0.0013273053425853015,0.0014602623334722563,6.071064993720414e-05,1.0
1.1859,0.0013192930500317938,0.0013076087168021398,6.043363668477316e-05,1.0
1.1869,0.001309555629652031,0.0014106181956696161,6.065161579345449e-05,1.0
1.1878,0.0013099545503774499,0.001401199507182178,6.129556497413582e-05,1.0
1.1888,0.0013110933682261008,0.0013408418967562914,6.158727793846764e-05,1.0
1.1898,0.0013126971208400843,0.0013795851374721155,6.0991139221354564e-05,1.0
1.1908,0.0013179699458163296,0.00134956056043318,6.026767093372621e-05,1.0
1.1917,0.0013202256585122354,0.0013148781587633475,5.99304120925355e-05,1.0
1.1927,0.0013154652691474602,0.0012915142999403424,5.985094918239967e-05,1.0
1.1937,0.0013136538589059552,0.0013347771424147285,5.987841383481732e-05,1.0
1.1946,0.0013109055145454213,0.0014336029693330485,5.996032602033069e-05,1.0
1.1956,0.0013099999999999258,0.0012894475996247314,6.0179505164064416e-05,1.0
1.1966,0.001309023963181005,0.0012810371183615366,6.072102411554532e-05,1.0
1.1975,0.0013069999999999683,0.0013553676697054308,6.151154845025779e-05,1.0
1.1985,0.0013072779890507267,0.0011016453932994892,6.215180450605265e-05,1.0
1.1995,0.0013095557282778957,0.001334643269648988,6.221736191646766e-05,1.0
1.2004,0.0013106970445898123,0.0013635025453830674,6.1573705639549e-05,1.0
1.2014,0.0013086741176074473,0.0012234605656949,6.0799627580896524e-05,1.0
1.2024,0.0013064198303746157,0.0012060779210010734,6.0477550375024456e-05,1.0
1.2034,0.0013060000000000476,0.0013321525662264133,6.047828715161676e-05,1.0
1.2043,0.0013060000000001386,0.00128246534931664,6.038441982023239e-05,1.0
1.2053,0.0013042346845375662,0.0013782258886356426,6.015102422262339e-05,1.0
1.2063,0.0013039999999997927,0.0013769254222543205,6.002637771125872e-05,1.0
1.2072,0.0013039999999999595,0.0012810469222969412,6.014821553049851e-05,1.0
1.2082,0.0013038155149488215,0.0013524373824233714,6.047856530726485e-05,1.0
1.2092,0.0013030000000000114,0.0012893157254311419,6.083522323039558e-05,1.0
1.2102,0.001302537639948125,0.001309115949900001,6.101540478893313e-05,1.0
1.2111,0.001302487451323166,0.0013447407754154884,6.075274274413138e-05,1.0
1.2121,0.0013092645671036352,0.0013637599542288173,6.01680926091312e-05,1.0
1.2131,0.0013076488104809673,0.0013070443758577994,5.977761769455838e-05,1.0
1.214,0.001303632164071177,0.001213010035086538,5.964619070030539e-05,1.0
1.215,0.0013020717159695277,0.001160170935663144,5.96101564905055e-05,1.0
1.216,0.0013020671536438334,0.0012735809859302245,5.959827291807763e-05,1.0
1.2169,0.0013029078600277767,0.0011694741202103714,5.9610872982895296e-05,1.0
1.2179,0.001301769888649837,0.0012636533891266057,5.965457234820261e-05,1.0
1.2189,0.0013010000000000632,0.0013827021452273932,5.969347965040825e-05,1.0
1.2198,0.0013009999999999517,0.0011427477328700834,5.969280669009326e-05,1.0
1.2208,0.0013031323104893374,0.001329830612933259,5.967756186218193e-05,1.0
1.2218,0.0013036561055280104,0.0012942408718608623,5.9678776884154616e-05,1.0
1.2228,0.0013013799399245332,0.0013779377950240955,5.968924945880361e-05,1.0
1.2237,0.0013043396197691764,0.001331516587155146,5.970088179311368e-05,1.0
1.2247,0.0013137639710030051,0.0013007578102861776,5.9806773194045725e-05,1.0
1.2257,0.0013010000000000692,0.001294345581927996,6.0233916562829415e-05,1.0
1.2266,0.0013008621287855882,0.001363025756190579,6.0892105275485675e-05,1.0
1.2276,0.0013002764259922644,0.001336964813723407,6.112677058820534e-05,1.0
1.2286,0.0013014146072631307,0.001334341541711508,6.061140538467522e-05,1.0
1.2296,0.0013008930462468638,0.0012522644709252945,6.00593902075696e-05,1.0
1.2305,0.0013000000000000255,0.001263501222667663,5.987741259882184e-05,1.0
1.2315,0.0012999999999997564,0.0013769456285037962,5.991950835666002e-05,1.0
1.2325,0.0012999999999999804,0.0013729902426892738,5.99913174754453e-05,1.0
1.2334,0.0012999999999999384,0.001315305350170318,5.999869133036298e-05,1.0
1.2344,0.0012999999999998484,0.0013302189656817457,5.9939925631896215e-05,1.0
1.2354,0.0012999999999998488,0.0013796472128662102,5.986262120848262e-05,1.0
1.2363,0.0013000000000000205,0.0013815624689806148,5.9800857516187314e-05,1.0
1.2373,0.0013000000000000192,0.0013389159784971923,5.9736389488746606e-05,1.0
1.2383,0.0012999999999999525,0.0013666939462465561,5.969827206924494e-05,1.0
1.2392,0.0012999999999999433,0.0013401391981695504,5.9711677067856965e-05,1.0
1.2402,0.0013000000000000663,0.001247398785202797,5.9742545645763596e-05,1.0
1.2412,0.0012999999999999963,0.0014224706730872334,5.975620586110501e-05,1.0
1.2422,0.001299999999999814,0.001303579772938784,5.975788395389168e-05,1.0
1.2431,0.0013000000000001465,0.00128306474452405,5.974975149040677e-05,1.0
1.2441,0.0012999999999997929,0.0011985198240677807,5.9731780355852996e-05,1.0
1.2451,0.0012999999999999954,0.0012335948416010776,5.971632222155188e-05,1.0
1.246,0.0012999999999999867,0.0012085051501943363,5.973034623185598e-05,1.0
1.247,0.0012999999999998998,0.00136352772276185,5.977585758382243e-05,1.0
1.248,0.0013000000000000424,0.0013300303414629719,5.980496638190208e-05,1.0
1.2489,0.0012999999999999902,0.001294887965681296,5.980529653092882e-05,1.0
1.2499,0.0013000000000001385,0.001345643627000739,5.986905839211606e-05,1.0
1.2509,0.0012999999999999616,0.0012775209687910943,6.007274577061834e-05,1.0
1.2519,0.0012999999999999858,0.0013027299780384266,6.0311358226720686e-05,1.0
1.2528,0.0013000000000000064,0.0012804686475206316,6.039252269339364e-05,1.0
1.2538,0.0013000000000000112,0.0013476451021427569,6.027393588204813e-05,1.0
1.2548,0.001299999999999978,0.001254608121992916,6.008204406484496e-05,1.0
1.2557,0.0012999999999999332,0.001342445192000157,5.996998670667878e-05,1.0
1.2567,0.0012999999999999375,0.00123369836414056,5.994887204919524e-05,1.0
1.2577,0.0012999999999999015,0.001319527986343349,5.9946098502298107e-05,1.0
1.2587,0.001300000000000106,0.0013126431192131951,5.993934006965581e-05,1.0
1.2596,0.0012999999999999028,0.0012956695191122833,5.993938677169763e-05,1.0
1.2606,0.0013000000000000784,0.001192451444955442,5.993972727667742e-05,1.0
1.2616,0.0012999999999997749,0.0014143339091930599,5.994959615262665e-05,1.0
1.2625,0.001299999999999905,0.0012417697487865957,6.0019643597072354e-05,1.0
1.2635,0.0012999999999999665,0.0012645423847077704,6.017435595815911e-05,1.0
1.2645,0.0012999999999997736,0.001253694870500152,6.0267072839916564e-05,1.0
1.2654,0.0012999999999997807,0.001274692081306964,6.0188234290052223e-05,1.0
1.2664,0.0012999999999999767,0.001382053764809794,6.007237955921128e-05,1.0
1.2674,0.0012999999999999405,0.00125731241021121,6.001858755160189e-05,1.0
1.2683,0.0012999999999999097,0.0012953837117018318,6.000656398584612e-05,1.0
1.2693,0.0012999999999999004,0.0014209417401758757,6.00177612162751e-05,1.0
1.2703,0.0012999999999999047,0.0013179664614138746,6.0045198531102885e-05,1.0
1.2713,0.001300000000000173,0.0012715074974694407,6.008336729328522e-05,1.0
1.2722,0.0013000000000001272,0.0012622772506336605,6.0127243230672415e-05,1.0
1.2732,0.0012999999999997746,0.0014079224477045638,6.0190297519710784e-05,1.0
1.2742,0.0012999999999997848,0.0013561397254897153,6.025190170817346e-05,1.0
1.2751,0.001299999999999954,0.0013072910391815327,6.0260450258708446e-05,1.0
1.2761,0.0012999999999998505,0.0012277449787897001,6.0221686952052817e-05,1.0
1.2771,0.001299999999999911,0.001265437962446528,6.020063811860724e-05,1.0
1.2781,0.0013000000000000054,0.0013852584396523994,6.022719186499356e-05,1.0
1.279,0.0013000000000000372,0.0012838893346832205,6.0282742850311927e-05,1.0
1.28,0.001299999999999606,0.0013722701254869117,6.0391610685626015e-05,1.0
1.281,0.0012999999999999286,0.0013131379805639872,6.058790230983613e-05,1.0
1.2819,0.0012999999999998115,0.001325601831610223,6.09066628796384e-05,1.0
1.2829,0.0013000000000000544,0.0011556214059252287,6.133651229597993e-05,1.0
1.2839,0.0012999999999998959,0.0013629758194044239,6.170206910657673e-05,1.0
1.2848,0.001299999999999987,0.0012750095870956825,6.174454231258798e-05,1.0
1.2858,0.0013000000000000468,0.0013009007378031233,6.142208229906514e-05,1.0
1.2868,0.001300000000000037,0.0012459916097856522,6.099665001983779e-05,1.0
1.2878,0.0012999999999997844,0.001391731198048379,6.081570193554243e-05,1.0
1.2887,0.0013000000000001613,0.0012957515707276155,6.0953126877776423e-05,1.0
1.2897,0.0012999999999996187,0.0013279542077695582,6.118079294623155e-05,1.0
1.2907,0.0012999999999997944,0.0013321710206641807,6.12731718432775e-05,1.0
1.2916,0.0012999999999999455,0.0012796547651358185,6.114035806270674e-05,1.0
1.2926,0.0013000000000001205,0.0012516424661457933,6.095936162752619e-05,1.0
1.2936,0.0013000000000001782,0.001293140439502301,6.0862849952564935e-05,1.0
1.2945,0.0013000000000000602,0.0012933158855261658,6.0825519407268424e-05,1.0
1.2955,0.001301787152805418,0.0013151845254801716,6.078957853277866e-05,1.0
1.2965,0.0013015308255693093,0.0012823858130235123,6.075875203984746e-05,1.0
1.2974,0.0013010000000000617,0.0013010541143174497,6.074426536262983e-05,1.0
1.2984,0.0013010000000001063,0.0012871800087871745,6.07543718593083e-05,1.0
1.2994,0.00130200000000008,0.0013338442694211699,6.079365963508567e-05,1.0
1.3004,0.001301999999999852,0.001213442281355572,6.085124221153863e-05,1.0
1.3013,0.00130200000000016,0.0013000142761512717,6.091746378124935e-05,1.0
1.3023,0.001301999999999879,0.001295916679512755,6.102184326825708e-05,1.0
1.3033,0.0013024772472424848,0.0013289641830960032,6.115407977220543e-05,1.0
1.3042,0.0013035023385137533,0.0012846522392720853,6.11853939970229e-05,1.0
1.3052,0.0013020763756180684,0.0012264123531130627,6.111012624932038e-05,1.0
1.3062,0.0013009999999998468,0.0012900168544442495,6.10796426770562e-05,1.0
1.3072,0.0013009999999997366,0.0012728619617393226,6.11419477943661e-05,1.0
1.3081,0.0013010000000000055,0.0013817562944702486,6.122481211276264e-05,1.0
1.3091,0.0013020000000000772,0.0013362444937993114,6.129557999866612e-05,1.0
1.3101,0.0013017790895518226,0.0013164472421167965,6.142877668620799e-05,1.0
1.311,0.0013010000000000749,0.001395351038224464,6.173990750999994e-05,1.0
1.312,0.0013013845691007444,0.0012334235507285617,6.218259336534874e-05,1.0
1.313,0.0013030454755360923,0.0012547032687697836,6.232277006952605e-05,1.0
1.3139,0.001305095658078546,0.0013221508906869452,6.209676602623486e-05,1.0
1.3149,0.0013039394967202852,0.0012415136250892266,6.189405615033423e-05,1.0
1.3159,0.001301348591919654,0.001274797441321906,6.171773247540469e-05,1.0
1.3168,0.001301850795311392,0.0014494093253017927,6.154814000078257e-05,1.0
1.3178,0.0013039773492910642,0.0013636389217696907,6.151831053250173e-05,1.0
1.3188,0.0013048724686399405,0.0013094382497971003,6.166191438803036e-05,1.0
1.3198,0.0013037334632526266,0.001374285972547038,6.189062009885733e-05,1.0
1.3207,0.0013029999999999767,0.0013510760549767806,6.197203923225393e-05,1.0
1.3217,0.0013030000000000535,0.0013280864559528825,6.180916012709509e-05,1.0
1.3227,0.0013030000000000333,0.0012514397014518985,6.162918121099e-05,1.0
1.3236,0.0013030000000000053,0.0012632454837645105,6.156051507002729e-05,1.0
1.3246,0.00130446464990433,0.0012902486720613871,6.155667396028662e-05,1.0
1.3256,0.001305871330339495,0.001343176718348402,6.159168487895e-05,1.0
1.3266,0.0013060000000000495,0.0013718015577352353,6.170904823914222e-05,1.0
1.3275,0.0013060000000000474,0.0012665766285916708,6.195795719247546e-05,1.0
1.3285,0.001306173157659293,0.0013701355145980673,6.228316785242692e-05,1.0
1.3295,0.001308248109091915,0.001298794819591799,6.244798255513176e-05,1.0
1.3304,0.0013116742370883178,0.00123789337349861,6.235455372491032e-05,1.0
1.3314,0.0013139522478629612,0.0013596376051523652,6.219504642246541e-05,1.0
1.3324,0.001316842881681174,0.0012759857243255486,6.21492003525606e-05,1.0
1.3333,0.0013199168375924162,0.0012429941545527372,6.218264372443843e-05,1.0
1.3343,0.0013155543412401187,0.0012071645211894017,6.212575243985599e-05,1.0
1.3353,0.0013084990748098526,0.0014524947619537457,6.200664590504514e-05,1.0
1.3362,0.0013080000000000153,0.0013106285549554094,6.195336044611605e-05,1.0
1.3372,0.0013100000000000544,0.0012272442531400464,6.197790282473902e-05,1.0
1.3382,0.001310437296369851,0.0013454110457280215,6.206700472918228e-05,1.0
1.3392,0.0013177224571558352,0.001264302194922599,6.215852298630765e-05,1.0
1.3401,0.0013306792139039954,0.0013351326075365763,6.21846385204599e-05,1.0
1.3411,0.0013308270843435533,0.0012660517390715568,6.21766329467202e-05,1.0
1.3421,0.0013170907023348699,0.0013707532128235415,6.219194648867014e-05,1.0
1.343,0.0013106301379763091,0.0012872196395258848,6.222825081254004e-05,1.0
1.344,0.0013149406506619047,0.0012135595483569646,6.224932157326597e-05,1.0
1.345,0.001318887341492756,0.001307489925001929,6.225308501953398e-05,1.0
1.3459,0.0013239376921772498,0.0013634243440991396,6.226012929534912e-05,1.0
1.3469,0.0013437474715197414,0.0014056939616212175,6.228685805132695e-05,1.0
1.3479,0.0013409429020630691,0.0012605204629691055,6.235938890905411e-05,1.0
1.3489,0.0013327591267284435,0.0013507133222859253,6.250934752647782e-05,1.0
1.3498,0.0013232870585239572,0.0013820889496657834,6.266671486119117e-05,1.0
1.3508,0.001332344815126072,0.0012514974323578573,6.268082470198597e-05,1.0
1.3518,0.0013558283177681498,0.0012794115291298522,6.258046018685226e-05,1.0
1.3527,0.0013612696302151028,0.00134811365498175,6.252866400340641e-05,1.0
1.3537,0.001360130931923695,0.0014401059428224808,6.254549432101138e-05,1.0
1.3547,0.001335849183892859,0.0012882315458056233,6.259028063748395e-05,1.0
1.3557,0.0013221430076999462,0.0013519063420495989,6.264004190645729e-05,1.0
1.3566,0.0013607737517650506,0.0012919042425678059,6.26711614660315e-05,1.0
1.3576,0.001383435333616532,0.0013569603316244164,6.269074708927212e-05,1.0
1.3586,0.0013332684440439447,0.0013167629691627893,6.272428485451442e-05,1.0
1.3595,0.0013245261383318288,0.0013073016599568896,6.278050827968113e-05,1.0
1.3605,0.0013246127312819226,0.0012394499948846925,6.284089670506646e-05,1.0
1.3615,0.0013280069466766321,0.0013648584427019598,6.287165188648131e-05,1.0
1.3624,0.0013282240558228479,0.0013822996145471528,6.289309593658596e-05,1.0
1.3634,0.0013279999999999197,0.0013259197414868121,6.292717935573988e-05,1.0
1.3644,0.0013390000000000205,0.001236147286650465,6.295445207944347e-05,1.0
1.3654,0.0013345740271374737,0.0015138594305526224,6.299026719040914e-05,1.0
1.3663,0.0013157824751260797,0.001258483812507396,6.309689889795392e-05,1.0
1.3673,0.001324615365610866,0.00128031979781931,6.334483960415569e-05,1.0
1.3683,0.0013602876541380926,0.0013065934336024755,6.364499687816884e-05,1.0
1.3692,0.00135978396882782,0.0013437805567433029,6.369870666212855e-05,1.0
1.3702,0.0013347580666074727,0.001284330853091324,6.353582282977722e-05,1.0
1.3712,0.0013405667263369394,0.0012546480421299978,6.34389945928737e-05,1.0
1.3721,0.0013536901400571799,0.0013691997730303767,6.341646185689088e-05,1.0
1.3731,0.0013396760866513343,0.0013005462801044302,6.34113844066025e-05,1.0
1.3741,0.0013180990545146637,0.0013731721941222796,6.342165400787799e-05,1.0
1.3751,0.0013216186589215776,0.001339040109678039,6.3430571520878e-05,1.0
1.376,0.001331052604692657,0.0014131531622691741,6.342966767683666e-05,1.0
1.377,0.001333598436574814,0.001283780672759074,6.343016522322945e-05,1.0
1.378,0.0013319202255561058,0.0013683967028498493,6.345130127974857e-05,1.0
1.3789,0.0013287400860276164,0.0013040310533351447,6.35143704329407e-05,1.0
1.3799,0.0013241846075730298,0.0012681610898019134,6.36489330477045e-05,1.0
1.3809,0.0013230000000000206,0.0013241022224207233,6.388537942118858e-05,1.0
1.3818,0.0013238679447652123,0.001372095111948568,6.414659369863384e-05,1.0
1.3828,0.0013220056754267738,0.0013610366829075384,6.420708272655143e-05,1.0
1.3838,0.001324157446511484,0.00126712689928445,6.405009686595825e-05,1.0
1.3848,0.0013338355042754946,0.0013721353173982928,6.393332824664773e-05,1.0
1.3857,0.0013406913583013547,0.0013589297219573397,6.390721845576246e-05,1.0
1.3867,0.0013368664703977953,0.0013107093410384813,6.390487905589131e-05,1.0
1.3877,0.0013300707527741915,0.0013847919666094832,6.396237726751873e-05,1.0
1.3886,0.0013273895309812778,0.0013136139374962828,6.407832482115347e-05,1.0
1.3896,0.0013255010511880375,0.0013544107623336,6.420070593861227e-05,1.0
1.3906,0.0013241116559805218,0.001401659596376314,6.431785776139532e-05,1.0
1.3915,0.0013230865647091707,0.0014721135075937135,6.43972618801177e-05,1.0
1.3925,0.0013261571430557683,0.0012056628703167593,6.440025088529478e-05,1.0
1.3935,0.0013286196573210275,0.0014436721682876048,6.441882205949017e-05,1.0
1.3944,0.001326354212167783,0.0013678073743727333,6.451617231340874e-05,1.0
1.3954,0.001325062803994075,0.001401258809843507,6.460490233631944e-05,1.0
1.3964,0.0013299588256696713,0.0013446324107677728,6.46200351976349e-05,1.0
1.3974,0.0013336314238373036,0.0014372388783609575,6.460037759117547e-05,1.0
1.3983,0.001340560953179354,0.0013599609608616371,6.460310293823277e-05,1.0
1.3993,0.0013567194389048332,0.0014657493973815872,6.468016882726339e-05,1.0
1.4003,0.0013441225045796913,0.0013116250872331873,6.479305663496966e-05,1.0
1.4012,0.0013391637536398322,0.001254663980360704,6.48610511881824e-05,1.0
1.4022,0.0013314130812504769,0.0013885912936840133,6.485555543003102e-05,1.0
1.4032,0.001326471595277519,0.0012817833873043393,6.481801838373956e-05,1.0
1.4042,0.0013354933450477114,0.001320312298859462,6.482701426652445e-05,1.0
1.4051,0.0013539963778536872,0.001409278866075865,6.498791537378395e-05,1.0
1.4061,0.0013630000000000502,0.001391192274634445,6.526639193355403e-05,1.0
1.4071,0.0013548683977062357,0.0014324913466510802,6.543762235342694e-05,1.0
1.408,0.0013334518665925985,0.0013460561602412714,6.539454755654579e-05,1.0
1.409,0.0013260000000000762,0.0013248260398898972,6.52573052267613e-05,1.0
1.41,0.001325020539155599,0.0013153227387627275,6.52331087137973e-05,1.0
1.4109,0.0013230045521154638,0.0013490272901991473,6.543714026650458e-05,1.0
1.4119,0.0013272980662271516,0.0013115340184574212,6.575366137796878e-05,1.0
1.4129,0.0013554386449304886,0.0014138608219517903,6.588196452665475e-05,1.0
1.4139,0.0013774202935516616,0.0013582601178338707,6.579311181101125e-05,1.0
1.4148,0.0013766638455315148,0.0014203577203141529,6.578277060673232e-05,1.0
1.4158,0.0013621464023982359,0.001445761781538573,6.591506322872883e-05,1.0
1.4168,0.0013399813231726836,0.0012430154296336898,6.590576619049305e-05,1.0
1.4177,0.0013402324980994187,0.001367429294051625,6.573600840804437e-05,1.0
1.4187,0.0013508608175638375,0.0013695790894274746,6.563461383372388e-05,1.0
1.4197,0.0013664515685861077,0.001330338726667429,6.56978154910486e-05,1.0
1.4206,0.0013845519625636743,0.0012655868242274048,6.586968885315194e-05,1.0
1.4216,0.0013946219039429378,0.0013369172087334302,6.607311565727061e-05,1.0
1.4226,0.0013916892791851151,0.0015127225502287779,6.643476828479557e-05,1.0
1.4236,0.0013685055006023932,0.001384827293780137,6.698467027078598e-05,1.0
1.4245,0.001335182493031835,0.0013666187762594675,6.725384735583281e-05,1.0
1.4255,0.0013218505963215102,0.0012275073603447938,6.710088043678006e-05,1.0
1.4265,0.0013169249986027735,0.0012678721467725318,6.68485030156777e-05,1.0
1.4274,0.001314414122997008,0.0014198630154128413,6.66834155647193e-05,1.0
1.4284,0.0013130682919442669,0.0013100810750131492,6.66091842157444e-05,1.0
1.4294,0.001311141155338515,0.0013928870497665698,6.656621915973684e-05,1.0
1.4303,0.0013135740136428285,0.0014924675552892936,6.652222540662794e-05,1.0
1.4313,0.0013201733716387662,0.0013606284292856717,6.643740113213261e-05,1.0
1.4323,0.0013262387138602393,0.0014137226361269407,6.633291783111352e-05,1.0
1.4332,0.00133039749626041,0.001411722872647014,6.621472340734703e-05,1.0
1.4342,0.0013267079868185879,0.001308330388256754,6.619423852590797e-05,1.0
1.4352,0.0013189477724322596,0.0013277937922140635,6.630560467152271e-05,1.0
1.4362,0.0013243293898372267,0.001235418399541365,6.650877669497753e-05,1.0
1.4371,0.001336913082957068,0.00132873470677556,6.668546983808082e-05,1.0
1.4381,0.0013507266942567773,0.001423066248500854,6.67955403084378e-05,1.0
1.4391,0.0013633027761890276,0.0013274205084427085,6.689273715397551e-05,1.0
1.44,0.0013533372570897386,0.0015163206467485788,6.696891895496418e-05,1.0
1.441,0.0013224785163202428,0.0013596140864617786,6.69807064998178e-05,1.0
1.442,0.0013147439198933145,0.0014308569008190612,6.700403987656085e-05,1.0
1.4429,0.0013129999999999906,0.0012154451782753948,6.710095418639775e-05,1.0
1.4439,0.001312418007826854,0.0014514181002099036,6.716624498437704e-05,1.0
1.4449,0.0013163259853631803,0.0014041758310182652,6.709534484975706e-05,1.0
1.4459,0.0013222993358707705,0.0013412558492392976,6.700547621536605e-05,1.0
1.4468,0.0013212300831093435,0.0012614569238807508,6.693066926325221e-05,1.0
1.4478,0.0013202054239242562,0.0012209520985221349,6.691892887076203e-05,1.0
1.4488,0.0013317488063995934,0.0012948624659509707,6.701516798544882e-05,1.0
1.4497,0.001345439642704185,0.0012272015132097302,6.710394267833556e-05,1.0
1.4507,0.0013358325946433967,0.001377229693817388,6.713220231376952e-05,1.0
1.4517,0.001326111268428021,0.0012728837909053705,6.710237438274335e-05,1.0
1.4527,0.0013235582885568237,0.001336390322381295,6.708501370642265e-05,1.0
1.4536,0.001323020947780173,0.0013790884314602678,6.723728833851552e-05,1.0
1.4546,0.0013351978570333904,0.001360762275360813,6.762455286760126e-05,1.0
1.4556,0.0013497714151542944,0.001284593223609587,6.809647668930734e-05,1.0
1.4565,0.0013575140932121056,0.0013739747313751584,6.837946407055902e-05,1.0
1.4575,0.0013442368712269339,0.0013401260322324525,6.829768616403694e-05,1.0
1.4585,0.0013317194712731148,0.0013703816068237386,6.79722471476574e-05,1.0
1.4594,0.0013211407034836634,0.0013937927897077478,6.7734800852399e-05,1.0
1.4604,0.0013135148732874053,0.0012292561084431709,6.77241002959861e-05,1.0
1.4614,0.0013094691388036758,0.001241201838014015,6.777046476905644e-05,1.0
1.4624,0.0013067031636764474,0.0013218071505561781,6.770032988605106e-05,1.0
1.4633,0.0013053268910019433,0.0012101100204887118,6.762864302400936e-05,1.0
1.4643,0.0013050000000000036,0.0013418556855395282,6.772013556514333e-05,1.0
1.4653,0.0013049999999999431,0.0012854217860127182,6.78901089096265e-05,1.0
1.4662,0.0013050000000000587,0.001355486771568174,6.79225384100292e-05,1.0
1.4672,0.0013063448492057277,0.0013449956153725618,6.780872295982976e-05,1.0
1.4682,0.0013150674716541158,0.0013096601203272562,6.773136756877809e-05,1.0
1.4691,0.0013357790259011502,0.0013436139316560657,6.791601035755549e-05,1.0
1.4701,0.0013417492760677066,0.0013577402717942196,6.837035122447784e-05,1.0
1.4711,0.0013366653344539473,0.001323645601131609,6.8723313037334e-05,1.0
1.4721,0.0013194095574553736,0.0012623882181766143,6.871082417641947e-05,1.0
1.473,0.0013065285024806373,0.0012970907218684236,6.845678340190189e-05,1.0
1.474,0.001304857604910936,0.0013939611966714105,6.824929752319125e-05,1.0
1.475,0.0013079898308947817,0.0013033626527414847,6.82275393755372e-05,1.0
1.4759,0.0013109348952916363,0.0012968052632583184,6.828761348222209e-05,1.0
1.4769,0.0013084811655245615,0.0013233739801249411,6.829862160428342e-05,1.0
1.4779,0.0013166703147454192,0.0013100113492613558,6.825642546513019e-05,1.0
1.4788,0.0013393823377918918,0.0013630863327550328,6.821064252822191e-05,1.0
1.4798,0.0013691727670655405,0.001330790411884623,6.818850286334347e-05,1.0
1.4808,0.0013791957883290493,0.0013858557602456807,6.826101392332781e-05,1.0
1.4818,0.001375779179488439,0.0012586140366274503,6.847587532537812e-05,1.0
1.4827,0.0013566521427297064,0.0012795232014065484,6.871416728766333e-05,1.0
1.4837,0.001324806294904006,0.00137461050247666,6.888893839021275e-05,1.0
1.4847,0.001306873697528395,0.0013479889299741943,6.918508435449273e-05,1.0
1.4856,0.0013038656158100188,0.0012387921031642535,6.98814429996614e-05,1.0
1.4866,0.001303030987411642,0.0013651362892841655,7.109847778353072e-05,1.0
1.4876,0.0013149275141467148,0.0014365820386844155,7.237121029845771e-05,1.0
1.4885,0.0013366423494691805,0.0012072406833145111,7.258561577568229e-05,1.0
1.4895,0.0013363154295484268,0.0012215845862699672,7.167401255153442e-05,1.0
1.4905,0.0013133559005145295,0.0013615632564879722,7.074790806731585e-05,1.0
1.4914,0.0013043120572517753,0.0013251905753606473,7.001918631481902e-05,1.0
1.4924,0.0013021899315548567,0.0012993829180510084,6.93787853035637e-05,1.0
1.4934,0.0013019999999999384,0.0013334088704211823,6.902444945077199e-05,1.0
1.4944,0.001305754542461452,0.0013665062139618695,6.905954351561806e-05,1.0
1.4953,0.0013238871816057469,0.0013719192899586086,6.93173425862125e-05,1.0
1.4963,0.0013189729918737176,0.0013892488997054434,6.946587250256049e-05,1.0
1.4973,0.00130504875539843,0.0013920255054253245,6.93851572084054e-05,1.0
1.4982,0.0013020000000000009,0.0012543898212231835,6.935552679145473e-05,1.0
1.4992,0.001303107030655606,0.001319834128975626,6.957668843984349e-05,1.0
1.5002,0.0013039999999999291,0.0012782152291309625,7.038750805957675e-05,1.0
1.5012,0.0013039999999999155,0.0011928787707130247,7.233032467756963e-05,1.0
1.5021,0.0013039999999998947,0.0011641586147780633,7.517261474197226e-05,1.0
1.5031,0.0013030056455350346,0.0011151312619318485,7.71754312523066e-05,1.0
1.5041,0.0013019999999999829,0.001300735680980349,7.66878230596718e-05,1.0
1.505,0.0013040580159581101,0.001375510905523576,7.466270228311726e-05,1.0
1.506,0.0013233248006000206,0.001266264869126726,7.254006580612603e-05,1.0
1.507,0.0013447447356830604,0.0013783759390130817,7.101709195135582e-05,1.0
1.5079,0.0013456177487421975,0.0013181758512945368,7.026502460430806e-05,1.0
1.5089,0.0013416034334916905,0.001414717321655516,7.005331131594531e-05,1.0
1.5099,0.001337047955037344,0.0014286337936799298,7.001524828105937e-05,1.0
1.5109,0.0013316149168600682,0.0013436615640877588,6.995152534905677e-05,1.0
1.5118,0.0013255873526050244,0.0013244054363535627,6.98977352441375e-05,1.0
1.5128,0.00131876096863628,0.0014811018416529607,6.992118861145519e-05,1.0
1.5138,0.0013112115605208481,0.0012938393800207037,7.008543710472482e-05,1.0
1.5147,0.001302592129561778,0.00131024924164134,7.0591138758887e-05,1.0
1.5157,0.0013006571951673265,0.0013040124192976238,7.156752081055052e-05,1.0
1.5167,0.0012999999999999184,0.0014179674798496342,7.232173599393003e-05,1.0
1.5176,0.0012999999999999806,0.0012823693736385936,7.223229368633501e-05,1.0
1.5186,0.0012999999999999097,0.0013245189386170315,7.152540791623717e-05,1.0
1.5196,0.00129999999999993,0.0012451231725355524,7.089592507757005e-05,1.0
1.5206,0.0013009225071536094,0.001156756079024761,7.076034260593838e-05,1.0
1.5215,0.0013019475984247185,0.0013561569527520238,7.100267705534768e-05,1.0
1.5225,0.001303000000000047,0.0013449111256116756,7.113036059177719e-05,1.0
1.5235,0.0013025513310530306,0.0011789582612133135,7.08714999604526e-05,1.0
1.5244,0.0013010000000000332,0.0013656933074257178,7.059359083320734e-05,1.0
1.5254,0.001300611568868014,0.0011757113884992391,7.051651843718268e-05,1.0
1.5264,0.0012999999999998894,0.0013758163193155171,7.053665453326114e-05,1.0
1.5273,0.001300000000000058,0.0012181220303619724,7.055282061336849e-05,1.0
1.5283,0.0013006902584518766,0.001367280708794841,7.061368021594685e-05,1.0
1.5293,0.0013018291280654755,0.0010797353662369894,7.074048371211663e-05,1.0
1.5302,0.0013019999999999505,0.0013953721707300507,7.080381973016536e-05,1.0
1.5312,0.001301006775275905,0.0012413551452534032,7.086113706618152e-05,1.0
1.5322,0.0012999999999999507,0.0013739943617403464,7.10085223078718e-05,1.0
1.5332,0.001300000000000055,0.0013159347215964713,7.120822212467958e-05,1.0
1.5341,0.001300000000000004,0.0013999967003006386,7.130109243437451e-05,1.0
1.5351,0.0013004339216576666,0.0013801814590519732,7.115738828978693e-05,1.0
1.5361,0.0013021458540896983,0.0012983072171268816,7.104275625918391e-05,1.0
1.537,0.0013071851777965477,0.0013640650537641095,7.127621027075785e-05,1.0
1.538,0.0013136802480217525,0.0012841959125697725,7.198587599204324e-05,1.0
1.539,0.0013219980349182508,0.001356130591090557,7.29344418576484e-05,1.0
1.5399,0.0013256991295866616,0.0014310160614580594,7.337595110767367e-05,1.0
1.5409,0.00132900000000012,0.0013161206949036564,7.283237324322171e-05,1.0
1.5419,0.0013254496309629605,0.0013756183688927001,7.195658872862613e-05,1.0
1.5429,0.001306476389613361,0.0013920458381098254,7.140725029004416e-05,1.0
1.5438,0.001300999999999985,0.0013473632329687258,7.115051087923565e-05,1.0
1.5448,0.0013019590959136445,0.001153515496807404,7.111364904190312e-05,1.0
1.5458,0.0013060920878521886,0.001225410910948116,7.125818218791833e-05,1.0
1.5467,0.0013067129823167397,0.001349359024425352,7.146382764752874e-05,1.0
1.5477,0.0013036551280102746,0.0013192566258748402,7.16451125961775e-05,1.0
1.5487,0.0013011595102193495,0.0012324010910072134,7.179604336585349e-05,1.0
1.5497,0.0013010592502776665,0.001251307055530484,7.191221032023094e-05,1.0
1.5506,0.0013019156584512402,0.001393862300265599,7.191119665260858e-05,1.0
1.5516,0.0013007767888375934,0.0012183314848065571,7.184080809405631e-05,1.0
1.5526,0.001299999999999969,0.0012429101867440962,7.197552268800911e-05,1.0
1.5535,0.0012999999999998768,0.0012772557369749836,7.237063725099512e-05,1.0
1.5545,0.00130052503848241,0.0013223921374959974,7.27117583772337e-05,1.0
1.5555,0.0013016640438697658,0.0012548850738877309,7.269454747543843e-05,1.0
1.5564,0.0013013110006326598,0.001357756992582141,7.247628898830966e-05,1.0
1.5574,0.0013001729372303903,0.001299371308333246,7.235494971578375e-05,1.0
1.5584,0.001299999999999792,0.001173889722909213,7.237663252800481e-05,1.0
1.5594,0.0012999999999998618,0.0012619813226352832,7.239615065161358e-05,1.0
1.5603,0.0013001298320744164,0.0011189088616551613,7.235830747887405e-05,1.0
1.5613,0.0013009999999999563,0.0011680919982169267,7.242679554211907e-05,1.0
1.5623,0.001300999999999965,0.0012744126680386538,7.26776231134324e-05,1.0
1.5632,0.0013010000000000465,0.001237329783249151,7.289968600425993e-05,1.0
1.5642,0.0013010000000000896,0.0014676806738846966,7.277374622199917e-05,1.0
1.5652,0.001301709534395185,0.001252318923378548,7.244086212412113e-05,1.0
1.5661,0.0013012653743335516,0.0012806259424411322,7.228339187927584e-05,1.0
1.5671,0.0013001263689463105,0.0012978535780837248,7.237761688395256e-05,1.0
1.5681,0.0013000000000000793,0.0012195717324256139,7.26125132934851e-05,1.0
1.5691,0.0012999999999999282,0.0012357466704702878,7.278851950176431e-05,1.0
1.57,0.0013001754583737255,0.0014338775859410989,7.280368012149275e-05,1.0
1.571,0.001301000000000049,0.001364995215317921,7.27534345261343e-05,1.0
1.572,0.0013009999999999413,0.0013071927206807382,7.28363053737872e-05,1.0
1.5729,0.001300999999999873,0.0013180710485019185,7.322842896682588e-05,1.0
1.5739,0.0013010000000001638,0.0013427267516964696,7.407855767430672e-05,1.0
1.5749,0.0013047758034725001,0.0013092901971406056,7.504095737870112e-05,1.0
1.5758,0.0013099005809601477,0.0012892940278821984,7.588582917527751e-05,1.0
1.5768,0.0013036470273654905,0.0012837664799016449,7.629159095077058e-05,1.0
1.5778,0.0013009999999999756,0.0013742685763127882,7.579677804751638e-05,1.0
1.5788,0.001301195857628069,0.001282638441296818,7.487022630146592e-05,1.0
1.5797,0.0013026628466977627,0.001315533135063049,7.434281754610539e-05,1.0
1.5807,0.0013039201371403874,0.0013320914140078136,7.447359344886949e-05,1.0
1.5817,0.0013020000000000611,0.0012520858334717393,7.498681940781862e-05,1.0
1.5826,0.0013030466382718963,0.0010905247631232055,7.523567579830944e-05,1.0
1.5836,0.0013033382183936086,0.001243859425126909,7.50579436103551e-05,1.0
1.5846,0.001302199348779973,0.0013779526762025822,7.483501500008861e-05,1.0
1.5855,0.0013019999999998547,0.0013070844044267367,7.493383091145432e-05,1.0
1.5865,0.0013010352521213096,0.0014517275619469771,7.549342579282574e-05,1.0
1.5875,0.0013023104988332756,0.0012521171883696208,7.633725996925376e-05,1.0
1.5884,0.0013044897207551396,0.0012568345855709592,7.703929061473871e-05,1.0
1.5894,0.0013007334248014996,0.0013369618668037603,7.701097981204181e-05,1.0
1.5904,0.0012999999999999884,0.0013411128839660017,7.619978741214e-05,1.0
1.5914,0.0013005444501996634,0.0013463398997858515,7.523329293084919e-05,1.0
1.5923,0.0013009999999999634,0.001294342017972181,7.448115197797943e-05,1.0
1.5933,0.0013017072721321881,0.0013985134233324413,7.410156444223294e-05,1.0
1.5943,0.0013011537224806916,0.0012556330047297352,7.407605944260968e-05,1.0
1.5952,0.0013001287669831406,0.001183037111464313,7.422938416252942e-05,1.0
1.5962,0.0013009999999999678,0.0012911811404822933,7.436315816571083e-05,1.0
1.5972,0.0013011490740032646,0.0012196294692642991,7.435611851200422e-05,1.0
1.5982,0.0013020000000000481,0.0013335789422814666,7.434873727037519e-05,1.0
1.5991,0.0013019999999999698,0.0011679530981441788,7.44848937364505e-05,1.0
1.6001,0.0013024510711115139,0.001336033339007936,7.475228473734998e-05,1.0
1.6011,0.001303589940725071,0.0013913471425641883,7.498268163437829e-05,1.0
1.602,0.0013046150319962107,0.0012271514432661283,7.49444091397264e-05,1.0
1.603,0.0013072595386440225,0.0012901000692450446,7.48254436475285e-05,1.0
1.604,0.0013079999999999921,0.0013878956752939313,7.481732601857565e-05,1.0
1.6049,0.0013080000000000925,0.0012589551916608597,7.480198000084113e-05,1.0
1.6059,0.0013078882705931823,0.001371070661287339,7.48568109405034e-05,1.0
1.6069,0.0013058054872237003,0.0012438452498726642,7.506313865761892e-05,1.0
1.6079,0.0013056652015043632,0.001420200126428747,7.521277317448879e-05,1.0
1.6088,0.0013073576920232333,0.001308031431692821,7.522608203568302e-05,1.0
1.6098,0.001312469054732593,0.0012853052052324732,7.524457904795512e-05,1.0
1.6108,0.0013246268042912935,0.0014543300196798506,7.529790471282489e-05,1.0
1.6117,0.0013230540753410352,0.0012943828112305933,7.536795838382423e-05,1.0
1.6127,0.001312812435110904,0.0012479138150974286,7.544997448918973e-05,1.0
1.6137,0.001305375633935119,0.0013980909276785753,7.571219199870481e-05,1.0
1.6146,0.0013059623498416686,0.0013295670546161478,7.639209308928816e-05,1.0
1.6156,0.001307101355228973,0.0014167613473902436,7.7016436043373e-05,1.0
1.6166,0.0013089614424649483,0.0013126380327670114,7.692170064595986e-05,1.0
1.6176,0.0013135151951847235,0.0012663249793121807,7.668082309053605e-05,1.0
1.6185,0.0013180159127444712,0.0012736160149926059,7.686168261315417e-05,1.0
1.6195,0.0013226265638085777,0.00125760061003486,7.723497400137046e-05,1.0
1.6205,0.001325362115099648,0.0013129648435577152,7.72778713851579e-05,1.0
1.6214,0.0013281184464631111,0.0014313489224536786,7.685234068041093e-05,1.0
1.6224,0.0013315325781395686,0.0014986385359585523,7.638682918850849e-05,1.0
1.6234,0.0013349486546092354,0.0013839801859861858,7.608843929913336e-05,1.0
1.6243,0.001338976071577015,0.0014392727600495059,7.596920923241246e-05,1.0
1.6253,0.0013355590554153245,0.0013827499055488422,7.587298514237879e-05,1.0
1.6263,0.0013321424465744956,0.0012397614567294974,7.579544658123266e-05,1.0
1.6272,0.001329689411332403,0.0013860055518426066,7.58104274445089e-05,1.0
1.6282,0.0013289999999998618,0.0013246710811890918,7.593858162560035e-05,1.0
1.6292,0.0013284123215382892,0.0014016151809993114,7.62319831242924e-05,1.0
1.6302,0.0013258199484528623,0.0012456872814911304,7.672564974352864e-05,1.0
1.6311,0.0013227446746390658,0.0013370222893875042,7.728391038673912e-05,1.0
1.6321,0.001320218710532208,0.0011852720154534552,7.759668810895956e-05,1.0
1.6331,0.0013231140446759405,0.001345802360271846,7.74372551288543e-05,1.0
1.634,0.0013272673333325177,0.0011956053698470033,7.710651393709487e-05,1.0
1.635,0.0013318075279462563,0.0013585052303211936,7.70479043841213e-05,1.0
1.636,0.0013306685225589676,0.0012438793603325234,7.738086872137945e-05,1.0
1.6369,0.0013296435670615014,0.0011804824350303694,7.807896355220606e-05,1.0
1.6379,0.0013280102506253182,0.0012992437620065421,7.900681084810971e-05,1.0
1.6389,0.001325100085716911,0.001428929843812248,7.96308069845563e-05,1.0
1.6399,0.0013216834768761518,0.0010976443164603766,7.967029404971928e-05,1.0
1.6408,0.0013297699221044281,0.0012693044646094264,7.925973490972153e-05,1.0
1.6418,0.001345107794463676,0.0014506744733674718,7.858855871663712e-05,1.0
1.6428,0.001359407986443121,0.0013086693162604646,7.800627065371577e-05,1.0
1.6437,0.0013504145125474048,0.001107458692411998,7.7770226606787e-05,1.0
1.6447,0.001332190426350436,0.0013693199267042619,7.784327117674174e-05,1.0
1.6457,0.0013184921281331379,0.0012977518288364526,7.810147033488774e-05,1.0
1.6467,0.001316515973354061,0.0014838021721820024,7.848121092634872e-05,1.0
1.6476,0.0013175404490795455,0.0012358591393869915,7.883128096852979e-05,1.0
1.6486,0.0013180000000000203,0.0012215740709076064,7.895435519676153e-05,1.0
1.6496,0.001317182199326034,0.0013099919800626904,7.878673049874323e-05,1.0
1.6505,0.0013178428919450882,0.0014461225847649279,7.853443844380934e-05,1.0
1.6515,0.0013199635231176674,0.0013562980551544502,7.852526691935015e-05,1.0
1.6525,0.00132484440688307,0.0013859392769688035,7.888859079666851e-05,1.0
1.6534,0.0013314337504741825,0.0013786688082915149,7.941180319372487e-05,1.0
1.6544,0.001332298466728012,0.001216900471590723,7.970638821819439e-05,1.0
1.6554,0.0013258870286702066,0.0014045130535074047,7.960159841854228e-05,1.0
1.6564,0.00132019268060242,0.0013619953457857789,7.94049867272654e-05,1.0
1.6573,0.0013168282242949384,0.0013651696900768562,7.935550422268618e-05,1.0
1.6583,0.0013145511568281173,0.0012531547322481632,7.941242985023993e-05,1.0
1.6593,0.0013131367088004854,0.0013545086768245811,7.942937091758693e-05,1.0
1.6602,0.0013138883824705108,0.001212972567138059,7.942181517939486e-05,1.0
1.6612,0.0013151095514318707,0.0011560761544554842,7.95094170227788e-05,1.0
1.6622,0.0013188339316724457,0.001427509766676289,7.969350597219113e-05,1.0
1.6631,0.0013181902097906349,0.0013797677416001975,7.994239074336876e-05,1.0
1.6641,0.0013193292151779232,0.0014077788272606978,8.020763458732938e-05,1.0
1.6651,0.0013209361695830691,0.001284662389299408,8.039310282086552e-05,1.0
1.6661,0.001323821270536564,0.0013727589465500813,8.047749960880739e-05,1.0
1.667,0.001326264362900263,0.0013088432940662838,8.039340749016133e-05,1.0
1.668,0.0013300806954896402,0.0013913028492077576,8.030530903470842e-05,1.0
1.669,0.0013337267524962386,0.0013238719974958326,8.033357631128967e-05,1.0
1.6699,0.00133773549198498,0.0014416463236106047,8.055752503801031e-05,1.0
1.6709,0.0013400000000000916,0.0014328534352254503,8.094573597975258e-05,1.0
1.6719,0.0013397883572801102,0.001377803023922093,8.130340425513676e-05,1.0
1.6728,0.0013389999999999169,0.0012828542414414779,8.145832118182229e-05,1.0
1.6738,0.0013393747057032683,0.0015330133607242278,8.153192193203012e-05,1.0
1.6748,0.0013400000000000193,0.0015013782584952704,8.180101758078637e-05,1.0
1.6758,0.001339999999999949,0.0012699021564477272,8.208995477475842e-05,1.0
1.6767,0.0013379669840733197,0.0014741192007904679,8.212896506722685e-05,1.0
1.6777,0.0013337370069414973,0.0013044909207720933,8.197568803898906e-05,1.0
1.6787,0.0013291823679026041,0.0013413644101073676,8.188568885187134e-05,1.0
1.6796,0.001327041001408955,0.0014031700243934935,8.203037057892831e-05,1.0
1.6806,0.001325881495317121,0.0012888244623731541,8.23295731987902e-05,1.0
1.6816,0.0013257721228892307,0.001362543786721441,8.252008734799767e-05,1.0
1.6825,0.0013294107210941686,0.0014411595094125727,8.24134905203959e-05,1.0
1.6835,0.0013351016600135705,0.0013576403335119594,8.213820115235986e-05,1.0
1.6845,0.0013407960080818453,0.0013282524758928562,8.196621891064174e-05,1.0
1.6854,0.0013459214644378934,0.0013932599441916665,8.198266049404645e-05,1.0
1.6864,0.0013516164913744693,0.0014861437467562945,8.21633239466578e-05,1.0
1.6874,0.0013547223740753716,0.0011890973517765452,8.24128768353026e-05,1.0
1.6884,0.001346999759734908,0.0013854250790880224,8.261843818628131e-05,1.0
1.6893,0.0013398000814312358,0.0013159333386567362,8.275685483458858e-05,1.0
1.6903,0.0013315080143748495,0.0012833595755895768,8.284267307483053e-05,1.0
1.6913,0.0013280909982128916,0.0013685719216364914,8.277744719922182e-05,1.0
1.6922,0.0013253448340162942,0.0011789555368525732,8.256404687269415e-05,1.0
1.6932,0.001324000000000032,0.0013531057227103229,8.242416878364394e-05,1.0
1.6942,0.0013246048279155216,0.0013608701417846115,8.245803435739292e-05,1.0
1.6952,0.0013264873950585006,0.0014157303160334286,8.262343104460178e-05,1.0
1.6961,0.0013293063664013198,0.00141210514851371,8.284355174740637e-05,1.0
1.6971,0.0013354467651262995,0.0013899092654431065,8.305277460055997e-05,1.0
1.6981,0.001342136574547434,0.0014190697079808935,8.325063072415623e-05,1.0
1.699,0.0013445763032776939,0.001470165226283029,8.351484743984585e-05,1.0
1.7,0.0013377422709540756,0.0012774092257084389,8.388303418652077e-05,1.0
1.701,0.0013309090532723938,0.0014174679397048597,8.418069288487125e-05,1.0
1.7019,0.0013281207471773128,0.0013694017387457442,8.415703695715727e-05,1.0
1.7029,0.0013315360138928488,0.0014085259689157296,8.3885966945692e-05,1.0
1.7039,0.0013356012737648546,0.0014134096897065603,8.367968883838172e-05,1.0
1.7049,0.0013377893238284608,0.0013182653806333858,8.37018961725097e-05,1.0
1.7058,0.00133718558490037,0.0013029983722972372,8.396649783321053e-05,1.0
1.7068,0.00133604671528668,0.001352577028940357,8.432041740597071e-05,1.0
1.7078,0.0013338176977031706,0.0013585476071197615,8.47041123392055e-05,1.0
1.7087,0.0013317677867079629,0.0015096593067116125,8.532654650357626e-05,1.0
1.7097,0.0013294897759336885,0.0014363584133630565,8.65891786478665e-05,1.0
1.7107,0.001326817647738419,0.0012835282894879615,8.80613472873361e-05,1.0
1.7116,0.0013237427812459656,0.0012564694090908732,8.826304526461849e-05,1.0
1.7126,0.0013203276697882327,0.0012846500833404335,8.703076183151894e-05,1.0
1.7136,0.0013196959447406456,0.0013778869158062,8.585004275936602e-05,1.0
1.7146,0.001325008886124267,0.001361280106453203,8.538376672128102e-05,1.0
1.7155,0.001332019339376751,0.001320836949042287,8.542252271874802e-05,1.0
1.7165,0.0013359967330378035,0.001417461744852765,8.556297675134379e-05,1.0
1.7175,0.0013313118806042722,0.001296838037039262,8.553226690627962e-05,1.0
1.7184,0.0013263530682190905,0.001304803038223522,8.548427049808867e-05,1.0
1.7194,0.0013226992616675423,0.001431337581340979,8.561295866860523e-05,1.0
1.7204,0.0013215603920539317,0.001438688085202335,8.587104502397847e-05,1.0
1.7213,0.0013205353007828633,0.001411340639981184,8.60600468315649e-05,1.0
1.7223,0.001319396982203888,0.001309203765227903,8.618722782131153e-05,1.0
1.7233,0.0013175171294677213,0.0013122335034686469,8.63747338072696e-05,1.0
1.7242,0.001316999999999949,0.001358386738598227,8.650373774714209e-05,1.0
1.7252,0.0013242442553959767,0.0012753765424292805,8.65048746738645e-05,1.0
1.7262,0.0013283996138430134,0.0013116615284983772,8.652521181404669e-05,1.0
1.7272,0.001339198379256421,0.0013847919193835392,8.662925444176235e-05,1.0
1.7281,0.0013481711061173562,0.0013421802045825292,8.672490527004272e-05,1.0
1.7291,0.0013418839402775716,0.0013023464478925037,8.679897079031457e-05,1.0
1.7301,0.001332118126037113,0.0013738837410271882,8.6959828828649e-05,1.0
1.731,0.00132646943077147,0.0011818897912213128,8.738478507180904e-05,1.0
1.732,0.0013295443659111445,0.001295072636817693,8.832002513685712e-05,1.0
1.733,0.001336723822896369,0.0012692712156000133,8.947959063200526e-05,1.0
1.7339,0.0013436841194396842,0.001290736123999957,8.997301626594892e-05,1.0
1.7349,0.0013450000000000744,0.0014470122473268239,8.989879537427726e-05,1.0
1.7359,0.0013429099721625735,0.00128312807264733,8.98163722328827e-05,1.0
1.7369,0.0013413140888668843,0.0012220440583710298,8.967214144801142e-05,1.0
1.7378,0.0013379886009197495,0.0012799090131014761,8.930812725359631e-05,1.0
1.7388,0.0013334325793706964,0.001475206683249297,8.891309098303775e-05,1.0
1.7398,0.0013309999999998948,0.0014251995098664826,8.874421947490632e-05,1.0
1.7407,0.0013298883679157447,0.0012368698794635524,8.876487333884405e-05,1.0
1.7417,0.0013283051785706,0.001335685580595219,8.870776918667042e-05,1.0
1.7427,0.0013280000000000561,0.0014537609730885025,8.856212310951046e-05,1.0
1.7437,0.0013270284425219098,0.0012286800609830923,8.85031404673948e-05,1.0
1.7446,0.0013260033512506044,0.0013320709633672903,8.873358845490312e-05,1.0
1.7456,0.0013250000000000698,0.0012319861831184976,8.92602378577952e-05,1.0
1.7466,0.0013266471425015776,0.0014165006895725037,8.979890123841171e-05,1.0
1.7475,0.0013330939698027928,0.0014008635399651726,8.981579665043431e-05,1.0
1.7485,0.0013406240740974293,0.0012797533752658581,8.930983033026529e-05,1.0
1.7495,0.0013457290532105388,0.0015493697122987424,8.893074937533006e-05,1.0
1.7504,0.0013488039197030255,0.0014446772974003898,8.886346588344905e-05,1.0
1.7514,0.0013514806239099373,0.0012626001046773688,8.891489070738729e-05,1.0
1.7524,0.0013528783169812037,0.0012328382319162713,8.89691390687211e-05,1.0
1.7534,0.0013509829519961825,0.0013195553734420388,8.902655470247064e-05,1.0
1.7543,0.0013499157214501064,0.0012738270348214501,8.912681701695767e-05,1.0
1.7553,0.0013472754213511968,0.00132651840389842,8.930078695711128e-05,1.0
1.7563,0.001342719942896619,0.0014493639547493967,8.952411479074641e-05,1.0
1.7572,0.001338621148258166,0.00148901917446903,8.97089748796557e-05,1.0
1.7582,0.0013345510840536137,0.001318528344150806,8.986945960220847e-05,1.0
1.7592,0.0013348655247873737,0.0012470914003956985,9.008930614735426e-05,1.0
1.7601,0.0013385877314678143,0.001385487029317809,9.03646832738581e-05,1.0
1.7611,0.0013423578147627223,0.0014099034835799965,9.072030956478083e-05,1.0
1.7621,0.0013439248078679082,0.001315685208087046,9.09628080278068e-05,1.0
1.7631,0.0013429373256970383,0.0010637589659737694,9.086867410644906e-05,1.0
1.764,0.0013419122344258856,0.0014278241324834063,9.069664249348727e-05,1.0
1.765,0.001339186918497732,0.001229834090333095,9.065109765778919e-05,1.0
1.766,0.0013304405159744017,0.0011981178175490186,9.068455081744592e-05,1.0
1.7669,0.0013252188078548917,0.0013870115939430918,9.081221547500126e-05,1.0
1.7679,0.001323471001044588,0.0012694784023470596,9.103259531128347e-05,1.0
1.7689,0.0013203301284199504,0.0013559858516089874,9.126761683703134e-05,1.0
1.7698,0.0013203848467850346,0.001317204319383896,9.152590146697911e-05,1.0
1.7708,0.0013234942863395447,0.0012094050050188725,9.188296149468958e-05,1.0
1.7718,0.0013298226050027678,0.0013779125500517934,9.229583693872782e-05,1.0
1.7728,0.0013367571537999346,0.0013589614887046398,9.24814956835263e-05,1.0
1.7737,0.0013429999999998944,0.0012558152254115763,9.227610060528839e-05,1.0
1.7747,0.0013408219081035124,0.0013233676310938705,9.203429112959617e-05,1.0
1.7757,0.0013317109511946346,0.00134202427394431,9.201639625501091e-05,1.0
1.7766,0.001323510221024971,0.0013372830242734937,9.213039468374155e-05,1.0
1.7776,0.0013184254266524202,0.0012384909900296482,9.22389072579221e-05,1.0
1.7786,0.001319425916841121,0.0012248118466962157,9.232329904350294e-05,1.0
1.7795,0.001322952198767254,0.0013488578073014333,9.237346853734758e-05,1.0
1.7805,0.0013275082203162978,0.00145647715930583,9.24690426827276e-05,1.0
1.7815,0.001320984075307383,0.001301873797931689,9.26650157245128e-05,1.0
1.7824,0.0013200409693017556,0.0013157698758601759,9.295143226179623e-05,1.0
1.7834,0.001320642235202063,0.0014834737349731719,9.32532598300768e-05,1.0
1.7844,0.0013180467439620474,0.0012838378991206895,9.345202637939377e-05,1.0
1.7854,0.0013150864852001735,0.001254049701221375,9.342203602091162e-05,1.0
1.7863,0.0013125548613076748,0.0013760770344583956,9.32358117026957e-05,1.0
1.7873,0.0013147200727235573,0.0012762573990665698,9.308220772277792e-05,1.0
1.7883,0.0013230686777588865,0.0012035997046743667,9.300706161431486e-05,1.0
1.7892,0.001333618942391176,0.0013812490939224414,9.301087101696375e-05,1.0
1.7902,0.0013424578192325345,0.0012750069733721955,9.311144700601408e-05,1.0
1.7912,0.0013408768980160764,0.0013086413510008201,9.328857596234062e-05,1.0
1.7922,0.0013387998074042013,0.0014324982088281964,9.350874124008495e-05,1.0
1.7931,0.001337326881226084,0.0012857859658386886,9.372832560753726e-05,1.0
1.7941,0.0013339098650643464,0.001303054201741722,9.387289963260261e-05,1.0
1.7951,0.0013309955041491256,0.0012618575466275142,9.39193255305299e-05,1.0
1.796,0.0013284179824099844,0.0013532795537828267,9.404191224815023e-05,1.0
1.797,0.0013283326891679692,0.0012857746300371756,9.433412640953371e-05,1.0
1.798,0.0013306085962810556,0.001366998288559692,9.467166444164869e-05,1.0
1.7989,0.0013318291665166538,0.0013813916183025466,9.49436480827099e-05,1.0
1.7999,0.001331999999999954,0.0014040487985041987,9.518458237442493e-05,1.0
1.8009,0.0013264647924122604,0.0013781877717849742,9.548106806264855e-05,1.0
1.8019,0.0013207711650601208,0.0013530441881743117,9.591245849632688e-05,1.0
1.8028,0.0013167300007761388,0.0013521757993526502,9.637566381390407e-05,1.0
1.8038,0.0013160000000000708,0.0013162763943840492,9.650226828294407e-05,1.0
1.8048,0.0013159999999999888,0.0012561831757740458,9.61236502550693e-05,1.0
1.8057,0.001316572829722374,0.0013307630463953654,9.564953902791489e-05,1.0
1.8067,0.0013177118351097325,0.0012064716962130791,9.548799470712547e-05,1.0
1.8077,0.0013188498725325356,0.001385678038678487,9.560226189472212e-05,1.0
1.8086,0.0013198746570422248,0.001144956119576608,9.581732550869273e-05,1.0
1.8096,0.0013209863375704231,0.0012791424167697195,9.605259025892914e-05,1.0
1.8106,0.0013200000000000785,0.0013200348496979657,9.627007299908431e-05,1.0
1.8116,0.0013214576871519311,0.0014268750144600727,9.639447678960029e-05,1.0
1.8125,0.0013253162684869378,0.0013521841320173675,9.649383039539329e-05,1.0
1.8135,0.001322364038906321,0.001510947598124307,9.674511327965571e-05,1.0
1.8145,0.0013168132704994475,0.0013330313602954826,9.725962839281169e-05,1.0
1.8154,0.0013147630879569313,0.0012754920392443897,9.780928509455792e-05,1.0
1.8164,0.0013140000000000749,0.0011599092662781785,9.810201506360773e-05,1.0
1.8174,0.0013166889930673383,0.0012995651576592133,9.807668038595648e-05,1.0
1.8183,0.001328964862411273,0.001405075589299663,9.781826389978492e-05,1.0
1.8193,0.0013612964436437829,0.0014451797816865005,9.741894582014818e-05,1.0
1.8203,0.0013665944750271514,0.0013574380650818538,9.705345078423227e-05,1.0
1.8212,0.0013694464992270686,0.0013281431545014329,9.688744883791587e-05,1.0
1.8222,0.0013699148782203015,0.0014331778999265806,9.693825509863757e-05,1.0
1.8232,0.0013540004014556853,0.0012110022990175387,9.704453756463177e-05,1.0
1.8242,0.001331693116355305,0.0013116584817685771,9.712147398811453e-05,1.0
1.8251,0.0013256721069058103,0.0013446594990640555,9.725045681103757e-05,1.0
1.8261,0.001324197048065672,0.0014022547674816727,9.750154133417243e-05,1.0
1.8271,0.0013221160853566303,0.0011229652330907369,9.78748989398379e-05,1.0
1.828,0.001319102561586094,0.0012995812020205862,9.827488052099721e-05,1.0
1.829,0.001317000000000054,0.0013694991450529448,9.848001892386477e-05,1.0
1.83,0.0013174875692833275,0.0014033043531989323,9.83978882488036e-05,1.0
1.8309,0.0013195374802781631,0.0012767100899262103,9.821812853520273e-05,1.0
1.8319,0.0013250774552643098,0.0014231648562374728,9.808352127195002e-05,1.0
1.8329,0.0013304538711009471,0.0014346270613618504,9.806768767420368e-05,1.0
1.8339,0.001325208628973734,0.0013735723530905431,9.823608367403383e-05,1.0
1.8348,0.0013187425629217668,0.001417143421634195,9.862879001963671e-05,1.0
1.8358,0.0013127571088316261,0.0013902005565047738,9.926910086292561e-05,1.0
1.8368,0.0013110125521526741,0.0012533434242739784,0.00010003618950558973,1.0
1.8377,0.0013110228003326324,0.0013785269513577896,0.00010056341169107378,1.0
1.8387,0.0013131504055535594,0.001484429682903635,0.0001005481856321374,1.0
1.8397,0.0013134214496655263,0.0014358240830997107,0.00010023440756064642,1.0
1.8407,0.0013111434388910729,0.0014060453998967568,0.00010007165722896325,1.0
1.8416,0.0013090935278959864,0.0012963160730577092,0.00010013323460717266,1.0
1.8426,0.001307999999999926,0.0013717525180677033,0.00010019210223784412,1.0
1.8436,0.0013094602157487866,0.0013882102385767538,0.00010005625550850391,1.0
1.8445,0.0013115101267438848,0.0013080526827949108,9.989161023486192e-05,1.0
1.8455,0.0013137881375185371,0.0013299034306243048,9.983133086876324e-05,1.0
1.8465,0.0013161322965860901,0.0013204001104088546,9.994685243473957e-05,1.0
1.8474,0.0013202898181311985,0.0013078544502552125,0.00010006894184688434,1.0
1.8484,0.001325783584316738,0.0014409012733153307,0.00010007678962341723,1.0
1.8494,0.0013300047043993343,0.0014134560480818172,0.00010007074553251719,1.0
1.8504,0.0013315262289198874,0.0014370022663803062,0.00010018993809338433,1.0
1.8513,0.0013310000000000407,0.001273017790071708,0.0001004863503575643,1.0
1.8523,0.001331000000000065,0.0012030479281634199,0.00010088439290403974,1.0
1.8533,0.0013286732048000153,0.0013665705675369032,0.0001011507281256023,1.0
1.8542,0.0013231958619727296,0.0012057301500754938,0.00010124519440697107,1.0
1.8552,0.0013173015247074594,0.001418174567998027,0.00010133399975920049,1.0
1.8562,0.0013128428706558398,0.0012662885455756875,0.00010139336262660932,1.0
1.8571,0.0013109999999999604,0.0014868521612616359,0.00010135863976037502,1.0
1.8581,0.0013114830447568404,0.001284772841076155,0.00010135570748729864,1.0
1.8591,0.0013145215679681347,0.0012169865518456152,0.00010134154021682054,1.0
1.8601,0.0013170000000001082,0.0013699432544936009,0.00010128301973385893,1.0
1.861,0.00131754435287695,0.001211122995585744,0.00010133310959939369,1.0
1.862,0.0013193667165281298,0.0012343250080968267,0.00010148798861581135,1.0
1.863,0.0013241071404205924,0.0011004949354573037,0.0001016137318136704,1.0
1.8639,0.0013216152792129368,0.0013208630076473658,0.00010169384781818088,1.0
1.8649,0.0013131185153274529,0.001369489291855657,0.0001018444128835785,1.0
1.8659,0.001307627427085921,0.0012624729751601956,0.00010206940426215868,1.0
1.8668,0.0013052979535827112,0.0013442290727579199,0.00010223590766670346,1.0
1.8678,0.0013081480516159449,0.0013428529516126793,0.00010230880397880501,1.0
1.8688,0.0013135561097476793,0.001125988116848421,0.00010240637440380614,1.0
1.8698,0.0013203893274293592,0.001302860633385365,0.00010268567034021309,1.0
1.8707,0.0013235899791759996,0.0011081856340214385,0.00010337835030025607,1.0
1.8717,0.00132327101543666,0.0012045985935198252,0.00010466291124543102,1.0
1.8727,0.00132300000000002,0.001337924171735836,0.00010618920344122328,1.0
1.8736,0.0013221081935039746,0.0014317332566478463,0.00010763677035350814,1.0
1.8746,0.0013188767524667097,0.0011606364597691128,0.00010923869414146486,1.0
1.8756,0.0013144909555089838,0.0011272955166847143,0.00011008138244228324,1.0
1.8765,0.0013114156816956114,0.0014186878098639193,0.00010906808042924529,1.0
1.8775,0.0013126673827361557,0.0014111961093978085,0.0001069285841468565,1.0
1.8785,0.001330373193971135,0.001391215355709156,0.00010508699823806163,1.0
1.8795,0.001357262855103928,0.0013747218854569289,0.00010405454387424905,1.0
1.8804,0.0013835222122435984,0.0013277963004948096,0.00010365907176107694,1.0
1.8814,0.0013720891725979496,0.0012506110950764276,0.00010363934883542336,1.0
1.8824,0.0013340281833307845,0.0013123148952439274,0.00010379131853999234,1.0
1.8833,0.0013113152645229562,0.001376939043830225,0.00010400217651900111,1.0
1.8843,0.0013049999999998657,0.0013362160572327516,0.00010432037536474838,1.0
1.8853,0.00130543061559235,0.0012170595628123266,0.00010473510084599058,1.0
1.8862,0.0013086818430557512,0.001382577130481416,0.00010499498536614554,1.0
1.8872,0.001319682558053256,0.001368609782613289,0.00010503796659007357,1.0
1.8882,0.0013315856755805324,0.001297477666762479,0.0001052622589676042,1.0
1.8892,0.0013326879905405519,0.0015195444994729919,0.00010593730998300292,1.0
1.8901,0.0013306378079982436,0.0013771078689150988,0.00010668769505613118,1.0
1.8911,0.001329179898611631,0.0011615621826621453,0.00010696338482717963,1.0
1.8921,0.001329958971001994,0.00141836730880094,0.00010699539470877244,1.0
1.893,0.0013329488282447569,0.0012971321679387947,0.00010704251176895719,1.0
1.894,0.0013374877148326547,0.0014450554443856134,0.00010693758308144892,1.0
1.895,0.0013381312184604366,0.0014468157628741794,0.0001066584053264174,1.0
1.8959,0.001325139876919533,0.0012883385482081102,0.00010638773618437308,1.0
1.8969,0.001309175945177682,0.0011522082999822793,0.00010650926286198411,1.0
1.8979,0.0013028737535532152,0.0012036017614226444,0.00010710714305395261,1.0
1.8988,0.001302000000000014,0.0012075680496302524,0.00010767480956647431,1.0
1.8998,0.0013020000000001993,0.0012136637103937803,0.00010754310326131169,1.0
1.9008,0.001302000000000203,0.0011816874846042667,0.00010701248356394995,1.0
1.9018,0.0013020000000000028,0.0012573230118229997,0.00010677937465592228,1.0
1.9027,0.0013020000000001225,0.0012994906803394431,0.00010689392024602793,1.0
1.9037,0.0013021674192335985,0.0012746030995209705,0.00010701373024449619,1.0
1.9047,0.0013030000000000806,0.001483719069765375,0.00010691077319440068,1.0
1.9056,0.0013033313801185393,0.001255240189113251,0.00010676026287350026,1.0
1.9066,0.001304470385505817,0.0011645353891217476,0.0001068371677566299,1.0
1.9076,0.001306217395231378,0.0013175958183083588,0.00010706528013205913,1.0
1.9086,0.0013092413646637346,0.0011229782495845685,0.00010733284012137861,1.0
1.9095,0.0013115444256516012,0.0011867977302835251,0.00010744145744255316,1.0
1.9105,0.0013110887817869212,0.0014539911253431664,0.0001074270418024788,1.0
1.9115,0.0013109499121733276,0.0014631081831785642,0.00010739850020461107,1.0
1.9124,0.0013099249064300919,0.001267637237409236,0.00010738197197844302,1.0
1.9134,0.0013092130455329145,0.0013964774892201858,0.00010742115535272691,1.0
1.9144,0.0013107038302931381,0.001262159601906301,0.00010758658912037981,1.0
1.9153,0.00131237700641784,0.001433390355510991,0.00010786567843819436,1.0
1.9163,0.0013140320236099895,0.001331882929363315,0.00010814756697247723,1.0
1.9173,0.0013169624091657446,0.001239901629151346,0.00010832763808961607,1.0
1.9182,0.00133157667475435,0.0012269052727243495,0.0001084843325626301,1.0
1.9192,0.0013674373206484236,0.0013429491805763269,0.00010876687755466248,1.0
1.9202,0.0014113116408068062,0.0012356581409055161,0.00010909020197231173,1.0
1.9212,0.001402980006711049,0.0014425273613098623,0.0001092452228122982,1.0
1.9221,0.0013607813679994848,0.001331867962274734,0.00010921253759161224,1.0
1.9231,0.001324312206711533,0.001084939976513694,0.00010909534284663078,1.0
1.9241,0.0013056147513248715,0.0011191067679239177,0.00010903218869627331,1.0
1.925,0.0013019999999999501,0.001323565715777486,0.00010913490797268201,1.0
1.926,0.0013019999999999993,0.0014518727683865706,0.00010938123062120275,1.0
1.927,0.001302700507717865,0.001407932040276919,0.00010957755019890922,1.0
1.928,0.001303000000000035,0.0012038774554218527,0.00010968701907465284,1.0
1.9289,0.0013047266593012323,0.001365833655726333,0.00010990421355182452,1.0
1.9299,0.001309016345265142,0.0011447705619199095,0.00011040405612179753,1.0
1.9309,0.001318118069772503,0.001156126308384254,0.00011111477298449296,1.0
1.9318,0.0013296711461193232,0.0012995090334266223,0.00011144390467183272,1.0
1.9328,0.0013199583764220385,0.0014032711277492949,0.00011111147217556586,1.0
1.9338,0.001310341808171516,0.0011146678014820675,0.00011070982665984266,1.0
1.9347,0.00130512750702942,0.0011190843849339543,0.00011053477051991924,1.0
1.9357,0.0013023928713701439,0.0014677249606576178,0.00011046293253171661,1.0
1.9367,0.0013020000000000147,0.0011877207942242668,0.00011050928088005954,1.0
1.9377,0.0013020000000000282,0.0014094685499155964,0.00011056431939640412,1.0
1.9386,0.0013019999999998688,0.001303264397864937,0.00011072599925534502,1.0
1.9396,0.0013020000000000503,0.0013985128210377042,0.00011096895780485531,1.0
1.9406,0.0013021868309509186,0.0012889158987281644,0.00011128201686059118,1.0
1.9415,0.0013038471457931505,0.0012992896820143757,0.00011182793149615708,1.0
1.9425,0.0013108543203048217,0.0012297308995451808,0.00011285522630504173,1.0
1.9435,0.00131213610075164,0.0012941872261407724,0.00011435474726755985,1.0
1.9444,0.0013044591586953108,0.001297066474695917,0.00011605069114137165,1.0
1.9454,0.0013043052383110668,0.0011646527293513156,0.0001171841967517015,1.0
1.9464,0.0013113329963425125,0.0014825115077727264,0.00011665901448258533,1.0
1.9473,0.0013219823804432218,0.0011976499661025435,0.00011516811628038358,1.0
1.9483,0.0013364084778961954,0.0013490090224141855,0.00011409820057650667,1.0
1.9493,0.0013502148742155593,0.0013811779935185928,0.00011401388097835358,1.0
1.9503,0.0013610707140944496,0.0012422151397540986,0.00011459938537529163,1.0
1.9512,0.0013510498558165674,0.0012232279054429829,0.00011472193405556232,1.0
1.9522,0.001323476624203828,0.0013570580923831165,0.00011398830394039635,1.0
1.9532,0.0013071926608334763,0.0011616807289860271,0.00011332420080698718,1.0
1.9541,0.0013018815198652537,0.0014684972962056696,0.00011310776586162183,1.0
1.9551,0.0013016982454548734,0.001198667794176203,0.00011301825390103498,1.0
1.9561,0.0013053484602734416,0.0012960269174009359,0.00011294493398386553,1.0
1.9571,0.001316737325012219,0.0013987231715363476,0.0001130438435005946,1.0
1.958,0.0013339989302354617,0.001452291325323005,0.00011339238004608605,1.0
1.959,0.0013321663456704296,0.001291547260001284,0.00011388863469740615,1.0
1.96,0.0013289456344290668,0.0012222020418850873,0.0001142175383705828,1.0
1.9609,0.0013397551621888212,0.0013508403286849491,0.00011430414999195197,1.0
1.9619,0.0013556514519624829,0.0013870479808277486,0.00011447085990685313,1.0
1.9629,0.0013468146834910905,0.001107462674312575,0.00011485487315422428,1.0
1.9638,0.001327719579918229,0.0013062195252419684,0.00011511232834077104,1.0
1.9648,0.0013120751682357832,0.001389478775065406,0.00011498246440369866,1.0
1.9658,0.0013045862931619274,0.0011893366910539311,0.00011458023106885848,1.0
1.9668,0.0013050647591862543,0.0013533367113694916,0.00011442821694879469,1.0
1.9677,0.0013081822532010708,0.0012419325728075948,0.0001145528690064822,1.0
1.9687,0.001313107412125294,0.0013743464471290799,0.00011478786311031241,1.0
1.9697,0.0013189703149035638,0.0013075633075217532,0.00011503790613495734,1.0
1.9706,0.0013206514704275855,0.001368828368079993,0.00011537454684721701,1.0
1.9716,0.0013195124650404284,0.0014240134055570315,0.0001159302494792808,1.0
1.9726,0.0013183743080597624,0.0014290316341599811,0.00011654715809130724,1.0
1.9735,0.0013160489293232386,0.0012063463349651859,0.00011677034029609523,1.0
1.9745,0.0013063185084348102,0.0012477168254709636,0.00011668734106385126,1.0
1.9755,0.001301215304320222,0.0012545015534243028,0.00011706097621446043,1.0
1.9765,0.0013010000000001959,0.0012028296385779708,0.00011877161475989413,1.0
1.9774,0.0013010000000001768,0.0012767346706447147,0.0001220173249985667,1.0
1.9784,0.0013009999999997754,0.0013882583929511539,0.00012492851237593886,1.0
1.9794,0.0013013690646003126,0.0013693176595225252,0.00012512623397467309,1.0
1.9803,0.001302394020098172,0.0013334156774422645,0.00012321065778560112,1.0
1.9813,0.0013035330254854297,0.0013984334120441199,0.00012067936073685902,1.0
1.9823,0.0013039999999998194,0.0013423855748294718,0.00011865292667576553,1.0
1.9832,0.001304000000000016,0.0012945026487568001,0.00011778245280626712,1.0
1.9842,0.0013040000000000109,0.001363279792322907,0.00011808150772772508,1.0
1.9852,0.0013039999999999196,0.0014201620797935999,0.00011893883424142455,1.0
1.9862,0.001302999999999894,0.001299395255497628,0.00011935675879993963,1.0
1.9871,0.0013029999999999283,0.0011873483517143091,0.00011893083272244967,1.0
1.9881,0.0013032756855125402,0.0013980453459547465,0.00011814650652084052,1.0
1.9891,0.0013048291102520117,0.0012106469649319407,0.00011767884343277209,1.0
1.99,0.0013055603536030486,0.0014304422510197582,0.00011773794743349323,1.0
1.991,0.0013044213482155842,0.001269982293574978,0.0001183516845333982,1.0
1.992,0.0013032824786017516,0.0012702289631693828,0.00011936303275980309,1.0
1.9929,0.0013030000000001066,0.0014111642685758936,0.00012033571153267426,1.0
1.9939,0.001303880343330698,0.001116115707530251,0.00012083188331216218,1.0
1.9949,0.0013070773948720513,0.0013285256162214746,0.00012045301184797051,1.0
1.9958,0.0013113110799244415,0.0013392111781488393,0.00012005074594521062,1.0
1.9968,0.0013190986063570645,0.0015095619371824172,0.00011979426035665525,1.0
1.9978,0.001322072943772211,0.0013131549378890199,0.00011923326006582585,1.0
1.9988,0.0013156990928737417,0.00122129018569693,0.00011868930659976843,1.0
1.9997,0.0013110594523089486,0.0013768257557876488,0.0001184671525912019,1.0
2.0007,0.0013071275730698688,0.001326877531988441,0.00011853255785593894,1.0
2.0017,0.0013060000000000315,0.0012508035556551386,0.00011880872096699709,1.0
2.0026,0.001307574413208384,0.0012335714305288777,0.00011912170334367376,1.0
2.0036,0.0013135550031380845,0.0011250184349235603,0.00011927153862087035,1.0
2.0046,0.001325909650242089,0.0013569543297057504,0.00011930152940567845,1.0
2.0056,0.0013381846214765613,0.0013927894614771195,0.00011934682392709528,1.0
2.0065,0.0013343131922938696,0.0013019189530751657,0.00011941273337961894,1.0
2.0075,0.0013308978387617841,0.001375890217591071,0.00011953921240482659,1.0
2.0085,0.0013274825768264293,0.0013100358630005048,0.00011978435960057127,1.0
2.0094,0.0013201630980679763,0.0012035315762239603,0.00012003022259966421,1.0
2.0104,0.0013076325452974554,0.0014603315941355702,0.00012006259786523375,1.0
2.0114,0.001302382723554159,0.001222172030849957,0.00011997391224723784,1.0
2.0123,0.0013011662705058955,0.0012476966412686137,0.00012000393744865148,1.0
2.0133,0.0013009999999997772,0.001358807917828085,0.00012016153874129114,1.0
2.0143,0.0013022212026332287,0.0013602893040699504,0.0001203256589418154,1.0
2.0152,0.001304947947282623,0.0011088028286253574,0.00012044653936646797,1.0
2.0162,0.0013167658062285402,0.0010686419997497326,0.00012058848992578563,1.0
2.0172,0.0013406721909036171,0.001152031395725027,0.00012077524053810286,1.0
2.0182,0.0013463860502828076,0.0012119397983604413,0.00012097483888011388,1.0
2.0191,0.0013340849550284957,0.001167307619538605,0.00012118187630222149,1.0
2.0201,0.0013225614458228948,0.0012188641234914567,0.00012142958601610864,1.0
2.0211,0.0013148744128668236,0.0014201298432739633,0.00012173677693530143,1.0
2.022,0.0013104825768263195,0.0013591644253327054,0.00012184437260956512,1.0
2.023,0.0013110683458193348,0.0012818152359005553,0.00012191665481190093,1.0
2.024,0.0013159357364108464,0.0014275119472737755,0.00012196758994979102,1.0
2.025,0.0013227705833764934,0.0013389381896694666,0.00012196007537021909,1.0
2.0259,0.0013254004152336916,0.0011594683351088186,0.00012196227571905029,1.0
2.0269,0.0013197047094289248,0.0012490885175393338,0.00012205593750516537,1.0
2.0279,0.0013140137625424287,0.001167573234026991,0.00012222634927604224,1.0
2.0288,0.0013095124798125585,0.0013406438758264663,0.00012246662618272685,1.0
2.0298,0.001304957001358065,0.0013262400065648184,0.0001227586410645699,1.0
2.0308,0.001302200218357231,0.0013869033011132852,0.00012293830477552657,1.0
2.0317,0.0013010752894545812,0.0012012917853576944,0.00012294080581178827,1.0
2.0327,0.001303689840294851,0.0012553327787272566,0.00012293984840983902,1.0
2.0337,0.0013144031647354798,0.0014186825587799118,0.00012303245450585008,1.0
2.0347,0.0013132763841497267,0.0013662658448710732,0.00012316602584168374,1.0
2.0356,0.0013065378269899244,0.0013139632289343802,0.00012330108039081432,1.0
2.0366,0.0013029906311730606,0.0011954659559362802,0.00012348361696027545,1.0
2.0376,0.0013019999999998575,0.0011253582651926297,0.0001237273864354674,1.0
2.0385,0.0013019999999998408,0.001274895358999591,0.00012392941498038523,1.0
2.0395,0.0013028063759596854,0.0014029430352893843,0.00012400189575675983,1.0
2.0405,0.0013030000000000222,0.0014070355090133452,0.0001240114740006407,1.0
2.0414,0.0013039703368444785,0.0011526519906782692,0.00012402676155724045,1.0
2.0424,0.0013050000000000368,0.001332754533728417,0.00012403452646037462,1.0
2.0434,0.0013052472086670062,0.0013652524384117214,0.0001240543645054307,1.0
2.0443,0.001306272299938248,0.0014043398216295713,0.00012413377075534487,1.0
2.0453,0.0013074111695517514,0.0013014566263480258,0.0001242696716136617,1.0
2.0463,0.0013079999999996551,0.001466915817818682,0.00012441484845931368,1.0
2.0473,0.0013086883962760256,0.0014066292808477957,0.00012455234004510096,1.0
2.0482,0.0013104257221959786,0.001120045334049328,0.0001247463029655184,1.0
2.0492,0.0013135560067770765,0.0012622353445840037,0.00012483229104943487,1.0
2.0502,0.0013179634874906914,0.00143437102007371,0.00012492870434098404,1.0
2.0511,0.001317968073712426,0.00123074135671922,0.00012506189323806298,1.0
2.0521,0.0013155360301672853,0.0013321221439136627,0.00012523705879025768,1.0
2.0531,0.0013124143300675907,0.0012923121440796353,0.00012540109016006022,1.0
2.0541,0.0013105682954202005,0.0013098177674584954,0.000125528349781525,1.0
2.055,0.001309543204148976,0.0011253481967991254,0.00012564895432356162,1.0
2.056,0.0013090000000000645,0.0012984307270208157,0.00012581227787099427,1.0
2.057,0.0013089999999999554,0.0013963873920986992,0.00012605133546338208,1.0
2.0579,0.0013105175243111643,0.001321757220728644,0.00012638578145130172,1.0
2.0589,0.0013136928856746952,0.001403437657670315,0.00012680484578183053,1.0
2.0599,0.001304890505484439,0.0011851287486520398,0.00012723738044719332,1.0
2.0608,0.0013020000000001045,0.0012639808290408811,0.00012756604316022154,1.0
2.0618,0.0013020000000000627,0.0012551182732261838,0.00012786737322792024,1.0
2.0628,0.0013019999999999633,0.001300776508747672,0.0001283561767882799,1.0
2.0638,0.0013029546617582405,0.001507126014748445,0.00012866485352393178,1.0
2.0647,0.0013080172048234226,0.0013409396939272425,0.00012845211583972178,1.0
2.0657,0.0013196955011667165,0.0013668614878329208,0.00012809762268619067,1.0
2.0667,0.001334922259285026,0.0012886303118652045,0.0001279627717337784,1.0
2.0676,0.0013444346923827944,0.0015002361918852161,0.0001280638789106428,1.0
2.0686,0.0013365701668985577,0.001262418123148544,0.00012842225738691161,1.0
2.0696,0.0013242608797598865,0.0013701010346817285,0.00012907009354182162,1.0
2.0705,0.0013152513906353467,0.0012369863815406056,0.00012960407799983995,1.0
2.0715,0.0013080156585763042,0.0012687597421312433,0.00012961313690054276,1.0
2.0725,0.0013046154829768754,0.0013603698814901612,0.00012933253861812364,1.0
2.0735,0.0013039999999999222,0.0012195803008757243,0.00012906754911867375,1.0
2.0744,0.0013034522230978135,0.0011928125375119155,0.0001289580737374721,1.0
2.0754,0.001302313081936812,0.0013898944763760146,0.00012890323589598356,1.0
2.0764,0.0013019999999999588,0.0013253191688025036,0.00012899825223065576,1.0
2.0773,0.001301999999999985,0.0011573797596482074,0.00012913330154139087,1.0
2.0783,0.0013029886225678303,0.0011729856141455065,0.00012917528620671627,1.0
2.0793,0.0013042549584460596,0.0011586247951833892,0.00012919281854011945,1.0
2.0802,0.0013061525704943166,0.0014944605184355464,0.00012932285785302846,1.0
2.0812,0.0013075828802156062,0.0013202942931482965,0.00012961022783787964,1.0
2.0822,0.0013094300914153019,0.0014536065688202555,0.00013004016563679318,1.0
2.0831,0.0013109090671756338,0.0013034287023240968,0.0001305217771557667,1.0
2.0841,0.0013131868064028354,0.0012732003237003217,0.00013083383192807844,1.0
2.0851,0.0013125354543698738,0.0012544909670019519,0.00013079919858225358,1.0
2.0861,0.001308514344095868,0.0014212465301865738,0.00013059592137172266,1.0
2.087,0.0013088962336998747,0.0013793788401175145,0.00013050045784283163,1.0
2.088,0.001316410830903888,0.0011913481762105727,0.0001306281321228006,1.0
2.089,0.0013269613668663452,0.0013061948352535058,0.00013095408597244126,1.0
2.0899,0.001319225244891391,0.0012546910810868545,0.00013143741147761116,1.0
2.0909,0.0013063146679646491,0.001186561685602562,0.00013212352197668895,1.0
2.0919,0.0013025237924319583,0.0011369094137243369,0.00013282911838615035,1.0
2.0929,0.0013020000000000425,0.0012662241456367065,0.00013292349343546828,1.0
2.0938,0.0013026390295007078,0.0013758602478890077,0.00013241746984060955,1.0
2.0948,0.0013030000000000222,0.0013452322814596317,0.00013201927527339193,1.0
2.0958,0.0013039167687279268,0.0012892380170126715,0.00013207664052501968,1.0
2.0967,0.0013049418599990086,0.0013103414246383302,0.00013226818305957618,1.0
2.0977,0.0013051597244158387,0.001451660480049671,0.0001321689699790912,1.0
2.0987,0.0013074374636429834,0.001261458650585882,0.00013193991017130096,1.0
2.0996,0.0013094876461853691,0.0013685986971421354,0.000131852724602673,1.0
2.1006,0.0013121480781189247,0.0010681375928421955,0.00013196064263619272,1.0
2.1016,0.0013155646869599626,0.0013852112880165213,0.00013211028245141247,1.0
2.1026,0.0013169999999999502,0.0013016481059168086,0.00013227052605560932,1.0
2.1035,0.0013156312314948479,0.001193855150441236,0.00013243222298724687,1.0
2.1045,0.001312529423759238,0.0011890774920171497,0.00013268237118100137,1.0
2.1055,0.0013100752099456175,0.001484517487812773,0.0001330426971900033,1.0
2.1064,0.0013080250274033279,0.0013229581256550195,0.00013344756974387176,1.0
2.1074,0.0013078737878376458,0.0013725414557005165,0.00013391748980107508,1.0
2.1084,0.0013072643581207434,0.0010912792442730852,0.00013463762079809406,1.0
2.1093,0.0013082891778445585,0.0014905207799180214,0.00013545881580937335,1.0
2.1103,0.0013102849570168257,0.0012818722261494042,0.00013552302961178218,1.0
2.1113,0.0013131343772384517,0.0011352938025458253,0.00013473123649603163,1.0
2.1122,0.0013140000000001148,0.00141752996907623,0.0001340834429886526,1.0
2.1132,0.0013140000000000803,0.0011147608611055577,0.00013390119312486364,1.0
2.1142,0.0013140000000000775,0.0012638178415695861,0.00013409682045608648,1.0
2.1152,0.0013150080213264017,0.0012842916313748353,0.0001347892024223841,1.0
2.1161,0.0013161655629880954,0.0011567433824412469,0.00013591355064668616,1.0
2.1171,0.001321858932773003,0.001266931248071968,0.00013655689924566735,1.0
2.1181,0.0013275485643635017,0.0011788144254208498,0.00013613758564295756,1.0
2.119,0.0013330088248633676,0.0013160116987355691,0.00013556183630683135,1.0
2.12,0.001335578978727469,0.0014337863141543755,0.00013540802025851617,1.0
2.121,0.0013241949613045645,0.0013018680294980647,0.00013556334195103414,1.0
2.122,0.0013134898928076203,0.001284503798597157,0.00013594718868535164,1.0
2.1229,0.0013112241079006521,0.0011295041083570544,0.00013644873353110652,1.0
2.1239,0.0013100854935353193,0.0010929523199925213,0.00013690189946766475,1.0
2.1249,0.0013100536476256443,0.001327922629917403,0.00013726263759103295,1.0
2.1258,0.0013111569346989241,0.0013655919613387508,0.0001375743242859835,1.0
2.1268,0.0013132176085105481,0.0012752550320972804,0.00013762747582863127,1.0
2.1278,0.001314712145148922,0.001452970778627275,0.0001373412071467714,1.0
2.1287,0.0013167608608862127,0.0013096662167445966,0.00013691376540706402,1.0
2.1297,0.001320077200227055,0.001392198423488717,0.00013656484428533909,1.0
2.1307,0.0013239753236531987,0.0012618273999692186,0.00013638904846503892,1.0
2.1316,0.0013277330437661806,0.0016411426268104735,0.00013636524727648035,1.0
2.1326,0.0013322858659659713,0.001309955147413368,0.00013644784833452412,1.0
2.1336,0.001336840531055977,0.001020568284338834,0.00013659577722247989,1.0
2.1346,0.001329207980979295,0.001357256685324105,0.00013681276972260037,1.0
2.1355,0.0013211313444585467,0.0013778016941518752,0.00013705857049625613,1.0
2.1365,0.0013134222204256119,0.001344680066410088,0.00013720262481103874,1.0
2.1375,0.0013073934121332763,0.0012140504816424683,0.00013719608805670195,1.0
2.1384,0.0013045739432576355,0.0015828635046584488,0.00013716237581114983,1.0
2.1394,0.0013045649263559883,0.0012644438223553696,0.00013718614130862588,1.0
2.1404,0.0013049999999999123,0.0013893743820150544,0.00013726914994166052,1.0
2.1414,0.0013058429371307094,0.0012489061825754267,0.00013741383768679265,1.0
2.1423,0.0013060000000000708,0.0014126761552732292,0.00013761767841179146,1.0
2.1433,0.0013060000000000979,0.0013976006524945865,0.00013783744496866272,1.0
2.1443,0.0013060000000000428,0.00138083466257704,0.0001380209316349755,1.0
2.1452,0.0013059999999999966,0.0014017817954794494,0.00013819036375860966,1.0
2.1462,0.0013060000000000536,0.0013346294912847073,0.00013833902029186765,1.0
2.1472,0.0013064472213588478,0.0011459428964492014,0.00013846676130713654,1.0
2.1481,0.0013069999999999885,0.0014087448091650034,0.00013864773675618307,1.0
2.1491,0.0013069999999998747,0.0013835293052631107,0.0001388794572445571,1.0
2.1501,0.0013069999999999705,0.001319690941641515,0.0001390752634642337,1.0
2.1511,0.0013069999999999404,0.0011617047079633246,0.0001392193334835537,1.0
2.152,0.0013070000000000098,0.0012431312072934914,0.00013933195017195855,1.0
2.153,0.0013091541560873604,0.0013741839192351426,0.00013942705385972442,1.0
2.154,0.001312570764928349,0.001094731817992902,0.0001394828766374851,1.0
2.1549,0.0013158613849891436,0.0012600129919848463,0.0001394945982491715,1.0
2.1559,0.0013204168634436094,0.0014400007764468776,0.0001395282126686433,1.0
2.1569,0.0013239861709491833,0.0012682318576716042,0.00013964559612372567,1.0
2.1578,0.0013249999999999707,0.0014501355129263867,0.0001398379329513714,1.0
2.1588,0.0013256559074071239,0.001254437321367642,0.00014005338607161297,1.0
2.1598,0.0013267950485680753,0.00147728237940101,0.00014022412352863263,1.0
2.1608,0.0013279339181816899,0.0015261806316793393,0.0001403601800876332,1.0
2.1617,0.001327040990547033,0.0012654862192447878,0.00014052843563822496,1.0
2.1627,0.0013237097796568356,0.0012737028851121425,0.000140798769633537,1.0
2.1637,0.0013202923561738372,0.0012669181827800614,0.00014122473101829677,1.0
2.1646,0.001317478598001611,0.001440723601692384,0.00014182667024202863,1.0
2.1656,0.0013156001578398951,0.0015212287067940008,0.00014247559200084646,1.0
2.1666,0.0013155387117737892,0.0012230150290258907,0.00014284106225331255,1.0
2.1675,0.0013171263232616146,0.001426272797936684,0.00014280356796852325,1.0
2.1685,0.0013201046011193556,0.0013011620028384615,0.00014258626606000705,1.0
2.1695,0.001323522024602103,0.0012547059489348273,0.00014240273008791587,1.0
2.1705,0.0013269386334429823,0.0011901746775465495,0.00014231849925831414,1.0
2.1714,0.0013249860927434954,0.0011679466211921448,0.00014233900665842184,1.0
2.1724,0.001321569973682015,0.001201213700723302,0.00014247385542365856,1.0
2.1734,0.0013178750558908098,0.0012344689835174932,0.00014269208961096782,1.0
2.1743,0.001314387345402953,0.0013798567950279346,0.00014297083170676625,1.0
2.1753,0.0013121096061759934,0.0012897683299660726,0.00014338596407860237,1.0
2.1763,0.0013110000000000161,0.001221103191654703,0.00014404809124995177,1.0
2.1772,0.001310999999999956,0.0011994226821876995,0.00014500807836368283,1.0
2.1782,0.001311747160005638,0.0015268984160914608,0.00014584415615301918,1.0
2.1792,0.00131199999999995,0.0014201042753787315,0.0001459077105747812,1.0
2.1801,0.001311999999999931,0.0013718105125788357,0.00014528979651466317,1.0
2.1811,0.0013119999999999601,0.0012670856384073327,0.00014461423852171735,1.0
2.1821,0.0013120000000000499,0.001321100278203651,0.000144210474650363,1.0
2.1831,0.001311673137673536,0.0013713541547086022,0.0001440188684875825,1.0
2.184,0.0013109999999999227,0.0011360821833581113,0.0001439210185189977,1.0
2.185,0.00131149082321126,0.0011976330304976127,0.00014396247583938558,1.0
2.186,0.0013132599287445446,0.0011802619244421747,0.0001441732587741509,1.0
2.1869,0.0013153095681922179,0.0012959191521513156,0.0001445047045032573,1.0
2.1879,0.001317586044085731,0.0014432066147646522,0.00014481522197640838,1.0
2.1889,0.0013207949677556058,0.0016425119701061256,0.00014493635883012292,1.0
2.1899,0.0013232821021287194,0.0014375631664284017,0.00014491018132482947,1.0
2.1908,0.0013272868504099983,0.0013377822905248193,0.00014486225613096038,1.0
2.1918,0.0013309390318572228,0.0015065761944067747,0.00014486446689606123,1.0
2.1928,0.0013351196075543463,0.001207408993941418,0.00014495244560092818,1.0
2.1937,0.0013385903195878741,0.0012998790316880906,0.0001451228822377337,1.0
2.1947,0.0013409999999999503,0.0009422544799719999,0.00014531638845831902,1.0
2.1957,0.0013403246808758064,0.0014104961441509297,0.00014546026429044793,1.0
2.1966,0.001338599179209183,0.0012660966913805756,0.00014556277612703863,1.0
2.1976,0.0013363233496065986,0.0013821316708194455,0.00014568315569045632,1.0
2.1986,0.0013350227177822674,0.001098476537505758,0.00014584495324705536,1.0
2.1996,0.0013333484554942578,0.0011743051444226295,0.0001460272556355941,1.0
2.2005,0.0013364237293077604,0.0013087124631390814,0.00014616787027686834,1.0
2.2015,0.0013398403381485896,0.001491877994401333,0.0001463335330117128,1.0
2.2025,0.001343256330730993,0.0013371485935116095,0.0001465427285975916,1.0
2.2034,0.0013463288039466082,0.0010407234649675219,0.0001468205994234214,1.0
2.2044,0.0013474179241900503,0.001443754844528414,0.00014717199547985448,1.0
2.2054,0.0013455581091532192,0.0010491385992475268,0.00014757461476002856,1.0
2.2063,0.0013427618899160057,0.0012633746675647765,0.00014792167441531325,1.0
2.2073,0.001339345281075274,0.0011370718303720577,0.00014809526333842387,1.0
2.2083,0.0013359312744488563,0.0009235547168425571,0.00014817873241570326,1.0
2.2092,0.0013329045435181576,0.00129401956084793,0.00014820456489474053,1.0
2.2102,0.0013308131305982789,0.001412564561511059,0.00014812092000815227,1.0
2.2112,0.0013293485219690703,0.0013783610322860497,0.00014804378713250722,1.0
2.2122,0.0013275359199359444,0.0011931184728228665,0.00014802953871156284,1.0
2.2131,0.0013260228781036395,0.0011922362153726014,0.00014804857645804294,1.0
2.2141,0.0013250000000000603,0.0014338082711547896,0.00014812211738525035,1.0
2.2151,0.001326533143445545,0.0013892021766614446,0.00014823886922313265,1.0
2.216,0.001329374988981811,0.0014079677894797038,0.00014836676997235246,1.0
2.217,0.0013318610652149749,0.001007512864950883,0.00014849100838123573,1.0
2.218,0.0013341365265378603,0.0016145092136635713,0.00014860506600193144,1.0
2.219,0.0013359999999998677,0.0012958034796557666,0.00014872960911175277,1.0
2.2199,0.0013357677758461957,0.0012688150175915855,0.0001488761522463385,1.0
2.2209,0.0013342572693706295,0.0014400552086516224,0.0001490464089394453,1.0
2.2219,0.001332489765071674,0.0015611962574129347,0.00014922855128393344,1.0
2.2228,0.001332534717182286,0.0016363776851745066,0.00014945403531315974,1.0
2.2238,0.0013343461137219285,0.0013509895598255493,0.00014977052616129002,1.0
2.2248,0.0013333756039561003,0.0012806256164015308,0.00015014622913344194,1.0
2.2257,0.0013330000000000301,0.0010017866864794767,0.00015059698108453397,1.0
2.2267,0.0013339761589066974,0.0011980648301813304,0.00015097673588897707,1.0
2.2277,0.0013361138895682922,0.0011302607135508132,0.00015115261763314888,1.0
2.2286,0.0013364440766424012,0.00121044630621532,0.00015111346941965682,1.0
2.2296,0.001330499345922613,0.0012430781978161648,0.00015095180178546023,1.0
2.2306,0.0013210810587022334,0.0012549241039171773,0.00015083025020084907,1.0
2.2316,0.00131366483263449,0.0012435515097491414,0.0001508174641073065,1.0
2.2325,0.0013080985421278198,0.00135683936426843,0.00015089158813228983,1.0
2.2335,0.001303843950519371,0.0012574329274819425,0.00015102907857758794,1.0
2.2345,0.0013047151055477013,0.0011388735464764814,0.00015120851900500822,1.0
2.2354,0.0013067652880900554,0.0012551752974385225,0.00015145754276954206,1.0
2.2364,0.001310086054634718,0.0015105470158208866,0.00015181788419486037,1.0
2.2374,0.0013148023602481593,0.0012734948040645654,0.00015225227872105632,1.0
2.2384,0.0013204919274054075,0.0016154447897139175,0.00015263844079489318,1.0
2.2393,0.0013249704302567787,0.0015181986856390756,0.0001528215438190177,1.0
2.2403,0.0013279246927317416,0.0012569715072822648,0.00015278141905701486,1.0
2.2413,0.0013302029750536786,0.0011196277557472573,0.00015271050429335436,1.0
2.2422,0.0013322511894564772,0.0016597862931711114,0.00015275476917503446,1.0
2.2432,0.001334528618919269,0.001369146551477466,0.00015283908520165302,1.0
2.2442,0.001336806358146292,0.0014334587193335629,0.00015294133256629294,1.0
2.2451,0.0013379282703445562,0.001377245348301924,0.00015313256945747762,1.0
2.2461,0.0013390671399578563,0.001204648723364663,0.0001534692145983418,1.0
2.2471,0.001340412092883707,0.0012089370013770152,0.0001538920934535991,1.0
2.2481,0.001342344011780302,0.0013729680382392091,0.00015410802755806154,1.0
2.249,0.001343369103051531,0.0015160714556740383,0.00015397198330119528,1.0
2.25,0.0013445079726650717,0.00142574964807469,0.00015387356363478664,1.0
2.251,0.001346293684557535,0.0011484745762694577,0.00015395378628960138,1.0
2.2519,0.0013476719335500974,0.0012824489445883004,0.00015414892867582418,1.0
2.2529,0.0013488098807482327,0.0013404840670063253,0.000154398304536693,1.0
2.2539,0.0013508976107446497,0.0011946795794914634,0.00015464188419719567,1.0
2.2548,0.0013519738966433891,0.001394147602373736,0.0001547841636921039,1.0
2.2558,0.0013521127662573388,0.0014861664597204142,0.00015481495408221525,1.0
2.2568,0.0013532516358708648,0.0015346537413796087,0.00015483678603926741,1.0
2.2578,0.0013543903324616997,0.0013595816702174442,0.000154929009584039,1.0
2.2587,0.0013554144578034923,0.0015400536483793114,0.00015509024289954863,1.0
2.2597,0.0013560000000001687,0.0013788320802951357,0.00015535113690685212,1.0
2.2607,0.001355307531421875,0.0009098014555378418,0.00015578733645029726,1.0
2.2616,0.0013550000000001222,0.0016697615691730722,0.0001564240206351745,1.0
2.2626,0.001355000000000074,0.0011585507480366315,0.00015700663985914056,1.0
2.2636,0.001355000000000046,0.000936359291042856,0.0001572376347118466,1.0
2.2645,0.0013550000000000471,0.001312686599693311,0.00015733944297958668,1.0
2.2655,0.0013551583925565777,0.001486527654409823,0.00015752403661911004,1.0
2.2665,0.0013559999999999085,0.0016457712284648803,0.0001575975786468133,1.0
2.2675,0.0013559999999998552,0.001619443549049692,0.00015744403017950827,1.0
2.2684,0.001356460084102739,0.0013906814369207857,0.0001572338528164598,1.0
2.2694,0.0013564010462837413,0.0016188118602085452,0.0001571656640910771,1.0
2.2704,0.0013545238102454715,0.0013027691098109152,0.00015726210267230843,1.0
2.2713,0.0013524736277030452,0.0014813397940422208,0.00015741452315387385,1.0
2.2723,0.0013501958884759044,0.0013078838353713952,0.00015749325047106387,1.0
2.2733,0.001347920427153029,0.001063250725711964,0.00015760276752219452,1.0
2.2742,0.0013459999999998829,0.0015709232495880916,0.00015776436321314865,1.0
2.2752,0.0013459999999998649,0.0012029482392351984,0.00015799846832571495,1.0
2.2762,0.0013459999999999085,0.0013198579483028718,0.00015832487315533563,1.0
2.2771,0.001346000000000086,0.0012924758510122953,0.00015882208731756535,1.0
2.2781,0.001345999999999978,0.00121689361205101,0.00015972127212014379,1.0
2.2791,0.0013459999999998944,0.0013099491971810449,0.00016129028775413014,1.0
2.2801,0.0013475674423532116,0.0013592660917675636,0.00016334212005837822,1.0
2.281,0.001351234163601504,0.001540603927935061,0.0001648591941419519,1.0
2.282,0.0013557907282452644,0.00144186670797634,0.00016483345823259708,1.0
2.283,0.001359341650891322,0.0013993927889506773,0.0001635573710622064,1.0
2.2839,0.0013634420159757599,0.0014935527433636122,0.00016200594786150172,1.0
2.2849,0.001366999999999983,0.0014642156686036193,0.0001608410339457892,1.0
2.2859,0.0013666114852314392,0.0010901021524774184,0.00016032247557756974,1.0
2.2869,0.0013654726156177833,0.0014610510077505245,0.00016025458203280658,1.0
2.2878,0.00136444815287408,0.0011664543535427959,0.00016036108038598257,1.0
2.2888,0.0013626195873703791,0.0012236920926004774,0.00016065792153251957,1.0
2.2898,0.00136117092407151,0.001489386715522366,0.00016143037804593186,1.0
2.2907,0.0013601458328003871,0.0012222967596815229,0.0001631311288431363,1.0
2.2917,0.001358013926373645,0.0011341455939655578,0.00016604901091500494,1.0
2.2927,0.001356737921956206,0.0012598579466873378,0.0001697703385922295,1.0
2.2936,0.0013546877394132902,0.0013729773847111798,0.00017300124756813973,1.0
2.2946,0.0013527050000932065,0.0013584851886566801,0.00017443648523544344,1.0
2.2956,0.0013541693476023181,0.0011018272040512938,0.00017421956917603913,1.0
2.2966,0.0013604380640885529,0.0010021858828966445,0.00017327154421831195,1.0
2.2975,0.0013671800519576402,0.0011432873419233583,0.00017126730547276667,1.0
2.2985,0.0013744149956842987,0.0016251980722593936,0.00016869239807434117,1.0
2.2995,0.0013821229155938518,0.0015424620485939046,0.00016738904314684113,1.0
2.3004,0.0013892985544919575,0.0014688858901183927,0.0001678638224754924,1.0
2.3014,0.0013857680213249987,0.00126260116041042,0.00016876201016732437,1.0
2.3024,0.0013789343880403241,0.0012393699745139712,0.00016903903651445718,1.0
2.3033,0.0013725896046840361,0.0014098912266523296,0.0001688256182866665,1.0
2.3043,0.0013649562427633538,0.0014273533168921882,0.00016828112237477727,1.0
2.3053,0.0013581230250814629,0.0015680393633973743,0.00016721493919105045,1.0
2.3062,0.0013529816516365083,0.0013248661431280707,0.00016576600620328352,1.0
2.3072,0.00134907182598454,0.0013616202811700807,0.00016466134015350974,1.0
2.3082,0.0013448752505361276,0.0013680125967418576,0.00016439599982393983,1.0
2.3092,0.0013412390144191962,0.001402554842580568,0.0001648190023595833,1.0
2.3101,0.0013372183208073078,0.0016345209930913188,0.00016525451387389763,1.0
2.3111,0.0013342528682352339,0.0014255213804130321,0.00016530160265087863,1.0
2.3121,0.001338560336029424,0.001253926839916523,0.0001654731606176024,1.0
2.313,0.0013454826680662692,0.00160727632175631,0.00016605354311698763,1.0
2.314,0.001352701866705929,0.00125626603822069,0.00016661296216591664,1.0
2.315,0.0013601507327138617,0.0015786421869104748,0.00016697075368282403,1.0
2.316,0.0013676479421280685,0.001581740910039922,0.00016716091959944324,1.0
2.3169,0.0013706890830037812,0.0014278671089185677,0.0001669693763699133,1.0
2.3179,0.0013701729893081105,0.0013627471251496685,0.00016655280715473583,1.0
2.3189,0.0013680680903476595,0.0014623375917780926,0.00016630556339217945,1.0
2.3198,0.0013660184508999253,0.001412063690342467,0.00016652635065934497,1.0
2.3208,0.001363740168577865,0.0014037208061736684,0.00016707394086710623,1.0
2.3218,0.0013614624293507504,0.0015508198518481278,0.00016797578066185913,1.0
2.3227,0.0013594129154695836,0.0011830596826755695,0.00016930928520414085,1.0
2.3237,0.0013571367854854192,0.0011999248311754301,0.0001704209413725422,1.0
2.3247,0.0013548585031636588,0.0016288603516022588,0.00017092743075266734,1.0
2.3256,0.0013528088637158517,0.001338971907540206,0.0001713749992727165,1.0
2.3266,0.001350530581394083,0.001421933573706196,0.0001721245039085818,1.0
2.3276,0.0013491274149162575,0.0011760055241785787,0.00017314207317377145,1.0
2.3286,0.001349011309577927,0.0014903670455755774,0.00017376524068698156,1.0
2.3295,0.0013500364008495987,0.0013899489344912303,0.0001730890639931253,1.0
2.3305,0.0013509999999999924,0.0012316185145680378,0.0001714450272021926,1.0
2.3315,0.0013525720581194869,0.001298665015853218,0.00017009766024944281,1.0
2.3324,0.001360747633203752,0.0013713609493548658,0.00016980845438102404,1.0
2.3334,0.0013676138322173933,0.0008961500994271208,0.00017046920057309307,1.0
2.3344,0.0013686966190208797,0.0013678595026102981,0.0001712829456991989,1.0
2.3354,0.0013770419546487924,0.001523084752872659,0.00017150416554683988,1.0
2.3363,0.0013852405124396491,0.0011898454350360399,0.00017134281856201702,1.0
2.3373,0.0013952728469430675,0.001517233295601468,0.0001713125773479354,1.0
2.3383,0.0014035445129811635,0.0017863053872273261,0.0001713823726841786,1.0
2.3392,0.001395261755663261,0.0013328188232196467,0.0001711611039608861,1.0
2.3402,0.0013850119291406715,0.001315961894089597,0.000170614747551621,1.0
2.3412,0.001374759658692014,0.0013828972818811787,0.00017018053924723186,1.0
2.3421,0.001365540221699385,0.0016375027078051282,0.0001699743910022271,1.0
2.3431,0.001355817121153796,0.0015029953079527005,0.00016996195904954333,1.0
2.3441,0.001353323458938999,0.0011684305747612265,0.00017015788290150426,1.0
2.3451,0.001358803594497954,0.0011825387309608438,0.0001704502612451942,1.0
2.346,0.001365779832479367,0.0014424804817530475,0.00017068332536560827,1.0
2.347,0.001373751919774436,0.0011874591601687265,0.00017104034274610238,1.0
2.348,0.0013817179352362526,0.0015329963584603385,0.0001717725747039589,1.0
2.3489,0.0013882553068955137,0.0012806566603180136,0.00017281937532682423,1.0
2.3499,0.0013886673846929536,0.0011622269521264473,0.00017387216669716206,1.0
2.3509,0.0013825676439499222,0.0013767397412662577,0.00017510692435280276,1.0
2.3518,0.00137684758026888,0.001320257899504214,0.00017717974879090734,1.0
2.3528,0.001371156470844424,0.0013426762255088123,0.0001796999861186717,1.0
2.3538,0.0013654632211568484,0.0014428900049113407,0.00018142894702212679,1.0
2.3548,0.0013606150984710353,0.0013163777547747259,0.00018223266111820692,1.0
2.3557,0.0013608713166534379,0.0016296180760454703,0.00018236318278131596,1.0
2.3567,0.0013620101746785241,0.0012982567273227858,0.00018172484217294585,1.0
2.3577,0.001363148188476033,0.0013046549814792695,0.00018076386847978604,1.0
2.3586,0.0013641730081996983,0.0014806802233074841,0.00017972706365696584,1.0
2.3596,0.0013653121493606372,0.0018214322142089817,0.00017847015393348577,1.0
2.3606,0.0013646469430771396,0.0012387841554623484,0.00017710882850086602,1.0
2.3615,0.001360619448772472,0.0012354237739172363,0.0001758468771479036,1.0
2.3625,0.0013555428791068205,0.0009056772390786915,0.0001749639823429191,1.0
2.3635,0.0013502350896604002,0.001587798024114009,0.00017485953110657918,1.0
2.3645,0.001345432593274249,0.0015519984701745087,0.00017561455585875295,1.0
2.3654,0.0013413322281892802,0.0013479601461407651,0.00017653859153002503,1.0
2.3664,0.0013391674376989431,0.00122258623021361,0.0001768724613321312,1.0
2.3674,0.0013425833820954575,0.0012908120068576756,0.00017692086426042858,1.0
2.3683,0.001345655903496965,0.0012220183501103156,0.00017751511514338853,1.0
2.3693,0.0013487150082252771,0.0009819823988706906,0.00017904532301230708,1.0
2.3703,0.0013514899358207618,0.0011918466034450941,0.00018168670164925074,1.0
2.3712,0.0013545652096342304,0.001650170173585484,0.0001854539057682377,1.0
2.3722,0.0013553393938417013,0.0012213899452272162,0.000189178522054792,1.0
2.3732,0.0013534028675135613,0.0015319535399365206,0.00019074133434440117,1.0
2.3741,0.0013521765719089187,0.0013885109555582045,0.0001901653501235303,1.0
2.3751,0.0013500754045908236,0.0012738381921537252,0.00018843001149632964,1.0
2.3761,0.0013488985611345057,0.0016253864847008974,0.0001857380551105534,1.0
2.3771,0.0013477599649092567,0.0012655293958127338,0.0001827950112212401,1.0
2.378,0.0013472642607982076,0.0013761400265634958,0.00018043165015327255,1.0
2.379,0.0013479999999997964,0.0015458142709299358,0.00017901801098176077,1.0
2.38,0.001348542271572866,0.0015188890982150444,0.0001785245360850573,1.0
2.3809,0.0013490000000001953,0.0015214565496091406,0.00017899495116891804,1.0
2.3819,0.001349706232457541,0.001472976675067187,0.00018075061198682588,1.0
2.3829,0.001350000000000023,0.0012937465030191178,0.00018303748124827543,1.0
2.3839,0.0013470515018020688,0.0015376449438089074,0.0001843088424840591,1.0
2.3848,0.001343984151992366,0.0011783208577116524,0.00018459161131238332,1.0
2.3858,0.0013415596191475754,0.0015211301373983838,0.00018422535051308014,1.0
2.3868,0.0013384281304431012,0.0010488603148192156,0.00018288831345827396,1.0
2.3877,0.001336067983373274,0.001191063298888468,0.0001812142174063314,1.0
2.3887,0.0013344487567111352,0.0014219916771439035,0.00018022028942137384,1.0
2.3897,0.0013361752526494105,0.001504566937869228,0.00018021084834931144,1.0
2.3906,0.0013388381527877275,0.0013248201006632937,0.0001807112161068455,1.0
2.3916,0.0013415031744192318,0.001285765019544975,0.00018112083052746768,1.0
2.3926,0.0013446691450829452,0.0012894041189423545,0.00018117550518715413,1.0
2.3936,0.001347056918063798,0.0012134867403826941,0.00018124619769300005,1.0
2.3945,0.0013490000000000708,0.0013677736218163784,0.00018160501821285025,1.0
2.3955,0.0013490000000000405,0.0013726186534257516,0.00018170936718935873,1.0
2.3965,0.001349331561077676,0.0017275091331739258,0.00018145024053021314,1.0
2.3974,0.0013500000000000066,0.0013971275148434588,0.0001814497335398485,1.0
2.3984,0.0013499999999999884,0.0013738873705226025,0.00018155870118383694,1.0
2.3994,0.0013499999999999413,0.001308121986430958,0.00018160225355339781,1.0
2.4003,0.0013499999999998886,0.0008637858552432686,0.00018187002036201694,1.0
2.4013,0.001350797213508802,0.0013973363553077545,0.00018216711735616264,1.0
2.4023,0.0013509999999999672,0.001361042112914431,0.00018234231520640777,1.0
2.4032,0.0013510000000000058,0.0014836802859969859,0.00018265431684714076,1.0
2.4042,0.0013510000000000035,0.0012291456472243608,0.0001829260508762471,1.0
2.4052,0.0013509999999999957,0.00159363640123874,0.00018277348029331603,1.0
2.4062,0.0013509999999999974,0.0013570327465739376,0.000182439563837871,1.0
2.4071,0.0013505984502451163,0.0012707861770955252,0.0001823450660868242,1.0
2.4081,0.0013494602622377643,0.0013107764441098904,0.00018273546841440465,1.0
2.4091,0.0013483211210769013,0.0011423248700659818,0.00018365163032075708,1.0
2.41,0.0013472960298055773,0.00122031451748157,0.00018491354685412853,1.0
2.411,0.00134615716019199,0.0012818060160524275,0.00018627713842820596,1.0
2.412,0.0013459999999999113,0.001812774631339375,0.00018860146043287278,1.0
2.413,0.0013482394232608322,0.0014861610492083938,0.0001923828074392487,1.0
2.4139,0.0013502890627085549,0.0015094766875968714,0.00019614439169766593,1.0
2.4149,0.0013525673450304778,0.0012936186348079476,0.00019763102662348063,1.0
2.4159,0.001354845084257665,0.0014797944678504931,0.00019653061686190668,1.0
2.4168,0.0013568952668000177,0.0017050205174981923,0.0001940324837866287,1.0
2.4178,0.001356242492675826,0.0012841539247127592,0.00019129451095199645,1.0
2.4188,0.0013521019791101288,0.0016007468244865586,0.00018923147338478205,1.0
2.4197,0.0013487520251611272,0.001149563304889597,0.00018815490013554266,1.0
2.4207,0.0013444461355710086,0.0013721426908777654,0.0001880978109418526,1.0
2.4217,0.001339918086133374,0.0016344594370540024,0.00018887540133754569,1.0
2.4226,0.0013368974239202588,0.0015245645078572922,0.0001895831618671875,1.0
2.4236,0.0013363311035747207,0.0013203967443785045,0.00018947664387316762,1.0
2.4246,0.0013443031908699566,0.0012903308949435237,0.00018935347563565482,1.0
2.4256,0.0013522771789967849,0.0016263454458934604,0.00019036024973751782,1.0
2.4265,0.0013594528178952365,0.0013672232507953208,0.00019212251550270698,1.0
2.4275,0.001367419871168613,0.0012943474961513118,0.00019315167208062091,1.0
2.4285,0.001376158879794889,0.0011816780774626353,0.0001924804759003802,1.0
2.4294,0.0013787949512456686,0.0016987863546515012,0.00019075466782687126,1.0
2.4304,0.0013733970748450086,0.001594972715256807,0.00018922719640221527,1.0
2.4314,0.0013666351898993963,0.0013523415451903494,0.00018841509306723642,1.0
2.4324,0.0013607304561471256,0.0010382887596698431,0.00018831184319096034,1.0
2.4333,0.0013545852962833045,0.001174193404160851,0.00018855648550496356,1.0
2.4343,0.001347752078601628,0.001368058932446021,0.0001888741873063817,1.0
2.4353,0.001342972410545296,0.000950705950065306,0.0001889407605207116,1.0
2.4362,0.001341999999999945,0.0015036402443186353,0.00018898590597107794,1.0
2.4372,0.0013419999999999797,0.0012406431664602102,0.00018943904713235492,1.0
2.4382,0.0013419999999998745,0.0011643675914695313,0.00019045910754015912,1.0
2.4391,0.001342000000000003,0.0011050905731855513,0.00019171588002622658,1.0
2.4401,0.0013419999999999825,0.0013152979626182531,0.0001926502772782291,1.0
2.4411,0.0013412366335440859,0.0014737442273868788,0.00019282530344501156,1.0
2.4421,0.0013435143300686483,0.0014436005423049507,0.00019232489646278734,1.0
2.443,0.0013455628205040957,0.001231185012449008,0.00019188912133412777,1.0
2.444,0.0013491013993282449,0.0015499685531285895,0.00019252169587722726,1.0
2.445,0.001355914046355014,0.0013115328115355282,0.00019481067059614829,1.0
2.4459,0.0013648424075045705,0.001417990283966099,0.00019815703399981348,1.0
2.4469,0.0013740617725485622,0.0014405443703412462,0.00020054845075066858,1.0
2.4479,0.0013604971295769076,0.0010913443407027557,0.00020026849635966783,1.0
2.4488,0.0013500241654033466,0.0012132246191618274,0.00019795063825755603,1.0
2.4498,0.0013459498530845634,0.0013894470748594453,0.00019545373614343896,1.0
2.4508,0.0013436721138575089,0.001418817644136776,0.00019388340793745432,1.0
2.4518,0.0013413938315354193,0.0013110844708266488,0.00019351220105410103,1.0
2.4527,0.001340327530913978,0.001169268692331667,0.00019426277513451745,1.0
2.4537,0.0013442613431545064,0.0014690185543651103,0.00019611029715351573,1.0
2.4547,0.0013522334304497115,0.001440263939330077,0.00019909189506896676,1.0
2.4556,0.0013594090693480555,0.0014495438048602513,0.0002022343888914612,1.0
2.4566,0.0013681498933065296,0.001026386266722439,0.00020485406728947353,1.0
2.4576,0.0013763479147986951,0.0016036817484344492,0.00020582655411835116,1.0
2.4585,0.0013844524687677382,0.001007999612937869,0.000204503914186132,1.0
2.4595,0.0013855758014582914,0.001452387047682669,0.00020155899971342954,1.0
2.4605,0.001378742583776668,0.0013277536599740356,0.00019831474211942272,1.0
2.4615,0.0013719093660949219,0.0016361600482981077,0.0001959959849502186,1.0
2.4624,0.0013661344734687542,0.0012043115726269576,0.00019485177257774262,1.0
2.4634,0.0013599324344992024,0.0015189176422331753,0.00019492296347165336,1.0
2.4644,0.0013530975875333195,0.0015029487196607533,0.0001959934683172088,1.0
2.4653,0.0013482980266040943,0.0013936129008241345,0.00019711228898460604,1.0
2.4663,0.0013453712740749244,0.0016169573391970331,0.00019787378378272012,1.0
2.4673,0.0013430935348475606,0.0014352027482602047,0.00019864872346480087,1.0
2.4682,0.0013410455782981257,0.0015097793942974976,0.0001995499192262805,1.0
2.4692,0.0013387678909823173,0.001648860236838493,0.00020015901619281528,1.0
2.4702,0.0013364896086604044,0.0012590621610737848,0.00019991739863849806,1.0
2.4711,0.0013344394261180404,0.0017319280201042366,0.0001989559042705696,1.0
2.4721,0.0013325813203015659,0.0013865590107048507,0.00019801937913150146,1.0
2.4731,0.0013314431127839051,0.0011151647615681663,0.00019742796029144347,1.0
2.4741,0.0013309999999999596,0.0011065182894681655,0.00019700973522562295,1.0
2.475,0.0013310000000000038,0.0016638396429614502,0.00019680701062233687,1.0
2.476,0.0013335799677854474,0.0014821003838601165,0.00019719125271596297,1.0
2.477,0.0013419908710036975,0.0012941077867566523,0.00019894460339824302,1.0
2.4779,0.0013418859440275871,0.0014446467482545503,0.0002022089176609117,1.0
2.4789,0.001336353276767674,0.0014939957599719336,0.00020686713270376783,1.0
2.4799,0.0013320983487350093,0.001558246748900167,0.0002111966440381479,1.0
2.4809,0.0013291206168347459,0.0017434469556189436,0.000212919126669252,1.0
2.4818,0.0013270704342923246,0.0009103676731553035,0.0002121419800889733,1.0
2.4828,0.0013253970342817394,0.0013593474414293311,0.00021046071606384249,1.0
2.4838,0.0013272241493868242,0.0012251915441810956,0.00020883309355885075,1.0
2.4847,0.0013310658976006349,0.0008462164746362562,0.0002083528557340564,1.0
2.4857,0.001336526720068704,0.001153334463194066,0.0002092395936778856,1.0
2.4867,0.0013422221728292827,0.001343372675426797,0.0002094255986776495,1.0
2.4876,0.0013473421874687643,0.0011697354316338186,0.00020739149501452952,1.0
2.4886,0.0013530365355367013,0.0012959114235076299,0.00020466325846502697,1.0
2.4896,0.001356653823279049,0.0011820892021333217,0.00020312534261313073,1.0
2.4906,0.001354058728472259,0.0015956324190607306,0.0002030350539965588,1.0
2.4915,0.001349959449576914,0.0011426004232640708,0.00020363529631178712,1.0
2.4925,0.0013454058395576825,0.0013825513637975055,0.00020425200931933066,1.0
2.4935,0.0013408519622871904,0.0011895032942446102,0.0002046685705059253,1.0
2.4944,0.0013367515972025526,0.0011126738205845348,0.0002047692094417285,1.0
2.4954,0.0013321961187480079,0.0013172986826775997,0.0002045207703500622,1.0
2.4964,0.0013298197770521415,0.0015472162913834084,0.0002043605213976224,1.0
2.4973,0.0013277703991088022,0.001126619862044663,0.00020474219536045375,1.0
2.4983,0.0013257470665934826,0.0013994402279994956,0.00020576350228343625,1.0
2.4993,0.001324216393959505,0.0009668314895169079,0.0002069474468888832,1.0
2.5002,0.0013225831057084721,0.0013959601906619605,0.00020682316266906265,1.0
2.5012,0.0013214442360951258,0.0010904038170881218,0.00020581562644734556,1.0
2.5022,0.0013203053664813992,0.0015347680316906494,0.00020510944958504335,1.0
2.5032,0.0013208328261305464,0.0012737180305682195,0.00020502984857235634,1.0
2.5041,0.0013210000000001072,0.0010640984893388462,0.00020508698434437125,1.0
2.5051,0.001321996596612189,0.0010441816831347065,0.00020490792065333357,1.0
2.5061,0.0013221354662259683,0.0013183152606084626,0.00020480503381103336,1.0
2.507,0.0013229999999999928,0.0014960383557682654,0.00020507458754663135,1.0
2.508,0.001322999999999867,0.0012225682963145229,0.0002053987325624464,1.0
2.509,0.0013225625706805746,0.001200456826201705,0.0002055660293103286,1.0
2.51,0.001320847402133688,0.0009290634970180822,0.0002058748452431383,1.0
2.5109,0.0013193986097956908,0.0012914018272880891,0.00020627961496932334,1.0
2.5119,0.0013175194803641305,0.0014943094320333378,0.00020649858558108728,1.0
2.5129,0.0013161215994771864,0.0014207786382668106,0.0002067711168774623,1.0
2.5138,0.001315096918249383,0.0009881134360613802,0.00020724569850346356,1.0
2.5148,0.001313957777088455,0.0012438913490148665,0.00020762015508698985,1.0
2.5158,0.0013130000000000342,0.0012741581659692746,0.00020790089533874814,1.0
2.5167,0.001313000000000014,0.0011104856179181874,0.0002081371072615264,1.0
2.5177,0.0013129999999999923,0.001216775601751584,0.00020808219658111364,1.0
2.5187,0.001312999999999968,0.000972217748363401,0.00020775600195832298,1.0
2.5196,0.0013130000000000383,0.0015747540344073576,0.00020732742174716024,1.0
2.5206,0.0013130000000001075,0.0015934388982592215,0.00020715101845426363,1.0
2.5216,0.0013130000000000728,0.00150791774585065,0.0002072730613237594,1.0
2.5226,0.0013139237036764785,0.0012627839720635895,0.00020809485923363905,1.0
2.5235,0.0013140000000000191,0.001096111830959293,0.00020957180191840815,1.0
2.5245,0.0013140000000000105,0.0013310488357690282,0.00021123149639325274,1.0
2.5255,0.0013140000000000033,0.0011714649315863138,0.00021227056938836415,1.0
2.5264,0.0013140000000001384,0.00119804721327303,0.00021252027896880368,1.0
2.5274,0.0013143902352499718,0.0009266130607492548,0.00021229139047966136,1.0
2.5284,0.0013155284103706878,0.001187012669921992,0.00021172042036921073,1.0
2.5294,0.001317335103063306,0.0018080971615794437,0.00021112339942669343,1.0
2.5303,0.0013186923712555608,0.0008828498773014324,0.00021077873197238343,1.0
2.5313,0.0013206630248327423,0.0012399446417289605,0.000210284893664695,1.0
2.5323,0.001322940764060042,0.001187885464882736,0.000209280389866789,1.0
2.5332,0.0013239943407947331,0.001274421767122874,0.00020831261383077768,1.0
2.5342,0.0013246003881119065,0.0009863727242839012,0.00020795161126732506,1.0
2.5352,0.0013214553097527322,0.0011311931196955856,0.0002082971560909429,1.0
2.5361,0.001320000000000014,0.0014795869942913118,0.00020924455443034658,1.0
2.5371,0.0013213074289263054,0.0009047294637965092,0.0002103427538560465,1.0
2.5381,0.001326444220019457,0.001338720498189332,0.00021127583072090152,1.0
2.5391,0.0013361290628349863,0.0013160468748850797,0.00021229273357879484,1.0
2.54,0.0013471179731016523,0.0017010086131735767,0.00021341670716581702,1.0
2.541,0.0013421081954851177,0.0011271840124695807,0.00021433186818199917,1.0
2.542,0.0013318720790615657,0.0015382397212684697,0.00021451055396334742,1.0
2.5429,0.0013237202754618732,0.001293599744813538,0.00021385149788536844,1.0
2.5439,0.0013161058486903306,0.0018306689604524083,0.00021259357196920612,1.0
2.5449,0.001310729200497811,0.001384983728359062,0.00021180587674973826,1.0
2.5458,0.0013073144177065256,0.0017678162943428007,0.00021197755003687715,1.0
2.5468,0.00130600000000009,0.0012412951433205819,0.00021304618061582576,1.0
2.5478,0.0013072401913240064,0.0016577884638947554,0.00021432475734936693,1.0
2.5488,0.001310275597748228,0.0013719880268547573,0.00021523890600945586,1.0
2.5497,0.0013125672477080172,0.001115884675973158,0.0002161369076330639,1.0
2.5507,0.0013157674804028612,0.000826248217210587,0.0002171387550587498,1.0
2.5517,0.001320184693528441,0.001350587215277155,0.00021758651742278553,1.0
2.5526,0.0013232559462005894,0.0016753070708436213,0.00021736891141000761,1.0
2.5536,0.0013260000000000671,0.0015889328430634293,0.00021694074464064284,1.0
2.5546,0.0013263633261747804,0.0010759945453801838,0.00021663721910971496,1.0
2.5555,0.0013285536697839732,0.0013776262450914138,0.0002163811645080874,1.0
2.5565,0.0013341637223575743,0.0011995951430321,0.00021597216682544117,1.0
2.5575,0.0013429885893421936,0.001599586474154464,0.0002156604222224423,1.0
2.5585,0.0013556499065842341,0.0013564462003124171,0.00021583907838656363,1.0
2.5594,0.001370438752298264,0.0010590271335683581,0.00021657555638094554,1.0
2.5604,0.0013778405988341224,0.001438301131104773,0.0002177873314003493,1.0
2.5614,0.001379106989380381,0.0014560881162702236,0.000219090532207652,1.0
2.5623,0.0013801319303890975,0.0008799087547715844,0.00021980130051060714,1.0
2.5633,0.0013815396226259892,0.0013249070129543353,0.00021966161012694778,1.0
2.5643,0.0013834089524742232,0.001419294964427925,0.00021919107759055346,1.0
2.5652,0.001384434043745256,0.0017081214891356857,0.00021823954823419077,1.0
2.5662,0.0013832812599234255,0.0013419308505328788,0.0002172757215926831,1.0
2.5672,0.0013713232554127919,0.0014996211676137341,0.00021656388076739155,1.0
2.5681,0.0013566954969248402,0.001632739820225816,0.00021588179764103294,1.0
2.5691,0.0013416301362336504,0.0014022150792938309,0.00021533288421045197,1.0
2.5701,0.0013309037775373891,0.0013632906633479003,0.00021511719612359707,1.0
2.5711,0.0013232369216015084,0.0011400759034545143,0.000215114375087823,1.0
2.572,0.001318289980874343,0.0014940540575267803,0.0002152848022657074,1.0
2.573,0.0013153154376124188,0.0011134010320243053,0.00021561474244349203,1.0
2.574,0.0013164543072260004,0.0014822293762144108,0.00021603140786130638,1.0
2.5749,0.00131795879699426,0.0011235186331568236,0.00021646446507511514,1.0
2.5759,0.0013202370793162991,0.001267343134631979,0.00021674231570777204,1.0
2.5769,0.001322514818543425,0.0015605462361598195,0.000216745756603462,1.0
2.5779,0.001324790518455713,0.0015302045181122704,0.0002166317077656581,1.0
2.5788,0.0013268404624088507,0.001105312164750718,0.0002167069013768411,1.0
2.5798,0.0013277635967280043,0.0016946929763451489,0.00021743060687895734,1.0
2.5808,0.0013234052740632562,0.0014380776636889081,0.00021881081372051783,1.0
2.5817,0.0013201066669994107,0.00133296265913355,0.00021992521877529808,1.0
2.5827,0.001315914627596063,0.0013154230100955763,0.00022026211819181892,1.0
2.5837,0.0013125001994243935,0.0013995355613548068,0.00022049136794734969,1.0
2.5846,0.001309949950407199,0.0011293251456415553,0.00022102949336512566,1.0
2.5856,0.0013076722111798503,0.0009530895398694729,0.00022150083859185984,1.0
2.5866,0.0013069999999998224,0.0013083367907886936,0.00022124783920019492,1.0
2.5876,0.001309822500860313,0.0011003576505396525,0.00022107223154471003,1.0
2.5885,0.00131193171500717,0.0012994047324828325,0.00022126231724462918,1.0
2.5895,0.001316314181351648,0.0015690079443854345,0.00022129263854051687,1.0
2.5905,0.001319975473112729,0.0009060183837276147,0.0002207100594307759,1.0
2.5914,0.00132434344001032,0.0014725276917720484,0.00021970334401127806,1.0
2.5924,0.0013296294607743249,0.0010420195310691968,0.00021878750072352242,1.0
2.5934,0.0013319999999998995,0.001373889089615283,0.00021827868794326605,1.0
2.5943,0.0013325706510957495,0.001475517391167997,0.00021820381823259817,1.0
2.5953,0.0013358380828370805,0.0014473604286164429,0.00021835451380936127,1.0
2.5963,0.0013412419516142617,0.0015005421172094027,0.0002185264844081426,1.0
2.5972,0.0013489878527526101,0.001315608589459122,0.00021871872582629703,1.0
2.5982,0.0013591033542260163,0.0011722840358790612,0.0002189244173144581,1.0
2.5992,0.0013683007068329756,0.0007158917873306758,0.00021911858699474998,1.0
2.6002,0.0013647939854579444,0.0015940692663058674,0.00021924487728873312,1.0
2.6011,0.0013472852854805014,0.0015586003599322542,0.0002191221116890687,1.0
2.6021,0.0013315679798321042,0.0012037871789223355,0.00021900639442469182,1.0
2.6031,0.0013202705110102707,0.001401714704006656,0.0002193948641992979,1.0
2.604,0.0013145348904203232,0.0010183956173919055,0.00022011411490913374,1.0
2.605,0.0013114897059829462,0.0010643239636984724,0.00022064159714110915,1.0
2.606,0.0013101059833777484,0.0010796983709752941,0.00022094946518709963,1.0
2.607,0.0013110331200609114,0.0009082828231078632,0.00022116701190605365,1.0
2.6079,0.001312056838554784,0.0014402946931325038,0.0002215285153118343,1.0
2.6089,0.0013133919594314615,0.0014004524755340632,0.00022186367647530992,1.0
2.6099,0.0013156696986588443,0.0012986946037025708,0.00022200829943544488,1.0
2.6108,0.0013173599406004189,0.0007514321913743205,0.000222060024259877,1.0
2.6118,0.0013189976204282979,0.0015078672589288209,0.00022276963926949476,1.0
2.6128,0.0013212739087345193,0.001271503798607328,0.0002240495663377495,1.0
2.6137,0.0013226616321468413,0.0012887402978883475,0.00022533756180622945,1.0
2.6147,0.0013229999999999275,0.0012249361623707332,0.0002263817460048434,1.0
2.6157,0.0013229999999998905,0.0015480009082125775,0.00022707023003601653,1.0
2.6166,0.0013230000000000594,0.00146232243766905,0.00022740224828550197,1.0
2.6176,0.001322999999999995,0.00120455877314208,0.00022729562217302886,1.0
2.6186,0.001322999999999917,0.0013413629241670454,0.00022686923034354465,1.0
2.6196,0.0013229999999998334,0.0012538706592531768,0.00022654248559393454,1.0
2.6205,0.0013229999999998837,0.0011834870634145392,0.0002266035039825476,1.0
2.6215,0.0013229999999999247,0.0015387776730843227,0.000227360524252856,1.0
2.6225,0.0013243650575188784,0.0015540336786726257,0.00022854806234919565,1.0
2.6234,0.001327121775338341,0.0016207676641788935,0.00022915966263023298,1.0
2.6244,0.0013322306402983538,0.0014023647695103727,0.00022895367424638477,1.0
2.6254,0.0013408821537653096,0.001275910344411066,0.00022833207170348246,1.0
2.6264,0.001353365527177016,0.0014562590396810155,0.00022734309230616233,1.0
2.6273,0.001363894361997184,0.0013705674552829733,0.00022618010078271156,1.0
2.6283,0.0013707217646013565,0.0017136327338798532,0.0002253399969488418,1.0
2.6293,0.0013775566115673207,0.0013212241557511515,0.00022522057048486688,1.0
2.6302,0.0013841564515619956,0.0012996878771190518,0.0002254210394546297,1.0
2.6312,0.0013915403768759117,0.0012869996662965653,0.00022581631743295483,1.0
2.6322,0.0013983735945577542,0.0014270500944377014,0.00022619989851309897,1.0
2.6331,0.001405272161143344,0.001505225923115313,0.0002267003861558173,1.0
2.6341,0.00140789175435901,0.0009042166387137486,0.00022723743070719404,1.0
2.6351,0.001397663136301976,0.0010215113121060401,0.00022756686402895484,1.0
2.6361,0.0013853023486646917,0.0014757789654791385,0.00022794299241600654,1.0
2.637,0.0013750536527493864,0.001207255373405204,0.00022886530906332436,1.0
2.638,0.0013640067164045807,0.0009655340150825489,0.00023066641337315288,1.0
2.639,0.0013532854332022441,0.0012467065835419832,0.00023276531439742756,1.0
2.6399,0.0013435310684410883,0.0010405341765612815,0.00023356995946769197,1.0
2.6409,0.001336458329741659,0.0011239428085799523,0.00023252755870570017,1.0
2.6419,0.0013373236761764688,0.0013282721011574506,0.000230816484478625,1.0
2.6428,0.001340396220809377,0.0012746380952385155,0.0002294385727839082,1.0
2.6438,0.001343812141974592,0.0011523714147857096,0.0002286839617440938,1.0
2.6448,0.0013472287508153131,0.0014316712855428823,0.00022854814706884413,1.0
2.6458,0.0013506461742983976,0.0014072137426663221,0.00022868993750566923,1.0
2.6467,0.0013539608446265963,0.0017244144384525235,0.00022879489856966837,1.0
2.6477,0.0013554843170201106,0.0015684007070116,0.00022890665013751627,1.0
2.6487,0.001346277921272723,0.001150026142665517,0.00022916087480379118,1.0
2.6496,0.0013345782574976754,0.0014389477393656454,0.000229714568721885,1.0
2.6506,0.0013252326929531274,0.001810956865246563,0.00023091415844465044,1.0
2.6516,0.0013197203460901638,0.0016391562790668366,0.0002322064695906094,1.0
2.6525,0.0013173119131527828,0.0014759071230563035,0.00023315200963300588,1.0
2.6535,0.0013160169930423436,0.0010351055173899114,0.0002337807409863593,1.0
2.6545,0.0013170000000000573,0.001677374516812003,0.00023453328136861988,1.0
2.6555,0.0013167392538152697,0.0013590568281805543,0.00023520189544512805,1.0
2.6564,0.0013160000000001213,0.0012320432329301176,0.00023533027943398472,1.0
2.6574,0.0013164242238988856,0.0016329589667856493,0.00023518337038092003,1.0
2.6584,0.0013186881278350391,0.0016280355642408124,0.00023537043437277334,1.0
2.6593,0.001322939002747368,0.0013052600551211647,0.00023598817323979658,1.0
2.6603,0.0013308133613047428,0.0018993930450401058,0.0002368550063318391,1.0
2.6613,0.0013416553977670395,0.001106662718461106,0.00023784899294844716,1.0
2.6622,0.0013474531552395673,0.0014358296050811872,0.00023861385250248745,1.0
2.6632,0.0013398014680345155,0.0011204030506274279,0.00023899806985665633,1.0
2.6642,0.0013319949827782006,0.001225865710442626,0.00023943311275736345,1.0
2.6651,0.0013260370292923146,0.0012585045878039261,0.00023994549063906988,1.0
2.6661,0.0013206741449795106,0.0014386595271975527,0.000239532898178032,1.0
2.6671,0.001316590605127124,0.0009130519745304488,0.0002375421333136102,1.0
2.6681,0.0013143916644225428,0.0012378456038023818,0.00023514004689492872,1.0
2.669,0.0013146331553014127,0.0014054404406131163,0.00023374988637954664,1.0
2.67,0.0013188614823116682,0.0007494371301864687,0.00023348111478979056,1.0
2.671,0.0013263781625316312,0.0013260649389058318,0.00023417428013971435,1.0
2.6719,0.001335426316124321,0.001670441607439568,0.00023556881074446147,1.0
2.6729,0.001346813868094634,0.0009773182099353738,0.0002378991352586857,1.0
2.6739,0.0013595542914668175,0.0010521702323410956,0.00024066019515133085,1.0
2.6749,0.0013732239853983246,0.0008854021181751337,0.00024278753351347548,1.0
2.6758,0.001385147990598312,0.0012309359953686409,0.00024314896382345106,1.0
2.6768,0.0013899361613279636,0.001130457085114343,0.00024161781865429945,1.0
2.6778,0.0013860377470674334,0.00170596110251382,0.0002393856576061703,1.0
2.6787,0.0013829636551980502,0.0014656527426832513,0.00023779806255058974,1.0
2.6797,0.001379547046357246,0.0013821512658775698,0.0002374555584505474,1.0
2.6807,0.001376129622874358,0.0012424800220427695,0.00023811108963333387,1.0
2.6816,0.0013730543490606615,0.0012564047460515409,0.00023904975950317665,1.0
2.6826,0.001369758768231429,0.001428014749145736,0.00023953773610609666,1.0
2.6836,0.0013667075803925554,0.0012396725406812982,0.00023919648235618083,1.0
2.6846,0.0013610118745878998,0.0010675218962251116,0.00023825953452412236,1.0
2.6855,0.0013558877759688019,0.0010194857530143081,0.00023730702311140992,1.0
2.6865,0.0013501920701637956,0.0014357160689423324,0.00023690379703098904,1.0
2.6875,0.0013452013651876183,0.0016184532100895876,0.00023703884675210508,1.0
2.6884,0.0013403779605003173,0.0011637922744339657,0.00023715893147987873,1.0
2.6894,0.0013355468899459162,0.001353069064792455,0.00023716621724245162,1.0
2.6904,0.0013299914114915685,0.0011094037020561534,0.00023732929623242866,1.0
2.6913,0.0013258910464066282,0.0015325889334650725,0.00023764906685990936,1.0
2.6923,0.0013215014291705707,0.0013343972979017373,0.00023827359733634293,1.0
2.6933,0.0013180876693376622,0.000918938956807983,0.0002390214266626234,1.0
2.6942,0.0013153415970160968,0.001374410540475479,0.00024013776396651545,1.0
2.6952,0.001313531928894401,0.0017152076587044886,0.0002415553290345861,1.0
2.6962,0.0013123930592808199,0.0015297907167481216,0.00024300496767696127,1.0
2.6972,0.001311253918119963,0.0017287447759775723,0.00024411108002238304,1.0
2.6981,0.0013117702958213965,0.00111163361076341,0.0002446789799423937,1.0
2.6991,0.0013147267114382362,0.001218183380958153,0.00024484554707173166,1.0
2.7001,0.0013192866405582193,0.001684476754151154,0.00024469421377807147,1.0
2.701,0.001325510052883142,0.0015956917483337966,0.00024412849067177858,1.0
2.702,0.0013336919474422533,0.0016414271801207952,0.00024327356549809183,1.0
2.703,0.00134349736520014,0.0009285610164052706,0.00024244427589103818,1.0
2.704,0.0013563518797367867,0.0010452912058267689,0.00024189053592394149,1.0
2.7049,0.0013676232766433366,0.0013812898938447952,0.00024179439398782545,1.0
2.7059,0.001363516628760755,0.001377100508314694,0.00024202884918014708,1.0
2.7069,0.0013487113237834764,0.0015160992375695926,0.00024209660427889512,1.0
2.7078,0.001337028411274891,0.001318470893634342,0.00024184704387400334,1.0
2.7088,0.0013254546988797607,0.0012244978794860124,0.00024159110150180453,1.0
2.7098,0.0013174396016462627,0.0014540648378092,0.00024158399614896626,1.0
2.7107,0.0013115260360125674,0.0015162482184837155,0.00024184094265579148,1.0
2.7117,0.001307485278779114,0.0014295995693267194,0.0002421730420701746,1.0
2.7127,0.0013059999999999368,0.001166287764440651,0.0002424877645472051,1.0
2.7136,0.0013064201825429365,0.0013334919531201221,0.00024308450859307666,1.0
2.7146,0.0013070000000001184,0.0012291890145035376,0.00024362985133578025,1.0
2.7156,0.0013076981933175206,0.0016689555855001596,0.000243995385804198,1.0
2.7166,0.0013088370629314352,0.001286133904828153,0.00024413007578448853,1.0
2.7175,0.0013098611733671861,0.0013431031546589172,0.0002441498568123852,1.0
2.7185,0.0013109998848638577,0.0012046642780446535,0.0002440830247573647,1.0
2.7195,0.0013121390260248489,0.0007874222413978975,0.00024389319960835075,1.0
2.7204,0.001313164117296181,0.0013445368795504562,0.00024359762955800416,1.0
2.7214,0.0013146059738193615,0.0014942095106130666,0.00024331749371396975,1.0
2.7224,0.0013173240615272101,0.0012480525202358344,0.00024314189816674816,1.0
2.7234,0.0013213194349282283,0.001257077098995277,0.00024313256429499343,1.0
2.7243,0.0013260233922795651,0.000848345278561326,0.00024327765404983303,1.0
2.7253,0.0013324629177016818,0.0014902736892887572,0.00024350791628324615,1.0
2.7263,0.001340178824613756,0.001453025777285971,0.00024381848827328498,1.0
2.7272,0.0013491700245156625,0.0011022026819574307,0.0002441902468929479,1.0
2.7282,0.0013437269330209849,0.0010913156475338475,0.0002445555185162103,1.0
2.7292,0.001337078096115938,0.0017276321684090777,0.0002449139637001487,1.0
2.7301,0.0013321621118081313,0.001182100715284783,0.0002453126686605117,1.0
2.7311,0.001327954160373011,0.00109365088300292,0.000245673065140792,1.0
2.7321,0.0013250261435309731,0.0014900037995381845,0.00024591291423783847,1.0
2.7331,0.001324625213483978,0.0015333468719904084,0.00024616303023182267,1.0
2.734,0.0013256503047553686,0.0008168825867192059,0.00024659774540778377,1.0
2.735,0.0013275783487376371,0.0012367728996897668,0.0002468003795260569,1.0
2.736,0.0013280000000000613,0.0011872076423234462,0.00024697571818695687,1.0
2.7369,0.0013280000000000438,0.001310269111014002,0.00024722462664904916,1.0
2.7379,0.0013280000000000154,0.0014979467194763773,0.0002475292620552536,1.0
2.7389,0.0013279999999999095,0.0009123638452079898,0.00024785485012401967,1.0
2.7398,0.0013280000000000906,0.0014296091644232835,0.0002481693324237499,1.0
2.7408,0.0013280000000000431,0.0011975493793873393,0.00024842912729359465,1.0
2.7418,0.0013285331091219283,0.001543824824380383,0.00024869513870501677,1.0
2.7428,0.00132698635723647,0.0016809450607987223,0.0002489249964002078,1.0
2.7437,0.0013246081378912183,0.0013788164169385169,0.00024886442858051104,1.0
2.7447,0.0013223303986637594,0.001892255936623741,0.000248644062096879,1.0
2.7457,0.001319078989154668,0.0010981354727418661,0.0002486358280675242,1.0
2.7466,0.001317002476894281,0.0015243375865165536,0.0002489292098175013,1.0
2.7476,0.0013148622541719161,0.0010090761894096028,0.000249398817620006,1.0
2.7486,0.001313448733249519,0.0017041685800982642,0.000249773919101239,1.0
2.7495,0.0013116992753534206,0.00124065899424587,0.00024987732443376834,1.0
2.7505,0.0013109999999999999,0.0014892001848280847,0.0002499167764869627,1.0
2.7515,0.0013115784638736453,0.0012399629831285246,0.0002501786598152786,1.0
2.7525,0.0013119999999999376,0.000885152965500785,0.00025058734338160216,1.0
2.7534,0.0013134831147075664,0.001158833629129321,0.000250941841611977,1.0
2.7544,0.0013157608539348204,0.001133003950446818,0.0002514840794550283,1.0
2.7554,0.001320096482904719,0.0015117954056780031,0.0002520084505719266,1.0
2.7563,0.0013252663271130065,0.001398154717410321,0.00025255966671648505,1.0
2.7573,0.0013300847550914263,0.0018347682863124322,0.00025304797182184983,1.0
2.7583,0.0013234299226035126,0.0012190202879045382,0.00025340997979970406,1.0
2.7592,0.001316268245271363,0.0013245257282882505,0.0002536301703833229,1.0
2.7602,0.0013115443383219356,0.0012601962361266108,0.0002537780464040417,1.0
2.7612,0.0013087518196539618,0.0015012894357602745,0.0002538495164744297,1.0
2.7621,0.0013073508185556366,0.001071470892141902,0.00025379252460489465,1.0
2.7631,0.0013070000000000785,0.001379727840678613,0.00025369860040631403,1.0
2.7641,0.0013060739467335009,0.0016359618391068571,0.000253770980344384,1.0
2.7651,0.0013061298457604663,0.001236726825484341,0.00025410056888274337,1.0
2.766,0.0013081800283026614,0.001032812199285297,0.00025459585413330676,1.0
2.767,0.0013106858701218266,0.0008385391435914553,0.0002551256508452506,1.0
2.768,0.0013144664577058615,0.0014858623887414185,0.0002555957443779368,1.0
2.7689,0.001318958528488275,0.0009926513124593336,0.0002560617016566,1.0
2.7699,0.0013246542342930253,0.0014924275488985919,0.0002565945137450199,1.0
2.7709,0.0013303485823611314,0.0013168400876119046,0.00025709942455578923,1.0
2.7719,0.0013360429304292455,0.001099922598095094,0.0002575132582678734,1.0
2.7728,0.001341163644593182,0.0011915378998933592,0.0002578764151434125,1.0
2.7738,0.0013449142240555302,0.0016162710855192185,0.00025822111615121326,1.0
2.7748,0.0013483316475384002,0.001502333928265331,0.0002589580305753053,1.0
2.7757,0.001351406921351944,0.0019761447867910347,0.00025921288263115413,1.0
2.7767,0.0013548235301925641,0.0017598472539682335,0.000259442161699024,1.0
2.7777,0.001358238728181549,0.0015121775837475294,0.00025968737154116294,1.0
2.7786,0.0013617493279877524,0.0012744666251689163,0.00026004054262452936,1.0
2.7796,0.0013657286048316005,0.0013479201550092572,0.00026056633193268153,1.0
2.7806,0.00136556931445703,0.0010830576724685705,0.00026126436500729385,1.0
2.7816,0.0013598747256894647,0.0009874697701594743,0.0002620218172934063,1.0
2.7825,0.0013546084834456492,0.0016385504824873425,0.0002626977424729753,1.0
2.7835,0.00134793186272929,0.0007707705506327821,0.000263152602500476,1.0
2.7845,0.0013432204803432346,0.001505161158378451,0.00026350933240558866,1.0
2.7854,0.0013384570143921176,0.0012678975287649386,0.0002637739223637637,1.0
2.7864,0.001335359727272924,0.001361171436813227,0.00026382168426435684,1.0
2.7874,0.0013330830324278092,0.0010906645748413606,0.0002636252991668052,1.0
2.7883,0.0013329659165920403,0.0013644134882335294,0.000263314660830056,1.0
2.7893,0.0013364873116390097,0.0012513896800421538,0.0002630855534860155,1.0
2.7903,0.0013425641851404452,0.0014768539408875436,0.00026322555207191923,1.0
2.7912,0.0013518578879458145,0.0013934710090254645,0.00026360740611735287,1.0
2.7922,0.0013632492995553707,0.0010591206812664293,0.0002638318498938806,1.0
2.7932,0.0013756892667870695,0.0013835446571100441,0.00026392978553418787,1.0
2.7942,0.0013882168325367466,0.0013889742081915099,0.0002641867188789816,1.0
2.7951,0.001399492836520011,0.001400481986274538,0.0002650964975442224,1.0
2.7961,0.0014061725444230848,0.0012464217861502265,0.0002656118170622813,1.0
2.7971,0.0013979594182177847,0.0013416599674731576,0.0002662170968335831,1.0
2.798,0.0013877141540460237,0.0013405523330685982,0.0002668274255921166,1.0
2.799,0.00137699291211905,0.0015667310560846049,0.0002675269281323013,1.0
2.8,0.0013667430855961948,0.001266896463665417,0.00026836690148248125,1.0
2.801,0.0013555453501638433,0.0016118468483052278,0.0002695503131287612,1.0
2.8019,0.0013462674376328806,0.0009646765423572522,0.0002708152196726095,1.0
2.8029,0.0013372419915861494,0.0013177307584376324,0.00027254713282730974,1.0
2.8039,0.0013317414695895539,0.0009428848594795756,0.000273965243434083,1.0
2.8048,0.0013353612390052034,0.001301843068269736,0.0002751816012489697,1.0
2.8058,0.0013410555870734231,0.0016486755325272498,0.00027689086228628894,1.0
2.8068,0.0013467499351414675,0.0010262416248642352,0.000282296856475561,1.0
2.8077,0.0013524465443476579,0.0011946199553517262,0.00028689664870812804,1.0
2.8087,0.001359278483049591,0.0010095896378555305,0.0003352170900878956,1.0
