Wavelength_um,Model_Depth,Transit_Depth,Error,Num_Transits
0.8309,0.0017500000000000497,0.0017792610543156278,9.720453208604235e-05,1.0
0.8318,0.0017505694578340422,0.001942899299909583,9.015640905531284e-05,1.0
0.8328,0.0017509999999999833,0.001661965927044394,8.96737336394706e-05,1.0
0.8338,0.001750999999999986,0.0017910448487930776,8.799774594782635e-05,1.0
0.8348,0.0017509999999998655,0.0015741527177422494,8.547650560726201e-05,1.0
0.8357,0.0017549693320368185,0.0019393005793754837,8.337234076721325e-05,1.0
0.8367,0.0017518507719582106,0.0016625656228169076,8.227526001884972e-05,1.0
0.8377,0.0017509999999999219,0.0017466014503555753,8.167325554113159e-05,1.0
0.8386,0.0017525602498717724,0.0017312739546862582,8.099182078868083e-05,1.0
0.8396,0.001753744723191837,0.0018397804869477175,8.028107710268316e-05,1.0
0.8406,0.0017509999999999496,0.0018283176337254993,7.974198837282854e-05,1.0
0.8415,0.0017633003249287278,0.001787054346213959,7.943819357625178e-05,1.0
0.8425,0.0017559380798686025,0.001845465430643459,7.899267472197887e-05,1.0
0.8435,0.001751891820182005,0.0016748504305841745,7.832517271005296e-05,1.0
0.8445,0.0017509999999999013,0.001733804164297865,7.778232295054118e-05,1.0
0.8454,0.0017509999999998909,0.0018712264888576782,7.76919530726659e-05,1.0
0.8464,0.0017509999999999056,0.0016996812114451702,7.80197022904641e-05,1.0
0.8474,0.0017509999999999846,0.0016879386903282884,7.838687422812989e-05,1.0
0.8483,0.0017509999999999954,0.0019543388581656413,7.944148740091896e-05,1.0
0.8493,0.0017510000000000164,0.0016930862039883675,8.235685416113301e-05,1.0
0.8503,0.001750999999999831,0.0017032085906785455,8.355459503910235e-05,1.0
0.8512,0.0017509999999999672,0.0017817162994530626,8.046769364174829e-05,1.0
0.8522,0.0017509999999999807,0.0017924776125926804,7.73542672988075e-05,1.0
0.8532,0.0017519374498361022,0.0017016255127868768,7.656198531033999e-05,1.0
0.8542,0.0017519236839051546,0.0017621485757077322,7.690790375255981e-05,1.0
0.8551,0.0017509999999999427,0.0016925706606095636,7.658299700541156e-05,1.0
0.8561,0.0017509999999999794,0.0018248229053154552,7.533227461812989e-05,1.0
0.8571,0.001751000000000016,0.0017507253199760004,7.421674385297651e-05,1.0
0.858,0.0017509999999999514,0.0018141981373347832,7.359528999932012e-05,1.0
0.859,0.0017509999999998718,0.0017753343955445012,7.31984780091286e-05,1.0
0.86,0.001750999999999975,0.0017692995691115936,7.287065638469663e-05,1.0
0.861,0.0017509999999999373,0.001784491919690223,7.271250257856353e-05,1.0
0.8619,0.001750999999999933,0.0018053591241041726,7.270979408182541e-05,1.0
0.8629,0.0017509999999999915,0.0016617487950941223,7.280013323962446e-05,1.0
0.8639,0.0017509999999999195,0.0016997597619384912,7.319222400120943e-05,1.0
0.8648,0.0017509999999998822,0.0017130924204266293,7.43406706917825e-05,1.0
0.8658,0.0017509999999999453,0.001773386938001075,7.591525813410702e-05,1.0
0.8668,0.0017509999999999444,0.0019105385318677834,7.60728207674945e-05,1.0
0.8677,0.0017509999999999366,0.0018632540108889527,7.469957813478643e-05,1.0
0.8687,0.0017509999999998978,0.0016481206913907945,7.359456930377148e-05,1.0
0.8697,0.0017517266680993247,0.0018099522985237939,7.239023122575313e-05,1.0
0.8707,0.00175199999999982,0.0017214308139579181,7.110163196870142e-05,1.0
0.8716,0.0017519999999999266,0.001886612003928824,7.044684583696005e-05,1.0
0.8726,0.001751999999999925,0.0017766101500966212,7.041443018199492e-05,1.0
0.8736,0.0017518325670802435,0.0017956335862376555,7.074166103116085e-05,1.0
0.8745,0.0017511924563040526,0.0016691993766979746,7.073455220467251e-05,1.0
0.8755,0.0017516685383084983,0.001803909464586867,7.002724076068114e-05,1.0
0.8765,0.0017509999999999006,0.0018072780817809326,6.93400244156081e-05,1.0
0.8774,0.001751494858955387,0.0017816744287969665,6.918038245232325e-05,1.0
0.8784,0.0017520000000000183,0.0017854003816741705,6.942630694332497e-05,1.0
0.8794,0.001751999999999998,0.0017244175800146932,6.971995466551175e-05,1.0
0.8803,0.0017512027501038394,0.0017286986536768436,6.945382847632143e-05,1.0
0.8813,0.0017519361873965928,0.0016275144136681588,6.89355408051672e-05,1.0
0.8823,0.0017520751072402317,0.0017084782761948546,6.85859187593967e-05,1.0
0.8833,0.0017530000000000477,0.001778024314955051,6.81556728757256e-05,1.0
0.8842,0.0017527619852835187,0.0018839568617659366,6.750545902839392e-05,1.0
0.8852,0.0017523770201037794,0.0018826041451432225,6.685520539875911e-05,1.0
0.8862,0.0017540319152084137,0.0015698201661908469,6.640522228877071e-05,1.0
0.8871,0.0017566210966142187,0.0017789941219441248,6.610022264839636e-05,1.0
0.8881,0.0017600365422712023,0.0018191633038842935,6.588421926089039e-05,1.0
0.8891,0.001766724494469223,0.001728031125240337,6.572757397809531e-05,1.0
0.89,0.0017679999999999944,0.0017324960722749885,6.565444827981093e-05,1.0
0.891,0.0017787992038987316,0.0017228297818051555,6.562305563889013e-05,1.0
0.892,0.0017848793861770934,0.0018275764638569993,6.559718785545068e-05,1.0
0.893,0.0017842585497446614,0.0017296669772995813,6.56102395715168e-05,1.0
0.8939,0.0017776270986483889,0.0017266574410119762,6.549780787787183e-05,1.0
0.8949,0.0017577322644513195,0.0016988740080867088,6.512734218083484e-05,1.0
0.8959,0.0017582460640666116,0.0018030232728095297,6.463549662324012e-05,1.0
0.8968,0.0017588269211980842,0.001843669055590943,6.426402865895654e-05,1.0
0.8978,0.0017608988774704864,0.0018270014228611384,6.402210961413002e-05,1.0
0.8988,0.001790490330107391,0.0018095564400728882,6.385632999147298e-05,1.0
0.8998,0.0017819863149777513,0.0017085517384609202,6.376880621569025e-05,1.0
0.9007,0.0017756450451218578,0.0018068938178635314,6.37959181625714e-05,1.0
0.9017,0.0017620021423478517,0.0016543052568206299,6.3971964304809e-05,1.0
0.9027,0.0017563902003143277,0.0017191751503923137,6.39159094459822e-05,1.0
0.9036,0.0017559873946239592,0.0017575293088333862,6.343567788471646e-05,1.0
0.9046,0.001769703423215456,0.0018473214596830163,6.297344172809716e-05,1.0
0.9056,0.0017678231392732645,0.0017396709853900727,6.279294229349717e-05,1.0
0.9065,0.0017554716087463146,0.0017936558306163876,6.291010732679913e-05,1.0
0.9075,0.001755540451900386,0.0017447207551683824,6.322196645792635e-05,1.0
0.9085,0.001763271213991977,0.001779916932294779,6.326673698423324e-05,1.0
0.9095,0.0017562870354967206,0.0016984495107888852,6.289984811646464e-05,1.0
0.9104,0.0017621457252676932,0.001694067578128904,6.246614030686828e-05,1.0
0.9114,0.0017627287918732853,0.0016743697546384984,6.213864110757171e-05,1.0
0.9124,0.0017615040642541212,0.001715934943230334,6.193105342998861e-05,1.0
0.9133,0.0017631290306012975,0.0017839464540688,6.18594669712772e-05,1.0
0.9143,0.0017549999999999831,0.0017677145237840351,6.179924882963429e-05,1.0
0.9153,0.0017563052656830419,0.0017229589100399346,6.158933666402107e-05,1.0
0.9162,0.0017570000000001133,0.0017273167745127447,6.134001450716694e-05,1.0
0.9172,0.0017537333535475313,0.0017323240921546432,6.13075559114568e-05,1.0
0.9182,0.0017520454880298466,0.0018234233017017155,6.154767693448743e-05,1.0
0.9192,0.0017655056374098522,0.0017862800446719863,6.171431659582951e-05,1.0
0.9201,0.0017511184210460698,0.001804555595415489,6.142689246794388e-05,1.0
0.9211,0.0017653861745429542,0.0018040796203304611,6.101139770407034e-05,1.0
0.9221,0.0017834125235844066,0.0017143656876287836,6.092106852188872e-05,1.0
0.923,0.001751579751633859,0.0018499229567205783,6.118716917865224e-05,1.0
0.924,0.0017509999999998696,0.0018327453631547669,6.168679530777712e-05,1.0
0.925,0.001752396382507851,0.0017338671180387667,6.203556647662067e-05,1.0
0.9259,0.0017515535707233305,0.0017629115702615236,6.171986054795895e-05,1.0
0.9269,0.001750137779974461,0.0016354852793926467,6.103251884750357e-05,1.0
0.9279,0.0017510001857380846,0.001735182449950343,6.0863039894804904e-05,1.0
0.9288,0.0017610500839162773,0.0017589500319894972,6.11724497525494e-05,1.0
0.9298,0.0017610322464962336,0.0017661254369595542,6.112840981367379e-05,1.0
0.9308,0.0017510000000000479,0.0017175947324282314,6.062981187342187e-05,1.0
0.9318,0.0017695607385482814,0.0018060579579093365,6.006386267485596e-05,1.0
0.9327,0.0017752762487365753,0.0017951236879423034,5.953667423991892e-05,1.0
0.9337,0.0017586288729951021,0.001721958710917752,5.909248950477652e-05,1.0
0.9347,0.001755793752335751,0.0017549559561262403,5.876719656409678e-05,1.0
0.9356,0.0017509249077970863,0.0017635215714207181,5.856406936775251e-05,1.0
0.9366,0.0017536311137519066,0.0017358847742384856,5.84527671484614e-05,1.0
0.9376,0.0017870884602747994,0.001722585586448284,5.844453421664869e-05,1.0
0.9385,0.0017670115948114902,0.00180999477221381,5.8624920132379774e-05,1.0
0.9395,0.0017764205522037304,0.001778525330687791,5.898287375736688e-05,1.0
0.9405,0.0018233573280977114,0.0017793288612971915,5.932494598496542e-05,1.0
0.9415,0.0017749366341461212,0.0017967582505832573,5.936092229944197e-05,1.0
0.9424,0.0017739397087922367,0.0017837047095383904,5.914509493709298e-05,1.0
0.9434,0.0017659585233007163,0.0018372115838414314,5.889327028055144e-05,1.0
0.9444,0.001755845914188891,0.0016326548920024503,5.8585701135179296e-05,1.0
0.9453,0.0017509999999999653,0.001739093449431544,5.829815928364112e-05,1.0
0.9463,0.0018434736744873676,0.0018678382364827096,5.8095812133107074e-05,1.0
0.9473,0.0017499999999999855,0.0018358149451795835,5.8130123445264916e-05,1.0
0.9482,0.0017501161587830376,0.0018064003756153866,5.8476174856331685e-05,1.0
0.9492,0.0017509999999999564,0.0018738506907370342,5.883939458331429e-05,1.0
0.9502,0.0017509999999999078,0.001847994484415572,5.868019346943858e-05,1.0
0.9512,0.0017504669608288624,0.0018067418017718932,5.7998557731129106e-05,1.0
0.9521,0.0017639515638893952,0.0018040731800823457,5.734089470264882e-05,1.0
0.9531,0.0017701260755664853,0.0017882049042259893,5.706432537679264e-05,1.0
0.9541,0.0017538072696502802,0.0016954731784570908,5.7153276628029626e-05,1.0
0.955,0.001750999999999967,0.0017087655463260169,5.729799102596648e-05,1.0
0.956,0.001751998827376059,0.0017394579389383492,5.7251748294909595e-05,1.0
0.957,0.0017518260557414572,0.0016966971988683975,5.714568424119069e-05,1.0
0.958,0.0017578268939345742,0.001776510946854952,5.71427662412952e-05,1.0
0.9589,0.0017584967265204996,0.0017723141087824924,5.697901313847513e-05,1.0
0.9599,0.0017558793201662838,0.001763731906377322,5.656714266108918e-05,1.0
0.9609,0.0017546856096653295,0.0017842068936851161,5.61765401026601e-05,1.0
0.9618,0.001752999999999887,0.0017689192411650832,5.596336760437015e-05,1.0
0.9628,0.0017693191930359803,0.0018290261082772282,5.58895481533899e-05,1.0
0.9638,0.0017732391501929649,0.001842049158816207,5.593192949293621e-05,1.0
0.9647,0.0017539855859533128,0.0017370791232075192,5.61201774388663e-05,1.0
0.9657,0.0017519999999998995,0.001766166484793245,5.643346963715044e-05,1.0
0.9667,0.0017521833911755746,0.0018071993142089213,5.656113127508675e-05,1.0
0.9677,0.0017571855056987924,0.0018331688364458026,5.621234194603182e-05,1.0
0.9686,0.0017625378689168324,0.0017307776184375694,5.571292743018532e-05,1.0
0.9696,0.0017550295630088515,0.0016660235465260132,5.536229899041571e-05,1.0
0.9706,0.0017533758440038594,0.0017102063500116784,5.52362453492411e-05,1.0
0.9715,0.001752350820619491,0.0017633512019354597,5.529991910395933e-05,1.0
0.9725,0.0017527872880843177,0.0017673214243951784,5.542926731311672e-05,1.0
0.9735,0.0017567039332639918,0.0016965721901293378,5.559556686133414e-05,1.0
0.9744,0.0017560489932995555,0.0018367022582361568,5.596762212083926e-05,1.0
0.9754,0.0017531798884016484,0.0017205609132673243,5.626457519116837e-05,1.0
0.9764,0.0017563736975284028,0.001738359925998302,5.58527191715811e-05,1.0
0.9773,0.0017594778957692467,0.0016573311337803802,5.5033314048201954e-05,1.0
0.9783,0.001754216456958505,0.0016681650889201483,5.451135572697769e-05,1.0
0.9793,0.0017572462152641273,0.0017719448744302928,5.4357731531926114e-05,1.0
0.9803,0.001775733716986516,0.001711060135023137,5.423873332008749e-05,1.0
0.9812,0.001763547341800542,0.0018150521809708693,5.407388547439582e-05,1.0
0.9822,0.0017591687159004938,0.0018110534719049075,5.398206734359064e-05,1.0
0.9832,0.0017551421294792848,0.00175089516020125,5.396508705678083e-05,1.0
0.9841,0.0017559965651127625,0.001714642193265436,5.390445648629001e-05,1.0
0.9851,0.0017557289947736324,0.0017871314832842587,5.379647672122467e-05,1.0
0.9861,0.0017542745080004302,0.001753473649963023,5.3796078388552225e-05,1.0
0.987,0.0017576927155895108,0.0017732692203020635,5.3931299593912615e-05,1.0
0.988,0.0017640000000000613,0.0017065924037723138,5.3946996292638756e-05,1.0
0.989,0.0017576603114751396,0.0017251355215072482,5.380657177891755e-05,1.0
0.99,0.001763013819492551,0.0017713794358355192,5.3655747108040825e-05,1.0
0.9909,0.0017573761493317633,0.0017611727741978166,5.345135189095463e-05,1.0
0.9919,0.0017531206984075227,0.001671607451838778,5.321500055585303e-05,1.0
0.9929,0.0017581368011268298,0.0017178051671360916,5.307211883074175e-05,1.0
0.9938,0.001765536641222967,0.0016743020903706633,5.3016297384097e-05,1.0
0.9948,0.0017553621220512097,0.001729954998814242,5.301579660773256e-05,1.0
0.9958,0.0017570000000000764,0.0018059903290688563,5.309524659658741e-05,1.0
0.9968,0.0017565409960865876,0.0018072809175982566,5.311855590908396e-05,1.0
0.9977,0.0017555165233590034,0.0017840491592757564,5.313038440847938e-05,1.0
0.9987,0.0017556218937328616,0.0017267611263101627,5.335318181244585e-05,1.0
0.9997,0.0017544783375333152,0.0017859985992127925,5.361499688558986e-05,1.0
1.0006,0.0017532141453823161,0.0016708825261028525,5.360761220061306e-05,1.0
1.0016,0.001754849720009776,0.001713815062440168,5.343053746603123e-05,1.0
1.0026,0.0017638122280008665,0.0017881691108659547,5.317574684092648e-05,1.0
1.0035,0.0017610000000000592,0.0017877105897252297,5.283303292380231e-05,1.0
1.0045,0.0017612266873249347,0.0018057439701043162,5.2549506053571465e-05,1.0
1.0055,0.001760537772246107,0.0018283879638350035,5.2409970577422434e-05,1.0
1.0065,0.0017569908753484263,0.0018160678106449702,5.232814283930303e-05,1.0
1.0074,0.0017559999999999408,0.001686581695763252,5.232319430360136e-05,1.0
1.0084,0.0017560000000000032,0.0017403292921221595,5.24153175432788e-05,1.0
1.0094,0.001755193610354224,0.0017722389227423393,5.2382397487182865e-05,1.0
1.0103,0.001754999999999993,0.0017215832612757498,5.2131973923795336e-05,1.0
1.0113,0.0017549999999999799,0.0016703152187411618,5.1828720630296144e-05,1.0
1.0123,0.0017540000000000817,0.0017954317985811271,5.168472698660168e-05,1.0
1.0132,0.0017542666164736672,0.0017843487264477453,5.181986812785571e-05,1.0
1.0142,0.0017562721778504346,0.0017482200021295888,5.2188603036356747e-05,1.0
1.0152,0.0017590559161888848,0.0017537787701589866,5.246772961066671e-05,1.0
1.0162,0.0017586996828917872,0.0017023046089366957,5.233227236257985e-05,1.0
1.0171,0.0017548497117548926,0.0017262220049895686,5.195612447874441e-05,1.0
1.0181,0.0017540000000000147,0.0017907869198897672,5.169080410956618e-05,1.0
1.0191,0.001754851880171184,0.0017478223812462067,5.155335293199854e-05,1.0
1.02,0.0017549999999998999,0.0017185248265996463,5.1469017156654256e-05,1.0
1.021,0.0017539840231703258,0.0019441500958252106,5.1478554779052176e-05,1.0
1.022,0.0017533093405627251,0.0017733863724176194,5.149613450142704e-05,1.0
1.0229,0.0017548212012374962,0.0016513645577993265,5.130843313331159e-05,1.0
1.0239,0.0017536821958503163,0.0017129586215367996,5.098758927680376e-05,1.0
1.0249,0.0017534566737632048,0.0018074123048909827,5.0743730201072336e-05,1.0
1.0258,0.0017544817650345284,0.0017300476958600562,5.062516532389359e-05,1.0
1.0268,0.0017562415408436023,0.0017858700651173067,5.056625148111622e-05,1.0
1.0278,0.0017554824483479974,0.0016772188006738643,5.052520264770489e-05,1.0
1.0288,0.0017532049870588855,0.0018080588005649277,5.0483444823944685e-05,1.0
1.0297,0.0017530000000000297,0.0017691064366707945,5.048367623000232e-05,1.0
1.0307,0.0017530614673553276,0.0017087165241085483,5.059221407573446e-05,1.0
1.0317,0.0017542004727426886,0.0016868843421481297,5.0854605609123306e-05,1.0
1.0326,0.0017547746926005084,0.0017865645961677482,5.129675585842188e-05,1.0
1.0336,0.0017540000000000095,0.0017840231825797055,5.157508776469033e-05,1.0
1.0346,0.0017540000000000025,0.0017618339833693096,5.129405277454007e-05,1.0
1.0356,0.0017533588303237468,0.0016689258108003582,5.074034230887261e-05,1.0
1.0365,0.0017523337390525442,0.00176270376614398,5.035070908000299e-05,1.0
1.0375,0.0017519999999999513,0.0018280898727856707,5.017826850902534e-05,1.0
1.0385,0.0017519999999999604,0.0017637515130551732,5.0124377644503786e-05,1.0
1.0394,0.0017519999999999361,0.00181024916168235,5.010495121843583e-05,1.0
1.0404,0.0017518929063453908,0.0017230912149195459,5.0053962168934116e-05,1.0
1.0414,0.0017509999999999009,0.0017147140714446744,4.997840291995019e-05,1.0
1.0423,0.001750999999999907,0.0017306310048821908,4.9935087428433364e-05,1.0
1.0433,0.0017509999999998933,0.001790908761600983,4.9920190629177655e-05,1.0
1.0443,0.0017515477905881648,0.0017039811105110517,4.985679471023528e-05,1.0
1.0452,0.001751999999999976,0.0017484738916415483,4.972495048146686e-05,1.0
1.0462,0.0017541356617399246,0.0017547829203305354,4.959878239136747e-05,1.0
1.0472,0.0017558507568602422,0.0016924552553652919,4.949092575143377e-05,1.0
1.0482,0.001751056818809054,0.0017913913500301238,4.937431226762678e-05,1.0
1.0491,0.001750999999999997,0.0016573177667025382,4.9283112357656005e-05,1.0
1.0501,0.0017510000000000104,0.0017995794321951373,4.9246228004334714e-05,1.0
1.0511,0.0017509999999999186,0.001722789339071517,4.924573335519434e-05,1.0
1.052,0.0017506836794353785,0.0017301944522545474,4.928483815021111e-05,1.0
1.053,0.0017500000000000486,0.0017409120805399916,4.9332885697552946e-05,1.0
1.054,0.0017505934168874436,0.0017605649637645728,4.925391715003924e-05,1.0
1.0549,0.0017516185081586691,0.0017671390841076395,4.908592387792054e-05,1.0
1.0559,0.001750485244455526,0.0016826786956900873,4.901201652073811e-05,1.0
1.0569,0.0017500000000000915,0.0017655402569529107,4.917086000325091e-05,1.0
1.0579,0.0017500341138210586,0.0017514384094710418,4.961669133019396e-05,1.0
1.0588,0.0017509999999999544,0.001834847349169655,4.999504775911173e-05,1.0
1.0598,0.001750801789520477,0.0017715366922319677,4.994409023209276e-05,1.0
1.0608,0.0017500000000000872,0.001747609015547151,4.968190359319481e-05,1.0
1.0617,0.0017500000000000694,0.0016906181013012392,4.936427132149914e-05,1.0
1.0627,0.0017500000000000284,0.001735432393582475,4.9071763419457016e-05,1.0
1.0637,0.001750000000000039,0.0017255963833136736,4.892367393704533e-05,1.0
1.0647,0.0017499999999999647,0.0017500440852483237,4.892764724951771e-05,1.0
1.0656,0.0017508030040714417,0.001690103132430432,4.9036132447612634e-05,1.0
1.0666,0.0017500581263148482,0.001724000196063744,4.923938978547888e-05,1.0
1.0676,0.001749999999999988,0.0016552461998801697,4.9632717007739845e-05,1.0
1.0685,0.0017499999999999905,0.0018529114878003833,5.020000252644533e-05,1.0
1.0695,0.001750000000000057,0.0018082136867328712,5.0502588292939264e-05,1.0
1.0705,0.0017500000000000083,0.0016806108579342947,5.0149582079239054e-05,1.0
1.0714,0.0017500000000000172,0.0016774876086549358,4.950494811296637e-05,1.0
1.0724,0.0017499999999999853,0.00178311975053475,4.9082322463556856e-05,1.0
1.0734,0.001749999999999851,0.0018206912890027704,4.924602229000577e-05,1.0
1.0743,0.0017499999999999942,0.0017594222140648154,4.992607183848608e-05,1.0
1.0753,0.0017499999999999875,0.001801083954528949,5.026435571846475e-05,1.0
1.0763,0.0017499999999998443,0.0018039248900667045,4.963499473884521e-05,1.0
1.0773,0.001750000000000068,0.0017344648416484604,4.8855424653439575e-05,1.0
1.0782,0.0017499999999999666,0.0018266454506181925,4.861716571267203e-05,1.0
1.0792,0.0017499999999998877,0.0017848414508784916,4.8634302483557274e-05,1.0
1.0802,0.0017500000000000191,0.0016964874407307175,4.855737593282177e-05,1.0
1.0811,0.0017500000000000636,0.001639122003381129,4.847474143691918e-05,1.0
1.0821,0.0017499999999999903,0.001739889551581217,4.836482479317425e-05,1.0
1.0831,0.0017499999999999643,0.0016769813011187594,4.818560566334323e-05,1.0
1.0841,0.0017500000000000096,0.0017476286097683517,4.801851397769137e-05,1.0
1.085,0.001749999999999985,0.0017752932817781673,4.791115366882356e-05,1.0
1.086,0.0017499999999999944,0.0017080192067731913,4.78847879599507e-05,1.0
1.087,0.001749999999999973,0.0017790086849342182,4.7912640462980466e-05,1.0
1.0879,0.0017503918964326107,0.001781364820681403,4.7917030139261945e-05,1.0
1.0889,0.001751665182170109,0.0016714935392617718,4.7841616682465806e-05,1.0
1.0899,0.0017505261767828846,0.001755502676326244,4.771534589550195e-05,1.0
1.0908,0.0017504989144883664,0.001779428056695748,4.762081267157442e-05,1.0
1.0918,0.0017567400569177142,0.0017576442878182452,4.7597916765765006e-05,1.0
1.0928,0.0017537927538422958,0.001734020231074405,4.766168166578003e-05,1.0
1.0938,0.001751085479849311,0.0017323671490858327,4.778839378640144e-05,1.0
1.0947,0.0017519396114218748,0.0017496722517422497,4.79741975262401e-05,1.0
1.0957,0.001759449682335624,0.0017695156817620632,4.8134082567277204e-05,1.0
1.0967,0.001752565027154381,0.0017856395078256358,4.822504529161229e-05,1.0
1.0976,0.0017509999999999468,0.001723924350821281,4.839343462801362e-05,1.0
1.0986,0.0017509999999998991,0.0017221935771518063,4.8572647108374123e-05,1.0
1.0996,0.0017520386274853905,0.0017869993604122873,4.87039068593626e-05,1.0
1.1005,0.0017584440501394079,0.0018239003857173281,4.896439201712369e-05,1.0
1.1015,0.0017561658959876615,0.001837526922050711,4.922971983395718e-05,1.0
1.1025,0.0017521786554572445,0.0018007510219506834,4.924190113836156e-05,1.0
1.1034,0.0017596160910047928,0.0016738108855686778,4.8854359847277285e-05,1.0
1.1044,0.0018053356974520806,0.001824933788404885,4.828240535310783e-05,1.0
1.1054,0.0017706348193175154,0.0018388464831328778,4.794352422408698e-05,1.0
1.1064,0.0017599475491118209,0.0017751924977809615,4.775151398566097e-05,1.0
1.1073,0.001756712123883868,0.0017986467006173123,4.7466157170519244e-05,1.0
1.1083,0.0017572778039639998,0.0017468719850497018,4.7260443940398573e-05,1.0
1.1093,0.0017573051798738884,0.0016553046806383222,4.725180669273965e-05,1.0
1.1102,0.0017554099686865562,0.0017434317591554678,4.730745211975886e-05,1.0
1.1112,0.001757186702780448,0.0016919025783549502,4.7364520504355304e-05,1.0
1.1122,0.0017562641873718257,0.0018453968885670609,4.7355778878725455e-05,1.0
1.1132,0.0017559999999999865,0.0017204824108169345,4.714588234053131e-05,1.0
1.1141,0.001756276554220579,0.0016870191067698565,4.6871048323600295e-05,1.0
1.1151,0.0017672065372423365,0.001770447511235435,4.67078085850863e-05,1.0
1.1161,0.0017807774292287405,0.001831963450198069,4.665456889607065e-05,1.0
1.117,0.00178966651911294,0.0017619991125516089,4.665232807563199e-05,1.0
1.118,0.0017907559514143399,0.0017762491213554402,4.664294465449982e-05,1.0
1.119,0.001785389569432426,0.0017391396386460928,4.660958003383363e-05,1.0
1.1199,0.001795168349420276,0.001754900685107838,4.656576945813933e-05,1.0
1.1209,0.0017707934381837331,0.0018091701624327258,4.650866597545671e-05,1.0
1.1219,0.0017610866031602713,0.0017462201859527989,4.6507226408274324e-05,1.0
1.1228,0.0017703742043383938,0.0017777347624069863,4.665436492564301e-05,1.0
1.1238,0.0017766945818160705,0.0018589671242930012,4.710589600888424e-05,1.0
1.1248,0.001771708655042394,0.0017709530348128885,4.7881935602581104e-05,1.0
1.1258,0.0017655830818122452,0.0018045529990578018,4.8256988069253864e-05,1.0
1.1267,0.0017633793208180802,0.0016864818131741635,4.7718217587432494e-05,1.0
1.1277,0.0017655528027271568,0.0016827910305662673,4.696640750308917e-05,1.0
1.1287,0.0017683121137336405,0.0018616283414320672,4.663249901873477e-05,1.0
1.1296,0.0017655942593099256,0.001786962012300415,4.659811167179345e-05,1.0
1.1306,0.0017598999112417577,0.0017082366997383856,4.6604232902411166e-05,1.0
1.1316,0.0017551639074441792,0.0017379242036625379,4.658549739581915e-05,1.0
1.1326,0.001776579890614072,0.001771776387606988,4.66244343434289e-05,1.0
1.1335,0.0018113402957872465,0.0017751366761318012,4.6659394038567713e-05,1.0
1.1345,0.0018066532247625537,0.0018047566029544208,4.6609474464376215e-05,1.0
1.1355,0.0017656002799275952,0.0017854199546053129,4.6488581967123824e-05,1.0
1.1364,0.0017751954722480129,0.0018502139835975737,4.638418276824856e-05,1.0
1.1374,0.001785620948192566,0.0017157193808737456,4.6390697628038746e-05,1.0
1.1384,0.001778790715645596,0.001869286688794318,4.6550241726629246e-05,1.0
1.1393,0.0017748200840092144,0.0018023976948492591,4.675730250446979e-05,1.0
1.1403,0.0017714030678473362,0.0016913737038357299,4.685270066663026e-05,1.0
1.1413,0.0017659819453420766,0.0018335398324847581,4.69683267632604e-05,1.0
1.1422,0.0017621774275327555,0.0017251998399952736,4.7137812576203196e-05,1.0
1.1432,0.0017685024141124279,0.0017664505663121707,4.706653522824163e-05,1.0
1.1442,0.0017734507278754747,0.0017129579877075418,4.6689940600800894e-05,1.0
1.1452,0.0018017126649583766,0.0018637089765929527,4.631780419223458e-05,1.0
1.1461,0.0018060076802108272,0.0018440095698393248,4.624371832418993e-05,1.0
1.1471,0.0017741255419476292,0.0017557943758479957,4.657351082236645e-05,1.0
1.1481,0.001772494922642331,0.0018911630730858086,4.706741491179787e-05,1.0
1.149,0.0017822671795543258,0.0018363480806180804,4.7158148685078984e-05,1.0
1.15,0.0017977558840705915,0.0017522683496293669,4.6726772903724745e-05,1.0
1.151,0.0017743008397825555,0.0017644245488498784,4.628224060876088e-05,1.0
1.1519,0.001780976893419558,0.0017694949927554245,4.605172980223726e-05,1.0
1.1529,0.0017940648094820946,0.0017677334873825994,4.587513731708397e-05,1.0
1.1539,0.0018046873783901947,0.0017868223771932018,4.5721723443149385e-05,1.0
1.1549,0.0018287800855354638,0.0018267412624984318,4.5649998918780723e-05,1.0
1.1558,0.0018451274253479897,0.0019673971559403367,4.566678456414027e-05,1.0
1.1568,0.0018417957308862886,0.0018676966896960716,4.587777416757969e-05,1.0
1.1578,0.0018197632978350625,0.0017450118761852776,4.6686289189294676e-05,1.0
1.1587,0.001825630821349656,0.0017998000830261175,4.819941557694803e-05,1.0
1.1597,0.0018193891521183774,0.0017702770451276282,4.93292760546016e-05,1.0
1.1607,0.001790582023212306,0.0017497103121921153,4.881644257465214e-05,1.0
1.1617,0.0018135921847402447,0.0017813392670486155,4.764044844436511e-05,1.0
1.1626,0.001800698186637814,0.0018100458587471454,4.718692824706277e-05,1.0
1.1636,0.0017758076265722564,0.0017551281729007795,4.7409610066828346e-05,1.0
1.1646,0.001772927073606928,0.0017905871012778261,4.726814998475929e-05,1.0
1.1655,0.0017983930599847152,0.0016925391279119888,4.649064419470611e-05,1.0
1.1665,0.0017839787959315105,0.001739271481138114,4.581814494372901e-05,1.0
1.1675,0.00176732305102734,0.0017852138324235744,4.561271072768528e-05,1.0
1.1684,0.0017739070543014643,0.0018426939072503676,4.5740164372995594e-05,1.0
1.1694,0.0017880247654143869,0.0017512629803192162,4.585425422588282e-05,1.0
1.1704,0.0017985762296342017,0.0017450210531137467,4.570489324286403e-05,1.0
1.1713,0.001796665392239194,0.001820368777707796,4.549355450005796e-05,1.0
1.1723,0.0018036584452866835,0.0018160656982788997,4.543127014434158e-05,1.0
1.1733,0.0018093414953488818,0.00185346350834505,4.548737753008375e-05,1.0
1.1743,0.001801926323944931,0.0017935581415841593,4.558011228299127e-05,1.0
1.1752,0.0017959647750332847,0.0018537513438418942,4.569394742361337e-05,1.0
1.1762,0.0017939999999999439,0.0018218716314484904,4.6013201785478295e-05,1.0
1.1772,0.001788690480034633,0.0017432550306803083,4.6796218556624395e-05,1.0
1.1781,0.0017789102401472422,0.0017783320464991224,4.7751115794210724e-05,1.0
1.1791,0.0017790478777005834,0.001757972241075455,4.8019586522639723e-05,1.0
1.1801,0.001778879516115079,0.0017921247417365673,4.737881058566772e-05,1.0
1.1811,0.0017730227418955578,0.0018025670643856823,4.667877988463839e-05,1.0
1.182,0.0017702991103343833,0.001693437622221381,4.654220154451277e-05,1.0
1.183,0.001775840044877472,0.0017478880389692683,4.675948604041135e-05,1.0
1.184,0.001791158540278271,0.0017940271459255801,4.6659613034697565e-05,1.0
1.1849,0.0017986106851703568,0.001860449486494249,4.616343512654589e-05,1.0
1.1859,0.0017849607227820915,0.001734425781731297,4.575011649863077e-05,1.0
1.1869,0.0017689028981845959,0.001777864590544616,4.572013405218853e-05,1.0
1.1878,0.0017699091007550736,0.001758925417558569,4.598603267079544e-05,1.0
1.1888,0.0017711867364523062,0.0017834314285366745,4.6122532486083537e-05,1.0
1.1898,0.0017743942416806164,0.0017697668455358747,4.580195778344209e-05,1.0
1.1908,0.0017834549187245735,0.0018211046582446205,4.539326939271011e-05,1.0
1.1917,0.0017862439860210741,0.001814663465974976,4.5215201923103895e-05,1.0
1.1927,0.0017784652691473217,0.0017667791588790514,4.525518909641314e-05,1.0
1.1937,0.001775307717812092,0.0017692944235953862,4.543205747926889e-05,1.0
1.1946,0.0017712073527274333,0.001652589533724864,4.5612063276623886e-05,1.0
1.1956,0.0017691628327945494,0.001683303625473954,4.57750819374034e-05,1.0
1.1966,0.0017670479263617448,0.0017165385006117466,4.617032093528621e-05,1.0
1.1975,0.0017639988731930577,0.0017319425933183513,4.698027598672065e-05,1.0
1.1985,0.001763694972626941,0.001782699925038715,4.79170702483709e-05,1.0
1.1995,0.0017688335924169912,0.0018455969207292532,4.817092460986438e-05,1.0
1.2004,0.0017709999999999742,0.0017904283707175488,4.7353316583966343e-05,1.0
1.2014,0.0017679062744175359,0.0017586550658918003,4.6312590221671274e-05,1.0
1.2024,0.0017622594911231354,0.0018583689902435703,4.589385540895282e-05,1.0
1.2034,0.0017617186968462767,0.001749184026981329,4.596730937324581e-05,1.0
1.2043,0.0017619999999999956,0.0018424828043153256,4.600484844461416e-05,1.0
1.2053,0.0017593520268069421,0.0016446620400584512,4.584771088151827e-05,1.0
1.2063,0.001757021663118278,0.0017924754216263597,4.571905734876798e-05,1.0
1.2072,0.0017580000000000547,0.0017660004688373572,4.5791589101252144e-05,1.0
1.2082,0.0017576310298981546,0.001801389764363695,4.6024317494584516e-05,1.0
1.2092,0.0017556765095616946,0.0017799201980315676,4.624756464458835e-05,1.0
1.2102,0.0017549999999999385,0.001730455881547062,4.6297623324896006e-05,1.0
1.2111,0.0017554874513229786,0.0017870336506089326,4.601468286886308e-05,1.0
1.2121,0.0017666497640761206,0.0018391705663386877,4.552355468690747e-05,1.0
1.2131,0.0017630620766076746,0.0016927597145492406,4.519355747070473e-05,1.0
1.214,0.0017568428854279339,0.0018181264834832133,4.508101757132135e-05,1.0
1.215,0.0017541434319394869,0.0017542923689706467,4.5069917270644245e-05,1.0
1.216,0.0017541343072878465,0.0017353514127619834,4.507398362056521e-05,1.0
1.2169,0.0017558157200557333,0.001718160246520542,4.5062967613111255e-05,1.0
1.2179,0.0017535397772995736,0.0017723117976052307,4.5062341988214e-05,1.0
1.2189,0.0017519999999999383,0.0017206140222140915,4.510946894775167e-05,1.0
1.2198,0.0017519999999999704,0.0017780559667449347,4.522647056910164e-05,1.0
1.2208,0.0017557315433562465,0.0017552124836873078,4.543507812060541e-05,1.0
1.2218,0.0017569841582921505,0.0017448434928797314,4.566993141954539e-05,1.0
1.2228,0.0017527598798489465,0.0017221511974007174,4.572525504846919e-05,1.0
1.2237,0.0017586792395381317,0.0017433597948918122,4.558385911669294e-05,1.0
1.2247,0.001775580392894082,0.0017884751880911183,4.5556628126307907e-05,1.0
1.2257,0.0017528872200568335,0.0017434234791529714,4.6002791759023745e-05,1.0
1.2266,0.0017518621287856246,0.0017532065871686453,4.676615734118926e-05,1.0
1.2276,0.0017509999999999728,0.0017806331378772574,4.701929908929925e-05,1.0
1.2286,0.001751829214526168,0.0017088001590078539,4.6379616558628755e-05,1.0
1.2296,0.0017518930462465435,0.0017287628470844777,4.571267559698397e-05,1.0
1.2305,0.001750999999999917,0.0017323717296812088,4.555983845373721e-05,1.0
1.2315,0.0017509999999999787,0.0017773592011955316,4.575407463964707e-05,1.0
1.2325,0.0017509999999999026,0.001768937633872539,4.593836990608816e-05,1.0
1.2334,0.0017509999999999152,0.0018043673600831216,4.591097194148105e-05,1.0
1.2344,0.0017509999999999455,0.0017510186692844027,4.575618845118173e-05,1.0
1.2354,0.0017509999999999132,0.0017043752368072927,4.5628870587623724e-05,1.0
1.2363,0.0017509999999998926,0.001711665195511075,4.555418499946917e-05,1.0
1.2373,0.0017509999999999741,0.0017844822804586314,4.545969390025389e-05,1.0
1.2383,0.0017505399022112703,0.0017972367850378236,4.536364791863193e-05,1.0
1.2392,0.0017499999999999758,0.0016661042120340616,4.5346134010251696e-05,1.0
1.2402,0.0017500000000000276,0.0017334565794011444,4.5395121862275914e-05,1.0
1.2412,0.001750000000000044,0.0017033973167128505,4.541994086470535e-05,1.0
1.2422,0.0017500000000000805,0.0017182990849648548,4.539339923551257e-05,1.0
1.2431,0.0017500000000000428,0.0017673327969213789,4.534846385195566e-05,1.0
1.2441,0.0017509999999999158,0.001831507474410748,4.5316172938618624e-05,1.0
1.2451,0.0017507961032319048,0.0018078933159103405,4.532107534910612e-05,1.0
1.246,0.0017499999999999226,0.0018213273579031472,4.538628156747711e-05,1.0
1.247,0.0017499999999999855,0.0017523743599864913,4.5471468949248024e-05,1.0
1.248,0.0017500000000000245,0.001711439572679452,4.547078194952879e-05,1.0
1.2489,0.0017500000000000688,0.0017739170626794424,4.5409907805221246e-05,1.0
1.2499,0.001749999999999951,0.0017394656091222257,4.5454205011902395e-05,1.0
1.2509,0.0017500000000000438,0.0017000119812980883,4.568845370068433e-05,1.0
1.2519,0.0017500000000000694,0.0018000804746080305,4.5973169867509065e-05,1.0
1.2528,0.0017500000000000816,0.001751810977015985,4.607274729018074e-05,1.0
1.2538,0.001749999999999983,0.001709766888592655,4.594192557712453e-05,1.0
1.2548,0.0017502493872936353,0.0017931809098284325,4.5753332077875784e-05,1.0
1.2557,0.001750725521435239,0.0016494004066107185,4.565155933357248e-05,1.0
1.2567,0.0017500000000000588,0.0017406199926225125,4.562570065509698e-05,1.0
1.2577,0.0017500000000000638,0.001719950665133057,4.5638760366374924e-05,1.0
1.2587,0.0017500000000000705,0.00172690202617798,4.5672467851765046e-05,1.0
1.2596,0.001750000000000087,0.0017144380404741785,4.568177152496741e-05,1.0
1.2606,0.0017499999999999797,0.0017334487383547422,4.564120739581755e-05,1.0
1.2616,0.0017499999999999823,0.0017220319020304635,4.559757005120451e-05,1.0
1.2625,0.0017500000000000673,0.0017061903174810879,4.56559252922176e-05,1.0
1.2635,0.001750000000000068,0.0018496033154228456,4.584779035802187e-05,1.0
1.2645,0.0017500000000000733,0.0018299405748519305,4.593378538487804e-05,1.0
1.2654,0.0017499999999998736,0.001769760606217384,4.57660167155236e-05,1.0
1.2664,0.0017500000000000662,0.0016924395503051582,4.557911701912761e-05,1.0
1.2674,0.001750000000000071,0.0017460956954494012,4.551230349363805e-05,1.0
1.2683,0.0017499999999999948,0.001750285949129441,4.551386758967553e-05,1.0
1.2693,0.0017500000000000727,0.001732955475749095,4.55473986363683e-05,1.0
1.2703,0.0017500000000000662,0.001780220537052973,4.559795688961767e-05,1.0
1.2713,0.0017499999999999742,0.0017382842063295685,4.5641378350261486e-05,1.0
1.2722,0.0017500000000000256,0.0017710463646874073,4.566744487042476e-05,1.0
1.2732,0.0017500000000000029,0.0017731837796016333,4.570333372797636e-05,1.0
1.2742,0.0017500000000000128,0.0018049085072909521,4.574420618451522e-05,1.0
1.2751,0.001749999999999852,0.0017769549027799713,4.575295876108647e-05,1.0
1.2761,0.0017500000000000534,0.001741104621280959,4.5734007668258037e-05,1.0
1.2771,0.0017500000000000024,0.0017634805459837894,4.573320860730508e-05,1.0
1.2781,0.001750000000000076,0.0016809663488809683,4.577327953982667e-05,1.0
1.279,0.0017500000000000115,0.0018131119039525166,4.5854689200106096e-05,1.0
1.28,0.001750000000000084,0.0017264505544083895,4.60266777837116e-05,1.0
1.281,0.0017500000000000718,0.0017417034195697087,4.628119260167032e-05,1.0
1.2819,0.0017501092699156876,0.0018094325810005265,4.652519255563326e-05,1.0
1.2829,0.0017509999999999395,0.0017208549649448967,4.675253399883692e-05,1.0
1.2839,0.001750999999999913,0.0018190975368395344,4.704234964607603e-05,1.0
1.2848,0.0017509999999999373,0.0018266882626119495,4.721526854807766e-05,1.0
1.2858,0.0017509999999999067,0.0017326828508475972,4.698800898486045e-05,1.0
1.2868,0.0017509999999999531,0.0017760118095902818,4.655178069458222e-05,1.0
1.2878,0.001750999999999999,0.0017651612559906977,4.636762503357414e-05,1.0
1.2887,0.0017509999999999694,0.001749146092157271,4.654438356081249e-05,1.0
1.2897,0.0017509999999998844,0.001806540971781454,4.681779496386275e-05,1.0
1.2907,0.0017509999999999071,0.0017083631751380133,4.6895301477190526e-05,1.0
1.2916,0.0017508451151054887,0.0016490753861590323,4.669285987324019e-05,1.0
1.2926,0.0017502935559356278,0.0017328087382271935,4.6460151295045156e-05,1.0
1.2936,0.0017509999999999685,0.0017624300491422922,4.6382397435580124e-05,1.0
1.2945,0.0017509999999999403,0.0016807095946361178,4.639089866069496e-05,1.0
1.2955,0.0017545743056104172,0.001725104029434126,4.639772723801926e-05,1.0
1.2965,0.0017533270639232374,0.0017845172104256214,4.6397444561959866e-05,1.0
1.2974,0.00175200000000001,0.0017811869864575358,4.639639677749697e-05,1.0
1.2984,0.0017528975449217425,0.001841345234503337,4.642992126280214e-05,1.0
1.2994,0.0017549271709293897,0.0017844016570244816,4.6517459962135825e-05,1.0
1.3004,0.0017531754199225707,0.0017161319823249272,4.661347853746587e-05,1.0
1.3013,0.0017539999999999969,0.001775301341553336,4.6675436583224396e-05,1.0
1.3023,0.001753661005291349,0.001763463101166972,4.670057913899958e-05,1.0
1.3033,0.0017539544944850049,0.0017085699622578956,4.669022420155498e-05,1.0
1.3042,0.0017565070155410379,0.0017884790960979843,4.662801572959971e-05,1.0
1.3052,0.001754793959363537,0.0017588692485654548,4.653910515632816e-05,1.0
1.3062,0.001751439572970763,0.0017088347149117834,4.648428833487305e-05,1.0
1.3072,0.0017519190831281743,0.0017001616512858594,4.6485016998661775e-05,1.0
1.3081,0.0017519999999999908,0.0017530836055275258,4.652983867470715e-05,1.0
1.3091,0.0017529999999999473,0.0017259866532510517,4.6619163963969825e-05,1.0
1.3101,0.0017530000000000661,0.0017367616113887615,4.677060273159264e-05,1.0
1.311,0.0017529999999999963,0.0017971312856928318,4.7025821723548964e-05,1.0
1.312,0.00175376913820161,0.0017717672233069158,4.737854883651683e-05,1.0
1.313,0.0017560454755361466,0.0017664372660248678,4.758617634836653e-05,1.0
1.3139,0.0017597391451964236,0.0017795776932226421,4.75176152556431e-05,1.0
1.3149,0.0017578789934404677,0.0017714254701028504,4.733780603428635e-05,1.0
1.3159,0.0017535228878794021,0.00175751921036189,4.713452024645598e-05,1.0
1.3168,0.0017538507953114664,0.0017362729915874457,4.6987119944253954e-05,1.0
1.3178,0.0017579546985821532,0.0017195950665245055,4.6964896865694e-05,1.0
1.3188,0.0017597449372797696,0.0016860506768014484,4.700473422686067e-05,1.0
1.3198,0.0017577334632526214,0.0017285615058357036,4.702840013744458e-05,1.0
1.3207,0.0017570000000000586,0.0017219564894280792,4.702207623080621e-05,1.0
1.3217,0.0017565695023677632,0.001774835494267659,4.6989774634930995e-05,1.0
1.3227,0.0017554311448791644,0.0018025534417962755,4.695412805684909e-05,1.0
1.3236,0.0017555934553385203,0.001778064542556853,4.693584880401237e-05,1.0
1.3246,0.0017589292998085684,0.0017398283808601563,4.6941589602367265e-05,1.0
1.3256,0.0017608713303393923,0.001738374330549467,4.6997048595124504e-05,1.0
1.3266,0.001761999999999985,0.001734003483864014,4.71928674336535e-05,1.0
1.3275,0.0017619647489251242,0.001714494128759235,4.7632123129276456e-05,1.0
1.3285,0.001761692630637565,0.0017597925277345588,4.818362896632597e-05,1.0
1.3295,0.0017668721636379186,0.0017349585832845277,4.834058042528356e-05,1.0
1.3304,0.001772011355632558,0.0017735731670344781,4.79467885377029e-05,1.0
1.3314,0.0017759044957257875,0.0016982539051958584,4.747669216289898e-05,1.0
1.3324,0.0017810714694685517,0.0017955064414739857,4.725760515661677e-05,1.0
1.3333,0.0017861947293204576,0.001717072432081243,4.720630661318446e-05,1.0
1.3343,0.0017778866337317646,0.0017880697425134537,4.719621819571149e-05,1.0
1.3353,0.0017658317913499307,0.0018252151943132838,4.720161694549531e-05,1.0
1.3362,0.001765000000000157,0.0017021632650335333,4.724334819407185e-05,1.0
1.3372,0.0017700000000000085,0.001726705769857254,4.735900347831802e-05,1.0
1.3382,0.0017706559445548255,0.0017271907384790277,4.758596750027585e-05,1.0
1.3392,0.0017822989928781903,0.0017650234244698077,4.783872821966649e-05,1.0
1.3401,0.001803210193277766,0.0017131155475599792,4.792420996273535e-05,1.0
1.3411,0.001803219012058414,0.0018033685044694882,4.7800400290046704e-05,1.0
1.3421,0.0017804845038915467,0.0017472224882515025,4.763783271366392e-05,1.0
1.343,0.0017699452069643482,0.0018042235228667154,4.756188860245899e-05,1.0
1.344,0.0017780578595468098,0.001737444698460433,4.754652986684006e-05,1.0
1.345,0.0017848122358213613,0.0018141092049411816,4.754275413402551e-05,1.0
1.3459,0.0017919127690482733,0.0017440781156363436,4.753380909626623e-05,1.0
1.3469,0.0018237474715197054,0.0018222144896733964,4.7527989406531796e-05,1.0
1.3479,0.0018198858041264324,0.001925261249180406,4.755136753456629e-05,1.0
1.3489,0.001805937118043673,0.001857226113357798,4.762691775664391e-05,1.0
1.3498,0.001791002352416863,0.0017513070157841226,4.772318913675846e-05,1.0
1.3508,0.0018051517042016988,0.001777402970819276,4.7772910486975916e-05,1.0
1.3518,0.0018437138629468857,0.001937580888475527,4.7769626713966154e-05,1.0
1.3527,0.0018539999999999867,0.0018649086932525517,4.776651812349183e-05,1.0
1.3537,0.0018531309319236987,0.00175882216951108,4.778376310326501e-05,1.0
1.3547,0.001812745993924756,0.0017550025524440782,4.783183699568614e-05,1.0
1.3557,0.0017895226984740735,0.001820049505303115,4.79027101525921e-05,1.0
1.3566,0.0018537949539567246,0.0018000332763404025,4.79403541355353e-05,1.0
1.3576,0.0018920816724340025,0.0019075254967494209,4.793208557764737e-05,1.0
1.3586,0.0018086782808672687,0.0017837009683499125,4.793688240332521e-05,1.0
1.3595,0.001795526138331822,0.0017712942965711494,4.797943915897303e-05,1.0
1.3605,0.0017943872687179974,0.001803244416858369,4.80244068394894e-05,1.0
1.3615,0.0017992621566842084,0.0017668049362862162,4.803285058400362e-05,1.0
1.3624,0.0018002240558229468,0.001794961571774952,4.803644640351249e-05,1.0
1.3634,0.0017999999999999854,0.0018022378764917678,4.8068155449672714e-05,1.0
1.3644,0.001816946436010739,0.00194633693181807,4.811559915787525e-05,1.0
1.3654,0.0018088799566993749,0.0018381631377422092,4.817729762223238e-05,1.0
1.3663,0.0017785649502522478,0.0018373471694669633,4.827085743780802e-05,1.0
1.3673,0.0017926694846993546,0.0016731435501683037,4.84213315987434e-05,1.0
1.3683,0.0018526326990497045,0.001872111274345812,4.858230726169429e-05,1.0
1.3692,0.0018528001639816218,0.0019135103959851377,4.862336447583695e-05,1.0
1.3702,0.0018124662787018,0.0018503385811645065,4.8585487326453656e-05,1.0
1.3712,0.0018229445438950396,0.0018603422066811616,4.862049468038055e-05,1.0
1.3721,0.0018434463693189419,0.0018390348460638095,4.8706303816636594e-05,1.0
1.3731,0.0018191533242877124,0.0017919142090555896,4.8762849144646726e-05,1.0
1.3741,0.0017832971635440716,0.001774198887087898,4.876035731257114e-05,1.0
1.3751,0.0017902850782355911,0.0017836998143908127,4.871429469642202e-05,1.0
1.376,0.0018058420582121903,0.0018111748161556286,4.865772436247928e-05,1.0
1.377,0.0018101968731494757,0.0018200380782082911,4.8613293804564747e-05,1.0
1.378,0.0018068404511122924,0.0017741808375535773,4.860037152734764e-05,1.0
1.3789,0.0018010451505481968,0.0018416420234413523,4.864844512946278e-05,1.0
1.3799,0.0017937769113597686,0.0017711089485042126,4.877942247180165e-05,1.0
1.3809,0.0017911571465059751,0.0018122992853091264,4.8978472266262614e-05,1.0
1.3818,0.0017918679447651836,0.0018014757107925536,4.913543507601254e-05,1.0
1.3828,0.001790005675426691,0.0018580895719753235,4.911009369868044e-05,1.0
1.3838,0.0017931702122090944,0.0017294644115540315,4.897349588683091e-05,1.0
1.3848,0.0018105368068407918,0.0017802471893985734,4.8891432065918176e-05,1.0
1.3857,0.0018213827166025272,0.0018413279479327926,4.889107055189765e-05,1.0
1.3867,0.0018146282349675437,0.0017850455397611421,4.89351883179679e-05,1.0
1.3877,0.001803899053883964,0.0017660441901179212,4.899880067915908e-05,1.0
1.3886,0.0017991685929439499,0.001821167359442399,4.907548877185599e-05,1.0
1.3896,0.0017965010511881696,0.001817086091327382,4.916892462266008e-05,1.0
1.3906,0.0017933349679413214,0.0017806146079884272,4.925814037938727e-05,1.0
1.3915,0.0017911731294184923,0.001769462899933748,4.932214333210648e-05,1.0
1.3925,0.0017963142861116652,0.0017932245940665153,4.9382926395880854e-05,1.0
1.3935,0.001801239314641934,0.001770296083281751,4.949046527221497e-05,1.0
1.3944,0.0017969236869463292,0.0017704671496023136,4.963211501695487e-05,1.0
1.3954,0.001794771339990077,0.0018317773586367175,4.9710207130263994e-05,1.0
1.3964,0.0018029313761161597,0.001792717160517442,4.967778221619605e-05,1.0
1.3974,0.001809262847674532,0.0018088335805410184,4.963115153464665e-05,1.0
1.3983,0.0018191853344511463,0.0018187867892867002,4.971625825826896e-05,1.0
1.3993,0.0018462590180833983,0.0017938790969289499,5.003535665630551e-05,1.0
1.4003,0.0018267828013911972,0.00190746466473067,5.048377077402223e-05,1.0
1.4012,0.0018192456304597885,0.0017605837627874057,5.073463398251975e-05,1.0
1.4022,0.0018069239822926524,0.0018023146510359103,5.061134992643324e-05,1.0
1.4032,0.0017974715952776292,0.0017874958914851405,5.030170659787342e-05,1.0
1.4042,0.0018113640193288178,0.0018762402973964477,5.011934213449528e-05,1.0
1.4051,0.0018423937216130548,0.0018712922653610804,5.0247191602589875e-05,1.0
1.4061,0.0018579999999999654,0.001806968343203082,5.058847192832885e-05,1.0
1.4071,0.0018437696959859135,0.001839640243170361,5.0797722326291576e-05,1.0
1.408,0.0018089229865481552,0.0017681988304051137,5.0719132524536064e-05,1.0
1.409,0.0017978405912307362,0.0017553397224250528,5.053979756346546e-05,1.0
1.41,0.0017950616174667803,0.0018009019708840677,5.0558278874790156e-05,1.0
1.4109,0.0017920091042313035,0.0017672261949697712,5.0929155856827925e-05,1.0
1.4119,0.0017990187964325441,0.001735509236642734,5.144628688071727e-05,1.0
1.4129,0.0018430644082175732,0.0018242955850544139,5.1573262780820564e-05,1.0
1.4139,0.001880681174206615,0.0018581355714383438,5.122366899798732e-05,1.0
1.4148,0.0018807730758857925,0.0018712484138805833,5.0906228200941654e-05,1.0
1.4158,0.0018563825858514055,0.0019285255835113514,5.089853649785075e-05,1.0
1.4168,0.0018185789454640345,0.001791097229979257,5.1029166257995485e-05,1.0
1.4177,0.0018189699967420022,0.0018662060605226713,5.108231095821578e-05,1.0
1.4187,0.0018370633898583837,0.0018721256041102311,5.102605742406609e-05,1.0
1.4197,0.0018637526143101392,0.0018078242172629413,5.0967168537745834e-05,1.0
1.4206,0.0018939533898825911,0.001831728845838757,5.104318530945878e-05,1.0
1.4216,0.001911054759857659,0.0018762837134888692,5.137467940988677e-05,1.0
1.4226,0.001904378558370402,0.0018814500834911701,5.2059790479483314e-05,1.0
1.4236,0.0018649977623629197,0.001923988922787176,5.278405391733348e-05,1.0
1.4245,0.0018107828641991857,0.0017807578112086929,5.285618397834214e-05,1.0
1.4255,0.00178996095411433,0.0017842860913760336,5.22762672452744e-05,1.0
1.4265,0.001782387497904151,0.0017976291266027192,5.1732057728339096e-05,1.0
1.4274,0.0017778282459939817,0.0016478259718816157,5.1567076508505677e-05,1.0
1.4284,0.001774204875833191,0.001751345815331041,5.1741400039769924e-05,1.0
1.4294,0.001772141155338563,0.0018825629166223856,5.20271395626621e-05,1.0
1.4303,0.001774861020464125,0.0017725825680094994,5.2119629294742753e-05,1.0
1.4313,0.0017853467432773302,0.001836209369294715,5.194370709049616e-05,1.0
1.4323,0.0017971043087435226,0.001857753488060002,5.165630761666046e-05,1.0
1.4332,0.0018043974962604296,0.0018433530555821162,5.1389940808481405e-05,1.0
1.4342,0.0017969524752848502,0.0017646119386387222,5.132947351913284e-05,1.0
1.4352,0.0017839216586485298,0.0018288264193421426,5.14858909779175e-05,1.0
1.4362,0.001792401273080017,0.0017617149527982422,5.1719573793159366e-05,1.0
1.4371,0.0018117893583954466,0.0018614748699460142,5.188175524712075e-05,1.0
1.4381,0.0018364989394707243,0.001858379158314647,5.189120077941201e-05,1.0
1.4391,0.0018579541642834393,0.0018237654757389979,5.177857917421993e-05,1.0
1.44,0.0018420874665766543,0.001895820365424063,5.168048469052392e-05,1.0
1.441,0.0017900776920534759,0.0018209554737307744,5.16959945119291e-05,1.0
1.442,0.0017774878397867335,0.001716139117844175,5.186352851419203e-05,1.0
1.4429,0.0017744429867859238,0.0017455078598566402,5.208844044880324e-05,1.0
1.4439,0.0017732540234802322,0.0018284101436117008,5.21295118095639e-05,1.0
1.4449,0.0017799309731659327,0.001730754419970354,5.197063531250128e-05,1.0
1.4459,0.0017907388045673035,0.0017635681170311197,5.186680480856972e-05,1.0
1.4468,0.0017884601662186367,0.0017152444001557734,5.1849384725390114e-05,1.0
1.4478,0.0017862967234461133,0.0017965770022672775,5.1871205063724944e-05,1.0
1.4488,0.0018035274458344445,0.0017686809964671097,5.197888329291192e-05,1.0
1.4497,0.0018262528569388957,0.0018260887584588745,5.215845836605245e-05,1.0
1.4507,0.001811271518507493,0.0017429751144858552,5.230687819463155e-05,1.0
1.4517,0.0017958285545575045,0.0017327486845918566,5.2296195526749734e-05,1.0
1.4527,0.0017915284946689591,0.001771417793445242,5.221077500224281e-05,1.0
1.4536,0.0017914142770875875,0.0017776910607643233,5.2324101616092916e-05,1.0
1.4546,0.001811563273636259,0.0018622339792685608,5.282162631316921e-05,1.0
1.4556,0.00183592085641508,0.00194968059164391,5.361972431988704e-05,1.0
1.4565,0.0018473058474460324,0.001773962538599168,5.426881707522308e-05,1.0
1.4575,0.0018267512438256655,0.0017783624072248581,5.423978174417114e-05,1.0
1.4585,0.001805853584133106,0.0017897997744370832,5.357514467613753e-05,1.0
1.4594,0.00178697864316107,0.0017778885909668885,5.286994644872204e-05,1.0
1.4604,0.0017747723099310777,0.0018418071161558375,5.24851215502343e-05,1.0
1.4614,0.001767938277607364,0.001812775601384834,5.23757549184922e-05,1.0
1.4624,0.0017624063273529611,0.00173543757228689,5.237090462180444e-05,1.0
1.4633,0.0017603268910018773,0.001841989101116103,5.2398256253225896e-05,1.0
1.4643,0.0017591878856146013,0.0017709590039447077,5.248271502547155e-05,1.0
1.4653,0.00175899999999988,0.0017461377240366625,5.2591292762433936e-05,1.0
1.4662,0.001760952150540326,0.0017742236262497035,5.259276860151586e-05,1.0
1.4672,0.0017625747486760982,0.0017826868433107957,5.2478658895601e-05,1.0
1.4682,0.0017768596414378902,0.0017417266080802642,5.2417177515326165e-05,1.0
1.4691,0.001811002246622117,0.0017505555491160606,5.2582367622783464e-05,1.0
1.4701,0.0018219154601130287,0.0017871374904506728,5.2974196298238296e-05,1.0
1.4711,0.001812330668907801,0.0018265789388725493,5.331937132074985e-05,1.0
1.4721,0.0017833773787374646,0.0018228853530085143,5.336682997700075e-05,1.0
1.473,0.001762214170800997,0.0017810433448598951,5.31433443365021e-05,1.0
1.474,0.001758857604910916,0.0016269659979058616,5.289387855234335e-05,1.0
1.475,0.0017659762720877335,0.001729325597964402,5.2803387685880803e-05,1.0
1.4759,0.0017718697905833353,0.001831652812460805,5.2844085309386885e-05,1.0
1.4769,0.0017664811655247218,0.0018960235861394884,5.291667946462344e-05,1.0
1.4779,0.0017785500037818256,0.001782001476664226,5.2963569110005034e-05,1.0
1.4788,0.0018171764444686457,0.0018102308169398022,5.2976675206150556e-05,1.0
1.4798,0.001868108744610417,0.0018950154564943474,5.299232543860839e-05,1.0
1.4808,0.0018849929805486256,0.0018869203650636178,5.309843687456637e-05,1.0
1.4818,0.0018792986324806203,0.0019105285926772574,5.3330170116325634e-05,1.0
1.4827,0.001846655743830071,0.0018721923691968618,5.357840944444989e-05,1.0
1.4837,0.0017927416706997857,0.001790932867064926,5.3783258205840555e-05,1.0
1.4847,0.0017627473950570657,0.001812597658851288,5.4111563667563936e-05,1.0
1.4856,0.0017567984237149528,0.0017985673051075432,5.478945366056669e-05,1.0
1.4866,0.0017554433823762402,0.0018190268183905412,5.587477247649332e-05,1.0
1.4876,0.0017744423065967545,0.0016675249424524341,5.6964433632618635e-05,1.0
1.4885,0.001811439601863462,0.0017785287940476693,5.717415831607473e-05,1.0
1.4895,0.001812203082317042,0.0017880759499401572,5.6358124261833074e-05,1.0
1.4905,0.001774593167524185,0.0017526361852871464,5.535686857556828e-05,1.0
1.4914,0.00175795212881651,0.0017080421924515025,5.454481398329851e-05,1.0
1.4924,0.001754189931554897,0.0017421595955641291,5.393809574949911e-05,1.0
1.4934,0.0017539999999999613,0.0017789247648732124,5.363363958734498e-05,1.0
1.4944,0.0017601581764308477,0.0017708887678780064,5.364836301251985e-05,1.0
1.4953,0.0017927743632114045,0.0018341889275480289,5.3831850168009756e-05,1.0
1.4963,0.0017837010477714224,0.0017862737877581852,5.396788829814942e-05,1.0
1.4973,0.0017584877597171234,0.0016780607029284887,5.400347925135781e-05,1.0
1.4982,0.001753414645714232,0.0017614256722043025,5.411247562605787e-05,1.0
1.4992,0.0017551070306556624,0.0017196823226915598,5.441848383707195e-05,1.0
1.5002,0.0017566925207150657,0.0017543358062013543,5.5233364147973885e-05,1.0
1.5012,0.0017569999999999723,0.001663281110356432,5.710754682686481e-05,1.0
1.5021,0.0017570000000000049,0.0018126760738116697,5.994390178593721e-05,1.0
1.5031,0.0017550112910698229,0.0018657826318819845,6.220121521081892e-05,1.0
1.5041,0.0017531332176486394,0.0018060735390288902,6.212544418742681e-05,1.0
1.505,0.0017576411051567044,0.0017661650996899677,6.031266385943931e-05,1.0
1.506,0.0017906764581284613,0.0017928335023713548,5.811663524756674e-05,1.0
1.507,0.0018256171035245046,0.0018237428187198586,5.634615267024862e-05,1.0
1.5079,0.001827156998322904,0.0017756443783713456,5.529801202596558e-05,1.0
1.5089,0.0018220042918646183,0.0019047675774691256,5.483398593857266e-05,1.0
1.5099,0.0018140959100744864,0.0017629125736870535,5.465071197666478e-05,1.0
1.5109,0.0018049838669761784,0.0019080825126709066,5.4515504506246853e-05,1.0
1.5118,0.0017949789210082955,0.0017967035654737698,5.443197764222591e-05,1.0
1.5128,0.0017816016143937525,0.0016803602590423343,5.4497830350141046e-05,1.0
1.5138,0.0017691384968336094,0.0018100802795311339,5.480345231901742e-05,1.0
1.5147,0.0017551842591235765,0.0018074453142706438,5.557765392213978e-05,1.0
1.5157,0.0017516571951672491,0.0016714440297319593,5.7009828059513674e-05,1.0
1.5167,0.0017509999999998558,0.0017411474236763065,5.830649553329755e-05,1.0
1.5176,0.0017509999999999555,0.0018265319061737798,5.835432934712394e-05,1.0
1.5186,0.0017509999999997092,0.0017822072524451321,5.727667647049583e-05,1.0
1.5196,0.001750999999999906,0.0018451905157592936,5.629904193309123e-05,1.0
1.5206,0.001751922507153587,0.0016567232290106426,5.610342185314003e-05,1.0
1.5215,0.0017529475984246821,0.0016626257471872654,5.636681693766679e-05,1.0
1.5225,0.001755000000000028,0.0017166789079664704,5.643732035857733e-05,1.0
1.5235,0.0017545513310530077,0.0017545546472376265,5.605260973551125e-05,1.0
1.5244,0.0017527505742553654,0.0018079643969297551,5.55898137576098e-05,1.0
1.5254,0.0017516115688679605,0.0017777123831182648,5.5347598105686496e-05,1.0
1.5264,0.0017509999999998861,0.0017861736994552494,5.534925686498273e-05,1.0
1.5273,0.001750999999999934,0.0017190201376082836,5.552480831462867e-05,1.0
1.5283,0.0017516902584519046,0.0017456019320531357,5.5806638078537775e-05,1.0
1.5293,0.001754487384196401,0.0017827542540412309,5.600939779509945e-05,1.0
1.5302,0.0017541457806632714,0.0017634427900989449,5.5929361677079486e-05,1.0
1.5312,0.0017510203258278838,0.001793091275793175,5.5688237779376056e-05,1.0
1.5322,0.00175099999999996,0.0017757786379745495,5.55401407673536e-05,1.0
1.5332,0.0017509999999999189,0.0018241673375953501,5.556297849292303e-05,1.0
1.5341,0.0017509999999999113,0.0017515744906840289,5.56105210840174e-05,1.0
1.5351,0.001751433921657616,0.001777707254869291,5.558302548492847e-05,1.0
1.5361,0.0017537187811345163,0.0018460566001848853,5.567516861572862e-05,1.0
1.537,0.0017621745905083593,0.0018678529567878364,5.612466652274755e-05,1.0
1.538,0.0017750965456478614,0.001680432010041536,5.707163536393263e-05,1.0
1.539,0.0017902465611069132,0.0016770761218375596,5.825417933978074e-05,1.0
1.5399,0.001796498549311478,0.0018397617797777544,5.8772221518813417e-05,1.0
1.5409,0.0018010000000001473,0.001789833782293873,5.808024758005572e-05,1.0
1.5419,0.0017949643726370046,0.0017939573543512472,5.695062140551295e-05,1.0
1.5429,0.0017625836818235307,0.0017743316751923134,5.616990625758183e-05,1.0
1.5438,0.0017526594574304496,0.0017850704712127114,5.576081085401675e-05,1.0
1.5448,0.0017534386438703019,0.0016815596322796488,5.562883396270359e-05,1.0
1.5458,0.0017605657581337174,0.0016274153116242218,5.5757352353849706e-05,1.0
1.5467,0.0017620694734751924,0.0017961590672366935,5.6105589395930064e-05,1.0
1.5477,0.0017563102560205486,0.0017500747259649983,5.6544380827696946e-05,1.0
1.5487,0.0017522392653288265,0.0017572532284062703,5.6905308254809554e-05,1.0
1.5497,0.0017529999999998727,0.0017395768696739304,5.710118755479608e-05,1.0
1.5506,0.0017530000000002186,0.0017062849487323262,5.7075158573787434e-05,1.0
1.5516,0.0017525535776753548,0.001742947209140373,5.693015694408299e-05,1.0
1.5526,0.0017506381955282185,0.0017616782732304277,5.7007497655322955e-05,1.0
1.5535,0.0017500000000001186,0.0017815246090235855,5.7398004570917546e-05,1.0
1.5545,0.0017510500769647853,0.001776069772006232,5.773893632365823e-05,1.0
1.5555,0.001753992131608998,0.0017674914955829791,5.76566644547579e-05,1.0
1.5564,0.0017536220012656747,0.0017833340317596766,5.736113127864244e-05,1.0
1.5574,0.001751345874460831,0.0016742553457235675,5.725044746439805e-05,1.0
1.5584,0.001750034128810298,0.0016802159095026176,5.735763779082634e-05,1.0
1.5594,0.0017509999999999997,0.0018612324938724113,5.742092851776334e-05,1.0
1.5603,0.0017511298320742209,0.0016533463339262829,5.730257402172942e-05,1.0
1.5613,0.0017519999999999845,0.0017679893982093904,5.7174738210584816e-05,1.0
1.5623,0.001751999999999905,0.0017047210375417405,5.7188755462523825e-05,1.0
1.5632,0.0017520000000000033,0.0016825107096429762,5.724622272236175e-05,1.0
1.5642,0.0017520000000000187,0.001707549421299524,5.71248455966374e-05,1.0
1.5652,0.001752709534395246,0.0017294506831340337,5.6889073542861224e-05,1.0
1.5661,0.0017522653743335553,0.0017875083985958568,5.6788022175630085e-05,1.0
1.5671,0.0017511263689461724,0.001840759815625678,5.689238673079136e-05,1.0
1.5681,0.0017509999999998644,0.0017976518782544272,5.714779691405197e-05,1.0
1.5691,0.00175099999999988,0.0017949509452615667,5.736550323295083e-05,1.0
1.57,0.0017511754583736355,0.001709856818548768,5.7387582670155226e-05,1.0
1.571,0.001751999999999987,0.0017464477827514172,5.733728851698195e-05,1.0
1.572,0.0017519999999999877,0.001711972259988338,5.747274054804323e-05,1.0
1.5729,0.0017524778803629858,0.0017961564044848325,5.792271823025602e-05,1.0
1.5739,0.0017530000000000531,0.0017967964360355625,5.8743815012224447e-05,1.0
1.5749,0.0017597964462508194,0.0017594502701649118,5.966369065725358e-05,1.0
1.5758,0.0017698011619201785,0.00171246859896557,6.0501464877646844e-05,1.0
1.5768,0.0017572940547309667,0.0017273309645843599,6.0946554581254714e-05,1.0
1.5778,0.001751999999999941,0.0017959939424008406,6.057968970113815e-05,1.0
1.5788,0.0017523917152561454,0.00176262424088223,5.975115756790267e-05,1.0
1.5797,0.0017551047444962547,0.0017111881244677141,5.927896862940458e-05,1.0
1.5807,0.0017572002285672916,0.0017349019431686338,5.952738301937273e-05,1.0
1.5817,0.0017540000000000847,0.0016761101110911996,6.0147704457351155e-05,1.0
1.5826,0.0017560932765435353,0.0016535926697409135,6.0383322307573325e-05,1.0
1.5836,0.0017560146551805166,0.001802047997522423,6.012180597030289e-05,1.0
1.5846,0.0017541993487799256,0.0017671027360767898,5.986865369579127e-05,1.0
1.5855,0.0017548257424913139,0.001764810870797958,5.9971538611817506e-05,1.0
1.5865,0.0017521057563640002,0.0016998456522341878,6.0394494892997633e-05,1.0
1.5875,0.0017555174980554346,0.0017414851312140846,6.089601432628679e-05,1.0
1.5884,0.0017588518716989878,0.0017257557483112654,6.126157372167387e-05,1.0
1.5894,0.001750999999999882,0.001770158272640364,6.12216704266003e-05,1.0
1.5904,0.001750999999999926,0.0017343513984809178,6.065951657039126e-05,1.0
1.5914,0.0017515444501994407,0.0018531902399551358,5.982607356499245e-05,1.0
1.5923,0.0017525688935280364,0.0018393483104221166,5.904289258950676e-05,1.0
1.5933,0.001752999999999949,0.0017199853526307376,5.858417518148335e-05,1.0
1.5943,0.001752153722480614,0.0018549376259497825,5.8491962643382135e-05,1.0
1.5952,0.0017511287669831697,0.0017444336912334824,5.861264074687682e-05,1.0
1.5962,0.0017510102384039976,0.0017502462333784713,5.877723735757728e-05,1.0
1.5972,0.0017521490740032976,0.0016992353169280562,5.884667189946906e-05,1.0
1.5982,0.0017532869744529339,0.0017626712686232278,5.8851928978754236e-05,1.0
1.5991,0.0017540000000000546,0.0018665421954123637,5.89466433390597e-05,1.0
1.6001,0.0017544510711113594,0.001699724880014973,5.9185837828371354e-05,1.0
1.6011,0.0017561798814498682,0.001745909224771949,5.9405728649805624e-05,1.0
1.602,0.0017588450959885363,0.0016695446076474474,5.935089129797506e-05,1.0
1.603,0.0017637658977400386,0.0017433916861397433,5.909416852316495e-05,1.0
1.604,0.001765000000000093,0.0018044017973901747,5.8899763408384074e-05,1.0
1.6049,0.0017650000000000404,0.0017057602505077779,5.8861341782120303e-05,1.0
1.6059,0.0017648324058898474,0.0017551768872732156,5.8971699992311173e-05,1.0
1.6069,0.0017614164616711423,0.0017085340199664697,5.9210078519901224e-05,1.0
1.6079,0.0017599978022564604,0.001784822163902194,5.947179159162693e-05,1.0
1.6088,0.001763073076070099,0.0017559423557998394,5.9693005444819284e-05,1.0
1.6098,0.0017729449861912828,0.0018098134399663166,5.985760362567602e-05,1.0
1.6108,0.0017937113404849596,0.0017966285300377199,5.9870234820661296e-05,1.0
1.6117,0.0017917507838637946,0.0016876088294151901,5.975709178012838e-05,1.0
1.6127,0.0017734234885430492,0.0018998049787794001,5.96426221548238e-05,1.0
1.6137,0.0017606260565580475,0.001835976790068577,5.969143761012219e-05,1.0
1.6146,0.001760962349841722,0.0018061031008450253,6.001227082722854e-05,1.0
1.6156,0.0017632027104579487,0.001780700958936796,6.038112821490662e-05,1.0
1.6166,0.0017664421636975989,0.0016755517825357716,6.047944600969121e-05,1.0
1.6176,0.001774030390369412,0.001813033963560772,6.046836981190405e-05,1.0
1.6185,0.0017822254603913914,0.0017883015455678396,6.060041969313464e-05,1.0
1.6195,0.0017891687517448444,0.001856443232257243,6.084732606383139e-05,1.0
1.6205,0.0017944052877491355,0.0017028593260559589,6.1006078614813266e-05,1.0
1.6214,0.001799530744105025,0.0017939091866514601,6.098316167926411e-05,1.0
1.6224,0.0018052209635658419,0.001796808784408403,6.0922929056873504e-05,1.0
1.6234,0.001811897309218517,0.001821610177553116,6.0771820194730396e-05,1.0
1.6243,0.001817960119295303,0.0017306591814140353,6.0538796697203904e-05,1.0
1.6253,0.0018122650923588063,0.0018500687313722322,6.027131203976562e-05,1.0
1.6263,0.0018068565954326317,0.001855442205292737,6.0070450588357756e-05,1.0
1.6272,0.0018033788226651049,0.001812192441105345,6.0025312535452354e-05,1.0
1.6282,0.0018011023823037296,0.0017632357644679695,6.021999467146527e-05,1.0
1.6292,0.0017994123215382975,0.0017531785046934255,6.074899459132473e-05,1.0
1.6302,0.001795366580754597,0.001856780585821145,6.16102058222601e-05,1.0
1.6311,0.0017902411243986716,0.001828084867877332,6.252594835808691e-05,1.0
1.6321,0.0017854374210645523,0.0017688451535063708,6.293654581276167e-05,1.0
1.6331,0.0017911995781830711,0.0017672998433633635,6.25245495380486e-05,1.0
1.634,0.001798374266665712,0.0018521151546432328,6.178844026597671e-05,1.0
1.635,0.001804807527946099,0.0016855704780366755,6.140778255372533e-05,1.0
1.636,0.0018033370451177428,0.0017745021607567545,6.170207451793144e-05,1.0
1.6369,0.0018016435670614025,0.0018799454609256295,6.265088380609144e-05,1.0
1.6379,0.0017990205012507598,0.001710870997531448,6.387845835746058e-05,1.0
1.6389,0.0017944667809558575,0.0018046745889235,6.459341674808367e-05,1.0
1.6399,0.0017899113025013507,0.001930280818761624,6.445465714501599e-05,1.0
1.6408,0.0018025535159795578,0.001858111723689146,6.378485236549242e-05,1.0
1.6418,0.001828470504795504,0.0017512888139483858,6.291418413151871e-05,1.0
1.6428,0.0018519639762757283,0.00185450736889781,6.218312522329535e-05,1.0
1.6437,0.0018364235828895138,0.0018717377669448293,6.183133432838809e-05,1.0
1.6447,0.0018068094428199215,0.0018507167079620562,6.182956392267041e-05,1.0
1.6457,0.0017843612242331133,0.0018437439702921837,6.203512051996155e-05,1.0
1.6467,0.001781031946707946,0.0017998781725122631,6.233464008057977e-05,1.0
1.6476,0.0017825404490794533,0.001891796539978529,6.258997218467664e-05,1.0
1.6486,0.001783000000000145,0.0017240881099070036,6.268541243020339e-05,1.0
1.6496,0.0017813643986521188,0.0017717873347647092,6.263176575023861e-05,1.0
1.6505,0.001783528675835272,0.001925263855210194,6.257647128107378e-05,1.0
1.6515,0.001785963523117494,0.0017987379196265447,6.271927484295897e-05,1.0
1.6525,0.0017953269251018687,0.001819166683027642,6.315096492282514e-05,1.0
1.6534,0.0018055783339654729,0.0017625938389777274,6.372767450560089e-05,1.0
1.6544,0.001806447700092026,0.0019112258546147432,6.413418874937994e-05,1.0
1.6554,0.0017961966516064447,0.0018265846507393838,6.414487991811577e-05,1.0
1.6564,0.0017870697528430016,0.0018433052406413625,6.38685547918696e-05,1.0
1.6573,0.001781656448589989,0.0017773578767963985,6.349796566420842e-05,1.0
1.6583,0.00177710231365642,0.001894974594542318,6.31850909668139e-05,1.0
1.6593,0.001773410126401534,0.0018268027406550989,6.303486049112128e-05,1.0
1.6602,0.0017747767649413117,0.0016801563993436434,6.304649227737406e-05,1.0
1.6612,0.001778136939289909,0.0017420554124407963,6.315780574444597e-05,1.0
1.6622,0.0017828339316722014,0.0017048373611583156,6.33135721158654e-05,1.0
1.6631,0.0017823804195811824,0.0017433191908948693,6.352498506235185e-05,1.0
1.6641,0.001784658430355745,0.0017563177041558546,6.380193664892268e-05,1.0
1.6651,0.0017878723391661576,0.001864019192121793,6.407389059142833e-05,1.0
1.6661,0.0017924283607152515,0.001803483532493548,6.427224485162862e-05,1.0
1.667,0.0017971609072500512,0.0018673820282179645,6.429273378778408e-05,1.0
1.668,0.001803621043234464,0.0018534114143607576,6.422949898874743e-05,1.0
1.669,0.00181045350499255,0.0017578180264751775,6.42353280295688e-05,1.0
1.6699,0.0018166032379775593,0.0017979227127699114,6.456593718204233e-05,1.0
1.6709,0.0018199271216164414,0.0017253727068285763,6.530297354291987e-05,1.0
1.6719,0.001818788357280109,0.0017507452519714293,6.599927980882782e-05,1.0
1.6728,0.0018179999999999984,0.0018091511284411247,6.611175749804948e-05,1.0
1.6738,0.0018183747057034761,0.0018550692475205882,6.583091173047219e-05,1.0
1.6748,0.0018195137110908494,0.0017306559815838598,6.587685215790996e-05,1.0
1.6758,0.0018200000000000802,0.0017150397832778616,6.633742523580284e-05,1.0
1.6767,0.0018159339681465135,0.0018650053744306875,6.655370013829941e-05,1.0
1.6777,0.0018091055104121874,0.0017334671717167847,6.614109254659145e-05,1.0
1.6787,0.0018022735518539751,0.0017371562123702613,6.546926220748734e-05,1.0
1.6796,0.0017990615021134342,0.0017897772831830707,6.507403579814537e-05,1.0
1.6806,0.0017957629906343174,0.0018693532759388363,6.503016787119083e-05,1.0
1.6816,0.0017952868714820663,0.0019573882567150303,6.508903852764917e-05,1.0
1.6825,0.0018015392979696284,0.0017699980344711185,6.503517083816447e-05,1.0
1.6835,0.0018117829880247753,0.0019049058281141362,6.489774495560064e-05,1.0
1.6845,0.001822032814547147,0.0017107972630086314,6.48264211009782e-05,1.0
1.6854,0.001830674343100517,0.0017806524879823283,6.489316921810503e-05,1.0
1.6864,0.0018405096844735626,0.0018348499873893239,6.509823767704328e-05,1.0
1.6874,0.0018455835611128303,0.001810588448972732,6.536486870469658e-05,1.0
1.6884,0.0018329995537933728,0.0019275060453775176,6.558986313916681e-05,1.0
1.6893,0.0018196751323257588,0.0018674167397829868,6.571056136809649e-05,1.0
1.6903,0.001806180023958078,0.0018220410822466198,6.570233750430814e-05,1.0
1.6913,0.0018004849970216558,0.0018360587023142454,6.554404023419966e-05,1.0
1.6922,0.0017953620850408522,0.001863264446838586,6.530876046352663e-05,1.0
1.6932,0.0017919999999999909,0.0016867207126002837,6.516106962304598e-05,1.0
1.6942,0.0017938144837468645,0.0018290766900263362,6.518301699147239e-05,1.0
1.6952,0.0017972310925876136,0.001815682319956168,6.5343412382046e-05,1.0
1.6961,0.001802612732802579,0.0018196343664725946,6.556993715230568e-05,1.0
1.6971,0.001813077941877163,0.0018166672612117028,6.580527543604186e-05,1.0
1.6981,0.0018233186739441327,0.001792476957592445,6.603238473963447e-05,1.0
1.699,0.0018292232226760905,0.0017536330406075404,6.629131360657592e-05,1.0
1.7,0.0018169037849234862,0.0019002251834212118,6.66175111092514e-05,1.0
1.701,0.001805515088787353,0.0018183165449494932,6.687034012641473e-05,1.0
1.7019,0.0018004943295698895,0.0017126788063331142,6.68448812425424e-05,1.0
1.7029,0.00180607202778574,0.0017957915310137368,6.660940342746708e-05,1.0
1.7039,0.0018122515922059622,0.001717890647095985,6.640475855016982e-05,1.0
1.7049,0.0018155786476570489,0.001913329652534682,6.637694499052096e-05,1.0
1.7058,0.0018143711698007025,0.001844468942843098,6.657515769967913e-05,1.0
1.7068,0.001812093430573449,0.001794835528083671,6.692543692962046e-05,1.0
1.7078,0.0018097265465547275,0.0018631497503894625,6.745518171905832e-05,1.0
1.7087,0.001806651680062232,0.0016400964788653868,6.839219435531336e-05,1.0
1.7097,0.001803234663900281,0.0019300595519883051,6.997060522131416e-05,1.0
1.7107,0.0017986352954770105,0.0017099038195755806,7.149546460560595e-05,1.0
1.7116,0.0017924855624917944,0.0018907454407901547,7.150717145188106e-05,1.0
1.7126,0.0017862127829802866,0.00184145473578371,7.003537183412469e-05,1.0
1.7136,0.0017860878342212728,0.0018322050321440317,6.861607165662293e-05,1.0
1.7146,0.0017953481435406952,0.0018541803329948474,6.796003996941778e-05,1.0
1.7155,0.0018064589618779602,0.0018710396796101996,6.785036585001483e-05,1.0
1.7165,0.0018139934660751826,0.0017718075104691802,6.788517629163497e-05,1.0
1.7175,0.0018050366328459166,0.001961339283594718,6.783455975900589e-05,1.0
1.7184,0.0017977061364384493,0.0016771546398150047,6.780438175658698e-05,1.0
1.7194,0.001790398523335086,0.0017676761288701085,6.791464707513292e-05,1.0
1.7204,0.0017885603920539358,0.0016703238348908802,6.811823437550227e-05,1.0
1.7213,0.0017875353007826265,0.0017009824028136537,6.829220193713413e-05,1.0
1.7223,0.0017851909466115399,0.0017693879268552875,6.841656142165247e-05,1.0
1.7233,0.0017817756942019433,0.001835173691021449,6.852168144509499e-05,1.0
1.7242,0.0017802334734627466,0.0017697666260580343,6.860059404453082e-05,1.0
1.7252,0.0017926774469432026,0.0016725955075150133,6.874737531633235e-05,1.0
1.7262,0.001799754826147968,0.0018269717557263764,6.901621124106874e-05,1.0
1.7272,0.00181966396542705,0.001777238261839047,6.925086959126217e-05,1.0
1.7281,0.0018345494357045933,0.0017484153724359193,6.927844711177543e-05,1.0
1.7291,0.0018241527959871003,0.0018833125942925683,6.915771071894232e-05,1.0
1.7301,0.0018077214863196644,0.0017661806859141623,6.913158322205972e-05,1.0
1.731,0.001797449051285709,0.0018837760037123885,6.943907550649008e-05,1.0
1.732,0.0018021411464317029,0.0018647977605677972,7.028343902054792e-05,1.0
1.733,0.0018146603419767042,0.001989581332380248,7.135333251256419e-05,1.0
1.7339,0.001826744204753587,0.0018236641511139241,7.176736216885822e-05,1.0
1.7349,0.0018280489775499874,0.001806537587746055,7.148980414358936e-05,1.0
1.7359,0.0018248199443251037,0.0017622873305089442,7.107533164814449e-05,1.0
1.7369,0.0018218568147783116,0.001839825933715245,7.077884302828674e-05,1.0
1.7378,0.0018162300516098727,0.0017322111718134827,7.06584350709147e-05,1.0
1.7388,0.0018082570138987474,0.0018962750828023583,7.080236375310734e-05,1.0
1.7398,0.0018040000000000144,0.0019150628412800443,7.123597174269608e-05,1.0
1.7407,0.001802332551873612,0.0017402201155660305,7.167335997385634e-05,1.0
1.7417,0.0018003051785705955,0.0017543670592280508,7.16453618484212e-05,1.0
1.7427,0.0017991672574109213,0.0018437737473915266,7.117047609915428e-05,1.0
1.7437,0.0017980284425219049,0.0018886948552862784,7.075072638667843e-05,1.0
1.7446,0.0017960067025012993,0.0017220109908417827,7.076194278297733e-05,1.0
1.7456,0.0017949999999999388,0.0018002703001830213,7.112183091307817e-05,1.0
1.7466,0.0017977452375025546,0.0017922257684912892,7.146402727986622e-05,1.0
1.7475,0.001808290523976023,0.001831227683841632,7.138608371152289e-05,1.0
1.7485,0.0018208108025118592,0.0018332100431394725,7.095844162432746e-05,1.0
1.7495,0.0018304581064211643,0.0018112527627928675,7.068888269119509e-05,1.0
1.7504,0.0018348039197030157,0.0018299603527903575,7.07319131251675e-05,1.0
1.7514,0.0018389612478199478,0.0017876535794031495,7.094530812448118e-05,1.0
1.7524,0.0018426349509438023,0.0016798553736894568,7.116726654302113e-05,1.0
1.7534,0.0018389488559888204,0.0018306737183677827,7.127696179045816e-05,1.0
1.7543,0.0018358735821752234,0.0018975744873115793,7.12571471914931e-05,1.0
1.7553,0.0018319131320266976,0.0019034071864887211,7.118147314979222e-05,1.0
1.7563,0.001824759900069222,0.0018239285885095179,7.11369058721161e-05,1.0
1.7572,0.0018175870094516568,0.001692487181569157,7.11757897033948e-05,1.0
1.7582,0.001811068112071267,0.001778499935145332,7.134309028989776e-05,1.0
1.7592,0.0018121092079788062,0.0017863114125974573,7.163679326678801e-05,1.0
1.7601,0.0018178815972017977,0.0017964217847238739,7.199113805523114e-05,1.0
1.7611,0.0018247156295253919,0.0017439967397141786,7.234260988085969e-05,1.0
1.7621,0.0018269248078678346,0.0018175827930954562,7.251252848741746e-05,1.0
1.7631,0.0018259373256970094,0.001846452424052501,7.240248717772408e-05,1.0
1.764,0.0018247367032774196,0.0018544947090898337,7.223730677097591e-05,1.0
1.765,0.0018190537425586855,0.0019180608468739365,7.214884306634487e-05,1.0
1.766,0.0018042466725238183,0.0017723927572804946,7.20957825266781e-05,1.0
1.7669,0.00179482821178241,0.00184798489715667,7.211624511116831e-05,1.0
1.7679,0.0017914130031337296,0.0019148802584506965,7.224876746557394e-05,1.0
1.7689,0.001786662660524866,0.001803223540705716,7.247116080606194e-05,1.0
1.7698,0.0017877696935701779,0.0017291769645789371,7.279075820747455e-05,1.0
1.7708,0.0017931571438991652,0.0017264166998846254,7.322708166464664e-05,1.0
1.7718,0.0018037043416713617,0.001776368074098946,7.364915397279117e-05,1.0
1.7728,0.0018160816482857066,0.0017782331816108134,7.377920050891442e-05,1.0
1.7737,0.0018252665121995454,0.0019110242528806414,7.355128038644479e-05,1.0
1.7747,0.0018229160776942464,0.001923469821522389,7.328994046494199e-05,1.0
1.7757,0.00180624416459072,0.0018373977743091543,7.322050710367892e-05,1.0
1.7766,0.0017918928867939564,0.0016574201751417105,7.327732892745421e-05,1.0
1.7776,0.0017828508533048002,0.0017749251125980916,7.335093186244952e-05,1.0
1.7786,0.0017841388752619018,0.0018460050260329054,7.34167853775338e-05,1.0
1.7795,0.0017901663478425312,0.0017890788205002614,7.344777877545449e-05,1.0
1.7805,0.0017981393855536164,0.0017621009840621592,7.350537859785517e-05,1.0
1.7815,0.0017889681506146745,0.0018584326021618676,7.36572989266089e-05,1.0
1.7824,0.001787040969301899,0.0017485007681288663,7.393387764931707e-05,1.0
1.7834,0.0017874633528029208,0.0017939931429345672,7.426689216112263e-05,1.0
1.7844,0.0017834112399368741,0.0017821487096387357,7.447525743762597e-05,1.0
1.7854,0.0017777162130003397,0.001799355206658994,7.440154729879943e-05,1.0
1.7863,0.0017730731484103027,0.0017096611672249007,7.414393293736424e-05,1.0
1.7873,0.0017772001212058343,0.0017983541268129987,7.390735650766205e-05,1.0
1.7883,0.0017908616013581696,0.0018008878951952813,7.376139954154361e-05,1.0
1.7892,0.001807320183695283,0.0017616822849228437,7.372453152419971e-05,1.0
1.7902,0.001822993092860637,0.0017593646932143802,7.382404907613629e-05,1.0
1.7912,0.0018198153470242052,0.0017885733472369314,7.405310618868829e-05,1.0
1.7922,0.0018167998074042708,0.0016342708352494698,7.43576701663869e-05,1.0
1.7931,0.0018148781353770228,0.0017737705436471863,7.46317462734287e-05,1.0
1.7941,0.0018091831084405317,0.0018307781691579814,7.475658605833553e-05,1.0
1.7951,0.0018044932562234109,0.0018396399093976235,7.472178463324067e-05,1.0
1.796,0.0018008906432132137,0.0018086439443680206,7.474538132470214e-05,1.0
1.797,0.001800999033751988,0.0019241905102287311,7.499705649514492e-05,1.0
1.798,0.001804412894421449,0.0018372761702608726,7.538800598112356e-05,1.0
1.7989,0.0018074874995499255,0.0017179686903446019,7.569752806606716e-05,1.0
1.7999,0.0018070318280960372,0.0018624389639389583,7.586575307017122e-05,1.0
1.8009,0.001797143667859762,0.0017354425007639351,7.602720266227452e-05,1.0
1.8019,0.001787788097108178,0.0017861783935750383,7.632477539909785e-05,1.0
1.8028,0.0017804600015525198,0.0018196927638740082,7.666538620592763e-05,1.0
1.8038,0.0017790000000000162,0.0018528342797079888,7.673405463924087e-05,1.0
1.8048,0.0017795478742247126,0.0016922353658743038,7.650036881418265e-05,1.0
1.8057,0.0017805728297223787,0.001782409658234969,7.640264020011263e-05,1.0
1.8067,0.0017817118351095879,0.0018481300567253737,7.674392797537274e-05,1.0
1.8077,0.001783699745065461,0.0017778233786076947,7.732469047128978e-05,1.0
1.8086,0.0017857493140843522,0.0017501922249711858,7.76869886004099e-05,1.0
1.8096,0.0017879863375704981,0.0018457409315027816,7.762237894931137e-05,1.0
1.8106,0.0017870000000000381,0.0017921865618858762,7.729861611630838e-05,1.0
1.8116,0.001789040762012807,0.0018150638298705074,7.699418719942655e-05,1.0
1.8125,0.0017946325369737185,0.0018855800465389636,7.691486169631246e-05,1.0
1.8135,0.001790091563222678,0.0018003620790351955,7.714780857807347e-05,1.0
1.8145,0.0017806265409987248,0.0017500792637048046,7.76880731223335e-05,1.0
1.8154,0.0017771446319355406,0.001918792856716335,7.823349492127491e-05,1.0
1.8164,0.0017759999999999623,0.0018375030317724914,7.844577548699955e-05,1.0
1.8174,0.0017804816551124372,0.0017480631002857968,7.827837043858043e-05,1.0
1.8183,0.0018003278546642374,0.0018684649562181162,7.79012653211804e-05,1.0
1.8193,0.0018544743098301742,0.0017692085042480075,7.748683293231705e-05,1.0
1.8203,0.0018627926333695634,0.0018876577901673175,7.720852204790983e-05,1.0
1.8212,0.0018668929984542602,0.001948656670243632,7.716008814931142e-05,1.0
1.8222,0.001868191463700729,0.0019273536951706814,7.72981259616728e-05,1.0
1.8232,0.0018415006738719134,0.0018099121531593766,7.743643163291486e-05,1.0
1.8242,0.0018052201790080317,0.0018065125215527642,7.746900219716178e-05,1.0
1.8251,0.0017960081603586385,0.001880016310386835,7.746572268295729e-05,1.0
1.8261,0.0017941970480656456,0.0017036480141225034,7.752107225320864e-05,1.0
1.8271,0.0017892902133916618,0.0017977554877087619,7.769998723023657e-05,1.0
1.828,0.0017851367487815215,0.0017991367910560683,7.801275776120189e-05,1.0
1.829,0.0017810000000000959,0.0016899161198353808,7.832831801524127e-05,1.0
1.83,0.0017817313539248163,0.0017243498745765163,7.846392297774404e-05,1.0
1.8309,0.0017853437006957028,0.001681759433220532,7.842360702764846e-05,1.0
1.8319,0.001794708437370051,0.001723705715423758,7.828976503883261e-05,1.0
1.8329,0.001801907742202029,0.0019064157969405032,7.820273093504157e-05,1.0
1.8339,0.0017934707026730787,0.0017804172582166833,7.833431848646786e-05,1.0
1.8348,0.0017829042715364332,0.0017093319961199646,7.87986661400696e-05,1.0
1.8358,0.0017732113741307886,0.001911660507345743,7.965483304179185e-05,1.0
1.8368,0.0017700251043055043,0.001823217065171318,8.071049995836868e-05,1.0
1.8377,0.0017720228003326943,0.0016671978014489858,8.139215542937996e-05,1.0
1.8387,0.001774300811107104,0.0017978529318451886,8.123459061504735e-05,1.0
1.8397,0.0017748428993311976,0.0018130790743178294,8.054846163259562e-05,1.0
1.8407,0.0017702868777820576,0.001816392050180485,8.006005948885558e-05,1.0
1.8416,0.0017666402918439764,0.001738026789861462,8.002203862996916e-05,1.0
1.8426,0.0017649999999999285,0.0017348888506747622,8.016048926237624e-05,1.0
1.8436,0.0017671903236232747,0.0017395762015133835,8.011777659389164e-05,1.0
1.8445,0.001770265190115824,0.0017102941764365867,7.992748017665298e-05,1.0
1.8455,0.0017745762750368138,0.0018674295666386038,7.97517285263324e-05,1.0
1.8465,0.0017802315190255649,0.0017352820300568818,7.973405414134823e-05,1.0
1.8474,0.0017874057453837802,0.0018355035575027751,7.977714617167636e-05,1.0
1.8484,0.0017955671686332064,0.0018740435147219605,7.976919882330876e-05,1.0
1.8494,0.001803339605865514,0.0017095777666808437,7.977371567226327e-05,1.0
1.8504,0.0018055262289199748,0.0017367184002915442,7.99634569932863e-05,1.0
1.8513,0.001804501137648694,0.0017801869716190363,8.041816655829976e-05,1.0
1.8523,0.0018039999999999983,0.001708985456101664,8.098154458008421e-05,1.0
1.8533,0.0018001220079999934,0.001862213507370685,8.130626378248541e-05,1.0
1.8542,0.0017909931032880921,0.001773728436418386,8.130132196875877e-05,1.0
1.8552,0.0017805427444735494,0.0017202510276029658,8.117267110916e-05,1.0
1.8562,0.0017726857413116822,0.0018186416948133123,8.102390608990264e-05,1.0
1.8571,0.0017691035380185923,0.001622448772831912,8.085165855733348e-05,1.0
1.8581,0.0017709660895136867,0.0017843569152242707,8.071715150611659e-05,1.0
1.8591,0.0017766627439442769,0.001753937449111267,8.060217227630493e-05,1.0
1.8601,0.0017815193973793443,0.0018175254039351529,8.052742494082768e-05,1.0
1.861,0.0017820000000000169,0.00178777283988663,8.060259396221153e-05,1.0
1.862,0.0017847334330565972,0.0016967666260818367,8.078627402340661e-05,1.0
1.863,0.001793392852757149,0.001872068838107999,8.091677502262245e-05,1.0
1.8639,0.0017882305584258618,0.0018805640655820824,8.095907177348197e-05,1.0
1.8649,0.0017741925874071045,0.0018206000235190159,8.104013378909678e-05,1.0
1.8659,0.0017642548541718893,0.0017071039394593863,8.122581892367992e-05,1.0
1.8668,0.0017594469303741612,0.0017829057566001955,8.143562252030677e-05,1.0
1.8678,0.0017642961032319686,0.001788866866813879,8.158827587156238e-05,1.0
1.8688,0.0017738341646216964,0.0017731761004687232,8.170579728055983e-05,1.0
1.8698,0.0017852137669539098,0.0017771722370139673,8.19006818250109e-05,1.0
1.8707,0.0017911799583520713,0.0018086181988372428,8.240189458752866e-05,1.0
1.8717,0.00179127101543661,0.0017961823038717367,8.342615645513854e-05,1.0
1.8727,0.0017909999999998977,0.0019688795341319563,8.479574939225932e-05,1.0
1.8736,0.0017901081935037617,0.0017865910969125118,8.622578428401445e-05,1.0
1.8746,0.001783815128700103,0.0018658825206198928,8.774377110315183e-05,1.0
1.8756,0.0017769819110184657,0.0015856982330257838,8.85313067894836e-05,1.0
1.8765,0.0017710261361593169,0.0017450017821126443,8.770649480119972e-05,1.0
1.8775,0.0017730011717500755,0.0018993828227734945,8.587530272366447e-05,1.0
1.8785,0.0018024458262241197,0.0017935768639646807,8.42119494654168e-05,1.0
1.8795,0.0018470310823704328,0.0018555363494980111,8.314866708428408e-05,1.0
1.8804,0.0018896897274703309,0.0018475126666766574,8.260521659195708e-05,1.0
1.8814,0.0018709230960854849,0.002059753599799893,8.244386853168613e-05,1.0
1.8824,0.001808018132377048,0.0018284728762463212,8.251222227558201e-05,1.0
1.8833,0.0017711294758940986,0.0018050185653007307,8.267509977608218e-05,1.0
1.8843,0.0017600000000000755,0.0019193293632902072,8.292049919566378e-05,1.0
1.8853,0.0017608612311848168,0.0016859874291001674,8.322857181454798e-05,1.0
1.8862,0.0017668831595245207,0.0017462015703783506,8.350112734238108e-05,1.0
1.8872,0.0017850920928850402,0.0017530876197904687,8.37245044740108e-05,1.0
1.8882,0.0018041370809291344,0.0019042123802440116,8.402888059639862e-05,1.0
1.8892,0.0018053759810811667,0.0017907983571439042,8.450170920349134e-05,1.0
1.8901,0.001801956711997425,0.0016682469590742044,8.497611371496111e-05,1.0
1.8911,0.0017985396958353596,0.0018629719899074387,8.52096436770704e-05,1.0
1.8921,0.001799917942003788,0.0017659790341293944,8.533957675032533e-05,1.0
1.893,0.0018049147137411867,0.0019513945861615628,8.544450411268557e-05,1.0
1.894,0.0018108535009571656,0.001810538173738683,8.534951777590535e-05,1.0
1.895,0.0018125664285298163,0.001757634381785503,8.507166650091502e-05,1.0
1.8959,0.0017917092018040273,0.0017662419530256844,8.478160150417092e-05,1.0
1.8969,0.0017654763652567448,0.0019157034536477948,8.469135359858462e-05,1.0
1.8979,0.0017563106303297477,0.0018141415717244998,8.486205511213084e-05,1.0
1.8988,0.0017550000000000241,0.001706193459923508,8.511238606615498e-05,1.0
1.8998,0.0017542734134735382,0.0018316090432122004,8.51604985083167e-05,1.0
1.9008,0.0017540000000000819,0.0018101820733586202,8.514320276333643e-05,1.0
1.9018,0.0017539999999999646,0.0017881807897783366,8.537043776445758e-05,1.0
1.9027,0.0017539999999999483,0.0016707081488527846,8.576798776982319e-05,1.0
1.9037,0.0017541674192336765,0.0017602693082635543,8.594647438460956e-05,1.0
1.9047,0.0017553064246209845,0.001876351934777426,8.567537406066034e-05,1.0
1.9056,0.0017566627602370241,0.0017150410864053916,8.527043780359371e-05,1.0
1.9066,0.0017589407710117196,0.001793218518821264,8.517671665318558e-05,1.0
1.9076,0.0017624347904625453,0.0017396760332104866,8.537855530473291e-05,1.0
1.9086,0.0017669884862183314,0.0016367185514956405,8.565835895813057e-05,1.0
1.9095,0.001771861064128894,0.0017737814507090034,8.57335703657175e-05,1.0
1.9105,0.0017711775635738509,0.001774454563804609,8.561777988014651e-05,1.0
1.9115,0.0017699999999999806,0.0016593226720453926,8.545801504437051e-05,1.0
1.9124,0.0017699249064302039,0.0017864714180356152,8.533464166915468e-05,1.0
1.9134,0.0017694260910660342,0.0019759251762329236,8.530303590215899e-05,1.0
1.9144,0.00177170383029327,0.0018345815774606954,8.541592866587867e-05,1.0
1.9153,0.0017745080256711865,0.00171290611472457,8.56597740517785e-05,1.0
1.9163,0.0017785480354153413,0.0018027939040785204,8.594124291708264e-05,1.0
1.9173,0.0017832706819432944,0.0018677824723735375,8.616697541416006e-05,1.0
1.9182,0.0018053650121319632,0.001792257825130406,8.640584874306419e-05,1.0
1.9192,0.0018632444977293914,0.0018791620867342025,8.68239579952491e-05,1.0
1.9202,0.0019380994854885285,0.0018306517132600456,8.738765145123543e-05,1.0
1.9212,0.0019252042970593175,0.0018288941795703557,8.780579301341553e-05,1.0
1.9221,0.0018538885917706372,0.0019026175648681012,8.7822044584703e-05,1.0
1.9231,0.0017921756297742954,0.0017980800551337308,8.746393041186677e-05,1.0
1.9241,0.0017600245855413411,0.0018516113839125252,8.705268096178133e-05,1.0
1.925,0.001753999999999955,0.0017372787037478333,8.68866797137174e-05,1.0
1.926,0.0017540000000000806,0.0018877586652125376,8.69712915813158e-05,1.0
1.927,0.0017547005077179262,0.0017641232633888724,8.707729924046256e-05,1.0
1.928,0.001755838422408659,0.0017250196009112046,8.710080455193079e-05,1.0
1.9289,0.0017585899889516615,0.001882747750973018,8.714948800149375e-05,1.0
1.9299,0.001765028020454845,0.0018282610428462535,8.733892065114485e-05,1.0
1.9309,0.0017805301162876024,0.0017207754364233024,8.767217701010863e-05,1.0
1.9318,0.0018000067191790683,0.0017808919372087968,8.794516941771546e-05,1.0
1.9328,0.001784829239916951,0.0017352925786704632,8.802308369884162e-05,1.0
1.9338,0.001768126648314253,0.001720184798447122,8.802191164035906e-05,1.0
1.9347,0.001759191260544198,0.0017613835043757962,8.798708113954522e-05,1.0
1.9357,0.0017547857427401713,0.0018095796813398688,8.789710090739233e-05,1.0
1.9367,0.0017532540017564978,0.001757660713595388,8.790483725739024e-05,1.0
1.9377,0.0017529999999999822,0.0016629548487518723,8.80474427514837e-05,1.0
1.9386,0.001752999999999957,0.0016700800897890872,8.839277423265972e-05,1.0
1.9396,0.0017530000000000134,0.001706858310416241,8.879239185709663e-05,1.0
1.9406,0.001753373661901523,0.0017919923120006654,8.90976475949906e-05,1.0
1.9415,0.001756482505137908,0.0018293247884400721,8.941974419090255e-05,1.0
1.9425,0.001768657462344714,0.001669770825273783,9.003528379096844e-05,1.0
1.9435,0.0017712268345860852,0.0017931077309049728,9.096937699901884e-05,1.0
1.9444,0.001758431931159002,0.0017725994048161883,9.193130378611731e-05,1.0
1.9454,0.0017579578574664799,0.0017235423770674439,9.244545349085602e-05,1.0
1.9464,0.0017684994945135616,0.0018058613098725393,9.207821824193617e-05,1.0
1.9473,0.001787331600806091,0.0018682351658104914,9.124094299542448e-05,1.0
1.9483,0.001811044464293561,0.0018960542710558688,9.058815056239715e-05,1.0
1.9493,0.0018350559409799681,0.001961793903310785,9.041057748302238e-05,1.0
1.9503,0.0018531414281893358,0.001767839352988676,9.054262297124359e-05,1.0
1.9512,0.001835673839108537,0.0016564586225770827,9.045417882727689e-05,1.0
1.9522,0.0017903290512900731,0.001813170933835043,9.001141919344442e-05,1.0
1.9532,0.0017629877680558424,0.0017567869658404935,8.965199858851827e-05,1.0
1.9541,0.001753763039730071,0.0017946374942319205,8.954893637588249e-05,1.0
1.9551,0.0017533964909094996,0.001682783428818771,8.95541928605549e-05,1.0
1.9561,0.0017606969205469962,0.001731674204872859,8.96420042579858e-05,1.0
1.9571,0.001779570168201909,0.0016830042543009664,8.9890407871521e-05,1.0
1.958,0.0018089981751077892,0.0018962621266581084,9.026864440509303e-05,1.0
1.959,0.001805610576116948,0.0018394242502413837,9.063751708301863e-05,1.0
1.96,0.0018000574255316048,0.0017447893472007316,9.07971142797352e-05,1.0
1.9609,0.0018179958080126472,0.0018842992358240889,9.078877878194209e-05,1.0
1.9619,0.00184630290392487,0.001865029898754284,9.087891826219865e-05,1.0
1.9629,0.0018321108859847175,0.0018828410070132909,9.112670947706856e-05,1.0
1.9638,0.0017988580822085414,0.00184017738410628,9.126663636342855e-05,1.0
1.9648,0.001772125280393283,0.0017143924396461326,9.117270127638256e-05,1.0
1.9658,0.0017590553276914064,0.001788280120485991,9.09447721270952e-05,1.0
1.9668,0.0017591079319767618,0.00171829207197076,9.093783995244881e-05,1.0
1.9677,0.0017642733798015563,0.001692417882416563,9.115264625964146e-05,1.0
1.9687,0.001771661118188101,0.001800764167408516,9.143409885722485e-05,1.0
1.9697,0.0017802937532046994,0.0017985970126445058,9.166265354669051e-05,1.0
1.9706,0.0017826514704275293,0.0018660040517618115,9.188955271752126e-05,1.0
1.9716,0.0017815124650403288,0.0018206851510191163,9.22702147697268e-05,1.0
1.9726,0.0017797486161198154,0.0016802890815814202,9.2760905372552e-05,1.0
1.9735,0.0017763985724307567,0.0017879205410411556,9.303032758232784e-05,1.0
1.9745,0.0017607939228935772,0.0018489239903255786,9.30372996086995e-05,1.0
1.9755,0.001753287072427166,0.0018218070034311802,9.32337682326223e-05,1.0
1.9765,0.0017519999999999767,0.0017911774343579616,9.425227101393867e-05,1.0
1.9774,0.001751999999999997,0.0018106662156956966,9.636459248473434e-05,1.0
1.9784,0.0017522300592131019,0.002008749959379819,9.858468233724826e-05,1.0
1.9794,0.001753369064600465,0.0015728198397699563,9.926830371913347e-05,1.0
1.9803,0.0017543940200979247,0.001659827066777528,9.82398409194962e-05,1.0
1.9813,0.0017565990764558082,0.0016105043530852156,9.63602890982283e-05,1.0
1.9823,0.0017573287336677555,0.001784262623735911,9.476150489577604e-05,1.0
1.9832,0.0017570000000000443,0.0019262539696280965,9.414740813641098e-05,1.0
1.9842,0.001757834852805402,0.0016783231715281756,9.441958805122645e-05,1.0
1.9852,0.0017580000000000779,0.0017170059325682366,9.485976123021852e-05,1.0
1.9862,0.0017558872721939285,0.001887637468947632,9.475006734034763e-05,1.0
1.9871,0.0017549999999999309,0.0017371019018076151,9.418192244360418e-05,1.0
1.9881,0.0017555513710247482,0.0017463919476767848,9.362239097718068e-05,1.0
1.9891,0.0017578291102520363,0.0016205999320891792,9.331947486529245e-05,1.0
1.99,0.001758560353602766,0.001925964476068728,9.33270557326429e-05,1.0
1.991,0.0017568426964310348,0.0017223546282872882,9.369765368466496e-05,1.0
1.992,0.0017552824786018983,0.0016844532047232306,9.434721918901985e-05,1.0
1.9929,0.0017549999999997993,0.0018494744220692565,9.498184597900183e-05,1.0
1.9939,0.0017558803433306775,0.0017149945744090404,9.529393907998478e-05,1.0
1.9949,0.0017611547897443596,0.001638606205926155,9.50339733109768e-05,1.0
1.9958,0.0017694888398815535,0.0017853487251342406,9.475494589986101e-05,1.0
1.9968,0.0017816479095354599,0.0017335469720008388,9.464900837871696e-05,1.0
1.9978,0.0017861094156582452,0.0016858958510907037,9.447604065617814e-05,1.0
1.9988,0.0017767787300231137,0.001752001050847358,9.426722302081823e-05,1.0
1.9997,0.0017696040415404127,0.0016974211438346995,9.414564486090843e-05,1.0
2.0007,0.0017628792884496758,0.0018207301509200126,9.416331802575598e-05,1.0
2.0017,0.0017610000000000234,0.0017166528702250085,9.433956120147003e-05,1.0
2.0026,0.0017641488264168509,0.001874395995808252,9.45741632783926e-05,1.0
2.0036,0.00177425833856325,0.0018610377284555158,9.470886508197512e-05,1.0
2.0046,0.001794494425397837,0.0019139796963161247,9.473333611890879e-05,1.0
2.0056,0.0018147769322145574,0.0017943027030690832,9.472992065007604e-05,1.0
2.0065,0.0018088553204894224,0.0017564826492809278,9.47414432543432e-05,1.0
2.0075,0.0018031630646029595,0.0017778816702486158,9.482812694809762e-05,1.0
2.0085,0.0017974709613772916,0.0019114856193753844,9.502073484168137e-05,1.0
2.0094,0.0017854487059295976,0.00165097313563525,9.522273233995317e-05,1.0
2.0104,0.0017642743964229367,0.0017466155064062773,9.530041358257352e-05,1.0
2.0114,0.0017539568088853425,0.0018554059657931617,9.530640735075935e-05,1.0
2.0123,0.001752166270505903,0.0017177860720908548,9.538628532315173e-05,1.0
2.0133,0.0017520000000000057,0.001755282710388316,9.556140368092791e-05,1.0
2.0143,0.0017533318039496685,0.0016809329949248795,9.575225495847259e-05,1.0
2.0152,0.0017578958945654495,0.0016503647026016102,9.590767796640334e-05,1.0
2.0162,0.0017798842392489178,0.0019194327684525995,9.606243719909011e-05,1.0
2.0172,0.0018204536515062715,0.001797675997933719,9.623402706646383e-05,1.0
2.0182,0.0018294255879951371,0.0018368095350536988,9.641632091416907e-05,1.0
2.0191,0.0018084749250477988,0.001849832414004789,9.661126539954003e-05,1.0
2.0201,0.001787838286554052,0.0016813601708371353,9.680993098351456e-05,1.0
2.0211,0.0017753116193003485,0.0018589814588297624,9.698352275153626e-05,1.0
2.022,0.0017678445094462766,0.0017653657571051044,9.694020425827978e-05,1.0
2.023,0.0017681366916387222,0.0019130782117161157,9.688626666467258e-05,1.0
2.024,0.001777559560684597,0.0019222750610471588,9.68926001193439e-05,1.0
2.025,0.0017889509722941817,0.00181660430525371,9.690592513181546e-05,1.0
2.0259,0.0017934406643738661,0.0017897035662630643,9.693013045280264e-05,1.0
2.0269,0.001783868476971975,0.0016139436861542283,9.700911867189927e-05,1.0
2.0279,0.0017736247725763446,0.0016948215189864038,9.713291615572572e-05,1.0
2.0288,0.0017662687197188861,0.0018314830095238028,9.730576877270766e-05,1.0
2.0298,0.00175943550203727,0.0018388531436008897,9.752828986080676e-05,1.0
2.0308,0.0017535005458927829,0.0017602376689210353,9.768989678131116e-05,1.0
2.0317,0.0017520752894545873,0.001754823097701266,9.772302861991542e-05,1.0
2.0327,0.0017571288295737228,0.0017609632073527376,9.774468826307651e-05,1.0
2.0337,0.0017750079118386529,0.0016850411838348657,9.785487343269369e-05,1.0
2.0347,0.0017742336722614172,0.0016939416561465857,9.802835917805544e-05,1.0
2.0356,0.0017620756539799053,0.001622717637555587,9.819785227045257e-05,1.0
2.0366,0.0017554859467595499,0.0017963322776576441,9.834735076311457e-05,1.0
2.0376,0.0017533571781163577,0.001818490602885156,9.846724590956023e-05,1.0
2.0385,0.001753667506346134,0.0016256236707734067,9.851570674427747e-05,1.0
2.0395,0.0017548063759597315,0.0016767387109805122,9.849663586822156e-05,1.0
2.0405,0.0017559452455733662,0.001690166562257464,9.850943686130493e-05,1.0
2.0414,0.0017569703368445649,0.0018973015225596298,9.858616048478385e-05,1.0
2.0424,0.001758218164437371,0.0018524514342345652,9.865823680936424e-05,1.0
2.0434,0.0017602472086669565,0.001640709719818102,9.868794298090428e-05,1.0
2.0443,0.0017612722999381886,0.0018577006619922606,9.871219226305271e-05,1.0
2.0453,0.001762822339103568,0.0017198998015512234,9.877213402406449e-05,1.0
2.0463,0.0017645500391654503,0.0018386102643701762,9.885326551256316e-05,1.0
2.0473,0.001765688396276,0.0017556872408300921,9.893916093412099e-05,1.0
2.0482,0.0017681385832940956,0.0016479276600443135,9.909314495162624e-05,1.0
2.0492,0.0017741120135539572,0.00170972476602924,9.918931784096336e-05,1.0
2.0502,0.0017809452312357052,0.0017305869503960885,9.9302454368859e-05,1.0
2.0511,0.0017809361474248392,0.0018148945477933008,9.944398652515385e-05,1.0
2.0521,0.0017762267169453224,0.001901134877123375,9.960883137105961e-05,1.0
2.0531,0.0017711214951013558,0.0017481217355082353,9.973365891362093e-05,1.0
2.0541,0.0017681365908403402,0.0017686913592027368,9.980013372181071e-05,1.0
2.055,0.0017665432041489059,0.001663562256173691,9.986916594680269e-05,1.0
2.056,0.0017654043345354065,0.0017714887687942482,0.00010001242029777466,1.0
2.057,0.0017657345350782783,0.0018784797529441347,0.00010025757456164139,1.0
2.0579,0.001767517524311283,0.0016929263456580668,0.00010058905204972626,1.0
2.0589,0.001772488142791181,0.0018056082637530938,0.00010095641669212155,1.0
2.0599,0.0017578540073125912,0.0016435334891634465,0.00010128788393147346,1.0
2.0608,0.0017539384105569444,0.0017651375541016157,0.00010153648428303063,1.0
2.0618,0.0017529999999999853,0.0017979481106588221,0.00010180732575044621,1.0
2.0628,0.001752999999999987,0.0018173653883363408,0.00010225712510565416,1.0
2.0638,0.0017553866543954563,0.001772187792916976,0.0001026254132794281,1.0
2.0647,0.001764025807235183,0.0016526598019365056,0.00010262864298831952,1.0
2.0657,0.0017834671270417451,0.0017283355544663172,0.00010245263846880512,1.0
2.0667,0.001809723873060399,0.001697405486417534,0.00010235495886503508,1.0
2.0676,0.0018270650482177483,0.0016726101553068012,0.00010240866342935194,1.0
2.0686,0.001812083317107148,0.0016000133755908075,0.00010264524910306653,1.0
2.0696,0.0017926038839909224,0.001686215979974649,0.00010306562693462673,1.0
2.0705,0.0017757166696605183,0.00201576785273904,0.00010338228187815071,1.0
2.0715,0.001763523487864499,0.0016284071148446777,0.0001033182539143549,1.0
2.0725,0.0017586154829768907,0.0017934297624774957,0.00010306835636840723,1.0
2.0735,0.0017569546287379792,0.0017793613803250253,0.00010289143718512767,1.0
2.0744,0.0017554522230977556,0.0019516003933784532,0.0001029192741824091,1.0
2.0754,0.0017543130819369188,0.0017882802364875745,0.00010303974379618506,1.0
2.0764,0.0017540000000000793,0.001803619986431785,0.00010325105434949567,1.0
2.0773,0.0017540000000000238,0.001753579953561679,0.00010344783121359596,1.0
2.0783,0.001754988622567721,0.0018121975921802321,0.00010350144012492244,1.0
2.0793,0.0017573824376690328,0.0017659188270543677,0.00010339428083191348,1.0
2.0802,0.001760457711482595,0.0017782854211839698,0.00010326746868543432,1.0
2.0812,0.0017635828802156106,0.0018290967850661181,0.00010328001681718313,1.0
2.0822,0.0017667203656609942,0.0017971052498849528,0.00010350452941488331,1.0
2.0831,0.0017703636007634779,0.001729122127409999,0.0001038514248886537,1.0
2.0841,0.0017749670160071465,0.0016439119758562663,0.00010410884324775073,1.0
2.0851,0.0017733386359247412,0.0016521442431811234,0.00010413834693274195,1.0
2.0861,0.0017659001021678624,0.001722663932359727,0.00010406777052062034,1.0
2.087,0.0017658962336999323,0.0017971857069406353,0.00010409232106377159,1.0
2.088,0.0017787189540818674,0.0018735994087910992,0.00010432631110521417,1.0
2.089,0.0017970958392548694,0.0017992449592894575,0.00010481373676059307,1.0
2.0899,0.0017832432769566509,0.001771807632872622,0.0001055707699073543,1.0
2.0909,0.0017609664023362445,0.001615998757134032,0.00010658736562367351,1.0
2.0919,0.001754523792431949,0.001787710234535907,0.00010748476812418836,1.0
2.0929,0.0017540000000000537,0.0016977425314515062,0.00010745726823611728,1.0
2.0938,0.0017546390295006477,0.001773742672624796,0.00010653123700679131,1.0
2.0948,0.0017557778991142226,0.0017911515726317332,0.0001055521664116539,1.0
2.0958,0.0017578335374558826,0.001894838279415371,0.00010504702995310198,1.0
2.0967,0.0017589418599990366,0.0017988438743027925,0.00010493010821483827,1.0
2.0977,0.001760239586623677,0.0017621015573224604,0.00010491886805767733,1.0
2.0987,0.0017636561954645347,0.001807927946989206,0.00010495998572499186,1.0
2.0996,0.0017669752923708587,0.0018449389123405368,0.00010508755157930573,1.0
2.1006,0.0017719134635317145,0.0018115205754811892,0.00010528702141917333,1.0
2.1016,0.0017781293739196724,0.0016854911759752688,0.00010539242850071149,1.0
2.1026,0.0017809999999997092,0.0017048652270304763,0.00010541395460468064,1.0
2.1035,0.001777578078736995,0.0017801800560502542,0.00010544750105430292,1.0
2.1045,0.0017735294237592944,0.001859129220828423,0.00010562477062359882,1.0
2.1055,0.0017691504198913855,0.0016534396876739684,0.00010595414820122929,1.0
2.1064,0.0017660375411049202,0.0017523873088647103,0.0001063173120691303,1.0
2.1074,0.0017639999999999486,0.0020219522197018978,0.00010665962397305691,1.0
2.1084,0.001763999999999984,0.0019439016425301277,0.0001070962907473536,1.0
2.1093,0.001764578355689263,0.0018895471910871516,0.00010757271412932328,1.0
2.1103,0.0017681415950280316,0.0017864708061354226,0.0001075582441375557,1.0
2.1113,0.0017732687544767837,0.0017178034215800623,0.00010699286123125714,1.0
2.1122,0.0017744083939206577,0.0016936014337811667,0.00010651661827938463,1.0
2.1132,0.0017740000000000303,0.0019204438552802615,0.00010635780700182455,1.0
2.1142,0.0017748691517127588,0.0017902811548244696,0.0001064896193271918,1.0
2.1152,0.0017750320853057618,0.0018470871404149354,0.00010700154655173258,1.0
2.1161,0.0017792317881833197,0.0016718809920986157,0.00010786113495278413,1.0
2.1171,0.0017873742924366398,0.0016688665309810848,0.00010854994623057353,1.0
2.1181,0.0017967874158542195,0.0019615611074124354,0.00010861904308267939,1.0
2.119,0.001806348041438844,0.0017406237915994775,0.00010838326165770196,1.0
2.12,0.0018106316312125484,0.0017645449437502481,0.00010819094307031576,1.0
2.121,0.0017920668121199279,0.001788327673801147,0.00010819626129887363,1.0
2.122,0.0017744831546793786,0.0017894029201020634,0.00010853520566634312,1.0
2.1229,0.0017696723237022552,0.001739480941519702,0.00010911940690938661,1.0
2.1239,0.0017680854935353003,0.0017374540348077743,0.00010972380380918488,1.0
2.1249,0.0017681609428769475,0.001872563620591003,0.00011022573669943982,1.0
2.1258,0.0017712354020485803,0.0017342578371388369,0.00011058298611937127,1.0
2.1268,0.001774435217021053,0.0016034873625868488,0.00011057454323611469,1.0
2.1278,0.0017770682177233198,0.0017542316782114585,0.00011016295757206139,1.0
2.1287,0.0017805217217725508,0.0017418452410831032,0.00010958076910269954,1.0
2.1297,0.0017861158003405655,0.001797304875920151,0.00010908077675204275,1.0
2.1307,0.0017936090885241863,0.0017526708854692027,0.00010878774639658483,1.0
2.1316,0.0018000995656492482,0.0017326798016719385,0.00010869623913567742,1.0
2.1326,0.0018077502654404237,0.0016960545770500681,0.00010876272388198785,1.0
2.1336,0.0018157209293479023,0.0018735087343569417,0.00010892388953569681,1.0
2.1346,0.0018015149643360328,0.0017782018089773893,0.00010912989164293969,1.0
2.1355,0.0017862626889170777,0.001844704562549212,0.00010931163714617032,1.0
2.1365,0.00177137036737605,0.0019259461912281288,0.00010939171253687332,1.0
2.1375,0.001761188471233133,0.0015108596818653864,0.00010936037251780572,1.0
2.1384,0.0017565739432576267,0.001793036987168728,0.00010928516199834087,1.0
2.1394,0.0017565649263559869,0.0018278478547018994,0.00010921282337512788,1.0
2.1404,0.001757703795969549,0.001610163418610133,0.00010918281727469621,1.0
2.1414,0.0017596858742612057,0.0016795174613936845,0.0001092410818541799,1.0
2.1423,0.0017608677568545423,0.0019415628094088572,0.0001093828962911835,1.0
2.1433,0.0017620000000000391,0.0018756200042165739,0.0001095535246835726,1.0
2.1443,0.0017620000000001218,0.0016842086659037661,0.0001096998286732398,1.0
2.1452,0.0017620000000000224,0.0016763248678642493,0.00010985090808702128,1.0
2.1462,0.001761999999999996,0.0017488603676456779,0.00011002711242814322,1.0
2.1472,0.001762000000000062,0.001738107322470495,0.00011023296482648478,1.0
2.1481,0.0017619999999999585,0.0017240628914907757,0.00011050527617347486,1.0
2.1491,0.001761999999999964,0.001619719122003295,0.00011079670999357248,1.0
2.1501,0.0017619999999999977,0.0017578950346135117,0.00011098337821489329,1.0
2.1511,0.0017628882918823648,0.0019164355817789616,0.00011105448352161012,1.0
2.152,0.0017629999999999298,0.001684989821871,0.00011107552813115215,1.0
2.153,0.0017662569268124832,0.001874475178175375,0.00011108279255037378,1.0
2.154,0.001772141529856623,0.0018544680089391708,0.00011106492803974136,1.0
2.1549,0.0017782920774838242,0.0019141286867573395,0.00011102410898824916,1.0
2.1559,0.0017858337268873005,0.0019084281120578918,0.0001110211251727915,1.0
2.1569,0.001792479256423488,0.0018282331849615683,0.00011111389384772825,1.0
2.1578,0.0017950351744772657,0.0017768042786390776,0.00011128429052351153,1.0
2.1588,0.0017966559074071794,0.0015568056399484663,0.00011148267750703499,1.0
2.1598,0.0017985900971362234,0.0016853088676112675,0.00011166493557747714,1.0
2.1608,0.0017999339181817339,0.00185102969488995,0.00011184350600602318,1.0
2.1617,0.0017990409905471023,0.0017187952922106161,0.00011206797575958623,1.0
2.1627,0.0017934195593136708,0.0017665266693805092,0.00011239295752854501,1.0
2.1637,0.001786820593623044,0.001748268209526115,0.0001128659730292576,1.0
2.1646,0.0017819571960032284,0.0017887793544411265,0.00011350498306962464,1.0
2.1656,0.0017782003156795723,0.0018271954183769396,0.00011416903867670702,1.0
2.1666,0.001778077423547583,0.001700974515560454,0.00011453617466702752,1.0
2.1675,0.0017806894848923739,0.0017945690976609394,0.0001145081632632063,1.0
2.1685,0.0017855076685321053,0.002086714096400757,0.00011429857314128348,1.0
2.1695,0.0017912033743368947,0.001758480520394764,0.00011412292158270436,1.0
2.1705,0.0017968977224050798,0.0017565842240743188,0.0001140533277395832,1.0
2.1714,0.0017939721854867742,0.0017444875359109734,0.00011406245004042094,1.0
2.1724,0.0017872832894700217,0.0019281053693107942,0.00011414314986758093,1.0
2.1734,0.0017813125838363625,0.0019071838417535662,0.00011427078062015546,1.0
2.1743,0.0017754683635077826,0.0017202465577486402,0.00011443791405179927,1.0
2.1753,0.0017706644092637942,0.0017353394943736122,0.00011473041045977735,1.0
2.1763,0.001769584338073037,0.0017568062963781534,0.00011522913587018953,1.0
2.1772,0.0017700000000001371,0.0017556327256601958,0.00011595451732926118,1.0
2.1782,0.0017707471600056197,0.0017144639110818934,0.00011656768117426728,1.0
2.1792,0.0017709999999999052,0.001785622020712162,0.0001165542815092374,1.0
2.1801,0.0017719111208904406,0.0017244923201282726,0.00011596749029386148,1.0
2.1811,0.0017709999999999942,0.0016356293936304102,0.00011529975290142149,1.0
2.1821,0.0017709999999999623,0.0019592800475453837,0.00011485819064491564,1.0
2.1831,0.001770673137673399,0.0018160652162367058,0.00011463212361117033,1.0
2.184,0.001769999999999966,0.001804886909843437,0.00011452612918082105,1.0
2.185,0.0017709816464227068,0.0018555952116519313,0.00011457201341844142,1.0
2.186,0.0017738898931170825,0.0018767454982095647,0.00011478324931112077,1.0
2.1869,0.0017769643522884133,0.0017330292591369659,0.00011509584111194375,1.0
2.1879,0.0017811720881718565,0.0019392217839984713,0.00011535964916000268,1.0
2.1889,0.0017857266236741608,0.0016580861225887564,0.00011540623837143987,1.0
2.1899,0.001790423153192968,0.0019255585169759306,0.00011530678111696828,1.0
2.1908,0.001796573700820113,0.001956838569426222,0.0001152144848106233,1.0
2.1918,0.001803408547786016,0.001909966984347166,0.00011517944306104304,1.0
2.1928,0.0018102392151087717,0.0018718454891552628,0.0001152027887637015,1.0
2.1937,0.0018163854793817398,0.0015980744732832515,0.00011528759367627281,1.0
2.1947,0.0018205364495105954,0.0017716300416320877,0.00011542502150552281,1.0
2.1957,0.0018189740426274934,0.001883058046699287,0.00011557867999241,1.0
2.1966,0.0018165991792091498,0.00189757613334482,0.00011572715863273096,1.0
2.1976,0.0018134850244098614,0.0017772555727136338,0.000115857248119114,1.0
2.1986,0.0018100681533466606,0.001832341677730693,0.00011595347579269792,1.0
2.1996,0.0018085807591572054,0.001990375756884793,0.00011606407491718245,1.0
2.2005,0.0018137062155129306,0.0018904792438645703,0.00011621193488028015,1.0
2.2015,0.001819400563581189,0.0016847979477845997,0.00011644340524008142,1.0
2.2025,0.001825093884551637,0.00194974202230084,0.00011672918969619357,1.0
2.2034,0.0018302146732442441,0.0015798695115533334,0.00011705843905963947,1.0
2.2044,0.0018324179241901058,0.0017845879751935505,0.00011740178429943704,1.0
2.2054,0.0018283952728828505,0.0017163887763182097,0.00011771804837445883,1.0
2.2063,0.0018232698165268886,0.0018068324419956339,0.00011797523653211638,1.0
2.2073,0.0018175754684587107,0.001916095387464588,0.0001181355740220251,1.0
2.2083,0.001811885457414726,0.0020004134612443816,0.00011821918022239902,1.0
2.2092,0.0018068568152773447,0.0018664434317120888,0.00011822696017646967,1.0
2.2102,0.0018034393917943934,0.0017620200996885536,0.00011813988861526086,1.0
2.2112,0.0018003485219691305,0.0019155152339266793,0.0001180271503762379,1.0
2.2122,0.001797607759807769,0.001824244540574864,0.0001179416198722823,1.0
2.2131,0.0017945343171556119,0.0017319596145979686,0.00011788600831067981,1.0
2.2141,0.00179362743056184,0.001887140685465986,0.00011788581478795759,1.0
2.2151,0.0017970662868908084,0.0018766722685927431,0.00011793690177407667,1.0
2.216,0.0018011666519755203,0.0019352391642956507,0.0001180032262126714,1.0
2.217,0.0018057221304299874,0.0018285948789491452,0.00011808089558406173,1.0
2.218,0.0018102730530757411,0.0018194767809896146,0.00011819802298959078,1.0
2.219,0.0018135851911401618,0.0019495073291409867,0.00011836635575693381,1.0
2.2199,0.0018115355516923701,0.0017776761850823073,0.00011854629222619005,1.0
2.2209,0.0018092572693706043,0.0017509676402684684,0.00011868815708208544,1.0
2.2219,0.0018069795301432852,0.0017740305726069074,0.00011879001153383025,1.0
2.2228,0.001805999999999983,0.0019095090941109042,0.00011895619218845328,1.0
2.2238,0.0018080191705829713,0.001726794513876605,0.00011930803999184164,1.0
2.2248,0.0018073756039561424,0.0018489696283877114,0.00011982047126462795,1.0
2.2257,0.0018069999999999933,0.00176613979357989,0.00012037947106483674,1.0
2.2267,0.0018089523178135205,0.0017603898227616507,0.00012072184543289457,1.0
2.2277,0.0018112277791363686,0.0017207825290927715,0.00012070236405931695,1.0
2.2286,0.0018120271341241436,0.001749839394223656,0.00012041903051914346,1.0
2.2296,0.0018021100936575275,0.0016966744283001384,0.0001200926338792943,1.0
2.2306,0.0017865791090181907,0.0017348500334356319,0.00011990975789282712,1.0
2.2316,0.0017734413877238642,0.0020093548705424494,0.00011989583079286299,1.0
2.2325,0.0017643576674043128,0.001987934133694022,0.0001199740240338866,1.0
2.2335,0.001757406584198825,0.0017369117490135737,0.00012011424353525855,1.0
2.2345,0.0017577151055476966,0.0017867425646636815,0.00012038416964057176,1.0
2.2354,0.0017624132202252387,0.001991550363848533,0.00012095786667341282,1.0
2.2364,0.001769150595610604,0.0019177449763940334,0.0001219318827738694,1.0
2.2374,0.0017774442484468796,0.001919810797056588,0.00012305378759046366,1.0
2.2384,0.001787387083848691,0.0017288058429760574,0.00012378806974538853,1.0
2.2393,0.001794293907009035,0.0017103105520802592,0.0001237301880061729,1.0
2.2403,0.0017983870390977166,0.0017908300330559915,0.00012302904124102124,1.0
2.2413,0.0018018044625806864,0.0018180542624873456,0.00012228043837585726,1.0
2.2422,0.0018055023789130401,0.0018177514971408387,0.00012187911631600017,1.0
2.2432,0.0018092929283785285,0.0017478071840494025,0.0001217487527231325,1.0
2.2442,0.0018127095372194415,0.0017519764662240484,0.00012178340944989461,1.0
2.2451,0.0018148565406885075,0.0017649015799420511,0.00012199594938594009,1.0
2.2461,0.0018171342799158266,0.0017159354512038772,0.00012237567423075573,1.0
2.2471,0.0018194120928837312,0.001724637339930348,0.00012278989418474837,1.0
2.2481,0.0018216880235605607,0.0015845564210141265,0.00012295383884151066,1.0
2.249,0.0018237382061030117,0.001842061108275439,0.00012275821413816263,1.0
2.25,0.001826015945330281,0.0015296038611133638,0.00012255936489881204,1.0
2.251,0.0018289405268363315,0.0018942193478483217,0.00012254697823128646,1.0
2.2519,0.001831343867099845,0.0015283101570826975,0.0001227113583378693,1.0
2.2529,0.001834429642244525,0.0017841215972921455,0.00012297115227155548,1.0
2.2539,0.0018368976107446123,0.001795476478034664,0.0001232050055470259,1.0
2.2548,0.0018379738966435753,0.0019854033649450375,0.0001232934268270463,1.0
2.2558,0.001840112766257182,0.001822700155681234,0.0001232440954626508,1.0
2.2568,0.0018415032717416192,0.001864208426512291,0.00012318690757855068,1.0
2.2578,0.0018433903324617928,0.001520379902270266,0.00012322379020031083,1.0
2.2587,0.0018444144578032967,0.0019170774646856726,0.00012336479576221284,1.0
2.2597,0.001844999999999995,0.0017802182228508561,0.00012363832154487877,1.0
2.2607,0.0018443075314219237,0.0016313356606012961,0.00012407672314081398,1.0
2.2616,0.0018439999999999696,0.0017133558990357401,0.00012464876681476573,1.0
2.2626,0.0018439999999999006,0.0019671433894892414,0.00012520053901325987,1.0
2.2636,0.0018430055683283492,0.0018793990312785639,0.0001255548072287099,1.0
2.2645,0.0018430192513954821,0.0019382367689672756,0.00012575144944806818,1.0
2.2655,0.0018441583925562874,0.0017811193825904242,0.0001258482210528709,1.0
2.2665,0.0018452972621700288,0.001866563520722527,0.00012575077193409384,1.0
2.2675,0.0018464356356155355,0.0019212492797434433,0.00012545008531700873,1.0
2.2684,0.0018474600841027363,0.001975907689254954,0.00012512413296922244,1.0
2.2694,0.0018474010462835853,0.002175953260593737,0.0001249688936200995,1.0
2.2704,0.0018447857153679197,0.0020332866117580665,0.00012501596118741083,1.0
2.2713,0.0018409472554061653,0.001962421941894092,0.00012516039971234092,1.0
2.2723,0.0018363917769516987,0.0019592253548070455,0.00012529012970739927,1.0
2.2733,0.0018328408543059765,0.0016433341192438565,0.0001254602951982717,1.0
2.2742,0.0018289351223051095,0.0017269048396229092,0.0001256408627358653,1.0
2.2752,0.00182800000000002,0.0017700585664953744,0.000125832234944305,1.0
2.2762,0.0018280000000001422,0.001897369875338269,0.0001260883914562017,1.0
2.2771,0.0018280000000000939,0.0018541133234941333,0.0001265951356791565,1.0
2.2781,0.0018280000000000518,0.0018839748908317856,0.00012773758954865043,1.0
2.2791,0.0018280000000000087,0.0015755815621454777,0.00012982094264788973,1.0
2.2801,0.0018319186058826033,0.0019959568687136714,0.0001324337088622314,1.0
2.281,0.0018378512454023139,0.0020085214482670837,0.00013422880434454926,1.0
2.282,0.0018446860923679808,0.0017580468958064198,0.00013397853410742957,1.0
2.283,0.0018525124763366825,0.0018736967423250254,0.0001320940787068327,1.0
2.2839,0.001858773527957933,0.0018142369349215426,0.00012994987003407137,1.0
2.2849,0.001864999999999954,0.001826999048713777,0.00012845053316896574,1.0
2.2859,0.0018642229704627488,0.0020236888099124197,0.00012781290753793235,1.0
2.2869,0.0018619452312356262,0.00184128887817295,0.00012769444040801564,1.0
2.2878,0.0018598963057482958,0.0017913799199176334,0.00012769502164861006,1.0
2.2888,0.001857619587370341,0.0016795896088240812,0.00012771779010162102,1.0
2.2898,0.0018561709240715225,0.0017294031949877265,0.00012787386793162037,1.0
2.2907,0.001853437498401167,0.0019122362310611172,0.00012835126685483051,1.0
2.2917,0.0018500208895603325,0.0018607863155643025,0.00012930217726950556,1.0
2.2927,0.001846606882933798,0.0020033320668046734,0.00013065816184867408,1.0
2.2936,0.0018435316091201896,0.0017383507452009785,0.0001320546362839923,1.0
2.2946,0.001840115000279502,0.0018361153126114091,0.00013314692060822027,1.0
2.2956,0.0018419048256841867,0.0018489418531898163,0.00013380961409370352,1.0
2.2966,0.001853303117495756,0.001986001458256531,0.00013396065177466747,1.0
2.2975,0.0018645686530762335,0.0019882215415077285,0.0001333709626875102,1.0
2.2985,0.0018778299913688853,0.0016738805846014313,0.00013248022608372559,1.0
2.2995,0.0018906217245046586,0.0016574068673199057,0.00013232161635329636,1.0
2.3004,0.0019027975219865704,0.0017658564302589258,0.00013340760738936278,1.0
2.3014,0.001896613368875117,0.0017005360248244015,0.00013507787668129697,1.0
2.3024,0.0018850463780738266,0.0018692781745350037,0.00013611768282506816,1.0
2.3033,0.0018739851495486741,0.0017707135179484475,0.0001358801720941873,1.0
2.3043,0.0018622531117329154,0.0020255324183573115,0.00013455474893073327,1.0
2.3053,0.0018502050418029341,0.001752368169535278,0.00013280798619182444,1.0
2.3062,0.0018414678903637034,0.001979212590709209,0.00013131186852186711,1.0
2.3072,0.0018341436519688083,0.0017550805217966558,0.00013040976210765466,1.0
2.3082,0.0018273128758041787,0.0016079573783699575,0.00013011295301251956,1.0
2.3092,0.001820478028838312,0.0018235987487086936,0.00013025623166893906,1.0
2.3101,0.0018143274812111238,0.0018408019503966617,0.0001305443609038799,1.0
2.3111,0.0018085057364705442,0.0018511391326947097,0.00013078527903777427,1.0
2.3121,0.0018164519566176475,0.0017379456486012173,0.0001310520919556796,1.0
2.313,0.0018277182247882673,0.0018156888178119312,0.0001313312871805417,1.0
2.314,0.0018402457905379427,0.0018958169291288004,0.0001314590916450764,1.0
2.315,0.0018527763433086775,0.0018903276144631848,0.00013149902428717097,1.0
2.316,0.0018653039090584392,0.0018843058675073695,0.00013161301221670084,1.0
2.3169,0.0018710672490112748,0.0020830465465779984,0.0001317341524836356,1.0
2.3179,0.0018695189679246455,0.0020341155296556123,0.00013180598795196078,1.0
2.3189,0.0018661021355214304,0.0018767563717548713,0.00013184001006610974,1.0
2.3198,0.0018630276763498055,0.001981873514917008,0.00013195151917117485,1.0
2.3208,0.0018586102528670729,0.001960432402100986,0.00013206611911185844,1.0
2.3218,0.0018551936440260872,0.0017985086513900822,0.00013222883922885904,1.0
2.3227,0.001851825830939149,0.0018916203359318872,0.0001326176816801712,1.0
2.3237,0.0018477051782281966,0.0019426190559086324,0.0001331869611029534,1.0
2.3247,0.001843717006327094,0.0019349022549530947,0.00013372720671129973,1.0
2.3256,0.0018402132955738127,0.0019189886827860937,0.00013411477491475913,1.0
2.3266,0.0018360611627878476,0.0019692847622133224,0.0001343517714060166,1.0
2.3276,0.0018332548298320302,0.001985075629686726,0.00013458843671772355,1.0
2.3286,0.0018340113095780075,0.001969542948286217,0.00013499789081247303,1.0
2.3295,0.0018350364008494116,0.0018950214465840959,0.00013529757813656547,1.0
2.3305,0.0018361752704628244,0.001846138068538764,0.0001350507812259962,1.0
2.3315,0.001839200881367074,0.0017746326039166495,0.0001346091774843597,1.0
2.3324,0.0018517996831205039,0.0021122406615228496,0.00013466432565146293,1.0
2.3334,0.0018636593651043278,0.0017372667624889317,0.00013520986393251823,1.0
2.3344,0.0018661610317012927,0.0018413331288897174,0.00013560309782239803,1.0
2.3354,0.0018805734206353928,0.001669062549928044,0.00013534850127553563,1.0
2.3363,0.001894920896769146,0.0019906923537219433,0.000134830602831097,1.0
2.3373,0.0019117880782386903,0.0017912265859494495,0.00013466175550903682,1.0
2.3383,0.001927202897717056,0.001825451515261288,0.00013487549204530848,1.0
2.3392,0.0019127695927718036,0.0018004885750369493,0.0001350977131201552,1.0
2.3402,0.001895686548567471,0.0019545146687598228,0.0001351090836914128,1.0
2.3412,0.001878239393229957,0.001826088777800871,0.00013505021168636847,1.0
2.3421,0.0018626181226432989,0.0018797978424694782,0.00013498356647781545,1.0
2.3431,0.0018461571021633622,0.0017616219405401814,0.00013500141473932631,1.0
2.3441,0.001840985188408085,0.00185095969038389,0.0001352402410289583,1.0
2.3451,0.001851607188996154,0.0019172044531801124,0.00013560097362240225,1.0
2.346,0.0018630825938961133,0.0018714442128250038,0.00013584769726440236,1.0
2.347,0.0018765747196137046,0.0021406696659659616,0.00013611351398252068,1.0
2.348,0.0018902307461193225,0.002016167978015152,0.000136644774919018,1.0
2.3489,0.0019013829603435127,0.0017402936104230382,0.00013745056682758572,1.0
2.3499,0.0019016012924472118,0.001939488252622884,0.00013852188059252193,1.0
2.3509,0.0018913514659247464,0.001968960073708575,0.00014016665582346576,1.0
2.3518,0.0018825561284302723,0.00212621574001001,0.00014256702607901614,1.0
2.3528,0.0018728816475201047,0.0016953300683408543,0.00014475503876711305,1.0
2.3538,0.0018626337980821787,0.0020241977012804024,0.00014528876082396785,1.0
2.3548,0.0018540764223242145,0.0018896733766907297,0.0001443693276841509,1.0
2.3557,0.0018547426333069311,0.001690337099795447,0.00014306749844675374,1.0
2.3567,0.0018570101746784938,0.0019155014315154874,0.00014212906878154535,1.0
2.3577,0.0018582963769518367,0.0018277742409043383,0.0001420921491677601,1.0
2.3586,0.0018603460163993495,0.0019896520889191834,0.00014261757300735654,1.0
2.3596,0.001862624298721377,0.0018077626774181444,0.00014276883056375716,1.0
2.3606,0.001861293886154245,0.0019557974133938114,0.00014205018977360429,1.0
2.3615,0.0018541911180361317,0.0017670092728707067,0.00014075785661572034,1.0
2.3625,0.0018450857582136813,0.0018093249183222598,0.0001395388241594824,1.0
2.3635,0.0018367291255246318,0.0017960886459705628,0.00013892362822415274,1.0
2.3645,0.0018278651865479474,0.0017874140282410176,0.00013903100914830838,1.0
2.3654,0.0018196644563783248,0.0018227863894303773,0.0001393803225302299,1.0
2.3664,0.0018172790628315514,0.0018706721946232113,0.00013943550737219388,1.0
2.3674,0.001822972303492388,0.0018654718966512182,0.00013937197090012465,1.0
2.3683,0.0018280931724948188,0.001602200421831725,0.00013974348451812046,1.0
2.3693,0.0018334300164501434,0.0019973895436689935,0.00014071882167692736,1.0
2.3703,0.0018384832263677452,0.0018266622557423316,0.0001421708265672886,1.0
2.3712,0.0018436086827237088,0.0014592133076246267,0.00014398288593848,1.0
2.3722,0.001844018181525036,0.00207002941677039,0.00014571249404815134,1.0
2.3732,0.001841402867513615,0.0018521617228162421,0.00014662044724124963,1.0
2.3741,0.0018393531438180661,0.001953230682919746,0.00014661027563489637,1.0
2.3751,0.0018361131068860774,0.001789611108046247,0.0001458552345756643,1.0
2.3761,0.0018336956834034538,0.002023456761589722,0.00014449042650831125,1.0
2.3771,0.0018309999999999898,0.0019670552347148033,0.00014303462797126578,1.0
2.378,0.00183126426079824,0.0018604492620324948,0.00014197682085533703,1.0
2.379,0.0018324031304118307,0.0017581174411896885,0.00014148814647036004,1.0
2.38,0.0018330000000000286,0.002037272711235863,0.00014144304257879132,1.0
2.3809,0.0018335670912966544,0.001781874158398056,0.00014183118228703709,1.0
2.3819,0.0018347062324576646,0.0019009506559295633,0.00014292730292116913,1.0
2.3829,0.0018350000000000172,0.002006385025176797,0.00014440723978496626,1.0
2.3839,0.0018300858363367687,0.0015588069846845974,0.0001453116216368877,1.0
2.3848,0.0018259603799806944,0.00207713042546463,0.00014547194021023933,1.0
2.3858,0.001820412825529966,0.002079759805433599,0.00014513677450564465,1.0
2.3868,0.0018158562608861734,0.0015239322190946907,0.00014423907150292917,1.0
2.3877,0.001811446638955774,0.001794736420442479,0.0001432226588977711,1.0
2.3887,0.0018088975134221347,0.0017303818343033296,0.0001426422540477014,1.0
2.3897,0.0018123505052987533,0.0020153586339198364,0.000142641638493568,1.0
2.3906,0.0018164508703835025,0.0018413618286652284,0.00014302482858980883,1.0
2.3916,0.0018210063488380195,0.0018126477469463697,0.00014338046624845692,1.0
2.3926,0.001826448575138077,0.0020080097950438787,0.00014333939613413125,1.0
2.3936,0.0018311138361277643,0.0018727529819479762,0.00014314427683419792,1.0
2.3945,0.0018350000000000456,0.0017582989390243413,0.00014309114508639827,1.0
2.3955,0.0018349999999999797,0.0016911489841275101,0.00014317525613546662,1.0
2.3965,0.0018349999999999831,0.0018434920364901256,0.0001435694749797711,1.0
2.3974,0.001835355975362647,0.001760428896753389,0.00014423716959244978,1.0
2.3984,0.0018359999999999828,0.00166121761885852,0.00014451900135004441,1.0
2.3994,0.0018360000000000125,0.0018220382405021028,0.00014435405158514828,1.0
2.4003,0.001836000000000084,0.002075796901818348,0.0001444039200859533,1.0
2.4013,0.0018360000000000134,0.001886262091530137,0.0001446458338695464,1.0
2.4023,0.0018369360831223425,0.001875439448594954,0.00014479385909623688,1.0
2.4032,0.0018370000000000072,0.001652033443099939,0.0001449975468957807,1.0
2.4042,0.0018370000000000328,0.0018485864460518735,0.00014518276595490982,1.0
2.4052,0.0018369999999999708,0.0019292802400122846,0.0001450473447957364,1.0
2.4062,0.0018366230841703247,0.0022425606822344193,0.00014473596988063143,1.0
2.4071,0.0018351969004903267,0.0018379513860171406,0.0001445399555003061,1.0
2.4081,0.001833460262237745,0.001994541012744428,0.00014459215712123535,1.0
2.4091,0.0018323211210767186,0.002077647163347671,0.00014488270280413147,1.0
2.41,0.001830592059611282,0.001747606609443146,0.0001454679036807785,1.0
2.411,0.0018291571601920039,0.0018369762585427546,0.00014634144290330417,1.0
2.412,0.0018289999999998603,0.0018262539201651608,0.00014775357447389313,1.0
2.413,0.001832359134891272,0.0018436821027348945,0.0001497896075571264,1.0
2.4139,0.0018355781254170945,0.0017471501200473556,0.0001519732755231958,1.0
2.4149,0.0018398510175457892,0.0017990708502925205,0.00015315178609564309,1.0
2.4159,0.0018432676263864783,0.0018892024432142877,0.0001526364078523154,1.0
2.4168,0.0018463429002001316,0.001554011048814532,0.00015108564167122938,1.0
2.4178,0.0018450708211262315,0.0017520038605291655,0.0001495315871980337,1.0
2.4188,0.001838652968665193,0.0019403847210649092,0.00014857395604983177,1.0
2.4197,0.0018325040503221837,0.0017945854027299026,0.00014815431976136553,1.0
2.4207,0.0018256692033563342,0.0015117344897041943,0.00014796480979132682,1.0
2.4217,0.001818836172266619,0.001640701096857795,0.0001479490582102544,1.0
2.4226,0.0018127948478403146,0.0017834248133250363,0.00014808971987347822,1.0
2.4236,0.001811281891842337,0.0018045762636985567,0.00014823033725597793,1.0
2.4246,0.001824948327205723,0.0017211286645180347,0.0001484128244497396,1.0
2.4256,0.001838618021137216,0.0016686929464590152,0.00014892391908834,1.0
2.4265,0.0018514123760910003,0.0018955634233985283,0.0001497827488009039,1.0
2.4275,0.0018655769220033598,0.0018803990190737205,0.00015044067015737073,1.0
2.4285,0.0018800081796667477,0.0016903991861610256,0.00015027264748574984,1.0
2.4294,0.0018845899024912272,0.0018495465247989722,0.0001496449368863312,1.0
2.4304,0.0018756617914081567,0.0019979576210997036,0.00014934498179306084,1.0
2.4314,0.0018652703797985204,0.0022064180108587912,0.00014941335515958158,1.0
2.4324,0.0018538840935784188,0.0021152942522708693,0.00014966688140431606,1.0
2.4333,0.0018438779444249688,0.0018304283252029102,0.00014996411004054264,1.0
2.4343,0.0018332534643360882,0.0016328467876293726,0.0001501557620212099,1.0
2.4353,0.0018254586158180284,0.002012719135501924,0.0001500071976188901,1.0
2.4362,0.001823999999999993,0.0017712974500030195,0.00014988253978716923,1.0
2.4372,0.0018240000000001044,0.001725595711747298,0.00015030564837631357,1.0
2.4382,0.0018231843038130889,0.0018556557146794696,0.0001514750835423649,1.0
2.4391,0.001823000000000075,0.0018494000509507672,0.00015304853639800406,1.0
2.4401,0.0018229999999999464,0.0017900500148177155,0.0001543013978539646,1.0
2.4411,0.001823236633544181,0.0020548321175224123,0.000154573097494582,1.0
2.4421,0.0018257714951030388,0.0020230347738574446,0.00015393726199697383,1.0
2.443,0.0018291256410082593,0.0015794616333941612,0.0001532955864432875,1.0
2.444,0.001834521679193944,0.0019244311891681415,0.00015374325514329378,1.0
2.445,0.0018441506442718532,0.0021485165007480286,0.00015585454008303721,1.0
2.4459,0.0018583478520074184,0.0017127766124182405,0.0001591245215636256,1.0
2.4469,0.0018736773243690007,0.0020112602109164557,0.00016184786222119487,1.0
2.4479,0.0018511618826283424,0.0019259378018019536,0.00016209260964615918,1.0
2.4488,0.0018345931461830078,0.0018287633310381806,0.0001598623281499785,1.0
2.4498,0.001827899706169308,0.0016967105886854243,0.00015703612167758624,1.0
2.4508,0.0018235081707861868,0.0015756453844045473,0.00015508700172901414,1.0
2.4518,0.0018200907473031368,0.0018637859446753533,0.00015427778316866916,1.0
2.4527,0.001818655061828109,0.0018283017647765041,0.00015440190047343995,1.0
2.4537,0.0018255908739788862,0.001979736519408353,0.0001556650213318703,1.0
2.4547,0.0018392573093422458,0.0018333715893664021,0.00015842478391990623,1.0
2.4556,0.0018515584045966274,0.0017610037271780128,0.00016184988875256865,1.0
2.4566,0.0018659935766231982,0.0018656301136398452,0.00016468227423797543,1.0
2.4576,0.001879882139655161,0.0018456497664664812,0.00016523207921422575,1.0
2.4585,0.0018931102617477215,0.0020166798823920066,0.0001630754275800172,1.0
2.4595,0.0018962930024303208,0.002173629636286119,0.0001596966921663517,1.0
2.4605,0.0018849043062944112,0.001900782541356662,0.00015683583403968142,1.0
2.4615,0.0018735156101582098,0.0015695326557479995,0.00015508593422243046,1.0
2.4624,0.0018632689469373072,0.0018344762787551492,0.00015419374193748894,1.0
2.4634,0.0018523986517487532,0.0019112978031629627,0.00015397826987312806,1.0
2.4644,0.0018414959792223233,0.001728292713757156,0.00015423207102764036,1.0
2.4653,0.0018339470399061847,0.0017606433457849546,0.00015460256013732736,1.0
2.4663,0.001828742548149658,0.0022582764733048116,0.00015499011058286972,1.0
2.4673,0.0018241870696952343,0.0015190506192465248,0.0001556004446122402,1.0
2.4682,0.0018210683674470258,0.00201593199137799,0.00015660773940418492,1.0
2.4692,0.001816651836473423,0.0014494040129101311,0.00015785521750648278,1.0
2.4702,0.001812979217320654,0.0017834981540936553,0.00015872027520966213,1.0
2.4711,0.0018094394261180633,0.0019057831123182104,0.00015877106470425374,1.0
2.4721,0.0018071626406031447,0.0016772624171652324,0.00015835443549329156,1.0
2.4731,0.0018048862255678362,0.0016396600095436762,0.00015787353003872284,1.0
2.4741,0.0018033039716229418,0.0017635420509819588,0.00015740201562861132,1.0
2.475,0.0018037208481009356,0.0017931929983975928,0.00015713423670575297,1.0
2.476,0.0018082999463091011,0.0018059434496509453,0.00015735603104623756,1.0
2.477,0.0018199874476300662,0.00206872199131067,0.0001585464101546693,1.0
2.4779,0.0018207946992496056,0.0022124836945302227,0.00016096003218613576,1.0
2.4789,0.0018110299151515446,0.001921952767947423,0.00016471096547139062,1.0
2.4799,0.0018044972478915063,0.0018463151025509901,0.0001682002240644341,1.0
2.4809,0.0017992412336693424,0.0018403004356431778,0.00016914384186896705,1.0
2.4818,0.0017960704342923279,0.001726929701104574,0.00016735061737358355,1.0
2.4828,0.0017943970342816243,0.001793840823004628,0.0001644502839372906,1.0
2.4838,0.0017969655325157632,0.0014723192986207867,0.00016213000522320495,1.0
2.4847,0.0018033653208007613,0.0018305619868288448,0.0001616012856490696,1.0
2.4857,0.001812242752109951,0.002116061751551335,0.00016272355862776143,1.0
2.4867,0.0018213999110927254,0.0017380504617496273,0.00016370730303267957,1.0
2.4876,0.0018305474999499426,0.0017768236900726783,0.0001630578211000055,1.0
2.4886,0.0018396584568588813,0.0014667060258864864,0.00016150226396805577,1.0
2.4896,0.0018460000000002463,0.0015560549390693493,0.00016043202418211468,1.0
2.4906,0.0018426027748265827,0.001967501716399512,0.00016030537551569543,1.0
2.4915,0.001835939174365229,0.0018178080981110058,0.00016080405621432385,1.0
2.4925,0.0018284602192259268,0.0020563580578736003,0.00016160806047271892,1.0
2.4935,0.0018204909340025568,0.0018702360247354007,0.00016248405235942884,1.0
2.4944,0.0018141273958036342,0.0019258109167116374,0.00016276028855673368,1.0
2.4954,0.0018063432078089933,0.0021455972221408326,0.00016197883450715783,1.0
2.4964,0.0018017296655780785,0.0018086596939238036,0.00016093740882025572,1.0
2.4973,0.0017986555986632847,0.002124279853290992,0.00016063365389383934,1.0
2.4983,0.0017952411997802196,0.0017785750151864828,0.00016114205201600034,1.0
2.4993,0.0017918245909392734,0.001883732488919571,0.00016179637876372887,1.0
2.5002,0.001789166211417102,0.0018964624129424333,0.0001617136636258614,1.0
2.5012,0.0017868884721898117,0.0018352533178053899,0.00016134541530163265,1.0
2.5022,0.001785999999999902,0.0015207355067412866,0.0001611022069011269,1.0
2.5032,0.0017868328261304348,0.0018544672460765659,0.0001610970205944131,1.0
2.5041,0.001786999999999934,0.0019546880723571676,0.00016131200978020406,1.0
2.5051,0.0017879965966121549,0.001844840323571154,0.0001616858390058376,1.0
2.5061,0.0017881354662258504,0.001617357512411025,0.00016231466346484807,1.0
2.507,0.0017891603748378525,0.0019446783095997341,0.00016314081870384524,1.0
2.508,0.0017899999999999863,0.0017369311984951556,0.00016359534510089209,1.0
2.509,0.0017886877120416333,0.0016683814648217462,0.00016343287440064456,1.0
2.51,0.001785271103200534,0.0019181778894333703,0.00016332649408900022,1.0
2.5109,0.001782797219591371,0.0017851890145822128,0.00016381029542827995,1.0
2.5119,0.0017805194803643014,0.0019797611190975075,0.00016488867366287358,1.0
2.5129,0.0017782431989546254,0.0018397639921475786,0.0001663340693416978,1.0
2.5138,0.0017761938364988193,0.0019422483969945995,0.0001675206567456458,1.0
2.5148,0.0017739577770885678,0.001607369225846058,0.00016778520143487412,1.0
2.5158,0.001772999999999934,0.0015450574080985752,0.00016717784549971125,1.0
2.5167,0.0017730000000000965,0.0017065562101760043,0.00016625434664451614,1.0
2.5177,0.0017729999999999738,0.0018972263895620212,0.0001653700209172098,1.0
2.5187,0.0017729999999999372,0.0018556658383256225,0.00016452352023861637,1.0
2.5196,0.0017730000000000137,0.001966395003716738,0.0001637698929963697,1.0
2.5206,0.0017736470165035728,0.0018389825455646174,0.00016351562405706992,1.0
2.5216,0.001774000000000084,0.0017782404715612173,0.00016345882703250314,1.0
2.5226,0.0017740000000000704,0.0020151825756351285,0.00016345157956540633,1.0
2.5235,0.0017740000000000785,0.0015678281760450371,0.0001635998560919002,1.0
2.5245,0.0017739999999999776,0.0017703019518190272,0.00016402723774979234,1.0
2.5255,0.001774226718824413,0.0018115307523216583,0.00016462909949356336,1.0
2.5264,0.001775000000000038,0.0018065043041890923,0.0001652208948578005,1.0
2.5274,0.0017753902352498803,0.0018060318003189312,0.000165378935658889,1.0
2.5284,0.001777585231111861,0.0016605544153800295,0.00016492588022159213,1.0
2.5294,0.001780335103063211,0.00174837436384207,0.00016431769640504572,1.0
2.5303,0.0017830771137662788,0.001996207867357078,0.00016392913348732733,1.0
2.5313,0.0017864945372492629,0.0018274210611338708,0.00016386140129720663,1.0
2.5323,0.001788940764060181,0.0016961102515369291,0.00016407857699799738,1.0
2.5332,0.0017919830223839435,0.0018463591171306993,0.00016432881182435713,1.0
2.5342,0.001791467184149312,0.0019834814252944685,0.00016447074267867868,1.0
2.5352,0.0017869106195053915,0.0017907338298126007,0.0001646959114822115,1.0
2.5361,0.0017839999999999712,0.001680749358366208,0.00016516556975294217,1.0
2.5371,0.001786179048210301,0.0013938244719749432,0.00016587849134073687,1.0
2.5381,0.00179531440336895,0.002098774549448639,0.00016672251616603966,1.0
2.5391,0.0018114065005361193,0.0017417648140988923,0.0001675462609801072,1.0
2.54,0.0018300219535393135,0.0019121973530857115,0.00016837173352121946,1.0
2.541,0.0018218469924753287,0.0019559252542704847,0.00016917226852913,1.0
2.542,0.0018047761383576811,0.0017094784155893127,0.0001694805021149071,1.0
2.5429,0.0017905204722202413,0.0014700643707480693,0.00016916649957432735,1.0
2.5439,0.0017773905276427095,0.001673774068662735,0.00016846087354812158,1.0
2.5449,0.001768093800747053,0.0015784499750543684,0.0001680595288927044,1.0
2.5458,0.0017626288354129812,0.0018117339466582833,0.0001680840237014273,1.0
2.5468,0.0017604816607603984,0.0017700641375914458,0.00016841469794335015,1.0
2.5478,0.0017628602869860439,0.001613325594616836,0.00016897488290008668,1.0
2.5488,0.0017677926629137623,0.00197837887798503,0.00016985799999717603,1.0
2.5497,0.0017721344954157593,0.0015059965129255394,0.00017098202605291812,1.0
2.5507,0.0017785349608053407,0.0017271879722660327,0.00017205599381950025,1.0
2.5517,0.0017853693870570745,0.001906867394699124,0.0001727900486976694,1.0
2.5526,0.0017914265770011175,0.00226755264893405,0.00017312201328565976,1.0
2.5536,0.0017957755434388155,0.0017929635348743888,0.0001732117111421616,1.0
2.5546,0.0017957266523495764,0.0020323594541761195,0.00017317390450827738,1.0
2.5555,0.001799330504675971,0.001648758015304594,0.0001728505250398801,1.0
2.5565,0.0018082728705960576,0.0018090040681976861,0.00017208177818653505,1.0
2.5575,0.0018236463810527525,0.0019387138877126914,0.00017109517222667762,1.0
2.5585,0.0018458873365224133,0.0020118646472926855,0.00017044548502265642,1.0
2.5594,0.0018699020036771466,0.001976002675531342,0.00017057786646147577,1.0
2.5604,0.0018817449581347157,0.002122587928593996,0.00017129708770867078,1.0
2.5614,0.0018842139787608745,0.002136392014534078,0.0001719935592916023,1.0
2.5623,0.001886131930389289,0.0018036163626753375,0.00017244910198581416,1.0
2.5633,0.0018875396226261908,0.0018657070364242138,0.00017269986860195377,1.0
2.5643,0.0018898179049481815,0.0019060767430608882,0.00017280660060319547,1.0
2.5652,0.001891868087490494,0.001828875716755005,0.00017262173353756064,1.0
2.5662,0.0018895625198467499,0.002004068224703102,0.0001728656000644785,1.0
2.5672,0.0018692054256882738,0.0017130663414256292,0.0001736663813828985,1.0
2.5681,0.0018443351375853681,0.0019842200380757614,0.00017433429856653356,1.0
2.5691,0.0018205079018976213,0.0018769553123439387,0.00017436743656499087,1.0
2.5701,0.001802848793273072,0.0015214282259367123,0.00017372814303164965,1.0
2.5711,0.0017907790745624289,0.0016599213959611313,0.00017277535020786681,1.0
2.572,0.001782934971311435,0.0017170237054977588,0.00017198732866586023,1.0
2.573,0.0017779999999998752,0.0018984187829394548,0.00017159195083242242,1.0
2.574,0.001779362921677763,0.0016681841629005618,0.00017165957869053332,1.0
2.5749,0.0017829175939885833,0.0016247608722614207,0.000171988699000878,1.0
2.5759,0.0017868556189743628,0.0019593429448657145,0.00017209219555575414,1.0
2.5769,0.0017902722278151399,0.0018562693517227764,0.00017188440349444618,1.0
2.5779,0.0017945810369116397,0.0017625468434452308,0.00017161330455390676,1.0
2.5788,0.0017977606936130375,0.00193586745477887,0.000171369953318875,1.0
2.5798,0.0017996453950922273,0.001839761917724134,0.00017134628199251894,1.0
2.5808,0.0017926123061473933,0.0016128834189731577,0.00017160445516753548,1.0
2.5817,0.0017856600004992865,0.0020144029806807525,0.00017197178156623194,1.0
2.5827,0.0017788292551920515,0.0018006541472943864,0.00017246551350530407,1.0
2.5837,0.001772500332373878,0.001735259108324873,0.0001731858012075145,1.0
2.5846,0.001767899900814486,0.0019275907035531405,0.000174014761058261,1.0
2.5856,0.0017640083167700066,0.001960284365583176,0.0001747179937205481,1.0
2.5866,0.001762999999999904,0.001821239663263848,0.00017468636525701803,1.0
2.5876,0.0017667633344804865,0.0017948772260347689,0.00017425636419563125,1.0
2.5885,0.001771829287518201,0.0015825232418616138,0.00017385544501175628,1.0
2.5895,0.0017786283627033018,0.0014261194533682607,0.0001735690306517059,1.0
2.5905,0.0017857070779475123,0.0018018942415323088,0.00017330365146395185,1.0
2.5914,0.0017928808160143244,0.0022808376389488847,0.00017312173543238105,1.0
2.5924,0.001800851556354764,0.0018964479562710778,0.00017309406819612317,1.0
2.5934,0.0018049999999999252,0.001742348085863734,0.00017319648210339003,1.0
2.5943,0.001805570651095793,0.0016416963129765169,0.0001733528061316208,1.0
2.5953,0.0018088380828370425,0.0019339847294049463,0.00017342829829438547,1.0
2.5963,0.00181763551290585,0.0017492455983038125,0.00017340107857776816,1.0
2.5972,0.001830355260723038,0.0018375097718261557,0.00017341997317662966,1.0
2.5982,0.0018471837408461443,0.0018475242071941702,0.00017352466206976657,1.0
2.5992,0.0018636014136658768,0.001986520882268794,0.00017363717238326636,1.0
2.6002,0.0018583233090967114,0.0016860761102541874,0.00017373193837859143,1.0
2.6011,0.0018291421424673825,0.0020789245389281046,0.00017374590332055152,1.0
2.6021,0.0018029466330535084,0.0017189593511610275,0.00017368393746151418,1.0
2.6031,0.0017849057665153545,0.0015457687344792158,0.0001736635013719589,1.0
2.604,0.0017756860582355497,0.0015465862225588782,0.00017376183210436103,1.0
2.605,0.0017707345589745575,0.0016644465294465747,0.00017395994008841876,1.0
2.606,0.0017682119667557638,0.001911669432795909,0.0001741862174557037,1.0
2.607,0.0017680993601828885,0.001760738667010048,0.0001744504410571734,1.0
2.6079,0.0017711136771095635,0.0017179540894147896,0.0001749616648517058,1.0
2.6089,0.0017735879391472002,0.001977101775403028,0.00017538319161940896,1.0
2.6099,0.0017770045479880464,0.0016785296840935754,0.00017556843146565912,1.0
2.6108,0.0017800798218016753,0.002070220155387317,0.00017562971257023059,1.0
2.6118,0.0017839952408565945,0.0020253180236268083,0.0001759383207657318,1.0
2.6128,0.00178791086310176,0.0021147098574355507,0.00017645189575349646,1.0
2.6137,0.0017896616321468144,0.001831940452521649,0.00017696657645152331,1.0
2.6147,0.0017900000000000468,0.0019521075878167757,0.00017745868208884246,1.0
2.6157,0.001790000000000039,0.001322865945837531,0.00017789865848137,1.0
2.6166,0.0017899999999999264,0.0020563870625854167,0.00017820277288930353,1.0
2.6176,0.0017899999999999305,0.0018931235883898126,0.00017832945958791587,1.0
2.6186,0.0017902413344676312,0.0015610395431542344,0.00017837820893602962,1.0
2.6196,0.0017909999999999467,0.0016027353284245047,0.0001785032619650384,1.0
2.6205,0.001790594433100194,0.0017001530528599547,0.00017885185903521747,1.0
2.6215,0.0017899999999999839,0.0017143824241023379,0.00017968438365511692,1.0
2.6225,0.001792047586278194,0.001800244911621043,0.00018091980351522263,1.0
2.6234,0.0017965362922303574,0.0018456027380710227,0.00018205971617482004,1.0
2.6244,0.0018056151525371353,0.0020139669133794197,0.0001829946293278814,1.0
2.6254,0.001819808499868614,0.0019624138461303243,0.00018350583447385082,1.0
2.6264,0.0018402344990166453,0.0015915226782270402,0.000182971071150977,1.0
2.6273,0.001857639663661667,0.001892269259100121,0.0001815793292628494,1.0
2.6283,0.0018698696076689194,0.0021440335464380446,0.000180266235575263,1.0
2.6293,0.001881261019278875,0.0020949344376217506,0.00017968663026853994,1.0
2.6302,0.0018919601381687356,0.00200495783557978,0.00017946321872892173,1.0
2.6312,0.001903900628126887,0.0016362502086936519,0.00017954197167922292,1.0
2.6322,0.0019160182566892974,0.0020664976754340585,0.0001800654488817969,1.0
2.6331,0.0019272848246534523,0.0015377093667059384,0.00018118910378684864,1.0
2.6341,0.0019317835087179645,0.0021300321452235775,0.00018284949896898767,1.0
2.6351,0.0019144487684941704,0.002100873673076756,0.00018479614792965584,1.0
2.6361,0.0018941139927301477,0.001915291178190451,0.00018663259206587855,1.0
2.637,0.0018766912096737243,0.001844359589435607,0.00018817304815184607,1.0
2.638,0.0018576786069412713,0.001875599866454027,0.00018963982717107447,1.0
2.639,0.001839456693123552,0.00181872625537668,0.0001908396705117647,1.0
2.6399,0.0018235517807354649,0.0018221086817176966,0.00019073278605872605,1.0
2.6409,0.0018115520770479042,0.0018738495563374055,0.00018881318631127733,1.0
2.6419,0.0018120982349020991,0.001961220154129154,0.0001860829054856654,1.0
2.6428,0.0018169937013488451,0.001838620721650176,0.000183852518871312,1.0
2.6438,0.0018226869032909592,0.0018831631851295996,0.00018270418231686975,1.0
2.6448,0.0018283812513590258,0.0021233271734986824,0.00018242811639158392,1.0
2.6458,0.0018340769571638079,0.0018955693675372525,0.00018244458438123815,1.0
2.6467,0.001839201055783335,0.002024222942567029,0.00018253505439692414,1.0
2.6477,0.0018407264755301745,0.001787861507768845,0.00018282574907240655,1.0
2.6487,0.0018261412574403378,0.0017769596462732828,0.0001832755415110165,1.0
2.6496,0.0018078673862465665,0.001760802430241515,0.0001837155316368295,1.0
2.6506,0.001792827473634067,0.0017073734531746966,0.0001841603883849465,1.0
2.6516,0.001783260605657739,0.0016277305608570665,0.00018426493323816848,1.0
2.6525,0.0017794678697293058,0.0017147075580718736,0.00018419898754354038,1.0
2.6535,0.0017789999999999753,0.0016959854354473465,0.00018424897138870483,1.0
2.6545,0.0017799999999999448,0.0015804094837375464,0.00018437669816882179,1.0
2.6555,0.0017797392538152876,0.0018130312717381458,0.0001842346275934765,1.0
2.6564,0.0017789999999999239,0.0019063705870722488,0.0001839388212856137,1.0
2.6574,0.001779848447797629,0.0019643901190792273,0.0001838850702466072,1.0
2.6584,0.0017832508371132343,0.0017456368273508155,0.0001842081782064755,1.0
2.6593,0.001789702404395888,0.0018868004676013818,0.00018485419333455247,1.0
2.6603,0.001801720041957153,0.0019762336755211186,0.00018580870823145933,1.0
2.6613,0.001819714176204074,0.001752799165627901,0.0001871143439569996,1.0
2.6622,0.0018300156794311445,0.0020665668499055996,0.00018873523444945116,1.0
2.6632,0.0018176596594877937,0.001870405386781729,0.0001904634618248829,1.0
2.6642,0.0018043249712967452,0.0019152652346987595,0.00019191986005648835,1.0
2.6651,0.0017944592468679642,0.0016572145854711505,0.00019268554412173026,1.0
2.6661,0.001785679753714128,0.001593570079861914,0.0001924094579711047,1.0
2.6671,0.0017791208068361753,0.001846080760612381,0.0001909257916568576,1.0
2.6681,0.001775174993267376,0.001822450592969721,0.0001888988388150384,1.0
2.669,0.0017746331553013404,0.0019724971173052685,0.00018733801025788013,1.0
2.67,0.0017811783716988113,0.0015619687723752234,0.0001864278603123579,1.0
2.671,0.0017921116607595969,0.0018413934168312435,0.00018609858806294363,1.0
2.6719,0.0018061076028601547,0.0016738354725289474,0.00018613893542633657,1.0
2.6729,0.0018254057721636728,0.0017631382207214407,0.00018676512338878693,1.0
2.6739,0.0018474700100667393,0.0019742099564763783,0.00018785254496267667,1.0
2.6749,0.0018713919744469502,0.0018335729770006667,0.00018894434150762489,1.0
2.6758,0.001892164711033264,0.0021105936055196323,0.0001892808940158977,1.0
2.6768,0.0019009042419919826,0.0016916063977072445,0.0001885747744402751,1.0
2.6778,0.0018940754941347408,0.001546889192387298,0.00018745273194183934,1.0
2.6787,0.0018886060919968439,0.001946217696863545,0.00018662177687888803,1.0
2.6797,0.001882094092714538,0.0019528788428972788,0.00018631763063216332,1.0
2.6807,0.0018762160381239072,0.0020264322385032257,0.00018644075164268961,1.0
2.6816,0.0018710905817678873,0.0017043072809549912,0.0001867345251138948,1.0
2.6826,0.0018665175364627256,0.0019218294318846829,0.00018691382741620196,1.0
2.6836,0.0018609321286281362,0.001838865314574276,0.00018685874523404765,1.0
2.6846,0.0018518189993404403,0.0019066386311575032,0.00018669095096230545,1.0
2.6855,0.0018436204415497395,0.0018131078938293714,0.00018656976089908444,1.0
2.6865,0.0018345073122620873,0.0016165986108845302,0.00018662523954270883,1.0
2.6875,0.0018261023890785862,0.0018903894013414437,0.00018691352292824712,1.0
2.6884,0.0018189291447007275,0.001553246085340489,0.00018732876956255157,1.0
2.6894,0.0018109570574053946,0.0019219689560263248,0.00018772419838433696,1.0
2.6904,0.001802982822983045,0.0014501301578154309,0.00018804497328799434,1.0
2.6913,0.0017948093312116335,0.0014857996860839226,0.00018830547809981047,1.0
2.6923,0.001787169048617469,0.0017824325219318055,0.0001887025614415764,1.0
2.6933,0.001781479448896281,0.0017140098936378806,0.00018909182886999747,1.0
2.6942,0.0017770123955242227,0.0018299624940504966,0.00018966383703350923,1.0
2.6952,0.0017735957866832452,0.001997329279724252,0.00019042269005144333,1.0
2.6962,0.0017707861185617825,0.0018159665432884303,0.00019132433673256483,1.0
2.6972,0.0017692539181198349,0.0018588734113685356,0.0001923256588826465,1.0
2.6981,0.0017697702958212038,0.0019310241408858327,0.00019340108374935234,1.0
2.6991,0.001775453422876493,0.0017836922360753506,0.00019450936734189572,1.0
2.7001,0.0017834299608373517,0.0017062473050502252,0.00019536427900052321,1.0
2.701,0.0017928015116732922,0.0020240471066574014,0.0001953906690909596,1.0
2.702,0.001806172401454343,0.001990569700312976,0.00019439716521447094,1.0
2.703,0.001823945520839893,0.001962952238391954,0.00019297656958023658,1.0
2.704,0.0018452607288056094,0.00173181678351258,0.00019189049481824208,1.0
2.7049,0.0018637054610719838,0.002069430468924531,0.0001915663771107001,1.0
2.7059,0.001856643525595015,0.0016083273470671173,0.0001920278566296187,1.0
2.7069,0.0018315883940955937,0.0014144914563660647,0.00019286037797800953,1.0
2.7078,0.0018123192184501535,0.0023928064138526986,0.00019350562523999198,1.0
2.7088,0.0017937275182077236,0.0018425392381597283,0.0001936728198931287,1.0
2.7098,0.001780066002743693,0.0019277979236974653,0.0001934252248315185,1.0
2.7107,0.0017701705630221863,0.001807187197614366,0.00019297572284583328,1.0
2.7117,0.0017632279181686505,0.0016511730304121365,0.0001925125521610862,1.0
2.7127,0.0017610000000000566,0.0015986249696161854,0.000192177595423313,1.0
2.7136,0.0017614201825431324,0.0015091617881215433,0.00019214537381345974,1.0
2.7146,0.0017625593237040414,0.0015898736550616992,0.0001921452736273554,1.0
2.7156,0.001763698193317629,0.0018897374967940554,0.00019220893932754102,1.0
2.7166,0.0017656741258625938,0.001903228833128576,0.00019227265999571504,1.0
2.7175,0.001766861173367178,0.0015927576689588475,0.00019231342386919365,1.0
2.7185,0.0017689997697279242,0.0017288545649136173,0.0001923607525370602,1.0
2.7195,0.0017711390260248278,0.001904022748212844,0.00019246940420679273,1.0
2.7204,0.0017724923518882697,0.0015440277052421521,0.00019266941087698033,1.0
2.7214,0.0017762119476387533,0.001716584151222393,0.00019288863719725877,1.0
2.7224,0.001781206769212122,0.0019481735330336022,0.00019307732532014508,1.0
2.7234,0.0017874791523926627,0.0019334050203458019,0.000193329193500615,1.0
2.7243,0.0017954421061036005,0.0019264609421565985,0.00019360297875613877,1.0
2.7253,0.0018064381961692584,0.0016647524627359288,0.00019374561746946268,1.0
2.7263,0.0018204749599968848,0.001867912098710364,0.00019380402173375415,1.0
2.7272,0.0018365244880276111,0.0014692264634721083,0.00019389664810772844,1.0
2.7282,0.001826499377205081,0.0019799180482418504,0.00019401544132966283,1.0
2.7292,0.0018143405730089359,0.001801235289710631,0.00019412287038937878,1.0
2.7301,0.0018055336956641103,0.0017422654413276333,0.00019426383952274076,1.0
2.7311,0.001798256933955319,0.00165516972419838,0.0001945081404507572,1.0
2.7321,0.0017935392152962069,0.001741246212123624,0.0001948747688842616,1.0
2.7331,0.0017920000000000485,0.0017660094207306305,0.0001953004297662734,1.0
2.734,0.001793950914265728,0.0016601755776861008,0.00019572415455420349,1.0
2.735,0.0017973675231064573,0.001613273267339337,0.00019583206698411008,1.0
2.736,0.0017970716844702486,0.001773286335570926,0.00019586398398541125,1.0
2.7369,0.0017970000000000384,0.001983766340184776,0.00019594557142440822,1.0
2.7379,0.0017970000000001082,0.0019436549992871749,0.00019611008080856672,1.0
2.7389,0.001797000000000047,0.0016031916703307522,0.00019631412518282754,1.0
2.7398,0.0017970000000000438,0.0018821251268301285,0.00019647330379002874,1.0
2.7408,0.0017970000000001006,0.0018557689032215987,0.00019655840706493343,1.0
2.7418,0.0017975331091217774,0.0019508992015705362,0.00019661399172214632,1.0
2.7428,0.0017953151429819724,0.0018001743557756835,0.00019669782191629104,1.0
2.7437,0.0017912162757820834,0.0019399070509363019,0.00019682660007150747,1.0
2.7447,0.0017866607973277427,0.001715918103257883,0.00019699415939936248,1.0
2.7457,0.0017821053188731813,0.0018472744007315815,0.00019718805411820321,1.0
2.7466,0.001779003715341307,0.0017229659502597228,0.0001974355998202936,1.0
2.7476,0.001775586762516192,0.0016119523158917221,0.0001977866244064561,1.0
2.7486,0.0017724487332494013,0.0016369035536196435,0.00019820557189554624,1.0
2.7495,0.0017706992753534958,0.001464314962580248,0.00019861803486885128,1.0
2.7505,0.0017700000000000777,0.0015808498452393493,0.00019899542228477528,1.0
2.7515,0.001770000000000108,0.0012468205316961416,0.0001992964580756514,1.0
2.7525,0.0017707167886467689,0.0017434134189290473,0.00019953403313277172,1.0
2.7534,0.0017732246720611779,0.0016739112258029342,0.00019979095537223443,1.0
2.7544,0.0017775217078692316,0.0016974886845099438,0.00020017238527989895,1.0
2.7554,0.001784173669228575,0.0021386597754028455,0.00020038012828955918,1.0
2.7563,0.0017934438785214455,0.001860820422662786,0.00020056182961722115,1.0
2.7573,0.0018015356081461605,0.0018811371837975622,0.00020075518952389302,1.0
2.7583,0.0017908236242307096,0.0018434918291774034,0.0002009529287364197,1.0
2.7592,0.0017788828414881327,0.0018480549257854598,0.00020112742274406268,1.0
2.7602,0.0017700886766439051,0.0019798368716935364,0.00020121924495736688,1.0
2.7612,0.0017651277294809555,0.001851097288653754,0.00020121709019898485,1.0
2.7621,0.001762701637111718,0.0017125698224310663,0.00020119812097453752,1.0
2.7631,0.0017612128454735645,0.001816761806725601,0.00020127176195463536,1.0
2.7641,0.0017610000000000217,0.0016256578767965756,0.00020157692770916735,1.0
2.7651,0.001760194768640593,0.0016753208624682263,0.00020212008269995316,1.0
2.766,0.0017632700424541283,0.0017250393155206509,0.00020268814569899166,1.0
2.767,0.0017671431168696965,0.001548298270590765,0.00020311447197881433,1.0
2.768,0.0017728330721323174,0.00159457441667508,0.0002033910748454107,1.0
2.7689,0.0017787419398836248,0.0019158100993056492,0.0002035837148583709,1.0
2.7699,0.0017861850811517125,0.0015630232651352768,0.00020373458047979415,1.0
2.7709,0.0017936880153056308,0.0017782714306347808,0.00020389060362517084,1.0
2.7719,0.0018024686886867743,0.0019597936913333175,0.00020414455182037552,1.0
2.7728,0.0018098291024304896,0.0016750107314217795,0.0002045025582362025,1.0
2.7738,0.0018168284481109704,0.0017881175140430478,0.00020485443719204233,1.0
2.7748,0.0018236632950767535,0.0018735962627144406,0.0002054527579090844,1.0
2.7757,0.0018298138427038728,0.0017879931488198175,0.00020563290909642515,1.0
2.7767,0.0018369215704499148,0.0019324110767775233,0.00020578373342907476,1.0
2.7777,0.0018448903657568901,0.0017073213064853388,0.0002059203906954658,1.0
2.7786,0.0018520613239782424,0.0017840635436762035,0.00020609343053068895,1.0
2.7796,0.0018600334112735427,0.0017395046001942357,0.00020637140873148687,1.0
2.7806,0.0018615693144569925,0.0017759783660830646,0.00020678187788378114,1.0
2.7816,0.0018524578761489462,0.0022111403008392783,0.00020715885898950695,1.0
2.7825,0.0018422169668915345,0.001935744485257049,0.00020733363215478861,1.0
2.7835,0.0018318637254579845,0.002103969600402783,0.00020731418358258465,1.0
2.7845,0.0018229086724805199,0.0016609888132086642,0.000207300368766153,1.0
2.7854,0.0018159140287846856,0.0019920541292649512,0.00020733183506182795,1.0
2.7864,0.0018097194545458697,0.001442418304910284,0.00020734637551853106,1.0
2.7874,0.0018056245486418921,0.0018410652215648275,0.00020733190447113161,1.0
2.7883,0.0018049659165923178,0.0016364223923292015,0.000207383908304935,1.0
2.7893,0.0018103527953683882,0.001781138699591362,0.00020754684281839734,1.0
2.7903,0.0018221283702806487,0.0018974758722373624,0.0002078628532862453,1.0
2.7912,0.0018367868319186648,0.0018397072272001982,0.00020828930812385397,1.0
2.7922,0.0018566487392000063,0.0016777723346088486,0.0002087477511298118,1.0
2.7932,0.0018771905517229713,0.0017055674163283143,0.00020921188000015288,1.0
2.7942,0.0018988290743816028,0.001646551435114983,0.00020963275135783024,1.0
2.7951,0.0019183058085343898,0.002015223951978509,0.00021033554624360173,1.0
2.7961,0.0019297105799612288,0.0019276601789614105,0.00021060342362925246,1.0
2.7971,0.0019154310109699428,0.002143415405796184,0.00021090812665539217,1.0
2.798,0.0018985426464732408,0.0020833737445636446,0.00021124672456739795,1.0
2.799,0.001880320732655486,0.0022446682726903894,0.0002117169484295106,1.0
2.8,0.0018620988188377088,0.0014480483266487666,0.0002122227433330749,1.0
2.801,0.0018448180252458842,0.0015351668696282788,0.00021276116305925835,1.0
2.8019,0.0018284754446808063,0.0019943018497765317,0.00021321034910005765,1.0
2.8029,0.001812808843921134,0.0016456245628795477,0.00021401620673964115,1.0
2.8039,0.0018042357826493264,0.002024668978858502,0.00021468020040881785,1.0
2.8048,0.0018101779824085899,0.0018512231598292847,0.00021550199132606314,1.0
2.8058,0.0018192889393174071,0.0017877801241871492,0.00021711727290248513,1.0
2.8068,0.0018289498832546678,0.0013698514396158893,0.00022177795074615502,1.0
2.8077,0.0018381698165215552,0.002014667842334061,0.00022583531393095086,1.0
2.8087,0.0018491308050826902,0.0018325047750918876,0.0002633444605882391,1.0
