Wavelength_um,Model_Depth,Transit_Depth,Error
0.8309,0.0027818110411476967,0.002544622191194278,0.0002756854563458447
0.8318,0.0027810137951617426,0.0028965525861900567,0.00024452784061090464
0.8328,0.002778707589423858,0.0028347551564671305,0.00024134654950248467
0.8338,0.002787462617695983,0.0029208750530567928,0.00023696768167224896
0.8348,0.0027939259963501526,0.0032669277904337794,0.00023190019139370815
0.8357,0.0028019182187648192,0.0028742796192731037,0.00022868987751878652
0.8367,0.0027928061756662672,0.0027443702603012696,0.0002270249325035156
0.8377,0.002786287837708713,0.002590195918522722,0.00022572531608211127
0.8386,0.0027913686996407293,0.002753771678569783,0.00022425294758535614
0.8396,0.002793783114213972,0.0029351360888915604,0.00022197226326668465
0.8406,0.0027873599714484886,0.002376010723024837,0.00021958201099210982
0.8415,0.0027963801949573465,0.002594231460252544,0.00021932109686524187
0.8425,0.0027889504638950744,0.0028396298390035513,0.00022190797410935755
0.8435,0.0027983773027303004,0.0026223818597845786,0.00022610744475846402
0.8445,0.0027988769692702444,0.0030384462645040603,0.00023017769051937747
0.8454,0.002794497970398605,0.0026427572968774297,0.00023449066714007982
0.8464,0.002785999999999958,0.002978421233428179,0.00023845269142119463
0.8474,0.0027876667214567228,0.0030923736821574285,0.00023833892749436215
0.8483,0.002790284783226571,0.002204705750649661,0.00023432267477035965
0.8493,0.0027924762964185073,0.002943225389058734,0.0002324582189967599
0.8503,0.0027966355512744298,0.002948378952040306,0.0002328629317643607
0.8512,0.002793036552046954,0.003026728093143368,0.00023170724945589466
0.8522,0.0028005941459116413,0.0028551635134298416,0.00022926277456669246
0.8532,0.0028039374498361742,0.0027636701814113796,0.00022687999298764248
0.8542,0.0027964657873358095,0.0027335429969135828,0.0002234876513745291
0.8551,0.002790912055313115,0.002672456745649463,0.00021850170678230335
0.8561,0.002797798275667222,0.0029310535795944977,0.0002137160936003453
0.8571,0.0027943788508739873,0.002413545583505278,0.000210843595196088
0.858,0.002792984166004096,0.0025838993758102863,0.00020924630535917377
0.859,0.0027916265165593935,0.0028205947554402794,0.00020796541491303414
0.86,0.002798448877495323,0.0029753755244005856,0.00020634717120234086
0.861,0.0027919794809388517,0.0023885603407956847,0.00020436240474607268
0.8619,0.002789154929428264,0.0029790911133528606,0.00020217022000971644
0.8629,0.0027899829564186408,0.0027034116785335893,0.00020015321519724588
0.8639,0.002792634376478123,0.002634925592037994,0.00019930268148517338
0.8648,0.0027895593063249993,0.0028259748965166775,0.00020101916248602608
0.8658,0.002787571806557936,0.0029230252490448677,0.00020445252496359333
0.8668,0.0027906993631176356,0.0031920617413064983,0.00020505969849099077
0.8677,0.0027930000000000446,0.00294175488045833,0.00020255449565988016
0.8687,0.0027935877305988333,0.002529688496207547,0.00020065826167087148
0.8697,0.002797633340496683,0.0024347512152333843,0.0001973041106571435
0.8707,0.0027938063664013626,0.0028642062822534513,0.00019238178972169436
0.8716,0.0027938906289841255,0.0028747525079729835,0.0001886446361521058
0.8726,0.002796085486257811,0.003040387848918695,0.00018614867319119102
0.8736,0.0027968233720435235,0.00292271870126662,0.00018445312123674217
0.8745,0.0027896566697773345,0.0026405845789217643,0.0001834912617363552
0.8755,0.0028020168447776828,0.002694278306675678,0.00018303769697401235
0.8765,0.0027908256088899313,0.0024774869660674995,0.00018249108335614483
0.8774,0.002786484576866453,0.0027600931939206386,0.00018152474636049684
0.8784,0.0027930663120904597,0.0029964857283656695,0.00018045788451368386
0.8794,0.002794455546976432,0.0029350865962271167,0.00017972037473790734
0.8803,0.0027876220008310657,0.0028625902726385506,0.00017878563346874698
0.8813,0.002796298061362157,0.002924321938183762,0.00017738876343673142
0.8823,0.0027887510724030713,0.002578056943045805,0.0001760763026743668
0.8833,0.0027982129913321813,0.0029386254922794033,0.00017524366949232657
0.8842,0.002797333896984628,0.002810114266923596,0.00017501761090026158
0.8852,0.0027927540402073836,0.00302241043531214,0.00017588667126376063
0.8862,0.002794515957604135,0.002774469218028677,0.00017773789134488052
0.8871,0.002800944020918981,0.002680726260464222,0.0001788342057184214
0.8881,0.0028093942371185334,0.0024348944192485815,0.00017788491378892602
0.8891,0.002814271139696658,0.002832869674388831,0.00017570619411363405
0.89,0.0028150000000000445,0.0028165464527819878,0.0001742330940008129
0.891,0.002830707932943634,0.0027297097546839463,0.00017383326976356812
0.892,0.0028399999999999823,0.0031301440162813934,0.00017279504813339793
0.893,0.0028415512984672256,0.0028166631557400585,0.00017086057511791648
0.8939,0.002839194244906187,0.0025454957300868686,0.0001696828237949019
0.8949,0.0028190419503867203,0.002778483799901519,0.0001695760535361651
0.8959,0.0028189306121165878,0.0028676414225742106,0.00016941441554215703
0.8968,0.0028155480665889364,0.002981580867527061,0.00016843791905054144
0.8978,0.002824044948616807,0.002677863928973049,0.00016662762378900204
0.8988,0.002847130210068292,0.003095101874051131,0.00016522144825057304
0.8998,0.0028359840341405573,0.0028548237116873287,0.00016535378796283642
0.9007,0.0028286450451217794,0.002857087827615795,0.00016650458578270863
0.9017,0.002814503213521795,0.002743109673763213,0.00016717126091939427
0.9027,0.0028066951001571683,0.0030190568633912712,0.00016606407214720659
0.9036,0.0028102787100371934,0.0027420806166085767,0.00016363650066083686
0.9046,0.0028330441078585032,0.0031897435650012755,0.00016120265063286323
0.9056,0.00283018069269878,0.002920731521654711,0.00015953100427946692
0.9065,0.0028059901415449376,0.003072904819943151,0.00015879312198796965
0.9075,0.002809012937352616,0.002842482319802422,0.00015861578363806318
0.9085,0.00282199791923903,0.002916086494038813,0.0001581894842445084
0.9095,0.0028082870354968112,0.0030549329738674066,0.00015749658601556393
0.9104,0.0028139999999999355,0.0028574150382033215,0.00015701874726873065
0.9114,0.002812305055831244,0.002844935627126622,0.00015668696371251301
0.9124,0.002805999999999949,0.0029336108611092686,0.00015611160488826194
0.9133,0.002801878410508884,0.0024933528616157465,0.000155317503043491
0.9143,0.002793972609317957,0.00282778566462395,0.00015429333324990527
0.9153,0.0027910421014754683,0.0026810447413231206,0.00015306056141190126
0.9162,0.0027913553124516246,0.0031967618097740987,0.00015198292549805192
0.9172,0.0027895500151607047,0.002713066818164284,0.0001513141135417235
0.9182,0.00278518195211962,0.002718781344369225,0.00015088955125071757
0.9192,0.0028102914678056093,0.0027581959371418014,0.00015074410481376432
0.9201,0.0027853026315084826,0.0029343705001059575,0.0001509570167807337
0.9211,0.0028037524987395797,0.0031060108763253246,0.0001513540721425986
0.9221,0.0028111839146402096,0.002871503558054154,0.0001519962759870224
0.923,0.002780638013070723,0.0029221467270481374,0.00015290694605474525
0.924,0.0027776777612602967,0.0027542100865739325,0.00015349225084349262
0.925,0.0027936620163320942,0.002939409132824559,0.00015305971331321978
0.9259,0.0027862589218730595,0.0028935556181709145,0.000152211236485735
0.9269,0.0027758266798465986,0.0028572059177588856,0.00015201386251120007
0.9279,0.0027890000000000328,0.003139967974588914,0.00015273981218851513
0.9288,0.0027888998321672826,0.002601678844763401,0.00015358234436173046
0.9298,0.0027848360205413665,0.002813108720139396,0.00015331639441992589
0.9308,0.002785211939383821,0.0025440481179663573,0.00015177240187630716
0.9318,0.0028176087972080397,0.002890513820458128,0.00014990221960903765
0.9327,0.0028288807876119346,0.0028894545013142285,0.00014865892320646594
0.9337,0.0027929518783412783,0.002936360854980557,0.00014810845255025255
0.9347,0.0027934624979979623,0.002674104344339548,0.00014785697468069423
0.9356,0.002796537546101443,0.0028354270019484732,0.00014770781032318446
0.9366,0.0027861066587445363,0.002532851205779808,0.00014776710601900383
0.9376,0.0028075013468487763,0.002804538252250843,0.00014790403541767243
0.9385,0.0028163761914758788,0.002693167787034477,0.00014780532406262915
0.9395,0.00281595378710631,0.0025811742156326015,0.00014736290321224624
0.9405,0.0028559631550643667,0.002719925380261142,0.0001468044831956012
0.9415,0.002803474191869909,0.0028618646458532047,0.00014615062743152406
0.9424,0.002807594682955944,0.002686417446367581,0.00014535162984217673
0.9434,0.0027936014823131796,0.002757978463838656,0.00014469270332470227
0.9444,0.002807628929259822,0.0028241594981781347,0.00014421088320406815
0.9453,0.002801228022442909,0.002900195135301734,0.00014350708920707081
0.9463,0.0028447601688185737,0.002828868675080351,0.00014266083534900396
0.9473,0.0027945391531283377,0.002502691634549455,0.00014210200169727566
0.9482,0.0027890707297357903,0.0026964832614877208,0.00014190155037868677
0.9492,0.0027865917331026144,0.0027065927496491052,0.00014201073965909477
0.9502,0.0027960589832921995,0.002766403640425082,0.0001421586961148842
0.9512,0.0027889339216575658,0.0030409385803053424,0.000141990763463948
0.9521,0.002795254813222559,0.0029547638149594055,0.00014123781944548868
0.9531,0.0028037850996762005,0.0028605052940575615,0.00014021463105600506
0.9541,0.002794981602106097,0.002722268837272077,0.0001395315622018436
0.955,0.0027904203303735038,0.00276221581264522,0.00013907703443736999
0.956,0.002790998827375952,0.0025944375875002947,0.00013855982544716788
0.957,0.0027864130278707406,0.002644007884660675,0.00013815612308847562
0.958,0.0027917563131154197,0.002678963021859525,0.00013775592656163467
0.9589,0.0027996013093918456,0.002888655977734109,0.00013714430769102878
0.9599,0.0028001206798337485,0.002890351407441704,0.00013664863997151028
0.9609,0.002795528414498194,0.00268190641790011,0.00013623124738862006
0.9618,0.0027936036209680916,0.0029975739837080104,0.00013589535936392555
0.9628,0.0028066102855279014,0.0027561297133733248,0.00013593346592804867
0.9638,0.002806597875482039,0.002683084404057323,0.0001362907982181863
0.9647,0.0027897019308173,0.002942250747101174,0.0001366200254705598
0.9657,0.002792488243672232,0.002700094713504162,0.00013680075212505177
0.9667,0.002801716261770233,0.0028098760415781045,0.00013669858006125062
0.9677,0.0027950341140695525,0.002941739093383834,0.0001361812303646496
0.9686,0.0027954234917582097,0.0027752988674853286,0.00013564140350978847
0.9696,0.002806307840442839,0.0030253955630998508,0.0001351015731863559
0.9706,0.0028042618160551407,0.0028479905557213477,0.00013444093987061587
0.9715,0.0028009475381411825,0.0027027587091937723,0.00013374584830285664
0.9725,0.002802000000000019,0.002724919319639887,0.0001331012327146907
0.9735,0.002795518116788064,0.0028102538280811193,0.00013268167840730296
0.9744,0.0027940489932995398,0.002636842351507308,0.00013245162128619435
0.9754,0.002793999999999918,0.0029075732781497303,0.00013217817119092948
0.9764,0.0027967473950571125,0.0026798994011402273,0.0001318064264926992
0.9773,0.0028032094755769156,0.002955459131187021,0.0001313449625893976
0.9783,0.0027961753145621677,0.0028257444870546534,0.00013096203055070634
0.9793,0.0027980000000000257,0.002884756116994278,0.00013058829637856186
0.9803,0.0028020182864508824,0.0026312227734856765,0.00013003600185597388
0.9812,0.002798442097657331,0.0031424889840732297,0.0001295220663364534
0.9822,0.0027985012295404536,0.0027837454155132317,0.0001292794449074268
0.9832,0.002802886296416573,0.002732818257522332,0.0001293519472724998
0.9841,0.002801006869774587,0.0028570233285650734,0.00012952559865788001
0.9851,0.002805355026132184,0.0026828813624340826,0.0001292959298313412
0.9861,0.0028142745080005117,0.0028249714804366465,0.00012850135390798703
0.987,0.0028150000000000583,0.002853172243493233,0.000127786928410967
0.988,0.002822871938796737,0.00249679570066558,0.00012750264327755182
0.989,0.0028151336050663287,0.00307781111217713,0.00012748644455371457
0.99,0.002814159637955112,0.0026368821217576132,0.00012756958502438612
0.9909,0.002810116445537137,0.0028492154695103655,0.00012784998017886776
0.9919,0.0028078793015925948,0.002896768108782582,0.00012819726246748409
0.9929,0.002816948699577435,0.0027267092535188885,0.00012817512437243722
0.9938,0.002813578764748138,0.002761618225812618,0.00012767066741642503
0.9948,0.0028061727323076846,0.002915072095830371,0.00012730376326269352
0.9958,0.002815359867174156,0.00298899753209208,0.00012759019120550257
0.9968,0.0028075739452126697,0.002834933219908994,0.0001277610338931617
0.9977,0.002804834766409709,0.0025721792044117644,0.0001272466118932155
0.9987,0.002808756212534268,0.0028101571948248227,0.00012674362940990282
0.9997,0.002805717506300045,0.002853039122579725,0.00012667460159364305
1.0006,0.002801856581529442,0.00261885973730051,0.00012628434007026413
1.0016,0.0028056243000247625,0.002938969433430822,0.00012529853816110352
1.0026,0.0028253115026695003,0.0028096286739086214,0.000124298654534135
1.0035,0.0028155260916256576,0.002711672153316323,0.00012371272830355976
1.0045,0.0028212266873248568,0.002880135728472373,0.00012351725092361174
1.0055,0.0028187099875534227,0.002782539868027719,0.0001234637270001964
1.0065,0.0028089635013935797,0.002812300335929654,0.0001232035761067083
1.0074,0.002805529051033306,0.002702269161609022,0.00012269252946167512
1.0084,0.002810004305550605,0.002927779235753516,0.00012221979227608644
1.0094,0.0028111936103543617,0.0027267715091478526,0.00012189629987451591
1.0103,0.0028126629618337633,0.0029812790943363606,0.00012168773191950328
1.0113,0.0028110592989390513,0.0027768982267402805,0.00012149021217828847
1.0123,0.002802999999999916,0.0028185938252090004,0.00012136281791954181
1.0132,0.0028041997741318045,0.002780993935311672,0.00012156373533705132
1.0142,0.0028125443557009988,0.0029231706212332386,0.00012203392214159865
1.0152,0.0028168782826643976,0.0028698786135572295,0.00012224551636982956
1.0162,0.002814399365783587,0.0029560973933614246,0.00012192428350661676
1.0171,0.00280727456763234,0.002758408436002943,0.00012144254530679701
1.0181,0.0028052866629469076,0.002775869237616623,0.00012120123814715977
1.0191,0.0028075556405138735,0.0027642963464849977,0.00012117065434704467
1.02,0.0028132618286550027,0.0027601408581143486,0.00012109852829263911
1.021,0.002814696440234063,0.0028601131179626796,0.00012076791427604593
1.022,0.0027992480759083042,0.0027413138569259247,0.00012020838107917024
1.0229,0.0028150332136131755,0.0027762967037878086,0.0001195614788196431
1.0239,0.0028053643917006397,0.002777537242357774,0.00011914881163200401
1.0249,0.002805370021289973,0.002679534041260261,0.00011922111347902235
1.0258,0.002808445295103519,0.0026719106032208656,0.00011964701716491896
1.0268,0.002815586933796445,0.0028086852995073807,0.00012002872420892843
1.0278,0.0028152061208698126,0.002692726904208982,0.00011998413610193847
1.0288,0.002805024935294516,0.002937386504230689,0.00011953735154307592
1.0297,0.002800309609032978,0.0027235944601837233,0.00011939308421808632
1.0307,0.0028013073367769217,0.002889244102447127,0.0001200756314944263
1.0317,0.002806601418227954,0.0026197717667572713,0.00012099688259205152
1.0326,0.00280854938520096,0.0027415150487310196,0.0001213517799486368
1.0336,0.0028069999999999766,0.0027733873907754606,0.0001210624618570355
1.0346,0.002805995399874765,0.002867897648672499,0.00012040753983782023
1.0356,0.0028043588303238547,0.0026932614435182713,0.00011956952350427622
1.0365,0.0028053325218947264,0.0026357430648894986,0.00011876050544069342
1.0375,0.00279876084803567,0.002936755752417827,0.00011815501120440163
1.0385,0.0027922850150194057,0.0026861152302173684,0.00011794474288676779
1.0394,0.0027968404413367225,0.0028558206586967714,0.00011783424163789432
1.0404,0.0027928219697990605,0.002889191384620469,0.00011735721814804773
1.0414,0.002783491926536507,0.002496202095706903,0.00011693308136511565
1.0423,0.002787436715552436,0.003038775769005682,0.0001170694320420351
1.0433,0.00279440892097446,0.002681922681745618,0.00011727812080657638
1.0443,0.0027928088376472262,0.0027934240716940926,0.0001169261496392446
1.0452,0.002788135590703061,0.0027878570660912964,0.00011618974407314108
1.0462,0.002783152451013334,0.0026620729203407465,0.00011551669804872989
1.0472,0.0027811492431397606,0.002596111635903284,0.00011509466989412388
1.0482,0.0027800113637618242,0.002518712235382048,0.00011494869869853184
1.0491,0.0027819862854333286,0.002880115191868828,0.00011506145111099372
1.0501,0.0027808474158197553,0.0027641975371928236,0.000115395935274296
1.0511,0.0027826243061074086,0.002769637624647641,0.00011579732943620954
1.052,0.002786153114917892,0.002746811699988113,0.0001158894915713256
1.053,0.0027786367654996096,0.002549902033845362,0.00011522348697853416
1.054,0.002777000000000112,0.002970102333596143,0.00011413995481121947
1.0549,0.0027831850815863,0.002720199750929413,0.0001134985067070112
1.0559,0.00277715408896095,0.002768188223413488,0.00011348790454705457
1.0569,0.0027740000000000173,0.0027680575543605223,0.00011402482306622746
1.0579,0.0027761364552839033,0.0027319192268578634,0.00011522524908157933
1.0588,0.002779940794907813,0.0028351079809692567,0.0001160641455945923
1.0598,0.002778603579041054,0.0028305490119825785,0.00011530429747482183
1.0608,0.0027780112402792257,0.002600480391063203,0.00011400579233963984
1.0617,0.0027796378286358363,0.00275066269758504,0.0001132294523238997
1.0627,0.0027759963604924737,0.002879057602408014,0.00011271577225170632
1.0637,0.0027768334444780054,0.0028146486986200593,0.00011234130573050313
1.0647,0.0027891128664037823,0.002774052754869926,0.00011223621431916146
1.0656,0.002787181975570993,0.0026820926487614327,0.00011242098225140322
1.0666,0.0027756393894638126,0.002714463777763731,0.00011292575269318575
1.0676,0.002775840519759496,0.002917310859623541,0.00011341221116449192
1.0685,0.002774104831391432,0.0025749241817403985,0.00011303795448883238
1.0695,0.002775243701004955,0.003152088212853959,0.00011183224120000437
1.0705,0.0027752345872154075,0.002540380039010307,0.00011083610909111556
1.0714,0.002774815595327173,0.0026033819981908257,0.00011050848204387542
1.0724,0.0027754539546423363,0.0027680777433707372,0.00011061800698977913
1.0734,0.002774315466287795,0.002740739295869758,0.00011083034187310874
1.0743,0.002774709624983429,0.0028433552368445606,0.0001108624737660335
1.0753,0.002774151505402973,0.0028781781833617857,0.00011069190008894301
1.0763,0.002774987499984209,0.0027815913394992463,0.00011034101052564071
1.0773,0.002773747548334413,0.002822799637932934,0.00010986544189062004
1.0782,0.00277215032191697,0.0027632830090747436,0.00010946713966157073
1.0792,0.002773289327304351,0.0027921606368487934,0.00010946115405362572
1.0802,0.002776569181507409,0.002719783117613784,0.00010977228911701992
1.0811,0.002780906576378137,0.002688343842372874,0.00010972289984077929
1.0821,0.002776669357812454,0.0029332555927410724,0.00010908216961109093
1.0831,0.0027730000000000766,0.0030032073431561727,0.00010838296303894343
1.0841,0.0027729999999999413,0.0026271606131183173,0.00010794500228191921
1.085,0.002773894120896318,0.0028160474136558777,0.00010771636134927415
1.086,0.0027788680379602915,0.0026613436850172743,0.00010756853481065191
1.087,0.0027751718002250484,0.00269930784885968,0.00010742853593375738
1.0879,0.002780114912541318,0.002840714661862253,0.00010730332694960493
1.0889,0.002792312550381828,0.0028086056015731854,0.00010724467425997034
1.0899,0.002779209414262694,0.0027282553321048455,0.00010732065575562737
1.0908,0.002775498914488393,0.00288188886755563,0.00010744029332310745
1.0918,0.0028008735799769026,0.002733849340051916,0.00010736380753453154
1.0928,0.0027963782615270565,0.002825095317481666,0.00010705935596911884
1.0938,0.002780940278342206,0.002958872438776088,0.00010670335100025521
1.0947,0.002780000000000014,0.0029513751359243495,0.00010647950952847862
1.0957,0.002785685532763126,0.002801403759605382,0.00010646540662620781
1.0967,0.002782434972845635,0.0027650455465352657,0.0001065716382496607
1.0976,0.0027852115086196613,0.002624271460119726,0.000106560429844319
1.0986,0.0027920435530330496,0.0030553971468141117,0.00010637013142692911
1.0996,0.0028016738236846164,0.003015755916083298,0.00010619516722244852
1.1005,0.002813621670195081,0.0027958689784594194,0.0001062711796453978
1.1015,0.0028186331791975566,0.0026454864913297684,0.00010671415940493766
1.1025,0.002796645041889949,0.0028349145307565494,0.00010732872513064218
1.1034,0.0028004623233386506,0.002965918335395975,0.00010751240111686972
1.1044,0.002831557131634699,0.0026861878198055217,0.00010705748903798411
1.1054,0.002803503570660874,0.00281118360716835,0.00010653797446203613
1.1064,0.002799210661833866,0.002929706963328886,0.00010624226537771517
1.1073,0.0027970000000000815,0.0029372491511011644,0.00010594603980862559
1.1083,0.002800407477237605,0.0026922909050820744,0.00010559880645926715
1.1093,0.0028033051798739524,0.0028987819195794204,0.00010532587167422545
1.1102,0.002799639874747129,0.0027949464504619494,0.00010524570983291338
1.1112,0.002803102306487627,0.0028346629389539367,0.0001054158033099742
1.1122,0.002804132093685905,0.0027283967659796843,0.00010547699053331653
1.1132,0.0027999718151223312,0.0028931422568252837,0.0001051171281410833
1.1141,0.0027957989344152326,0.002783277606584135,0.00010469944890505944
1.1151,0.00282201840180424,0.002720251806942831,0.00010458848061439714
1.1161,0.0028257655870093834,0.002879904471760446,0.00010465841776991121
1.117,0.0028229999999999623,0.0028914445725191163,0.0001046614135728261
1.118,0.0028206421952301788,0.0029850678087822587,0.0001046279370386913
1.119,0.00281861043056758,0.0027060180310668025,0.00010460164710950732
1.1199,0.0028336170022917402,0.0028006431476607406,0.0001044908167864123
1.1209,0.0028187641832183234,0.002831696059761545,0.00010435032002869718
1.1219,0.0028101732063205644,0.0026149806640594787,0.00010432326397585478
1.1228,0.002820311624772067,0.0028929160067250447,0.00010439082372629702
1.1238,0.0028270763545460917,0.0029612855488076514,0.00010463746319122936
1.1248,0.002826923879201987,0.0030573806292527365,0.00010512098854995644
1.1258,0.0028219373113594418,0.003035205598604881,0.00010524873948114932
1.1267,0.002819241358363826,0.0027079274300612333,0.00010469553653506265
1.1277,0.002820070403636015,0.00277518965663975,0.00010410387710101353
1.1287,0.002824624227467281,0.00287817853806251,0.00010402016347682295
1.1296,0.002815782777929657,0.0028674170442573063,0.0001042159002998419
1.1306,0.002801979804732003,0.00273321898040273,0.00010408498684072715
1.1316,0.0028028770694167554,0.002900181703857102,0.00010344120083416606
1.1326,0.002805935076007543,0.0027997747748889543,0.00010283291959864987
1.1335,0.002828995647934505,0.0028741745053811885,0.00010259986745251246
1.1345,0.0028516966265980047,0.002858729081197676,0.00010260075315915946
1.1355,0.0028136002799275563,0.002639431772837262,0.00010268041242487416
1.1364,0.002827018774341036,0.0026945622187493235,0.00010287729623656567
1.1374,0.0028375523704815783,0.0029867928396900716,0.00010327774308559461
1.1384,0.0028331046421772744,0.002940678132494139,0.00010382593096637459
1.1393,0.0028303668066819755,0.0028512923469349127,0.0001042352422859198
1.1403,0.002828999999999951,0.0027848172715674423,0.00010429572165594224
1.1413,0.0028229774316775058,0.002916185857237548,0.00010415768665700785
1.1422,0.0028180591425108425,0.0028083381116144075,0.00010393280589228904
1.1432,0.002821507242337502,0.002695963738654828,0.00010338279147291552
1.1442,0.0028320634098444293,0.0028683322864117783,0.00010254036677324093
1.1452,0.002841672078230351,0.002906601234359936,0.00010187403045727244
1.1461,0.002841236498856575,0.003050744466603099,0.00010168424657148496
1.1471,0.0028345627709738213,0.0029933347788326527,0.00010196435233703363
1.1481,0.0028300101547154475,0.0027729366316465625,0.00010238381992599384
1.149,0.002822049615334217,0.002745360954912391,0.00010238781531646215
1.15,0.002819088865423546,0.002876923305259284,0.00010186639326287695
1.151,0.0028166518195289606,0.0030120048557112657,0.00010125902890406259
1.1519,0.002829901747771937,0.0028737681629660548,0.0001008472491609729
1.1529,0.0028378055715538183,0.0027975900775159663,0.00010061831525979688
1.1539,0.002827407869134864,0.002804385857858024,0.0001005272808328006
1.1549,0.002840798411740817,0.002875362600593496,0.00010051363973186337
1.1558,0.0028519999999999717,0.0027363858759518423,0.00010052890100845304
1.1568,0.0028454506644421122,0.002945533052407012,0.00010066792768326879
1.1578,0.002841207099905877,0.002733866544483869,0.00010132659029810259
1.1587,0.0028589906207455817,0.0028873802556954814,0.00010260996077276753
1.1597,0.0028591729564970887,0.0028390415851472896,0.00010359544208231863
1.1607,0.002842860674404027,0.003069211090581134,0.00010322787612703235
1.1617,0.002850530728246845,0.0028447894466441,0.00010219816302548028
1.1626,0.0028461462516568164,0.00262161036883669,0.00010170257000126043
1.1636,0.0028360127109535844,0.0027535463830204655,0.00010181686479444629
1.1646,0.0028308541472136617,0.0026592792626547027,0.00010162895186994308
1.1655,0.0028385464259518644,0.002922613360346937,0.00010086744572667777
1.1665,0.0028270885498029885,0.0027843567780893356,0.0001003040992571229
1.1675,0.002818161525513677,0.0027757281522099104,0.00010051822913942754
1.1684,0.0028300873450276083,0.002774906118742823,0.00010143348302013947
1.1694,0.0028490270168156314,0.0029213017024360996,0.00010198634870092154
1.1704,0.0028600112024797304,0.002903296748386334,0.0001013184987248937
1.1713,0.00285366730388055,0.0028294002015742514,0.00010037251048614235
1.1723,0.00285139025911886,0.0028508686065816823,0.00010002785294792836
1.1733,0.002846455327131862,0.0028938681855001144,0.00010009672776181203
1.1743,0.002839672185111416,0.002826038009390159,0.00010017965094696924
1.1752,0.002837392955006593,0.0029704977903764157,0.0001004146725702566
1.1762,0.002833269748096893,0.0025990141925807306,0.0001013451924196367
1.1772,0.0028258055600402887,0.002981828664069014,0.00010278236496749203
1.1781,0.002816819216132646,0.002682452716255797,0.00010349153504419972
1.1791,0.0028315745324067818,0.002870094263682712,0.00010284043666227632
1.1801,0.002840385537601584,0.0027229966898608946,0.00010149305451330596
1.1811,0.0028273712364926882,0.0027138814467539507,0.00010045357376480652
1.182,0.0028247008896655256,0.0026891087750034372,0.00010006804109743572
1.183,0.002827465723902307,0.002672004838289411,9.998232404890508e-05
1.184,0.002834648220192632,0.00258475909187594,9.979015381397113e-05
1.1849,0.0028464847268037143,0.002727688045673908,9.947375467113503e-05
1.1859,0.0028383353455006402,0.002778600070255962,9.931882426243936e-05
1.1869,0.00282197235189102,0.0027767366691046165,9.977689662260091e-05
1.1878,0.0028238636511324715,0.0028820997317387433,0.0001009234376648542
1.1888,0.00283056020935677,0.002830797864430723,0.00010180147647039222
1.1898,0.0028350705055461517,0.0029964101861097514,0.00010122985672483057
1.1908,0.0028308862703188163,0.002805314173506486,9.991371932604185e-05
1.1917,0.002826621993010564,0.0028454690787836348,9.911460003214754e-05
1.1927,0.0028240694617053383,0.002779091201078322,9.895689484609054e-05
1.1937,0.002827692282187937,0.0027361579149703724,9.904781752608061e-05
1.1946,0.0028317926472725945,0.0028894490237582906,9.918605854190679e-05
1.1956,0.0028279769967672554,0.002896023284238945,9.949595352514066e-05
1.1966,0.002816263594990189,0.0029087743979047905,0.00010010188144773733
1.1975,0.00280499774638625,0.002717901579124488,0.00010057998858384842
1.1985,0.002805223912406372,0.0028334600249659745,0.00010037512586320949
1.1995,0.0028217786413900475,0.0027249181546208498,9.973961077103679e-05
1.2004,0.0028308177324611484,0.002943907315216744,9.916627793059089e-05
1.2014,0.0028243929408601617,0.002792583853159967,9.882126279321698e-05
1.2024,0.0028057784733691014,0.003009061627050462,9.864065309924494e-05
1.2034,0.0028134991495397475,0.0027709226342899867,9.84859713324501e-05
1.2043,0.0028127934831779383,0.0027139319994344577,9.832186763477298e-05
1.2053,0.0028021734226895733,0.0028999995310559174,9.818297967511154e-05
1.2063,0.002809043326236671,0.0028397527100044676,9.810908382725616e-05
1.2072,0.0028108598964027257,0.0026745039925572017,9.813741216832645e-05
1.2082,0.002806155149490282,0.0027656431857364535,9.824866387484938e-05
1.2092,0.002795412076493787,0.0027152653277857097,9.834008541246581e-05
1.2102,0.0027936988804149916,0.0027740852419392316,9.831579975068481e-05
1.2111,0.00279799999999997,0.002680907780506326,9.818569352201064e-05
1.2121,0.0028011322835517906,0.0026795047784272303,9.807011414335445e-05
1.2131,0.0027976488104810068,0.00273448825600135,9.805202353980632e-05
1.214,0.0027999463932150753,0.0028825812540008316,9.803229325988575e-05
1.215,0.002797286863878796,0.00283452038887816,9.793590336444698e-05
1.216,0.0027950671536439106,0.002835617388855982,9.780668247791113e-05
1.2169,0.0027958157200558883,0.002711549667032137,9.770373691778762e-05
1.2179,0.002793539777299471,0.0026652727096087916,9.765473045294592e-05
1.2189,0.0027912620380723865,0.002837456895743657,9.764815527238064e-05
1.2198,0.0027896059277649344,0.0029991141799441366,9.762267248312602e-05
1.2208,0.002790599232867055,0.003005536493251474,9.756190618418495e-05
1.2218,0.002789312211056282,0.0029159129909108648,9.751597048194064e-05
1.2228,0.0027807097296600734,0.0028334445966176182,9.752625702696365e-05
1.2237,0.002796533003787543,0.0027480454882077496,9.757691228749329e-05
1.2247,0.0028243443638969364,0.0029875644055638233,9.760415136802126e-05
1.2257,0.00279975942062515,0.0026860949014450284,9.769303507035108e-05
1.2266,0.002788483416642015,0.002753514976947788,9.781139948384847e-05
1.2276,0.0027795528519839736,0.0026784331563772116,9.782608039888375e-05
1.2286,0.0027834876435786342,0.0027551746738335107,9.769723541667869e-05
1.2296,0.0027842326156164118,0.0027881030522021693,9.762610311539047e-05
1.2305,0.002781421431852065,0.002807326236592468,9.780435493210382e-05
1.2315,0.0027853054412111116,0.002708549993622865,9.817110989074637e-05
1.2325,0.0027852890623785358,0.002680606208307602,9.83881787363254e-05
1.2334,0.0027797176271929544,0.0029551558370497994,9.822169963148311e-05
1.2344,0.0027780388017103028,0.002956697585084457,9.783166670576486e-05
1.2354,0.0027825323274999043,0.0028131427050209134,9.751023716925195e-05
1.2363,0.0027961833617399837,0.002796455363946273,9.737392456315968e-05
1.2373,0.0027912039930845026,0.002974265787654262,9.737647492757646e-05
1.2383,0.0027776197066338893,0.0027437046772805017,9.744758033415923e-05
1.2392,0.0027755148109401143,0.002695222273582393,9.753860672867003e-05
1.2402,0.0027743758055527833,0.00274664470576657,9.766930237007288e-05
1.2412,0.002773236935939239,0.0027019941007313687,9.78969299399856e-05
1.2422,0.002772999999999978,0.002857548842767251,9.81752560860757e-05
1.2431,0.0027739261059289396,0.002818217962072195,9.836879134181694e-05
1.2441,0.0027760000000000115,0.0025417482996854036,9.841514468578767e-05
1.2451,0.0027757961032319864,0.0027136551186550204,9.832985396740565e-05
1.246,0.002774999999999982,0.002968343443034118,9.814502958543573e-05
1.247,0.002775367439157134,0.0027419726146091427,9.793729376542334e-05
1.248,0.0027775171722637846,0.002766983939529047,9.781781461716858e-05
1.2489,0.0027789999999999486,0.002699215564738583,9.781287155653639e-05
1.2499,0.0027756515751364394,0.002738866814770781,9.797825084806956e-05
1.2509,0.002773191309640021,0.0026295437778857504,9.84219025402034e-05
1.2519,0.002773000000000081,0.002803646868976367,9.895116143838818e-05
1.2528,0.0027730000000000393,0.002930024226403969,9.909424705405074e-05
1.2538,0.0027756631060798453,0.0027356336011648127,9.873454197912073e-05
1.2548,0.00278299509834871,0.0029461562811490052,9.826370625750997e-05
1.2557,0.00278680417148184,0.002768159344973634,9.80012192276793e-05
1.2567,0.002779759548143807,0.0028788693093016507,9.792629232448078e-05
1.2577,0.002777448274822799,0.0027224500475466614,9.794334136174504e-05
1.2587,0.002774929339997719,0.0028404526968188832,9.80197375646326e-05
1.2596,0.0027725693774561092,0.0027542128428517305,9.807986929242043e-05
1.2606,0.002771999999999999,0.0027813752528206364,9.803297428250085e-05
1.2616,0.002772000000000043,0.0026612587207389218,9.792941505184992e-05
1.2625,0.002773036513501182,0.002889263638297655,9.789405740694196e-05
1.2635,0.0027753120164110707,0.00291471525213293,9.796510800939109e-05
1.2645,0.0027772950135928546,0.0027366481248218832,9.80350238387835e-05
1.2654,0.0027767195805437693,0.0027352793631535014,9.805167972363407e-05
1.2664,0.002773541025522387,0.0027367210417334658,9.811313423247763e-05
1.2674,0.0027724027004306434,0.0028618968587960387,9.818986327581253e-05
1.2683,0.0027720000000000604,0.0027639814739484304,9.814218955303541e-05
1.2693,0.002772760801797548,0.002751794329914024,9.79849120015269e-05
1.2703,0.0027730000000000844,0.0028436391102604442,9.784939641899923e-05
1.2713,0.0027730773535969673,0.002715266432829813,9.781745569273561e-05
1.2722,0.0027751273910470867,0.0028859218669482203,9.787674269460434e-05
1.2732,0.002777000000000017,0.002862379150783111,9.799569202327633e-05
1.2742,0.0027766594958815037,0.0027233818996033965,9.812752205823912e-05
1.2751,0.0027749032138311936,0.002710610966315715,9.822981609323257e-05
1.2761,0.0027724953992230342,0.002794044220502215,9.830833549588679e-05
1.2771,0.0027726434703904735,0.002795147383465055,9.838956497522467e-05
1.2781,0.002773000000000016,0.0028474410764243747,9.843369925696946e-05
1.279,0.002774612856193557,0.00272448508444659,9.839345143258775e-05
1.28,0.002774999999999948,0.0027969028128829606,9.846311891731825e-05
1.281,0.0027753372123908134,0.0028029142933877244,9.891335396271043e-05
1.2819,0.0027795463495785154,0.002738809831751419,9.981336399596873e-05
1.2829,0.0027830114998785085,0.0027244556171766867,0.00010091825173290932
1.2839,0.0027796138695823968,0.002809871905639298,0.00010177163724546423
1.2848,0.002781467330133225,0.002872802520381057,0.00010191802268155068
1.2858,0.002787750456512325,0.0026195184120353307,0.00010121059735069929
1.2868,0.002789999999999928,0.002864964787290598,0.00010014206104641748
1.2878,0.0027891729756377875,0.002706746175707666,9.951912547918934e-05
1.2887,0.0027872961627551317,0.0027347463056167694,9.958813330596388e-05
1.2897,0.002786009075990196,0.0027006548787447326,9.992368149490342e-05
1.2907,0.0027853510318833867,0.002830399106980586,0.00010009794668099232
1.2916,0.002780535345316553,0.0028478157690631782,9.990684982886779e-05
1.2926,0.002778293555935664,0.00287999687254015,9.957552655020384e-05
1.2936,0.0027811581047161825,0.002794723482242078,9.938067709874193e-05
1.2945,0.0027835432877855774,0.0027815833673754116,9.934441150387307e-05
1.2955,0.0027865743056104285,0.002806584006120975,9.928581901315457e-05
1.2965,0.002789734587215277,0.0027464989981345216,9.913952037362557e-05
1.2974,0.0027998645850344896,0.002823641334668904,9.898188115764038e-05
1.2984,0.002803897544921655,0.002696691637383623,9.887845091294893e-05
1.2994,0.002803817927323653,0.002735856104693555,9.882866713772204e-05
1.3004,0.0027979474804645577,0.0028982049790563795,9.879561425032628e-05
1.3013,0.002790593865674862,0.002758187645007912,9.87843181525595e-05
1.3023,0.0027799830158740666,0.0031703336444908465,9.884689094837617e-05
1.3033,0.002781340730697465,0.00272656643577943,9.897134700451961e-05
1.3042,0.002786507015541166,0.0028057123510600262,9.902282078429894e-05
1.3052,0.002783511543108875,0.002554644280921631,9.898711463203651e-05
1.3062,0.002780219786485424,0.002619954380087521,9.899162294109073e-05
1.3072,0.0027845954156410927,0.0028452334897359583,9.90817168892247e-05
1.3081,0.002788772401013316,0.002766859034598908,9.922732191350105e-05
1.3091,0.0027890000000000085,0.002728986295496037,9.9437828109609e-05
1.3101,0.0027885581791036824,0.002886530938615003,9.984147253993963e-05
1.311,0.0027874920034386976,0.0026430942395635356,0.00010055796497774141
1.312,0.00279207655280667,0.0026767922523012527,0.0001014049365312393
1.313,0.002800136426608428,0.0027476308827802704,0.00010176799054002956
1.3139,0.0028051913161570856,0.0026855950243901932,0.00010147869101662476
1.3149,0.0027980711524546236,0.002813217343713552,0.00010101035136716388
1.3159,0.0027923485919196214,0.0028380749809272794,0.00010052905478519468
1.3168,0.002793701590622705,0.0028624818657388674,0.00010008918461546454
1.3178,0.0028009207225187546,0.0029100795718385894,9.984172701519645e-05
1.3188,0.002796979749119083,0.002899266926088477,9.981746860933361e-05
1.3198,0.002790533073494706,0.00271889098651367,9.993355951945756e-05
1.3207,0.0027940413961302056,0.0028971093945600445,0.00010004502091203372
1.3217,0.0027981390047356006,0.0028543692466494754,0.00010003270434702203
1.3227,0.0027952934346377996,0.0028159589939566842,9.992606889639295e-05
1.3236,0.0027963738213541544,0.002642229924893121,9.982498107872112e-05
1.3246,0.0028045909245693126,0.0027062057378213953,9.979957024123796e-05
1.3256,0.002806128669660585,0.0029998943539472837,9.986430416523769e-05
1.3266,0.0028020000000000375,0.0028266956565243407,0.00010002145005063453
1.3275,0.0028020000000000384,0.002818263528081465,0.00010028413148655364
1.3285,0.0028028657882967784,0.0025881928320493288,0.0001006085187865228
1.3295,0.0028091841909109517,0.002697606421083587,0.00010086209349033608
1.3304,0.002815011355632601,0.0028399766606219683,0.00010101990682215009
1.3314,0.002817952247863013,0.0028011781106705024,0.0001011885604423338
1.3324,0.002817157118318856,0.0026672908741567076,0.00010133726615014124
1.3333,0.0028172778917282997,0.0028613049555466885,0.00010139129559883877
1.3343,0.0028102204874860836,0.0027988615519109997,0.00010144777959437371
1.3353,0.0027988317913498996,0.0027223660929730008,0.00010161019129446635
1.3362,0.0027998838242723713,0.0026437423080998257,0.00010178763627715781
1.3372,0.0028083233018686275,0.0027567170303764046,0.00010189892548213771
1.3382,0.0028122186481849554,0.002632511851402636,0.00010199759096405922
1.3392,0.002814430614288815,0.002914401345897831,0.00010223587499793506
1.3401,0.002820061958747471,0.0029008916343923542,0.00010265206109150705
1.3411,0.0028250000000000362,0.002915847387327105,0.00010302100441287637
1.3421,0.002819715041245169,0.0027210325413503486,0.00010309088474951411
1.343,0.0028169999999998847,0.002889173863466262,0.00010289067522147219
1.344,0.0028235875342158562,0.0028537759620357998,0.00010261425615206621
1.345,0.0028307746829856345,0.0027351949763014904,0.00010248176732914851
1.3459,0.002831987538435343,0.002924701088939628,0.00010257837298614912
1.3469,0.0028288636218386904,0.0028911433014210354,0.0001026932887871209
1.3479,0.0028191500786105927,0.002637371578957178,0.0001026746792318388
1.3489,0.002813999999999981,0.0027699535995271795,0.00010285712970009959
1.3498,0.002814428235369065,0.002918105274212552,0.00010332558066061568
1.3508,0.0028195379260504186,0.0028458955532835385,0.00010356514836763888
1.3518,0.0028279427725894047,0.0027440522987242266,0.00010344926263196727
1.3527,0.002832191109354627,0.002810991843785591,0.00010335177724761237
1.3537,0.002846905089219866,0.0030426049571674,0.00010335313966147182
1.3547,0.002829960311550846,0.0028151158699476877,0.00010334004683054883
1.3557,0.00282705720307999,0.002963449374587912,0.00010324526820013505
1.3566,0.0028505263013383422,0.0028505927421204496,0.00010305404427337447
1.3576,0.002891093587517205,0.002915433217143034,0.00010286062155362484
1.3586,0.002849922132852696,0.0027482751270658003,0.00010284032969326234
1.3595,0.0028404738616682624,0.002834503808819859,0.0001030331585209717
1.3605,0.0028354854184630264,0.0027936332399349285,0.00010335548933067527
1.3615,0.002833503473338319,0.0029376126301375017,0.00010363301057779472
1.3624,0.002841759441770675,0.002865470602057594,0.00010372126527890165
1.3634,0.0028403417655926202,0.002820287205284193,0.00010365860482072702
1.3644,0.0028297857440435672,0.003007359129893978,0.00010355000448769157
1.3654,0.002824845398383709,0.0029281261575914526,0.00010349857267738524
1.3663,0.0028202175248738894,0.0027820257989821843,0.00010361298314829529
1.3673,0.002830615365610836,0.0026171591939149336,0.00010389371204272353
1.3683,0.0028707360024418805,0.002817875381490754,0.0001041716537758294
1.3692,0.002871148503470744,0.0026483715592566168,0.00010420157904331038
1.3702,0.0028611920788792233,0.0027918557850538533,0.0001039996932321075
1.3712,0.0028741750447528014,0.0029393257197484627,0.00010382645152925584
1.3721,0.0028825785477275827,0.0030117686537283355,0.00010381349954504214
1.3731,0.002857113554484729,0.003064601735535091,0.00010389299904597193
1.3741,0.002823297163543951,0.002831775756365889,0.00010394487923868347
1.3751,0.0028300470183335656,0.002791787605322724,0.0001039818044104976
1.376,0.0028453683605584664,0.0030603265701618023,0.00010400966201348124
1.377,0.002852401563425231,0.0029231367559370658,0.0001039592620471603
1.378,0.002850840451112402,0.0027531430345835205,0.00010387289841875696
1.3789,0.0028422202580827543,0.0028047542333250633,0.00010381847122674488
1.3799,0.0028306653670395884,0.0026539655156665423,0.00010379957039957784
1.3809,0.002828842853493973,0.0028576009404239636,0.00010387125560802202
1.3818,0.0028324717790607946,0.0030564420842126567,0.00010406123394913257
1.3828,0.0028330113508531576,0.0028866898169124474,0.00010426727030200654
1.3838,0.002836302127325513,0.002928359404152677,0.00010440307062808903
1.3848,0.002847119054703099,0.002921742207172404,0.00010449012915726753
1.3857,0.002855308641698803,0.0028197020112816834,0.00010460809153000224
1.3867,0.002855104705828,0.0027820983149678758,0.00010484671033227529
1.3877,0.002852828301109715,0.002945146608887896,0.00010523688220365284
1.3886,0.0028501685929439293,0.0029083929582947136,0.00010576703852095846
1.3896,0.00284525262797009,0.0031261013059234815,0.000106539395421677
1.3906,0.0028377815918629533,0.0028897284638007277,0.00010753546692181281
1.3915,0.002832432823546092,0.00275375075501931,0.00010829668172170748
1.3925,0.0028383142861115487,0.002734796165389134,0.00010836969543584997
1.3935,0.002841527772586278,0.0027319042074067687,0.00010785802498504907
1.3944,0.0028284168486714953,0.002780702850735256,0.0001071659062926985
1.3954,0.0028218341439840717,0.0029131366203557917,0.0001066700206842425
1.3964,0.0028363696146208304,0.002618942115917206,0.00010669054307576144
1.3974,0.0028504199668615165,0.0028714699362437724,0.00010707205613630607
1.3983,0.002849063428092455,0.002706827192534753,0.00010723608637449671
1.3993,0.0028485899298630758,0.0029303108148896516,0.00010711407348278108
1.4003,0.0028536698515942674,0.002715353547357921,0.00010700843995761347
1.4012,0.0028597543695401623,0.002687351819051,0.00010702255548289034
1.4022,0.002852510901042121,0.00303834855961118,0.00010703506518779878
1.4032,0.0028468210118060967,0.0030537464608490616,0.00010690007356506914
1.4042,0.0028433746672523502,0.002910520872314283,0.00010671794683058589
1.4051,0.0028479975852358343,0.0028349184509244814,0.00010680686463193343
1.4061,0.002854538763910884,0.0027845777540388967,0.00010739608786086797
1.4071,0.0028502565653285806,0.0027868424927730596,0.00010845213367763794
1.408,0.0028388749706281975,0.002721023135084369,0.00010963458970846498
1.409,0.0028316376350767426,0.0028536636599548614,0.00011045652552686955
1.41,0.002831979460844377,0.0027964538822454793,0.00011065657075887051
1.4109,0.0028340045521156455,0.0028129314951664793,0.0001103340891349469
1.4119,0.0028351433941838575,0.0027347773220071786,0.00010975330389612787
1.4129,0.0028385315934791435,0.002892531195065242,0.00010920491139091342
1.4139,0.0028567682194460403,0.002904208331251693,0.00010895567474556732
1.4148,0.0028805715419882544,0.002926339922754526,0.00010932380381080245
1.4158,0.00286370855035971,0.002710919443210631,0.00011022794640404758
1.4168,0.0028327045829964034,0.0028951998069131563,0.00011079658246176579
1.4177,0.0028362224970135234,0.0026870860491123388,0.00011054151084793254
1.4187,0.0028531773081022544,0.0028983246314485435,0.00010994431924617706
1.4197,0.0028725017428735304,0.002868101990012168,0.00010954759088265699
1.4206,0.0028923010704891947,0.003076652376825827,0.00010948931439252373
1.4216,0.002894029991401938,0.003024771236960911,0.00010978187052444631
1.4226,0.0028733955177593987,0.002892170963557381,0.0001104371148333768
1.4236,0.002859944806996123,0.0031116829746716955,0.00011114098459658559
1.4245,0.0028480912465159492,0.0029229301679585666,0.00011143178507218942
1.4255,0.0028411103577928925,0.0028400152260586085,0.00011134131263795284
1.4265,0.002840768750349241,0.0026883339649923245,0.0001112468993126848
1.4274,0.0028378282459939623,0.00299591398544816,0.00011126103508894202
1.4284,0.002828614627499274,0.0029854949928922346,0.00011106436136152212
1.4294,0.0028202117330078983,0.0029583352934271206,0.00011053038174119702
1.4303,0.0028232870068213246,0.0027756437832344755,0.0001101039050152949
1.4313,0.0028281120689496887,0.0026979612484310826,0.00011006383886868812
1.4323,0.0028391043087436212,0.002764673906748101,0.00011029971903126938
1.4332,0.0028452050074791665,0.002725556344789195,0.00011045913776724117
1.4342,0.0028332699670466435,0.0026578037143633534,0.0001104256501445051
1.4352,0.0028179216586484705,0.002809992171752983,0.00011036626326031503
1.4362,0.0028158143766485347,0.002867062202301687,0.00011057839461313287
1.4371,0.0028201973395988785,0.002871442237191836,0.0001109245336742598
1.4381,0.0028268633471284672,0.002581270685947313,0.00011113456502079103
1.4391,0.002846813427779652,0.002897704157052796,0.00011125794041977222
1.44,0.0028498915047265737,0.002698813254605036,0.00011133559058096609
1.441,0.0028301595054400918,0.002529503438363432,0.00011121025483003281
1.442,0.00282297567957329,0.0029633149362729054,0.00011084989450353626
1.4429,0.002814228052856206,0.0029979389444839146,0.000110322768996487
1.4439,0.00281316398434644,0.002738751463087601,0.0001097998995824162
1.4449,0.0028183259853631617,0.0026168917237977198,0.00010948394157230878
1.4459,0.0028225796015224863,0.0028779240103039105,0.00010950139059129044
1.4468,0.0028221150415545892,0.002802929968591028,0.00010976830412012924
1.4478,0.0028228174009561698,0.002804854057804349,0.00011011712926045056
1.4488,0.0028143532220236793,0.002904686433111094,0.00011049382202094129
1.4497,0.0028117471430611713,0.0026307370280032084,0.00011095871541313363
1.4507,0.002816303164610306,0.0028401973465308093,0.00011138716765807287
1.4517,0.0028255052507264833,0.0028822250538246565,0.00011142364181808221
1.4527,0.002830588082444696,0.0030179521053596415,0.00011114282931203966
1.4536,0.002830882855417525,0.0028885173009955017,0.00011103628310382682
1.4546,0.0028342994642584257,0.0028310311029403914,0.00011146042533656147
1.4556,0.002837716480420197,0.003070995528378962,0.00011237058872890396
1.4565,0.002840791754233713,0.0027101620880462082,0.00011328597826940558
1.4575,0.002834653123284918,0.0029269072165665918,0.00011374576327471966
1.4585,0.002827719471273335,0.0027749059435269534,0.00011382144026626621
1.4594,0.0028213241206453315,0.0026274347522165925,0.00011412355991208465
1.4604,0.002830113845034429,0.0028414008117945773,0.00011505042252301272
1.4614,0.002825366268149147,0.0029412403988959904,0.00011586115238654549
1.4624,0.0028112189820585806,0.002710389883036933,0.00011564237632223664
1.4633,0.0028009420190172715,0.0027327047449605202,0.00011485784708593915
1.4643,0.0027923151993023876,0.0028663468885531448,0.00011453424762245878
1.4653,0.002793852951996938,0.0026341637859018593,0.00011485188197064076
1.4662,0.0028086411290527036,0.0028081590485762226,0.00011528675300099864
1.4672,0.002823195351853413,0.0028676245861320457,0.00011562452980874331
1.4682,0.0028159887547242546,0.002782414825191135,0.00011588062357804088
1.4691,0.0028121662922296195,0.0028231320255785635,0.00011581539972758944
1.4701,0.002808749276067835,0.0028530582973646528,0.00011505895071430964
1.4711,0.002804776889635797,0.0027668658482049276,0.00011391917277472751
1.4721,0.0028002208680867917,0.0027877541349181413,0.00011301887367372112
1.473,0.0027961237788802933,0.0027616646239899817,0.00011254025237604669
1.474,0.002801860839287544,0.002626344333228848,0.00011240876107485582
1.475,0.002825922036859572,0.002705857407398834,0.00011237940346295539
1.4759,0.002842674476458464,0.002670733080432009,0.00011234023894590753
1.4769,0.0028271980574590904,0.00263634143843611,0.0001124146897380922
1.4779,0.0028250890633271498,0.002626682780230015,0.00011264859972923734
1.4788,0.00283549999111928,0.002539460203570674,0.00011283449471758834
1.4798,0.002856710368562768,0.0028027291030647307,0.00011283806314330736
1.4808,0.0028673985961096683,0.0027953403506262666,0.00011277993677009604
1.4818,0.0028662597264961748,0.0027081320590841367,0.00011273615873016843
1.4827,0.0028430651784121653,0.0025512590001424665,0.00011277038651121418
1.4837,0.002813419219744772,0.0026946155294798645,0.00011301993131613444
1.4847,0.0028019578991760703,0.0029347778177320496,0.00011345338720095777
1.4856,0.0028009999999999723,0.0026545143320982918,0.00011395388351765612
1.4866,0.0028016185924469917,0.0028306225884685465,0.0001146889491440514
1.4876,0.002805378698112571,0.003035072824513797,0.00011579789464875422
1.4885,0.002809476077659781,0.0028525066349766254,0.0001169903458145757
1.4895,0.002807935801582017,0.002600120608743087,0.00011813105705504691
1.4905,0.0028001186335047286,0.0028295558419988154,0.00011884781736868324
1.4914,0.002795984042938802,0.0030502090664454983,0.00011807661049164026
1.4924,0.0027949999999999013,0.0024606739882747407,0.00011613746519959592
1.4934,0.0027959487217358386,0.0026164329842781955,0.00011452281884964817
1.4944,0.002807842269584627,0.0027915984328442784,0.0001138378292053056
1.4953,0.0028255333608744135,0.0029180766215684824,0.00011361147406338153
1.4963,0.0028084628638264655,0.0028022582317560186,0.00011335086534701359
1.4973,0.002788487759717008,0.0029177480094262896,0.00011313948248341023
1.4982,0.0027817560628574348,0.0028735006049856685,0.00011330503349680776
1.4992,0.002780000000000016,0.00285883843544729,0.00011400778598025634
1.5002,0.0027793074792849914,0.002951371719719876,0.00011533347289433428
1.5012,0.0027798313903287138,0.0028488521347478047,0.00011736350418505924
1.5021,0.002782569444799769,0.0030843385393112322,0.00011960450544877783
1.5031,0.002782005645534947,0.002875509752876321,0.00012068994698957237
1.5041,0.002782266435297198,0.002805853162931226,0.00011985130486178572
1.505,0.0027846332356795287,0.002972173355376662,0.00011803237127907081
1.506,0.0027900812001500483,0.0026752483880562467,0.00011636793983395932
1.507,0.0028011065748904554,0.002746615549255039,0.000115393789372452
1.5079,0.002815911256288884,0.002701139275739877,0.00011503741284537695
1.5089,0.002829392274643564,0.002970643840666048,0.00011494389011789735
1.5099,0.002824143865111761,0.0026721012936980672,0.00011488319198587649
1.5109,0.002810475800464304,0.0029224317230817226,0.00011486030701098198
1.5118,0.0027972725973107403,0.0027182136145317815,0.00011496189682536913
1.5128,0.00279631870848498,0.002540898058981005,0.00011526991304207764
1.5138,0.0028023904044687654,0.0026748193978211295,0.00011601199497615988
1.5147,0.002793164583027974,0.002797327944473113,0.00011758663284114347
1.5157,0.0027842859758362803,0.0028219837218865216,0.00012008887823744375
1.5167,0.0027800363795600475,0.002947231099779239,0.00012202297611460468
1.5176,0.002778493675188354,0.00283114734875548,0.00012172616787401092
1.5186,0.002779289264305367,0.002833075291827729,0.00011957243735688874
1.5196,0.002783134550159676,0.002982602829276398,0.00011740110932937872
1.5206,0.002789535042921246,0.0028409409749440024,0.00011605672978142044
1.5215,0.00278905240157526,0.0027199310481100156,0.00011547088033985707
1.5225,0.0027877404841400357,0.002846334652666165,0.00011548934009177646
1.5235,0.0027845513310529885,0.0027561719787806125,0.0001159095922732024
1.5244,0.002786990811915,0.002925855868805814,0.00011640930363625376
1.5254,0.002796280982076196,0.002872129651634396,0.00011673080044589188
1.5264,0.0027925273007455595,0.002763594072008345,0.0001169464460666433
1.5273,0.0027979658722601178,0.0029185751375569763,0.00011719438079186926
1.5283,0.0027999292246442473,0.0028625203280935423,0.00011736338839797132
1.5293,0.0027981708719344496,0.003010851875370246,0.00011716617134923452
1.5302,0.0027962915613266187,0.0029005316199055705,0.0001167136956848755
1.5312,0.0027930203258280904,0.0027455465960204853,0.00011648660660754917
1.5322,0.0027905277762385466,0.002703193767936925,0.00011659103463677811
1.5332,0.0027956197646364185,0.002740947297516797,0.00011674319725748353
1.5341,0.0028008851561318183,0.0029784989650954215,0.00011668464918229925
1.5351,0.0027995286267395035,0.0030086996620181964,0.00011651814666565218
1.5361,0.002790989510686194,0.002766046164658822,0.00011674316547226166
1.537,0.002785010587288095,0.002650794931964407,0.00011744383283809587
1.538,0.0027933046944610476,0.002721548956756015,0.00011824002188196357
1.539,0.0028311154202263,0.0028019443160769643,0.00011869236441708443
1.5399,0.002835100290137705,0.0026513570057219594,0.00011852807945925354
1.5409,0.0028246128475040893,0.0030026769424466126,0.00011786765239254847
1.5419,0.0028132248154814823,0.002616106400702075,0.00011717470757850208
1.5429,0.002802160938314991,0.002670872618011808,0.00011670650651983163
1.5438,0.0027932756594438095,0.002762674839368091,0.00011643988236291381
1.5448,0.0027856022602158826,0.002594528045548698,0.00011646504930193182
1.5458,0.0027867105054225636,0.0027575575465938217,0.00011670328716719262
1.5467,0.0027915740353666456,0.0027645986823030036,0.00011692721427703019
1.5477,0.0027914367520068977,0.0025772429536773237,0.00011702564541388131
1.5487,0.0027900797551096072,0.002817775474304259,0.00011694426209728863
1.5497,0.0027921185005552796,0.0028625539004820248,0.00011671754312929578
1.5506,0.0027939156584510156,0.0026860131549278636,0.00011649422361088061
1.5516,0.0027914375218627712,0.00269829516014687,0.00011656931394878959
1.5526,0.0027841909776412307,0.0030142382025866972,0.00011740574229170574
1.5535,0.002781772337737494,0.002744307301401749,0.00011893704579122436
1.5545,0.0027898255002709654,0.0027827827374435144,0.00012006696401033139
1.5555,0.00280795278965425,0.002640869689667294,0.00011991488959266309
1.5564,0.002807799005695096,0.002677793330671809,0.00011909195326104505
1.5574,0.002792594058456641,0.0027241107193499256,0.00011844609596465492
1.5584,0.002781307159293455,0.002770119554372557,0.00011818286330715206
1.5594,0.00278110474080336,0.0027259787532146265,0.00011823590420702009
1.5603,0.002782259664148893,0.0026849868706792014,0.00011839811789926683
1.5613,0.0027845376749233495,0.00288116984998902,0.00011839124873713805
1.5623,0.0027872217297342326,0.0029944692441027892,0.00011818317513137456
1.5632,0.0027877050218170054,0.0028238107762477566,0.00011799049073661252
1.5642,0.0027820053465284532,0.0028893781856533587,0.00011794633903526672
1.5652,0.002781128603185721,0.0029632571731091893,0.00011791532257913082
1.5661,0.0027805307486670422,0.002823608261185936,0.0001177207340787433
1.5671,0.002777379106838861,0.002646624872714549,0.0001174879881754107
1.5681,0.002777011361715295,0.002950684058211803,0.00011744192044590097
1.5691,0.0027783007342048853,0.0026732175050694328,0.00011755949673616703
1.57,0.0027803509167474176,0.002724774175574675,0.00011767773580200726
1.571,0.0027823143279873007,0.0027283857209458927,0.00011782993268575449
1.572,0.002783906666749192,0.0029412147802342584,0.00011813765830852253
1.5729,0.002785955760725748,0.002872813907302303,0.00011861697387018442
1.5739,0.0027894646212288095,0.0027691883455925642,0.00011936016105599514
1.5749,0.002803837731806763,0.0029700308783322292,0.00012015097334171486
1.5758,0.0028134608133441484,0.002848596172913566,0.00012088436673883566
1.5768,0.0027975366899929545,0.0026954586976547868,0.00012112711496241801
1.5778,0.0027857720479422038,0.0026951027122794156,0.00012069979297183532
1.5788,0.0027816082847438,0.002771782305237494,0.0001200339411329374
1.5797,0.00278000000000003,0.0028403708843550823,0.00011964363907583474
1.5807,0.0027803599542865942,0.0027714444968253314,0.00011969800940332104
1.5817,0.002781997647800283,0.0026147068209259544,0.00012001488371712238
1.5826,0.002785093276543513,0.002896703965001134,0.00012022940955375402
1.5836,0.0027830293103611346,0.0028199776188736728,0.00012017004143509723
1.5846,0.0027801993487798484,0.0029181493835448297,0.0001199961035396689
1.5855,0.00278165148498265,0.002759853235796365,0.00011996730900647224
1.5865,0.002780070504242971,0.0027395883647031425,0.00012021650419638498
1.5875,0.0027936909898881868,0.0029525350751226443,0.0001205631156226367
1.5884,0.002812662626418604,0.0026801944837683703,0.00012072314874512265
1.5894,0.0027814005488088584,0.003010227948815925,0.00012053828111040528
1.5904,0.002777000000000073,0.002659009381407186,0.00012000242522717062
1.5914,0.0027770000000000893,0.002641762851383362,0.00011931156548737452
1.5923,0.0027781377870561685,0.0027948001697006715,0.00011862860274725046
1.5933,0.002778999999999873,0.002806912637501696,0.00011811274738093631
1.5943,0.0027781537224806667,0.0027992684109757176,0.0001178669021143638
1.5952,0.002779742466033763,0.0028578692592598418,0.00011784542853341381
1.5962,0.002780000000000078,0.002852148833454437,0.00011797598093985634
1.5972,0.0027802981480065606,0.0026810049034340293,0.00011821011548129149
1.5982,0.0027822869744527842,0.00265880338262273,0.00011849553086350796
1.5991,0.002782999999999939,0.002766863139943583,0.00011876990432128219
1.6001,0.002782999999999974,0.002928634214021466,0.00011893719656367735
1.6011,0.0027824100592748553,0.0029031285847207202,0.00011899560947117055
1.602,0.0027819999999999906,0.0029185370706094798,0.00011906512080703148
1.603,0.0027835063590960396,0.0027117432138888614,0.00011924018432124333
1.604,0.00278756707217978,0.00274496404220133,0.00011947955842215781
1.6049,0.002792584296580766,0.0027588486904096426,0.0001198415634377427
1.6059,0.0027996648117795896,0.002743792253146799,0.00012050748889913571
1.6069,0.002793221948894972,0.0026278006146679346,0.00012123401741145734
1.6079,0.0027896673992478848,0.0026743496870155854,0.00012142394261312362
1.6088,0.002790788460116612,0.0029043273650642795,0.00012099883267931979
1.6098,0.002804924356013192,0.0029461472178336934,0.00012041899166625187
1.6108,0.002833160309654675,0.0027660801064103607,0.0001202753229949673
1.6117,0.002823840909432176,0.0028570084418221395,0.00012076160174121484
1.6127,0.002797229015259306,0.002771097597335504,0.00012154765409134463
1.6137,0.00278268866221407,0.002787919762636205,0.0001223961381607136
1.6146,0.0027858493993666413,0.0028270012469107566,0.00012342773371551698
1.6156,0.0027965203284347705,0.002611684725040731,0.00012416924625540746
1.6166,0.00280831747568596,0.0027473962369375634,0.00012396078932990146
1.6176,0.0028007272072229504,0.002844604191439079,0.00012365006818671015
1.6185,0.002794984087255423,0.002687620818547058,0.00012437292094678783
1.6195,0.0027952531276173066,0.002752406050783897,0.00012587693151494157
1.6205,0.0028014052877491356,0.0028662688899602894,0.00012670440871704342
1.6214,0.002807943041747186,0.0027688874526521634,0.0001259524867061079
1.6224,0.0028184419271320388,0.0029089667408961177,0.000124353164161547
1.6234,0.0028308117335674,0.002959985333808616,0.00012276816175625803
1.6243,0.002842976071577153,0.002642429729032042,0.00012181804165487843
1.6253,0.0028395590554152824,0.0027579114256007136,0.00012143443224693245
1.6263,0.002836142446574268,0.0027576627833546387,0.00012118966580587477
1.6272,0.002832447056662947,0.0028066739781778677,0.0001208198605910961
1.6282,0.002826755955759189,0.002948402295080114,0.00012053323273364124
1.6292,0.002820473929229132,0.0027803810423446163,0.00012074730483175518
1.6302,0.002813639896905529,0.002496699129943855,0.00012145550505057753
1.6311,0.0028074893492782767,0.002985616954433673,0.00012221902604978116
1.6321,0.002800656131596748,0.0025895039008053825,0.0001225749569447726
1.6331,0.002808256600521192,0.002899368973511456,0.00012234798715913024
1.634,0.0028174811999987356,0.0028215793922535047,0.00012187559435985378
1.635,0.002825037639730943,0.003003978392294063,0.00012164176001531344
1.636,0.002819011135353422,0.002786802794266432,0.00012173622397913873
1.6369,0.0028167821646932737,0.0029639563226418605,0.00012211455534859859
1.6379,0.0028170307518761437,0.003044572140174176,0.00012282348115200137
1.6389,0.0028139999999999992,0.0027890517894183092,0.00012356168460140533
1.6399,0.0028163165231239492,0.0027803040623543417,0.00012388585261919116
1.6408,0.0028273644533961494,0.0026442931510244233,0.00012375290397437453
1.6418,0.002844044065497062,0.0030474622895643954,0.0001233926263372214
1.6428,0.0028608519966109493,0.002998078913441581,0.00012309780865246147
1.6437,0.002858108163307617,0.0030352226085634967,0.00012314593983206237
1.6447,0.0028480952131754145,0.00263636220985385,0.00012371618375266633
1.6457,0.002837099416432903,0.002718557430927324,0.0001247289094955547
1.6467,0.002822292346398139,0.002940814981255394,0.00012572973624921677
1.6476,0.002810595509204753,0.0028155753344317903,0.00012609863619014725
1.6486,0.0028039636141402023,0.0028197350338562853,0.0001255398308150585
1.6496,0.0028070890033695768,0.0028273742127751605,0.00012448293903887322
1.6505,0.002820643379176596,0.002969122818735389,0.00012363276004500554
1.6515,0.002819072953765305,0.0028957178713494994,0.00012328333625007308
1.6525,0.00281472377732813,0.0027697389141022786,0.00012342098502769963
1.6534,0.002820578333965485,0.0028059553833055997,0.00012385797155214408
1.6544,0.0028242835888786758,0.0029169278266919386,0.0001242401609833793
1.6554,0.002824999999999951,0.002810800873694746,0.00012445068794717445
1.6564,0.0028244385361204114,0.0028262152412422458,0.00012490476094883143
1.6573,0.002819898785032459,0.0027797653350643365,0.00012591370526952975
1.6583,0.00281337789207056,0.002912468392052346,0.00012695885946468926
1.6593,0.002808546835201992,0.0030215685347888795,0.00012717722723694976
1.6602,0.002805334852587894,0.002649126805606415,0.00012673550867311578
1.6612,0.002802328654295804,0.002769175578952386,0.00012626204623152586
1.6622,0.0028115089750843166,0.0025640584681641057,0.0001261325696749402
1.6631,0.0027990000000000037,0.002680372951424887,0.00012677298123093872
1.6641,0.0027989999999999725,0.0030575420092947662,0.00012821935389613928
1.6651,0.0028013404239576834,0.0028961596095986863,0.0001295585125390222
1.6661,0.0028100709017881815,0.0027322148785863193,0.0001297008916296797
1.667,0.0028241149032002667,0.0027701970899622268,0.00012862255046647153
1.668,0.0028346210432345633,0.0027452184774434804,0.000127505050979758
1.669,0.002835091082501291,0.002767580774729543,0.00012723916351934405
1.6699,0.0028350000000000497,0.0029347829921326156,0.00012804979334775647
1.6709,0.002831708486465781,0.002852693739797125,0.0001294145186262194
1.6719,0.0028273650718403432,0.002901203041397108,0.00013042045720714423
1.6728,0.0028247642996837973,0.0028427288982297767,0.00013063818922453142
1.6738,0.002826248234220986,0.0026833646553612728,0.0001303961057920776
1.6748,0.002833082266544691,0.002792937952003249,0.00013045097880743682
1.6758,0.0028399154842263215,0.0027574531410804503,0.00013071128399433433
1.6767,0.002840644656048849,0.0028824780062874818,0.0001302910783552226
1.6777,0.00283836850347072,0.0029463678514672644,0.000128953403017047
1.6787,0.0028370455919756172,0.0029005916587380785,0.00012747091681352432
1.6796,0.002831123004226877,0.0026666936706133,0.00012661201890056618
1.6806,0.0028252889719031465,0.0027849864379964648,0.00012640006722479453
1.6816,0.002821544245778625,0.0027586533248478255,0.00012648891858950019
1.6825,0.0028288214421885822,0.002933105258746729,0.00012668704688936533
1.6835,0.0028402033200274194,0.002814413853485448,0.00012697809127364346
1.6845,0.0028510328145472026,0.002936603052117291,0.00012726102565488004
1.6854,0.002859674343100369,0.0029039248130128584,0.00012752988366627457
1.6864,0.0028680630879239976,0.003017881045913974,0.0001280287395289285
1.6874,0.002871722374075193,0.002786965211218461,0.00012893575626443391
1.6884,0.002855999450822655,0.0028893850409017837,0.00013003524229565383
1.6893,0.002839625152683382,0.0027960634124527704,0.00013092424372299928
1.6903,0.0028236880383327237,0.0030323738043713635,0.0001312559023920428
1.6913,0.0028151819964257925,0.0029006129422095633,0.00013070365134884175
1.6922,0.002809034502048911,0.0027653300703981898,0.0001295352441136315
1.6932,0.002807329112641634,0.002852222041938829,0.00012852127131356798
1.6942,0.0028160482791561216,0.002770191262677992,0.0001280586345679439
1.6952,0.0028281806728214782,0.0029397065184455073,0.00012803113292858534
1.6961,0.002839456676804625,0.0030239042191693094,0.00012824142745438842
1.6971,0.0028501701476894934,0.002909992377484115,0.00012853559221930402
1.6981,0.0028612276242457927,0.002881500493304094,0.00012878129862262588
1.699,0.0028652938387964577,0.002655235390499674,0.00012896379631136334
1.7,0.0028536941634158537,0.0028847593961930746,0.00012911917698812118
1.701,0.0028415150887873934,0.002873871737483647,0.0001292571548643095
1.7019,0.002834626417607585,0.0029399242120983177,0.00012938043314785166
1.7029,0.002834512004631039,0.002873301768082151,0.0001295081444037253
1.7039,0.0028350000000000168,0.00252039396140542,0.00012966605400362253
1.7049,0.0028342106761715035,0.0028301250892043095,0.0001298832970179821
1.7058,0.0028331855849002678,0.002945439084274187,0.0001302444247034205
1.7068,0.0028320467152867373,0.0028296536607116435,0.00013068820928174675
1.7078,0.002832638058038878,0.0025619409694321096,0.00013137253720363454
1.7087,0.0028396966398756196,0.002762350297987818,0.0001325424406517414
1.7097,0.0028467857842325505,0.0029362751659425547,0.0001343943000367709
1.7107,0.002846876473533143,0.0029675574236679362,0.0001361803178101439
1.7116,0.0028335520520656483,0.0029171046162600194,0.00013641382066539515
1.7126,0.002819868122556573,0.0028718998331619242,0.00013511484026848986
1.7136,0.0028170878342213125,0.002629129253169295,0.00013381707411550269
1.7146,0.002829687400956949,0.002866096643902641,0.00013333701758643413
1.7155,0.0028440386787535765,0.0027713628915383335,0.00013345966223787096
1.7165,0.0028549901991129813,0.0028525635716390063,0.0001337150738487635
1.7175,0.0028457613850877933,0.00290005256880726,0.0001338913703888048
1.7184,0.0028367061364384964,0.002987759756408581,0.00013396027521575947
1.7194,0.002827894831672618,0.0028543275171086084,0.0001339598167614147
1.7204,0.002819922744377406,0.003016729374126161,0.00013388235064659492
1.7213,0.00281321180469625,0.0028131546712941635,0.00013377578297758103
1.7223,0.002809396982203897,0.002863109741208977,0.00013398961809161228
1.7233,0.00281048287053206,0.002896240195562402,0.00013469665615383733
1.7242,0.002813299579611587,0.0028114564523413583,0.0001354229927292632
1.7252,0.002818527659622489,0.003033992037833021,0.00013575642410631558
1.7262,0.0028399324323007207,0.0027581558215891387,0.00013583228237243846
1.7272,0.002863847163698301,0.002855100211545129,0.00013580557591949427
1.7281,0.0028797566591753495,0.0029182953498740156,0.00013568347208387345
1.7291,0.0028694603382708977,0.002783785519606705,0.00013547819300636989
1.7301,0.0028512362520743467,0.0029278563757731972,0.00013527084418629565
1.731,0.0028384082923142186,0.0027729762629202562,0.00013532548865911106
1.732,0.002837245975650779,0.0029899568479097773,0.00013595124127914045
1.733,0.0028437238228964127,0.0027770232566932916,0.00013714733349073268
1.7339,0.002849060085314071,0.0025361270405431374,0.00013826420728415748
1.7349,0.002847146932649735,0.0029638461829978543,0.00013851329194588356
1.7359,0.0028426398886505083,0.002756677728791542,0.0001379655365079513
1.7369,0.0028380854518225886,0.0030764720043401405,0.00013753693314721678
1.7378,0.002833988600919899,0.002912858033097189,0.00013766871116677323
1.7388,0.002829040724213449,0.0029597503036320138,0.0001379670417257451
1.7398,0.0028244078256873177,0.0030384799477308154,0.00013811100525047478
1.7407,0.0028202209197893836,0.0027390206741328784,0.0001384584331962341
1.7417,0.002815220714282348,0.0029356110072882497,0.00013934190215269138
1.7427,0.002811501772232953,0.0026660198084425585,0.0001405279515739575
1.7437,0.002810999999999981,0.003005746253443255,0.00014111067651072345
1.7446,0.0028119966487494836,0.002563223139953627,0.000140900249526798
1.7456,0.002813406555088903,0.002977420532301214,0.00014035252246154132
1.7466,0.0028190197612528163,0.0028226788028656875,0.0001399086139516473
1.7475,0.0028302905239760423,0.0026357137443030897,0.00013970853633402903
1.7485,0.0028428108025118142,0.0026566702387330493,0.00013989023513368858
1.7495,0.0028530344574913638,0.0030163189974753346,0.0001405743718501808
1.7504,0.002857803919702981,0.0026886406373874644,0.00014131415504284133
1.7514,0.0028619612478199335,0.0027160146525961764,0.0001414411582017177
1.7524,0.0028647566339624697,0.002817835111745627,0.00014108625179435694
1.7534,0.0028589147599812695,0.0028284182879988254,0.0001407664716453459
1.7543,0.0028537471643505126,0.0027369910975332495,0.00014066041472983622
1.7553,0.002847999999999958,0.002665918789480106,0.00014073925465621755
1.7563,0.0028489600428275963,0.0026045408102156526,0.00014086234191149714
1.7572,0.0028523788517419426,0.002918804084429384,0.00014088280961641885
1.7582,0.002855965943964274,0.002805924723678523,0.00014093020786908533
1.7592,0.002856378158404188,0.002772714617542058,0.00014123808280235492
1.7601,0.0028553530671330137,0.002744405435935966,0.00014180656265061722
1.7611,0.002854214061745751,0.002972595752937814,0.00014242255858945687
1.7621,0.002856774423603616,0.0027622213782245077,0.00014265282579534817
1.7631,0.0028612506972120156,0.0029091536036738343,0.0001423314825943675
1.764,0.00286526329672258,0.002787374680136054,0.00014193848307489336
1.765,0.002864373836995229,0.0031568461946972336,0.0001418622173246739
1.766,0.0028457841102234927,0.0028111740756729536,0.00014194829621584453
1.7669,0.0028291410589109333,0.002789985670266145,0.00014205334713403536
1.7679,0.0028189420020892177,0.00269865800908475,0.00014218678435000973
1.7689,0.0028213373394751617,0.0029818354371931714,0.00014242913290012975
1.7698,0.0028278469637476474,0.0024504725502094036,0.0001429638338624488
1.7708,0.0028358200014588046,0.002862204527589064,0.00014374275449933452
1.7718,0.002848645210005368,0.0028171779981110818,0.0001445318667326165
1.7728,0.0028611898131142757,0.0026977624445805163,0.0001452007873897037
1.7737,0.0028708667439002536,0.0028160964967954426,0.00014559843018461204
1.7747,0.0028642825087718867,0.0030227847164471244,0.00014570960974605163
1.7757,0.0028407773779866715,0.0028765724447658565,0.00014558482086739802
1.7766,0.002820275552562807,0.002940219551618876,0.0001452386697067563
1.7776,0.0028107237200426884,0.002866120277388112,0.00014491071495459194
1.7786,0.0028177036673649315,0.0027741767000806807,0.00014513198062846797
1.7795,0.0028266424472260876,0.002911031043043725,0.00014575154097288973
1.7805,0.002835139385553505,0.0027443280098691514,0.0001463800580095464
1.7815,0.0028370000000000114,0.0027662795296985645,0.0001468502290614913
1.7824,0.00283704096930186,0.002841501354714444,0.00014699821511635042
1.7834,0.002837105588004822,0.0027259784568177048,0.0001469875617625071
1.7844,0.0028298224798736734,0.0031280970907704227,0.0001473272217295883
1.7854,0.0028188891834006564,0.003142341488386365,0.0001478153133390233
1.7863,0.0028096645839231203,0.002914049401452441,0.00014792724667602678
1.7873,0.002808100060602792,0.0028266192460947273,0.00014789174168630358
1.7883,0.002814551508319067,0.002765645222965051,0.00014814085115682685
1.7892,0.002819917701086727,0.0030016681988596612,0.0001484023410250521
1.7902,0.0028256127280232887,0.002887044327317189,0.00014845131303871446
1.7912,0.002830184652975867,0.0028692597166008384,0.00014856347041221528
1.7922,0.002833600577787178,0.0030425465327265392,0.00014906189274057212
1.7931,0.002835775627075336,0.003028160608530187,0.00015011551319907306
1.7941,0.0028339098650643577,0.0027704510471040704,0.00015145275493967002
1.7951,0.0028299910082980086,0.0030780647007017147,0.00015263097034779084
1.796,0.002826417982409896,0.00288881128743371,0.00015336343020654926
1.797,0.0028276653783359373,0.002935100572461221,0.00015326964921779867
1.798,0.002832217192561905,0.0028863408065443277,0.0001527419461055836
1.7989,0.00283714583258305,0.0026077251481898536,0.00015242158858931801
1.7999,0.0028389681719040724,0.0028723248224849004,0.0001524673751136258
1.8009,0.0028312507093771577,0.0028864261816472564,0.00015305871796250647
1.8019,0.002823279631084068,0.0031552923029742495,0.00015403660336508438
1.8028,0.002817190002328425,0.0025313881398488077,0.00015497947428588104
1.8038,0.002814591131162515,0.0028927932469517913,0.00015533597074821046
1.8048,0.0028145478742247713,0.002865662284455908,0.00015468792661668028
1.8057,0.0028167184891668257,0.0029850628581708063,0.0001535040442152217
1.8067,0.002816576329780942,0.0026451972041664595,0.0001526562220855042
1.8077,0.002817699745065396,0.002817291314511719,0.00015247120445434936
1.8086,0.0028214986281688372,0.002569912857001781,0.0001526620813948001
1.8096,0.002825999999999926,0.0028159682569338295,0.00015283606860442477
1.8106,0.002825999999999989,0.0029248070333796087,0.0001529369481847919
1.8116,0.002825999999999932,0.0027198953953375747,0.00015296153203859513
1.8125,0.0028256837315129603,0.002680981576164431,0.00015294445605029412
1.8135,0.002822727524316485,0.0029253605463904096,0.00015278519025477055
1.8145,0.002817033176248453,0.002864336471242191,0.00015254667908671518
1.8154,0.00281190771989242,0.0029017022180082078,0.00015255362620204954
1.8164,0.0028137873070441404,0.002663149566724511,0.0001532595537823567
1.8174,0.002823963310224279,0.0026944489012402867,0.00015450760638114052
1.8183,0.0028360444883796057,0.0025891524634551735,0.00015547311985384372
1.8193,0.0028557628450849868,0.00304687533862754,0.00015557723878838816
1.8203,0.002851405524972822,0.0030100203062124976,0.00015503199723591068
1.8212,0.0028487767503863745,0.0027873540998882796,0.00015423160193612533
1.8222,0.002847999999999905,0.003098989400201234,0.00015349132047964652
1.8232,0.00284600005735077,0.0029617001438908587,0.00015320644717435378
1.8242,0.0028420830268511424,0.002846918001935016,0.00015379802094148817
1.8251,0.002839008160358731,0.0029052925550708693,0.00015504711277459002
1.8261,0.0028331822883935764,0.0027447927648479643,0.00015588370101214032
1.8271,0.002822580426783151,0.0028268182605027162,0.0001557263209384974
1.828,0.002814273497562993,0.0025522520303271684,0.0001553919420050047
1.829,0.0028093143377630157,0.002931664694370982,0.00015556940173795832
1.83,0.0028139502771331298,0.0029699564586989136,0.0001559196538472935
1.8309,0.00282214992111314,0.0029310402109184105,0.0001560765184223245
1.8319,0.0028312619642114,0.002974131604279104,0.00015621669552110104
1.8329,0.0028343616133028725,0.0030474447639714354,0.0001567494916624986
1.8339,0.002828893110548946,0.002694168073833175,0.00015793769253770508
1.8348,0.002823452135768133,0.003019220019726086,0.00015922439817005164
1.8358,0.0028169085305981044,0.002924811370740902,0.00015958618239454313
1.8368,0.0028120502086109475,0.0026599367998221923,0.00015932668939315291
1.8377,0.0028110114001663193,0.002772567448128482,0.00015905275871897002
1.8387,0.0028121504055535697,0.0028020386862120084,0.00015873412852106575
1.8397,0.0028109750738296037,0.0029177413698333087,0.00015845792043075543
1.8407,0.002805143438891068,0.0026477173462566644,0.00015842172885080827
1.8416,0.002804453236052001,0.0026019075659196446,0.00015891436151349472
1.8426,0.002806774703015965,0.002719473648122657,0.0001599474048440601
1.8436,0.0028087301078744244,0.0027997843730138802,0.00016136095437210973
1.8445,0.002812020253487775,0.002754170755005461,0.00016313611528179017
1.8455,0.0028192584813146165,0.0029336013004588276,0.0001644693920572001
1.8465,0.0028290992224395723,0.0027601339272437654,0.00016472781914780743
1.8474,0.0028322318545048277,0.0030426031263824354,0.00016387381163787785
1.8484,0.002836783584316559,0.00256206493557586,0.00016237330791691833
1.8494,0.0028399999999999966,0.002892147358524587,0.0001611557936121143
1.8504,0.00283810491567977,0.002939779749668627,0.0001607329835026484
1.8513,0.0028355011376487737,0.0029167885296774304,0.00016094298173408326
1.8523,0.002838185710321188,0.0031972491038482604,0.00016159803456670407
1.8533,0.002840775598399959,0.002817918881904474,0.0001625039441476592
1.8542,0.0028361958619728925,0.002780442395754307,0.00016368477337329898
1.8552,0.0028303015247074775,0.002947027088855293,0.0001654500351539666
1.8562,0.0028249214353278716,0.0029574183896582036,0.0001679575977038513
1.8571,0.0028240000000001185,0.002891511376265705,0.00017079990702141294
1.8581,0.0028242415223783952,0.0025381448157000283,0.0001727056384985138
1.8591,0.002825760783984203,0.0025911258305689696,0.00017260494789579563
1.8601,0.0028264806026206974,0.002653736137194516,0.0001714985787549413
1.861,0.002823822588492777,0.0030117797961360954,0.00017058395250116445
1.862,0.002818583208679432,0.002893447752604005,0.0001695830509297529
1.863,0.002812892859579343,0.0029691193135614837,0.00016796897819187006
1.8639,0.002806922918819258,0.002877585801831515,0.0001662499590351004
1.8649,0.002803044443247685,0.0027575207422287544,0.0001652716769912931
1.8659,0.0027997516180573463,0.0025195871363444134,0.00016511978573670105
1.8668,0.002798446930374154,0.002892981374023869,0.00016526859993555858
1.8678,0.002802148051616046,0.0029136373273127357,0.00016537184100263788
1.8688,0.0028067040731650458,0.003013781526949125,0.00016544456291891848
1.8698,0.0028123893274294696,0.0027439436583931043,0.00016567983735145536
1.8707,0.002816769937528284,0.0028383088923705116,0.0001665959084216601
1.8717,0.002820186953690137,0.0027056268436105985,0.00016840474035232698
1.8727,0.00282360060057141,0.0030920163257060302,0.0001702414628780907
1.8736,0.002828459032480151,0.0027662327106538795,0.0001708081565017545
1.8746,0.002825938376233331,0.0029957808064610025,0.0001700645669703381
1.8756,0.0028236606370062125,0.0026071987302910466,0.00016879369340717964
1.8765,0.0028218052272318875,0.0031811077717790143,0.00016746267447278207
1.8775,0.002821666796861174,0.002900307536126923,0.00016610625184678313
1.8785,0.002825357544084364,0.0029460972148362234,0.000165002118137101
1.8795,0.002832273599429178,0.0029689852549206405,0.0001639756261071783
1.8804,0.0028419901667185005,0.0026261621069333797,0.0001629694953914766
1.8814,0.002846774475088951,0.0029101995109741476,0.00016247733074032422
1.8824,0.002845173039047559,0.0030362159263070693,0.00016281862174950012
1.8833,0.0028431252632878535,0.0028234892419445865,0.00016395401485512075
1.8843,0.0028403895807286987,0.0029916751705263227,0.00016560473936782052
1.8853,0.0028312775376304715,0.0029143245841699696,0.00016696934630359539
1.8862,0.002823798683531371,0.0024963886535191923,0.00016726236296857593
1.8872,0.0028181058139822982,0.002668071817642354,0.000166742491845734
1.8882,0.002812931459535576,0.0027545226311195253,0.00016633052192301166
1.8892,0.0028090319858107846,0.0025038146609772226,0.00016670764345486807
1.8901,0.002806637807998204,0.002670149362247115,0.00016806275077699162
1.8911,0.0028043597972234957,0.0028535112363871555,0.0001700013356837237
1.8921,0.002801123086994562,0.00269599511147387,0.00017147191170588602
1.893,0.00279805117175532,0.003026393451695546,0.0001714195805988442
1.894,0.002794634213875475,0.002865592470838779,0.00016989862427438837
1.895,0.0027922607983217646,0.0028175481381968255,0.00016813358220096823
1.8959,0.0027944294479648603,0.002874589054394763,0.00016736023905709825
1.8969,0.0028001244749012197,0.0027340383036138145,0.00016798171386435743
1.8979,0.0028069418625640387,0.002980222848499955,0.000169129493573686
1.8988,0.0028105877169128254,0.002927366272690819,0.00016961573375562283
1.8998,0.002807367067367478,0.0028280140325615236,0.00016932832745509654
1.9008,0.00280253763234479,0.002395686175535894,0.0001690695547933152
1.9018,0.0027989954079289943,0.0028970654130314683,0.00016941609362626717
1.9027,0.002798113655385678,0.0025974271840095322,0.00017003017444505817
1.9037,0.002802837096168608,0.0028288624042985553,0.00017045946397242065
1.9047,0.0028088385477261476,0.0027869033428495524,0.00017091855567905067
1.9056,0.002814656900592787,0.0028757387110768034,0.00017170498781896962
1.9066,0.0028161184579766014,0.002467894534393408,0.0001726221263599706
1.9076,0.0028121739071531046,0.002826071861333345,0.00017306000853067966
1.9086,0.0028080115137817468,0.002742995523284693,0.00017324467578455142
1.9095,0.0028054555743483502,0.002771603606179869,0.00017318399375126892
1.9105,0.0028104673092784124,0.002713374936875663,0.00017258202653644812
1.9115,0.002818400702613225,0.0029615339855891413,0.00017136289530645288
1.9124,0.002826525654989116,0.0030106054569344095,0.00016987777556423897
1.9134,0.002833852182131881,0.0028793496718766314,0.00016878953776045723
1.9144,0.002838407660586396,0.0029193968454455346,0.00016881529320892277
1.9153,0.0028428850320890613,0.0026845217792882915,0.00016999145569014952
1.9163,0.0028490960708305374,0.0027130937611629965,0.0001711195019062371
1.9173,0.002851999999999932,0.0025952438124256295,0.00017109669037792023
1.9182,0.002851321166262374,0.002718274106539354,0.00017049153208420495
1.9192,0.0028616301435674596,0.0029510704729048803,0.00017033314227818947
1.9202,0.0029022683495455383,0.003164378209343305,0.00017077210033858412
1.9212,0.0029006500055925393,0.002803892323568701,0.0001713118276432641
1.9221,0.0028659866914282086,0.0024475513145448633,0.00017162700750269455
1.9231,0.0028396048870042885,0.0028362705571369964,0.00017181673870255367
1.9241,0.0028226270440956072,0.002894197889012712,0.0001718956384461242
1.925,0.0028130425213963865,0.0028753177314046552,0.00017198715296298185
1.926,0.0028056309860159316,0.00261811439896617,0.0001721742936751268
1.927,0.002798796953692446,0.0026252482857696607,0.00017245916940665943
1.928,0.0027928078879571883,0.0027720471355852203,0.0001732936442002835
1.9289,0.00279545331860239,0.0026165732560442215,0.00017518921759451136
1.9299,0.002799011675189483,0.002801569966727846,0.00017812551280326733
1.9309,0.0028051296372120405,0.003030853944217645,0.00018110985231663512
1.9318,0.0028111694663246222,0.002915319516224843,0.0001821838188386463
1.9328,0.0028054791882107842,0.002826800567652331,0.00018059085167173466
1.9338,0.002800670904085656,0.002833757726301565,0.00017794563850808307
1.9347,0.002797595630272181,0.0028678937002382093,0.00017600347340625586
1.9357,0.0027966071286299934,0.0027392972504112953,0.0001751450360755112
1.9367,0.0027992379947305995,0.0026603145637115085,0.0001750591206598583
1.9377,0.0028026519904023888,0.0026877151135937926,0.00017556005372326562
1.9386,0.0028057264605286817,0.002507848241205224,0.00017671513596177033
1.9396,0.0028058086977460856,0.002710371063855332,0.00017789149729041103
1.9406,0.0028010658452462325,0.002483466248386188,0.00017837149220705954
1.9415,0.00279615285420702,0.00254318205233929,0.00017835411567075299
1.9425,0.0027919488217350444,0.0026841555164757243,0.00017912083224197868
1.9435,0.0027904886582706795,0.002867381485529349,0.0001818250678558481
1.9444,0.0027920272275364037,0.002779031074059777,0.0001864808641272243
1.9454,0.002793652619155604,0.0027543057277984325,0.00019080597296134506
1.9464,0.002795583249085614,0.002886574827902203,0.00019169582655182929
1.9473,0.002798449740120853,0.0027985501750296994,0.00018989045656066865
1.9483,0.002804726989798149,0.002953597498913356,0.00018812730142910402
1.9493,0.002813841066764525,0.002622384664227567,0.00018768062598112725
1.9503,0.002822464642952679,0.003276572876153242,0.0001881479145272026
1.9512,0.002821683285272182,0.0028723776380577782,0.0001874171927204409
1.9522,0.002812228229969797,0.002893167420844603,0.00018435564873975927
1.9532,0.002805863404814912,0.002791855899784911,0.00018087258804040654
1.9541,0.0028028815198650426,0.002780235559505453,0.00017863856892565085
1.9551,0.0028040947363642313,0.0029450065122505723,0.00017762306936182985
1.9561,0.002807511345205171,0.002890679904457467,0.00017734717929360598
1.9571,0.0028128806022782505,0.002936288151351518,0.0001775732641119679
1.958,0.0028189996224361248,0.002959528940491732,0.0001783135635749667
1.959,0.0028272504814947927,0.0028869418943044856,0.0001796386192965134
1.96,0.0028391692166339104,0.0027088196805998667,0.00018106944169433663
1.9609,0.0028575725818277445,0.0032354424205981035,0.00018163306095606352
1.9619,0.0028798609952643754,0.00288041012851136,0.00018134608310411664
1.9629,0.002872073923989858,0.0028498810319116464,0.00018087831301090657
1.9638,0.002851719579918269,0.002833152244541108,0.00018049224254590183
1.9648,0.0028360751682359087,0.002831700042509115,0.0001803226759627637
1.9658,0.0028250553276913783,0.0031174302092030317,0.0001802423190612898
1.9668,0.00281074096325562,0.002845118015918311,0.00018069094288500798
1.9677,0.0027985443669972976,0.002686797723369922,0.00018188018849870353
1.9687,0.0027880771565623064,0.002641740210068819,0.00018333447917271437
1.9697,0.0027836765616988386,0.002711750863356916,0.00018441224479807906
1.9706,0.002783348529572444,0.0028533473890015003,0.0001849995306078149
1.9716,0.0027849750699192807,0.002531754565516838,0.00018511503623155058
1.9726,0.002787251383880129,0.0029128373341707134,0.00018483329301797045
1.9735,0.0027899510706769154,0.0026499312816357745,0.00018492083264287437
1.9745,0.002790210773494025,0.0027291503570578586,0.0001863899704327064
1.9755,0.0027899999999999986,0.0027814284711698365,0.00018971133717069716
1.9765,0.0027890000000001013,0.00260582444294949,0.00019433758799460214
1.9774,0.0027890000000000688,0.0026115481803856383,0.00019863547199696193
1.9784,0.0027894601184262923,0.0030279314474583032,0.00020009067630460638
1.9794,0.0027921071938012284,0.003378237696898584,0.0001978094044494013
1.9803,0.0027955760803916765,0.002571334854143323,0.00019438822966912078
1.9813,0.0028001321019409256,0.00291918912296258,0.00019193560968189854
1.9823,0.0028006574673354566,0.0025246824065865946,0.00019067292979440048
1.9832,0.0027993041525821195,0.0027516766982508584,0.0001902571601700831
1.9842,0.0027973302943896513,0.002988396825924775,0.00019057829498767798
1.9852,0.0027960261418075428,0.0026990230988195754,0.00019172803663706028
1.9862,0.0027905490887757908,0.0027394336912789563,0.00019275430398086422
1.9871,0.002786724675427019,0.0028229312092526355,0.00019182346824050172
1.9881,0.0027849999999999984,0.0029430526028644344,0.0001890867565936851
1.9891,0.0027845854448740573,0.002922024285927225,0.00018681053887524532
1.99,0.0027839999999999935,0.002628394710132125,0.00018635572237208766
1.991,0.0027840000000000182,0.002560236743027775,0.0001876221410659745
1.992,0.002784000000000011,0.002708896064507274,0.00018953279563127285
1.9929,0.0027840000000000672,0.0025779866705051826,0.00019053397735648584
1.9939,0.0027839999999999987,0.0030948680007685213,0.0001902660957312297
1.9949,0.002785019348718143,0.0031272868449928925,0.0001892356629325244
1.9958,0.0027861333199677295,0.002902927467506152,0.0001886226802880157
1.9968,0.002789549303178502,0.002803282733757307,0.00018830169888574643
1.9978,0.002792321176038032,0.00272820285071087,0.0001876023815444908
1.9988,0.0027939203628505067,0.0030204315601437912,0.0001869178066531651
1.9997,0.002796940547691101,0.002880637954742359,0.0001864102228731505
2.0007,0.002802744853860381,0.0029189855900974295,0.00018556161222870412
2.0017,0.0028057630119236792,0.002865604713281171,0.0001843790770765644
2.0026,0.0028052127933956817,0.002658200997858074,0.00018357652808364134
2.0036,0.0028068516677126625,0.0027190041399000916,0.00018355525331983994
2.0046,0.0028101949250519125,0.002572044609715383,0.00018412937589565163
2.0056,0.00281218462147632,0.0029138023400630355,0.00018509569038651754
2.0065,0.0028080842563915184,0.0029393846051133147,0.00018623638338650386
2.0075,0.0028038978387618135,0.0029683239994094087,0.00018720735860391463
2.0085,0.00280048257682637,0.002863398542184137,0.00018803400231508528
2.0094,0.002798999999999993,0.002914663270910955,0.00018869547185964758
2.0104,0.0027996697686093843,0.002528191307997942,0.00018873449735115836
2.0114,0.002801617276445903,0.0029493941146427325,0.000188108059103142
2.0123,0.0028036674589883496,0.0026759224821162305,0.0001872871147092704
2.0133,0.002805942985248225,0.0032592304616894385,0.0001864678707250395
2.0143,0.0028086636078993744,0.0029769949715717156,0.00018604710735740032
2.0152,0.002815218789363521,0.0029936181749254573,0.00018663471518925935
2.0162,0.002826294746416373,0.0028635268456960647,0.0001880761512146458
2.0172,0.00283789073030132,0.0028622181927957626,0.00018962941638654555
2.0182,0.0028315279129481055,0.0028343324619987567,0.0001907238875601293
2.0191,0.0028149324475333502,0.003020632880809476,0.0001911200056846579
2.0201,0.00280256144582275,0.002771476701211,0.00019068035925707885
2.0211,0.002794874412866695,0.003080723881452364,0.00018982983078297453
2.022,0.0027931206442066616,0.0028192036539307058,0.00018919070891377463
2.023,0.00279605125936457,0.0027192516538376145,0.00018925103191453905
2.024,0.0027994678682053704,0.002890793242120854,0.00018985347897081762
2.025,0.0028028852916882007,0.002631037573953099,0.00019052391799533012
2.0259,0.0028037203321868566,0.0030225839106804166,0.00019068465903520935
2.0269,0.0027987047094288914,0.002923246432035759,0.0001904846829835906
2.0279,0.002793013762542413,0.0030318915417254858,0.00019064947929401283
2.0288,0.0027885124798125473,0.002590292903095639,0.0001914149033642443
2.0298,0.002785478500678942,0.0027150621502609446,0.00019258515084644523
2.0308,0.002785899890821421,0.0028003707630510615,0.00019364109682532872
2.0317,0.002786924710545361,0.002472916529783402,0.00019386455632023136
2.0327,0.002788188138262358,0.0028450779483509933,0.00019327073281334768
2.0337,0.002790999999999977,0.00302258116123834,0.00019230267208659302
2.0347,0.0027903190960373316,0.002682971077647088,0.0001914447644033567
2.0356,0.0027886344567474293,0.0026045805483191514,0.00019109747161829798
2.0366,0.002787495315586527,0.0025346475893939006,0.00019112964025871454
2.0376,0.0027863571781162025,0.002740058546607127,0.000191589677279601
2.0385,0.0027866675063462076,0.002918947917884105,0.0001927997712485564
2.0395,0.002787806375959716,0.0027263301089823348,0.00019418260332155953
2.0405,0.0027889452455733973,0.002902072703761502,0.00019476895559654545
2.0414,0.00278997033684445,0.0030830620301933566,0.00019449124423705788
2.0424,0.002791781835562557,0.0026843905079089085,0.0001941253763076941
2.0434,0.002790247208666918,0.003138755179801281,0.00019450508615570354
2.0443,0.002791272299938201,0.002606202810053865,0.0001953670637448623
2.0453,0.002792822339103546,0.0025450144741837872,0.00019553801454469085
2.0463,0.002793999999999976,0.002403218669830764,0.0001948080992619528
2.0473,0.002792623207448101,0.0027922789376317435,0.00019410994312102744
2.0482,0.0027905742778039687,0.0029141517856296644,0.00019380156005729203
2.0492,0.0027882959954820237,0.0028745115682398672,0.00019332424463453762
2.0502,0.0027880000000000374,0.002674521549446872,0.0001928681628926851
2.0511,0.0027880319262875834,0.0028133944381401404,0.000192866591721017
2.0521,0.0027903093132218898,0.0026838887974228657,0.00019357619988439118
2.0531,0.0027928785048986333,0.002826999020598362,0.00019503063448395215
2.0541,0.002796726818319359,0.0028530079987606374,0.00019686385645422482
2.055,0.0027976296124468483,0.002816974129523692,0.00019840284162716195
2.056,0.0027942130036061946,0.002978342628962777,0.00019918514910432836
2.057,0.002790796394765236,0.0030527850648985363,0.00019894713899623834
2.0579,0.0027884824756887368,0.0028327310905601993,0.00019799648535522032
2.0589,0.0027871023714417177,0.002719893879689278,0.0001970231162843191
2.0599,0.002787000000000042,0.0029701347913409617,0.00019620483184953284
2.0608,0.002787061589443135,0.0026541416669069967,0.00019551233943778008
2.0618,0.0027879999999999906,0.0029503615638275553,0.00019553358849992423
2.0628,0.0027883381897181986,0.0026115131324226685,0.00019702812530845136
2.0638,0.0027913866543954236,0.002586121734739706,0.0001994532153130061
2.0647,0.0027975150542205486,0.0025062099058716235,0.00020109813802418882
2.0657,0.002806771625875036,0.002796687972589605,0.000201063842922603
2.0667,0.0028193619365300474,0.0030034160469848553,0.0002000944411286035
2.0676,0.0028268260192872425,0.002796166988297347,0.00019912010693221387
2.0686,0.002817627183588297,0.002646527813722671,0.000198205838614072
2.0696,0.002809589377644382,0.0030557123342003813,0.00019738318184522234
2.0705,0.0028045722232201416,0.0031880784121226056,0.000196988671724431
2.0715,0.0028002617439322848,0.0027357264135919887,0.00019721074342683693
2.0725,0.002797230965953814,0.0029949876855881706,0.00019780266024256352
2.0735,0.002794954628738048,0.002539589151741905,0.00019833980334388714
2.0744,0.0027929044461956127,0.0026010153980766293,0.00019860629526536485
2.0754,0.00279062616387378,0.002641003980559287,0.0001986168983211254
2.0764,0.0027891742123232347,0.0031324607408342647,0.00019864218017301858
2.0773,0.0027872982421040613,0.0028720431981906474,0.0001984171337568851
2.0783,0.002786011377432131,0.0028558943025664644,0.00019801671066170805
2.0793,0.0027858725207769476,0.0028617129176648497,0.0001977562547368392
2.0802,0.002784999999999986,0.003099932624252025,0.00019780843264072034
2.0812,0.002785582880215739,0.002422605085438892,0.00019835856874398955
2.0822,0.0027878601828304345,0.0025817948852035017,0.0001993503582241392
2.0831,0.0027912726679391437,0.0028338245260409864,0.00020033083909275722
2.0841,0.0027993406288129036,0.002560040484128074,0.0002009346359016727
2.0851,0.002801535454369872,0.00259463270214214,0.00020122583183272146
2.0861,0.0027949001021679433,0.002708684837084076,0.0002014288999958401
2.087,0.002793103766300207,0.00279795602416924,0.00020169942993599136
2.088,0.002793000000000083,0.0026945476115498596,0.0002018881640274343
2.089,0.0027928268944778277,0.0031707008378767353,0.00020183730869167632
2.0899,0.002791603606413116,0.0031323118510626405,0.00020158014877501393
2.0909,0.0027896629335929057,0.0032347533883330965,0.00020109471881397823
2.0919,0.0027885237924319788,0.0030803534024969512,0.00020071965293480328
2.0929,0.002788000000000076,0.002967302894014034,0.0002008526009627379
2.0938,0.0027880000000000092,0.0026658644965853492,0.00020141586026450084
2.0948,0.0027880000000000404,0.00287245357953478,0.0002020823729480603
2.0958,0.002788916768727922,0.002774715274358368,0.00020245211785224648
2.0967,0.002790883719998251,0.0026999673339318225,0.00020234071721477644
2.0977,0.002792079862207977,0.0027931381810472984,0.00020191918169197841
2.0987,0.0027930000000000277,0.0026963995482566275,0.0002015488923552156
2.0996,0.0027932438230927163,0.0024044128182269127,0.0002012373181251225
2.1006,0.0027940000000000287,0.002719394964733982,0.00020095284750663544
2.1016,0.002793999999999953,0.0027714094943260795,0.00020082920630891125
2.1026,0.0027946599518273996,0.00253265435331943,0.00020087534713033898
2.1035,0.0027956843842525778,0.0028293835940145506,0.00020115096038454127
2.1045,0.002800117627067898,0.002917732486094299,0.00020201312406271905
2.1055,0.0028086991602173992,0.0029594367898230734,0.00020321884698291874
2.1064,0.0028218373218787314,0.003001208948891143,0.00020406926639811884
2.1074,0.002814980605402111,0.00282811729343991,0.00020441934960395953
2.1084,0.0027986207769130226,0.0025375015596133072,0.00020469481889121848
2.1093,0.0027908432886215497,0.0029338431983985426,0.0002049897657199076
2.1103,0.002787143361988893,0.002792752753186197,0.00020488807407747928
2.1113,0.0027860000000000133,0.0027926412839829723,0.00020440161250908213
2.1122,0.002785999999999929,0.0031503756082487044,0.00020404932707779704
2.1132,0.002785999999999987,0.002695024166585324,0.00020428077110729506
2.1142,0.0027868691517127747,0.0027554196310024467,0.0002052667862207235
2.1152,0.0027880240639792425,0.0027508418053499004,0.00020669077125187951
2.1161,0.0027910993377928354,0.0026859921487116826,0.00020812882921467687
2.1171,0.0027946871462182967,0.002548645914030404,0.00020891964952119742
2.1181,0.0027998582772360936,0.002908861073686877,0.00020853021313080143
2.119,0.002806343629007297,0.0027283248739181152,0.00020764064426945849
2.12,0.0028124210212725057,0.0028008861844098613,0.00020703989241439315
2.121,0.0028097102955706894,0.002938974459348241,0.0002067535859588644
2.122,0.002803241577339602,0.0028976918976915756,0.00020671215660645242
2.1229,0.002798896431602737,0.0026195970332198305,0.00020690174907326826
2.1239,0.0027952564806058055,0.0027266732004359888,0.00020733065926157018
2.1249,0.0027928390571230516,0.0028850806114482127,0.0002080911843131875
2.1258,0.002790078467349538,0.002907117356501374,0.00020889119605549397
2.1268,0.0027916528255314465,0.00261306615679573,0.00020881153247616886
2.1278,0.0027957803628723557,0.0029848124363212707,0.0002077911274161612
2.1287,0.0028016630131019087,0.002818612207912539,0.00020696286311038607
2.1297,0.0028101544004539283,0.002912007567510282,0.00020700023235709604
2.1307,0.0028199259709595138,0.0028624422776038294,0.0002074884849462879
2.1316,0.0028284660875324582,0.0032888798545618017,0.00020790196922493363
2.1326,0.002838393198423385,0.002472379579845975,0.0002081341889061657
2.1336,0.0028486411948758727,0.0024341460017389643,0.00020814538435489423
2.1346,0.0028338119714689507,0.0025497006172690395,0.0002080445208041366
2.1355,0.0028217590635121565,0.002965821787560501,0.0002080686085686875
2.1365,0.0028111592571631854,0.0024524224792469513,0.00020815630573753444
2.1375,0.002803991765166519,0.002833168151165493,0.000208133791857936
2.1384,0.0028005739432575786,0.003107536809170895,0.00020808192025947045
2.1394,0.0028000000000000065,0.002520032050479608,0.0002082260776407081
2.1404,0.0028000000000001,0.002764972975968836,0.00020865709625087064
2.1414,0.0028000000000001006,0.0028059412087755274,0.00020909288101895185
2.1423,0.0028008677568545325,0.0025098331234797797,0.00020909821622573576
2.1433,0.002799982722810313,0.00278088906530168,0.00020858031755552567
2.1443,0.002796710742646298,0.002797172406221351,0.00020803364694346944
2.1452,0.0027944908401559727,0.002776523815166839,0.0002079149696146396
2.1462,0.0027913828208766963,0.0023646234421451414,0.00020809865076315141
2.1472,0.0027895527786411726,0.0028118404697001073,0.00020836775858065732
2.1481,0.0027894714114943923,0.002977223280142195,0.00020884585629699998
2.1491,0.0027906105526553132,0.0024719331346017277,0.0002096268163840042
2.1501,0.002791749422268919,0.002555279241917933,0.00021041436685828848
2.1511,0.0027937765837650827,0.002540054748284427,0.000210847378664934
2.152,0.0027949133831536885,0.002998152121589996,0.00021084435571427703
2.153,0.0027970513853625965,0.0029818261230853695,0.00021041797039763122
2.154,0.002798570764928307,0.003114586528642278,0.00020978389251579506
2.1549,0.0028016460387418293,0.0023414722585923674,0.0002094374079408875
2.1559,0.0028054168634436775,0.002878321814812081,0.00020953874915511427
2.1569,0.0028114515983215637,0.0029476459362288853,0.0002098135260735209
2.1578,0.0028191406979088305,0.0027194981761570662,0.0002099949725885782
2.1588,0.0028282472592572982,0.0028272538634400773,0.00021000678994431972
2.1598,0.0028381554371132186,0.0026459519278535684,0.00020982319191489846
2.1608,0.002847471345453864,0.0027463935064338937,0.00020949030961568224
2.1617,0.0028489590094528585,0.0029275258294686984,0.0002092178307038472
2.1627,0.0028380325988562,0.0024815882462658656,0.00020934223774343188
2.1637,0.002826877068521734,0.0026534518136178986,0.00020997890858692064
2.1646,0.0028186964950040407,0.0031101822746291124,0.00021073471423275683
2.1656,0.0028181987372813203,0.0027674813632573457,0.00021129553916455894
2.1666,0.002814919323393384,0.002903744661084052,0.000211756414476116
2.1675,0.002804621030215065,0.002803340767322616,0.00021207981298824506
2.1685,0.002801298466293671,0.0029531885662975087,0.00021219375359969624
2.1695,0.0028001593251326656,0.002648497078727505,0.00021226627637832348
2.1705,0.0027990204555189938,0.0028767425172709186,0.00021239347052183749
2.1714,0.0027969907284956367,0.0029320447017061055,0.0002124753537129025
2.1724,0.0027947133157880154,0.002813286268890676,0.00021251888034805016
2.1734,0.0027924375279455753,0.0029662360629290276,0.00021269640389486147
2.1743,0.002790693672701602,0.002693676506395534,0.00021317218750848115
2.1753,0.0027895548030879213,0.0032064043121330147,0.00021404703251728046
2.1763,0.002788999999999991,0.0026842087633273583,0.0002152191868409369
2.1772,0.0027890000000000887,0.002880949104566708,0.00021646753663438846
2.1782,0.0027890000000000944,0.002629893903892706,0.00021746697618271
2.1792,0.0027890000000000913,0.002719814473256513,0.00021767485514044408
2.1801,0.00278900000000001,0.0029400544294924985,0.00021683843516884281
2.1811,0.0027899999999998933,0.002562450620936877,0.00021562875819828618
2.1821,0.0027901889164981043,0.0029625756030331237,0.00021504251355411843
2.1831,0.0027913268623264917,0.0030011069568422095,0.00021533941497137523
2.184,0.0027923519535977435,0.0028752879769329658,0.00021592930806616488
2.185,0.002793000000000082,0.003155594070560855,0.00021624395586138827
2.186,0.002794259928744531,0.002487382414518907,0.00021613809832289393
2.1869,0.002796309568192266,0.0028705637698078447,0.0002158091402200287
2.1879,0.0027993790661288045,0.003037233141551698,0.0002156456527302901
2.1889,0.002802794967755592,0.0028968603342300523,0.00021583283133822922
2.1899,0.0028072821021286323,0.0025653873519329694,0.00021617552836875831
2.1908,0.002811478084016787,0.0026577691114752296,0.00021634956111357185
2.1918,0.0028174085477859472,0.002716952857495639,0.00021623254348078957
2.1928,0.002823866012590627,0.0027924966741998754,0.00021595116074136199
2.1937,0.002829385479381794,0.002801760412105193,0.00021565573860189306
2.1947,0.0028329999999999024,0.0026912570120214523,0.00021544305656667786
2.1957,0.002830298723503163,0.0024511919027624457,0.0002153718247952053
2.1966,0.002826898768813815,0.0031083087611634124,0.00021540521741246396
2.1976,0.0028234850244098874,0.003210832836806992,0.00021548099900604568
2.1986,0.0028210454355643857,0.0030126805805125592,0.0002156117346824461
2.1996,0.0028195807591571394,0.002902556992846533,0.00021587177942519568
2.2005,0.0028248474586156707,0.002592277773114282,0.00021633270773924767
2.2015,0.002831960789013673,0.003040139524547628,0.0002169596150482602
2.2025,0.002840350215282542,0.002746802044905803,0.00021742037467110812
2.2034,0.0028485434771908743,0.0024106512935922145,0.00021774244296212796
2.2044,0.002852417924190098,0.0026680704106738034,0.0002184321151540506
2.2054,0.002845511491188956,0.00264315749188935,0.00021956796893206465
2.2063,0.0028355396330536527,0.0030434121290030588,0.00022052728386510675
2.2073,0.0028250358432257957,0.0028637161723081587,0.0002209493615739019
2.2083,0.002814793823346511,0.0028573929355468724,0.00022112107425249186
2.2092,0.0028059522717589877,0.002872276673036443,0.00022095678342509361
2.2102,0.0028048131305981115,0.0027033854052845607,0.0002201982613148964
2.2112,0.0028033485219689973,0.002531592131673905,0.00021934222184998885
2.2122,0.0028019999999999118,0.002627763570781694,0.00021881410071275623
2.2131,0.0028015114390519684,0.002573899619156901,0.0002184821720337816
2.2141,0.0028016274305618406,0.0026605611589980587,0.00021822282147618835
2.2151,0.0028050662868908103,0.0026337242806021167,0.00021804412471393563
2.216,0.002810749977963357,0.0028211870340830126,0.00021799818284954552
2.217,0.0028175831956450694,0.002879331067370016,0.00021816631284485774
2.218,0.002825546106151683,0.002813372326054753,0.00021852629820588856
2.219,0.002831548168990414,0.003206548869669081,0.00021893939673572777
2.2199,0.0028241422067698837,0.002489868773860921,0.00021933410816603086
2.2209,0.002815771808111522,0.0026740225958184045,0.00021970622672711895
2.2219,0.002809448825358317,0.002672366368821447,0.000220012177339183
2.2228,0.0028053958484532656,0.0028264787737651864,0.0002203354148267688
2.2238,0.002803326943138935,0.00283361340358332,0.0002207340585638859
2.2248,0.002802187801978085,0.0028361631054945047,0.00022116535621682438
2.2257,0.0028019999999999395,0.002701904605154455,0.00022175643173307926
2.2267,0.0028019999999999157,0.0028883584290450262,0.00022237624451959827
2.2277,0.0028021138895682556,0.0030199373892296406,0.00022263185880625315
2.2286,0.0028032779616788636,0.0025637526674375873,0.0002224201247671721
2.2296,0.002805833551358942,0.0030661471103148727,0.00022200786969568112
2.2306,0.002809250974842009,0.003040606372049892,0.00022168397363933872
2.2316,0.0028121117224552874,0.0032170562972046084,0.00022155116310146482
2.2325,0.002814160583148938,0.0029082043885918763,0.0002216161578710742
2.2335,0.0028164373663204264,0.002819744974203048,0.00022182323452917915
2.2345,0.002816999999999875,0.002136622715383869,0.00022208877811287896
2.2354,0.0028169999999999354,0.00248149428665851,0.00022242935048599226
2.2364,0.0028159784863413767,0.002713803548906515,0.00022287452664713044
2.2374,0.0028150000000000787,0.0026637896781641973,0.0002233570774786273
2.2384,0.002814701614518962,0.002363647351329383,0.00022371597110527536
2.2393,0.0028140000000000252,0.0029928705931177918,0.0002236747642966161
2.2403,0.002814000000000049,0.0030174445709642336,0.00022324305915006834
2.2413,0.002814000000000054,0.0034185604274515153,0.00022282158388462733
2.2422,0.0028140000000000318,0.0029221706760634474,0.00022269699140487745
2.2432,0.0028139999999999238,0.0027999853090426934,0.00022286794457189457
2.2442,0.002814000000000029,0.0028167955731239844,0.00022321290837213834
2.2451,0.0028158565406885237,0.0032357568542410444,0.00022360249651555268
2.2461,0.0028182014198737037,0.0032408847473430124,0.00022389978714454681
2.2471,0.0028218241857673994,0.0027484825894508133,0.00022404946610140631
2.2481,0.0028263760471213956,0.0030479744232933537,0.0002241110218393351
2.249,0.0028301073091545697,0.0028334956053623966,0.00022412789109272559
2.25,0.0028325079726651565,0.003110876922291802,0.00022416557223103807
2.251,0.0028342936845575776,0.0029270594094522075,0.00022417717965543053
2.2519,0.002835671933550022,0.0023686291072567236,0.00022416678843136678
2.2529,0.0028368098807481277,0.0032027250455866777,0.00022422798442787274
2.2539,0.0028388976107447663,0.002847581133857128,0.00022439549294237933
2.2548,0.0028390000000000064,0.002742881812995836,0.0002245695932306188
2.2558,0.002838999999999971,0.0030055177835398164,0.0002247370612096191
2.2568,0.0028392516358707836,0.0029083937209958793,0.00022506869680389118
2.2578,0.00283999999999998,0.0030548510253958962,0.00022563401329820046
2.2587,0.0028395855421965172,0.0027829528353130436,0.0002263337284573445
2.2597,0.0028356784062135137,0.0027492573191100506,0.00022713099043891852
2.2607,0.0028295376571098613,0.002694796812652395,0.0002281401479376485
2.2616,0.002825847320452255,0.0028562285798243866,0.00022947136831472266
2.2626,0.00282243363457901,0.0029563578920664586,0.00023077176473124914
2.2636,0.002820011136656698,0.0026755265049692675,0.0002316035518793826
2.2645,0.0028201155083727265,0.0031183691589392543,0.00023220189574831468
2.2655,0.00282710874789496,0.0028122497324741835,0.00023259600787456773
2.2665,0.002835972621700481,0.0027246288337297937,0.0002322590158949933
2.2675,0.0028482276273864146,0.003015755843217846,0.00023119190657969156
2.2684,0.002860981093334955,0.0031858641880703805,0.00022998779201094572
2.2694,0.0028703958148653275,0.0025037725871656672,0.00022908515228443183
2.2704,0.0028660952409818347,0.002524611262303699,0.00022858806140491913
2.2713,0.0028578945108121904,0.0028486981467171512,0.00022840734133267425
2.2723,0.002848783553903247,0.00269076119948501,0.00022840374086590559
2.2733,0.0028396817086117267,0.0030240975017446184,0.0002285363797250821
2.2742,0.002831740489221004,0.003108482315176522,0.0002287260992873649
2.2752,0.002827796252691708,0.0029916756917196044,0.00022895584455658643
2.2762,0.002826657111530757,0.0031984207609565217,0.00022930313111693077
2.2771,0.0028259999999999644,0.002808226578266342,0.00022982483725717142
2.2781,0.0028254942895979654,0.002605249627020494,0.00023062117218885573
2.2791,0.002824355419984518,0.002806265054503833,0.00023179422369147182
2.2801,0.002828702327059165,0.0029099621475068716,0.00023312411218956913
2.281,0.0028364683272029028,0.0026496717108918525,0.00023415337516746623
2.282,0.002845581456490632,0.0030261944128657146,0.0002346035526267656
2.283,0.002855683301782409,0.002451152973684684,0.00023437451659229444
2.2839,0.002863994535945778,0.0026427521013741204,0.00023361395437945063
2.2849,0.002871999999999959,0.002426586499020277,0.0002327489836556093
2.2859,0.0028712229704628963,0.0025976852281343215,0.00023210682245267234
2.2869,0.0028689452312356998,0.002709050244187193,0.0002317749465401079
2.2878,0.002866896305748277,0.0028116052724130583,0.00023176093652465006
2.2888,0.002864619587370354,0.0023423608409823098,0.00023221508359780438
2.2898,0.0028623418481432497,0.0027981445199779928,0.00023363789062512107
2.2907,0.0028585833312014426,0.0028344735873622635,0.0002368020430279284
2.2917,0.002854027852747108,0.0030774652871902093,0.00024195639287446447
2.2927,0.002849475843911795,0.002569085376418283,0.00024814657820150873
2.2936,0.0028452193485339855,0.0031862053189768377,0.0002531317197631659
2.2946,0.002839820000372628,0.0028466578534127674,0.00025453281345162254
2.2956,0.0028413386952045373,0.002931502401890997,0.00025277073609270337
2.2966,0.002854449138858618,0.0025512888397665606,0.00025025575835426904
2.2975,0.0028677629536355918,0.0028834010284333974,0.0002477754836371347
2.2985,0.0028833016565969777,0.0034686773231102992,0.00024586596418744533
2.2995,0.0028983711289599923,0.0032284444826431555,0.0002461572063240029
2.3004,0.0029116973154855543,0.0026521900272359357,0.0002484954950924758
2.3014,0.0029065747057626227,0.0031793116044907827,0.0002502979965487817
2.3024,0.0028940463780738447,0.002641100585901736,0.00025030568495015837
2.3033,0.0028827836645035697,0.0032858804184238686,0.0002494769155801415
2.3043,0.0028702531117327547,0.003011826144770748,0.0002483421090070081
2.3053,0.002857725545983161,0.002878264412133962,0.00024629927780138574
2.3062,0.002848467890363619,0.0031377406252793747,0.00024322361749076017
2.3072,0.0028405009272969854,0.002520838898573997,0.0002403112942224605
2.3082,0.0028333128758042223,0.0023936731004723065,0.00023875498031161242
2.3092,0.0028264780288382086,0.002953104820486695,0.00023873390974075694
2.3101,0.002820327481211106,0.0029988557339010054,0.0002394629021857551
2.3111,0.0028143371576470253,0.0029307087153914277,0.00024014246041940152
2.3121,0.0028197832411765546,0.00286281544730285,0.00024102997202867952
2.313,0.002827976890755086,0.003179306090011746,0.00024257043001586228
2.314,0.0028370878476639814,0.0024289880312271662,0.0002442902851713717
2.315,0.0028462009769517865,0.002172398113121293,0.00024560795765817423
2.316,0.002855975925593323,0.0024562288802096825,0.0002459751103615476
2.3169,0.002860378166007503,0.002584807215751603,0.00024479622602550726
2.3179,0.002859345978616338,0.003007971505955369,0.00024280205416062024
2.3189,0.0028580340451737304,0.002466962458658803,0.00024139134091241942
2.3198,0.0028560184508998913,0.002836670001328676,0.0002412728239304247
2.3208,0.0028538700842891157,0.0025724342485414745,0.00024217657395092783
2.3218,0.002851924858701586,0.003185518881172242,0.0002438001324810348
2.3227,0.0028478258309390606,0.00242788818405053,0.0002460291691684663
2.3237,0.0028428419637135487,0.002453850845837391,0.0002478946694389416
2.3247,0.0028377170063271515,0.0029886466720494614,0.0002488204282841381
2.3256,0.002833022159289752,0.003124844153425024,0.0002494873253192629
2.3266,0.0028280611627878446,0.003359632706760289,0.00025049093490624587
2.3276,0.0028243822447481946,0.002633048211821531,0.00025226256762826617
2.3286,0.002823000000000062,0.0031017402092928057,0.0002544676248822475
2.3295,0.002822963599150496,0.0027245718769032846,0.00025562147292715695
2.3305,0.0028219999999999474,0.0027969408642815516,0.0002550328457086158
2.3315,0.0028220000000000784,0.002807521599539436,0.00025376311445086285
2.3324,0.002823356466629737,0.0028936967413958964,0.0002532698670584888
2.3334,0.0028317268026781654,0.00280867996821616,0.0002541311120493483
2.3344,0.002847241547551727,0.002807366649805498,0.00025559734468210023
2.3354,0.002864328664966314,0.0025265436945923554,0.0002561811471807237
2.3363,0.0028804810248792482,0.0029501717171982883,0.0002556417899483464
2.3373,0.0028987072834544343,0.0036085208803634905,0.0002550570664898293
2.3383,0.002914487577103616,0.0030143535390835035,0.00025466587183069596
2.3392,0.002905097701365984,0.002857810480004767,0.00025357745317080416
2.3402,0.002892570135616076,0.0033145514747247177,0.00025185347623704266
2.3412,0.0028803996207685963,0.0028798957961373504,0.0002508162302717088
2.3421,0.002869771382076815,0.002810404727953943,0.00025084507322503435
2.3431,0.002857248541586518,0.003079275402644925,0.00025112331158480533
2.3441,0.002854646917877562,0.0029462666206080492,0.0002510309197872907
2.3451,0.002864005990830003,0.002810480194138161,0.00025052515570728694
2.346,0.002874256903541984,0.0027823590905574906,0.00024988866380708675
2.347,0.0028856455996780846,0.0026848664537549504,0.00024948153045809105
2.348,0.0028970256217659925,0.0028553947970412804,0.0002496558444599415
2.3489,0.0029063829603434062,0.003254435811785798,0.0002506806414574941
2.3499,0.0029068678155087903,0.0023904240165723966,0.00025245198377198624
2.3509,0.002897756858599703,0.002579978366135215,0.0002551933773830799
2.3518,0.002889556128430172,0.003059042892815354,0.0002597828431202171
2.3528,0.0028804503533512893,0.003142067814211326,0.0002655982305313109
2.3538,0.0028713411538509198,0.0025986320367524522,0.00026998049647278987
2.3548,0.0028630764223241843,0.0027774392655179826,0.00027148394483813
2.3557,0.0028637426333069232,0.0031828859117134212,0.0002707296844449497
2.3567,0.0028660203493571807,0.003025193827152342,0.00026889904236976955
2.3577,0.0028682963769516836,0.003091892997429741,0.0002669956967835435
2.3586,0.002870346016399481,0.002567219629283162,0.000264539281102013
2.3596,0.002872936448081971,0.002895465084607236,0.0002608838104058358
2.3606,0.0028709408292314194,0.0025828526400768857,0.00025721068012234143
2.3615,0.002860286677054448,0.002634684685978087,0.00025487615720633483
2.3625,0.002847242917543775,0.0032068197305104578,0.00025422754981587614
2.3635,0.0028347171972529163,0.002700936476799478,0.00025543645363181283
2.3645,0.002823081483184883,0.0028865098730464387,0.0002583193871217743
2.3654,0.0028128305704729984,0.00234236926083202,0.00026133993896007774
2.3664,0.002809167437698845,0.00304255243854973,0.000262894750332873
2.3674,0.0028125833820954993,0.002810132449222987,0.00026296735437160836
2.3683,0.0028156559034968197,0.002699917761979538,0.0002630210809850028
2.3693,0.002819072512337658,0.00356579348200092,0.00026433012737854636
2.3703,0.0028224899358206936,0.0028247212019330238,0.000267250176452925
2.3712,0.002825043473089521,0.0026403553625910683,0.00027160072214259365
2.3722,0.002825339393841665,0.0028903324342871724,0.00027627463169147166
2.3732,0.002824201433756898,0.0028247505833443056,0.00027914844280214625
2.3741,0.00282400000000003,0.00253451082034275,0.00027925183793859866
2.3751,0.002823037702295371,0.0027066024151108235,0.00027665819550485275
2.3761,0.002823202877731153,0.0028221374287325527,0.0002722259703904754
2.3771,0.002824759964909294,0.0027724596677166603,0.00026744313820081995
2.378,0.0028237357392018347,0.0031220649095946495,0.0002632714499445656
2.379,0.0028234031304118007,0.00305184165575541,0.00026021459239920005
2.38,0.0028250845431456945,0.002924065145050093,0.0002587182269905414
2.3809,0.0028271341825933287,0.002575058781862578,0.00025942635981120215
2.3819,0.002829412464915211,0.0031627415342142385,0.00026270441457877376
2.3829,0.002830844140635341,0.0024624841550032884,0.00026728514370791197
2.3839,0.0028270686690693445,0.002906570207517061,0.00027077286751133156
2.3848,0.0028219683039844897,0.003133675498095013,0.0002721926791175122
2.3858,0.0028174128255300706,0.0029932793599997615,0.00027179254303455404
2.3868,0.0028131421956646744,0.002951773549902939,0.0002702491037694395
2.3877,0.0028100679833734286,0.0029073510451722243,0.000268750288863752
2.3887,0.0028093462701333227,0.0024783714546355224,0.00026778775402329813
2.3897,0.002814525757948133,0.002862937193669939,0.00026761037805029896
2.3906,0.002820676305575361,0.0026584346925373325,0.00026827732676633803
2.3916,0.0028290126976761414,0.002883229507501431,0.00026897649474408666
2.3926,0.002837228005193332,0.003137522430924565,0.0002684386854913345
2.3936,0.0028461707541916053,0.003132709285549846,0.0002673172689439496
2.3945,0.0028517857987875542,0.0025786828732663855,0.00026727119554155845
2.3955,0.0028474227402497153,0.0035511065763674855,0.00026824165552958554
2.3965,0.002844005316766839,0.0028584831901709747,0.00026938997470631423
2.3974,0.0028405760985494807,0.0026944667619971554,0.0002702791489648926
2.3984,0.002836516850968919,0.0033254000457430518,0.00027007698330467944
2.3994,0.002833100242128098,0.0026489753989267254,0.0002686550369565285
2.4003,0.002830683312209644,0.002787033115605335,0.0002672357706855954
2.4013,0.0028292027864912127,0.003108168429802989,0.00026685625506823665
2.4023,0.002828063916877609,0.00323798582945852,0.0002676740808395599
2.4032,0.002827039919092752,0.002540266246096642,0.0002692079814893378
2.4042,0.0028269008233976376,0.002874595825926838,0.0002704982802007087
2.4052,0.0028259999999999622,0.0027303172215908775,0.00027083221292260016
2.4062,0.0028256230841703306,0.0030666101853619784,0.00027103689311935923
2.4071,0.0028249999999999127,0.002423646647401771,0.0002720376446875181
2.4081,0.0028249999999999486,0.003367706795122322,0.0002732796775403686
2.4091,0.0028249999999999903,0.0026599252141823217,0.0002738159576024265
2.41,0.0028249999999999157,0.0028557004994533256,0.0002739614833529059
2.411,0.0028249999999999838,0.0027282397598621185,0.00027473174842617185
2.412,0.0028250000000000007,0.00304337329186427,0.0002779480870144703
2.413,0.0028259999999999488,0.003008683063739588,0.0002837125032566579
2.4139,0.0028261445313542593,0.0027922819988504826,0.0002890716280839682
2.4149,0.0028272836725152517,0.002835384520642321,0.0002910296803088323
2.4159,0.0028284225421288723,0.003089187837955784,0.00028985349466607873
2.4168,0.0028290000000000333,0.002701959600968735,0.00028709014983477414
2.4178,0.0028272424926757147,0.0030070502508064458,0.0002838034657046079
2.4188,0.0028231019791100554,0.002398687845681951,0.0002813793892854116
2.4197,0.002819752025161022,0.003062310772962713,0.00028063726772992273
2.4207,0.002816334601678206,0.0027726301778038405,0.00028094423333433334
2.4217,0.002813945390755468,0.002738530269811648,0.0002812910775122349
2.4226,0.002811948711960153,0.0026476632988368127,0.0002812673764359072
2.4236,0.0028123311035747364,0.0029052256143370513,0.0002808996458661698
2.4246,0.0028206322181370583,0.002928886651370367,0.000281014082557666
2.4256,0.0028311498527092455,0.002702922097962834,0.00028279993662679606
2.4265,0.002842919116391735,0.002496853510233045,0.00028569266904730306
2.4275,0.0028578397423372724,0.0027019176033454655,0.00028747691185034176
2.4285,0.0028737780396411138,0.003132402556727384,0.000286870995264117
2.4294,0.0028817697074733574,0.0033365912350661795,0.0002850545526887725
2.4304,0.0028801985374225054,0.002610569545242359,0.00028382502616169464
2.4314,0.002875708151919408,0.003142158169474767,0.00028362793327227153
2.4324,0.002871153637431404,0.0030796487126730377,0.00028439255897565906
2.4333,0.0028672926481416706,0.003210976290784409,0.0002858023841561265
2.4343,0.0028635013857344154,0.0021931753051837003,0.00028732522196822717
2.4353,0.0028604862052726103,0.0029457004940356005,0.0002879147853590425
2.4362,0.0028605386144511815,0.002791148811449847,0.0002879044139956576
2.4372,0.002860999999999946,0.0027536034694477475,0.0002881623505890223
2.4382,0.002860999999999947,0.003147438104548293,0.0002888881698822079
2.4391,0.0028618405775448076,0.0032057343647341136,0.0002898296448342062
2.4401,0.002861999999999964,0.0029215218252939394,0.0002901631333128321
2.4411,0.002862526732911739,0.003167160718132698,0.00028985042787344216
2.4421,0.002858228504896867,0.0026244280367160693,0.00028975709639182613
2.443,0.002854874358991839,0.002803547663621495,0.0002896888810035172
2.444,0.0028507391604030547,0.003181044209658608,0.00028943693571869037
2.445,0.00284676340208294,0.003299076478363374,0.000290024084963762
2.4459,0.002842663036998057,0.003143460793260213,0.0002922499936154505
2.4469,0.002838830668907724,0.002853499668963458,0.0002945094260941818
2.4479,0.002832832376525716,0.0027244897911789267,0.0002944254959021013
2.4488,0.0028275689807796,0.0023037126710282116,0.0002926838209870622
2.4498,0.002821874632711546,0.0031186998019313884,0.0002916810353027871
2.4508,0.002816180284643433,0.002598882021488324,0.000292538242333185
2.4518,0.0028107876630709214,0.002840459697861775,0.0002953997995414641
2.4527,0.0028076724690859903,0.0028349423625982644,0.00029968679227748333
2.4537,0.0028116590616491578,0.0029038650993718695,0.00030317925875753525
2.4547,0.0028236525335638162,0.0027289757646618154,0.0003037191446690491
2.4556,0.0028349285375469657,0.0031941593755939815,0.00030178927862207323
2.4566,0.0028474561032965843,0.0029701020465620525,0.0003003635485351247
2.4576,0.0028599752946838375,0.002945862550485903,0.00030001045371874044
2.4585,0.0028712471445557154,0.003138240195711638,0.0002996284370184842
2.4595,0.002875717200972282,0.0026201295390871505,0.0002994167412314358
2.4605,0.0028711617225178503,0.0023777519224514104,0.0003001506609452793
2.4615,0.0028666062440633423,0.0025663113211702514,0.00030093279741796777
2.4624,0.0028625075787748677,0.00243666317543192,0.00030089363155376013
2.4634,0.0028579549563326166,0.0033292242219631406,0.00030119277516372475
2.4644,0.002853398391688829,0.0028378582687588385,0.0003021332858668782
2.4653,0.002847947039906109,0.002557498486513315,0.0003026424367541188
2.4663,0.002840299459261958,0.0030350887517689314,0.0003027825793314087
2.4673,0.002832327371966551,0.0028260762239992014,0.00030328605032309427
2.4682,0.002824182313192135,0.0031447027883685728,0.00030409731569492644
2.4692,0.002816187618438035,0.002962307301399274,0.0003049440365291132
2.4702,0.002808468825981058,0.002887094159651944,0.0003059614939531185
2.4711,0.002803439426118043,0.0027619604791706575,0.0003067778654506153
2.4721,0.002802000000000001,0.0027253571417788737,0.00030632473970883354
2.4731,0.002801999999999959,0.0028441883164576345,0.0003043002205869285
2.4741,0.0028020000000000453,0.0026841693601069223,0.00030207163584897097
2.475,0.002802720848100802,0.0026248549481878245,0.0003005546720616279
2.476,0.0028030000000000247,0.0029050954303134428,0.0002993578640637694
2.477,0.002803998858875535,0.0029183505116660074,0.0002995144959142451
2.4779,0.0028029543776109966,0.002332231406378082,0.00030212111638080335
2.4789,0.002800676638383856,0.0028950859292895172,0.0003069066174258635
2.4799,0.002798398899156574,0.003216548160993942,0.00031186234346996264
2.4809,0.002796120616834621,0.002331470866122409,0.000315149261046637
2.4818,0.002794535217146156,0.00243057521105093,0.00031593887374743273
2.4828,0.0027933970342816816,0.0031959420644247713,0.0003154705340684905
2.4838,0.0027937413831289537,0.0031156925899489753,0.00031654157482040866
2.4847,0.0027962994232005483,0.0027969460161206146,0.00032088718845747397
2.4857,0.0028015267200687285,0.0026844252575076396,0.0003277462384128481
2.4867,0.0028073110419610577,0.002524814598445457,0.00033477711939865586
2.4876,0.0028146159374436504,0.002837163060293043,0.000339421638384898
2.4886,0.002824658456858908,0.003032075062827201,0.0003405288577405052
2.4896,0.0028316923534419205,0.002899472271179643,0.00033976160376021007
2.4906,0.0028315440463541936,0.003267747938494555,0.00033930827605775177
2.4915,0.0028279594495769314,0.003128510542288983,0.0003390370468018407
2.4925,0.00282405437966817,0.0026430858740027147,0.0003382516188884256
2.4935,0.002820638971715516,0.002895877453306769,0.00033733074303896873
2.4944,0.0028167515972024643,0.003194907991409357,0.0003367612156860184
2.4954,0.0028131470890610487,0.0027085152998111628,0.0003370546933660774
2.4964,0.0028120000000000675,0.0029172143932110774,0.0003384245818683238
2.4973,0.002812114800445591,0.002609721813530761,0.00033975525309873806
2.4983,0.0028129999999999046,0.002502626036435598,0.0003403878338879736
2.4993,0.002813000000000004,0.00260641828813598,0.0003414458509676997
2.5002,0.0028134168942913523,0.002141995388782339,0.0003423019676324985
2.5012,0.0028139999999999715,0.0024176237012345876,0.00034203914272793915
2.5022,0.0028126107329626737,0.002570817548977308,0.0003410850841974614
2.5032,0.0028078358693474446,0.0027286368169207923,0.0003407261490703219
2.5041,0.002804426819004036,0.003066676889287623,0.00034110338542708553
2.5051,0.0028020068067753628,0.002538840610188528,0.00034159167362489504
2.5061,0.002799864533774134,0.003391072153523106,0.00034141556582770026
2.507,0.0027988396251621126,0.002819132344786497,0.00034062593360078414
2.508,0.0027977017118413845,0.002707288382500816,0.00034034990012072664
2.509,0.0027974374293194765,0.0028313140714720723,0.00034149891528719996
2.51,0.002799152597866308,0.002461809833764836,0.00034433251664180923
2.5109,0.0028012027804086076,0.002835413060264086,0.0003483924264902382
2.5119,0.0028042207794536033,0.0027025235288966436,0.00035209977987434433
2.5129,0.0028076352015681365,0.002506571331942229,0.00035370096328566334
2.5138,0.002810709245251631,0.002920797063290196,0.00035349135972144316
2.5148,0.0028138311083540685,0.002963626350019131,0.0003530240355768599
2.5158,0.0028090945373742834,0.003096053992075771,0.00035247471991170433
2.5167,0.002804381448610973,0.003133072654516763,0.0003507470999545926
2.5177,0.0028009660174269212,0.003430466627397236,0.00034760768860689405
2.5187,0.002798034431857254,0.002839523734509006,0.00034416066751158234
2.5196,0.002796492124657412,0.002276167000580675,0.0003411465993873681
2.5206,0.002796000000000042,0.0027014162944056365,0.000338862423243436
2.5216,0.002796000000000024,0.0024031817255891538,0.0003379299540717506
2.5226,0.0027960000000000398,0.0026514763918985963,0.0003399104216638493
2.5235,0.0027969487080498935,0.002626413460887399,0.00034415943154790263
2.5245,0.002799175155326865,0.002318987637436495,0.00034862279030298645
2.5255,0.002801453437648905,0.002625576123052316,0.0003514071308938708
2.5264,0.0028037554302867,0.002786730121235457,0.0003522400332738343
2.5274,0.002806390235249867,0.0025901945645217727,0.0003521370949676147
2.5284,0.002805943179258848,0.0025115214103813106,0.00035130834710898884
2.5294,0.0028043324484685246,0.0024208884755064215,0.0003499540431182249
2.5303,0.002802615257489246,0.0032450767426434415,0.0003490832908578373
2.5313,0.0028011684875835236,0.003110249299952839,0.00034848124616295426
2.5323,0.002800029617969917,0.0031065954591734377,0.0003472373874451006
2.5332,0.0027980113184108194,0.0031416168749280513,0.00034528984837342883
2.5342,0.002798266407925302,0.003003361085574368,0.00034296681531692714
2.5352,0.0028005446902473335,0.003328828267004725,0.0003409197299962568
2.5361,0.0028028914945424244,0.0032178581342978043,0.00033911524870901445
2.5371,0.0028063074289263247,0.0029589748996482947,0.0003371434108898378
2.5381,0.0028108701833494745,0.002227395507078993,0.00033587988958069017
2.5391,0.0028172774377009093,0.0026940067929122733,0.00033608026769109417
2.54,0.002824165982882952,0.0038728103102623856,0.00033719698614736386
2.541,0.0028172313283169733,0.002432538521534458,0.0003388852837415559
2.542,0.0028089040592960716,0.002559238821564578,0.0003409242564306682
2.5429,0.002802840157406777,0.002617632266590185,0.00034239501225841705
2.5439,0.002798463509214127,0.003615568248015539,0.00034183327615626533
2.5449,0.0027950469003735455,0.0024961651041013615,0.0003407211440418517
2.5458,0.002792314417706612,0.002670746289113731,0.0003411597939941938
2.5468,0.002791481660760419,0.0022778568712446172,0.0003437297832602406
2.5478,0.0027944803826480493,0.0030344684943404594,0.0003469742485036185
2.5488,0.002799034130331193,0.0032259511646854553,0.0003489541841504286
2.5497,0.002803134495415773,0.002708850725550965,0.0003489500917126108
2.5507,0.0028095349608054728,0.0027032057128063927,0.00034774771563329023
2.5517,0.002815369387057116,0.003029824945062342,0.0003469144815511157
2.5526,0.002821426577001028,0.0031129017261347512,0.0003473248057975126
2.5536,0.002826673369683652,0.002866643613839847,0.0003485361085069772
2.5546,0.0028300899785243636,0.0022047895952342434,0.00034952129632971423
2.5555,0.0028339420872298886,0.0018614404383085724,0.0003490352273333557
2.5565,0.0028401637223576604,0.002860099550278419,0.0003471802553528586
2.5575,0.0028469923928947476,0.0028790914084066937,0.00034576188937172984
2.5585,0.002856237429938144,0.0028824210065348543,0.0003462364644181113
2.5594,0.0028662925015320653,0.002521182024517995,0.0003494475218731049
2.5604,0.002867031880233168,0.002001450506261241,0.00035425108349358973
2.5614,0.0028603580637173547,0.0023568928189591325,0.0003568879279741936
2.5623,0.00285420841766475,0.0029864581632482305,0.000355565072380083
2.5633,0.002847650943434466,0.002614846192393702,0.0003523164385941492
2.5643,0.0028419552376297372,0.0031070748914661947,0.00034954536219653935
2.5652,0.002837697868764295,0.0033338869725752325,0.0003477301829454524
2.5662,0.002836572913358813,0.0024823457556991902,0.0003480050374036687
2.5672,0.0028355764340550617,0.0029208766659254218,0.0003498872527380347
2.5681,0.0028327918921981377,0.0030175558847908702,0.0003514344517913138
2.5691,0.0028311253950948335,0.003282981120146322,0.00035132634091674655
2.5701,0.0028289725078677994,0.0021758611672427286,0.000349431797630198
2.5711,0.00282684738432046,0.0034618781013563893,0.00034715792076783346
2.572,0.0028258224952185133,0.0025998087029501737,0.00034614475737515304
2.573,0.002825315437612252,0.002733855107675445,0.00034639064721350574
2.574,0.002826908614451822,0.003694220489232641,0.0003471841076718508
2.5749,0.0028289587969943905,0.0029996673796177774,0.00034855491356563796
2.5759,0.002831855618974458,0.002650544939498107,0.00035032088000448827
2.5769,0.0028352722278150544,0.0034112031293424224,0.0003507484336505571
2.5779,0.002839581036911525,0.002055967918174514,0.0003490005491965845
2.5788,0.002843680924817441,0.0030359884170857356,0.0003467766659175446
2.5798,0.0028433498910020345,0.002994583600625231,0.0003460266495173522
2.5808,0.002831414064168278,0.003189686184954564,0.00034740515601415305
2.5817,0.002823883333749339,0.0031869982000536034,0.0003497071227943815
2.5827,0.0028185528367945974,0.002182663814475981,0.0003506262141400103
2.5837,0.002815000132949644,0.0030746709339016963,0.0003491585625835742
2.5846,0.0028129499504071934,0.002517977540918229,0.0003457755700272054
2.5856,0.0028113361055901198,0.00296747140539951,0.000341942239081768
2.5866,0.002811000000000047,0.00278516563429211,0.00033940868378848295
2.5876,0.002811940833620098,0.002974901061026898,0.00033966777866487714
2.5885,0.0028139317150072435,0.0028111807397428593,0.0003409772744763558
2.5895,0.002815104727117126,0.0028612680836082073,0.0003405041456749619
2.5905,0.0028164877365563466,0.002801453797605618,0.00033773205538811454
2.5914,0.0028188060640060505,0.002906917687815859,0.0003348453549643349
2.5924,0.002822629460774238,0.002864560470632105,0.0003337444562374855
2.5934,0.002823363320526497,0.0026386306902945996,0.0003346691893827143
2.5943,0.00282085869780876,0.002732270864711322,0.0003365175773222652
2.5953,0.002818580958581467,0.0022440026200059478,0.0003378486021162713
2.5963,0.0028163032193542327,0.0026436331261422375,0.00033880471713203204
2.5972,0.002815126518406004,0.0024423119822081577,0.0003400486693761235
2.5982,0.002813988516197063,0.0024259857662630537,0.00034050430118927886
2.5992,0.0028126992931669296,0.002882732329648328,0.0003391821726315327
2.6002,0.002810421553939701,0.003355363361696169,0.000337825263051529
2.6011,0.0028083713713973214,0.002608640992810864,0.0003383659841009912
2.6021,0.002806094663305237,0.002599630710289407,0.00034037303839051444
2.6031,0.0028044088138763157,0.0025287981222932602,0.00034292612334594497
2.604,0.0028027674452101112,0.0022630010141326757,0.00034556608220246673
2.605,0.0028020000000000345,0.002639495530427162,0.0003477235678088193
2.606,0.002801105983377826,0.0027730134887963484,0.00034940073475632624
2.607,0.0028010662401219,0.003033594745154506,0.00035047340200399874
2.6079,0.0028031705156643647,0.002982885514880092,0.0003499058116703874
2.6089,0.002806783918863036,0.0023012434737311373,0.000346673888325214
2.6099,0.00281167424664683,0.00214443981577727,0.0003427758572152219
2.6108,0.002816799703002921,0.003029695874619205,0.00034075754378645463
2.6118,0.0028219952408566305,0.002321264159816784,0.00034216490879621455
2.6128,0.0028271847718362693,0.002730372847913857,0.00034625350546462435
2.6137,0.0028296616321467666,0.0030820848535615467,0.00035029418688300827
2.6147,0.002830800773307822,0.002907307504653514,0.00035190335936547497
2.6157,0.0028310000000000978,0.002744995943591085,0.00035078620284898887
2.6166,0.0028319647341926565,0.002533477592987079,0.0003487542729042021
2.6176,0.002833000000000025,0.003478165147376551,0.0003478376073280026
2.6186,0.0028332413344676795,0.0026566694869138378,0.00034839055853728426
2.6196,0.0028343804756286663,0.0028743933158712574,0.0003494836747781303
2.6205,0.002835000000000112,0.002201377752495089,0.000350984707310533
2.6215,0.002834999999999991,0.002367039099939565,0.0003532496740327828
2.6225,0.0028350000000001026,0.0020611932190349874,0.0003553607405097989
2.6234,0.002835000000000099,0.0025692282950506,0.000356895296793682
2.6244,0.0028350000000000545,0.003382114703402504,0.00035861237916140384
2.6254,0.00283598526922052,0.0033465991073038897,0.00035959929372608154
2.6264,0.0028361241388342334,0.002876551847011445,0.00035841239907361797
2.6273,0.0028372981206657133,0.0024338943914789728,0.00035623592389981255
2.6283,0.0028395739215339,0.0027658972275284746,0.0003551027638479561
2.6293,0.0028414261019278327,0.0026791061567789116,0.0003557538481721627
2.6302,0.0028429018433034463,0.0026590060718140068,0.0003570233202468837
2.6312,0.002845180125625462,0.0025008106246897496,0.00035854509075104
2.6322,0.002846728932426235,0.0024164673897976528,0.000360122885360876
2.6331,0.0028477531658775354,0.003151065050767071,0.0003614467639827846
2.6341,0.002847108245641145,0.003476274413885438,0.00036204993269041343
2.6351,0.0028418468801372997,0.0029955031148168844,0.00036190347967625413
2.6361,0.002836151174332267,0.0028186557357787008,0.00036116273246324045
2.637,0.0028310268263746063,0.002860950507814724,0.0003601827688494881
2.638,0.002825669651735464,0.0030507398217185966,0.0003597549962666038
2.639,0.002820642716601109,0.0027488726165870734,0.0003602966681507118
2.6399,0.00281601380819607,0.002907408459580738,0.00036139811095723355
2.6409,0.002812093747306386,0.0033930668980326492,0.00036181541889047046
2.6419,0.002810225441274354,0.003167873809858061,0.0003606442699947102
2.6428,0.0028092012597302424,0.002810102878274316,0.0003586822171887316
2.6438,0.0028080626193418686,0.003129120518024281,0.0003574458997596066
2.6448,0.00280692374972817,0.0026525175919829983,0.00035766574955940387
2.6458,0.0028059999999999383,0.002359343779457814,0.00035861867442565047
2.6467,0.00280575978884343,0.002793257538647126,0.0003587700403584735
2.6477,0.002805000000000008,0.0026925553625741306,0.00035796795376587915
2.6487,0.002805517082979125,0.002620895772183605,0.0003573753906800744
2.6496,0.002807084348500342,0.0025399169028228696,0.00035763560504501124
2.6506,0.0028093620877275597,0.0023578402388964234,0.00035924962630371615
2.6516,0.002811639826954933,0.0026407034404770406,0.00036126832736311067
2.6525,0.0028136880868471523,0.0031658910176943383,0.0003622452956843573
2.6535,0.002816949020872327,0.0026815401603583577,0.0003617424255640726
2.6545,0.0028192437531420456,0.0030680354061193753,0.000361309203863943
2.6555,0.0028217822385540694,0.002417267836425944,0.00036181216090618436
2.6564,0.0028245716749118886,0.0027843917305947694,0.00036301908758432636
2.6574,0.002826848447797485,0.002996919082222104,0.0003647149620620183
2.6584,0.002829688127834995,0.002302291684901309,0.00036659323309122576
2.6593,0.0028333512021979125,0.0033138317992984865,0.00036804414467552264
2.6603,0.0028371800104893593,0.002735774933875262,0.00036840288051364153
2.6613,0.0028414621591069202,0.0028325149296542563,0.0003671107299595681
2.6622,0.0028437812620956634,0.002324194302430371,0.00036485307748129005
2.6632,0.002839914914871942,0.0027951430065236036,0.00036356131648823426
2.6642,0.0028364974913891138,0.003303679473458,0.0003636245999944992
2.6651,0.0028336148117169423,0.0029820155964316152,0.0003638713031749847
2.6661,0.0028313370724896377,0.0027203387974820445,0.00036388177044615445
2.6671,0.002829060403418201,0.003216801802045428,0.0003636573435736346
2.6681,0.002827391664422561,0.003337774362858228,0.00036321580521770237
2.669,0.0028263668446986403,0.003166700206380638,0.0003631716631615051
2.67,0.002826772296462424,0.0031965898329965967,0.00036334711766824876
2.671,0.0028279111660760685,0.0030003375746866755,0.0003625755183770179
2.6719,0.0028289362573472245,0.0023663498803268394,0.00036040489107816865
2.6729,0.002831073988008633,0.0031199642205765417,0.000359072361741712
2.6739,0.002832638572866731,0.003036665576561169,0.0003597728313911274
2.6749,0.00283640799513272,0.002730007819634924,0.00036221147308727994
2.6758,0.0028401312701630973,0.002460410607656765,0.00036533217868131953
2.6768,0.002840968080663963,0.0027917867770854803,0.0003671916336800074
2.6778,0.0028393459156890936,0.002730081287206767,0.0003662932718338924
2.6787,0.0028383212183993784,0.0025154732794459454,0.00036397817497727474
2.6797,0.0028388176512143836,0.002544536735261645,0.0003627265678456925
2.6807,0.0028399567923751653,0.0033471998263016533,0.0003630497391396396
2.6816,0.002839999999999939,0.0025961919086569035,0.00036390347927886324
2.6826,0.002841241231768611,0.002728400330322656,0.0003644555412393718
2.6836,0.002842224548235596,0.0030296930582908894,0.000364611157620494
2.6846,0.0028384094996702527,0.003663889670462607,0.00036504650345689537
2.6855,0.002835155110387496,0.002113280370645316,0.00036621879844721527
2.6865,0.0028323152420981802,0.0031459848577190057,0.00036672558388361543
2.6875,0.0028296006825938927,0.0031206102368236256,0.0003649882714203681
2.6884,0.002826826776300232,0.0027732277393678123,0.0003620851148366066
2.6894,0.002824273444973064,0.003031373433668897,0.00035986454619080997
2.6904,0.002821999999999925,0.0035669886537751344,0.0003586425516342536
2.6913,0.0028219999999999855,0.0026051964102139593,0.0003582458028750522
2.6923,0.0028221661902765715,0.002969606505441247,0.0003590763844042364
2.6933,0.002823000000000078,0.0025626867535514463,0.00036029786588483924
2.6942,0.002823329201492039,0.002859892177936734,0.0003612424901643503
2.6952,0.002824936142211106,0.002957507437192537,0.00036149797963848834
2.6962,0.002826606940719105,0.0028854615700436357,0.0003612184745601707
2.6972,0.0028277460818802395,0.0027628871043075473,0.00036087736652492516
2.6981,0.002828770295821127,0.0027422072811440546,0.00036127039446132874
2.6991,0.0028299089038128305,0.0027157847788771765,0.0003624912970995715
2.7001,0.002831095546852708,0.0025066729977719134,0.0003639975654637175
2.701,0.0028331457293950227,0.00312821328444216,0.00036680916248783114
2.702,0.002835422986860648,0.0023083557358541764,0.0003719245252729757
2.703,0.002837699473039989,0.0024922020923579522,0.0003772596369260296
2.704,0.0028404658184006774,0.003043800944379271,0.0003799826066225556
2.7049,0.002842513697405007,0.0027207365550419383,0.00037977620446314234
2.7059,0.00284038973192646,0.002929669389564615,0.00037768405970139946
2.7069,0.002835834253471904,0.0028566144204962597,0.0003744342333146217
2.7078,0.002831737604100091,0.002259166561544159,0.000371405504555567
2.7088,0.0028290909397758225,0.002597807817257125,0.00037055465783244324
2.7098,0.0028258132005486852,0.002760472996593573,0.0003725613253769316
2.7107,0.002823763018006399,0.0028182545774700163,0.0003763332728298741
2.7117,0.002821742639389399,0.003296196356466331,0.0003795774158005137
2.7127,0.0028206042205497824,0.0027532374361609498,0.00038092672946082564
2.7136,0.0028200000000000174,0.0027077637684693456,0.0003815078121409684
2.7146,0.0028205593237040417,0.0028106495364059268,0.0003813530583382271
2.7156,0.00282169819331768,0.003114073511211245,0.00038070231411511084
2.7166,0.0028228370629313397,0.002798297748485245,0.0003806575035725967
2.7175,0.002824722346734382,0.0026265625469634154,0.0003816310734811851
2.7185,0.0028269997697279053,0.002848362838951013,0.00038339033631046716
2.7195,0.002830417078074602,0.0036886091389149397,0.0003855041623870495
2.7204,0.0028334923518882347,0.0027116305408466006,0.0003858103266883581
2.7214,0.002836908960729048,0.0023097930941523167,0.00038289692803454713
2.7224,0.002840765415369503,0.0026721510841434598,0.0003787069869435005
2.7234,0.002845899293660634,0.0027927531463803664,0.0003753456102880941
2.7243,0.002851023392279637,0.002407787169146592,0.00037300303166870656
2.7253,0.0028582067373184713,0.002719231196576806,0.00037138438627994585
2.7263,0.0028670615138442317,0.0030719291391125775,0.00037159948524608086
2.7272,0.0028761700245155436,0.002723902378992765,0.0003747576582492532
2.7282,0.002869681421857914,0.003093948031106088,0.00037907737747949185
2.7292,0.002861893715339158,0.003422090328900634,0.00038225899616443253
2.7301,0.0028559526397600576,0.0022063045656614184,0.00038457558115761586
2.7311,0.0028506055471641195,0.0024385441395465717,0.00038622640845382814
2.7321,0.0028465392152962057,0.002930070519318928,0.0003856842334765409
2.7331,0.0028431243595479602,0.002965746424304284,0.00038276801597444585
2.734,0.002840049085734381,0.003049939176275643,0.00038062873408805075
2.735,0.0028382108256311887,0.003167504435760162,0.0003814196652588356
2.736,0.0028389283155298164,0.0029028173045823683,0.00038351170667966575
2.7369,0.0028399534068009854,0.0023551568845762796,0.00038404396232028453
2.7379,0.0028410911374624724,0.0028714871198748243,0.0003842771407999937
2.7389,0.0028422300070761112,0.002868182912389881,0.00038608087998605
2.7398,0.002843000000000084,0.0036069228580491814,0.00038850113246245477
2.7408,0.0028433939679608504,0.0029306818704335712,0.00038991440107718616
2.7418,0.002844533109121756,0.002130365735964606,0.0003902684378619176
2.7428,0.002841643928727448,0.002813175948441977,0.0003907247055686991
2.7437,0.0028358244136732574,0.0024703699316603422,0.00039127693802533766
2.7447,0.0028289911959915905,0.002371893562960171,0.0003911574507849054
2.7457,0.0028241053188733517,0.002817436584859851,0.00039049133021930586
2.7466,0.002820004953788517,0.0031261968961080883,0.00038923058559886813
2.7476,0.0028188622541719926,0.0026505411530089997,0.00038703169070577505
2.7486,0.002818275633375346,0.004176275050507656,0.0003847171209919057
2.7495,0.0028193007246465553,0.003169709899998715,0.0003836218946351064
2.7505,0.0028204395942601226,0.002925305611596867,0.00038359605465201706
2.7515,0.002821578463873655,0.002706611719580302,0.00038352910443789997
2.7525,0.0028234335772934316,0.003017144684699329,0.00038351121157199696
2.7534,0.002824741557353728,0.00213159105558106,0.00038461601414094905
2.7544,0.002825880426967259,0.0034098584222066143,0.0003870169003689167
2.7554,0.0028280385931619195,0.003919396951030892,0.000388264780067747
2.7563,0.0028300887757041963,0.002961997392499915,0.00038716436660881997
2.7573,0.002831999999999898,0.0027464720957731024,0.00038467126683723395
2.7583,0.002831678740325462,0.002710520691710628,0.00038220956134246627
2.7592,0.0028306536490542685,0.0027912727914630275,0.00038096350137653643
2.7602,0.0028300000000000365,0.0027939970982691223,0.00038176378579147906
2.7612,0.002829999999999975,0.0026633521505378555,0.00038365569717767843
2.7621,0.002830000000000025,0.002636972392415515,0.0003848490941979958
2.7631,0.0028300000000000243,0.00244317564379936,0.0003856762138326503
2.7641,0.0028299999999999684,0.0032385517643208836,0.00038797261191322006
2.7651,0.0028300649228801605,0.0024763518491007367,0.00039219185820294503
2.766,0.002831090014151388,0.0028761264159758303,0.0003968288226185412
2.767,0.00283222862337385,0.002549357637191967,0.00039996660658481924
2.768,0.002833366614426516,0.0027959045831610057,0.0004009890197856234
2.7689,0.002834391705697715,0.0028367723214282204,0.00040139685509774163
2.7699,0.0028350000000000393,0.001825495658780057,0.0004024308929713639
2.7709,0.0028356697164722325,0.0032735356028350173,0.00040273407599504156
2.7719,0.0028368085860857846,0.0030081354098718967,0.0004009933591935926
2.7728,0.0028378327289186552,0.0027850533547710108,0.0003982350458964654
2.7738,0.0028389714080185257,0.002286566617227331,0.0003962555354933663
2.7748,0.002840110549179386,0.002912642213617515,0.0003961517320954925
2.7757,0.002841271280901284,0.0025927194787382832,0.0003979313310451724
2.7767,0.002843549020128568,0.003142555282182859,0.00040155567793820563
2.7777,0.002845825818787648,0.002588331661571116,0.00040633475429941124
2.7786,0.002847874663993892,0.002962323746650084,0.00041094624778162674
2.7796,0.0028507286048314387,0.0029916674802665856,0.0004140092295122525
2.7806,0.0028505693144570106,0.003759659308964442,0.0004152456401589727
2.7816,0.00284572893807445,0.0032691895202864125,0.0004152152572037831
2.7825,0.0028414867867567082,0.0027188078638170216,0.0004147702982631041
2.7835,0.0028399999999999532,0.0028277009201345383,0.0004150799641903982
2.7845,0.0028403118078627245,0.0025922973152780813,0.0004164816486500868
2.7854,0.0028421809952026084,0.003167112911871069,0.0004168566297030426
2.7864,0.0028436402727270447,0.0030386718722569712,0.00041519603204970203
2.7874,0.002845916967572046,0.00301392677543621,0.0004133225072608888
2.7883,0.002847000000000039,0.002298019244554928,0.0004117404019966127
2.7893,0.0028470000000000058,0.003134448028553564,0.0004098400136002666
2.7903,0.0028470000000000704,0.0031061595452991303,0.0004090752959515268
2.7912,0.002846999999999995,0.0028342703665206136,0.0004105452832275522
2.7922,0.002849774789866729,0.0029528075887298483,0.00041191416314455905
2.7932,0.0028556266061701354,0.0029081998704698657,0.0004110408798575548
2.7942,0.0028676198929979482,0.0022947971553885773,0.0004096265589956932
2.7951,0.0028811727010254126,0.00329582188908462,0.00040999956330045774
2.7961,0.0028887105799611816,0.0024065439724468255,0.00041144518749310874
2.7971,0.002875943185504602,0.003024689914426631,0.00041214635118176526
2.798,0.002862656984855021,0.002137587353783519,0.0004117157665574664
2.799,0.0028516603663276785,0.0026111779339385724,0.00041218934907545396
2.8,0.0028457747047093544,0.0024206096402836588,0.00041482421199702524
2.801,0.002844999999999935,0.002237358917357601,0.0004195437148086356
2.8019,0.002845000000000032,0.0030100883621294607,0.00042661374931523644
2.8029,0.0028451082869161773,0.0019224559707933533,0.00043544328955505754
2.8039,0.0028455056869402823,0.0028976293365998917,0.0004410408442959269
2.8048,0.0028431832565967634,0.0025390777718297623,0.0004415211545170487
2.8058,0.0028397666477560134,0.002732117650138995,0.0004414851203845386
2.8068,0.0028363500389151854,0.0029197310573346735,0.0004467265395262114
2.8077,0.0028332767278261345,0.0034011774595712097,0.00045691077620665775
2.8087,0.0028305738389835023,0.002504917941218913,0.0005377344189650822
