# Wavelength(micron)   Transit_Depth(rp^2/r*^2)
  0.610000   0.013752
  0.610878   0.013752
  0.611756   0.013752
  0.612635   0.013752
  0.613513   0.013752
  0.614391   0.013752
  0.615269   0.013752
  0.616147   0.013752
  0.617025   0.013752
  0.617904   0.013752
  0.618782   0.013752
  0.619660   0.013752
  0.620538   0.013752
  0.621416   0.013752
  0.622294   0.013752
  0.623173   0.013752
  0.624051   0.013752
  0.624929   0.013752
  0.625807   0.013753
  0.626685   0.013752
  0.627564   0.013752
  0.628442   0.013752
  0.629320   0.013752
  0.630198   0.013752
  0.631076   0.013752
  0.631954   0.013752
  0.632833   0.013753
  0.633711   0.013753
  0.634589   0.013752
  0.635467   0.013754
  0.636345   0.013752
  0.637223   0.013752
  0.638102   0.013752
  0.638980   0.013752
  0.639858   0.013752
  0.640736   0.013752
  0.641614   0.013752
  0.642492   0.013755
  0.643371   0.013752
  0.644249   0.013752
  0.645127   0.013756
  0.646005   0.013752
  0.646883   0.013775
  0.647762   0.013753
  0.648640   0.013755
  0.649518   0.013752
  0.650396   0.013752
  0.651274   0.013753
  0.652152   0.013761
  0.653031   0.013752
  0.653909   0.013752
  0.654787   0.013752
  0.655665   0.013752
  0.656543   0.013752
  0.657421   0.013752
  0.658300   0.013752
  0.659178   0.013753
  0.660056   0.013752
  0.660934   0.013752
  0.661812   0.013752
  0.662691   0.013752
  0.663569   0.013752
  0.664447   0.013752
  0.665325   0.013752
  0.666203   0.013752
  0.667081   0.013752
  0.667960   0.013753
  0.668838   0.013752
  0.669716   0.013752
  0.670594   0.013752
  0.671472   0.013752
  0.672350   0.013752
  0.673229   0.013752
  0.674107   0.013752
  0.674985   0.013752
  0.675863   0.013752
  0.676741   0.013752
  0.677620   0.013752
  0.678498   0.013752
  0.679376   0.013752
  0.680254   0.013752
  0.681132   0.013752
  0.682010   0.013752
  0.682889   0.013752
  0.683767   0.013752
  0.684645   0.013752
  0.685523   0.013752
  0.686401   0.013752
  0.687279   0.013752
  0.688158   0.013752
  0.689036   0.013752
  0.689914   0.013752
  0.690792   0.013752
  0.691670   0.013752
  0.692549   0.013752
  0.693427   0.013753
  0.694305   0.013752
  0.695183   0.013754
  0.696061   0.013752
  0.696939   0.013753
  0.697818   0.013753
  0.698696   0.013753
  0.699574   0.013756
  0.700452   0.013776
  0.701330   0.013752
  0.702208   0.013753
  0.703087   0.013758
  0.703965   0.013752
  0.704843   0.013760
  0.705721   0.013754
  0.706599   0.013753
  0.707477   0.013772
  0.708356   0.013753
  0.709234   0.013752
  0.710112   0.013757
  0.710990   0.013753
  0.711868   0.013753
  0.712747   0.013765
  0.713625   0.013752
  0.714503   0.013752
  0.715381   0.013753
  0.716259   0.013753
  0.717137   0.013757
  0.718016   0.013754
  0.718894   0.013756
  0.719772   0.013757
  0.720650   0.013754
  0.721528   0.013752
  0.722406   0.013781
  0.723285   0.013758
  0.724163   0.013753
  0.725041   0.013752
  0.725919   0.013760
  0.726797   0.013764
  0.727676   0.013753
  0.728554   0.013756
  0.729432   0.013753
  0.730310   0.013753
  0.731188   0.013754
  0.732066   0.013753
  0.732945   0.013753
  0.733823   0.013753
  0.734701   0.013753
  0.735579   0.013797
  0.736457   0.013800
  0.737335   0.013756
  0.738214   0.013753
  0.739092   0.013761
  0.739970   0.013761
  0.740848   0.013802
  0.741726   0.013753
  0.742605   0.013763
  0.743483   0.013753
  0.744361   0.013753
  0.745239   0.013781
  0.746117   0.013753
  0.746995   0.013752
  0.747874   0.013752
  0.748752   0.013753
  0.749630   0.013753
  0.750508   0.013752
  0.751386   0.013752
  0.752264   0.013752
  0.753143   0.013752
  0.754021   0.013753
  0.754899   0.013753
  0.755777   0.013752
  0.756655   0.013752
  0.757534   0.013752
  0.758412   0.013752
  0.759290   0.013752
  0.760168   0.013752
  0.761046   0.013752
  0.761924   0.013752
  0.762803   0.013752
  0.763681   0.013752
  0.764559   0.013752
  0.765437   0.013752
  0.766315   0.013752
  0.767193   0.013752
  0.768072   0.013752
  0.768950   0.013753
  0.769828   0.013752
  0.770706   0.013752
  0.771584   0.013752
  0.772462   0.013752
  0.773341   0.013752
  0.774219   0.013752
  0.775097   0.013752
  0.775975   0.013752
  0.776853   0.013752
  0.777732   0.013752
  0.778610   0.013752
  0.779488   0.013752
  0.780366   0.013753
  0.781244   0.013752
  0.782122   0.013752
  0.783001   0.013755
  0.783879   0.013752
  0.784757   0.013752
  0.785635   0.013753
  0.786513   0.013752
  0.787391   0.013752
  0.788270   0.013752
  0.789148   0.013754
  0.790026   0.013753
  0.790904   0.013752
  0.791782   0.013752
  0.792661   0.013752
  0.793539   0.013752
  0.794417   0.013757
  0.795295   0.013752
  0.796173   0.013752
  0.797051   0.013931
  0.797930   0.013753
  0.798808   0.013752
  0.799686   0.013753
  0.800564   0.013752
  0.801442   0.013753
  0.802320   0.013752
  0.803199   0.013753
  0.804077   0.013753
  0.804955   0.013752
  0.805833   0.013752
  0.806711   0.013773
  0.807590   0.013780
  0.808468   0.013752
  0.809346   0.013752
  0.810224   0.013766
  0.811102   0.013752
  0.811980   0.013754
  0.812859   0.013777
  0.813737   0.013753
  0.814615   0.013753
  0.815493   0.013753
  0.816371   0.013753
  0.817249   0.013894
  0.818128   0.013755
  0.819006   0.013763
  0.819884   0.013753
  0.820762   0.013755
  0.821640   0.013753
  0.822519   0.013752
  0.823397   0.013764
  0.824275   0.013839
  0.825153   0.013753
  0.826031   0.013753
  0.826909   0.013753
  0.827788   0.013753
  0.828666   0.013753
  0.829544   0.013753
  0.830422   0.013754
  0.831300   0.013755
  0.832178   0.013757
  0.833057   0.013757
  0.833935   0.013757
  0.834813   0.013759
  0.835691   0.013779
  0.836569   0.013763
  0.837447   0.013758
  0.838326   0.013757
  0.839204   0.013785
  0.840082   0.013757
  0.840960   0.013757
  0.841838   0.013846
  0.842717   0.013757
  0.843595   0.013762
  0.844473   0.013761
  0.845351   0.013760
  0.846229   0.013757
  0.847107   0.013757
  0.847986   0.013759
  0.848864   0.013759
  0.849742   0.013760
  0.850620   0.013759
  0.851498   0.013759
  0.852376   0.013762
  0.853255   0.013764
  0.854133   0.013765
  0.855011   0.013759
  0.855889   0.013760
  0.856767   0.013759
  0.857646   0.013759
  0.858524   0.013758
  0.859402   0.013759
  0.860280   0.013760
  0.861158   0.013758
  0.862036   0.013759
  0.862915   0.013758
  0.863793   0.013759
  0.864671   0.013759
  0.865549   0.013758
  0.866427   0.013759
  0.867305   0.013760
  0.868184   0.013760
  0.869062   0.013761
  0.869940   0.013763
  0.870818   0.013762
  0.871696   0.013762
  0.872575   0.013762
  0.873453   0.013764
  0.874331   0.013760
  0.875209   0.013765
  0.876087   0.013760
  0.876965   0.013759
  0.877844   0.013761
  0.878722   0.013762
  0.879600   0.013762
  0.880478   0.013759
  0.881356   0.013765
  0.882234   0.013764
  0.883113   0.013766
  0.883991   0.013767
  0.884869   0.013764
  0.885747   0.013768
  0.886625   0.013775
  0.887504   0.013792
  0.888382   0.013814
  0.889260   0.013855
  0.890138   0.013855
  0.891016   0.013933
  0.891894   0.013984
  0.892773   0.013975
  0.893651   0.013994
  0.894529   0.013808
  0.895407   0.013789
  0.896285   0.013811
  0.897163   0.013792
  0.898042   0.013829
  0.898920   0.014055
  0.899798   0.013956
  0.900676   0.013909
  0.901554   0.013827
  0.902432   0.013790
  0.903311   0.013781
  0.904189   0.013798
  0.905067   0.013981
  0.905945   0.013799
  0.906823   0.013775
  0.907702   0.013789
  0.908580   0.013839
  0.909458   0.013787
  0.910336   0.013822
  0.911214   0.013829
  0.912092   0.013796
  0.912971   0.013842
  0.913849   0.013780
  0.914727   0.013776
  0.915605   0.013785
  0.916483   0.013787
  0.917361   0.013768
  0.918240   0.013762
  0.919118   0.013832
  0.919996   0.013756
  0.920874   0.013763
  0.921752   0.014078
  0.922631   0.013760
  0.923509   0.013755
  0.924387   0.013756
  0.925265   0.013765
  0.926143   0.013759
  0.927021   0.013755
  0.927900   0.013759
  0.928778   0.013779
  0.929656   0.013795
  0.930534   0.013757
  0.931412   0.013758
  0.932290   0.014048
  0.933169   0.013780
  0.934047   0.013788
  0.934925   0.013770
  0.935803   0.013754
  0.936681   0.013768
  0.937560   0.013955
  0.938438   0.013855
  0.939316   0.013767
  0.940194   0.014511
  0.941072   0.013764
  0.941950   0.014013
  0.942829   0.013757
  0.943707   0.013868
  0.944585   0.013759
  0.945463   0.013758
  0.946341   0.014366
  0.947219   0.013755
  0.948098   0.013755
  0.948976   0.013755
  0.949854   0.013757
  0.950732   0.013756
  0.951610   0.013756
  0.952488   0.013867
  0.953367   0.013834
  0.954245   0.013757
  0.955123   0.013757
  0.956001   0.013761
  0.956879   0.013757
  0.957758   0.013776
  0.958636   0.013790
  0.959514   0.013774
  0.960392   0.013783
  0.961270   0.013764
  0.962148   0.013769
  0.963027   0.013885
  0.963905   0.013868
  0.964783   0.013764
  0.965661   0.013760
  0.966539   0.013761
  0.967417   0.013765
  0.968296   0.013814
  0.969174   0.013774
  0.970052   0.013773
  0.970930   0.013767
  0.971808   0.013766
  0.972687   0.013766
  0.973565   0.013782
  0.974443   0.013774
  0.975321   0.013764
  0.976199   0.013774
  0.977077   0.013806
  0.977956   0.013772
  0.978834   0.013767
  0.979712   0.013803
  0.980590   0.013911
  0.981468   0.013773
  0.982346   0.013790
  0.983225   0.013777
  0.984103   0.013777
  0.984981   0.013779
  0.985859   0.013779
  0.986737   0.013783
  0.987616   0.013807
  0.988494   0.013835
  0.989372   0.013767
  0.990250   0.013830
  0.991128   0.013775
  0.992006   0.013771
  0.992885   0.013796
  0.993763   0.013831
  0.994641   0.013776
  0.995519   0.013792
  0.996397   0.013792
  0.997275   0.013784
  0.998154   0.013783
  0.999032   0.013784
  0.999910   0.013775
  1.000788   0.013771
  1.001666   0.013780
  1.002545   0.013836
  1.003423   0.013815
  1.004301   0.013819
  1.005179   0.013829
  1.006057   0.013802
  1.006935   0.013788
  1.007814   0.013786
  1.008692   0.013787
  1.009570   0.013783
  1.010448   0.013783
  1.011326   0.013783
  1.012204   0.013773
  1.013083   0.013774
  1.013961   0.013786
  1.014839   0.013794
  1.015717   0.013824
  1.016595   0.013784
  1.017473   0.013776
  1.018352   0.013777
  1.019230   0.013781
  1.020108   0.013783
  1.020986   0.013779
  1.021864   0.013767
  1.022743   0.013786
  1.023621   0.013774
  1.024499   0.013771
  1.025377   0.013773
  1.026255   0.013780
  1.027133   0.013797
  1.028012   0.013785
  1.028890   0.013771
  1.029768   0.013768
  1.030646   0.013771
  1.031524   0.013777
  1.032402   0.013785
  1.033281   0.013778
  1.034159   0.013776
  1.035037   0.013775
  1.035915   0.013772
  1.036793   0.013767
  1.037672   0.013766
  1.038550   0.013766
  1.039428   0.013767
  1.040306   0.013764
  1.041184   0.013760
  1.042062   0.013759
  1.042941   0.013762
  1.043819   0.013761
  1.044697   0.013761
  1.045575   0.013762
  1.046453   0.013776
  1.047331   0.013778
  1.048210   0.013757
  1.049088   0.013757
  1.049966   0.013757
  1.050844   0.013757
  1.051722   0.013756
  1.052601   0.013755
  1.053479   0.013755
  1.054357   0.013759
  1.055235   0.013766
  1.056113   0.013754
  1.056991   0.013754
  1.057870   0.013755
  1.058748   0.013756
  1.059626   0.013756
  1.060504   0.013754
  1.061382   0.013754
  1.062260   0.013755
  1.063139   0.013754
  1.064017   0.013754
  1.064895   0.013756
  1.065773   0.013756
  1.066651   0.013754
  1.067530   0.013754
  1.068408   0.013753
  1.069286   0.013753
  1.070164   0.013753
  1.071042   0.013754
  1.071920   0.013755
  1.072799   0.013754
  1.073677   0.013753
  1.074555   0.013754
  1.075433   0.013753
  1.076311   0.013753
  1.077189   0.013753
  1.078068   0.013753
  1.078946   0.013754
  1.079824   0.013754
  1.080702   0.013754
  1.081580   0.013755
  1.082458   0.013755
  1.083337   0.013755
  1.084215   0.013755
  1.085093   0.013754
  1.085971   0.013755
  1.086849   0.013754
  1.087728   0.013755
  1.088606   0.013766
  1.089484   0.013758
  1.090362   0.013755
  1.091240   0.013757
  1.092118   0.013813
  1.092997   0.013764
  1.093875   0.013758
  1.094753   0.013757
  1.095631   0.013779
  1.096509   0.013764
  1.097387   0.013756
  1.098266   0.013756
  1.099144   0.013759
  1.100022   0.013767
  1.100900   0.013827
  1.101778   0.013774
  1.102657   0.013762
  1.103535   0.013796
  1.104413   0.014090
  1.105291   0.013825
  1.106169   0.013788
  1.107047   0.013778
  1.107926   0.013779
  1.108804   0.013792
  1.109682   0.013781
  1.110560   0.013776
  1.111438   0.013785
  1.112316   0.013782
  1.113195   0.013781
  1.114073   0.013777
  1.114951   0.013829
  1.115829   0.013887
  1.116707   0.013919
  1.117586   0.013986
  1.118464   0.013931
  1.119342   0.013932
  1.120220   0.014081
  1.121098   0.013810
  1.121976   0.013806
  1.122855   0.013868
  1.123733   0.013915
  1.124611   0.013893
  1.125489   0.013850
  1.126367   0.013830
  1.127245   0.013829
  1.128124   0.013850
  1.129002   0.013859
  1.129880   0.013817
  1.130758   0.013794
  1.131636   0.013777
  1.132515   0.013866
  1.133393   0.014107
  1.134271   0.014232
  1.135149   0.013833
  1.136027   0.013832
  1.136905   0.014009
  1.137784   0.013917
  1.138662   0.013905
  1.139540   0.013893
  1.140418   0.013880
  1.141296   0.013845
  1.142174   0.013817
  1.143053   0.013842
  1.143931   0.013873
  1.144809   0.013939
  1.145687   0.014251
  1.146565   0.013926
  1.147443   0.013883
  1.148322   0.013886
  1.149200   0.013942
  1.150078   0.014027
  1.150956   0.013878
  1.151834   0.013919
  1.152713   0.014018
  1.153591   0.014030
  1.154469   0.014151
  1.155347   0.014334
  1.156225   0.014381
  1.157103   0.014297
  1.157982   0.014145
  1.158860   0.014271
  1.159738   0.014209
  1.160616   0.013993
  1.161494   0.014176
  1.162372   0.014135
  1.163251   0.013911
  1.164129   0.013888
  1.165007   0.013874
  1.165885   0.014191
  1.166763   0.013848
  1.167642   0.013841
  1.168520   0.013896
  1.169398   0.013999
  1.170276   0.014087
  1.171154   0.014044
  1.172032   0.014082
  1.172911   0.014163
  1.173789   0.014108
  1.174667   0.014062
  1.175545   0.014024
  1.176423   0.014013
  1.177301   0.013970
  1.178180   0.013897
  1.179058   0.013919
  1.179936   0.013943
  1.180814   0.013892
  1.181692   0.013869
  1.182571   0.013860
  1.183449   0.013922
  1.184327   0.013999
  1.185205   0.014075
  1.186083   0.013931
  1.186961   0.013842
  1.187840   0.013857
  1.188718   0.013875
  1.189596   0.013900
  1.190474   0.013929
  1.191352   0.013994
  1.192230   0.013910
  1.193109   0.013897
  1.193987   0.013880
  1.194865   0.013873
  1.195743   0.013870
  1.196621   0.013851
  1.197499   0.013819
  1.198378   0.013812
  1.199256   0.013851
  1.200134   0.013874
  1.201012   0.013882
  1.201890   0.013826
  1.202769   0.013806
  1.203647   0.013818
  1.204525   0.013809
  1.205403   0.013791
  1.206281   0.013790
  1.207159   0.013791
  1.208038   0.013791
  1.208916   0.013780
  1.209794   0.013774
  1.210672   0.013775
  1.211550   0.013776
  1.212428   0.013862
  1.213307   0.013790
  1.214185   0.013778
  1.215063   0.013774
  1.215941   0.013773
  1.216819   0.013779
  1.217698   0.013772
  1.218576   0.013764
  1.219454   0.013763
  1.220332   0.013763
  1.221210   0.013784
  1.222088   0.013773
  1.222967   0.013761
  1.223845   0.013794
  1.224723   0.013897
  1.225601   0.013765
  1.226479   0.013761
  1.227357   0.013757
  1.228236   0.013759
  1.229114   0.013766
  1.229992   0.013757
  1.230870   0.013757
  1.231748   0.013758
  1.232627   0.013758
  1.233505   0.013757
  1.234383   0.013757
  1.235261   0.013757
  1.236139   0.013761
  1.237017   0.013760
  1.237896   0.013756
  1.238774   0.013755
  1.239652   0.013755
  1.240530   0.013754
  1.241408   0.013754
  1.242286   0.013754
  1.243165   0.013754
  1.244043   0.013756
  1.244921   0.013757
  1.245799   0.013755
  1.246677   0.013754
  1.247556   0.013755
  1.248434   0.013755
  1.249312   0.013755
  1.250190   0.013754
  1.251068   0.013754
  1.251946   0.013753
  1.252825   0.013754
  1.253703   0.013754
  1.254581   0.013756
  1.255459   0.013757
  1.256337   0.013755
  1.257215   0.013754
  1.258094   0.013755
  1.258972   0.013754
  1.259850   0.013753
  1.260728   0.013753
  1.261606   0.013753
  1.262484   0.013753
  1.263363   0.013753
  1.264241   0.013754
  1.265119   0.013754
  1.265997   0.013754
  1.266875   0.013753
  1.267754   0.013754
  1.268632   0.013753
  1.269510   0.013753
  1.270388   0.013754
  1.271266   0.013754
  1.272144   0.013754
  1.273023   0.013754
  1.273901   0.013754
  1.274779   0.013754
  1.275657   0.013753
  1.276535   0.013753
  1.277413   0.013754
  1.278292   0.013754
  1.279170   0.013754
  1.280048   0.013754
  1.280926   0.013754
  1.281804   0.013755
  1.282683   0.013757
  1.283561   0.013757
  1.284439   0.013758
  1.285317   0.013758
  1.286195   0.013759
  1.287073   0.013758
  1.287952   0.013759
  1.288830   0.013760
  1.289708   0.013760
  1.290586   0.013760
  1.291464   0.013757
  1.292342   0.013755
  1.293221   0.013756
  1.294099   0.013759
  1.294977   0.013759
  1.295855   0.013781
  1.296733   0.013762
  1.297612   0.013767
  1.298490   0.013772
  1.299368   0.013778
  1.300246   0.013771
  1.301124   0.013769
  1.302002   0.013767
  1.302881   0.013764
  1.303759   0.013775
  1.304637   0.013786
  1.305515   0.013763
  1.306393   0.013758
  1.307271   0.013761
  1.308150   0.013763
  1.309028   0.013765
  1.309906   0.013765
  1.310784   0.013764
  1.311662   0.013766
  1.312541   0.013775
  1.313419   0.013783
  1.314297   0.013807
  1.315175   0.013776
  1.316053   0.013764
  1.316931   0.013769
  1.317810   0.013789
  1.318688   0.013794
  1.319566   0.013787
  1.320444   0.013784
  1.321322   0.013789
  1.322200   0.013783
  1.323079   0.013776
  1.323957   0.013781
  1.324835   0.013803
  1.325713   0.013811
  1.326591   0.013813
  1.327469   0.013811
  1.328348   0.013807
  1.329226   0.013827
  1.330104   0.013868
  1.330982   0.013890
  1.331860   0.013903
  1.332739   0.013918
  1.333617   0.013963
  1.334495   0.013874
  1.335373   0.013820
  1.336251   0.013824
  1.337129   0.013851
  1.338008   0.013853
  1.338886   0.013868
  1.339764   0.014010
  1.340642   0.014091
  1.341520   0.013997
  1.342398   0.013857
  1.343277   0.013851
  1.344155   0.013931
  1.345033   0.013963
  1.345911   0.013968
  1.346789   0.014135
  1.347668   0.014130
  1.348546   0.014086
  1.349424   0.013954
  1.350302   0.013926
  1.351180   0.014102
  1.352058   0.014333
  1.352937   0.014369
  1.353815   0.014400
  1.354693   0.014097
  1.355571   0.013897
  1.356449   0.014269
  1.357327   0.014908
  1.358206   0.014202
  1.359084   0.014041
  1.359962   0.014030
  1.360840   0.013994
  1.361718   0.014032
  1.362597   0.014067
  1.363475   0.014061
  1.364353   0.014145
  1.365231   0.014108
  1.366109   0.013885
  1.366987   0.013888
  1.367866   0.014151
  1.368744   0.014639
  1.369622   0.014211
  1.370500   0.014147
  1.371378   0.014282
  1.372256   0.014421
  1.373135   0.014200
  1.374013   0.013935
  1.374891   0.013956
  1.375769   0.014099
  1.376647   0.014158
  1.377526   0.014145
  1.378404   0.014113
  1.379282   0.014050
  1.380160   0.014000
  1.381038   0.013990
  1.381916   0.013992
  1.382795   0.013990
  1.383673   0.014001
  1.384551   0.014103
  1.385429   0.014222
  1.386307   0.014206
  1.387185   0.014132
  1.388064   0.014083
  1.388942   0.014059
  1.389820   0.014035
  1.390698   0.014007
  1.391576   0.013988
  1.392454   0.014027
  1.393333   0.014070
  1.394211   0.014036
  1.395089   0.013995
  1.395967   0.014039
  1.396845   0.014125
  1.397724   0.014136
  1.398602   0.014178
  1.399480   0.014379
  1.400358   0.014215
  1.401236   0.014205
  1.402114   0.014126
  1.402993   0.014054
  1.403871   0.014045
  1.404749   0.014248
  1.405627   0.014434
  1.406505   0.014436
  1.407383   0.014287
  1.408262   0.014035
  1.409140   0.014041
  1.410018   0.014023
  1.410896   0.014005
  1.411774   0.014016
  1.412653   0.014203
  1.413531   0.014544
  1.414409   0.014612
  1.415287   0.014607
  1.416165   0.014322
  1.417043   0.014088
  1.417922   0.014185
  1.418800   0.014319
  1.419678   0.014493
  1.420556   0.014700
  1.421434   0.014821
  1.422312   0.014758
  1.423191   0.014680
  1.424069   0.014192
  1.424947   0.014025
  1.425825   0.013977
  1.426703   0.013944
  1.427582   0.013915
  1.428460   0.013889
  1.429338   0.013869
  1.430216   0.013884
  1.431094   0.013915
  1.431972   0.013990
  1.432851   0.014089
  1.433729   0.014095
  1.434607   0.013972
  1.435485   0.013894
  1.436363   0.013957
  1.437241   0.014069
  1.438120   0.014236
  1.438998   0.014426
  1.439876   0.014372
  1.440754   0.013980
  1.441632   0.013926
  1.442511   0.013875
  1.443389   0.013878
  1.444267   0.013856
  1.445145   0.013926
  1.446023   0.013989
  1.446901   0.013962
  1.447780   0.013936
  1.448658   0.013977
  1.449536   0.014167
  1.450414   0.014142
  1.451292   0.013906
  1.452170   0.014083
  1.453049   0.013902
  1.453927   0.014007
  1.454805   0.014145
  1.455683   0.014285
  1.456561   0.014358
  1.457439   0.014232
  1.458318   0.014118
  1.459196   0.013950
  1.460074   0.013891
  1.460952   0.013869
  1.461830   0.013833
  1.462709   0.013807
  1.463587   0.013799
  1.464465   0.013792
  1.465343   0.013794
  1.466221   0.013806
  1.467099   0.013819
  1.467978   0.013841
  1.468856   0.014056
  1.469734   0.014166
  1.470612   0.014128
  1.471490   0.014040
  1.472368   0.013825
  1.473247   0.013779
  1.474125   0.013794
  1.475003   0.013849
  1.475881   0.013902
  1.476759   0.013842
  1.477638   0.013829
  1.478516   0.013994
  1.479394   0.014352
  1.480272   0.014637
  1.481150   0.014601
  1.482028   0.014566
  1.482907   0.014273
  1.483785   0.013931
  1.484663   0.013801
  1.485541   0.013777
  1.486419   0.013767
  1.487297   0.013783
  1.488176   0.013975
  1.489054   0.014217
  1.489932   0.013974
  1.490810   0.013815
  1.491688   0.013773
  1.492567   0.013770
  1.493445   0.013772
  1.494323   0.013780
  1.495201   0.013983
  1.496079   0.013960
  1.496957   0.013787
  1.497836   0.013761
  1.498714   0.013762
  1.499592   0.013766
  1.500470   0.013769
  1.501348   0.013770
  1.502226   0.013772
  1.503105   0.013766
  1.503983   0.013762
  1.504861   0.013765
  1.505739   0.013841
  1.506617   0.014133
  1.507495   0.014200
  1.508374   0.014196
  1.509252   0.014179
  1.510130   0.014113
  1.511008   0.014047
  1.511886   0.013955
  1.512765   0.013866
  1.513643   0.013816
  1.514521   0.013771
  1.515399   0.013760
  1.516277   0.013757
  1.517155   0.013757
  1.518034   0.013756
  1.518912   0.013757
  1.519790   0.013758
  1.520668   0.013760
  1.521546   0.013761
  1.522424   0.013763
  1.523303   0.013765
  1.524181   0.013764
  1.525059   0.013763
  1.525937   0.013760
  1.526815   0.013760
  1.527694   0.013762
  1.528572   0.013763
  1.529450   0.013772
  1.530328   0.013769
  1.531206   0.013760
  1.532084   0.013757
  1.532963   0.013758
  1.533841   0.013759
  1.534719   0.013761
  1.535597   0.013760
  1.536475   0.013768
  1.537353   0.013810
  1.538232   0.013887
  1.539110   0.014016
  1.539988   0.014050
  1.540866   0.014060
  1.541744   0.014039
  1.542623   0.013837
  1.543501   0.013769
  1.544379   0.013761
  1.545257   0.013773
  1.546135   0.013800
  1.547013   0.013784
  1.547892   0.013765
  1.548770   0.013759
  1.549648   0.013761
  1.550526   0.013764
  1.551404   0.013763
  1.552282   0.013757
  1.553161   0.013755
  1.554039   0.013755
  1.554917   0.013762
  1.555795   0.013783
  1.556673   0.013772
  1.557552   0.013760
  1.558430   0.013755
  1.559308   0.013756
  1.560186   0.013759
  1.561064   0.013761
  1.561942   0.013761
  1.562821   0.013761
  1.563699   0.013761
  1.564577   0.013761
  1.565455   0.013765
  1.566333   0.013760
  1.567211   0.013756
  1.568090   0.013756
  1.568968   0.013757
  1.569846   0.013758
  1.570724   0.013760
  1.571602   0.013762
  1.572480   0.013765
  1.573359   0.013766
  1.574237   0.013763
  1.575115   0.013813
  1.575993   0.013875
  1.576871   0.013779
  1.577750   0.013759
  1.578628   0.013758
  1.579506   0.013762
  1.580384   0.013772
  1.581262   0.013765
  1.582140   0.013770
  1.583019   0.013786
  1.583897   0.013771
  1.584775   0.013765
  1.585653   0.013771
  1.586531   0.013759
  1.587409   0.013772
  1.588288   0.013806
  1.589166   0.013759
  1.590044   0.013757
  1.590922   0.013757
  1.591800   0.013758
  1.592679   0.013761
  1.593557   0.013763
  1.594435   0.013758
  1.595313   0.013757
  1.596191   0.013757
  1.597069   0.013760
  1.597948   0.013763
  1.598826   0.013765
  1.599704   0.013766
  1.600582   0.013766
  1.601460   0.013772
  1.602338   0.013785
  1.603217   0.013806
  1.604095   0.013811
  1.604973   0.013814
  1.605851   0.013818
  1.606729   0.013802
  1.607608   0.013787
  1.608486   0.013792
  1.609364   0.013815
  1.610242   0.013920
  1.611120   0.014081
  1.611998   0.013952
  1.612877   0.013836
  1.613755   0.013781
  1.614633   0.013790
  1.615511   0.013802
  1.616389   0.013819
  1.617267   0.013845
  1.618146   0.013880
  1.619024   0.013923
  1.619902   0.013954
  1.620780   0.013989
  1.621658   0.014029
  1.622537   0.014077
  1.623415   0.014131
  1.624293   0.014185
  1.625171   0.014152
  1.626049   0.014118
  1.626927   0.014085
  1.627806   0.014061
  1.628684   0.014038
  1.629562   0.014016
  1.630440   0.013981
  1.631318   0.013949
  1.632196   0.013922
  1.633075   0.013964
  1.633953   0.014014
  1.634831   0.014066
  1.635709   0.014054
  1.636587   0.014038
  1.637465   0.014026
  1.638344   0.014003
  1.639222   0.013980
  1.640100   0.013958
  1.640978   0.014084
  1.641856   0.014250
  1.642735   0.014418
  1.643613   0.014324
  1.644491   0.014145
  1.645369   0.013972
  1.646247   0.013920
  1.647125   0.013918
  1.648004   0.013917
  1.648882   0.013911
  1.649760   0.013905
  1.650638   0.013932
  1.651516   0.013952
  1.652394   0.013995
  1.653273   0.014074
  1.654151   0.014104
  1.655029   0.014045
  1.655907   0.013987
  1.656785   0.013937
  1.657664   0.013903
  1.658542   0.013874
  1.659420   0.013853
  1.660298   0.013865
  1.661176   0.013880
  1.662054   0.013921
  1.662933   0.013907
  1.663811   0.013920
  1.664689   0.013934
  1.665567   0.013968
  1.666445   0.014008
  1.667323   0.014049
  1.668202   0.014086
  1.669080   0.014121
  1.669958   0.014156
  1.670836   0.014170
  1.671714   0.014160
  1.672593   0.014151
  1.673471   0.014150
  1.674349   0.014166
  1.675227   0.014181
  1.676105   0.014190
  1.676983   0.014149
  1.677862   0.014109
  1.678740   0.014069
  1.679618   0.014043
  1.680496   0.014019
  1.681374   0.013996
  1.682252   0.014036
  1.683131   0.014105
  1.684009   0.014174
  1.684887   0.014240
  1.685765   0.014304
  1.686643   0.014369
  1.687522   0.014393
  1.688400   0.014291
  1.689278   0.014190
  1.690156   0.014090
  1.691034   0.014047
  1.691912   0.014005
  1.692791   0.013965
  1.693669   0.013975
  1.694547   0.014003
  1.695425   0.014032
  1.696303   0.014083
  1.697181   0.014159
  1.698060   0.014236
  1.698938   0.014283
  1.699816   0.014201
  1.700694   0.014120
  1.701572   0.014039
  1.702450   0.014066
  1.703329   0.014106
  1.704207   0.014146
  1.705085   0.014155
  1.705963   0.014143
  1.706841   0.014130
  1.707720   0.014117
  1.708598   0.014099
  1.709476   0.014081
  1.710354   0.014064
  1.711232   0.014015
  1.712110   0.013967
  1.712989   0.013926
  1.713867   0.013950
  1.714745   0.014033
  1.715623   0.014123
  1.716501   0.014173
  1.717379   0.014111
  1.718258   0.014049
  1.719136   0.013989
  1.720014   0.013969
  1.720892   0.013954
  1.721770   0.013940
  1.722649   0.013924
  1.723527   0.013909
  1.724405   0.013901
  1.725283   0.013985
  1.726161   0.014047
  1.727039   0.014190
  1.727918   0.014344
  1.728796   0.014294
  1.729674   0.014179
  1.730552   0.014066
  1.731430   0.014021
  1.732308   0.014100
  1.733187   0.014179
  1.734065   0.014259
  1.734943   0.014247
  1.735821   0.014228
  1.736699   0.014209
  1.737578   0.014171
  1.738456   0.014115
  1.739334   0.014062
  1.740212   0.014054
  1.741090   0.014030
  1.741968   0.014023
  1.742847   0.014024
  1.743725   0.014019
  1.744603   0.014009
  1.745481   0.013998
  1.746359   0.014001
  1.747237   0.014080
  1.748116   0.014160
  1.748994   0.014242
  1.749872   0.014288
  1.750750   0.014316
  1.751628   0.014344
  1.752507   0.014363
  1.753385   0.014335
  1.754263   0.014308
  1.755141   0.014281
  1.756019   0.014247
  1.756897   0.014208
  1.757776   0.014170
  1.758654   0.014143
  1.759532   0.014178
  1.760410   0.014212
  1.761288   0.014247
  1.762166   0.014259
  1.763045   0.014258
  1.763923   0.014256
  1.764801   0.014245
  1.765679   0.014133
  1.766557   0.014025
  1.767435   0.013983
  1.768314   0.013961
  1.769192   0.013937
  1.770070   0.013971
  1.770948   0.014012
  1.771826   0.014094
  1.772705   0.014179
  1.773583   0.014264
  1.774461   0.014271
  1.775339   0.014152
  1.776217   0.014035
  1.777095   0.013925
  1.777974   0.013912
  1.778852   0.013927
  1.779730   0.013965
  1.780608   0.014016
  1.781486   0.013969
  1.782364   0.013968
  1.783243   0.013981
  1.784121   0.013961
  1.784999   0.013917
  1.785877   0.013879
  1.786755   0.013847
  1.787634   0.013901
  1.788512   0.013980
  1.789390   0.014084
  1.790268   0.014170
  1.791146   0.014160
  1.792024   0.014155
  1.792903   0.014155
  1.793781   0.014129
  1.794659   0.014097
  1.795537   0.014069
  1.796415   0.014042
  1.797293   0.014065
  1.798172   0.014088
  1.799050   0.014112
  1.799928   0.014109
  1.800806   0.014042
  1.801684   0.013977
  1.802563   0.013917
  1.803441   0.013897
  1.804319   0.013900
  1.805197   0.013904
  1.806075   0.013910
  1.806953   0.013923
  1.807832   0.013942
  1.808710   0.013962
  1.809588   0.013977
  1.810466   0.013967
  1.811344   0.013961
  1.812222   0.013998
  1.813101   0.014010
  1.813979   0.013933
  1.814857   0.013901
  1.815735   0.013883
  1.816613   0.013888
  1.817491   0.013927
  1.818370   0.014072
  1.819248   0.014412
  1.820126   0.014452
  1.821004   0.014463
  1.821882   0.014475
  1.822761   0.014425
  1.823639   0.014140
  1.824517   0.014046
  1.825395   0.014031
  1.826273   0.014015
  1.827151   0.013977
  1.828030   0.013942
  1.828908   0.013909
  1.829786   0.013909
  1.830664   0.013936
  1.831542   0.013974
  1.832420   0.014050
  1.833299   0.014028
  1.834177   0.013960
  1.835055   0.013901
  1.835933   0.013855
  1.836811   0.013851
  1.837690   0.013861
  1.838568   0.013876
  1.839446   0.013890
  1.840324   0.013858
  1.841202   0.013833
  1.842080   0.013814
  1.842959   0.013808
  1.843837   0.013826
  1.844715   0.013850
  1.845593   0.013880
  1.846471   0.013918
  1.847349   0.013967
  1.848228   0.014024
  1.849106   0.014084
  1.849984   0.014110
  1.850862   0.014094
  1.851740   0.014082
  1.852619   0.014078
  1.853497   0.014035
  1.854375   0.013962
  1.855253   0.013900
  1.856131   0.013851
  1.857009   0.013834
  1.857888   0.013844
  1.858766   0.013874
  1.859644   0.013924
  1.860522   0.013929
  1.861400   0.013919
  1.862278   0.013932
  1.863157   0.013985
  1.864035   0.013937
  1.864913   0.013863
  1.865791   0.013815
  1.866669   0.013788
  1.867548   0.013800
  1.868426   0.013830
  1.869304   0.013874
  1.870182   0.013931
  1.871060   0.013951
  1.871938   0.013963
  1.872817   0.013976
  1.873695   0.013990
  1.874573   0.013946
  1.875451   0.013896
  1.876329   0.013855
  1.877207   0.013823
  1.878086   0.013920
  1.878964   0.014148
  1.879842   0.014418
  1.880720   0.014702
  1.881598   0.014407
  1.882476   0.014054
  1.883355   0.013850
  1.884233   0.013795
  1.885111   0.013793
  1.885989   0.013815
  1.886867   0.013879
  1.887746   0.014018
  1.888624   0.014048
  1.889502   0.014011
  1.890380   0.013977
  1.891258   0.013947
  1.892136   0.013945
  1.893015   0.013968
  1.893893   0.013998
  1.894771   0.014033
  1.895649   0.013938
  1.896527   0.013820
  1.897405   0.013782
  1.898284   0.013774
  1.899162   0.013773
  1.900040   0.013770
  1.900918   0.013768
  1.901796   0.013766
  1.902675   0.013766
  1.903553   0.013769
  1.904431   0.013774
  1.905309   0.013783
  1.906187   0.013795
  1.907065   0.013807
  1.907944   0.013821
  1.908822   0.013840
  1.909700   0.013860
  1.910578   0.013864
  1.911456   0.013867
  1.912334   0.013872
  1.913213   0.013876
  1.914091   0.013891
  1.914969   0.013912
  1.915847   0.013937
  1.916725   0.013965
  1.917604   0.013981
  1.918482   0.014099
  1.919360   0.014493
  1.920238   0.014983
  1.921116   0.014934
  1.921994   0.014438
  1.922873   0.014067
  1.923751   0.013831
  1.924629   0.013769
  1.925507   0.013767
  1.926385   0.013766
  1.927263   0.013766
  1.928142   0.013766
  1.929020   0.013776
  1.929898   0.013796
  1.930776   0.013853
  1.931654   0.014012
  1.932533   0.013924
  1.933411   0.013833
  1.934289   0.013789
  1.935167   0.013770
  1.936045   0.013765
  1.936923   0.013765
  1.937802   0.013765
  1.938680   0.013766
  1.939558   0.013765
  1.940436   0.013765
  1.941314   0.013770
  1.942192   0.013795
  1.943071   0.013878
  1.943949   0.013792
  1.944827   0.013770
  1.945705   0.013775
  1.946583   0.013811
  1.947461   0.013902
  1.948340   0.014043
  1.949218   0.014197
  1.950096   0.014354
  1.950974   0.014309
  1.951852   0.014032
  1.952731   0.013849
  1.953609   0.013778
  1.954487   0.013763
  1.955365   0.013772
  1.956243   0.013804
  1.957121   0.013901
  1.958000   0.014085
  1.958878   0.014082
  1.959756   0.014005
  1.960634   0.014056
  1.961512   0.014311
  1.962390   0.014449
  1.963269   0.014183
  1.964147   0.013976
  1.965025   0.013843
  1.965903   0.013789
  1.966781   0.013786
  1.967660   0.013792
  1.968538   0.013805
  1.969416   0.013822
  1.970294   0.013833
  1.971172   0.013834
  1.972050   0.013835
  1.972929   0.013836
  1.973807   0.013826
  1.974685   0.013774
  1.975563   0.013762
  1.976441   0.013760
  1.977319   0.013760
  1.978198   0.013761
  1.979076   0.013764
  1.979954   0.013767
  1.980832   0.013774
  1.981710   0.013783
  1.982589   0.013782
  1.983467   0.013782
  1.984345   0.013784
  1.985223   0.013786
  1.986101   0.013776
  1.986979   0.013768
  1.987858   0.013765
  1.988736   0.013768
  1.989614   0.013772
  1.990492   0.013768
  1.991370   0.013765
  1.992248   0.013763
  1.993127   0.013762
  1.994005   0.013765
  1.994883   0.013774
  1.995761   0.013793
  1.996639   0.013832
  1.997518   0.013880
  1.998396   0.013858
  1.999274   0.013839
  2.000152   0.013822
  2.001030   0.013809
  2.001908   0.013808
  2.002787   0.013819
  2.003665   0.013851
  2.004543   0.013948
  2.005421   0.014113
  2.006299   0.014067
  2.007177   0.014023
  2.008056   0.013981
  2.008934   0.013941
  2.009812   0.013854
  2.010690   0.013784
  2.011568   0.013764
  2.012446   0.013759
  2.013325   0.013758
  2.014203   0.013761
  2.015081   0.013776
  2.015959   0.013864
  2.016837   0.014100
  2.017716   0.014321
  2.018594   0.014149
  2.019472   0.013987
  2.020350   0.013871
  2.021228   0.013830
  2.022106   0.013798
  2.022985   0.013803
  2.023863   0.013837
  2.024741   0.013890
  2.025619   0.013962
  2.026497   0.013908
  2.027375   0.013854
  2.028254   0.013816
  2.029132   0.013791
  2.030010   0.013774
  2.030888   0.013762
  2.031766   0.013760
  2.032645   0.013774
  2.033523   0.013851
  2.034401   0.013876
  2.035279   0.013808
  2.036157   0.013776
  2.037035   0.013765
  2.037914   0.013762
  2.038792   0.013763
  2.039670   0.013765
  2.040548   0.013768
  2.041426   0.013772
  2.042304   0.013776
  2.043183   0.013779
  2.044061   0.013783
  2.044939   0.013787
  2.045817   0.013793
  2.046695   0.013799
  2.047574   0.013805
  2.048452   0.013817
  2.049330   0.013836
  2.050208   0.013862
  2.051086   0.013861
  2.051964   0.013837
  2.052843   0.013819
  2.053721   0.013807
  2.054599   0.013800
  2.055477   0.013793
  2.056355   0.013789
  2.057233   0.013789
  2.058112   0.013795
  2.058990   0.013810
  2.059868   0.013772
  2.060746   0.013763
  2.061624   0.013761
  2.062503   0.013760
  2.063381   0.013759
  2.064259   0.013770
  2.065137   0.013811
  2.066015   0.013929
  2.066893   0.014114
  2.067772   0.014232
  2.068650   0.014089
  2.069528   0.013953
  2.070406   0.013848
  2.071284   0.013794
  2.072162   0.013775
  2.073041   0.013771
  2.073919   0.013767
  2.074797   0.013764
  2.075675   0.013762
  2.076553   0.013761
  2.077431   0.013764
  2.078310   0.013767
  2.079188   0.013772
  2.080066   0.013780
  2.080944   0.013791
  2.081822   0.013805
  2.082701   0.013825
  2.083579   0.013852
  2.084457   0.013887
  2.085335   0.013854
  2.086213   0.013806
  2.087091   0.013799
  2.087970   0.013849
  2.088848   0.013983
  2.089726   0.013912
  2.090604   0.013796
  2.091482   0.013767
  2.092360   0.013765
  2.093239   0.013769
  2.094117   0.013773
  2.094995   0.013778
  2.095873   0.013784
  2.096751   0.013791
  2.097630   0.013799
  2.098508   0.013810
  2.099386   0.013825
  2.100264   0.013844
  2.101142   0.013867
  2.102020   0.013896
  2.102899   0.013893
  2.103777   0.013871
  2.104655   0.013854
  2.105533   0.013841
  2.106411   0.013834
  2.107289   0.013821
  2.108168   0.013808
  2.109046   0.013802
  2.109924   0.013804
  2.110802   0.013817
  2.111680   0.013830
  2.112559   0.013832
  2.113437   0.013834
  2.114315   0.013837
  2.115193   0.013842
  2.116071   0.013861
  2.116949   0.013905
  2.117828   0.013963
  2.118706   0.014030
  2.119584   0.014103
  2.120462   0.014069
  2.121340   0.013894
  2.122218   0.013840
  2.123097   0.013828
  2.123975   0.013824
  2.124853   0.013825
  2.125731   0.013840
  2.126609   0.013857
  2.127487   0.013876
  2.128366   0.013898
  2.129244   0.013924
  2.130122   0.013971
  2.131000   0.014021
  2.131878   0.014073
  2.132757   0.014125
  2.133635   0.014178
  2.134513   0.014039
  2.135391   0.013900
  2.136269   0.013814
  2.137147   0.013776
  2.138026   0.013761
  2.138904   0.013761
  2.139782   0.013764
  2.140660   0.013769
  2.141538   0.013777
  2.142416   0.013789
  2.143295   0.013797
  2.144173   0.013795
  2.145051   0.013793
  2.145929   0.013791
  2.146807   0.013789
  2.147686   0.013789
  2.148564   0.013790
  2.149442   0.013791
  2.150320   0.013792
  2.151198   0.013793
  2.152076   0.013794
  2.152955   0.013809
  2.153833   0.013832
  2.154711   0.013865
  2.155589   0.013907
  2.156467   0.013958
  2.157345   0.013991
  2.158224   0.014013
  2.159102   0.014035
  2.159980   0.014058
  2.160858   0.014081
  2.161736   0.014076
  2.162615   0.014022
  2.163493   0.013971
  2.164371   0.013927
  2.165249   0.013895
  2.166127   0.013885
  2.167005   0.013883
  2.167884   0.013898
  2.168762   0.013923
  2.169640   0.013953
  2.170518   0.013985
  2.171396   0.013968
  2.172274   0.013928
  2.173153   0.013893
  2.174031   0.013862
  2.174909   0.013837
  2.175787   0.013822
  2.176665   0.013825
  2.177544   0.013827
  2.178422   0.013830
  2.179300   0.013833
  2.180178   0.013835
  2.181056   0.013835
  2.181934   0.013834
  2.182813   0.013833
  2.183691   0.013833
  2.184569   0.013832
  2.185447   0.013838
  2.186325   0.013853
  2.187203   0.013870
  2.188082   0.013889
  2.188960   0.013911
  2.189838   0.013934
  2.190716   0.013975
  2.191594   0.014019
  2.192472   0.014065
  2.193351   0.014111
  2.194229   0.014158
  2.195107   0.014168
  2.195985   0.014148
  2.196863   0.014129
  2.197742   0.014109
  2.198620   0.014090
  2.199498   0.014074
  2.200376   0.014115
  2.201254   0.014155
  2.202132   0.014196
  2.203011   0.014236
  2.203889   0.014277
  2.204767   0.014272
  2.205645   0.014226
  2.206523   0.014181
  2.207401   0.014136
  2.208280   0.014091
  2.209158   0.014047
  2.210036   0.014027
  2.210914   0.014008
  2.211792   0.013989
  2.212671   0.013970
  2.213549   0.013952
  2.214427   0.013956
  2.215305   0.013989
  2.216183   0.014024
  2.217061   0.014060
  2.217940   0.014096
  2.218818   0.014132
  2.219696   0.014118
  2.220574   0.014094
  2.221452   0.014070
  2.222330   0.014048
  2.223209   0.014034
  2.224087   0.014049
  2.224965   0.014036
  2.225843   0.014042
  2.226721   0.014055
  2.227600   0.014071
  2.228478   0.014086
  2.229356   0.014039
  2.230234   0.013952
  2.231112   0.013882
  2.231990   0.013831
  2.232869   0.013798
  2.233747   0.013778
  2.234625   0.013788
  2.235503   0.013807
  2.236381   0.013835
  2.237259   0.013874
  2.238138   0.013926
  2.239016   0.013980
  2.239894   0.013995
  2.240772   0.014011
  2.241650   0.014027
  2.242529   0.014042
  2.243407   0.014058
  2.244285   0.014075
  2.245163   0.014092
  2.246041   0.014109
  2.246919   0.014126
  2.247798   0.014143
  2.248676   0.014160
  2.249554   0.014180
  2.250432   0.014200
  2.251310   0.014221
  2.252188   0.014242
  2.253067   0.014263
  2.253945   0.014284
  2.254823   0.014293
  2.255701   0.014302
  2.256579   0.014311
  2.257457   0.014321
  2.258336   0.014330
  2.259214   0.014337
  2.260092   0.014330
  2.260970   0.014324
  2.261848   0.014318
  2.262727   0.014312
  2.263605   0.014306
  2.264483   0.014308
  2.265361   0.014328
  2.266239   0.014347
  2.267117   0.014367
  2.267996   0.014386
  2.268874   0.014406
  2.269752   0.014399
  2.270630   0.014364
  2.271508   0.014329
  2.272386   0.014294
  2.273265   0.014259
  2.274143   0.014224
  2.275021   0.014211
  2.275899   0.014211
  2.276777   0.014212
  2.277656   0.014212
  2.278534   0.014212
  2.279412   0.014212
  2.280290   0.014248
  2.281168   0.014299
  2.282046   0.014350
  2.282925   0.014401
  2.283803   0.014452
  2.284681   0.014504
  2.285559   0.014505
  2.286437   0.014490
  2.287315   0.014476
  2.288194   0.014462
  2.289072   0.014449
  2.289950   0.014435
  2.290828   0.014410
  2.291706   0.014384
  2.292585   0.014358
  2.293463   0.014331
  2.294341   0.014305
  2.295219   0.014279
  2.296097   0.014348
  2.296975   0.014436
  2.297854   0.014525
  2.298732   0.014616
  2.299610   0.014707
  2.300488   0.014798
  2.301366   0.014748
  2.302244   0.014666
  2.303123   0.014585
  2.304001   0.014504
  2.304879   0.014424
  2.305757   0.014345
  2.306635   0.014289
  2.307514   0.014241
  2.308392   0.014192
  2.309270   0.014144
  2.310148   0.014095
  2.311026   0.014048
  2.311904   0.014092
  2.312783   0.014174
  2.313661   0.014258
  2.314539   0.014342
  2.315417   0.014427
  2.316295   0.014513
  2.317173   0.014533
  2.318052   0.014512
  2.318930   0.014491
  2.319808   0.014469
  2.320686   0.014448
  2.321564   0.014427
  2.322442   0.014401
  2.323321   0.014371
  2.324199   0.014341
  2.325077   0.014312
  2.325955   0.014282
  2.326833   0.014252
  2.327712   0.014234
  2.328590   0.014240
  2.329468   0.014245
  2.330346   0.014251
  2.331224   0.014258
  2.332102   0.014296
  2.332981   0.014440
  2.333859   0.014410
  2.334737   0.014499
  2.335615   0.014607
  2.336493   0.014718
  2.337371   0.014830
  2.338250   0.014943
  2.339128   0.014846
  2.340006   0.014735
  2.340884   0.014625
  2.341762   0.014516
  2.342641   0.014409
  2.343519   0.014302
  2.344397   0.014329
  2.345275   0.014416
  2.346153   0.014503
  2.347031   0.014590
  2.347910   0.014679
  2.348788   0.014768
  2.349666   0.014792
  2.350544   0.014728
  2.351422   0.014664
  2.352300   0.014600
  2.353179   0.014536
  2.354057   0.014473
  2.354935   0.014420
  2.355813   0.014432
  2.356691   0.014445
  2.357570   0.014457
  2.358448   0.014469
  2.359326   0.014482
  2.360204   0.014494
  2.361082   0.014447
  2.361960   0.014384
  2.362839   0.014323
  2.363717   0.014261
  2.364595   0.014200
  2.365473   0.014139
  2.366351   0.014121
  2.367229   0.014159
  2.368108   0.014197
  2.368986   0.014235
  2.369864   0.014273
  2.370742   0.014312
  2.371620   0.014347
  2.372498   0.014327
  2.373377   0.014307
  2.374255   0.014286
  2.375133   0.014266
  2.376011   0.014246
  2.376889   0.014227
  2.377768   0.014223
  2.378646   0.014230
  2.379524   0.014237
  2.380402   0.014244
  2.381280   0.014251
  2.382158   0.014259
  2.383037   0.014258
  2.383915   0.014223
  2.384793   0.014188
  2.385671   0.014153
  2.386549   0.014118
  2.387427   0.014083
  2.388306   0.014049
  2.389184   0.014063
  2.390062   0.014099
  2.390940   0.014135
  2.391818   0.014171
  2.392697   0.014207
  2.393575   0.014244
  2.394453   0.014274
  2.395331   0.014273
  2.396209   0.014273
  2.397087   0.014272
  2.397966   0.014272
  2.398844   0.014271
  2.399722   0.014271
  2.400600   0.014269
  2.401478   0.014266
  2.402356   0.014263
  2.403235   0.014261
  2.404113   0.014258
  2.404991   0.014255
  2.405869   0.014252
  2.406747   0.014246
  2.407626   0.014241
  2.408504   0.014235
  2.409382   0.014230
  2.410260   0.014224
  2.411138   0.014218
  2.412016   0.014224
  2.412895   0.014244
  2.413773   0.014264
  2.414651   0.014284
  2.415529   0.014304
  2.416407   0.014324
  2.417285   0.014344
  2.418164   0.014308
  2.419042   0.014260
  2.419920   0.014213
  2.420798   0.014165
  2.421676   0.014118
  2.422555   0.014072
  2.423433   0.014046
  2.424311   0.014139
  2.425189   0.014233
  2.426067   0.014328
  2.426945   0.014424
  2.427824   0.014521
  2.428702   0.014619
  2.429580   0.014644
  2.430458   0.014576
  2.431336   0.014509
  2.432214   0.014442
  2.433093   0.014375
  2.433971   0.014309
  2.434849   0.014244
  2.435727   0.014224
  2.436605   0.014223
  2.437483   0.014222
  2.438362   0.014222
  2.439240   0.014221
  2.440118   0.014220
  2.440996   0.014219
  2.441874   0.014226
  2.442753   0.014236
  2.443631   0.014250
  2.444509   0.014275
  2.445387   0.014324
  2.446265   0.014408
  2.447143   0.014478
  2.448022   0.014310
  2.448900   0.014234
  2.449778   0.014198
  2.450656   0.014172
  2.451534   0.014149
  2.452412   0.014126
  2.453291   0.014136
  2.454169   0.014224
  2.455047   0.014314
  2.455925   0.014404
  2.456803   0.014494
  2.457682   0.014586
  2.458560   0.014678
  2.459438   0.014702
  2.460316   0.014636
  2.461194   0.014571
  2.462072   0.014505
  2.462951   0.014441
  2.463829   0.014376
  2.464707   0.014312
  2.465585   0.014266
  2.466463   0.014234
  2.467341   0.014202
  2.468220   0.014171
  2.469098   0.014140
  2.469976   0.014109
  2.470854   0.014078
  2.471732   0.014057
  2.472611   0.014044
  2.473489   0.014032
  2.474367   0.014024
  2.475245   0.014026
  2.476123   0.014053
  2.477001   0.014123
  2.477880   0.014125
  2.478758   0.014074
  2.479636   0.014031
  2.480514   0.013999
  2.481392   0.013974
  2.482270   0.013956
  2.483149   0.013943
  2.484027   0.013970
  2.484905   0.014026
  2.485783   0.014087
  2.486661   0.014149
  2.487540   0.014211
  2.488418   0.014275
  2.489296   0.014339
  2.490174   0.014338
  2.491052   0.014291
  2.491930   0.014244
  2.492809   0.014198
  2.493687   0.014151
  2.494565   0.014105
  2.495443   0.014059
  2.496321   0.014026
  2.497199   0.014005
  2.498078   0.013985
  2.498956   0.013966
  2.499834   0.013947
  2.500712   0.013930
  2.501590   0.013917
  2.502468   0.013912
  2.503347   0.013912
  2.504225   0.013912
  2.505103   0.013913
  2.505981   0.013913
  2.506859   0.013913
  2.507738   0.013913
  2.508616   0.013911
  2.509494   0.013898
  2.510372   0.013887
  2.511250   0.013877
  2.512128   0.013867
  2.513007   0.013860
  2.513885   0.013853
  2.514763   0.013847
  2.515641   0.013839
  2.516519   0.013835
  2.517397   0.013835
  2.518276   0.013835
  2.519154   0.013837
  2.520032   0.013839
  2.520910   0.013841
  2.521788   0.013842
  2.522667   0.013843
  2.523545   0.013844
  2.524423   0.013845
  2.525301   0.013846
  2.526179   0.013847
  2.527057   0.013849
  2.527936   0.013856
  2.528814   0.013867
  2.529692   0.013880
  2.530570   0.013893
  2.531448   0.013908
  2.532326   0.013923
  2.533205   0.013939
  2.534083   0.013941
  2.534961   0.013913
  2.535839   0.013896
  2.536717   0.013899
  2.537596   0.013935
  2.538474   0.014010
  2.539352   0.014120
  2.540230   0.014258
  2.541108   0.014138
  2.541986   0.014017
  2.542865   0.013914
  2.543743   0.013844
  2.544621   0.013806
  2.545499   0.013787
  2.546377   0.013778
  2.547255   0.013782
  2.548134   0.013795
  2.549012   0.013815
  2.549890   0.013841
  2.550768   0.013875
  2.551646   0.013916
  2.552525   0.013963
  2.553403   0.014002
  2.554281   0.014006
  2.555159   0.014030
  2.556037   0.014076
  2.556915   0.014148
  2.557794   0.014253
  2.558672   0.014393
  2.559550   0.014553
  2.560428   0.014595
  2.561306   0.014596
  2.562184   0.014596
  2.563063   0.014597
  2.563941   0.014597
  2.564819   0.014598
  2.565697   0.014599
  2.566575   0.014554
  2.567453   0.014391
  2.568332   0.014247
  2.569210   0.014134
  2.570088   0.014047
  2.570966   0.013979
  2.571844   0.013926
  2.572723   0.013886
  2.573601   0.013891
  2.574479   0.013910
  2.575357   0.013932
  2.576235   0.013957
  2.577113   0.013984
  2.577992   0.014013
  2.578870   0.014042
  2.579748   0.014056
  2.580626   0.013999
  2.581504   0.013945
  2.582382   0.013897
  2.583261   0.013857
  2.584139   0.013826
  2.585017   0.013804
  2.585895   0.013790
  2.586773   0.013791
  2.587652   0.013807
  2.588530   0.013831
  2.589408   0.013864
  2.590286   0.013906
  2.591164   0.013955
  2.592042   0.014010
  2.592921   0.014067
  2.593799   0.014050
  2.594677   0.014038
  2.595555   0.014045
  2.596433   0.014080
  2.597311   0.014149
  2.598190   0.014254
  2.599068   0.014390
  2.599946   0.014437
  2.600824   0.014233
  2.601702   0.014067
  2.602581   0.013943
  2.603459   0.013867
  2.604337   0.013831
  2.605215   0.013814
  2.606093   0.013803
  2.606971   0.013806
  2.607850   0.013818
  2.608728   0.013833
  2.609606   0.013850
  2.610484   0.013870
  2.611362   0.013893
  2.612240   0.013919
  2.613119   0.013947
  2.613997   0.013953
  2.614875   0.013953
  2.615753   0.013953
  2.616631   0.013953
  2.617510   0.013954
  2.618388   0.013955
  2.619266   0.013955
  2.620144   0.013956
  2.621022   0.013956
  2.621900   0.013968
  2.622779   0.013995
  2.623657   0.014037
  2.624535   0.014096
  2.625413   0.014176
  2.626291   0.014279
  2.627169   0.014392
  2.628048   0.014462
  2.628926   0.014533
  2.629804   0.014605
  2.630682   0.014677
  2.631560   0.014750
  2.632438   0.014823
  2.633317   0.014896
  2.634195   0.014911
  2.635073   0.014787
  2.635951   0.014663
  2.636829   0.014542
  2.637708   0.014422
  2.638586   0.014305
  2.639464   0.014193
  2.640342   0.014090
  2.641220   0.014040
  2.642098   0.014061
  2.642977   0.014083
  2.643855   0.014108
  2.644733   0.014133
  2.645611   0.014160
  2.646489   0.014187
  2.647367   0.014215
  2.648246   0.014182
  2.649124   0.014079
  2.650002   0.014001
  2.650880   0.013944
  2.651758   0.013907
  2.652637   0.013886
  2.653515   0.013878
  2.654393   0.013878
  2.655271   0.013878
  2.656149   0.013877
  2.657027   0.013883
  2.657906   0.013901
  2.658784   0.013934
  2.659662   0.013985
  2.660540   0.014056
  2.661418   0.014149
  2.662296   0.014189
  2.663175   0.014103
  2.664053   0.014029
  2.664931   0.013969
  2.665809   0.013923
  2.666687   0.013891
  2.667566   0.013872
  2.668444   0.013863
  2.669322   0.013863
  2.670200   0.013884
  2.671078   0.013922
  2.671956   0.013985
  2.672835   0.014074
  2.673713   0.014192
  2.674591   0.014346
  2.675469   0.014527
  2.676347   0.014688
  2.677225   0.014645
  2.678104   0.014603
  2.678982   0.014561
  2.679860   0.014521
  2.680738   0.014482
  2.681616   0.014446
  2.682494   0.014413
  2.683373   0.014386
  2.684251   0.014336
  2.685129   0.014288
  2.686007   0.014242
  2.686885   0.014198
  2.687764   0.014155
  2.688642   0.014113
  2.689520   0.014072
  2.690398   0.014032
  2.691276   0.013992
  2.692154   0.013959
  2.693033   0.013932
  2.693911   0.013911
  2.694789   0.013894
  2.695667   0.013881
  2.696545   0.013870
  2.697423   0.013862
  2.698302   0.013874
  2.699180   0.013911
  2.700058   0.013956
  2.700936   0.014010
  2.701814   0.014075
  2.702693   0.014154
  2.703571   0.014255
  2.704449   0.014376
  2.705327   0.014463
  2.706205   0.014312
  2.707083   0.014179
  2.707962   0.014071
  2.708840   0.013982
  2.709718   0.013910
  2.710596   0.013857
  2.711474   0.013822
  2.712352   0.013804
  2.713231   0.013805
  2.714109   0.013809
  2.714987   0.013813
  2.715865   0.013818
  2.716743   0.013824
  2.717622   0.013831
  2.718500   0.013839
  2.719378   0.013848
  2.720256   0.013862
  2.721134   0.013887
  2.722012   0.013921
  2.722891   0.013963
  2.723769   0.014013
  2.724647   0.014074
  2.725525   0.014148
  2.726403   0.014239
  2.727281   0.014348
  2.728160   0.014270
  2.729038   0.014194
  2.729916   0.014130
  2.730794   0.014078
  2.731672   0.014036
  2.732551   0.014006
  2.733429   0.013991
  2.734307   0.013996
  2.735185   0.014006
  2.736063   0.014002
  2.736941   0.014000
  2.737820   0.014000
  2.738698   0.014002
  2.739576   0.014006
  2.740454   0.014011
  2.741332   0.014017
  2.742210   0.014024
  2.743089   0.013989
  2.743967   0.013950
  2.744845   0.013913
  2.745723   0.013882
  2.746601   0.013858
  2.747479   0.013842
  2.748358   0.013830
  2.749236   0.013823
  2.750114   0.013819
  2.750992   0.013820
  2.751870   0.013824
  2.752749   0.013832
  2.753627   0.013848
  2.754505   0.013875
  2.755383   0.013918
  2.756261   0.013978
  2.757139   0.014054
  2.758018   0.014001
  2.758896   0.013915
  2.759774   0.013858
  2.760652   0.013825
  2.761530   0.013806
  2.762408   0.013796
  2.763287   0.013790
  2.764165   0.013787
  2.765043   0.013784
  2.765921   0.013790
  2.766799   0.013797
  2.767678   0.013806
  2.768556   0.013818
  2.769434   0.013831
  2.770312   0.013846
  2.771190   0.013862
  2.772068   0.013881
  2.772947   0.013905
  2.773825   0.013946
  2.774703   0.013991
  2.775581   0.014042
  2.776459   0.014100
  2.777337   0.014168
  2.778216   0.014248
  2.779094   0.014340
  2.779972   0.014441
  2.780850   0.014451
  2.781728   0.014372
  2.782607   0.014298
  2.783485   0.014233
  2.784363   0.014180
  2.785241   0.014143
  2.786119   0.014119
  2.786997   0.014105
  2.787876   0.014097
  2.788754   0.014104
  2.789632   0.014128
  2.790510   0.014181
  2.791388   0.014271
  2.792266   0.014389
  2.793145   0.014520
  2.794023   0.014658
  2.794901   0.014798
  2.795779   0.014941
  2.796657   0.014873
  2.797536   0.014754
  2.798414   0.014637
  2.799292   0.014521
  2.800170   0.014407
  2.801048   0.014296
  2.801926   0.014194
  2.802805   0.014109
  2.803683   0.014050
  2.804561   0.014078
  2.805439   0.014121
  2.806317   0.014169
  2.807195   0.014223
  2.808074   0.014281
  2.808952   0.014343
  2.809830   0.014408
  2.810708   0.014473
  2.811586   0.014540
  2.812464   0.014541
  2.813343   0.014544
  2.814221   0.014557
  2.815099   0.014579
  2.815977   0.014609
  2.816855   0.014645
  2.817734   0.014684
  2.818612   0.014726
  2.819490   0.014770
  2.820368   0.014715
  2.821246   0.014650
  2.822124   0.014590
  2.823003   0.014539
  2.823881   0.014503
  2.824759   0.014484
  2.825637   0.014483
  2.826515   0.014496
  2.827393   0.014518
  2.828272   0.014459
  2.829150   0.014379
  2.830028   0.014301
  2.830906   0.014224
  2.831784   0.014149
  2.832663   0.014076
  2.833541   0.014005
  2.834419   0.013940
  2.835297   0.013883
  2.836175   0.013851
  2.837053   0.013830
  2.837932   0.013815
  2.838810   0.013802
  2.839688   0.013793
  2.840566   0.013787
  2.841444   0.013782
  2.842322   0.013780
  2.843201   0.013778
  2.844079   0.013777
  2.844957   0.013775
  2.845835   0.013774
  2.846713   0.013773
  2.847592   0.013773
  2.848470   0.013774
  2.849348   0.013776
  2.850226   0.013779
  2.851104   0.013786
  2.851982   0.013793
  2.852861   0.013791
  2.853739   0.013790
  2.854617   0.013790
  2.855495   0.013789
  2.856373   0.013789
  2.857251   0.013790
  2.858130   0.013790
  2.859008   0.013791
  2.859886   0.013792
  2.860764   0.013797
  2.861642   0.013803
  2.862521   0.013810
  2.863399   0.013818
  2.864277   0.013828
  2.865155   0.013839
  2.866033   0.013854
  2.866911   0.013872
  2.867790   0.013895
  2.868668   0.013899
  2.869546   0.013892
  2.870424   0.013889
  2.871302   0.013889
  2.872180   0.013891
  2.873059   0.013896
  2.873937   0.013902
  2.874815   0.013909
  2.875693   0.013918
  2.876571   0.013922
  2.877449   0.013908
  2.878328   0.013896
  2.879206   0.013889
  2.880084   0.013889
  2.880962   0.013901
  2.881840   0.013931
  2.882719   0.013984
  2.883597   0.014057
  2.884475   0.014144
  2.885353   0.014145
  2.886231   0.014121
  2.887109   0.014097
  2.887988   0.014074
  2.888866   0.014051
  2.889744   0.014028
  2.890622   0.014005
  2.891500   0.013983
  2.892378   0.013961
  2.893257   0.013937
  2.894135   0.013906
  2.895013   0.013879
  2.895891   0.013856
  2.896769   0.013838
  2.897648   0.013824
  2.898526   0.013814
  2.899404   0.013809
  2.900282   0.013807
  2.901160   0.013811
  2.902038   0.013809
  2.902917   0.013805
  2.903795   0.013803
  2.904673   0.013803
  2.905551   0.013805
  2.906429   0.013808
  2.907307   0.013813
  2.908186   0.013819
  2.909064   0.013826
  2.909942   0.013835
  2.910820   0.013841
  2.911698   0.013849
  2.912577   0.013858
  2.913455   0.013867
  2.914333   0.013878
  2.915211   0.013889
  2.916089   0.013902
  2.916967   0.013917
  2.917846   0.013934
  2.918724   0.013932
  2.919602   0.013918
  2.920480   0.013918
  2.921358   0.013927
  2.922236   0.013940
  2.923115   0.013955
  2.923993   0.013971
  2.924871   0.013989
  2.925749   0.014006
  2.926627   0.014024
  2.927506   0.014037
  2.928384   0.014048
  2.929262   0.014059
  2.930140   0.014070
  2.931018   0.014082
  2.931896   0.014094
  2.932775   0.014106
  2.933653   0.014119
  2.934531   0.014133
  2.935409   0.014148
  2.936287   0.014072
  2.937165   0.014005
  2.938044   0.013955
  2.938922   0.013921
  2.939800   0.013899
  2.940678   0.013886
  2.941556   0.013879
  2.942434   0.013878
  2.943313   0.013883
  2.944191   0.013891
  2.945069   0.013872
  2.945947   0.013857
  2.946825   0.013844
  2.947704   0.013834
  2.948582   0.013828
  2.949460   0.013826
  2.950338   0.013828
  2.951216   0.013837
  2.952094   0.013854
  2.952973   0.013867
  2.953851   0.013829
  2.954729   0.013807
  2.955607   0.013794
  2.956485   0.013787
  2.957363   0.013783
  2.958242   0.013781
  2.959120   0.013781
  2.959998   0.013782
  2.960876   0.013783
  2.961754   0.013784
  2.962633   0.013780
  2.963511   0.013776
  2.964389   0.013774
  2.965267   0.013773
  2.966145   0.013772
  2.967023   0.013772
  2.967902   0.013773
  2.968780   0.013775
  2.969658   0.013780
  2.970536   0.013785
  2.971414   0.013782
  2.972292   0.013780
  2.973171   0.013778
  2.974049   0.013777
  2.974927   0.013776
  2.975805   0.013775
  2.976683   0.013774
  2.977562   0.013774
  2.978440   0.013774
  2.979318   0.013775
  2.980196   0.013776
  2.981074   0.013778
  2.981952   0.013780
  2.982831   0.013784
  2.983709   0.013788
  2.984587   0.013795
  2.985465   0.013803
  2.986343   0.013815
  2.987221   0.013831
  2.988100   0.013852
  2.988978   0.013830
  2.989856   0.013815
  2.990734   0.013803
  2.991612   0.013795
  2.992490   0.013790
  2.993369   0.013786
  2.994247   0.013784
  2.995125   0.013782
  2.996003   0.013781
  2.996881   0.013781
  2.997760   0.013789
  2.998638   0.013802
  2.999516   0.013819
  3.000394   0.013842
  3.001272   0.013870
  3.002150   0.013904
  3.003029   0.013944
  3.003907   0.013988
  3.004785   0.014034
  3.005663   0.014081
  3.006541   0.014082
  3.007419   0.014042
  3.008298   0.014003
  3.009176   0.013965
  3.010054   0.013929
  3.010932   0.013897
  3.011810   0.013868
  3.012689   0.013844
  3.013567   0.013823
  3.014445   0.013807
  3.015323   0.013796
  3.016201   0.013794
  3.017079   0.013791
  3.017958   0.013789
  3.018836   0.013788
  3.019714   0.013786
  3.020592   0.013785
  3.021470   0.013784
  3.022348   0.013784
  3.023227   0.013784
  3.024105   0.013786
  3.024983   0.013789
  3.025861   0.013794
  3.026739   0.013800
  3.027618   0.013806
  3.028496   0.013812
  3.029374   0.013820
  3.030252   0.013828
  3.031130   0.013837
  3.032008   0.013846
  3.032887   0.013857
  3.033765   0.013864
  3.034643   0.013866
  3.035521   0.013872
  3.036399   0.013880
  3.037277   0.013889
  3.038156   0.013900
  3.039034   0.013911
  3.039912   0.013924
  3.040790   0.013936
  3.041668   0.013950
  3.042547   0.013964
  3.043425   0.013941
  3.044303   0.013915
  3.045181   0.013896
  3.046059   0.013892
  3.046937   0.013929
  3.047816   0.014022
  3.048694   0.014156
  3.049572   0.014329
  3.050450   0.014532
  3.051328   0.014748
  3.052206   0.014838
  3.053085   0.014626
  3.053963   0.014423
  3.054841   0.014240
  3.055719   0.014095
  3.056597   0.013978
  3.057475   0.013889
  3.058354   0.013838
  3.059232   0.013820
  3.060110   0.013817
  3.060988   0.013819
  3.061866   0.013827
  3.062745   0.013839
  3.063623   0.013851
  3.064501   0.013865
  3.065379   0.013881
  3.066257   0.013899
  3.067135   0.013920
  3.068014   0.013943
  3.068892   0.013970
  3.069770   0.014001
  3.070648   0.014040
  3.071526   0.014038
  3.072404   0.014034
  3.073283   0.014030
  3.074161   0.014026
  3.075039   0.014022
  3.075917   0.014018
  3.076795   0.014014
  3.077674   0.014010
  3.078552   0.014007
  3.079430   0.014003
  3.080308   0.013998
  3.081186   0.013988
  3.082064   0.013981
  3.082943   0.013975
  3.083821   0.013970
  3.084699   0.013967
  3.085577   0.013964
  3.086455   0.013962
  3.087333   0.013961
  3.088212   0.013960
  3.089090   0.013960
  3.089968   0.013959
  3.090846   0.013956
  3.091724   0.013953
  3.092603   0.013951
  3.093481   0.013949
  3.094359   0.013947
  3.095237   0.013946
  3.096115   0.013944
  3.096993   0.013944
  3.097872   0.013944
  3.098750   0.013946
  3.099628   0.013948
  3.100506   0.013950
  3.101384   0.013955
  3.102262   0.013960
  3.103141   0.013966
  3.104019   0.013973
  3.104897   0.013980
  3.105775   0.013989
  3.106653   0.013998
  3.107532   0.014010
  3.108410   0.014024
  3.109288   0.014036
  3.110166   0.014053
  3.111044   0.014076
  3.111922   0.014103
  3.112801   0.014130
  3.113679   0.014157
  3.114557   0.014185
  3.115435   0.014213
  3.116313   0.014240
  3.117191   0.014268
  3.118070   0.014296
  3.118948   0.014307
  3.119826   0.014294
  3.120704   0.014282
  3.121582   0.014269
  3.122460   0.014257
  3.123339   0.014244
  3.124217   0.014232
  3.125095   0.014219
  3.125973   0.014207
  3.126851   0.014195
  3.127730   0.014182
  3.128608   0.014167
  3.129486   0.014147
  3.130364   0.014126
  3.131242   0.014106
  3.132120   0.014085
  3.132999   0.014065
  3.133877   0.014045
  3.134755   0.014025
  3.135633   0.014005
  3.136511   0.013985
  3.137389   0.013966
  3.138268   0.013955
  3.139146   0.013986
  3.140024   0.014018
  3.140902   0.014051
  3.141780   0.014084
  3.142659   0.014117
  3.143537   0.014151
  3.144415   0.014186
  3.145293   0.014224
  3.146171   0.014269
  3.147049   0.014329
  3.147928   0.014419
  3.148806   0.014399
  3.149684   0.014395
  3.150562   0.014409
  3.151440   0.014432
  3.152318   0.014457
  3.153197   0.014484
  3.154075   0.014511
  3.154953   0.014539
  3.155831   0.014567
  3.156709   0.014595
  3.157588   0.014622
  3.158466   0.014626
  3.159344   0.014613
  3.160222   0.014599
  3.161100   0.014586
  3.161978   0.014572
  3.162857   0.014559
  3.163735   0.014545
  3.164613   0.014532
  3.165491   0.014518
  3.166369   0.014505
  3.167247   0.014491
  3.168126   0.014473
  3.169004   0.014433
  3.169882   0.014392
  3.170760   0.014352
  3.171638   0.014312
  3.172517   0.014273
  3.173395   0.014233
  3.174273   0.014194
  3.175151   0.014154
  3.176029   0.014115
  3.176907   0.014077
  3.177786   0.014038
  3.178664   0.014061
  3.179542   0.014109
  3.180420   0.014157
  3.181298   0.014206
  3.182176   0.014254
  3.183055   0.014303
  3.183933   0.014353
  3.184811   0.014402
  3.185689   0.014452
  3.186567   0.014502
  3.187445   0.014552
  3.188324   0.014586
  3.189202   0.014547
  3.190080   0.014508
  3.190958   0.014469
  3.191836   0.014431
  3.192715   0.014392
  3.193593   0.014354
  3.194471   0.014316
  3.195349   0.014278
  3.196227   0.014240
  3.197105   0.014202
  3.197984   0.014164
  3.198862   0.014167
  3.199740   0.014199
  3.200618   0.014231
  3.201496   0.014264
  3.202374   0.014297
  3.203253   0.014329
  3.204131   0.014362
  3.205009   0.014395
  3.205887   0.014429
  3.206765   0.014462
  3.207644   0.014495
  3.208522   0.014529
  3.209400   0.014519
  3.210278   0.014503
  3.211156   0.014487
  3.212034   0.014472
  3.212913   0.014456
  3.213791   0.014440
  3.214669   0.014425
  3.215547   0.014409
  3.216425   0.014394
  3.217303   0.014378
  3.218182   0.014363
  3.219060   0.014346
  3.219938   0.014323
  3.220816   0.014299
  3.221694   0.014276
  3.222573   0.014253
  3.223451   0.014229
  3.224329   0.014206
  3.225207   0.014183
  3.226085   0.014160
  3.226963   0.014137
  3.227842   0.014114
  3.228720   0.014091
  3.229598   0.014081
  3.230476   0.014106
  3.231354   0.014130
  3.232232   0.014154
  3.233111   0.014178
  3.233989   0.014203
  3.234867   0.014227
  3.235745   0.014252
  3.236623   0.014276
  3.237502   0.014301
  3.238380   0.014326
  3.239258   0.014351
  3.240136   0.014359
  3.241014   0.014339
  3.241892   0.014319
  3.242771   0.014300
  3.243649   0.014280
  3.244527   0.014261
  3.245405   0.014242
  3.246283   0.014223
  3.247161   0.014205
  3.248040   0.014187
  3.248918   0.014169
  3.249796   0.014152
  3.250674   0.014143
  3.251552   0.014146
  3.252430   0.014148
  3.253309   0.014151
  3.254187   0.014154
  3.255065   0.014157
  3.255943   0.014160
  3.256821   0.014163
  3.257700   0.014166
  3.258578   0.014169
  3.259456   0.014172
  3.260334   0.014175
  3.261212   0.014185
  3.262090   0.014212
  3.262969   0.014240
  3.263847   0.014268
  3.264725   0.014297
  3.265603   0.014325
  3.266481   0.014354
  3.267359   0.014383
  3.268238   0.014412
  3.269116   0.014441
  3.269994   0.014470
  3.270872   0.014499
  3.271750   0.014522
  3.272629   0.014510
  3.273507   0.014497
  3.274385   0.014485
  3.275263   0.014473
  3.276141   0.014461
  3.277019   0.014449
  3.277898   0.014436
  3.278776   0.014424
  3.279654   0.014412
  3.280532   0.014400
  3.281410   0.014388
  3.282288   0.014376
  3.283167   0.014357
  3.284045   0.014337
  3.284923   0.014317
  3.285801   0.014298
  3.286679   0.014278
  3.287558   0.014259
  3.288436   0.014239
  3.289314   0.014220
  3.290192   0.014200
  3.291070   0.014181
  3.291948   0.014162
  3.292827   0.014142
  3.293705   0.014142
  3.294583   0.014152
  3.295461   0.014163
  3.296339   0.014173
  3.297217   0.014184
  3.298096   0.014195
  3.298974   0.014205
  3.299852   0.014216
  3.300730   0.014226
  3.301608   0.014237
  3.302486   0.014248
  3.303365   0.014258
  3.304243   0.014259
  3.305121   0.014231
  3.305999   0.014204
  3.306877   0.014180
  3.307756   0.014158
  3.308634   0.014138
  3.309512   0.014120
  3.310390   0.014104
  3.311268   0.014089
  3.312146   0.014076
  3.313025   0.014064
  3.313903   0.014053
  3.314781   0.014043
  3.315659   0.014074
  3.316537   0.014122
  3.317415   0.014177
  3.318294   0.014243
  3.319172   0.014321
  3.320050   0.014407
  3.320928   0.014501
  3.321806   0.014599
  3.322685   0.014700
  3.323563   0.014802
  3.324441   0.014906
  3.325319   0.015010
  3.326197   0.015086
  3.327075   0.015052
  3.327954   0.015017
  3.328832   0.014983
  3.329710   0.014949
  3.330588   0.014915
  3.331466   0.014881
  3.332344   0.014847
  3.333223   0.014813
  3.334101   0.014779
  3.334979   0.014745
  3.335857   0.014712
  3.336735   0.014678
  3.337614   0.014657
  3.338492   0.014647
  3.339370   0.014636
  3.340248   0.014625
  3.341126   0.014614
  3.342004   0.014603
  3.342883   0.014593
  3.343761   0.014582
  3.344639   0.014571
  3.345517   0.014561
  3.346395   0.014550
  3.347273   0.014539
  3.348152   0.014528
  3.349030   0.014514
  3.349908   0.014499
  3.350786   0.014483
  3.351664   0.014468
  3.352543   0.014453
  3.353421   0.014438
  3.354299   0.014423
  3.355177   0.014408
  3.356055   0.014393
  3.356933   0.014378
  3.357812   0.014363
  3.358690   0.014348
  3.359568   0.014334
  3.360446   0.014340
  3.361324   0.014346
  3.362202   0.014352
  3.363081   0.014359
  3.363959   0.014365
  3.364837   0.014371
  3.365715   0.014378
  3.366593   0.014384
  3.367471   0.014390
  3.368350   0.014397
  3.369228   0.014403
  3.370106   0.014409
  3.370984   0.014412
  3.371862   0.014393
  3.372741   0.014373
  3.373619   0.014354
  3.374497   0.014334
  3.375375   0.014315
  3.376253   0.014296
  3.377131   0.014277
  3.378010   0.014258
  3.378888   0.014238
  3.379766   0.014220
  3.380644   0.014201
  3.381522   0.014183
  3.382400   0.014168
  3.383279   0.014167
  3.384157   0.014167
  3.385035   0.014167
  3.385913   0.014167
  3.386791   0.014167
  3.387670   0.014167
  3.388548   0.014167
  3.389426   0.014167
  3.390304   0.014167
  3.391182   0.014167
  3.392060   0.014167
  3.392939   0.014167
  3.393817   0.014169
  3.394695   0.014192
  3.395573   0.014216
  3.396451   0.014240
  3.397329   0.014265
  3.398208   0.014289
  3.399086   0.014313
  3.399964   0.014338
  3.400842   0.014362
  3.401720   0.014387
  3.402599   0.014411
  3.403477   0.014436
  3.404355   0.014461
  3.405233   0.014486
  3.406111   0.014478
  3.406989   0.014468
  3.407868   0.014457
  3.408746   0.014447
  3.409624   0.014436
  3.410502   0.014426
  3.411380   0.014416
  3.412258   0.014405
  3.413137   0.014395
  3.414015   0.014385
  3.414893   0.014374
  3.415771   0.014364
  3.416649   0.014354
  3.417528   0.014341
  3.418406   0.014328
  3.419284   0.014314
  3.420162   0.014301
  3.421040   0.014288
  3.421918   0.014275
  3.422797   0.014262
  3.423675   0.014249
  3.424553   0.014236
  3.425431   0.014224
  3.426309   0.014212
  3.427187   0.014200
  3.428066   0.014188
  3.428944   0.014182
  3.429822   0.014186
  3.430700   0.014191
  3.431578   0.014195
  3.432456   0.014200
  3.433335   0.014205
  3.434213   0.014210
  3.435091   0.014215
  3.435969   0.014220
  3.436847   0.014225
  3.437726   0.014230
  3.438604   0.014235
  3.439482   0.014240
  3.440360   0.014245
  3.441238   0.014242
  3.442116   0.014238
  3.442995   0.014234
  3.443873   0.014230
  3.444751   0.014226
  3.445629   0.014223
  3.446507   0.014219
  3.447385   0.014216
  3.448264   0.014214
  3.449142   0.014213
  3.450020   0.014214
  3.450898   0.014219
  3.451776   0.014228
  3.452655   0.014231
  3.453533   0.014233
  3.454411   0.014246
  3.455289   0.014265
  3.456167   0.014286
  3.457045   0.014307
  3.457924   0.014329
  3.458802   0.014351
  3.459680   0.014373
  3.460558   0.014395
  3.461436   0.014418
  3.462314   0.014440
  3.463193   0.014462
  3.464071   0.014485
  3.464949   0.014504
  3.465827   0.014521
  3.466705   0.014539
  3.467584   0.014557
  3.468462   0.014575
  3.469340   0.014592
  3.470218   0.014610
  3.471096   0.014628
  3.471974   0.014646
  3.472853   0.014664
  3.473731   0.014682
  3.474609   0.014700
  3.475487   0.014718
  3.476365   0.014733
  3.477243   0.014689
  3.478122   0.014645
  3.479000   0.014602
  3.479878   0.014558
  3.480756   0.014515
  3.481634   0.014472
  3.482513   0.014429
  3.483391   0.014386
  3.484269   0.014343
  3.485147   0.014301
  3.486025   0.014259
  3.486903   0.014217
  3.487782   0.014175
  3.488660   0.014143
  3.489538   0.014143
  3.490416   0.014144
  3.491294   0.014144
  3.492172   0.014144
  3.493051   0.014144
  3.493929   0.014145
  3.494807   0.014145
  3.495685   0.014145
  3.496563   0.014146
  3.497441   0.014146
  3.498320   0.014146
  3.499198   0.014146
  3.500076   0.014147
  3.500954   0.014152
  3.501832   0.014169
  3.502711   0.014185
  3.503589   0.014201
  3.504467   0.014218
  3.505345   0.014234
  3.506223   0.014250
  3.507101   0.014267
  3.507980   0.014283
  3.508858   0.014300
  3.509736   0.014316
  3.510614   0.014333
  3.511492   0.014350
  3.512370   0.014366
  3.513249   0.014373
  3.514127   0.014358
  3.515005   0.014343
  3.515883   0.014328
  3.516761   0.014313
  3.517640   0.014298
  3.518518   0.014283
  3.519396   0.014268
  3.520274   0.014253
  3.521152   0.014238
  3.522030   0.014223
  3.522909   0.014208
  3.523787   0.014194
  3.524665   0.014179
  3.525543   0.014167
  3.526421   0.014167
  3.527299   0.014167
  3.528178   0.014166
  3.529056   0.014166
  3.529934   0.014166
  3.530812   0.014166
  3.531690   0.014165
  3.532569   0.014165
  3.533447   0.014165
  3.534325   0.014165
  3.535203   0.014164
  3.536081   0.014164
  3.536959   0.014164
  3.537838   0.014163
  3.538716   0.014163
  3.539594   0.014162
  3.540472   0.014162
  3.541350   0.014161
  3.542228   0.014160
  3.543107   0.014160
  3.543985   0.014159
  3.544863   0.014158
  3.545741   0.014158
  3.546619   0.014157
  3.547497   0.014157
  3.548376   0.014156
  3.549254   0.014155
  3.550132   0.014155
  3.551010   0.014156
  3.551888   0.014159
  3.552767   0.014162
  3.553645   0.014164
  3.554523   0.014167
  3.555401   0.014169
  3.556279   0.014172
  3.557157   0.014175
  3.558036   0.014177
  3.558914   0.014180
  3.559792   0.014182
  3.560670   0.014185
  3.561548   0.014188
  3.562426   0.014190
  3.563305   0.014187
  3.564183   0.014172
  3.565061   0.014156
  3.565939   0.014141
  3.566817   0.014125
  3.567696   0.014110
  3.568574   0.014095
  3.569452   0.014080
  3.570330   0.014064
  3.571208   0.014049
  3.572086   0.014034
  3.572965   0.014019
  3.573843   0.014004
  3.574721   0.013989
  3.575599   0.013975
  3.576477   0.013993
  3.577355   0.014018
  3.578234   0.014045
  3.579112   0.014071
  3.579990   0.014098
  3.580868   0.014125
  3.581746   0.014152
  3.582625   0.014179
  3.583503   0.014206
  3.584381   0.014233
  3.585259   0.014261
  3.586137   0.014288
  3.587015   0.014316
  3.587894   0.014343
  3.588772   0.014362
  3.589650   0.014347
  3.590528   0.014332
  3.591406   0.014317
  3.592284   0.014302
  3.593163   0.014287
  3.594041   0.014273
  3.594919   0.014258
  3.595797   0.014243
  3.596675   0.014228
  3.597554   0.014213
  3.598432   0.014199
  3.599310   0.014185
  3.600188   0.014171
  3.601066   0.014160
  3.601944   0.014160
  3.602823   0.014169
  3.603701   0.014179
  3.604579   0.014188
  3.605457   0.014197
  3.606335   0.014206
  3.607213   0.014216
  3.608092   0.014225
  3.608970   0.014235
  3.609848   0.014244
  3.610726   0.014254
  3.611604   0.014263
  3.612482   0.014273
  3.613361   0.014282
  3.614239   0.014292
  3.615117   0.014287
  3.615995   0.014277
  3.616873   0.014268
  3.617752   0.014260
  3.618630   0.014252
  3.619508   0.014245
  3.620386   0.014238
  3.621264   0.014232
  3.622142   0.014226
  3.623021   0.014219
  3.623899   0.014213
  3.624777   0.014207
  3.625655   0.014201
  3.626533   0.014195
  3.627411   0.014189
  3.628290   0.014190
  3.629168   0.014193
  3.630046   0.014195
  3.630924   0.014198
  3.631802   0.014201
  3.632681   0.014204
  3.633559   0.014207
  3.634437   0.014209
  3.635315   0.014212
  3.636193   0.014215
  3.637071   0.014218
  3.637950   0.014221
  3.638828   0.014223
  3.639706   0.014226
  3.640584   0.014229
  3.641462   0.014243
  3.642340   0.014262
  3.643219   0.014280
  3.644097   0.014299
  3.644975   0.014318
  3.645853   0.014337
  3.646731   0.014356
  3.647610   0.014375
  3.648488   0.014394
  3.649366   0.014413
  3.650244   0.014433
  3.651122   0.014452
  3.652000   0.014471
  3.652879   0.014490
  3.653757   0.014510
  3.654635   0.014508
  3.655513   0.014488
  3.656391   0.014468
  3.657269   0.014448
  3.658148   0.014428
  3.659026   0.014408
  3.659904   0.014389
  3.660782   0.014369
  3.661660   0.014349
  3.662539   0.014330
  3.663417   0.014310
  3.664295   0.014290
  3.665173   0.014271
  3.666051   0.014251
  3.666929   0.014232
  3.667808   0.014217
  3.668686   0.014212
  3.669564   0.014206
  3.670442   0.014201
  3.671320   0.014196
  3.672198   0.014191
  3.673077   0.014186
  3.673955   0.014181
  3.674833   0.014176
  3.675711   0.014171
  3.676589   0.014166
  3.677467   0.014161
  3.678346   0.014156
  3.679224   0.014150
  3.680102   0.014145
  3.680980   0.014140
  3.681858   0.014120
  3.682737   0.014098
  3.683615   0.014077
  3.684493   0.014055
  3.685371   0.014034
  3.686249   0.014013
  3.687127   0.013992
  3.688006   0.013971
  3.688884   0.013951
  3.689762   0.013932
  3.690640   0.013914
  3.691518   0.013897
  3.692396   0.013881
  3.693275   0.013866
  3.694153   0.013852
  3.695031   0.013850
  3.695909   0.013864
  3.696787   0.013879
  3.697666   0.013895
  3.698544   0.013913
  3.699422   0.013932
  3.700300   0.013951
  3.701178   0.013972
  3.702056   0.013993
  3.702935   0.014014
  3.703813   0.014036
  3.704691   0.014058
  3.705569   0.014080
  3.706447   0.014103
  3.707325   0.014125
  3.708204   0.014148
  3.709082   0.014150
  3.709960   0.014147
  3.710838   0.014144
  3.711716   0.014141
  3.712595   0.014138
  3.713473   0.014135
  3.714351   0.014132
  3.715229   0.014129
  3.716107   0.014127
  3.716985   0.014124
  3.717864   0.014121
  3.718742   0.014118
  3.719620   0.014115
  3.720498   0.014112
  3.721376   0.014109
  3.722254   0.014107
  3.723133   0.014111
  3.724011   0.014114
  3.724889   0.014118
  3.725767   0.014122
  3.726645   0.014125
  3.727524   0.014129
  3.728402   0.014133
  3.729280   0.014136
  3.730158   0.014140
  3.731036   0.014144
  3.731914   0.014147
  3.732793   0.014151
  3.733671   0.014155
  3.734549   0.014159
  3.735427   0.014162
  3.736305   0.014171
  3.737183   0.014195
  3.738062   0.014218
  3.738940   0.014242
  3.739818   0.014266
  3.740696   0.014290
  3.741574   0.014314
  3.742452   0.014338
  3.743331   0.014362
  3.744209   0.014386
  3.745087   0.014411
  3.745965   0.014435
  3.746843   0.014459
  3.747722   0.014484
  3.748600   0.014508
  3.749478   0.014533
  3.750356   0.014541
  3.751234   0.014510
  3.752112   0.014480
  3.752991   0.014449
  3.753869   0.014419
  3.754747   0.014389
  3.755625   0.014358
  3.756503   0.014328
  3.757381   0.014298
  3.758260   0.014269
  3.759138   0.014239
  3.760016   0.014209
  3.760894   0.014180
  3.761772   0.014151
  3.762651   0.014122
  3.763529   0.014093
  3.764407   0.014078
  3.765285   0.014107
  3.766163   0.014137
  3.767041   0.014168
  3.767920   0.014198
  3.768798   0.014229
  3.769676   0.014259
  3.770554   0.014290
  3.771432   0.014321
  3.772310   0.014353
  3.773189   0.014384
  3.774067   0.014415
  3.774945   0.014447
  3.775823   0.014479
  3.776701   0.014510
  3.777580   0.014542
  3.778458   0.014572
  3.779336   0.014529
  3.780214   0.014486
  3.781092   0.014444
  3.781970   0.014401
  3.782849   0.014359
  3.783727   0.014317
  3.784605   0.014275
  3.785483   0.014233
  3.786361   0.014191
  3.787239   0.014150
  3.788118   0.014109
  3.788996   0.014068
  3.789874   0.014027
  3.790752   0.013988
  3.791630   0.013950
  3.792509   0.013916
  3.793387   0.013901
  3.794265   0.013893
  3.795143   0.013885
  3.796021   0.013879
  3.796899   0.013872
  3.797778   0.013866
  3.798656   0.013860
  3.799534   0.013854
  3.800412   0.013848
  3.801290   0.013843
  3.802168   0.013838
  3.803047   0.013833
  3.803925   0.013829
  3.804803   0.013824
  3.805681   0.013820
  3.806559   0.013816
  3.807437   0.013813
  3.808316   0.013811
  3.809194   0.013809
  3.810072   0.013807
  3.810950   0.013805
  3.811828   0.013803
  3.812707   0.013801
  3.813585   0.013799
  3.814463   0.013798
  3.815341   0.013796
  3.816219   0.013795
  3.817097   0.013793
  3.817976   0.013792
  3.818854   0.013792
  3.819732   0.013791
  3.820610   0.013791
  3.821488   0.013792
  3.822366   0.013796
  3.823245   0.013802
  3.824123   0.013809
  3.825001   0.013816
  3.825879   0.013825
  3.826757   0.013835
  3.827636   0.013845
  3.828514   0.013858
  3.829392   0.013871
  3.830270   0.013886
  3.831148   0.013902
  3.832026   0.013919
  3.832905   0.013938
  3.833783   0.013958
  3.834661   0.013978
  3.835539   0.014000
  3.836417   0.014022
  3.837295   0.013970
  3.838174   0.013929
  3.839052   0.013898
  3.839930   0.013874
  3.840808   0.013855
  3.841686   0.013839
  3.842565   0.013827
  3.843443   0.013816
  3.844321   0.013808
  3.845199   0.013800
  3.846077   0.013793
  3.846955   0.013788
  3.847834   0.013783
  3.848712   0.013779
  3.849590   0.013775
  3.850468   0.013772
  3.851346   0.013770
  3.852224   0.013775
  3.853103   0.013781
  3.853981   0.013789
  3.854859   0.013799
  3.855737   0.013811
  3.856615   0.013825
  3.857493   0.013842
  3.858372   0.013863
  3.859250   0.013886
  3.860128   0.013913
  3.861006   0.013942
  3.861884   0.013973
  3.862763   0.014006
  3.863641   0.014040
  3.864519   0.014074
  3.865397   0.014109
  3.866275   0.014133
  3.867153   0.014120
  3.868032   0.014106
  3.868910   0.014093
  3.869788   0.014079
  3.870666   0.014066
  3.871544   0.014053
  3.872422   0.014039
  3.873301   0.014026
  3.874179   0.014013
  3.875057   0.014000
  3.875935   0.013987
  3.876813   0.013974
  3.877692   0.013962
  3.878570   0.013950
  3.879448   0.013938
  3.880326   0.013926
  3.881204   0.013915
  3.882082   0.013907
  3.882961   0.013899
  3.883839   0.013891
  3.884717   0.013884
  3.885595   0.013877
  3.886473   0.013870
  3.887351   0.013863
  3.888230   0.013857
  3.889108   0.013850
  3.889986   0.013845
  3.890864   0.013839
  3.891742   0.013834
  3.892621   0.013829
  3.893499   0.013824
  3.894377   0.013819
  3.895255   0.013815
  3.896133   0.013811
  3.897011   0.013815
  3.897890   0.013819
  3.898768   0.013824
  3.899646   0.013829
  3.900524   0.013834
  3.901402   0.013840
  3.902280   0.013845
  3.903159   0.013852
  3.904037   0.013858
  3.904915   0.013865
  3.905793   0.013872
  3.906671   0.013879
  3.907550   0.013887
  3.908428   0.013895
  3.909306   0.013903
  3.910184   0.013912
  3.911062   0.013921
  3.911940   0.013921
  3.912819   0.013916
  3.913697   0.013910
  3.914575   0.013905
  3.915453   0.013900
  3.916331   0.013895
  3.917209   0.013890
  3.918088   0.013885
  3.918966   0.013880
  3.919844   0.013875
  3.920722   0.013871
  3.921600   0.013866
  3.922478   0.013862
  3.923357   0.013858
  3.924235   0.013854
  3.925113   0.013850
  3.925991   0.013846
  3.926869   0.013842
  3.927748   0.013838
  3.928626   0.013835
  3.929504   0.013832
  3.930382   0.013828
  3.931260   0.013825
  3.932138   0.013822
  3.933017   0.013819
  3.933895   0.013816
  3.934773   0.013814
  3.935651   0.013811
  3.936529   0.013808
  3.937407   0.013806
  3.938286   0.013804
  3.939164   0.013802
  3.940042   0.013799
  3.940920   0.013797
  3.941798   0.013795
  3.942677   0.013796
  3.943555   0.013798
  3.944433   0.013802
  3.945311   0.013805
  3.946189   0.013808
  3.947067   0.013812
  3.947946   0.013816
  3.948824   0.013820
  3.949702   0.013824
  3.950580   0.013829
  3.951458   0.013834
  3.952336   0.013839
  3.953215   0.013844
  3.954093   0.013850
  3.954971   0.013856
  3.955849   0.013862
  3.956727   0.013868
  3.957606   0.013875
  3.958484   0.013875
  3.959362   0.013872
  3.960240   0.013869
  3.961118   0.013866
  3.961996   0.013863
  3.962875   0.013860
  3.963753   0.013857
  3.964631   0.013854
  3.965509   0.013851
  3.966387   0.013848
  3.967265   0.013846
  3.968144   0.013843
  3.969022   0.013841
  3.969900   0.013838
  3.970778   0.013836
  3.971656   0.013833
  3.972535   0.013831
  3.973413   0.013829
  3.974291   0.013833
  3.975169   0.013839
  3.976047   0.013846
  3.976925   0.013854
  3.977804   0.013862
  3.978682   0.013870
  3.979560   0.013879
  3.980438   0.013888
  3.981316   0.013897
  3.982194   0.013907
  3.983073   0.013917
  3.983951   0.013928
  3.984829   0.013939
  3.985707   0.013951
  3.986585   0.013962
  3.987463   0.013974
  3.988342   0.013987
  3.989220   0.013999
  3.990098   0.014007
  3.990976   0.014012
  3.991854   0.014017
  3.992733   0.014022
  3.993611   0.014028
  3.994489   0.014033
  3.995367   0.014039
  3.996245   0.014045
  3.997123   0.014051
  3.998002   0.014057
  3.998880   0.014064
  3.999758   0.014070
  4.000636   0.014077
  4.001514   0.014084
  4.002392   0.014092
  4.003271   0.014099
  4.004149   0.014108
  4.005027   0.014117
  4.005905   0.014122
  4.006783   0.014123
  4.007662   0.014125
  4.008540   0.014127
  4.009418   0.014129
  4.010296   0.014132
  4.011174   0.014135
  4.012052   0.014139
  4.012931   0.014143
  4.013809   0.014148
  4.014687   0.014153
  4.015565   0.014158
  4.016443   0.014164
  4.017321   0.014170
  4.018200   0.014176
  4.019078   0.014183
  4.019956   0.014191
  4.020834   0.014199
  4.021712   0.014187
  4.022591   0.014104
  4.023469   0.014046
  4.024347   0.014005
  4.025225   0.013974
  4.026103   0.013949
  4.026981   0.013928
  4.027860   0.013909
  4.028738   0.013891
  4.029616   0.013875
  4.030494   0.013860
  4.031372   0.013847
  4.032250   0.013835
  4.033129   0.013824
  4.034007   0.013815
  4.034885   0.013807
  4.035763   0.013800
  4.036641   0.013793
  4.037520   0.013788
  4.038398   0.013788
  4.039276   0.013789
  4.040154   0.013791
  4.041032   0.013792
  4.041910   0.013794
  4.042789   0.013796
  4.043667   0.013798
  4.044545   0.013800
  4.045423   0.013801
  4.046301   0.013804
  4.047179   0.013806
  4.048058   0.013808
  4.048936   0.013810
  4.049814   0.013813
  4.050692   0.013815
  4.051570   0.013818
  4.052448   0.013821
  4.053327   0.013823
  4.054205   0.013826
  4.055083   0.013825
  4.055961   0.013824
  4.056839   0.013823
  4.057718   0.013822
  4.058596   0.013822
  4.059474   0.013821
  4.060352   0.013820
  4.061230   0.013819
  4.062108   0.013818
  4.062987   0.013817
  4.063865   0.013817
  4.064743   0.013816
  4.065621   0.013815
  4.066499   0.013814
  4.067377   0.013813
  4.068256   0.013813
  4.069134   0.013812
  4.070012   0.013811
  4.070890   0.013810
  4.071768   0.013808
  4.072647   0.013806
  4.073525   0.013804
  4.074403   0.013802
  4.075281   0.013800
  4.076159   0.013798
  4.077037   0.013796
  4.077916   0.013794
  4.078794   0.013793
  4.079672   0.013791
  4.080550   0.013790
  4.081428   0.013788
  4.082306   0.013787
  4.083185   0.013785
  4.084063   0.013784
  4.084941   0.013783
  4.085819   0.013781
  4.086697   0.013780
  4.087576   0.013780
  4.088454   0.013783
  4.089332   0.013786
  4.090210   0.013790
  4.091088   0.013794
  4.091966   0.013798
  4.092845   0.013803
  4.093723   0.013808
  4.094601   0.013814
  4.095479   0.013820
  4.096357   0.013827
  4.097235   0.013834
  4.098114   0.013842
  4.098992   0.013850
  4.099870   0.013859
  4.100748   0.013868
  4.101626   0.013879
  4.102505   0.013889
  4.103383   0.013900
  4.104261   0.013906
  4.105139   0.013890
  4.106017   0.013876
  4.106895   0.013862
  4.107774   0.013850
  4.108652   0.013838
  4.109530   0.013828
  4.110408   0.013819
  4.111286   0.013811
  4.112164   0.013803
  4.113043   0.013797
  4.113921   0.013791
  4.114799   0.013786
  4.115677   0.013782
  4.116555   0.013778
  4.117433   0.013775
  4.118312   0.013772
  4.119190   0.013770
  4.120068   0.013768
  4.120946   0.013767
  4.121824   0.013766
  4.122703   0.013765
  4.123581   0.013764
  4.124459   0.013763
  4.125337   0.013763
  4.126215   0.013762
  4.127093   0.013762
  4.127972   0.013761
  4.128850   0.013761
  4.129728   0.013761
  4.130606   0.013760
  4.131484   0.013760
  4.132362   0.013760
  4.133241   0.013759
  4.134119   0.013759
  4.134997   0.013759
  4.135875   0.013759
  4.136753   0.013758
  4.137632   0.013758
  4.138510   0.013758
  4.139388   0.013759
  4.140266   0.013759
  4.141144   0.013759
  4.142022   0.013760
  4.142901   0.013760
  4.143779   0.013760
  4.144657   0.013761
  4.145535   0.013761
  4.146413   0.013762
  4.147291   0.013762
  4.148170   0.013762
  4.149048   0.013763
  4.149926   0.013764
  4.150804   0.013764
  4.151682   0.013765
  4.152561   0.013765
  4.153439   0.013766
  4.154317   0.013767
  4.155195   0.013767
  4.156073   0.013771
  4.156951   0.013775
  4.157830   0.013781
  4.158708   0.013788
  4.159586   0.013796
  4.160464   0.013806
  4.161342   0.013818
  4.162220   0.013832
  4.163099   0.013849
  4.163977   0.013868
  4.164855   0.013889
  4.165733   0.013913
  4.166611   0.013939
  4.167489   0.013967
  4.168368   0.013995
  4.169246   0.014025
  4.170124   0.014055
  4.171002   0.014085
  4.171880   0.014116
  4.172759   0.014134
  4.173637   0.014106
  4.174515   0.014078
  4.175393   0.014051
  4.176271   0.014024
  4.177149   0.013998
  4.178028   0.013975
  4.178906   0.013954
  4.179784   0.013938
  4.180662   0.013927
  4.181540   0.013921
  4.182418   0.013922
  4.183297   0.013927
  4.184175   0.013938
  4.185053   0.013952
  4.185931   0.013968
  4.186809   0.013987
  4.187688   0.014007
  4.188566   0.014027
  4.189444   0.014047
  4.190322   0.014059
  4.191200   0.014051
  4.192078   0.014043
  4.192957   0.014035
  4.193835   0.014027
  4.194713   0.014019
  4.195591   0.014011
  4.196469   0.014003
  4.197347   0.013996
  4.198226   0.013989
  4.199104   0.013983
  4.199982   0.013977
  4.200860   0.013971
  4.201738   0.013967
  4.202617   0.013964
  4.203495   0.013961
  4.204373   0.013960
  4.205251   0.013960
  4.206129   0.013962
  4.207007   0.013966
  4.207886   0.013964
  4.208764   0.013946
  4.209642   0.013935
  4.210520   0.013931
  4.211398   0.013930
  4.212276   0.013933
  4.213155   0.013939
  4.214033   0.013946
  4.214911   0.013954
  4.215789   0.013962
  4.216667   0.013971
  4.217546   0.013980
  4.218424   0.013989
  4.219302   0.013999
  4.220180   0.014008
  4.221058   0.014017
  4.221936   0.014026
  4.222815   0.014035
  4.223693   0.014044
  4.224571   0.014052
  4.225449   0.014061
  4.226327   0.014055
  4.227205   0.014049
  4.228084   0.014042
  4.228962   0.014036
  4.229840   0.014030
  4.230718   0.014023
  4.231596   0.014017
  4.232474   0.014010
  4.233353   0.014004
  4.234231   0.013998
  4.235109   0.013993
  4.235987   0.013990
  4.236865   0.013993
  4.237744   0.014006
  4.238622   0.014038
  4.239500   0.014096
  4.240378   0.014181
  4.241256   0.014287
  4.242134   0.014406
  4.243013   0.014531
  4.243891   0.014546
  4.244769   0.014471
  4.245647   0.014398
  4.246525   0.014331
  4.247403   0.014281
  4.248282   0.014263
  4.249160   0.014286
  4.250038   0.014342
  4.250916   0.014419
  4.251794   0.014508
  4.252673   0.014603
  4.253551   0.014702
  4.254429   0.014804
  4.255307   0.014906
  4.256185   0.015009
  4.257063   0.015112
  4.257942   0.015215
  4.258820   0.015314
  4.259698   0.015409
  4.260576   0.015494
  4.261454   0.015565
  4.262332   0.015552
  4.263211   0.015535
  4.264089   0.015518
  4.264967   0.015499
  4.265845   0.015479
  4.266723   0.015459
  4.267602   0.015438
  4.268480   0.015416
  4.269358   0.015394
  4.270236   0.015371
  4.271114   0.015348
  4.271992   0.015324
  4.272871   0.015300
  4.273749   0.015276
  4.274627   0.015252
  4.275505   0.015227
  4.276383   0.015202
  4.277261   0.015177
  4.278140   0.015152
  4.279018   0.015127
  4.279896   0.015092
  4.280774   0.015017
  4.281652   0.014942
  4.282531   0.014867
  4.283409   0.014793
  4.284287   0.014719
  4.285165   0.014646
  4.286043   0.014574
  4.286921   0.014504
  4.287800   0.014436
  4.288678   0.014371
  4.289556   0.014310
  4.290434   0.014254
  4.291312   0.014204
  4.292190   0.014160
  4.293069   0.014121
  4.293947   0.014086
  4.294825   0.014053
  4.295703   0.014022
  4.296581   0.013992
  4.297459   0.013962
  4.298338   0.013942
  4.299216   0.013948
  4.300094   0.013955
  4.300972   0.013961
  4.301850   0.013969
  4.302729   0.013976
  4.303607   0.013985
  4.304485   0.013993
  4.305363   0.014003
  4.306241   0.014013
  4.307119   0.014023
  4.307998   0.014035
  4.308876   0.014048
  4.309754   0.014062
  4.310632   0.014077
  4.311510   0.014094
  4.312388   0.014112
  4.313267   0.014132
  4.314145   0.014153
  4.315023   0.014176
  4.315901   0.014201
  4.316779   0.014224
  4.317658   0.014231
  4.318536   0.014241
  4.319414   0.014253
  4.320292   0.014266
  4.321170   0.014282
  4.322048   0.014298
  4.322927   0.014315
  4.323805   0.014333
  4.324683   0.014352
  4.325561   0.014370
  4.326439   0.014389
  4.327317   0.014409
  4.328196   0.014428
  4.329074   0.014448
  4.329952   0.014467
  4.330830   0.014487
  4.331708   0.014507
  4.332587   0.014527
  4.333465   0.014547
  4.334343   0.014567
  4.335221   0.014587
  4.336099   0.014557
  4.336977   0.014517
  4.337856   0.014477
  4.338734   0.014438
  4.339612   0.014399
  4.340490   0.014362
  4.341368   0.014327
  4.342246   0.014293
  4.343125   0.014261
  4.344003   0.014231
  4.344881   0.014203
  4.345759   0.014177
  4.346637   0.014154
  4.347516   0.014132
  4.348394   0.014112
  4.349272   0.014094
  4.350150   0.014077
  4.351028   0.014061
  4.351906   0.014046
  4.352785   0.014031
  4.353663   0.014017
  4.354541   0.014008
  4.355419   0.014008
  4.356297   0.014008
  4.357175   0.014008
  4.358054   0.014008
  4.358932   0.014007
  4.359810   0.014007
  4.360688   0.014007
  4.361566   0.014007
  4.362444   0.014007
  4.363323   0.014007
  4.364201   0.014008
  4.365079   0.014008
  4.365957   0.014008
  4.366835   0.014008
  4.367714   0.014008
  4.368592   0.014008
  4.369470   0.014009
  4.370348   0.014009
  4.371226   0.014010
  4.372104   0.014011
  4.372983   0.014011
  4.373861   0.014008
  4.374739   0.014002
  4.375617   0.013995
  4.376495   0.013989
  4.377373   0.013983
  4.378252   0.013977
  4.379130   0.013971
  4.380008   0.013965
  4.380886   0.013959
  4.381764   0.013953
  4.382643   0.013947
  4.383521   0.013941
  4.384399   0.013936
  4.385277   0.013930
  4.386155   0.013924
  4.387033   0.013918
  4.387912   0.013913
  4.388790   0.013907
  4.389668   0.013902
  4.390546   0.013896
  4.391424   0.013891
  4.392302   0.013886
  4.393181   0.013887
  4.394059   0.013890
  4.394937   0.013894
  4.395815   0.013897
  4.396693   0.013901
  4.397572   0.013904
  4.398450   0.013908
  4.399328   0.013911
  4.400206   0.013915
  4.401084   0.013918
  4.401962   0.013922
  4.402841   0.013926
  4.403719   0.013929
  4.404597   0.013933
  4.405475   0.013937
  4.406353   0.013941
  4.407231   0.013945
  4.408110   0.013948
  4.408988   0.013952
  4.409866   0.013956
  4.410744   0.013960
  4.411622   0.013964
  4.412501   0.013971
  4.413379   0.013980
  4.414257   0.013989
  4.415135   0.013999
  4.416013   0.014009
  4.416891   0.014019
  4.417770   0.014030
  4.418648   0.014041
  4.419526   0.014053
  4.420404   0.014066
  4.421282   0.014080
  4.422160   0.014094
  4.423039   0.014109
  4.423917   0.014125
  4.424795   0.014142
  4.425673   0.014159
  4.426551   0.014178
  4.427429   0.014198
  4.428308   0.014219
  4.429186   0.014241
  4.430064   0.014264
  4.430942   0.014288
  4.431820   0.014298
  4.432699   0.014289
  4.433577   0.014280
  4.434455   0.014272
  4.435333   0.014263
  4.436211   0.014254
  4.437089   0.014245
  4.437968   0.014237
  4.438846   0.014228
  4.439724   0.014219
  4.440602   0.014210
  4.441480   0.014202
  4.442358   0.014193
  4.443237   0.014184
  4.444115   0.014176
  4.444993   0.014167
  4.445871   0.014158
  4.446749   0.014150
  4.447628   0.014141
  4.448506   0.014132
  4.449384   0.014124
  4.450262   0.014115
  4.451140   0.014106
  4.452018   0.014132
  4.452897   0.014158
  4.453775   0.014185
  4.454653   0.014212
  4.455531   0.014239
  4.456409   0.014266
  4.457287   0.014293
  4.458166   0.014321
  4.459044   0.014348
  4.459922   0.014376
  4.460800   0.014403
  4.461678   0.014431
  4.462557   0.014458
  4.463435   0.014486
  4.464313   0.014514
  4.465191   0.014542
  4.466069   0.014570
  4.466947   0.014598
  4.467826   0.014626
  4.468704   0.014654
  4.469582   0.014683
  4.470460   0.014711
  4.471338   0.014728
  4.472216   0.014720
  4.473095   0.014711
  4.473973   0.014703
  4.474851   0.014695
  4.475729   0.014686
  4.476607   0.014678
  4.477485   0.014670
  4.478364   0.014661
  4.479242   0.014653
  4.480120   0.014645
  4.480998   0.014636
  4.481876   0.014628
  4.482755   0.014620
  4.483633   0.014611
  4.484511   0.014603
  4.485389   0.014595
  4.486267   0.014586
  4.487145   0.014578
  4.488024   0.014570
  4.488902   0.014561
  4.489780   0.014553
  4.490658   0.014545
  4.491536   0.014538
  4.492414   0.014532
  4.493293   0.014526
  4.494171   0.014519
  4.495049   0.014513
  4.495927   0.014507
  4.496805   0.014501
  4.497684   0.014495
  4.498562   0.014489
  4.499440   0.014483
  4.500318   0.014477
  4.501196   0.014471
  4.502074   0.014465
  4.502953   0.014459
  4.503831   0.014453
  4.504709   0.014447
  4.505587   0.014441
  4.506465   0.014435
  4.507343   0.014429
  4.508222   0.014423
  4.509100   0.014417
  4.509978   0.014411
  4.510856   0.014405
  4.511734   0.014402
  4.512613   0.014405
  4.513491   0.014407
  4.514369   0.014410
  4.515247   0.014412
  4.516125   0.014415
  4.517003   0.014417
  4.517882   0.014420
  4.518760   0.014422
  4.519638   0.014425
  4.520516   0.014427
  4.521394   0.014429
  4.522272   0.014432
  4.523151   0.014434
  4.524029   0.014437
  4.524907   0.014439
  4.525785   0.014442
  4.526663   0.014444
  4.527542   0.014447
  4.528420   0.014449
  4.529298   0.014452
  4.530176   0.014454
  4.531054   0.014457
  4.531932   0.014456
  4.532811   0.014413
  4.533689   0.014370
  4.534567   0.014328
  4.535445   0.014285
  4.536323   0.014244
  4.537201   0.014202
  4.538080   0.014162
  4.538958   0.014122
  4.539836   0.014083
  4.540714   0.014046
  4.541592   0.014011
  4.542470   0.013979
  4.543349   0.013950
  4.544227   0.013925
  4.545105   0.013904
  4.545983   0.013886
  4.546861   0.013872
  4.547740   0.013861
  4.548618   0.013853
  4.549496   0.013846
  4.550374   0.013841
  4.551252   0.013838
  4.552130   0.013835
  4.553009   0.013835
  4.553887   0.013836
  4.554765   0.013838
  4.555643   0.013839
  4.556521   0.013841
  4.557399   0.013843
  4.558278   0.013845
  4.559156   0.013847
  4.560034   0.013849
  4.560912   0.013851
  4.561790   0.013854
  4.562669   0.013856
  4.563547   0.013860
  4.564425   0.013863
  4.565303   0.013867
  4.566181   0.013872
  4.567059   0.013877
  4.567938   0.013883
  4.568816   0.013890
  4.569694   0.013898
  4.570572   0.013907
  4.571450   0.013917
  4.572328   0.013929
  4.573207   0.013942
  4.574085   0.013926
  4.574963   0.013911
  4.575841   0.013898
  4.576719   0.013889
  4.577598   0.013883
  4.578476   0.013879
  4.579354   0.013878
  4.580232   0.013878
  4.581110   0.013880
  4.581988   0.013884
  4.582867   0.013890
  4.583745   0.013898
  4.584623   0.013907
  4.585501   0.013919
  4.586379   0.013933
  4.587257   0.013948
  4.588136   0.013966
  4.589014   0.013985
  4.589892   0.014006
  4.590770   0.014028
  4.591648   0.014051
  4.592527   0.014075
  4.593405   0.014100
  4.594283   0.014125
  4.595161   0.014085
  4.596039   0.014043
  4.596917   0.014002
  4.597796   0.013964
  4.598674   0.013928
  4.599552   0.013896
  4.600430   0.013868
  4.601308   0.013844
  4.602186   0.013825
  4.603065   0.013809
  4.603943   0.013796
  4.604821   0.013787
  4.605699   0.013779
  4.606577   0.013773
  4.607455   0.013769
  4.608334   0.013765
  4.609212   0.013763
  4.610090   0.013761
  4.610968   0.013759
  4.611846   0.013758
  4.612725   0.013757
  4.613603   0.013757
  4.614481   0.013756
  4.615359   0.013756
  4.616237   0.013756
  4.617115   0.013757
  4.617994   0.013758
  4.618872   0.013759
  4.619750   0.013761
  4.620628   0.013764
  4.621506   0.013768
  4.622384   0.013774
  4.623263   0.013782
  4.624141   0.013793
  4.625019   0.013807
  4.625897   0.013826
  4.626775   0.013849
  4.627654   0.013878
  4.628532   0.013911
  4.629410   0.013948
  4.630288   0.013988
  4.631166   0.014031
  4.632044   0.014078
  4.632923   0.014127
  4.633801   0.014181
  4.634679   0.014239
  4.635557   0.014301
  4.636435   0.014366
  4.637313   0.014376
  4.638192   0.014315
  4.639070   0.014257
  4.639948   0.014202
  4.640826   0.014151
  4.641704   0.014103
  4.642583   0.014059
  4.643461   0.014018
  4.644339   0.013980
  4.645217   0.013944
  4.646095   0.013911
  4.646973   0.013881
  4.647852   0.013855
  4.648730   0.013833
  4.649608   0.013815
  4.650486   0.013801
  4.651364   0.013790
  4.652242   0.013782
  4.653121   0.013776
  4.653999   0.013771
  4.654877   0.013768
  4.655755   0.013765
  4.656633   0.013764
  4.657512   0.013763
  4.658390   0.013762
  4.659268   0.013761
  4.660146   0.013760
  4.661024   0.013760
  4.661902   0.013759
  4.662781   0.013759
  4.663659   0.013758
  4.664537   0.013758
  4.665415   0.013757
  4.666293   0.013757
  4.667171   0.013757
  4.668050   0.013756
  4.668928   0.013756
  4.669806   0.013756
  4.670684   0.013756
  4.671562   0.013756
  4.672440   0.013756
  4.673319   0.013755
  4.674197   0.013755
  4.675075   0.013755
  4.675953   0.013755
  4.676831   0.013755
  4.677710   0.013755
  4.678588   0.013756
  4.679466   0.013756
  4.680344   0.013756
  4.681222   0.013756
  4.682100   0.013756
  4.682979   0.013756
  4.683857   0.013757
  4.684735   0.013757
  4.685613   0.013757
  4.686491   0.013758
  4.687369   0.013758
  4.688248   0.013759
  4.689126   0.013760
  4.690004   0.013761
  4.690882   0.013762
  4.691760   0.013763
  4.692639   0.013764
  4.693517   0.013766
  4.694395   0.013768
  4.695273   0.013770
  4.696151   0.013772
  4.697029   0.013775
  4.697908   0.013778
  4.698786   0.013781
  4.699664   0.013785
  4.700542   0.013790
  4.701420   0.013795
  4.702298   0.013802
  4.703177   0.013795
  4.704055   0.013789
  4.704933   0.013784
  4.705811   0.013780
  4.706689   0.013776
  4.707568   0.013773
  4.708446   0.013770
  4.709324   0.013768
  4.710202   0.013766
  4.711080   0.013764
  4.711958   0.013762
  4.712837   0.013761
  4.713715   0.013760
  4.714593   0.013759
  4.715471   0.013758
  4.716349   0.013757
  4.717227   0.013757
  4.718106   0.013756
  4.718984   0.013756
  4.719862   0.013755
  4.720740   0.013755
  4.721618   0.013755
  4.722496   0.013755
  4.723375   0.013754
  4.724253   0.013754
  4.725131   0.013754
  4.726009   0.013755
  4.726887   0.013755
  4.727766   0.013756
  4.728644   0.013757
  4.729522   0.013758
  4.730400   0.013760
  4.731278   0.013762
  4.732156   0.013765
  4.733035   0.013769
  4.733913   0.013774
  4.734791   0.013781
  4.735669   0.013789
  4.736547   0.013800
  4.737425   0.013814
  4.738304   0.013831
  4.739182   0.013853
  4.740060   0.013878
  4.740938   0.013907
  4.741816   0.013939
  4.742695   0.013976
  4.743573   0.014015
  4.744451   0.014057
  4.745329   0.014103
  4.746207   0.014151
  4.747085   0.014191
  4.747964   0.014141
  4.748842   0.014095
  4.749720   0.014051
  4.750598   0.014010
  4.751476   0.013972
  4.752354   0.013936
  4.753233   0.013905
  4.754111   0.013876
  4.754989   0.013852
  4.755867   0.013831
  4.756745   0.013815
  4.757624   0.013801
  4.758502   0.013790
  4.759380   0.013782
  4.760258   0.013775
  4.761136   0.013770
  4.762014   0.013766
  4.762893   0.013764
  4.763771   0.013761
  4.764649   0.013760
  4.765527   0.013759
  4.766405   0.013758
  4.767283   0.013758
  4.768162   0.013758
  4.769040   0.013758
  4.769918   0.013758
  4.770796   0.013757
  4.771674   0.013757
  4.772553   0.013757
  4.773431   0.013756
  4.774309   0.013756
  4.775187   0.013756
  4.776065   0.013756
  4.776943   0.013755
  4.777822   0.013755
  4.778700   0.013755
  4.779578   0.013755
  4.780456   0.013755
  4.781334   0.013756
  4.782212   0.013756
  4.783091   0.013757
  4.783969   0.013758
  4.784847   0.013759
  4.785725   0.013760
  4.786603   0.013763
  4.787481   0.013766
  4.788360   0.013770
  4.789238   0.013775
  4.790116   0.013783
  4.790994   0.013792
  4.791872   0.013803
  4.792751   0.013811
  4.793629   0.013808
  4.794507   0.013804
  4.795385   0.013801
  4.796263   0.013798
  4.797141   0.013796
  4.798020   0.013793
  4.798898   0.013791
  4.799776   0.013789
  4.800654   0.013787
  4.801532   0.013786
  4.802410   0.013784
  4.803289   0.013784
  4.804167   0.013783
  4.805045   0.013783
  4.805923   0.013783
  4.806801   0.013784
  4.807680   0.013785
  4.808558   0.013787
  4.809436   0.013789
  4.810314   0.013792
  4.811192   0.013796
  4.812070   0.013801
  4.812949   0.013806
  4.813827   0.013813
  4.814705   0.013821
  4.815583   0.013830
  4.816461   0.013824
  4.817339   0.013819
  4.818218   0.013814
  4.819096   0.013810
  4.819974   0.013807
  4.820852   0.013804
  4.821730   0.013801
  4.822609   0.013799
  4.823487   0.013796
  4.824365   0.013794
  4.825243   0.013793
  4.826121   0.013791
  4.826999   0.013790
  4.827878   0.013789
  4.828756   0.013787
  4.829634   0.013786
  4.830512   0.013786
  4.831390   0.013785
  4.832268   0.013784
  4.833147   0.013783
  4.834025   0.013783
  4.834903   0.013783
  4.835781   0.013782
  4.836659   0.013782
  4.837538   0.013782
  4.838416   0.013782
  4.839294   0.013780
  4.840172   0.013777
  4.841050   0.013774
  4.841928   0.013771
  4.842807   0.013769
  4.843685   0.013767
  4.844563   0.013766
  4.845441   0.013765
  4.846319   0.013763
  4.847197   0.013762
  4.848076   0.013761
  4.848954   0.013761
  4.849832   0.013760
  4.850710   0.013759
  4.851588   0.013759
  4.852466   0.013758
  4.853345   0.013758
  4.854223   0.013758
  4.855101   0.013757
  4.855979   0.013757
  4.856857   0.013757
  4.857736   0.013757
  4.858614   0.013756
  4.859492   0.013756
  4.860370   0.013756
  4.861248   0.013756
  4.862126   0.013756
  4.863005   0.013756
  4.863883   0.013757
  4.864761   0.013757
  4.865639   0.013758
  4.866517   0.013759
  4.867395   0.013761
  4.868274   0.013762
  4.869152   0.013764
  4.870030   0.013766
  4.870908   0.013769
  4.871786   0.013773
  4.872665   0.013777
  4.873543   0.013782
  4.874421   0.013787
  4.875299   0.013794
  4.876177   0.013802
  4.877055   0.013811
  4.877934   0.013821
  4.878812   0.013832
  4.879690   0.013845
  4.880568   0.013858
  4.881446   0.013873
  4.882324   0.013888
  4.883203   0.013904
  4.884081   0.013920
  4.884959   0.013937
  4.885837   0.013954
  4.886715   0.013940
  4.887594   0.013911
  4.888472   0.013884
  4.889350   0.013859
  4.890228   0.013838
  4.891106   0.013821
  4.891984   0.013808
  4.892863   0.013798
  4.893741   0.013791
  4.894619   0.013787
  4.895497   0.013786
  4.896375   0.013787
  4.897253   0.013790
  4.898132   0.013796
  4.899010   0.013804
  4.899888   0.013815
  4.900766   0.013830
  4.901644   0.013849
  4.902523   0.013873
  4.903401   0.013901
  4.904279   0.013934
  4.905157   0.013970
  4.906035   0.014010
  4.906913   0.014050
  4.907792   0.014092
  4.908670   0.014134
  4.909548   0.014177
  4.910426   0.014195
  4.911304   0.014163
  4.912182   0.014130
  4.913061   0.014097
  4.913939   0.014065
  4.914817   0.014033
  4.915695   0.014001
  4.916573   0.013970
  4.917451   0.013941
  4.918330   0.013914
  4.919208   0.013888
  4.920086   0.013866
  4.920964   0.013846
  4.921842   0.013829
  4.922721   0.013815
  4.923599   0.013803
  4.924477   0.013793
  4.925355   0.013785
  4.926233   0.013779
  4.927111   0.013774
  4.927990   0.013770
  4.928868   0.013766
  4.929746   0.013764
  4.930624   0.013762
  4.931502   0.013761
  4.932380   0.013760
  4.933259   0.013759
  4.934137   0.013759
  4.935015   0.013759
  4.935893   0.013759
  4.936771   0.013759
  4.937650   0.013759
  4.938528   0.013759
  4.939406   0.013759
  4.940284   0.013759
  4.941162   0.013759
  4.942040   0.013759
  4.942919   0.013760
  4.943797   0.013760
  4.944675   0.013760
  4.945553   0.013761
  4.946431   0.013762
  4.947309   0.013763
  4.948188   0.013764
  4.949066   0.013766
  4.949944   0.013768
  4.950822   0.013772
  4.951700   0.013777
  4.952579   0.013784
  4.953457   0.013793
  4.954335   0.013807
  4.955213   0.013825
  4.956091   0.013847
  4.956969   0.013876
  4.957848   0.013910
  4.958726   0.013949
  4.959604   0.013922
  4.960482   0.013889
  4.961360   0.013859
  4.962238   0.013835
  4.963117   0.013815
  4.963995   0.013799
  4.964873   0.013787
  4.965751   0.013778
  4.966629   0.013772
  4.967508   0.013767
  4.968386   0.013764
  4.969264   0.013762
  4.970142   0.013760
  4.971020   0.013759
  4.971898   0.013758
  4.972777   0.013758
  4.973655   0.013758
  4.974533   0.013758
  4.975411   0.013758
  4.976289   0.013758
  4.977167   0.013759
  4.978046   0.013759
  4.978924   0.013760
  4.979802   0.013761
  4.980680   0.013762
  4.981558   0.013763
  4.982436   0.013764
  4.983315   0.013765
  4.984193   0.013765
  4.985071   0.013764
  4.985949   0.013764
  4.986827   0.013764
  4.987706   0.013763
  4.988584   0.013763
  4.989462   0.013762
  4.990340   0.013762
  4.991218   0.013762
  4.992096   0.013761
  4.992975   0.013761
  4.993853   0.013761
  4.994731   0.013760
  4.995609   0.013760
  4.996487   0.013760
  4.997365   0.013760
  4.998244   0.013759
  4.999122   0.013759
  5.000000   0.013759
