# Wavelength(micron)   Transit_Depth(rp^2/r*^2)
  0.610000   0.002034
  0.610878   0.002039
  0.611756   0.002036
  0.612635   0.002031
  0.613513   0.002032
  0.614391   0.002031
  0.615269   0.002031
  0.616147   0.002031
  0.617025   0.002031
  0.617904   0.002030
  0.618782   0.002031
  0.619660   0.002030
  0.620538   0.002031
  0.621416   0.002031
  0.622294   0.002032
  0.623173   0.002036
  0.624051   0.002057
  0.624929   0.002039
  0.625807   0.002133
  0.626685   0.002085
  0.627564   0.002079
  0.628442   0.002087
  0.629320   0.002080
  0.630198   0.002033
  0.631076   0.002068
  0.631954   0.002079
  0.632833   0.002109
  0.633711   0.002158
  0.634589   0.002048
  0.635467   0.002168
  0.636345   0.002088
  0.637223   0.002114
  0.638102   0.002108
  0.638980   0.002083
  0.639858   0.002083
  0.640736   0.002061
  0.641614   0.002060
  0.642492   0.002208
  0.643371   0.002080
  0.644249   0.002121
  0.645127   0.002177
  0.646005   0.002144
  0.646883   0.002301
  0.647762   0.002140
  0.648640   0.002229
  0.649518   0.002168
  0.650396   0.002122
  0.651274   0.002129
  0.652152   0.002265
  0.653031   0.002086
  0.653909   0.002082
  0.654787   0.002142
  0.655665   0.002172
  0.656543   0.002087
  0.657421   0.002105
  0.658300   0.002095
  0.659178   0.002121
  0.660056   0.002100
  0.660934   0.002075
  0.661812   0.002071
  0.662691   0.002067
  0.663569   0.002050
  0.664447   0.002061
  0.665325   0.002052
  0.666203   0.002085
  0.667081   0.002044
  0.667960   0.002055
  0.668838   0.002045
  0.669716   0.002033
  0.670594   0.002042
  0.671472   0.002041
  0.672350   0.002040
  0.673229   0.002035
  0.674107   0.002042
  0.674985   0.002031
  0.675863   0.002033
  0.676741   0.002037
  0.677620   0.002031
  0.678498   0.002074
  0.679376   0.002058
  0.680254   0.002036
  0.681132   0.002049
  0.682010   0.002074
  0.682889   0.002060
  0.683767   0.002052
  0.684645   0.002098
  0.685523   0.002081
  0.686401   0.002067
  0.687279   0.002073
  0.688158   0.002045
  0.689036   0.002118
  0.689914   0.002087
  0.690792   0.002112
  0.691670   0.002129
  0.692549   0.002136
  0.693427   0.002180
  0.694305   0.002156
  0.695183   0.002230
  0.696061   0.002115
  0.696939   0.002149
  0.697818   0.002110
  0.698696   0.002134
  0.699574   0.002213
  0.700452   0.002288
  0.701330   0.002136
  0.702208   0.002167
  0.703087   0.002225
  0.703965   0.002159
  0.704843   0.002209
  0.705721   0.002198
  0.706599   0.002144
  0.707477   0.002284
  0.708356   0.002129
  0.709234   0.002107
  0.710112   0.002184
  0.710990   0.002130
  0.711868   0.002097
  0.712747   0.002248
  0.713625   0.002115
  0.714503   0.002119
  0.715381   0.002168
  0.716259   0.002175
  0.717137   0.002208
  0.718016   0.002182
  0.718894   0.002196
  0.719772   0.002200
  0.720650   0.002228
  0.721528   0.002162
  0.722406   0.002253
  0.723285   0.002206
  0.724163   0.002208
  0.725041   0.002149
  0.725919   0.002243
  0.726797   0.002208
  0.727676   0.002177
  0.728554   0.002216
  0.729432   0.002167
  0.730310   0.002199
  0.731188   0.002203
  0.732066   0.002148
  0.732945   0.002173
  0.733823   0.002132
  0.734701   0.002158
  0.735579   0.002289
  0.736457   0.002301
  0.737335   0.002225
  0.738214   0.002159
  0.739092   0.002207
  0.739970   0.002233
  0.740848   0.002322
  0.741726   0.002113
  0.742605   0.002277
  0.743483   0.002128
  0.744361   0.002129
  0.745239   0.002291
  0.746117   0.002085
  0.746995   0.002081
  0.747874   0.002079
  0.748752   0.002102
  0.749630   0.002101
  0.750508   0.002057
  0.751386   0.002051
  0.752264   0.002069
  0.753143   0.002042
  0.754021   0.002042
  0.754899   0.002056
  0.755777   0.002042
  0.756655   0.002043
  0.757534   0.002038
  0.758412   0.002045
  0.759290   0.002046
  0.760168   0.002043
  0.761046   0.002043
  0.761924   0.002047
  0.762803   0.002033
  0.763681   0.002045
  0.764559   0.002031
  0.765437   0.002051
  0.766315   0.002032
  0.767193   0.002034
  0.768072   0.002033
  0.768950   0.002077
  0.769828   0.002032
  0.770706   0.002034
  0.771584   0.002035
  0.772462   0.002033
  0.773341   0.002037
  0.774219   0.002034
  0.775097   0.002031
  0.775975   0.002034
  0.776853   0.002032
  0.777732   0.002054
  0.778610   0.002037
  0.779488   0.002040
  0.780366   0.002076
  0.781244   0.002036
  0.782122   0.002069
  0.783001   0.002160
  0.783879   0.002077
  0.784757   0.002107
  0.785635   0.002125
  0.786513   0.002096
  0.787391   0.002103
  0.788270   0.002113
  0.789148   0.002170
  0.790026   0.002095
  0.790904   0.002091
  0.791782   0.002146
  0.792661   0.002120
  0.793539   0.002110
  0.794417   0.002193
  0.795295   0.002073
  0.796173   0.002131
  0.797051   0.002443
  0.797930   0.002135
  0.798808   0.002145
  0.799686   0.002145
  0.800564   0.002132
  0.801442   0.002193
  0.802320   0.002096
  0.803199   0.002140
  0.804077   0.002098
  0.804955   0.002123
  0.805833   0.002090
  0.806711   0.002310
  0.807590   0.002311
  0.808468   0.002118
  0.809346   0.002173
  0.810224   0.002212
  0.811102   0.002158
  0.811980   0.002162
  0.812859   0.002278
  0.813737   0.002174
  0.814615   0.002173
  0.815493   0.002183
  0.816371   0.002166
  0.817249   0.002366
  0.818128   0.002232
  0.819006   0.002247
  0.819884   0.002155
  0.820762   0.002168
  0.821640   0.002224
  0.822519   0.002185
  0.823397   0.002253
  0.824275   0.002375
  0.825153   0.002149
  0.826031   0.002174
  0.826909   0.002210
  0.827788   0.002186
  0.828666   0.002139
  0.829544   0.002162
  0.830422   0.002186
  0.831300   0.002209
  0.832178   0.002201
  0.833057   0.002204
  0.833935   0.002224
  0.834813   0.002247
  0.835691   0.002296
  0.836569   0.002255
  0.837447   0.002223
  0.838326   0.002220
  0.839204   0.002303
  0.840082   0.002217
  0.840960   0.002226
  0.841838   0.002328
  0.842717   0.002216
  0.843595   0.002262
  0.844473   0.002262
  0.845351   0.002246
  0.846229   0.002216
  0.847107   0.002215
  0.847986   0.002236
  0.848864   0.002228
  0.849742   0.002252
  0.850620   0.002247
  0.851498   0.002236
  0.852376   0.002273
  0.853255   0.002281
  0.854133   0.002266
  0.855011   0.002235
  0.855889   0.002261
  0.856767   0.002241
  0.857646   0.002244
  0.858524   0.002233
  0.859402   0.002244
  0.860280   0.002261
  0.861158   0.002234
  0.862036   0.002234
  0.862915   0.002233
  0.863793   0.002240
  0.864671   0.002238
  0.865549   0.002225
  0.866427   0.002235
  0.867305   0.002244
  0.868184   0.002244
  0.869062   0.002251
  0.869940   0.002268
  0.870818   0.002252
  0.871696   0.002255
  0.872575   0.002256
  0.873453   0.002273
  0.874331   0.002230
  0.875209   0.002285
  0.876087   0.002251
  0.876965   0.002222
  0.877844   0.002237
  0.878722   0.002258
  0.879600   0.002253
  0.880478   0.002227
  0.881356   0.002267
  0.882234   0.002248
  0.883113   0.002272
  0.883991   0.002275
  0.884869   0.002252
  0.885747   0.002265
  0.886625   0.002280
  0.887504   0.002317
  0.888382   0.002344
  0.889260   0.002375
  0.890138   0.002374
  0.891016   0.002430
  0.891894   0.002464
  0.892773   0.002461
  0.893651   0.002481
  0.894529   0.002365
  0.895407   0.002333
  0.896285   0.002364
  0.897163   0.002326
  0.898042   0.002388
  0.898920   0.002503
  0.899798   0.002448
  0.900676   0.002418
  0.901554   0.002361
  0.902432   0.002319
  0.903311   0.002307
  0.904189   0.002352
  0.905067   0.002482
  0.905945   0.002351
  0.906823   0.002290
  0.907702   0.002332
  0.908580   0.002385
  0.909458   0.002325
  0.910336   0.002361
  0.911214   0.002363
  0.912092   0.002326
  0.912971   0.002346
  0.913849   0.002290
  0.914727   0.002280
  0.915605   0.002283
  0.916483   0.002292
  0.917361   0.002256
  0.918240   0.002229
  0.919118   0.002348
  0.919996   0.002209
  0.920874   0.002264
  0.921752   0.002462
  0.922631   0.002212
  0.923509   0.002177
  0.924387   0.002194
  0.925265   0.002270
  0.926143   0.002208
  0.927021   0.002183
  0.927900   0.002240
  0.928778   0.002256
  0.929656   0.002250
  0.930534   0.002214
  0.931412   0.002232
  0.932290   0.002512
  0.933169   0.002297
  0.934047   0.002254
  0.934925   0.002264
  0.935803   0.002242
  0.936681   0.002229
  0.937560   0.002388
  0.938438   0.002378
  0.939316   0.002250
  0.940194   0.002718
  0.941072   0.002227
  0.941950   0.002426
  0.942829   0.002220
  0.943707   0.002340
  0.944585   0.002312
  0.945463   0.002248
  0.946341   0.002573
  0.947219   0.002239
  0.948098   0.002216
  0.948976   0.002197
  0.949854   0.002283
  0.950732   0.002228
  0.951610   0.002217
  0.952488   0.002342
  0.953367   0.002328
  0.954245   0.002242
  0.955123   0.002233
  0.956001   0.002242
  0.956879   0.002221
  0.957758   0.002260
  0.958636   0.002301
  0.959514   0.002292
  0.960392   0.002288
  0.961270   0.002256
  0.962148   0.002273
  0.963027   0.002375
  0.963905   0.002355
  0.964783   0.002246
  0.965661   0.002244
  0.966539   0.002277
  0.967417   0.002261
  0.968296   0.002288
  0.969174   0.002275
  0.970052   0.002313
  0.970930   0.002275
  0.971808   0.002279
  0.972687   0.002277
  0.973565   0.002278
  0.974443   0.002259
  0.975321   0.002253
  0.976199   0.002272
  0.977077   0.002326
  0.977956   0.002268
  0.978834   0.002273
  0.979712   0.002304
  0.980590   0.002360
  0.981468   0.002273
  0.982346   0.002289
  0.983225   0.002297
  0.984103   0.002290
  0.984981   0.002298
  0.985859   0.002325
  0.986737   0.002330
  0.987616   0.002328
  0.988494   0.002401
  0.989372   0.002279
  0.990250   0.002359
  0.991128   0.002307
  0.992006   0.002302
  0.992885   0.002340
  0.993763   0.002348
  0.994641   0.002296
  0.995519   0.002341
  0.996397   0.002338
  0.997275   0.002303
  0.998154   0.002319
  0.999032   0.002317
  0.999910   0.002300
  1.000788   0.002286
  1.001666   0.002310
  1.002545   0.002385
  1.003423   0.002355
  1.004301   0.002372
  1.005179   0.002377
  1.006057   0.002345
  1.006935   0.002317
  1.007814   0.002318
  1.008692   0.002331
  1.009570   0.002324
  1.010448   0.002325
  1.011326   0.002323
  1.012204   0.002296
  1.013083   0.002296
  1.013961   0.002327
  1.014839   0.002339
  1.015717   0.002373
  1.016595   0.002321
  1.017473   0.002302
  1.018352   0.002305
  1.019230   0.002314
  1.020108   0.002329
  1.020986   0.002328
  1.021864   0.002271
  1.022743   0.002339
  1.023621   0.002304
  1.024499   0.002294
  1.025377   0.002302
  1.026255   0.002321
  1.027133   0.002354
  1.028012   0.002333
  1.028890   0.002294
  1.029768   0.002281
  1.030646   0.002290
  1.031524   0.002308
  1.032402   0.002323
  1.033281   0.002312
  1.034159   0.002308
  1.035037   0.002303
  1.035915   0.002297
  1.036793   0.002289
  1.037672   0.002274
  1.038550   0.002264
  1.039428   0.002278
  1.040306   0.002264
  1.041184   0.002228
  1.042062   0.002224
  1.042941   0.002257
  1.043819   0.002256
  1.044697   0.002248
  1.045575   0.002235
  1.046453   0.002253
  1.047331   0.002258
  1.048210   0.002209
  1.049088   0.002211
  1.049966   0.002205
  1.050844   0.002201
  1.051722   0.002216
  1.052601   0.002188
  1.053479   0.002178
  1.054357   0.002192
  1.055235   0.002257
  1.056113   0.002157
  1.056991   0.002153
  1.057870   0.002168
  1.058748   0.002200
  1.059626   0.002195
  1.060504   0.002172
  1.061382   0.002180
  1.062260   0.002181
  1.063139   0.002149
  1.064017   0.002172
  1.064895   0.002215
  1.065773   0.002205
  1.066651   0.002163
  1.067530   0.002162
  1.068408   0.002151
  1.069286   0.002152
  1.070164   0.002158
  1.071042   0.002151
  1.071920   0.002170
  1.072799   0.002150
  1.073677   0.002141
  1.074555   0.002161
  1.075433   0.002141
  1.076311   0.002147
  1.077189   0.002144
  1.078068   0.002121
  1.078946   0.002135
  1.079824   0.002156
  1.080702   0.002181
  1.081580   0.002188
  1.082458   0.002159
  1.083337   0.002156
  1.084215   0.002158
  1.085093   0.002157
  1.085971   0.002191
  1.086849   0.002167
  1.087728   0.002179
  1.088606   0.002277
  1.089484   0.002223
  1.090362   0.002175
  1.091240   0.002190
  1.092118   0.002358
  1.092997   0.002252
  1.093875   0.002205
  1.094753   0.002202
  1.095631   0.002234
  1.096509   0.002219
  1.097387   0.002208
  1.098266   0.002218
  1.099144   0.002251
  1.100022   0.002301
  1.100900   0.002370
  1.101778   0.002329
  1.102657   0.002252
  1.103535   0.002306
  1.104413   0.002470
  1.105291   0.002300
  1.106169   0.002283
  1.107047   0.002278
  1.107926   0.002285
  1.108804   0.002309
  1.109682   0.002299
  1.110560   0.002287
  1.111438   0.002312
  1.112316   0.002308
  1.113195   0.002298
  1.114073   0.002279
  1.114951   0.002368
  1.115829   0.002396
  1.116707   0.002391
  1.117586   0.002405
  1.118464   0.002388
  1.119342   0.002394
  1.120220   0.002492
  1.121098   0.002342
  1.121976   0.002333
  1.122855   0.002384
  1.123733   0.002419
  1.124611   0.002412
  1.125489   0.002387
  1.126367   0.002372
  1.127245   0.002367
  1.128124   0.002384
  1.129002   0.002396
  1.129880   0.002339
  1.130758   0.002301
  1.131636   0.002293
  1.132515   0.002352
  1.133393   0.002459
  1.134271   0.002578
  1.135149   0.002358
  1.136027   0.002354
  1.136905   0.002480
  1.137784   0.002414
  1.138662   0.002425
  1.139540   0.002413
  1.140418   0.002411
  1.141296   0.002386
  1.142174   0.002360
  1.143053   0.002370
  1.143931   0.002404
  1.144809   0.002447
  1.145687   0.002537
  1.146565   0.002437
  1.147443   0.002420
  1.148322   0.002411
  1.149200   0.002403
  1.150078   0.002427
  1.150956   0.002378
  1.151834   0.002413
  1.152713   0.002468
  1.153591   0.002441
  1.154469   0.002479
  1.155347   0.002577
  1.156225   0.002586
  1.157103   0.002542
  1.157982   0.002494
  1.158860   0.002585
  1.159738   0.002561
  1.160616   0.002469
  1.161494   0.002536
  1.162372   0.002519
  1.163251   0.002433
  1.164129   0.002412
  1.165007   0.002401
  1.165885   0.002522
  1.166763   0.002373
  1.167642   0.002368
  1.168520   0.002416
  1.169398   0.002484
  1.170276   0.002533
  1.171154   0.002503
  1.172032   0.002512
  1.172911   0.002531
  1.173789   0.002498
  1.174667   0.002476
  1.175545   0.002465
  1.176423   0.002449
  1.177301   0.002422
  1.178180   0.002381
  1.179058   0.002422
  1.179936   0.002456
  1.180814   0.002411
  1.181692   0.002391
  1.182571   0.002391
  1.183449   0.002411
  1.184327   0.002448
  1.185205   0.002506
  1.186083   0.002432
  1.186961   0.002371
  1.187840   0.002384
  1.188718   0.002406
  1.189596   0.002430
  1.190474   0.002431
  1.191352   0.002439
  1.192230   0.002401
  1.193109   0.002397
  1.193987   0.002398
  1.194865   0.002413
  1.195743   0.002404
  1.196621   0.002375
  1.197499   0.002334
  1.198378   0.002323
  1.199256   0.002373
  1.200134   0.002405
  1.201012   0.002423
  1.201890   0.002350
  1.202769   0.002321
  1.203647   0.002358
  1.204525   0.002338
  1.205403   0.002306
  1.206281   0.002323
  1.207159   0.002326
  1.208038   0.002315
  1.208916   0.002286
  1.209794   0.002262
  1.210672   0.002279
  1.211550   0.002279
  1.212428   0.002344
  1.213307   0.002285
  1.214185   0.002291
  1.215063   0.002282
  1.215941   0.002280
  1.216819   0.002288
  1.217698   0.002272
  1.218576   0.002251
  1.219454   0.002247
  1.220332   0.002243
  1.221210   0.002270
  1.222088   0.002249
  1.222967   0.002215
  1.223845   0.002294
  1.224723   0.002400
  1.225601   0.002273
  1.226479   0.002244
  1.227357   0.002202
  1.228236   0.002216
  1.229114   0.002241
  1.229992   0.002211
  1.230870   0.002208
  1.231748   0.002227
  1.232627   0.002216
  1.233505   0.002192
  1.234383   0.002194
  1.235261   0.002205
  1.236139   0.002256
  1.237017   0.002253
  1.237896   0.002192
  1.238774   0.002172
  1.239652   0.002170
  1.240530   0.002162
  1.241408   0.002155
  1.242286   0.002149
  1.243165   0.002151
  1.244043   0.002186
  1.244921   0.002182
  1.245799   0.002165
  1.246677   0.002166
  1.247556   0.002170
  1.248434   0.002182
  1.249312   0.002180
  1.250190   0.002156
  1.251068   0.002142
  1.251946   0.002136
  1.252825   0.002144
  1.253703   0.002161
  1.254581   0.002197
  1.255459   0.002226
  1.256337   0.002185
  1.257215   0.002168
  1.258094   0.002170
  1.258972   0.002151
  1.259850   0.002128
  1.260728   0.002123
  1.261606   0.002122
  1.262484   0.002135
  1.263363   0.002154
  1.264241   0.002167
  1.265119   0.002174
  1.265997   0.002157
  1.266875   0.002150
  1.267754   0.002130
  1.268632   0.002125
  1.269510   0.002130
  1.270388   0.002137
  1.271266   0.002156
  1.272144   0.002160
  1.273023   0.002167
  1.273901   0.002186
  1.274779   0.002179
  1.275657   0.002138
  1.276535   0.002133
  1.277413   0.002142
  1.278292   0.002149
  1.279170   0.002170
  1.280048   0.002169
  1.280926   0.002166
  1.281804   0.002188
  1.282683   0.002213
  1.283561   0.002210
  1.284439   0.002211
  1.285317   0.002222
  1.286195   0.002238
  1.287073   0.002237
  1.287952   0.002236
  1.288830   0.002236
  1.289708   0.002235
  1.290586   0.002232
  1.291464   0.002209
  1.292342   0.002188
  1.293221   0.002197
  1.294099   0.002226
  1.294977   0.002224
  1.295855   0.002271
  1.296733   0.002249
  1.297612   0.002287
  1.298490   0.002296
  1.299368   0.002302
  1.300246   0.002284
  1.301124   0.002263
  1.302002   0.002226
  1.302881   0.002217
  1.303759   0.002255
  1.304637   0.002273
  1.305515   0.002222
  1.306393   0.002205
  1.307271   0.002229
  1.308150   0.002245
  1.309028   0.002242
  1.309906   0.002241
  1.310784   0.002238
  1.311662   0.002249
  1.312541   0.002279
  1.313419   0.002301
  1.314297   0.002328
  1.315175   0.002268
  1.316053   0.002235
  1.316931   0.002249
  1.317810   0.002293
  1.318688   0.002299
  1.319566   0.002278
  1.320444   0.002284
  1.321322   0.002306
  1.322200   0.002294
  1.323079   0.002274
  1.323957   0.002289
  1.324835   0.002329
  1.325713   0.002334
  1.326591   0.002329
  1.327469   0.002325
  1.328348   0.002321
  1.329226   0.002343
  1.330104   0.002377
  1.330982   0.002391
  1.331860   0.002394
  1.332739   0.002387
  1.333617   0.002410
  1.334495   0.002363
  1.335373   0.002322
  1.336251   0.002326
  1.337129   0.002352
  1.338008   0.002360
  1.338886   0.002367
  1.339764   0.002404
  1.340642   0.002441
  1.341520   0.002417
  1.342398   0.002372
  1.343277   0.002372
  1.344155   0.002419
  1.345033   0.002439
  1.345911   0.002422
  1.346789   0.002428
  1.347668   0.002422
  1.348546   0.002406
  1.349424   0.002378
  1.350302   0.002383
  1.351180   0.002408
  1.352058   0.002431
  1.352937   0.002467
  1.353815   0.002586
  1.354693   0.002446
  1.355571   0.002393
  1.356449   0.002499
  1.357327   0.002850
  1.358206   0.002550
  1.359084   0.002476
  1.359962   0.002473
  1.360840   0.002437
  1.361718   0.002449
  1.362597   0.002487
  1.363475   0.002477
  1.364353   0.002467
  1.365231   0.002442
  1.366109   0.002383
  1.366987   0.002386
  1.367866   0.002493
  1.368744   0.002743
  1.369622   0.002535
  1.370500   0.002562
  1.371378   0.002616
  1.372256   0.002672
  1.373135   0.002549
  1.374013   0.002409
  1.374891   0.002422
  1.375769   0.002498
  1.376647   0.002533
  1.377526   0.002533
  1.378404   0.002515
  1.379282   0.002472
  1.380160   0.002439
  1.381038   0.002436
  1.381916   0.002439
  1.382795   0.002444
  1.383673   0.002453
  1.384551   0.002499
  1.385429   0.002552
  1.386307   0.002551
  1.387185   0.002526
  1.388064   0.002508
  1.388942   0.002495
  1.389820   0.002479
  1.390698   0.002457
  1.391576   0.002440
  1.392454   0.002462
  1.393333   0.002485
  1.394211   0.002454
  1.395089   0.002420
  1.395967   0.002448
  1.396845   0.002509
  1.397724   0.002526
  1.398602   0.002504
  1.399480   0.002565
  1.400358   0.002541
  1.401236   0.002558
  1.402114   0.002523
  1.402993   0.002493
  1.403871   0.002477
  1.404749   0.002519
  1.405627   0.002603
  1.406505   0.002606
  1.407383   0.002546
  1.408262   0.002462
  1.409140   0.002457
  1.410018   0.002455
  1.410896   0.002453
  1.411774   0.002457
  1.412653   0.002489
  1.413531   0.002605
  1.414409   0.002694
  1.415287   0.002731
  1.416165   0.002555
  1.417043   0.002446
  1.417922   0.002496
  1.418800   0.002572
  1.419678   0.002660
  1.420556   0.002762
  1.421434   0.002809
  1.422312   0.002738
  1.423191   0.002669
  1.424069   0.002521
  1.424947   0.002474
  1.425825   0.002457
  1.426703   0.002449
  1.427582   0.002434
  1.428460   0.002407
  1.429338   0.002384
  1.430216   0.002396
  1.431094   0.002409
  1.431972   0.002449
  1.432851   0.002501
  1.433729   0.002497
  1.434607   0.002421
  1.435485   0.002371
  1.436363   0.002384
  1.437241   0.002397
  1.438120   0.002457
  1.438998   0.002579
  1.439876   0.002572
  1.440754   0.002427
  1.441632   0.002421
  1.442511   0.002378
  1.443389   0.002367
  1.444267   0.002360
  1.445145   0.002396
  1.446023   0.002426
  1.446901   0.002417
  1.447780   0.002410
  1.448658   0.002383
  1.449536   0.002422
  1.450414   0.002419
  1.451292   0.002371
  1.452170   0.002462
  1.453049   0.002396
  1.453927   0.002436
  1.454805   0.002486
  1.455683   0.002531
  1.456561   0.002556
  1.457439   0.002513
  1.458318   0.002473
  1.459196   0.002396
  1.460074   0.002409
  1.460952   0.002409
  1.461830   0.002368
  1.462709   0.002328
  1.463587   0.002305
  1.464465   0.002284
  1.465343   0.002296
  1.466221   0.002337
  1.467099   0.002376
  1.467978   0.002374
  1.468856   0.002419
  1.469734   0.002437
  1.470612   0.002418
  1.471490   0.002379
  1.472368   0.002300
  1.473247   0.002270
  1.474125   0.002314
  1.475003   0.002395
  1.475881   0.002447
  1.476759   0.002391
  1.477638   0.002370
  1.478516   0.002418
  1.479394   0.002544
  1.480272   0.002688
  1.481150   0.002675
  1.482028   0.002662
  1.482907   0.002518
  1.483785   0.002368
  1.484663   0.002310
  1.485541   0.002291
  1.486419   0.002282
  1.487297   0.002311
  1.488176   0.002380
  1.489054   0.002458
  1.489932   0.002381
  1.490810   0.002316
  1.491688   0.002283
  1.492567   0.002273
  1.493445   0.002274
  1.494323   0.002315
  1.495201   0.002429
  1.496079   0.002390
  1.496957   0.002271
  1.497836   0.002219
  1.498714   0.002207
  1.499592   0.002199
  1.500470   0.002203
  1.501348   0.002218
  1.502226   0.002238
  1.503105   0.002227
  1.503983   0.002219
  1.504861   0.002228
  1.505739   0.002288
  1.506617   0.002396
  1.507495   0.002448
  1.508374   0.002478
  1.509252   0.002494
  1.510130   0.002453
  1.511008   0.002413
  1.511886   0.002344
  1.512765   0.002291
  1.513643   0.002294
  1.514521   0.002261
  1.515399   0.002229
  1.516277   0.002206
  1.517155   0.002198
  1.518034   0.002193
  1.518912   0.002201
  1.519790   0.002216
  1.520668   0.002233
  1.521546   0.002230
  1.522424   0.002227
  1.523303   0.002221
  1.524181   0.002226
  1.525059   0.002268
  1.525937   0.002250
  1.526815   0.002253
  1.527694   0.002273
  1.528572   0.002267
  1.529450   0.002272
  1.530328   0.002263
  1.531206   0.002241
  1.532084   0.002227
  1.532963   0.002240
  1.533841   0.002258
  1.534719   0.002269
  1.535597   0.002252
  1.536475   0.002240
  1.537353   0.002256
  1.538232   0.002345
  1.539110   0.002464
  1.539988   0.002471
  1.540866   0.002452
  1.541744   0.002425
  1.542623   0.002345
  1.543501   0.002274
  1.544379   0.002239
  1.545257   0.002242
  1.546135   0.002258
  1.547013   0.002248
  1.547892   0.002230
  1.548770   0.002218
  1.549648   0.002232
  1.550526   0.002247
  1.551404   0.002251
  1.552282   0.002217
  1.553161   0.002190
  1.554039   0.002200
  1.554917   0.002261
  1.555795   0.002334
  1.556673   0.002302
  1.557552   0.002239
  1.558430   0.002193
  1.559308   0.002200
  1.560186   0.002211
  1.561064   0.002223
  1.561942   0.002231
  1.562821   0.002240
  1.563699   0.002232
  1.564577   0.002209
  1.565455   0.002218
  1.566333   0.002205
  1.567211   0.002187
  1.568090   0.002182
  1.568968   0.002190
  1.569846   0.002201
  1.570724   0.002215
  1.571602   0.002227
  1.572480   0.002242
  1.573359   0.002247
  1.574237   0.002239
  1.575115   0.002328
  1.575993   0.002379
  1.576871   0.002279
  1.577750   0.002219
  1.578628   0.002203
  1.579506   0.002206
  1.580384   0.002213
  1.581262   0.002220
  1.582140   0.002239
  1.583019   0.002267
  1.583897   0.002231
  1.584775   0.002213
  1.585653   0.002235
  1.586531   0.002212
  1.587409   0.002255
  1.588288   0.002353
  1.589166   0.002224
  1.590044   0.002190
  1.590922   0.002183
  1.591800   0.002182
  1.592679   0.002192
  1.593557   0.002198
  1.594435   0.002189
  1.595313   0.002193
  1.596191   0.002198
  1.597069   0.002201
  1.597948   0.002210
  1.598826   0.002212
  1.599704   0.002207
  1.600582   0.002203
  1.601460   0.002212
  1.602338   0.002236
  1.603217   0.002268
  1.604095   0.002288
  1.604973   0.002305
  1.605851   0.002322
  1.606729   0.002299
  1.607608   0.002270
  1.608486   0.002255
  1.609364   0.002306
  1.610242   0.002395
  1.611120   0.002493
  1.611998   0.002398
  1.612877   0.002303
  1.613755   0.002231
  1.614633   0.002255
  1.615511   0.002290
  1.616389   0.002333
  1.617267   0.002335
  1.618146   0.002337
  1.619024   0.002340
  1.619902   0.002361
  1.620780   0.002383
  1.621658   0.002408
  1.622537   0.002441
  1.623415   0.002481
  1.624293   0.002521
  1.625171   0.002506
  1.626049   0.002491
  1.626927   0.002476
  1.627806   0.002456
  1.628684   0.002436
  1.629562   0.002417
  1.630440   0.002398
  1.631318   0.002379
  1.632196   0.002361
  1.633075   0.002388
  1.633953   0.002417
  1.634831   0.002447
  1.635709   0.002434
  1.636587   0.002417
  1.637465   0.002410
  1.638344   0.002404
  1.639222   0.002402
  1.640100   0.002403
  1.640978   0.002462
  1.641856   0.002538
  1.642735   0.002618
  1.643613   0.002587
  1.644491   0.002521
  1.645369   0.002457
  1.646247   0.002419
  1.647125   0.002392
  1.648004   0.002366
  1.648882   0.002357
  1.649760   0.002363
  1.650638   0.002400
  1.651516   0.002403
  1.652394   0.002411
  1.653273   0.002444
  1.654151   0.002460
  1.655029   0.002444
  1.655907   0.002429
  1.656785   0.002411
  1.657664   0.002385
  1.658542   0.002360
  1.659420   0.002341
  1.660298   0.002342
  1.661176   0.002345
  1.662054   0.002382
  1.662933   0.002353
  1.663811   0.002356
  1.664689   0.002360
  1.665567   0.002389
  1.666445   0.002424
  1.667323   0.002462
  1.668202   0.002478
  1.669080   0.002484
  1.669958   0.002491
  1.670836   0.002488
  1.671714   0.002478
  1.672593   0.002467
  1.673471   0.002465
  1.674349   0.002483
  1.675227   0.002501
  1.676105   0.002515
  1.676983   0.002501
  1.677862   0.002488
  1.678740   0.002474
  1.679618   0.002457
  1.680496   0.002439
  1.681374   0.002421
  1.682252   0.002442
  1.683131   0.002480
  1.684009   0.002518
  1.684887   0.002555
  1.685765   0.002590
  1.686643   0.002625
  1.687522   0.002637
  1.688400   0.002575
  1.689278   0.002515
  1.690156   0.002457
  1.691034   0.002430
  1.691912   0.002404
  1.692791   0.002378
  1.693669   0.002392
  1.694547   0.002421
  1.695425   0.002450
  1.696303   0.002485
  1.697181   0.002526
  1.698060   0.002568
  1.698938   0.002594
  1.699816   0.002548
  1.700694   0.002502
  1.701572   0.002459
  1.702450   0.002465
  1.703329   0.002477
  1.704207   0.002490
  1.705085   0.002491
  1.705963   0.002485
  1.706841   0.002480
  1.707720   0.002477
  1.708598   0.002484
  1.709476   0.002490
  1.710354   0.002497
  1.711232   0.002460
  1.712110   0.002422
  1.712989   0.002387
  1.713867   0.002403
  1.714745   0.002454
  1.715623   0.002509
  1.716501   0.002541
  1.717379   0.002506
  1.718258   0.002472
  1.719136   0.002438
  1.720014   0.002419
  1.720892   0.002401
  1.721770   0.002383
  1.722649   0.002376
  1.723527   0.002376
  1.724405   0.002377
  1.725283   0.002406
  1.726161   0.002469
  1.727039   0.002554
  1.727918   0.002644
  1.728796   0.002615
  1.729674   0.002549
  1.730552   0.002486
  1.731430   0.002457
  1.732308   0.002488
  1.733187   0.002520
  1.734065   0.002553
  1.734943   0.002543
  1.735821   0.002530
  1.736699   0.002517
  1.737578   0.002497
  1.738456   0.002470
  1.739334   0.002445
  1.740212   0.002434
  1.741090   0.002419
  1.741968   0.002413
  1.742847   0.002409
  1.743725   0.002408
  1.744603   0.002408
  1.745481   0.002409
  1.746359   0.002415
  1.747237   0.002458
  1.748116   0.002502
  1.748994   0.002548
  1.749872   0.002573
  1.750750   0.002588
  1.751628   0.002603
  1.752507   0.002613
  1.753385   0.002593
  1.754263   0.002573
  1.755141   0.002554
  1.756019   0.002546
  1.756897   0.002543
  1.757776   0.002540
  1.758654   0.002539
  1.759532   0.002546
  1.760410   0.002553
  1.761288   0.002560
  1.762166   0.002568
  1.763045   0.002578
  1.763923   0.002587
  1.764801   0.002590
  1.765679   0.002521
  1.766557   0.002455
  1.767435   0.002409
  1.768314   0.002400
  1.769192   0.002404
  1.770070   0.002429
  1.770948   0.002456
  1.771826   0.002503
  1.772705   0.002551
  1.773583   0.002600
  1.774461   0.002600
  1.775339   0.002524
  1.776217   0.002451
  1.777095   0.002381
  1.777974   0.002382
  1.778852   0.002401
  1.779730   0.002422
  1.780608   0.002445
  1.781486   0.002443
  1.782364   0.002447
  1.783243   0.002453
  1.784121   0.002437
  1.784999   0.002404
  1.785877   0.002373
  1.786755   0.002343
  1.787634   0.002372
  1.788512   0.002405
  1.789390   0.002440
  1.790268   0.002469
  1.791146   0.002478
  1.792024   0.002487
  1.792903   0.002496
  1.793781   0.002489
  1.794659   0.002474
  1.795537   0.002461
  1.796415   0.002448
  1.797293   0.002461
  1.798172   0.002476
  1.799050   0.002491
  1.799928   0.002490
  1.800806   0.002457
  1.801684   0.002424
  1.802563   0.002392
  1.803441   0.002379
  1.804319   0.002379
  1.805197   0.002380
  1.806075   0.002385
  1.806953   0.002390
  1.807832   0.002403
  1.808710   0.002420
  1.809588   0.002433
  1.810466   0.002427
  1.811344   0.002423
  1.812222   0.002429
  1.813101   0.002429
  1.813979   0.002403
  1.814857   0.002384
  1.815735   0.002368
  1.816613   0.002381
  1.817491   0.002415
  1.818370   0.002474
  1.819248   0.002598
  1.820126   0.002596
  1.821004   0.002584
  1.821882   0.002573
  1.822761   0.002549
  1.823639   0.002494
  1.824517   0.002477
  1.825395   0.002468
  1.826273   0.002451
  1.827151   0.002422
  1.828030   0.002393
  1.828908   0.002366
  1.829786   0.002370
  1.830664   0.002397
  1.831542   0.002426
  1.832420   0.002461
  1.833299   0.002448
  1.834177   0.002417
  1.835055   0.002389
  1.835933   0.002361
  1.836811   0.002358
  1.837690   0.002363
  1.838568   0.002372
  1.839446   0.002379
  1.840324   0.002352
  1.841202   0.002328
  1.842080   0.002312
  1.842959   0.002312
  1.843837   0.002331
  1.844715   0.002356
  1.845593   0.002385
  1.846471   0.002415
  1.847349   0.002438
  1.848228   0.002463
  1.849106   0.002488
  1.849984   0.002496
  1.850862   0.002482
  1.851740   0.002472
  1.852619   0.002472
  1.853497   0.002459
  1.854375   0.002429
  1.855253   0.002404
  1.856131   0.002382
  1.857009   0.002374
  1.857888   0.002376
  1.858766   0.002387
  1.859644   0.002410
  1.860522   0.002410
  1.861400   0.002400
  1.862278   0.002395
  1.863157   0.002397
  1.864035   0.002373
  1.864913   0.002340
  1.865791   0.002312
  1.866669   0.002288
  1.867548   0.002301
  1.868426   0.002324
  1.869304   0.002349
  1.870182   0.002375
  1.871060   0.002389
  1.871938   0.002401
  1.872817   0.002416
  1.873695   0.002435
  1.874573   0.002415
  1.875451   0.002391
  1.876329   0.002372
  1.877207   0.002358
  1.878086   0.002390
  1.878964   0.002451
  1.879842   0.002538
  1.880720   0.002648
  1.881598   0.002561
  1.882476   0.002460
  1.883355   0.002392
  1.884233   0.002346
  1.885111   0.002343
  1.885989   0.002358
  1.886867   0.002379
  1.887746   0.002408
  1.888624   0.002397
  1.889502   0.002370
  1.890380   0.002350
  1.891258   0.002335
  1.892136   0.002322
  1.893015   0.002312
  1.893893   0.002306
  1.894771   0.002304
  1.895649   0.002303
  1.896527   0.002305
  1.897405   0.002309
  1.898284   0.002316
  1.899162   0.002312
  1.900040   0.002290
  1.900918   0.002271
  1.901796   0.002254
  1.902675   0.002251
  1.903553   0.002272
  1.904431   0.002298
  1.905309   0.002327
  1.906187   0.002351
  1.907065   0.002349
  1.907944   0.002348
  1.908822   0.002348
  1.909700   0.002350
  1.910578   0.002367
  1.911456   0.002385
  1.912334   0.002403
  1.913213   0.002420
  1.914091   0.002432
  1.914969   0.002449
  1.915847   0.002466
  1.916725   0.002485
  1.917604   0.002487
  1.918482   0.002496
  1.919360   0.002606
  1.920238   0.002853
  1.921116   0.002852
  1.921994   0.002633
  1.922873   0.002484
  1.923751   0.002391
  1.924629   0.002339
  1.925507   0.002310
  1.926385   0.002282
  1.927263   0.002258
  1.928142   0.002241
  1.929020   0.002261
  1.929898   0.002286
  1.930776   0.002324
  1.931654   0.002386
  1.932533   0.002347
  1.933411   0.002310
  1.934289   0.002288
  1.935167   0.002274
  1.936045   0.002275
  1.936923   0.002285
  1.937802   0.002295
  1.938680   0.002305
  1.939558   0.002305
  1.940436   0.002285
  1.941314   0.002271
  1.942192   0.002274
  1.943071   0.002302
  1.943949   0.002282
  1.944827   0.002273
  1.945705   0.002272
  1.946583   0.002281
  1.947461   0.002313
  1.948340   0.002364
  1.949218   0.002425
  1.950096   0.002493
  1.950974   0.002491
  1.951852   0.002411
  1.952731   0.002360
  1.953609   0.002321
  1.954487   0.002294
  1.955365   0.002314
  1.956243   0.002342
  1.957121   0.002379
  1.958000   0.002437
  1.958878   0.002447
  1.959756   0.002444
  1.960634   0.002493
  1.961512   0.002617
  1.962390   0.002680
  1.963269   0.002549
  1.964147   0.002463
  1.965025   0.002404
  1.965903   0.002365
  1.966781   0.002328
  1.967660   0.002292
  1.968538   0.002263
  1.969416   0.002235
  1.970294   0.002227
  1.971172   0.002234
  1.972050   0.002241
  1.972929   0.002250
  1.973807   0.002258
  1.974685   0.002251
  1.975563   0.002247
  1.976441   0.002243
  1.977319   0.002241
  1.978198   0.002243
  1.979076   0.002252
  1.979954   0.002267
  1.980832   0.002285
  1.981710   0.002300
  1.982589   0.002295
  1.983467   0.002293
  1.984345   0.002293
  1.985223   0.002294
  1.986101   0.002268
  1.986979   0.002242
  1.987858   0.002232
  1.988736   0.002232
  1.989614   0.002234
  1.990492   0.002225
  1.991370   0.002218
  1.992248   0.002214
  1.993127   0.002211
  1.994005   0.002216
  1.994883   0.002224
  1.995761   0.002234
  1.996639   0.002245
  1.997518   0.002259
  1.998396   0.002273
  1.999274   0.002289
  2.000152   0.002308
  2.001030   0.002329
  2.001908   0.002329
  2.002787   0.002325
  2.003665   0.002337
  2.004543   0.002368
  2.005421   0.002417
  2.006299   0.002392
  2.007177   0.002368
  2.008056   0.002345
  2.008934   0.002322
  2.009812   0.002304
  2.010690   0.002294
  2.011568   0.002290
  2.012446   0.002290
  2.013325   0.002294
  2.014203   0.002302
  2.015081   0.002338
  2.015959   0.002394
  2.016837   0.002480
  2.017716   0.002549
  2.018594   0.002449
  2.019472   0.002365
  2.020350   0.002304
  2.021228   0.002277
  2.022106   0.002268
  2.022985   0.002274
  2.023863   0.002295
  2.024741   0.002323
  2.025619   0.002356
  2.026497   0.002333
  2.027375   0.002305
  2.028254   0.002278
  2.029132   0.002251
  2.030010   0.002233
  2.030888   0.002237
  2.031766   0.002246
  2.032645   0.002266
  2.033523   0.002310
  2.034401   0.002318
  2.035279   0.002282
  2.036157   0.002257
  2.037035   0.002238
  2.037914   0.002225
  2.038792   0.002229
  2.039670   0.002239
  2.040548   0.002250
  2.041426   0.002262
  2.042304   0.002273
  2.043183   0.002268
  2.044061   0.002268
  2.044939   0.002271
  2.045817   0.002275
  2.046695   0.002278
  2.047574   0.002278
  2.048452   0.002278
  2.049330   0.002280
  2.050208   0.002283
  2.051086   0.002281
  2.051964   0.002275
  2.052843   0.002273
  2.053721   0.002276
  2.054599   0.002284
  2.055477   0.002274
  2.056355   0.002259
  2.057233   0.002248
  2.058112   0.002240
  2.058990   0.002236
  2.059868   0.002228
  2.060746   0.002225
  2.061624   0.002224
  2.062503   0.002225
  2.063381   0.002228
  2.064259   0.002259
  2.065137   0.002306
  2.066015   0.002372
  2.066893   0.002450
  2.067772   0.002497
  2.068650   0.002423
  2.069528   0.002363
  2.070406   0.002316
  2.071284   0.002281
  2.072162   0.002262
  2.073041   0.002254
  2.073919   0.002246
  2.074797   0.002238
  2.075675   0.002230
  2.076553   0.002225
  2.077431   0.002222
  2.078310   0.002221
  2.079188   0.002222
  2.080066   0.002223
  2.080944   0.002234
  2.081822   0.002257
  2.082701   0.002285
  2.083579   0.002319
  2.084457   0.002356
  2.085335   0.002335
  2.086213   0.002291
  2.087091   0.002284
  2.087970   0.002303
  2.088848   0.002336
  2.089726   0.002315
  2.090604   0.002272
  2.091482   0.002244
  2.092360   0.002232
  2.093239   0.002239
  2.094117   0.002249
  2.094995   0.002259
  2.095873   0.002271
  2.096751   0.002284
  2.097630   0.002298
  2.098508   0.002308
  2.099386   0.002315
  2.100264   0.002323
  2.101142   0.002331
  2.102020   0.002339
  2.102899   0.002333
  2.103777   0.002320
  2.104655   0.002316
  2.105533   0.002329
  2.106411   0.002365
  2.107289   0.002348
  2.108168   0.002302
  2.109046   0.002276
  2.109924   0.002264
  2.110802   0.002261
  2.111680   0.002263
  2.112559   0.002267
  2.113437   0.002272
  2.114315   0.002278
  2.115193   0.002286
  2.116071   0.002301
  2.116949   0.002326
  2.117828   0.002356
  2.118706   0.002390
  2.119584   0.002428
  2.120462   0.002427
  2.121340   0.002364
  2.122218   0.002327
  2.123097   0.002304
  2.123975   0.002290
  2.124853   0.002283
  2.125731   0.002299
  2.126609   0.002318
  2.127487   0.002337
  2.128366   0.002357
  2.129244   0.002378
  2.130122   0.002407
  2.131000   0.002437
  2.131878   0.002468
  2.132757   0.002499
  2.133635   0.002531
  2.134513   0.002456
  2.135391   0.002391
  2.136269   0.002345
  2.137147   0.002309
  2.138026   0.002281
  2.138904   0.002276
  2.139782   0.002279
  2.140660   0.002283
  2.141538   0.002288
  2.142416   0.002295
  2.143295   0.002297
  2.144173   0.002289
  2.145051   0.002280
  2.145929   0.002272
  2.146807   0.002263
  2.147686   0.002257
  2.148564   0.002259
  2.149442   0.002261
  2.150320   0.002264
  2.151198   0.002266
  2.152076   0.002268
  2.152955   0.002285
  2.153833   0.002305
  2.154711   0.002328
  2.155589   0.002355
  2.156467   0.002385
  2.157345   0.002411
  2.158224   0.002433
  2.159102   0.002457
  2.159980   0.002480
  2.160858   0.002504
  2.161736   0.002506
  2.162615   0.002469
  2.163493   0.002434
  2.164371   0.002401
  2.165249   0.002380
  2.166127   0.002390
  2.167005   0.002358
  2.167884   0.002352
  2.168762   0.002356
  2.169640   0.002363
  2.170518   0.002370
  2.171396   0.002360
  2.172274   0.002342
  2.173153   0.002324
  2.174031   0.002307
  2.174909   0.002291
  2.175787   0.002281
  2.176665   0.002283
  2.177544   0.002285
  2.178422   0.002287
  2.179300   0.002288
  2.180178   0.002290
  2.181056   0.002292
  2.181934   0.002293
  2.182813   0.002295
  2.183691   0.002297
  2.184569   0.002298
  2.185447   0.002304
  2.186325   0.002315
  2.187203   0.002327
  2.188082   0.002339
  2.188960   0.002352
  2.189838   0.002366
  2.190716   0.002387
  2.191594   0.002410
  2.192472   0.002433
  2.193351   0.002457
  2.194229   0.002482
  2.195107   0.002487
  2.195985   0.002476
  2.196863   0.002466
  2.197742   0.002456
  2.198620   0.002446
  2.199498   0.002439
  2.200376   0.002462
  2.201254   0.002486
  2.202132   0.002511
  2.203011   0.002537
  2.203889   0.002563
  2.204767   0.002557
  2.205645   0.002525
  2.206523   0.002492
  2.207401   0.002461
  2.208280   0.002430
  2.209158   0.002399
  2.210036   0.002390
  2.210914   0.002380
  2.211792   0.002371
  2.212671   0.002363
  2.213549   0.002354
  2.214427   0.002359
  2.215305   0.002382
  2.216183   0.002406
  2.217061   0.002430
  2.217940   0.002456
  2.218818   0.002482
  2.219696   0.002466
  2.220574   0.002441
  2.221452   0.002418
  2.222330   0.002396
  2.223209   0.002378
  2.224087   0.002375
  2.224965   0.002370
  2.225843   0.002375
  2.226721   0.002383
  2.227600   0.002391
  2.228478   0.002399
  2.229356   0.002392
  2.230234   0.002378
  2.231112   0.002367
  2.231990   0.002359
  2.232869   0.002352
  2.233747   0.002347
  2.234625   0.002351
  2.235503   0.002357
  2.236381   0.002365
  2.237259   0.002375
  2.238138   0.002388
  2.239016   0.002397
  2.239894   0.002376
  2.240772   0.002360
  2.241650   0.002347
  2.242529   0.002337
  2.243407   0.002330
  2.244285   0.002332
  2.245163   0.002347
  2.246041   0.002366
  2.246919   0.002389
  2.247798   0.002420
  2.248676   0.002460
  2.249554   0.002480
  2.250432   0.002490
  2.251310   0.002500
  2.252188   0.002511
  2.253067   0.002521
  2.253945   0.002531
  2.254823   0.002534
  2.255701   0.002537
  2.256579   0.002539
  2.257457   0.002542
  2.258336   0.002545
  2.259214   0.002541
  2.260092   0.002506
  2.260970   0.002473
  2.261848   0.002442
  2.262727   0.002415
  2.263605   0.002392
  2.264483   0.002389
  2.265361   0.002425
  2.266239   0.002467
  2.267117   0.002515
  2.267996   0.002567
  2.268874   0.002622
  2.269752   0.002638
  2.270630   0.002609
  2.271508   0.002581
  2.272386   0.002554
  2.273265   0.002527
  2.274143   0.002500
  2.275021   0.002489
  2.275899   0.002488
  2.276777   0.002487
  2.277656   0.002485
  2.278534   0.002484
  2.279412   0.002483
  2.280290   0.002504
  2.281168   0.002535
  2.282046   0.002566
  2.282925   0.002598
  2.283803   0.002631
  2.284681   0.002664
  2.285559   0.002665
  2.286437   0.002657
  2.287315   0.002649
  2.288194   0.002641
  2.289072   0.002633
  2.289950   0.002624
  2.290828   0.002609
  2.291706   0.002591
  2.292585   0.002574
  2.293463   0.002557
  2.294341   0.002540
  2.295219   0.002523
  2.296097   0.002562
  2.296975   0.002615
  2.297854   0.002669
  2.298732   0.002725
  2.299610   0.002782
  2.300488   0.002841
  2.301366   0.002810
  2.302244   0.002760
  2.303123   0.002711
  2.304001   0.002663
  2.304879   0.002617
  2.305757   0.002571
  2.306635   0.002539
  2.307514   0.002511
  2.308392   0.002484
  2.309270   0.002457
  2.310148   0.002430
  2.311026   0.002404
  2.311904   0.002425
  2.312783   0.002464
  2.313661   0.002505
  2.314539   0.002548
  2.315417   0.002591
  2.316295   0.002635
  2.317173   0.002647
  2.318052   0.002638
  2.318930   0.002628
  2.319808   0.002619
  2.320686   0.002610
  2.321564   0.002601
  2.322442   0.002587
  2.323321   0.002568
  2.324199   0.002549
  2.325077   0.002531
  2.325955   0.002513
  2.326833   0.002495
  2.327712   0.002483
  2.328590   0.002483
  2.329468   0.002483
  2.330346   0.002484
  2.331224   0.002485
  2.332102   0.002494
  2.332981   0.002532
  2.333859   0.002555
  2.334737   0.002615
  2.335615   0.002679
  2.336493   0.002745
  2.337371   0.002814
  2.338250   0.002885
  2.339128   0.002834
  2.340006   0.002776
  2.340884   0.002720
  2.341762   0.002665
  2.342641   0.002612
  2.343519   0.002560
  2.344397   0.002576
  2.345275   0.002621
  2.346153   0.002668
  2.347031   0.002716
  2.347910   0.002765
  2.348788   0.002815
  2.349666   0.002829
  2.350544   0.002792
  2.351422   0.002755
  2.352300   0.002719
  2.353179   0.002684
  2.354057   0.002649
  2.354935   0.002620
  2.355813   0.002628
  2.356691   0.002635
  2.357570   0.002642
  2.358448   0.002649
  2.359326   0.002657
  2.360204   0.002664
  2.361082   0.002632
  2.361960   0.002591
  2.362839   0.002550
  2.363717   0.002511
  2.364595   0.002472
  2.365473   0.002435
  2.366351   0.002423
  2.367229   0.002443
  2.368108   0.002462
  2.368986   0.002482
  2.369864   0.002503
  2.370742   0.002523
  2.371620   0.002543
  2.372498   0.002531
  2.373377   0.002520
  2.374255   0.002509
  2.375133   0.002498
  2.376011   0.002487
  2.376889   0.002478
  2.377768   0.002476
  2.378646   0.002481
  2.379524   0.002487
  2.380402   0.002493
  2.381280   0.002499
  2.382158   0.002505
  2.383037   0.002507
  2.383915   0.002487
  2.384793   0.002468
  2.385671   0.002450
  2.386549   0.002431
  2.387427   0.002413
  2.388306   0.002395
  2.389184   0.002406
  2.390062   0.002431
  2.390940   0.002455
  2.391818   0.002481
  2.392697   0.002506
  2.393575   0.002532
  2.394453   0.002553
  2.395331   0.002546
  2.396209   0.002540
  2.397087   0.002533
  2.397966   0.002527
  2.398844   0.002520
  2.399722   0.002514
  2.400600   0.002508
  2.401478   0.002502
  2.402356   0.002497
  2.403235   0.002492
  2.404113   0.002486
  2.404991   0.002481
  2.405869   0.002477
  2.406747   0.002478
  2.407626   0.002480
  2.408504   0.002481
  2.409382   0.002483
  2.410260   0.002484
  2.411138   0.002486
  2.412016   0.002490
  2.412895   0.002496
  2.413773   0.002503
  2.414651   0.002509
  2.415529   0.002515
  2.416407   0.002522
  2.417285   0.002528
  2.418164   0.002509
  2.419042   0.002484
  2.419920   0.002460
  2.420798   0.002436
  2.421676   0.002414
  2.422555   0.002394
  2.423433   0.002384
  2.424311   0.002428
  2.425189   0.002478
  2.426067   0.002531
  2.426945   0.002587
  2.427824   0.002645
  2.428702   0.002706
  2.429580   0.002727
  2.430458   0.002700
  2.431336   0.002673
  2.432214   0.002646
  2.433093   0.002620
  2.433971   0.002594
  2.434849   0.002568
  2.435727   0.002561
  2.436605   0.002562
  2.437483   0.002563
  2.438362   0.002563
  2.439240   0.002564
  2.440118   0.002565
  2.440996   0.002566
  2.441874   0.002559
  2.442753   0.002552
  2.443631   0.002545
  2.444509   0.002539
  2.445387   0.002534
  2.446265   0.002534
  2.447143   0.002538
  2.448022   0.002507
  2.448900   0.002486
  2.449778   0.002470
  2.450656   0.002454
  2.451534   0.002439
  2.452412   0.002424
  2.453291   0.002427
  2.454169   0.002471
  2.455047   0.002516
  2.455925   0.002562
  2.456803   0.002610
  2.457682   0.002659
  2.458560   0.002709
  2.459438   0.002727
  2.460316   0.002699
  2.461194   0.002672
  2.462072   0.002646
  2.462951   0.002620
  2.463829   0.002594
  2.464707   0.002569
  2.465585   0.002545
  2.466463   0.002521
  2.467341   0.002498
  2.468220   0.002475
  2.469098   0.002453
  2.469976   0.002431
  2.470854   0.002409
  2.471732   0.002397
  2.472611   0.002393
  2.473489   0.002389
  2.474367   0.002385
  2.475245   0.002385
  2.476123   0.002390
  2.477001   0.002404
  2.477880   0.002403
  2.478758   0.002388
  2.479636   0.002374
  2.480514   0.002361
  2.481392   0.002350
  2.482270   0.002339
  2.483149   0.002330
  2.484027   0.002341
  2.484905   0.002369
  2.485783   0.002399
  2.486661   0.002430
  2.487540   0.002463
  2.488418   0.002497
  2.489296   0.002532
  2.490174   0.002536
  2.491052   0.002515
  2.491930   0.002495
  2.492809   0.002476
  2.493687   0.002456
  2.494565   0.002437
  2.495443   0.002418
  2.496321   0.002406
  2.497199   0.002401
  2.498078   0.002396
  2.498956   0.002391
  2.499834   0.002386
  2.500712   0.002381
  2.501590   0.002376
  2.502468   0.002369
  2.503347   0.002359
  2.504225   0.002349
  2.505103   0.002340
  2.505981   0.002332
  2.506859   0.002325
  2.507738   0.002318
  2.508616   0.002314
  2.509494   0.002316
  2.510372   0.002319
  2.511250   0.002325
  2.512128   0.002332
  2.513007   0.002341
  2.513885   0.002351
  2.514763   0.002360
  2.515641   0.002344
  2.516519   0.002330
  2.517397   0.002319
  2.518276   0.002312
  2.519154   0.002308
  2.520032   0.002308
  2.520910   0.002310
  2.521788   0.002310
  2.522667   0.002311
  2.523545   0.002311
  2.524423   0.002314
  2.525301   0.002317
  2.526179   0.002322
  2.527057   0.002329
  2.527936   0.002333
  2.528814   0.002332
  2.529692   0.002332
  2.530570   0.002333
  2.531448   0.002334
  2.532326   0.002335
  2.533205   0.002337
  2.534083   0.002338
  2.534961   0.002339
  2.535839   0.002346
  2.536717   0.002359
  2.537596   0.002379
  2.538474   0.002408
  2.539352   0.002447
  2.540230   0.002500
  2.541108   0.002439
  2.541986   0.002389
  2.542865   0.002351
  2.543743   0.002321
  2.544621   0.002297
  2.545499   0.002279
  2.546377   0.002265
  2.547255   0.002271
  2.548134   0.002288
  2.549012   0.002308
  2.549890   0.002330
  2.550768   0.002353
  2.551646   0.002376
  2.552525   0.002400
  2.553403   0.002421
  2.554281   0.002429
  2.555159   0.002446
  2.556037   0.002470
  2.556915   0.002502
  2.557794   0.002545
  2.558672   0.002601
  2.559550   0.002667
  2.560428   0.002673
  2.561306   0.002658
  2.562184   0.002643
  2.563063   0.002628
  2.563941   0.002614
  2.564819   0.002600
  2.565697   0.002587
  2.566575   0.002566
  2.567453   0.002524
  2.568332   0.002491
  2.569210   0.002465
  2.570088   0.002444
  2.570966   0.002427
  2.571844   0.002412
  2.572723   0.002399
  2.573601   0.002400
  2.574479   0.002409
  2.575357   0.002419
  2.576235   0.002432
  2.577113   0.002446
  2.577992   0.002461
  2.578870   0.002478
  2.579748   0.002482
  2.580626   0.002435
  2.581504   0.002397
  2.582382   0.002369
  2.583261   0.002349
  2.584139   0.002336
  2.585017   0.002326
  2.585895   0.002318
  2.586773   0.002319
  2.587652   0.002327
  2.588530   0.002335
  2.589408   0.002346
  2.590286   0.002361
  2.591164   0.002380
  2.592042   0.002407
  2.592921   0.002442
  2.593799   0.002432
  2.594677   0.002423
  2.595555   0.002421
  2.596433   0.002426
  2.597311   0.002438
  2.598190   0.002458
  2.599068   0.002484
  2.599946   0.002491
  2.600824   0.002439
  2.601702   0.002398
  2.602581   0.002365
  2.603459   0.002337
  2.604337   0.002313
  2.605215   0.002295
  2.606093   0.002282
  2.606971   0.002283
  2.607850   0.002295
  2.608728   0.002309
  2.609606   0.002325
  2.610484   0.002343
  2.611362   0.002361
  2.612240   0.002379
  2.613119   0.002399
  2.613997   0.002404
  2.614875   0.002405
  2.615753   0.002406
  2.616631   0.002408
  2.617510   0.002410
  2.618388   0.002411
  2.619266   0.002413
  2.620144   0.002416
  2.621022   0.002422
  2.621900   0.002431
  2.622779   0.002442
  2.623657   0.002455
  2.624535   0.002471
  2.625413   0.002491
  2.626291   0.002516
  2.627169   0.002539
  2.628048   0.002525
  2.628926   0.002513
  2.629804   0.002503
  2.630682   0.002495
  2.631560   0.002488
  2.632438   0.002483
  2.633317   0.002478
  2.634195   0.002472
  2.635073   0.002462
  2.635951   0.002451
  2.636829   0.002438
  2.637708   0.002426
  2.638586   0.002413
  2.639464   0.002401
  2.640342   0.002390
  2.641220   0.002383
  2.642098   0.002382
  2.642977   0.002381
  2.643855   0.002380
  2.644733   0.002379
  2.645611   0.002379
  2.646489   0.002379
  2.647367   0.002379
  2.648246   0.002377
  2.649124   0.002374
  2.650002   0.002370
  2.650880   0.002368
  2.651758   0.002366
  2.652637   0.002364
  2.653515   0.002362
  2.654393   0.002360
  2.655271   0.002363
  2.656149   0.002373
  2.657027   0.002385
  2.657906   0.002398
  2.658784   0.002414
  2.659662   0.002434
  2.660540   0.002458
  2.661418   0.002487
  2.662296   0.002497
  2.663175   0.002468
  2.664053   0.002445
  2.664931   0.002426
  2.665809   0.002412
  2.666687   0.002401
  2.667566   0.002394
  2.668444   0.002391
  2.669322   0.002391
  2.670200   0.002394
  2.671078   0.002402
  2.671956   0.002415
  2.672835   0.002437
  2.673713   0.002469
  2.674591   0.002514
  2.675469   0.002574
  2.676347   0.002633
  2.677225   0.002608
  2.678104   0.002584
  2.678982   0.002561
  2.679860   0.002541
  2.680738   0.002525
  2.681616   0.002513
  2.682494   0.002506
  2.683373   0.002503
  2.684251   0.002486
  2.685129   0.002471
  2.686007   0.002457
  2.686885   0.002444
  2.687764   0.002433
  2.688642   0.002423
  2.689520   0.002414
  2.690398   0.002405
  2.691276   0.002402
  2.692154   0.002401
  2.693033   0.002400
  2.693911   0.002400
  2.694789   0.002400
  2.695667   0.002400
  2.696545   0.002400
  2.697423   0.002400
  2.698302   0.002405
  2.699180   0.002416
  2.700058   0.002429
  2.700936   0.002443
  2.701814   0.002460
  2.702693   0.002480
  2.703571   0.002504
  2.704449   0.002534
  2.705327   0.002556
  2.706205   0.002512
  2.707083   0.002477
  2.707962   0.002448
  2.708840   0.002424
  2.709718   0.002404
  2.710596   0.002388
  2.711474   0.002374
  2.712352   0.002362
  2.713231   0.002361
  2.714109   0.002362
  2.714987   0.002365
  2.715865   0.002369
  2.716743   0.002374
  2.717622   0.002380
  2.718500   0.002387
  2.719378   0.002395
  2.720256   0.002406
  2.721134   0.002420
  2.722012   0.002437
  2.722891   0.002456
  2.723769   0.002480
  2.724647   0.002508
  2.725525   0.002542
  2.726403   0.002585
  2.727281   0.002634
  2.728160   0.002598
  2.729038   0.002562
  2.729916   0.002531
  2.730794   0.002506
  2.731672   0.002486
  2.732551   0.002469
  2.733429   0.002456
  2.734307   0.002445
  2.735185   0.002441
  2.736063   0.002443
  2.736941   0.002446
  2.737820   0.002449
  2.738698   0.002454
  2.739576   0.002458
  2.740454   0.002462
  2.741332   0.002467
  2.742210   0.002471
  2.743089   0.002450
  2.743967   0.002425
  2.744845   0.002402
  2.745723   0.002382
  2.746601   0.002367
  2.747479   0.002357
  2.748358   0.002353
  2.749236   0.002355
  2.750114   0.002359
  2.750992   0.002363
  2.751870   0.002368
  2.752749   0.002374
  2.753627   0.002380
  2.754505   0.002389
  2.755383   0.002401
  2.756261   0.002419
  2.757139   0.002444
  2.758018   0.002430
  2.758896   0.002407
  2.759774   0.002393
  2.760652   0.002384
  2.761530   0.002378
  2.762408   0.002373
  2.763287   0.002369
  2.764165   0.002365
  2.765043   0.002362
  2.765921   0.002369
  2.766799   0.002375
  2.767678   0.002381
  2.768556   0.002388
  2.769434   0.002394
  2.770312   0.002401
  2.771190   0.002408
  2.772068   0.002415
  2.772947   0.002424
  2.773825   0.002436
  2.774703   0.002450
  2.775581   0.002466
  2.776459   0.002484
  2.777337   0.002506
  2.778216   0.002532
  2.779094   0.002564
  2.779972   0.002601
  2.780850   0.002597
  2.781728   0.002556
  2.782607   0.002524
  2.783485   0.002503
  2.784363   0.002493
  2.785241   0.002490
  2.786119   0.002491
  2.786997   0.002493
  2.787876   0.002496
  2.788754   0.002497
  2.789632   0.002499
  2.790510   0.002504
  2.791388   0.002518
  2.792266   0.002551
  2.793145   0.002604
  2.794023   0.002671
  2.794901   0.002746
  2.795779   0.002825
  2.796657   0.002786
  2.797536   0.002721
  2.798414   0.002658
  2.799292   0.002598
  2.800170   0.002546
  2.801048   0.002508
  2.801926   0.002486
  2.802805   0.002476
  2.803683   0.002472
  2.804561   0.002473
  2.805439   0.002476
  2.806317   0.002480
  2.807195   0.002486
  2.808074   0.002494
  2.808952   0.002507
  2.809830   0.002524
  2.810708   0.002544
  2.811586   0.002567
  2.812464   0.002577
  2.813343   0.002588
  2.814221   0.002605
  2.815099   0.002627
  2.815977   0.002653
  2.816855   0.002682
  2.817734   0.002713
  2.818612   0.002747
  2.819490   0.002781
  2.820368   0.002744
  2.821246   0.002699
  2.822124   0.002658
  2.823003   0.002623
  2.823881   0.002596
  2.824759   0.002576
  2.825637   0.002563
  2.826515   0.002555
  2.827393   0.002551
  2.828272   0.002529
  2.829150   0.002504
  2.830028   0.002480
  2.830906   0.002457
  2.831784   0.002435
  2.832663   0.002414
  2.833541   0.002396
  2.834419   0.002378
  2.835297   0.002361
  2.836175   0.002349
  2.837053   0.002340
  2.837932   0.002331
  2.838810   0.002323
  2.839688   0.002316
  2.840566   0.002309
  2.841444   0.002303
  2.842322   0.002298
  2.843201   0.002294
  2.844079   0.002290
  2.844957   0.002285
  2.845835   0.002282
  2.846713   0.002280
  2.847592   0.002279
  2.848470   0.002279
  2.849348   0.002281
  2.850226   0.002283
  2.851104   0.002286
  2.851982   0.002291
  2.852861   0.002300
  2.853739   0.002310
  2.854617   0.002320
  2.855495   0.002330
  2.856373   0.002341
  2.857251   0.002351
  2.858130   0.002362
  2.859008   0.002373
  2.859886   0.002385
  2.860764   0.002383
  2.861642   0.002382
  2.862521   0.002382
  2.863399   0.002382
  2.864277   0.002383
  2.865155   0.002384
  2.866033   0.002385
  2.866911   0.002386
  2.867790   0.002387
  2.868668   0.002382
  2.869546   0.002373
  2.870424   0.002362
  2.871302   0.002350
  2.872180   0.002336
  2.873059   0.002322
  2.873937   0.002307
  2.874815   0.002293
  2.875693   0.002279
  2.876571   0.002270
  2.877449   0.002276
  2.878328   0.002283
  2.879206   0.002291
  2.880084   0.002301
  2.880962   0.002314
  2.881840   0.002332
  2.882719   0.002355
  2.883597   0.002385
  2.884475   0.002424
  2.885353   0.002424
  2.886231   0.002411
  2.887109   0.002399
  2.887988   0.002387
  2.888866   0.002376
  2.889744   0.002366
  2.890622   0.002357
  2.891500   0.002348
  2.892378   0.002340
  2.893257   0.002334
  2.894135   0.002330
  2.895013   0.002327
  2.895891   0.002325
  2.896769   0.002323
  2.897648   0.002323
  2.898526   0.002323
  2.899404   0.002324
  2.900282   0.002326
  2.901160   0.002329
  2.902038   0.002335
  2.902917   0.002344
  2.903795   0.002355
  2.904673   0.002369
  2.905551   0.002385
  2.906429   0.002404
  2.907307   0.002428
  2.908186   0.002457
  2.909064   0.002491
  2.909942   0.002525
  2.910820   0.002492
  2.911698   0.002460
  2.912577   0.002429
  2.913455   0.002401
  2.914333   0.002376
  2.915211   0.002354
  2.916089   0.002337
  2.916967   0.002328
  2.917846   0.002329
  2.918724   0.002324
  2.919602   0.002309
  2.920480   0.002297
  2.921358   0.002289
  2.922236   0.002283
  2.923115   0.002278
  2.923993   0.002275
  2.924871   0.002272
  2.925749   0.002269
  2.926627   0.002267
  2.927506   0.002273
  2.928384   0.002284
  2.929262   0.002296
  2.930140   0.002309
  2.931018   0.002322
  2.931896   0.002337
  2.932775   0.002352
  2.933653   0.002368
  2.934531   0.002385
  2.935409   0.002402
  2.936287   0.002389
  2.937165   0.002376
  2.938044   0.002365
  2.938922   0.002356
  2.939800   0.002348
  2.940678   0.002341
  2.941556   0.002335
  2.942434   0.002331
  2.943313   0.002330
  2.944191   0.002331
  2.945069   0.002320
  2.945947   0.002311
  2.946825   0.002302
  2.947704   0.002294
  2.948582   0.002287
  2.949460   0.002280
  2.950338   0.002274
  2.951216   0.002267
  2.952094   0.002261
  2.952973   0.002255
  2.953851   0.002253
  2.954729   0.002251
  2.955607   0.002249
  2.956485   0.002248
  2.957363   0.002248
  2.958242   0.002248
  2.959120   0.002249
  2.959998   0.002250
  2.960876   0.002252
  2.961754   0.002255
  2.962633   0.002260
  2.963511   0.002266
  2.964389   0.002274
  2.965267   0.002283
  2.966145   0.002293
  2.967023   0.002304
  2.967902   0.002317
  2.968780   0.002329
  2.969658   0.002342
  2.970536   0.002352
  2.971414   0.002348
  2.972292   0.002344
  2.973171   0.002340
  2.974049   0.002336
  2.974927   0.002333
  2.975805   0.002329
  2.976683   0.002325
  2.977562   0.002321
  2.978440   0.002318
  2.979318   0.002315
  2.980196   0.002318
  2.981074   0.002322
  2.981952   0.002326
  2.982831   0.002331
  2.983709   0.002336
  2.984587   0.002343
  2.985465   0.002350
  2.986343   0.002359
  2.987221   0.002370
  2.988100   0.002384
  2.988978   0.002370
  2.989856   0.002358
  2.990734   0.002349
  2.991612   0.002341
  2.992490   0.002334
  2.993369   0.002328
  2.994247   0.002323
  2.995125   0.002319
  2.996003   0.002315
  2.996881   0.002311
  2.997760   0.002313
  2.998638   0.002318
  2.999516   0.002323
  3.000394   0.002329
  3.001272   0.002338
  3.002150   0.002348
  3.003029   0.002362
  3.003907   0.002378
  3.004785   0.002397
  3.005663   0.002418
  3.006541   0.002418
  3.007419   0.002399
  3.008298   0.002380
  3.009176   0.002361
  3.010054   0.002344
  3.010932   0.002326
  3.011810   0.002310
  3.012689   0.002294
  3.013567   0.002279
  3.014445   0.002265
  3.015323   0.002254
  3.016201   0.002250
  3.017079   0.002246
  3.017958   0.002242
  3.018836   0.002238
  3.019714   0.002234
  3.020592   0.002231
  3.021470   0.002227
  3.022348   0.002225
  3.023227   0.002222
  3.024105   0.002220
  3.024983   0.002225
  3.025861   0.002231
  3.026739   0.002239
  3.027618   0.002248
  3.028496   0.002258
  3.029374   0.002268
  3.030252   0.002280
  3.031130   0.002292
  3.032008   0.002304
  3.032887   0.002318
  3.033765   0.002327
  3.034643   0.002331
  3.035521   0.002335
  3.036399   0.002339
  3.037277   0.002342
  3.038156   0.002346
  3.039034   0.002351
  3.039912   0.002355
  3.040790   0.002359
  3.041668   0.002363
  3.042547   0.002367
  3.043425   0.002352
  3.044303   0.002339
  3.045181   0.002337
  3.046059   0.002355
  3.046937   0.002387
  3.047816   0.002432
  3.048694   0.002490
  3.049572   0.002562
  3.050450   0.002654
  3.051328   0.002757
  3.052206   0.002805
  3.053085   0.002713
  3.053963   0.002628
  3.054841   0.002553
  3.055719   0.002494
  3.056597   0.002445
  3.057475   0.002404
  3.058354   0.002371
  3.059232   0.002342
  3.060110   0.002315
  3.060988   0.002293
  3.061866   0.002287
  3.062745   0.002288
  3.063623   0.002290
  3.064501   0.002293
  3.065379   0.002295
  3.066257   0.002299
  3.067135   0.002303
  3.068014   0.002308
  3.068892   0.002314
  3.069770   0.002321
  3.070648   0.002329
  3.071526   0.002328
  3.072404   0.002327
  3.073283   0.002326
  3.074161   0.002325
  3.075039   0.002325
  3.075917   0.002325
  3.076795   0.002324
  3.077674   0.002324
  3.078552   0.002325
  3.079430   0.002325
  3.080308   0.002325
  3.081186   0.002326
  3.082064   0.002327
  3.082943   0.002328
  3.083821   0.002329
  3.084699   0.002330
  3.085577   0.002331
  3.086455   0.002333
  3.087333   0.002334
  3.088212   0.002335
  3.089090   0.002336
  3.089968   0.002333
  3.090846   0.002324
  3.091724   0.002316
  3.092603   0.002308
  3.093481   0.002300
  3.094359   0.002293
  3.095237   0.002287
  3.096115   0.002282
  3.096993   0.002278
  3.097872   0.002278
  3.098750   0.002283
  3.099628   0.002286
  3.100506   0.002284
  3.101384   0.002288
  3.102262   0.002296
  3.103141   0.002307
  3.104019   0.002321
  3.104897   0.002335
  3.105775   0.002351
  3.106653   0.002366
  3.107532   0.002382
  3.108410   0.002397
  3.109288   0.002398
  3.110166   0.002384
  3.111044   0.002374
  3.111922   0.002369
  3.112801   0.002370
  3.113679   0.002375
  3.114557   0.002382
  3.115435   0.002390
  3.116313   0.002399
  3.117191   0.002408
  3.118070   0.002417
  3.118948   0.002420
  3.119826   0.002415
  3.120704   0.002410
  3.121582   0.002405
  3.122460   0.002400
  3.123339   0.002395
  3.124217   0.002391
  3.125095   0.002386
  3.125973   0.002382
  3.126851   0.002377
  3.127730   0.002373
  3.128608   0.002367
  3.129486   0.002359
  3.130364   0.002350
  3.131242   0.002342
  3.132120   0.002334
  3.132999   0.002326
  3.133877   0.002318
  3.134755   0.002311
  3.135633   0.002304
  3.136511   0.002297
  3.137389   0.002290
  3.138268   0.002287
  3.139146   0.002305
  3.140024   0.002325
  3.140902   0.002347
  3.141780   0.002370
  3.142659   0.002395
  3.143537   0.002420
  3.144415   0.002447
  3.145293   0.002477
  3.146171   0.002511
  3.147049   0.002554
  3.147928   0.002614
  3.148806   0.002599
  3.149684   0.002590
  3.150562   0.002594
  3.151440   0.002603
  3.152318   0.002614
  3.153197   0.002626
  3.154075   0.002639
  3.154953   0.002651
  3.155831   0.002664
  3.156709   0.002677
  3.157588   0.002690
  3.158466   0.002692
  3.159344   0.002686
  3.160222   0.002680
  3.161100   0.002675
  3.161978   0.002669
  3.162857   0.002663
  3.163735   0.002657
  3.164613   0.002652
  3.165491   0.002646
  3.166369   0.002640
  3.167247   0.002635
  3.168126   0.002626
  3.169004   0.002602
  3.169882   0.002579
  3.170760   0.002556
  3.171638   0.002533
  3.172517   0.002511
  3.173395   0.002489
  3.174273   0.002467
  3.175151   0.002446
  3.176029   0.002425
  3.176907   0.002405
  3.177786   0.002385
  3.178664   0.002396
  3.179542   0.002419
  3.180420   0.002444
  3.181298   0.002469
  3.182176   0.002494
  3.183055   0.002520
  3.183933   0.002546
  3.184811   0.002573
  3.185689   0.002600
  3.186567   0.002628
  3.187445   0.002656
  3.188324   0.002675
  3.189202   0.002653
  3.190080   0.002631
  3.190958   0.002609
  3.191836   0.002588
  3.192715   0.002567
  3.193593   0.002546
  3.194471   0.002525
  3.195349   0.002505
  3.196227   0.002485
  3.197105   0.002465
  3.197984   0.002445
  3.198862   0.002441
  3.199740   0.002448
  3.200618   0.002455
  3.201496   0.002463
  3.202374   0.002470
  3.203253   0.002477
  3.204131   0.002485
  3.205009   0.002492
  3.205887   0.002500
  3.206765   0.002507
  3.207644   0.002515
  3.208522   0.002522
  3.209400   0.002517
  3.210278   0.002509
  3.211156   0.002502
  3.212034   0.002495
  3.212913   0.002488
  3.213791   0.002481
  3.214669   0.002474
  3.215547   0.002467
  3.216425   0.002460
  3.217303   0.002453
  3.218182   0.002447
  3.219060   0.002440
  3.219938   0.002435
  3.220816   0.002430
  3.221694   0.002426
  3.222573   0.002421
  3.223451   0.002416
  3.224329   0.002412
  3.225207   0.002407
  3.226085   0.002403
  3.226963   0.002398
  3.227842   0.002394
  3.228720   0.002390
  3.229598   0.002391
  3.230476   0.002403
  3.231354   0.002416
  3.232232   0.002430
  3.233111   0.002444
  3.233989   0.002457
  3.234867   0.002472
  3.235745   0.002486
  3.236623   0.002500
  3.237502   0.002515
  3.238380   0.002530
  3.239258   0.002545
  3.240136   0.002550
  3.241014   0.002539
  3.241892   0.002529
  3.242771   0.002519
  3.243649   0.002511
  3.244527   0.002502
  3.245405   0.002495
  3.246283   0.002488
  3.247161   0.002482
  3.248040   0.002476
  3.248918   0.002470
  3.249796   0.002465
  3.250674   0.002461
  3.251552   0.002459
  3.252430   0.002456
  3.253309   0.002453
  3.254187   0.002450
  3.255065   0.002447
  3.255943   0.002444
  3.256821   0.002441
  3.257700   0.002438
  3.258578   0.002434
  3.259456   0.002431
  3.260334   0.002427
  3.261212   0.002427
  3.262090   0.002438
  3.262969   0.002449
  3.263847   0.002461
  3.264725   0.002473
  3.265603   0.002485
  3.266481   0.002499
  3.267359   0.002512
  3.268238   0.002526
  3.269116   0.002541
  3.269994   0.002557
  3.270872   0.002572
  3.271750   0.002585
  3.272629   0.002577
  3.273507   0.002570
  3.274385   0.002563
  3.275263   0.002556
  3.276141   0.002549
  3.277019   0.002541
  3.277898   0.002534
  3.278776   0.002527
  3.279654   0.002520
  3.280532   0.002513
  3.281410   0.002506
  3.282288   0.002499
  3.283167   0.002491
  3.284045   0.002482
  3.284923   0.002473
  3.285801   0.002465
  3.286679   0.002457
  3.287558   0.002448
  3.288436   0.002440
  3.289314   0.002432
  3.290192   0.002424
  3.291070   0.002417
  3.291948   0.002409
  3.292827   0.002402
  3.293705   0.002400
  3.294583   0.002402
  3.295461   0.002405
  3.296339   0.002407
  3.297217   0.002409
  3.298096   0.002411
  3.298974   0.002413
  3.299852   0.002415
  3.300730   0.002417
  3.301608   0.002420
  3.302486   0.002422
  3.303365   0.002424
  3.304243   0.002427
  3.305121   0.002435
  3.305999   0.002442
  3.306877   0.002448
  3.307756   0.002454
  3.308634   0.002460
  3.309512   0.002465
  3.310390   0.002470
  3.311268   0.002474
  3.312146   0.002478
  3.313025   0.002481
  3.313903   0.002485
  3.314781   0.002488
  3.315659   0.002499
  3.316537   0.002515
  3.317415   0.002535
  3.318294   0.002558
  3.319172   0.002586
  3.320050   0.002617
  3.320928   0.002652
  3.321806   0.002689
  3.322685   0.002728
  3.323563   0.002768
  3.324441   0.002809
  3.325319   0.002851
  3.326197   0.002880
  3.327075   0.002857
  3.327954   0.002834
  3.328832   0.002812
  3.329710   0.002790
  3.330588   0.002768
  3.331466   0.002746
  3.332344   0.002724
  3.333223   0.002703
  3.334101   0.002682
  3.334979   0.002661
  3.335857   0.002640
  3.336735   0.002620
  3.337614   0.002609
  3.338492   0.002607
  3.339370   0.002604
  3.340248   0.002601
  3.341126   0.002598
  3.342004   0.002596
  3.342883   0.002593
  3.343761   0.002590
  3.344639   0.002587
  3.345517   0.002585
  3.346395   0.002582
  3.347273   0.002579
  3.348152   0.002576
  3.349030   0.002570
  3.349908   0.002562
  3.350786   0.002555
  3.351664   0.002548
  3.352543   0.002541
  3.353421   0.002534
  3.354299   0.002527
  3.355177   0.002519
  3.356055   0.002512
  3.356933   0.002505
  3.357812   0.002498
  3.358690   0.002491
  3.359568   0.002485
  3.360446   0.002488
  3.361324   0.002492
  3.362202   0.002495
  3.363081   0.002499
  3.363959   0.002502
  3.364837   0.002506
  3.365715   0.002509
  3.366593   0.002513
  3.367471   0.002516
  3.368350   0.002520
  3.369228   0.002523
  3.370106   0.002527
  3.370984   0.002529
  3.371862   0.002517
  3.372741   0.002506
  3.373619   0.002495
  3.374497   0.002484
  3.375375   0.002474
  3.376253   0.002463
  3.377131   0.002453
  3.378010   0.002442
  3.378888   0.002432
  3.379766   0.002422
  3.380644   0.002413
  3.381522   0.002403
  3.382400   0.002396
  3.383279   0.002400
  3.384157   0.002405
  3.385035   0.002409
  3.385913   0.002413
  3.386791   0.002418
  3.387670   0.002422
  3.388548   0.002426
  3.389426   0.002431
  3.390304   0.002436
  3.391182   0.002440
  3.392060   0.002445
  3.392939   0.002449
  3.393817   0.002454
  3.394695   0.002462
  3.395573   0.002470
  3.396451   0.002478
  3.397329   0.002486
  3.398208   0.002495
  3.399086   0.002503
  3.399964   0.002511
  3.400842   0.002519
  3.401720   0.002528
  3.402599   0.002536
  3.403477   0.002545
  3.404355   0.002553
  3.405233   0.002562
  3.406111   0.002556
  3.406989   0.002550
  3.407868   0.002544
  3.408746   0.002538
  3.409624   0.002531
  3.410502   0.002525
  3.411380   0.002519
  3.412258   0.002513
  3.413137   0.002507
  3.414015   0.002501
  3.414893   0.002495
  3.415771   0.002489
  3.416649   0.002483
  3.417528   0.002480
  3.418406   0.002479
  3.419284   0.002477
  3.420162   0.002476
  3.421040   0.002475
  3.421918   0.002474
  3.422797   0.002473
  3.423675   0.002472
  3.424553   0.002471
  3.425431   0.002471
  3.426309   0.002470
  3.427187   0.002469
  3.428066   0.002469
  3.428944   0.002469
  3.429822   0.002469
  3.430700   0.002469
  3.431578   0.002470
  3.432456   0.002470
  3.433335   0.002471
  3.434213   0.002471
  3.435091   0.002472
  3.435969   0.002473
  3.436847   0.002474
  3.437726   0.002474
  3.438604   0.002475
  3.439482   0.002476
  3.440360   0.002477
  3.441238   0.002475
  3.442116   0.002472
  3.442995   0.002468
  3.443873   0.002465
  3.444751   0.002462
  3.445629   0.002459
  3.446507   0.002457
  3.447385   0.002454
  3.448264   0.002451
  3.449142   0.002448
  3.450020   0.002446
  3.450898   0.002444
  3.451776   0.002444
  3.452655   0.002446
  3.453533   0.002453
  3.454411   0.002462
  3.455289   0.002472
  3.456167   0.002483
  3.457045   0.002495
  3.457924   0.002506
  3.458802   0.002518
  3.459680   0.002531
  3.460558   0.002543
  3.461436   0.002556
  3.462314   0.002569
  3.463193   0.002582
  3.464071   0.002596
  3.464949   0.002608
  3.465827   0.002620
  3.466705   0.002631
  3.467584   0.002643
  3.468462   0.002655
  3.469340   0.002667
  3.470218   0.002679
  3.471096   0.002691
  3.471974   0.002703
  3.472853   0.002715
  3.473731   0.002728
  3.474609   0.002740
  3.475487   0.002753
  3.476365   0.002764
  3.477243   0.002738
  3.478122   0.002712
  3.479000   0.002687
  3.479878   0.002662
  3.480756   0.002637
  3.481634   0.002613
  3.482513   0.002589
  3.483391   0.002566
  3.484269   0.002543
  3.485147   0.002520
  3.486025   0.002497
  3.486903   0.002475
  3.487782   0.002453
  3.488660   0.002436
  3.489538   0.002434
  3.490416   0.002433
  3.491294   0.002431
  3.492172   0.002429
  3.493051   0.002428
  3.493929   0.002426
  3.494807   0.002425
  3.495685   0.002423
  3.496563   0.002421
  3.497441   0.002420
  3.498320   0.002418
  3.499198   0.002417
  3.500076   0.002415
  3.500954   0.002417
  3.501832   0.002426
  3.502711   0.002435
  3.503589   0.002445
  3.504467   0.002454
  3.505345   0.002463
  3.506223   0.002473
  3.507101   0.002482
  3.507980   0.002492
  3.508858   0.002502
  3.509736   0.002511
  3.510614   0.002521
  3.511492   0.002531
  3.512370   0.002541
  3.513249   0.002543
  3.514127   0.002530
  3.515005   0.002517
  3.515883   0.002504
  3.516761   0.002491
  3.517640   0.002479
  3.518518   0.002466
  3.519396   0.002454
  3.520274   0.002442
  3.521152   0.002431
  3.522030   0.002419
  3.522909   0.002408
  3.523787   0.002397
  3.524665   0.002386
  3.525543   0.002379
  3.526421   0.002380
  3.527299   0.002382
  3.528178   0.002383
  3.529056   0.002385
  3.529934   0.002387
  3.530812   0.002389
  3.531690   0.002390
  3.532569   0.002392
  3.533447   0.002394
  3.534325   0.002396
  3.535203   0.002398
  3.536081   0.002399
  3.536959   0.002401
  3.537838   0.002403
  3.538716   0.002403
  3.539594   0.002402
  3.540472   0.002402
  3.541350   0.002402
  3.542228   0.002401
  3.543107   0.002401
  3.543985   0.002401
  3.544863   0.002400
  3.545741   0.002400
  3.546619   0.002399
  3.547497   0.002399
  3.548376   0.002399
  3.549254   0.002398
  3.550132   0.002398
  3.551010   0.002397
  3.551888   0.002397
  3.552767   0.002396
  3.553645   0.002396
  3.554523   0.002395
  3.555401   0.002394
  3.556279   0.002394
  3.557157   0.002393
  3.558036   0.002392
  3.558914   0.002392
  3.559792   0.002391
  3.560670   0.002391
  3.561548   0.002390
  3.562426   0.002389
  3.563305   0.002388
  3.564183   0.002383
  3.565061   0.002379
  3.565939   0.002375
  3.566817   0.002371
  3.567696   0.002367
  3.568574   0.002363
  3.569452   0.002359
  3.570330   0.002355
  3.571208   0.002351
  3.572086   0.002347
  3.572965   0.002343
  3.573843   0.002340
  3.574721   0.002336
  3.575599   0.002332
  3.576477   0.002340
  3.577355   0.002351
  3.578234   0.002363
  3.579112   0.002374
  3.579990   0.002386
  3.580868   0.002398
  3.581746   0.002411
  3.582625   0.002423
  3.583503   0.002436
  3.584381   0.002449
  3.585259   0.002462
  3.586137   0.002475
  3.587015   0.002488
  3.587894   0.002502
  3.588772   0.002512
  3.589650   0.002508
  3.590528   0.002504
  3.591406   0.002500
  3.592284   0.002495
  3.593163   0.002491
  3.594041   0.002487
  3.594919   0.002483
  3.595797   0.002479
  3.596675   0.002475
  3.597554   0.002472
  3.598432   0.002468
  3.599310   0.002466
  3.600188   0.002466
  3.601066   0.002470
  3.601944   0.002477
  3.602823   0.002482
  3.603701   0.002487
  3.604579   0.002492
  3.605457   0.002498
  3.606335   0.002503
  3.607213   0.002508
  3.608092   0.002513
  3.608970   0.002519
  3.609848   0.002524
  3.610726   0.002529
  3.611604   0.002535
  3.612482   0.002540
  3.613361   0.002546
  3.614239   0.002551
  3.615117   0.002539
  3.615995   0.002521
  3.616873   0.002506
  3.617752   0.002493
  3.618630   0.002482
  3.619508   0.002472
  3.620386   0.002464
  3.621264   0.002456
  3.622142   0.002449
  3.623021   0.002442
  3.623899   0.002436
  3.624777   0.002431
  3.625655   0.002425
  3.626533   0.002420
  3.627411   0.002416
  3.628290   0.002414
  3.629168   0.002414
  3.630046   0.002414
  3.630924   0.002413
  3.631802   0.002413
  3.632681   0.002413
  3.633559   0.002412
  3.634437   0.002412
  3.635315   0.002411
  3.636193   0.002411
  3.637071   0.002411
  3.637950   0.002410
  3.638828   0.002410
  3.639706   0.002409
  3.640584   0.002408
  3.641462   0.002417
  3.642340   0.002431
  3.643219   0.002446
  3.644097   0.002461
  3.644975   0.002476
  3.645853   0.002492
  3.646731   0.002509
  3.647610   0.002526
  3.648488   0.002544
  3.649366   0.002562
  3.650244   0.002581
  3.651122   0.002601
  3.652000   0.002621
  3.652879   0.002641
  3.653757   0.002662
  3.654635   0.002665
  3.655513   0.002652
  3.656391   0.002640
  3.657269   0.002628
  3.658148   0.002616
  3.659026   0.002604
  3.659904   0.002592
  3.660782   0.002580
  3.661660   0.002568
  3.662539   0.002557
  3.663417   0.002545
  3.664295   0.002534
  3.665173   0.002523
  3.666051   0.002512
  3.666929   0.002501
  3.667808   0.002492
  3.668686   0.002489
  3.669564   0.002486
  3.670442   0.002483
  3.671320   0.002479
  3.672198   0.002476
  3.673077   0.002473
  3.673955   0.002470
  3.674833   0.002466
  3.675711   0.002463
  3.676589   0.002460
  3.677467   0.002456
  3.678346   0.002453
  3.679224   0.002450
  3.680102   0.002446
  3.680980   0.002443
  3.681858   0.002430
  3.682737   0.002417
  3.683615   0.002405
  3.684493   0.002393
  3.685371   0.002381
  3.686249   0.002371
  3.687127   0.002360
  3.688006   0.002351
  3.688884   0.002341
  3.689762   0.002333
  3.690640   0.002324
  3.691518   0.002317
  3.692396   0.002309
  3.693275   0.002303
  3.694153   0.002296
  3.695031   0.002295
  3.695909   0.002301
  3.696787   0.002307
  3.697666   0.002313
  3.698544   0.002320
  3.699422   0.002327
  3.700300   0.002334
  3.701178   0.002342
  3.702056   0.002349
  3.702935   0.002357
  3.703813   0.002365
  3.704691   0.002374
  3.705569   0.002382
  3.706447   0.002391
  3.707325   0.002400
  3.708204   0.002409
  3.709082   0.002413
  3.709960   0.002416
  3.710838   0.002419
  3.711716   0.002423
  3.712595   0.002426
  3.713473   0.002430
  3.714351   0.002433
  3.715229   0.002437
  3.716107   0.002441
  3.716985   0.002445
  3.717864   0.002449
  3.718742   0.002453
  3.719620   0.002457
  3.720498   0.002462
  3.721376   0.002466
  3.722254   0.002470
  3.723133   0.002466
  3.724011   0.002463
  3.724889   0.002460
  3.725767   0.002456
  3.726645   0.002453
  3.727524   0.002449
  3.728402   0.002446
  3.729280   0.002443
  3.730158   0.002439
  3.731036   0.002436
  3.731914   0.002433
  3.732793   0.002429
  3.733671   0.002426
  3.734549   0.002423
  3.735427   0.002420
  3.736305   0.002422
  3.737183   0.002440
  3.738062   0.002458
  3.738940   0.002477
  3.739818   0.002495
  3.740696   0.002515
  3.741574   0.002534
  3.742452   0.002554
  3.743331   0.002573
  3.744209   0.002593
  3.745087   0.002614
  3.745965   0.002634
  3.746843   0.002655
  3.747722   0.002676
  3.748600   0.002697
  3.749478   0.002719
  3.750356   0.002727
  3.751234   0.002702
  3.752112   0.002677
  3.752991   0.002653
  3.753869   0.002629
  3.754747   0.002606
  3.755625   0.002583
  3.756503   0.002561
  3.757381   0.002539
  3.758260   0.002518
  3.759138   0.002497
  3.760016   0.002478
  3.760894   0.002459
  3.761772   0.002441
  3.762651   0.002425
  3.763529   0.002409
  3.764407   0.002401
  3.765285   0.002414
  3.766163   0.002429
  3.767041   0.002445
  3.767920   0.002461
  3.768798   0.002479
  3.769676   0.002497
  3.770554   0.002516
  3.771432   0.002535
  3.772310   0.002555
  3.773189   0.002576
  3.774067   0.002597
  3.774945   0.002618
  3.775823   0.002640
  3.776701   0.002662
  3.777580   0.002685
  3.778458   0.002706
  3.779336   0.002679
  3.780214   0.002653
  3.781092   0.002627
  3.781970   0.002601
  3.782849   0.002576
  3.783727   0.002551
  3.784605   0.002527
  3.785483   0.002503
  3.786361   0.002479
  3.787239   0.002456
  3.788118   0.002433
  3.788996   0.002410
  3.789874   0.002388
  3.790752   0.002367
  3.791630   0.002346
  3.792509   0.002327
  3.793387   0.002318
  3.794265   0.002313
  3.795143   0.002308
  3.796021   0.002303
  3.796899   0.002298
  3.797778   0.002294
  3.798656   0.002289
  3.799534   0.002285
  3.800412   0.002281
  3.801290   0.002277
  3.802168   0.002273
  3.803047   0.002269
  3.803925   0.002265
  3.804803   0.002261
  3.805681   0.002258
  3.806559   0.002254
  3.807437   0.002251
  3.808316   0.002249
  3.809194   0.002248
  3.810072   0.002246
  3.810950   0.002245
  3.811828   0.002243
  3.812707   0.002242
  3.813585   0.002241
  3.814463   0.002239
  3.815341   0.002238
  3.816219   0.002237
  3.817097   0.002236
  3.817976   0.002235
  3.818854   0.002234
  3.819732   0.002233
  3.820610   0.002232
  3.821488   0.002231
  3.822366   0.002233
  3.823245   0.002238
  3.824123   0.002242
  3.825001   0.002247
  3.825879   0.002252
  3.826757   0.002258
  3.827636   0.002265
  3.828514   0.002272
  3.829392   0.002281
  3.830270   0.002291
  3.831148   0.002302
  3.832026   0.002314
  3.832905   0.002329
  3.833783   0.002345
  3.834661   0.002362
  3.835539   0.002380
  3.836417   0.002400
  3.837295   0.002376
  3.838174   0.002356
  3.839052   0.002340
  3.839930   0.002327
  3.840808   0.002316
  3.841686   0.002307
  3.842565   0.002300
  3.843443   0.002295
  3.844321   0.002291
  3.845199   0.002288
  3.846077   0.002285
  3.846955   0.002282
  3.847834   0.002280
  3.848712   0.002279
  3.849590   0.002277
  3.850468   0.002276
  3.851346   0.002276
  3.852224   0.002280
  3.853103   0.002285
  3.853981   0.002290
  3.854859   0.002296
  3.855737   0.002302
  3.856615   0.002309
  3.857493   0.002316
  3.858372   0.002324
  3.859250   0.002331
  3.860128   0.002340
  3.861006   0.002349
  3.861884   0.002358
  3.862763   0.002368
  3.863641   0.002379
  3.864519   0.002391
  3.865397   0.002404
  3.866275   0.002415
  3.867153   0.002411
  3.868032   0.002407
  3.868910   0.002404
  3.869788   0.002400
  3.870666   0.002396
  3.871544   0.002392
  3.872422   0.002388
  3.873301   0.002384
  3.874179   0.002380
  3.875057   0.002376
  3.875935   0.002372
  3.876813   0.002368
  3.877692   0.002363
  3.878570   0.002359
  3.879448   0.002355
  3.880326   0.002350
  3.881204   0.002345
  3.882082   0.002339
  3.882961   0.002333
  3.883839   0.002327
  3.884717   0.002321
  3.885595   0.002315
  3.886473   0.002310
  3.887351   0.002305
  3.888230   0.002300
  3.889108   0.002295
  3.889986   0.002291
  3.890864   0.002286
  3.891742   0.002282
  3.892621   0.002278
  3.893499   0.002275
  3.894377   0.002271
  3.895255   0.002268
  3.896133   0.002264
  3.897011   0.002267
  3.897890   0.002270
  3.898768   0.002273
  3.899646   0.002276
  3.900524   0.002279
  3.901402   0.002283
  3.902280   0.002287
  3.903159   0.002290
  3.904037   0.002294
  3.904915   0.002298
  3.905793   0.002303
  3.906671   0.002307
  3.907550   0.002312
  3.908428   0.002316
  3.909306   0.002321
  3.910184   0.002326
  3.911062   0.002332
  3.911940   0.002333
  3.912819   0.002332
  3.913697   0.002330
  3.914575   0.002329
  3.915453   0.002328
  3.916331   0.002327
  3.917209   0.002325
  3.918088   0.002324
  3.918966   0.002323
  3.919844   0.002322
  3.920722   0.002321
  3.921600   0.002320
  3.922478   0.002319
  3.923357   0.002318
  3.924235   0.002318
  3.925113   0.002317
  3.925991   0.002316
  3.926869   0.002315
  3.927748   0.002314
  3.928626   0.002314
  3.929504   0.002313
  3.930382   0.002312
  3.931260   0.002311
  3.932138   0.002310
  3.933017   0.002309
  3.933895   0.002308
  3.934773   0.002307
  3.935651   0.002306
  3.936529   0.002305
  3.937407   0.002305
  3.938286   0.002304
  3.939164   0.002303
  3.940042   0.002302
  3.940920   0.002301
  3.941798   0.002300
  3.942677   0.002300
  3.943555   0.002300
  3.944433   0.002299
  3.945311   0.002299
  3.946189   0.002299
  3.947067   0.002299
  3.947946   0.002299
  3.948824   0.002299
  3.949702   0.002299
  3.950580   0.002299
  3.951458   0.002299
  3.952336   0.002299
  3.953215   0.002299
  3.954093   0.002298
  3.954971   0.002298
  3.955849   0.002298
  3.956727   0.002298
  3.957606   0.002298
  3.958484   0.002297
  3.959362   0.002295
  3.960240   0.002294
  3.961118   0.002293
  3.961996   0.002292
  3.962875   0.002290
  3.963753   0.002289
  3.964631   0.002288
  3.965509   0.002286
  3.966387   0.002285
  3.967265   0.002284
  3.968144   0.002283
  3.969022   0.002282
  3.969900   0.002280
  3.970778   0.002279
  3.971656   0.002278
  3.972535   0.002277
  3.973413   0.002276
  3.974291   0.002279
  3.975169   0.002282
  3.976047   0.002286
  3.976925   0.002290
  3.977804   0.002294
  3.978682   0.002298
  3.979560   0.002302
  3.980438   0.002306
  3.981316   0.002311
  3.982194   0.002315
  3.983073   0.002320
  3.983951   0.002324
  3.984829   0.002329
  3.985707   0.002334
  3.986585   0.002339
  3.987463   0.002345
  3.988342   0.002350
  3.989220   0.002356
  3.990098   0.002360
  3.990976   0.002362
  3.991854   0.002365
  3.992733   0.002368
  3.993611   0.002372
  3.994489   0.002375
  3.995367   0.002378
  3.996245   0.002382
  3.997123   0.002385
  3.998002   0.002389
  3.998880   0.002393
  3.999758   0.002397
  4.000636   0.002401
  4.001514   0.002406
  4.002392   0.002411
  4.003271   0.002416
  4.004149   0.002421
  4.005027   0.002426
  4.005905   0.002430
  4.006783   0.002432
  4.007662   0.002434
  4.008540   0.002436
  4.009418   0.002438
  4.010296   0.002440
  4.011174   0.002443
  4.012052   0.002445
  4.012931   0.002448
  4.013809   0.002450
  4.014687   0.002453
  4.015565   0.002455
  4.016443   0.002458
  4.017321   0.002461
  4.018200   0.002463
  4.019078   0.002466
  4.019956   0.002469
  4.020834   0.002472
  4.021712   0.002467
  4.022591   0.002430
  4.023469   0.002404
  4.024347   0.002384
  4.025225   0.002370
  4.026103   0.002358
  4.026981   0.002348
  4.027860   0.002339
  4.028738   0.002331
  4.029616   0.002322
  4.030494   0.002315
  4.031372   0.002307
  4.032250   0.002299
  4.033129   0.002292
  4.034007   0.002285
  4.034885   0.002278
  4.035763   0.002272
  4.036641   0.002266
  4.037520   0.002261
  4.038398   0.002260
  4.039276   0.002260
  4.040154   0.002261
  4.041032   0.002261
  4.041910   0.002262
  4.042789   0.002263
  4.043667   0.002264
  4.044545   0.002264
  4.045423   0.002265
  4.046301   0.002266
  4.047179   0.002267
  4.048058   0.002268
  4.048936   0.002269
  4.049814   0.002270
  4.050692   0.002271
  4.051570   0.002272
  4.052448   0.002273
  4.053327   0.002274
  4.054205   0.002275
  4.055083   0.002275
  4.055961   0.002275
  4.056839   0.002275
  4.057718   0.002275
  4.058596   0.002275
  4.059474   0.002275
  4.060352   0.002275
  4.061230   0.002275
  4.062108   0.002275
  4.062987   0.002275
  4.063865   0.002275
  4.064743   0.002275
  4.065621   0.002275
  4.066499   0.002275
  4.067377   0.002275
  4.068256   0.002275
  4.069134   0.002275
  4.070012   0.002275
  4.070890   0.002275
  4.071768   0.002272
  4.072647   0.002270
  4.073525   0.002268
  4.074403   0.002265
  4.075281   0.002263
  4.076159   0.002260
  4.077037   0.002257
  4.077916   0.002255
  4.078794   0.002252
  4.079672   0.002249
  4.080550   0.002247
  4.081428   0.002244
  4.082306   0.002242
  4.083185   0.002239
  4.084063   0.002236
  4.084941   0.002234
  4.085819   0.002231
  4.086697   0.002229
  4.087576   0.002229
  4.088454   0.002233
  4.089332   0.002238
  4.090210   0.002244
  4.091088   0.002250
  4.091966   0.002256
  4.092845   0.002263
  4.093723   0.002270
  4.094601   0.002278
  4.095479   0.002285
  4.096357   0.002293
  4.097235   0.002301
  4.098114   0.002310
  4.098992   0.002318
  4.099870   0.002327
  4.100748   0.002336
  4.101626   0.002344
  4.102505   0.002353
  4.103383   0.002362
  4.104261   0.002367
  4.105139   0.002353
  4.106017   0.002339
  4.106895   0.002326
  4.107774   0.002312
  4.108652   0.002300
  4.109530   0.002287
  4.110408   0.002275
  4.111286   0.002264
  4.112164   0.002254
  4.113043   0.002244
  4.113921   0.002235
  4.114799   0.002227
  4.115677   0.002220
  4.116555   0.002214
  4.117433   0.002209
  4.118312   0.002205
  4.119190   0.002202
  4.120068   0.002200
  4.120946   0.002199
  4.121824   0.002198
  4.122703   0.002197
  4.123581   0.002196
  4.124459   0.002195
  4.125337   0.002195
  4.126215   0.002195
  4.127093   0.002194
  4.127972   0.002194
  4.128850   0.002194
  4.129728   0.002195
  4.130606   0.002195
  4.131484   0.002195
  4.132362   0.002195
  4.133241   0.002196
  4.134119   0.002196
  4.134997   0.002197
  4.135875   0.002197
  4.136753   0.002198
  4.137632   0.002198
  4.138510   0.002199
  4.139388   0.002200
  4.140266   0.002201
  4.141144   0.002202
  4.142022   0.002204
  4.142901   0.002205
  4.143779   0.002206
  4.144657   0.002207
  4.145535   0.002208
  4.146413   0.002210
  4.147291   0.002211
  4.148170   0.002212
  4.149048   0.002213
  4.149926   0.002215
  4.150804   0.002216
  4.151682   0.002217
  4.152561   0.002219
  4.153439   0.002220
  4.154317   0.002221
  4.155195   0.002223
  4.156073   0.002229
  4.156951   0.002237
  4.157830   0.002246
  4.158708   0.002254
  4.159586   0.002264
  4.160464   0.002274
  4.161342   0.002285
  4.162220   0.002296
  4.163099   0.002308
  4.163977   0.002320
  4.164855   0.002333
  4.165733   0.002347
  4.166611   0.002361
  4.167489   0.002376
  4.168368   0.002391
  4.169246   0.002406
  4.170124   0.002422
  4.171002   0.002438
  4.171880   0.002454
  4.172759   0.002462
  4.173637   0.002438
  4.174515   0.002415
  4.175393   0.002395
  4.176271   0.002377
  4.177149   0.002362
  4.178028   0.002350
  4.178906   0.002342
  4.179784   0.002340
  4.180662   0.002343
  4.181540   0.002349
  4.182418   0.002358
  4.183297   0.002368
  4.184175   0.002378
  4.185053   0.002388
  4.185931   0.002400
  4.186809   0.002412
  4.187688   0.002425
  4.188566   0.002439
  4.189444   0.002452
  4.190322   0.002461
  4.191200   0.002458
  4.192078   0.002455
  4.192957   0.002453
  4.193835   0.002450
  4.194713   0.002448
  4.195591   0.002445
  4.196469   0.002443
  4.197347   0.002440
  4.198226   0.002437
  4.199104   0.002435
  4.199982   0.002432
  4.200860   0.002430
  4.201738   0.002428
  4.202617   0.002425
  4.203495   0.002423
  4.204373   0.002422
  4.205251   0.002420
  4.206129   0.002419
  4.207007   0.002419
  4.207886   0.002420
  4.208764   0.002421
  4.209642   0.002423
  4.210520   0.002426
  4.211398   0.002429
  4.212276   0.002433
  4.213155   0.002437
  4.214033   0.002441
  4.214911   0.002445
  4.215789   0.002450
  4.216667   0.002454
  4.217546   0.002458
  4.218424   0.002463
  4.219302   0.002467
  4.220180   0.002471
  4.221058   0.002475
  4.221936   0.002479
  4.222815   0.002483
  4.223693   0.002487
  4.224571   0.002491
  4.225449   0.002495
  4.226327   0.002493
  4.227205   0.002490
  4.228084   0.002487
  4.228962   0.002484
  4.229840   0.002482
  4.230718   0.002479
  4.231596   0.002476
  4.232474   0.002473
  4.233353   0.002470
  4.234231   0.002467
  4.235109   0.002463
  4.235987   0.002460
  4.236865   0.002458
  4.237744   0.002455
  4.238622   0.002454
  4.239500   0.002456
  4.240378   0.002463
  4.241256   0.002479
  4.242134   0.002507
  4.243013   0.002546
  4.243891   0.002546
  4.244769   0.002519
  4.245647   0.002505
  4.246525   0.002507
  4.247403   0.002520
  4.248282   0.002541
  4.249160   0.002566
  4.250038   0.002596
  4.250916   0.002630
  4.251794   0.002666
  4.252673   0.002704
  4.253551   0.002744
  4.254429   0.002785
  4.255307   0.002827
  4.256185   0.002869
  4.257063   0.002913
  4.257942   0.002956
  4.258820   0.003000
  4.259698   0.003043
  4.260576   0.003084
  4.261454   0.003123
  4.262332   0.003115
  4.263211   0.003106
  4.264089   0.003097
  4.264967   0.003087
  4.265845   0.003077
  4.266723   0.003067
  4.267602   0.003057
  4.268480   0.003047
  4.269358   0.003036
  4.270236   0.003026
  4.271114   0.003015
  4.271992   0.003005
  4.272871   0.002994
  4.273749   0.002983
  4.274627   0.002972
  4.275505   0.002962
  4.276383   0.002951
  4.277261   0.002940
  4.278140   0.002930
  4.279018   0.002919
  4.279896   0.002904
  4.280774   0.002872
  4.281652   0.002840
  4.282531   0.002809
  4.283409   0.002778
  4.284287   0.002748
  4.285165   0.002718
  4.286043   0.002690
  4.286921   0.002662
  4.287800   0.002635
  4.288678   0.002610
  4.289556   0.002586
  4.290434   0.002564
  4.291312   0.002545
  4.292190   0.002528
  4.293069   0.002512
  4.293947   0.002499
  4.294825   0.002487
  4.295703   0.002475
  4.296581   0.002464
  4.297459   0.002453
  4.298338   0.002445
  4.299216   0.002442
  4.300094   0.002439
  4.300972   0.002436
  4.301850   0.002433
  4.302729   0.002430
  4.303607   0.002427
  4.304485   0.002424
  4.305363   0.002422
  4.306241   0.002419
  4.307119   0.002416
  4.307998   0.002414
  4.308876   0.002412
  4.309754   0.002410
  4.310632   0.002408
  4.311510   0.002407
  4.312388   0.002406
  4.313267   0.002406
  4.314145   0.002408
  4.315023   0.002411
  4.315901   0.002416
  4.316779   0.002421
  4.317658   0.002418
  4.318536   0.002416
  4.319414   0.002416
  4.320292   0.002418
  4.321170   0.002420
  4.322048   0.002424
  4.322927   0.002428
  4.323805   0.002433
  4.324683   0.002439
  4.325561   0.002445
  4.326439   0.002452
  4.327317   0.002459
  4.328196   0.002467
  4.329074   0.002475
  4.329952   0.002484
  4.330830   0.002494
  4.331708   0.002504
  4.332587   0.002514
  4.333465   0.002526
  4.334343   0.002538
  4.335221   0.002552
  4.336099   0.002547
  4.336977   0.002539
  4.337856   0.002531
  4.338734   0.002524
  4.339612   0.002517
  4.340490   0.002510
  4.341368   0.002504
  4.342246   0.002499
  4.343125   0.002493
  4.344003   0.002488
  4.344881   0.002483
  4.345759   0.002479
  4.346637   0.002475
  4.347516   0.002471
  4.348394   0.002467
  4.349272   0.002463
  4.350150   0.002459
  4.351028   0.002456
  4.351906   0.002452
  4.352785   0.002449
  4.353663   0.002446
  4.354541   0.002443
  4.355419   0.002442
  4.356297   0.002440
  4.357175   0.002439
  4.358054   0.002437
  4.358932   0.002435
  4.359810   0.002434
  4.360688   0.002432
  4.361566   0.002431
  4.362444   0.002429
  4.363323   0.002427
  4.364201   0.002426
  4.365079   0.002424
  4.365957   0.002423
  4.366835   0.002421
  4.367714   0.002420
  4.368592   0.002418
  4.369470   0.002417
  4.370348   0.002415
  4.371226   0.002414
  4.372104   0.002412
  4.372983   0.002411
  4.373861   0.002409
  4.374739   0.002408
  4.375617   0.002406
  4.376495   0.002405
  4.377373   0.002404
  4.378252   0.002402
  4.379130   0.002401
  4.380008   0.002399
  4.380886   0.002398
  4.381764   0.002396
  4.382643   0.002395
  4.383521   0.002394
  4.384399   0.002392
  4.385277   0.002391
  4.386155   0.002390
  4.387033   0.002388
  4.387912   0.002387
  4.388790   0.002386
  4.389668   0.002384
  4.390546   0.002383
  4.391424   0.002382
  4.392302   0.002380
  4.393181   0.002380
  4.394059   0.002381
  4.394937   0.002381
  4.395815   0.002382
  4.396693   0.002382
  4.397572   0.002383
  4.398450   0.002383
  4.399328   0.002384
  4.400206   0.002384
  4.401084   0.002385
  4.401962   0.002385
  4.402841   0.002386
  4.403719   0.002386
  4.404597   0.002387
  4.405475   0.002387
  4.406353   0.002388
  4.407231   0.002388
  4.408110   0.002389
  4.408988   0.002390
  4.409866   0.002390
  4.410744   0.002391
  4.411622   0.002391
  4.412501   0.002392
  4.413379   0.002393
  4.414257   0.002394
  4.415135   0.002395
  4.416013   0.002396
  4.416891   0.002398
  4.417770   0.002399
  4.418648   0.002400
  4.419526   0.002402
  4.420404   0.002403
  4.421282   0.002405
  4.422160   0.002407
  4.423039   0.002409
  4.423917   0.002411
  4.424795   0.002413
  4.425673   0.002416
  4.426551   0.002418
  4.427429   0.002421
  4.428308   0.002424
  4.429186   0.002427
  4.430064   0.002431
  4.430942   0.002435
  4.431820   0.002435
  4.432699   0.002431
  4.433577   0.002427
  4.434455   0.002423
  4.435333   0.002419
  4.436211   0.002415
  4.437089   0.002411
  4.437968   0.002408
  4.438846   0.002404
  4.439724   0.002400
  4.440602   0.002396
  4.441480   0.002393
  4.442358   0.002389
  4.443237   0.002385
  4.444115   0.002382
  4.444993   0.002378
  4.445871   0.002375
  4.446749   0.002371
  4.447628   0.002368
  4.448506   0.002364
  4.449384   0.002361
  4.450262   0.002358
  4.451140   0.002355
  4.452018   0.002361
  4.452897   0.002368
  4.453775   0.002376
  4.454653   0.002383
  4.455531   0.002391
  4.456409   0.002399
  4.457287   0.002407
  4.458166   0.002415
  4.459044   0.002424
  4.459922   0.002432
  4.460800   0.002441
  4.461678   0.002450
  4.462557   0.002459
  4.463435   0.002468
  4.464313   0.002477
  4.465191   0.002487
  4.466069   0.002496
  4.466947   0.002506
  4.467826   0.002516
  4.468704   0.002526
  4.469582   0.002536
  4.470460   0.002546
  4.471338   0.002550
  4.472216   0.002544
  4.473095   0.002537
  4.473973   0.002530
  4.474851   0.002523
  4.475729   0.002517
  4.476607   0.002511
  4.477485   0.002504
  4.478364   0.002498
  4.479242   0.002492
  4.480120   0.002486
  4.480998   0.002480
  4.481876   0.002475
  4.482755   0.002469
  4.483633   0.002463
  4.484511   0.002458
  4.485389   0.002453
  4.486267   0.002447
  4.487145   0.002442
  4.488024   0.002437
  4.488902   0.002432
  4.489780   0.002427
  4.490658   0.002423
  4.491536   0.002421
  4.492414   0.002423
  4.493293   0.002426
  4.494171   0.002428
  4.495049   0.002431
  4.495927   0.002433
  4.496805   0.002436
  4.497684   0.002438
  4.498562   0.002441
  4.499440   0.002444
  4.500318   0.002446
  4.501196   0.002449
  4.502074   0.002452
  4.502953   0.002455
  4.503831   0.002458
  4.504709   0.002460
  4.505587   0.002463
  4.506465   0.002466
  4.507343   0.002469
  4.508222   0.002472
  4.509100   0.002476
  4.509978   0.002479
  4.510856   0.002482
  4.511734   0.002485
  4.512613   0.002486
  4.513491   0.002487
  4.514369   0.002488
  4.515247   0.002489
  4.516125   0.002491
  4.517003   0.002492
  4.517882   0.002493
  4.518760   0.002494
  4.519638   0.002496
  4.520516   0.002497
  4.521394   0.002498
  4.522272   0.002499
  4.523151   0.002501
  4.524029   0.002502
  4.524907   0.002503
  4.525785   0.002504
  4.526663   0.002506
  4.527542   0.002507
  4.528420   0.002508
  4.529298   0.002510
  4.530176   0.002511
  4.531054   0.002513
  4.531932   0.002512
  4.532811   0.002491
  4.533689   0.002472
  4.534567   0.002455
  4.535445   0.002440
  4.536323   0.002428
  4.537201   0.002419
  4.538080   0.002411
  4.538958   0.002406
  4.539836   0.002402
  4.540714   0.002399
  4.541592   0.002397
  4.542470   0.002395
  4.543349   0.002394
  4.544227   0.002394
  4.545105   0.002394
  4.545983   0.002394
  4.546861   0.002394
  4.547740   0.002394
  4.548618   0.002394
  4.549496   0.002394
  4.550374   0.002394
  4.551252   0.002395
  4.552130   0.002395
  4.553009   0.002396
  4.553887   0.002396
  4.554765   0.002397
  4.555643   0.002398
  4.556521   0.002399
  4.557399   0.002399
  4.558278   0.002400
  4.559156   0.002401
  4.560034   0.002402
  4.560912   0.002402
  4.561790   0.002403
  4.562669   0.002404
  4.563547   0.002405
  4.564425   0.002406
  4.565303   0.002406
  4.566181   0.002407
  4.567059   0.002408
  4.567938   0.002409
  4.568816   0.002410
  4.569694   0.002411
  4.570572   0.002412
  4.571450   0.002413
  4.572328   0.002414
  4.573207   0.002415
  4.574085   0.002414
  4.574963   0.002413
  4.575841   0.002412
  4.576719   0.002411
  4.577598   0.002410
  4.578476   0.002409
  4.579354   0.002409
  4.580232   0.002408
  4.581110   0.002408
  4.581988   0.002407
  4.582867   0.002407
  4.583745   0.002407
  4.584623   0.002407
  4.585501   0.002407
  4.586379   0.002407
  4.587257   0.002408
  4.588136   0.002410
  4.589014   0.002412
  4.589892   0.002414
  4.590770   0.002418
  4.591648   0.002422
  4.592527   0.002428
  4.593405   0.002434
  4.594283   0.002442
  4.595161   0.002426
  4.596039   0.002411
  4.596917   0.002398
  4.597796   0.002387
  4.598674   0.002377
  4.599552   0.002367
  4.600430   0.002359
  4.601308   0.002350
  4.602186   0.002342
  4.603065   0.002334
  4.603943   0.002326
  4.604821   0.002318
  4.605699   0.002311
  4.606577   0.002303
  4.607455   0.002296
  4.608334   0.002289
  4.609212   0.002283
  4.610090   0.002277
  4.610968   0.002271
  4.611846   0.002265
  4.612725   0.002260
  4.613603   0.002254
  4.614481   0.002249
  4.615359   0.002244
  4.616237   0.002248
  4.617115   0.002254
  4.617994   0.002260
  4.618872   0.002267
  4.619750   0.002274
  4.620628   0.002282
  4.621506   0.002290
  4.622384   0.002298
  4.623263   0.002307
  4.624141   0.002317
  4.625019   0.002327
  4.625897   0.002337
  4.626775   0.002347
  4.627654   0.002358
  4.628532   0.002369
  4.629410   0.002381
  4.630288   0.002393
  4.631166   0.002407
  4.632044   0.002421
  4.632923   0.002437
  4.633801   0.002455
  4.634679   0.002474
  4.635557   0.002495
  4.636435   0.002517
  4.637313   0.002523
  4.638192   0.002507
  4.639070   0.002492
  4.639948   0.002478
  4.640826   0.002465
  4.641704   0.002452
  4.642583   0.002441
  4.643461   0.002430
  4.644339   0.002420
  4.645217   0.002411
  4.646095   0.002403
  4.646973   0.002395
  4.647852   0.002387
  4.648730   0.002380
  4.649608   0.002373
  4.650486   0.002367
  4.651364   0.002361
  4.652242   0.002354
  4.653121   0.002348
  4.653999   0.002342
  4.654877   0.002337
  4.655755   0.002331
  4.656633   0.002325
  4.657512   0.002319
  4.658390   0.002314
  4.659268   0.002310
  4.660146   0.002307
  4.661024   0.002304
  4.661902   0.002300
  4.662781   0.002297
  4.663659   0.002294
  4.664537   0.002291
  4.665415   0.002288
  4.666293   0.002285
  4.667171   0.002282
  4.668050   0.002280
  4.668928   0.002277
  4.669806   0.002275
  4.670684   0.002272
  4.671562   0.002270
  4.672440   0.002268
  4.673319   0.002267
  4.674197   0.002266
  4.675075   0.002265
  4.675953   0.002265
  4.676831   0.002265
  4.677710   0.002266
  4.678588   0.002268
  4.679466   0.002271
  4.680344   0.002273
  4.681222   0.002271
  4.682100   0.002269
  4.682979   0.002268
  4.683857   0.002266
  4.684735   0.002265
  4.685613   0.002263
  4.686491   0.002262
  4.687369   0.002261
  4.688248   0.002261
  4.689126   0.002260
  4.690004   0.002259
  4.690882   0.002259
  4.691760   0.002259
  4.692639   0.002259
  4.693517   0.002259
  4.694395   0.002259
  4.695273   0.002259
  4.696151   0.002259
  4.697029   0.002260
  4.697908   0.002260
  4.698786   0.002261
  4.699664   0.002262
  4.700542   0.002263
  4.701420   0.002264
  4.702298   0.002265
  4.703177   0.002265
  4.704055   0.002266
  4.704933   0.002266
  4.705811   0.002266
  4.706689   0.002267
  4.707568   0.002267
  4.708446   0.002268
  4.709324   0.002269
  4.710202   0.002269
  4.711080   0.002270
  4.711958   0.002270
  4.712837   0.002271
  4.713715   0.002272
  4.714593   0.002272
  4.715471   0.002273
  4.716349   0.002274
  4.717227   0.002274
  4.718106   0.002275
  4.718984   0.002276
  4.719862   0.002276
  4.720740   0.002277
  4.721618   0.002278
  4.722496   0.002278
  4.723375   0.002279
  4.724253   0.002280
  4.725131   0.002282
  4.726009   0.002285
  4.726887   0.002288
  4.727766   0.002291
  4.728644   0.002295
  4.729522   0.002299
  4.730400   0.002303
  4.731278   0.002308
  4.732156   0.002313
  4.733035   0.002318
  4.733913   0.002323
  4.734791   0.002329
  4.735669   0.002335
  4.736547   0.002341
  4.737425   0.002348
  4.738304   0.002355
  4.739182   0.002362
  4.740060   0.002370
  4.740938   0.002379
  4.741816   0.002388
  4.742695   0.002399
  4.743573   0.002410
  4.744451   0.002421
  4.745329   0.002434
  4.746207   0.002449
  4.747085   0.002460
  4.747964   0.002446
  4.748842   0.002432
  4.749720   0.002420
  4.750598   0.002409
  4.751476   0.002398
  4.752354   0.002388
  4.753233   0.002379
  4.754111   0.002371
  4.754989   0.002363
  4.755867   0.002355
  4.756745   0.002348
  4.757624   0.002342
  4.758502   0.002336
  4.759380   0.002330
  4.760258   0.002324
  4.761136   0.002319
  4.762014   0.002313
  4.762893   0.002309
  4.763771   0.002304
  4.764649   0.002300
  4.765527   0.002296
  4.766405   0.002292
  4.767283   0.002288
  4.768162   0.002285
  4.769040   0.002281
  4.769918   0.002278
  4.770796   0.002276
  4.771674   0.002273
  4.772553   0.002270
  4.773431   0.002268
  4.774309   0.002266
  4.775187   0.002264
  4.776065   0.002262
  4.776943   0.002261
  4.777822   0.002261
  4.778700   0.002262
  4.779578   0.002264
  4.780456   0.002268
  4.781334   0.002273
  4.782212   0.002279
  4.783091   0.002287
  4.783969   0.002295
  4.784847   0.002304
  4.785725   0.002314
  4.786603   0.002324
  4.787481   0.002334
  4.788360   0.002344
  4.789238   0.002354
  4.790116   0.002364
  4.790994   0.002373
  4.791872   0.002382
  4.792751   0.002386
  4.793629   0.002380
  4.794507   0.002374
  4.795385   0.002368
  4.796263   0.002362
  4.797141   0.002355
  4.798020   0.002348
  4.798898   0.002341
  4.799776   0.002334
  4.800654   0.002326
  4.801532   0.002318
  4.802410   0.002311
  4.803289   0.002303
  4.804167   0.002296
  4.805045   0.002290
  4.805923   0.002283
  4.806801   0.002277
  4.807680   0.002272
  4.808558   0.002267
  4.809436   0.002263
  4.810314   0.002259
  4.811192   0.002256
  4.812070   0.002255
  4.812949   0.002253
  4.813827   0.002253
  4.814705   0.002254
  4.815583   0.002255
  4.816461   0.002254
  4.817339   0.002253
  4.818218   0.002253
  4.819096   0.002253
  4.819974   0.002253
  4.820852   0.002254
  4.821730   0.002255
  4.822609   0.002256
  4.823487   0.002257
  4.824365   0.002258
  4.825243   0.002260
  4.826121   0.002261
  4.826999   0.002263
  4.827878   0.002265
  4.828756   0.002267
  4.829634   0.002270
  4.830512   0.002272
  4.831390   0.002274
  4.832268   0.002277
  4.833147   0.002280
  4.834025   0.002283
  4.834903   0.002286
  4.835781   0.002289
  4.836659   0.002293
  4.837538   0.002296
  4.838416   0.002300
  4.839294   0.002301
  4.840172   0.002298
  4.841050   0.002296
  4.841928   0.002294
  4.842807   0.002292
  4.843685   0.002290
  4.844563   0.002288
  4.845441   0.002286
  4.846319   0.002284
  4.847197   0.002283
  4.848076   0.002281
  4.848954   0.002280
  4.849832   0.002279
  4.850710   0.002278
  4.851588   0.002277
  4.852466   0.002275
  4.853345   0.002274
  4.854223   0.002274
  4.855101   0.002273
  4.855979   0.002272
  4.856857   0.002271
  4.857736   0.002270
  4.858614   0.002270
  4.859492   0.002269
  4.860370   0.002269
  4.861248   0.002269
  4.862126   0.002269
  4.863005   0.002268
  4.863883   0.002269
  4.864761   0.002270
  4.865639   0.002272
  4.866517   0.002275
  4.867395   0.002278
  4.868274   0.002282
  4.869152   0.002287
  4.870030   0.002292
  4.870908   0.002298
  4.871786   0.002304
  4.872665   0.002310
  4.873543   0.002316
  4.874421   0.002323
  4.875299   0.002329
  4.876177   0.002336
  4.877055   0.002343
  4.877934   0.002349
  4.878812   0.002355
  4.879690   0.002362
  4.880568   0.002368
  4.881446   0.002374
  4.882324   0.002380
  4.883203   0.002386
  4.884081   0.002392
  4.884959   0.002398
  4.885837   0.002405
  4.886715   0.002401
  4.887594   0.002392
  4.888472   0.002384
  4.889350   0.002376
  4.890228   0.002368
  4.891106   0.002360
  4.891984   0.002352
  4.892863   0.002344
  4.893741   0.002337
  4.894619   0.002330
  4.895497   0.002323
  4.896375   0.002317
  4.897253   0.002312
  4.898132   0.002308
  4.899010   0.002304
  4.899888   0.002302
  4.900766   0.002301
  4.901644   0.002301
  4.902523   0.002302
  4.903401   0.002306
  4.904279   0.002312
  4.905157   0.002320
  4.906035   0.002331
  4.906913   0.002345
  4.907792   0.002361
  4.908670   0.002378
  4.909548   0.002397
  4.910426   0.002406
  4.911304   0.002392
  4.912182   0.002378
  4.913061   0.002366
  4.913939   0.002353
  4.914817   0.002342
  4.915695   0.002331
  4.916573   0.002321
  4.917451   0.002312
  4.918330   0.002304
  4.919208   0.002297
  4.920086   0.002290
  4.920964   0.002285
  4.921842   0.002281
  4.922721   0.002278
  4.923599   0.002276
  4.924477   0.002275
  4.925355   0.002275
  4.926233   0.002276
  4.927111   0.002277
  4.927990   0.002279
  4.928868   0.002282
  4.929746   0.002286
  4.930624   0.002289
  4.931502   0.002294
  4.932380   0.002299
  4.933259   0.002304
  4.934137   0.002309
  4.935015   0.002311
  4.935893   0.002312
  4.936771   0.002312
  4.937650   0.002313
  4.938528   0.002314
  4.939406   0.002315
  4.940284   0.002315
  4.941162   0.002316
  4.942040   0.002317
  4.942919   0.002318
  4.943797   0.002319
  4.944675   0.002320
  4.945553   0.002322
  4.946431   0.002323
  4.947309   0.002325
  4.948188   0.002327
  4.949066   0.002330
  4.949944   0.002333
  4.950822   0.002337
  4.951700   0.002341
  4.952579   0.002346
  4.953457   0.002352
  4.954335   0.002358
  4.955213   0.002364
  4.956091   0.002371
  4.956969   0.002379
  4.957848   0.002387
  4.958726   0.002395
  4.959604   0.002387
  4.960482   0.002377
  4.961360   0.002367
  4.962238   0.002357
  4.963117   0.002347
  4.963995   0.002337
  4.964873   0.002326
  4.965751   0.002316
  4.966629   0.002306
  4.967508   0.002296
  4.968386   0.002287
  4.969264   0.002279
  4.970142   0.002271
  4.971020   0.002263
  4.971898   0.002256
  4.972777   0.002249
  4.973655   0.002242
  4.974533   0.002236
  4.975411   0.002230
  4.976289   0.002224
  4.977167   0.002219
  4.978046   0.002215
  4.978924   0.002212
  4.979802   0.002210
  4.980680   0.002208
  4.981558   0.002207
  4.982436   0.002206
  4.983315   0.002207
  4.984193   0.002206
  4.985071   0.002206
  4.985949   0.002205
  4.986827   0.002205
  4.987706   0.002205
  4.988584   0.002205
  4.989462   0.002205
  4.990340   0.002206
  4.991218   0.002207
  4.992096   0.002207
  4.992975   0.002208
  4.993853   0.002210
  4.994731   0.002211
  4.995609   0.002213
  4.996487   0.002215
  4.997365   0.002217
  4.998244   0.002219
  4.999122   0.002222
  5.000000   0.002224
