Wavelength_um,Model_Depth,Transit_Depth,Error,Num_Transits
0.8309,0.013754544434449609,0.013427342714733398,0.0005147845856102159,1.0
0.8318,0.013756138915668088,0.013617359620387251,0.0004764033678635122,1.0
0.8328,0.013757000000000092,0.013927435695515444,0.00047648988272501,1.0
0.8338,0.013757000000000125,0.013351418055116622,0.00046512599430640397,1.0
0.8348,0.013758970398540175,0.014256924206308622,0.0004475793526507807,1.0
0.8357,0.013778836437529465,0.014286410196374624,0.00043780988031907615,1.0
0.8367,0.013762253859791422,0.013471111383342818,0.00043787418187277567,1.0
0.8377,0.01375771216229133,0.014158716352175024,0.000438783598193575,1.0
0.8386,0.013765737399281398,0.01388842286353668,0.00043475039598378875,1.0
0.8396,0.013772370449874366,0.0135300767217596,0.00042929067711190304,1.0
0.8406,0.013757000000000016,0.013403173289789785,0.0004258405249408065,1.0
0.8415,0.013811736445933198,0.014306970862424887,0.000427194841320563,1.0
0.8425,0.013778974455415793,0.013968482984511045,0.0004323277244750875,1.0
0.8435,0.013761459100909954,0.014166280299123155,0.00044391044931695034,1.0
0.8445,0.013760969242317329,0.01379772174433293,0.00046900963205906063,1.0
0.8454,0.013759832656799684,0.01459090150020246,0.0005033954417660226,1.0
0.8464,0.013757000000000066,0.012731081475383542,0.0005264132164946392,1.0
0.8474,0.013757666688582746,0.014355354578671313,0.0005291617080278997,1.0
0.8483,0.013758999999999936,0.013576475528604111,0.0005243220838925431,1.0
0.8493,0.013759496613774139,0.014172841193099072,0.0005304570893689726,1.0
0.8503,0.013759364448725437,0.013469396665685439,0.0005406902415801721,1.0
0.8512,0.01375899999999991,0.01342827736915493,0.0005375372046851571,1.0
0.8522,0.013761398536477969,0.013375851738420543,0.0005247296282426941,1.0
0.8532,0.013763874899672146,0.013494961287142612,0.000503342044130993,1.0
0.8542,0.013764542103430696,0.014018078319927185,0.00047599959933342946,1.0
0.8551,0.013759101339479232,0.013016337349419649,0.0004534011188158892,1.0
0.8561,0.013759759655133472,0.013914017894207669,0.0004412156427237173,1.0
0.8571,0.013759000000000068,0.013846397249552878,0.00043688389424897977,1.0
0.858,0.013758596833200815,0.013739086934720524,0.0004336096218234567,1.0
0.859,0.013758542172186364,0.013530157011090121,0.00043091115300432744,1.0
0.86,0.01375968110968692,0.013688700411050475,0.0004287907675836274,1.0
0.861,0.013758359905625446,0.013770002474249258,0.00042584393845493135,1.0
0.8619,0.013758845070571724,0.0136868615660366,0.0004236095468307486,1.0
0.8629,0.013758017043581471,0.014064363784388077,0.00042324913610738534,1.0
0.8639,0.013759000000000063,0.01383910423590016,0.00042231880094332325,1.0
0.8648,0.013758853102108334,0.012974438980293752,0.00041965374015984626,1.0
0.8658,0.01375828590327896,0.013467658073233978,0.0004187774785620137,1.0
0.8668,0.01375942484077949,0.013286875726416384,0.00041978632623261266,1.0
0.8677,0.013759999999999937,0.013839611537738626,0.000418302600094739,1.0
0.8687,0.013760587730598897,0.013626142094605932,0.0004111198640485504,1.0
0.8697,0.013762453336198613,0.013677376407968204,0.0003970568460577307,1.0
0.8707,0.013762134394400178,0.014436099683681584,0.0003840450097334722,1.0
0.8716,0.013762000000000003,0.014129178447954133,0.0003764514468197275,1.0
0.8726,0.013762056990838548,0.013655216882871258,0.0003712622153362602,1.0
0.8736,0.01376333026832112,0.013405052910242396,0.00036723383857409847,1.0
0.8745,0.01376096228152034,0.013026211961702974,0.000364753736135505,1.0
0.8755,0.013763342691543246,0.013042650256952452,0.00036264022731486264,1.0
0.8765,0.013759529600808127,0.014123546677583736,0.00036000402227645247,1.0
0.8774,0.013759989717911054,0.013774813634285002,0.00035531494783872983,1.0
0.8784,0.013761633289011302,0.013811285748174565,0.0003495934816202954,1.0
0.8794,0.013761999999999943,0.013808004669837996,0.00034629480941725547,1.0
0.8803,0.013759608250311943,0.014290115255029014,0.0003449792532810244,1.0
0.8813,0.013764617124379507,0.013313643962137849,0.0003438499870450847,1.0
0.8823,0.013764150214480813,0.013423045958072845,0.0003427396689062113,1.0
0.8833,0.013766212991332199,0.01410052007079144,0.00034213569087081154,1.0
0.8842,0.01376628595585034,0.013754674916519098,0.0003429021213029437,1.0
0.8852,0.01376550808041527,0.014014023603491438,0.00034762239210458395,1.0
0.8862,0.013771611703229587,0.013638294199895292,0.0003577042764631758,1.0
0.8871,0.013784186214147495,0.013241950075645516,0.00036618746009496297,1.0
0.8881,0.013806934643321785,0.01359194731094243,0.0003615217472002888,1.0
0.8891,0.013847529181890778,0.014064650820460522,0.0003469942835029334,1.0
0.89,0.013854999999999897,0.013902879750689795,0.00033689422921921226,1.0
0.891,0.013931576173100344,0.013808103142531655,0.00033280305589988683,1.0
0.892,0.013982914475594077,0.013412110063174528,0.0003278785914753686,1.0
0.893,0.0139799124451466,0.013749547458450462,0.00032467203096609684,1.0
0.8939,0.013941255398022509,0.01363787816747108,0.0003276376069687205,1.0
0.8949,0.013799971008192522,0.013575630193461526,0.0003312241319954867,1.0
0.8959,0.013801353352366446,0.013994989329722717,0.0003291330939876081,1.0
0.8968,0.013799855751380756,0.013684375346710175,0.00032332237084754155,1.0
0.8978,0.013818814616601343,0.01352290413528766,0.00031442560699120807,1.0
0.8988,0.014024115594068897,0.014180738728237434,0.00030727806340589254,1.0
0.8998,0.013955892800659257,0.013495879833612433,0.0003093585155100183,1.0
0.9007,0.013906761053845607,0.013515140643306077,0.0003178157679417608,1.0
0.9017,0.013820846544478493,0.013785283981353097,0.0003221019544398035,1.0
0.9027,0.013787255901415007,0.013888986126603123,0.000318254879900934,1.0
0.9036,0.013786595236202358,0.013610258924183171,0.00031067483813440816,1.0
0.9046,0.013883669057937375,0.01396259046085906,0.000303610552004287,1.0
0.9056,0.013870512453909141,0.014335068906428905,0.00029898485951103463,1.0
0.9065,0.01378382965247773,0.013374359493541182,0.00029664171378964826,1.0
0.9075,0.013785783163303018,0.01347011407369258,0.0002955087958641349,1.0
0.9085,0.01383444508745015,0.013855322360154045,0.0002913014646585311,1.0
0.9095,0.013788674373731068,0.013574405888599105,0.0002849493551881304,1.0
0.9104,0.013822510038436785,0.01341612918895783,0.0002823904281398552,1.0
0.9114,0.013822008355303604,0.013829383532538502,0.00028342091899393384,1.0
0.9124,0.013812118695568249,0.01363952298695343,0.00028336101224590843,1.0
0.9133,0.013818769222867833,0.013697188051265272,0.00028060053228369075,1.0
0.9143,0.013777945218635934,0.013944890620858,0.00027644749357103206,1.0
0.9153,0.013781873695573372,0.013379748048459978,0.0002723379593404718,1.0
0.9162,0.013786355312451707,0.013308313638754508,0.00026987743568867884,1.0
0.9172,0.013771483429350388,0.013917108328106926,0.00026902229750062423,1.0
0.9182,0.013762272928179385,0.01407297620029373,0.0002688359483617297,1.0
0.9192,0.013824901777697655,0.013797563383761391,0.00027045114773160045,1.0
0.9201,0.013756828947323626,0.013277152435076496,0.0002746133490181806,1.0
0.9211,0.013844089326558577,0.013672544489144638,0.000278964485941855,1.0
0.9221,0.013952099663457848,0.013429832359973312,0.00028302500750990747,1.0
0.923,0.013757898758169115,0.013891786967454845,0.00028677433236392724,1.0
0.924,0.01375555925375329,0.013841632795699542,0.0002867102647063535,1.0
0.925,0.013762283721285242,0.013876529261638052,0.00028338207943548157,1.0
0.9259,0.01376066071217042,0.013868539011279811,0.0002820690343884652,1.0
0.9269,0.01375555111989769,0.013870075950930637,0.00028628581023456477,1.0
0.9279,0.013759000371476728,0.013705649925233198,0.0002949144823860911,1.0
0.9288,0.013779400671331214,0.013824759465723301,0.00030147543631715775,1.0
0.9298,0.01378876878057149,0.013744427467887302,0.000300909204139596,1.0
0.9308,0.013757302984845931,0.013810217589313693,0.00029524689565611393,1.0
0.9318,0.013886157480452714,0.013656310598175313,0.00028810085916561984,1.0
0.9327,0.013923000912142304,0.01366646378245041,0.00028243317252660987,1.0
0.9337,0.013784838497326998,0.013875304321287214,0.000280573370296014,1.0
0.9347,0.013774612506006258,0.013615494958433262,0.00027932822517337747,1.0
0.9356,0.013757699631189254,0.013913865603425378,0.00027780991178026154,1.0
0.9366,0.01376670889813151,0.013310625222475852,0.0002805705563106218,1.0
0.9376,0.013950442301374447,0.013631803128129793,0.0002862194295031961,1.0
0.9385,0.013848787167386222,0.013844012727206166,0.0002883066175236971,1.0
0.9395,0.013922896176070959,0.013842131645814902,0.00028595033718977706,1.0
0.9405,0.01425063818600946,0.014449982373962427,0.00028369339742667947,1.0
0.9415,0.013885382708942734,0.01375514394328361,0.0002819835269192919,1.0
0.9424,0.013881948201080801,0.013836342904001223,0.000278404521149898,1.0
0.9434,0.013829191134190011,0.014318973895734135,0.00027436792787718207,1.0
0.9444,0.01378196541941737,0.014117781384977648,0.0002710872545335724,1.0
0.9453,0.013758185668536902,0.013387812082603104,0.00026717621103447006,1.0
0.9463,0.01433762880503452,0.014455880995690102,0.00026355056947435177,1.0
0.9473,0.013754999999999929,0.013961448547117413,0.0002623115592807304,1.0
0.9482,0.013754999999999936,0.013988304803945762,0.0002635746664939154,1.0
0.9492,0.013755510192566983,0.014011490274107247,0.00026715651667833353,1.0
0.9502,0.013756605898329248,0.014197342067323005,0.00027049890230290637,1.0
0.9512,0.01375600000000008,0.013854999123034463,0.0002712628924763375,1.0
0.9521,0.013817944943669233,0.013848296721288678,0.0002683894922700927,1.0
0.9531,0.013844022927671649,0.013828499447260313,0.0002629883972297376,1.0
0.9541,0.013769715280180938,0.013770039594392727,0.00025844444668805295,1.0
0.955,0.013757000000000073,0.013199664050911693,0.00025445704188072093,1.0
0.956,0.013760995309503926,0.0139612099359134,0.00024963725574706424,1.0
0.957,0.013759615843181599,0.014021935384101607,0.00024525960236961903,1.0
0.958,0.013779858838361803,0.01384747553866104,0.00024289298384187874,1.0
0.9589,0.013785189524865639,0.013635080227574562,0.00024287201891676888,1.0
0.9599,0.013777956940748537,0.013909267388369258,0.00024425061229668666,1.0
0.9609,0.0137720066459109,0.014249087537558285,0.00024489475200570863,1.0
0.9618,0.0137670181048401,0.013549463461800788,0.0002444236537550481,1.0
0.9628,0.013855046654190259,0.014003514451414211,0.0002440808740922931,1.0
0.9638,0.01387003277663911,0.013605641249472215,0.00024417983230302,1.0
0.9647,0.01377383337805542,0.013871438329756366,0.00024436368915038893,1.0
0.9657,0.013760044385788437,0.013902432496943305,0.0002451265389293833,1.0
0.9667,0.013761733564702675,0.01372522153201884,0.000245418640444079,1.0
0.9677,0.013780776136864903,0.013796230132644048,0.00024323003539870048,1.0
0.9686,0.013800151475667223,0.014223967249239544,0.00023974133303056482,1.0
0.9696,0.01377351478150417,0.014057323507943462,0.00023677057629909856,1.0
0.9706,0.013769255064023432,0.013435425772896588,0.00023514374659860214,1.0
0.9715,0.01376635082061945,0.01361215069834989,0.00023502940834402205,1.0
0.9725,0.013765999999999905,0.013513178120435763,0.00023603600661162256,1.0
0.9735,0.013780815733055826,0.013646303154353697,0.00023670130825843047,1.0
0.9744,0.01377439194639711,0.013575414607765726,0.00023614773808566176,1.0
0.9754,0.013764899442008052,0.013674036990659987,0.00023539501997268394,1.0
0.9764,0.013781326386818803,0.013779864753176508,0.0002351328411301833,1.0
0.9773,0.013797374742692393,0.013635747251111136,0.00023432178573491147,1.0
0.9783,0.013770041142396432,0.014102861397479106,0.0002331155919842285,1.0
0.9793,0.013786107968688814,0.013698986832372818,0.00023204299353771178,1.0
0.9803,0.013875329156115316,0.013772957098830134,0.0002303503217151097,1.0
0.9812,0.013815126184589738,0.014000747702602323,0.0002285295031089593,1.0
0.9822,0.013787173634062113,0.013605849417277941,0.00022732525812506102,1.0
0.9832,0.013777369536646189,0.01386288981261496,0.0002271437554105826,1.0
0.9841,0.01377700000000001,0.013705803298888113,0.00022804288412393275,1.0
0.9851,0.013778999999999939,0.013934631928782117,0.00022866144820767297,1.0
0.9861,0.013780098032002005,0.013671582849399311,0.0002278078061855074,1.0
0.987,0.013790180574905313,0.0139463412593775,0.00022688164593370552,1.0
0.988,0.013819245238128195,0.014002746508746952,0.0002276619752031458,1.0
0.989,0.013795809198210152,0.014156512446954348,0.00023003833997043774,1.0
0.99,0.013812062187716285,0.013592622574431428,0.00023189861235287532,1.0
0.9909,0.013789283708711374,0.013503167155767366,0.0002320813670876987,1.0
0.9919,0.013771482793629853,0.013935130626903493,0.00023035050862395138,1.0
0.9929,0.013796598504928943,0.014480950080499542,0.0002276631670032231,1.0
0.9938,0.013828683206114953,0.014078189494121696,0.000225796864650319,1.0
0.9948,0.013778896976410117,0.013943897354306378,0.00022478908925705325,1.0
0.9958,0.013792000000000009,0.013734537419856585,0.00022394621006177073,1.0
0.9968,0.013788327968692882,0.014069822432245442,0.00022300591243252068,1.0
0.9977,0.013783516523358949,0.013928234635089166,0.00022227763722572588,1.0
0.9987,0.013783621893732811,0.01359879847465359,0.00022197524642889583,1.0
0.9997,0.013777152518900219,0.013926079084385081,0.00022177006993500826,1.0
1.0006,0.013771856581529312,0.01387185599521712,0.00022075896366353665,1.0
1.0016,0.01377932374004452,0.013713687769741018,0.0002193458239494128,1.0
1.0026,0.013834685596005468,0.013716922579132151,0.00021835977781550726,1.0
1.0035,0.013815350727750402,0.013551808858160418,0.00021775867494100196,1.0
1.0045,0.01382126687324892,0.013736088883427217,0.00021718365023405708,1.0
1.0055,0.01381912996266054,0.01383788941540143,0.00021648990230101707,1.0
1.0065,0.013794936127439034,0.013974864410304703,0.0002159446838371348,1.0
1.0074,0.01378694189793362,0.014111954887358015,0.00021557744529699714,1.0
1.0084,0.01378666738425847,0.013656260335177643,0.00021497325447084278,1.0
1.0094,0.013783774441416841,0.01372501603105287,0.0002144249663195325,1.0
1.0103,0.013783000000000127,0.01395341817075351,0.0002142776497348849,1.0
1.0113,0.013782999999999981,0.014086000339423263,0.00021368432670563993,1.0
1.0123,0.013773109231508393,0.013641004855116871,0.00021264827226793488,1.0
1.0132,0.013775599698842251,0.013846611672375865,0.00021304127857326447,1.0
1.0142,0.013788177422803596,0.013799325721622714,0.000215576940622764,1.0
1.0152,0.013806335497132822,0.013725280667838494,0.00021805385096440802,1.0
1.0162,0.013801997885945327,0.014104147681256335,0.00021753679881225866,1.0
1.0171,0.01377939884701965,0.01382918724593508,0.00021495074647670144,1.0
1.0181,0.013776713337053239,0.013785409892488849,0.00021348143169881307,1.0
1.0191,0.013780407520685139,0.013318640607687143,0.0002139315048393973,1.0
1.02,0.01378275394288495,0.013975796517088315,0.0002145340115306037,1.0
1.021,0.013778808278042507,0.013812145355306144,0.0002135664301562804,1.0
1.022,0.01376993873534551,0.013673846366271399,0.00021151707739516828,1.0
1.0229,0.013783854414850865,0.01362921667421747,0.00020986573126408547,1.0
1.0239,0.013773046587550603,0.013859222421554762,0.00020952491862845157,1.0
1.0249,0.013771913347526747,0.01377913030868324,0.00021077244240098362,1.0
1.0258,0.013776372355241512,0.013460011265513447,0.0002130660891902026,1.0
1.0268,0.013790553097170878,0.014079366505485849,0.00021461796500037224,1.0
1.0278,0.01378789469008712,0.013838979362792023,0.00021365783435783593,1.0
1.0288,0.01377243490941212,0.013601720050658623,0.0002110311022323136,1.0
1.0297,0.013768232206774696,0.013687262729022629,0.000209704709378687,1.0
1.0307,0.013771368804132206,0.014152822081368234,0.00021197412860315547,1.0
1.0317,0.01377860378194152,0.013989646769087167,0.00021639258175325238,1.0
1.0326,0.013783422848203502,0.014251502654345417,0.00021805080845859146,1.0
1.0336,0.013777273410649346,0.014067406959732725,0.00021509270124397202,1.0
1.0346,0.013775497699937387,0.01388824954261704,0.0002115522300118063,1.0
1.0356,0.013773076490971464,0.01359524381629949,0.0002103118946202314,1.0
1.0365,0.013768668695262835,0.013629330652218394,0.00021013149714562391,1.0
1.0375,0.013766195649781513,0.014264295347571058,0.0002100521314864728,1.0
1.0385,0.01376599999999994,0.01402656507200314,0.00021156729987697253,1.0
1.0394,0.013766968088267316,0.013486601242713312,0.00021329144141069562,1.0
1.0404,0.013763571625381499,0.013783171516932518,0.00021182783357399985,1.0
1.0414,0.01375975403673184,0.013542940400185435,0.0002094215747460428,1.0
1.0423,0.013759812238517277,0.014217624710786952,0.00020938617163792175,1.0
1.0433,0.013761591079025502,0.01387593323383294,0.0002102455774500341,1.0
1.0443,0.013760999999999973,0.014088318176580628,0.00020853214082070364,1.0
1.0452,0.013761572881859523,0.013502526680577432,0.00020511270982943663,1.0
1.0462,0.013771966421453197,0.013730552439300813,0.00020310869505770773,1.0
1.0472,0.01377770151372048,0.013858568598816654,0.0002024261837824118,1.0
1.0482,0.01375723863899837,0.014094994539285189,0.00020184625025200084,1.0
1.0491,0.013756999999999965,0.014071159048845249,0.00020168666244470783,1.0
1.0501,0.013756999999999988,0.013478702365653796,0.00020316179534555476,1.0
1.0511,0.013756708410432576,0.013691416390889229,0.0002062921492634113,1.0
1.052,0.01375568367943515,0.013947076840898808,0.00020791211968192034,1.0
1.053,0.013754999999999962,0.013723240045551347,0.00020465581994932096,1.0
1.054,0.013757373667549725,0.013783217490682731,0.00019935716745483317,1.0
1.0549,0.013763329557110399,0.013693400286167348,0.00019617309203058843,1.0
1.0559,0.013756911466733234,0.013455369990703117,0.0001949733422156947,1.0
1.0569,0.013753999999999959,0.013813732877624623,0.00019465868241057963,1.0
1.0579,0.013755034113820988,0.013499758321694682,0.00019531300205711556,1.0
1.0588,0.013755999999999956,0.01374530287455517,0.00019641987737359061,1.0
1.0598,0.013755603579041008,0.014164276964691327,0.0001960029486043417,1.0
1.0608,0.013753999999999976,0.013622882356255406,0.00019418819228360896,1.0
1.0617,0.013754362171364349,0.01388935081997096,0.00019286576254161117,1.0
1.0627,0.01375449939341538,0.013491561210608292,0.00019251020473982973,1.0
1.0637,0.013753999999999957,0.013588352375294316,0.00019294139153778326,1.0
1.0647,0.013755555825600589,0.013979402570293889,0.00019357230144283191,1.0
1.0656,0.013756000000000082,0.01362019862181718,0.0001934184813622424,1.0
1.0666,0.013754116252629782,0.013512977920096234,0.00019253633716260688,1.0
1.0676,0.013753920259879756,0.013431508509813624,0.00019175457194382315,1.0
1.0685,0.01375299999999995,0.013899959020331752,0.00019114934107801698,1.0
1.0695,0.013752999999999967,0.013921144990707549,0.0001905969196572352,1.0
1.0705,0.01375338270639241,0.01373254365259624,0.00019010546914493222,1.0
1.0714,0.013754407797663503,0.013886314473316697,0.00018956723314660355,1.0
1.0724,0.013754453954642342,0.013745156054307026,0.00018915446475557942,1.0
1.0734,0.013753315466287799,0.013474065365478948,0.00018933646113686336,1.0
1.0743,0.013753709624983406,0.014070694335957402,0.00019040223067092786,1.0
1.0753,0.013753151505402858,0.013632791970564781,0.00019114930732685626,1.0
1.0763,0.013752999999999967,0.013834773060087324,0.00019007516178617834,1.0
1.0773,0.013753000000000033,0.013576148259800367,0.00018806105394152345,1.0
1.0782,0.013753150321917075,0.013644033715199799,0.00018660630219991713,1.0
1.0792,0.013753999999999985,0.013884097979425553,0.00018600237837473817,1.0
1.0802,0.013754000000000082,0.013870384138917996,0.00018598508731405153,1.0
1.0811,0.013754453288189153,0.013627651754948806,0.00018599653932939347,1.0
1.0821,0.013755000000000002,0.013736877363616586,0.0001855933174687234,1.0
1.0831,0.013754999999999904,0.013956594874121944,0.00018482726730351424,1.0
1.0841,0.013754999999999986,0.013774928394151299,0.00018411744393043077,1.0
1.085,0.01375410587910383,0.013821259339979705,0.00018397075466948813,1.0
1.086,0.013754967009490065,0.013649506996159964,0.0001843942200480981,1.0
1.087,0.013754171800224932,0.013913968423820689,0.00018461503426915298,1.0
1.0879,0.013757155430378726,0.013849058966696708,0.00018423719202508208,1.0
1.0889,0.013763321457361035,0.014080885616320881,0.00018403003390145175,1.0
1.0899,0.013756578530348463,0.013942581482969632,0.0001846693611878207,1.0
1.0908,0.013755997828976721,0.014092003614213838,0.00018534230515111,1.0
1.0918,0.013792715909710162,0.013670155218582294,0.0001846081923484016,1.0
1.0928,0.013774980617284462,0.014166039904915034,0.00018282318091980695,1.0
1.0938,0.013758512879095752,0.013640398736883297,0.00018159507123297134,1.0
1.0947,0.013757060388578235,0.013878006854157817,0.00018137491761393434,1.0
1.0957,0.013777820747862097,0.013834656596368726,0.0001817675381394754,1.0
1.0967,0.013762260108617514,0.013402432040593812,0.00018229418654701433,1.0
1.0976,0.013755999999999944,0.013834451786800253,0.00018239906757844604,1.0
1.0986,0.013757141332387297,0.01377245342103743,0.00018203453694914682,1.0
1.0996,0.013763154509941996,0.013958890467851655,0.00018165994161580576,1.0
1.1005,0.01379966430083601,0.013306518623960257,0.00018181816005853583,1.0
1.1015,0.013790779248735004,0.014167672954897587,0.0001832016557814044,1.0
1.1025,0.013764143865487785,0.013450311727531406,0.00018556571747236857,1.0
1.1034,0.013790771899351514,0.013849075316885067,0.00018695368494750573,1.0
1.1044,0.014085659890020627,0.014127205883558456,0.00018701826478422317,1.0
1.1054,0.013820408028613458,0.013312958283712237,0.00018743307749229937,1.0
1.1064,0.01378536887277931,0.01395629206651699,0.00018717178171422197,1.0
1.1073,0.013778287876116095,0.013937435343323696,0.00018506015147633546,1.0
1.1083,0.013784537150511192,0.013726548540321922,0.0001828255585556835,1.0
1.1093,0.013785785659538108,0.013658202551856971,0.0001818173197741172,1.0
1.1102,0.013778049843434143,0.014038107102131056,0.00018147494858892913,1.0
1.1112,0.01378256010834117,0.013973010116897418,0.00018128629849932062,1.0
1.1122,0.013782396281057725,0.013846372539453648,0.00018103109790984403,1.0
1.1132,0.01378097745209779,0.013730749586136312,0.0001804674026252474,1.0
1.1141,0.01377859786883034,0.013961448440039588,0.00017984409710917364,1.0
1.1151,0.013838844550773572,0.013568568084879055,0.0001796369116788842,1.0
1.1161,0.01389687530392448,0.01379123367599907,0.00017979317252825666,1.0
1.117,0.013941332097571046,0.01376342357443199,0.00017994449733171351,1.0
1.118,0.013960064147532118,0.01386846032814527,0.00017969704328113113,1.0
1.119,0.013931610430567625,0.013903973663337645,0.0001788681421168054,1.0
1.1199,0.014026692753976553,0.014165064130862498,0.0001780082380048619,1.0
1.1209,0.013871103121737921,0.01366267283167875,0.0001775044773092339,1.0
1.1219,0.013806346412641342,0.013210017040362938,0.00017708992986537172,1.0
1.1228,0.01386412006689776,0.013705705229033058,0.00017675594431537292,1.0
1.1238,0.013913320199988076,0.014012058555749928,0.00017690249714577132,1.0
1.1248,0.013883745361137028,0.013830742523082699,0.00017769047612417466,1.0
1.1258,0.013842915409062078,0.014022246874496271,0.0001782286017416483,1.0
1.1267,0.013829620679181878,0.013998065496933181,0.00017795136410764207,1.0
1.1277,0.013839869619089592,0.013781327730227482,0.00017773415762310514,1.0
1.1287,0.013855904511801461,0.013683544596339773,0.0001780892355340668,1.0
1.1296,0.013830391778202892,0.013639876286453365,0.00017820084132879894,1.0
1.1306,0.013798139591712272,0.013758721847848827,0.0001774667546406264,1.0
1.1316,0.013777696606638237,0.013973952504100556,0.00017624756303056982,1.0
1.1326,0.013889317665890834,0.014034936403861595,0.0001751135670076052,1.0
1.1335,0.0141222306339463,0.013981620619664827,0.0001742883117588868,1.0
1.1345,0.014127920666914043,0.014260866137461586,0.000173896448833992,1.0
1.1355,0.013832600279927562,0.013646367229896204,0.00017385131076793085,1.0
1.1364,0.013907191607829434,0.013832190764801524,0.00017417639755347173,1.0
1.1374,0.013957187872286779,0.013900232117476041,0.0001750790336636025,1.0
1.1384,0.013908581431291095,0.014023500402977318,0.00017608998956331238,1.0
1.1393,0.01389628033603692,0.01389448479767583,0.00017699222034834138,1.0
1.1403,0.013881746627338494,0.013898784902729241,0.00017852112123167385,1.0
1.1413,0.013844873617393862,0.014136663392392492,0.00018077095105393967,1.0
1.1422,0.01381773928138633,0.01380537046407111,0.00018214826733044343,1.0
1.1432,0.01384719161249565,0.014028685131560756,0.0001805899843939446,1.0
1.1442,0.013893218504973024,0.013848378760095967,0.00017704903041069637,1.0
1.1452,0.014077948067980189,0.014155541265952375,0.00017454699673192617,1.0
1.1461,0.014098107766049419,0.013974143916295766,0.00017408353973447367,1.0
1.1471,0.013899799787968823,0.013999814333659426,0.00017467353545425526,1.0
1.1481,0.013885242383963372,0.01380053162602075,0.00017495133242402316,1.0
1.149,0.013929246837920139,0.013913828844118912,0.00017455432004294906,1.0
1.15,0.01401944643900006,0.014021332303365736,0.00017370021687012932,1.0
1.151,0.013880055738514268,0.01395632230164287,0.0001726198236541612,1.0
1.1519,0.013926439419118126,0.013803724508487079,0.00017161352133139817,1.0
1.1529,0.014020555542756868,0.014451222833984291,0.00017112488689776084,1.0
1.1539,0.014072588041327343,0.014084911496946264,0.00017119550558264323,1.0
1.1549,0.014240823152207715,0.014511857655926884,0.0001715957020896171,1.0
1.1558,0.01435824862391967,0.014423746550421673,0.0001724464691985374,1.0
1.1568,0.014325985581313191,0.014472485756003165,0.0001747225424573247,1.0
1.1578,0.014176479185692346,0.014066820932913662,0.00018040239662456866,1.0
1.1587,0.014248037191543144,0.014394579931913832,0.0001893444209378812,1.0
1.1597,0.014211680825704934,0.014256805004285597,0.00019408701371015886,1.0
1.1607,0.01401050037954928,0.014111844934888785,0.00018753071357767513,1.0
1.1617,0.014166379929058073,0.014261646322526734,0.0001781390923826829,1.0
1.1626,0.014076887306465027,0.013810468090577642,0.00017304533445405986,1.0
1.1636,0.01390185847038659,0.01400545943711101,0.0001713820154816473,1.0
1.1646,0.013880489515248083,0.013758205477184926,0.00017084661680521736,1.0
1.1655,0.01405201276627958,0.0141409150169108,0.0001702867191105456,1.0
1.1665,0.013950754540089217,0.013504632932479275,0.00016974184519155338,1.0
1.1675,0.013842130678595459,0.014208887570618113,0.00016963229496937368,1.0
1.1684,0.013888485998323158,0.013959155990276088,0.0001703147140959286,1.0
1.1694,0.013999198123314894,0.013925138522764698,0.0001709676748598705,1.0
1.1704,0.014080925958090252,0.014181341047793177,0.00017057503297123974,1.0
1.1713,0.014050321226271952,0.01358243402869588,0.00016996028385206043,1.0
1.1723,0.014106694505684898,0.013775534812751303,0.00016988664206350656,1.0
1.1733,0.014138630374030781,0.014171027971311496,0.0001702656029727576,1.0
1.1743,0.014081230128781312,0.014493859420581972,0.0001708391300482429,1.0
1.1752,0.014038932290253258,0.01395296826941145,0.00017159605534615316,1.0
1.1762,0.01401579344581309,0.013741886394896954,0.00017379032323502867,1.0
1.1772,0.013974948440247768,0.013876608814323005,0.00017859819572795506,1.0
1.1781,0.013903644753075397,0.013623795530332853,0.0001831664239154203,1.0
1.1791,0.013920149064813477,0.014171775035390634,0.00018214626637186903,1.0
1.1801,0.01393347588697715,0.013731244166945945,0.00017629813168365915,1.0
1.1811,0.01388450768786629,0.013563739632566078,0.00017151384347810855,1.0
1.182,0.013865845996505196,0.013640087406037804,0.00016963360166102212,1.0
1.183,0.013890291627314682,0.013639497251682144,0.00016923391274307011,1.0
1.184,0.013970323661647705,0.01432909487235627,0.00016896279070703155,1.0
1.1849,0.014048603018237103,0.014161970105542192,0.0001685433888076619,1.0
1.1859,0.013961018109506172,0.013989651481466971,0.00016828286048406493,1.0
1.1869,0.013848181379878784,0.013984143214646283,0.00016851413604291896,1.0
1.1878,0.013856318255662175,0.013638713551246765,0.00016910482809432488,1.0
1.1888,0.01387733420565352,0.013783273686574187,0.00016937574725706925,1.0
1.1898,0.013906738834789571,0.013870291079555163,0.0001687420566526303,1.0
1.1908,0.013953130809757752,0.014094926634461656,0.00016807655174614798,1.0
1.1917,0.013960707902147934,0.013932654749086304,0.0001683191617565556,1.0
1.1927,0.013903048498915266,0.01376281220229979,0.0001691900570142844,1.0
1.1937,0.013885557800701423,0.013910818670217215,0.00016986011287637616,1.0
1.1946,0.013875112867272823,0.013898266714247985,0.00016993370246747654,1.0
1.1956,0.013870488498383782,0.013699830725503301,0.00016967550413819955,1.0
1.1966,0.01385145530043779,0.013717926338558476,0.00016972088460231996,1.0
1.1975,0.013818992112351984,0.01381574850041785,0.00017012429700705847,1.0
1.1985,0.013817420786490509,0.013829879699990546,0.00017003824223959336,1.0
1.1995,0.013857390875197214,0.014143068657518798,0.00016915323048809168,1.0
1.2004,0.0138764236432817,0.013778289750997843,0.00016791355754655813,1.0
1.2014,0.013857250195340355,0.013331279988594411,0.0001667649236497158,1.0
1.2024,0.013814396607486951,0.013739476127721079,0.0001660471801562466,1.0
1.2034,0.013814624362155067,0.013989479993277586,0.00016580441832925142,1.0
1.2043,0.013811305906943027,0.014016665132384473,0.00016580866360563042,1.0
1.2053,0.013793112160841229,0.013780937550115778,0.000165854220637131,1.0
1.2063,0.013790021663118074,0.013822551215456924,0.00016597318480675343,1.0
1.2072,0.013790999999999904,0.013993900428949909,0.0001663291310279485,1.0
1.2082,0.013788970664439206,0.013739951790260616,0.00016693652660428556,1.0
1.2092,0.013778059057370564,0.013822504317171,0.00016750815418735215,1.0
1.2102,0.013774462360051901,0.013963651987837887,0.00016758024378886455,1.0
1.2111,0.013775487451322928,0.013930450345336876,0.0001669559735685486,1.0
1.2121,0.01382987527709123,0.013854317980821552,0.0001660375831237213,1.0
1.2131,0.013806959193519444,0.014048140812247648,0.0001655145241289044,1.0
1.214,0.013780528656283934,0.013837268864874703,0.000165389127849208,1.0
1.215,0.013774286863878587,0.013508606579842774,0.00016535748582330033,1.0
1.216,0.013773402921863593,0.01371167852477089,0.00016536421726367622,1.0
1.2169,0.013778355020195582,0.013620128982892662,0.00016540195099281336,1.0
1.2179,0.013770159109198297,0.013950396099103545,0.00016541439650941716,1.0
1.2189,0.013763631019036028,0.013576726617958109,0.00016539533270320612,1.0
1.2198,0.01376299999999997,0.013698295761583152,0.0001652916968230178,1.0
1.2208,0.013774194630068987,0.013823414437393341,0.00016505077062171236,1.0
1.2218,0.013776608580404701,0.013993607182616672,0.000164726619408715,1.0
1.2228,0.013763279639546966,0.013795130565199574,0.0001644808048615802,1.0
1.2237,0.013788551863094722,0.013797071238130643,0.00016443706832585766,1.0
1.2247,0.013894298779255045,0.013820714441723317,0.00016452508781548156,1.0
1.2257,0.01376454888022712,0.01362990071818488,0.00016477465770968984,1.0
1.2266,0.013760448515142501,0.013578234345071388,0.00016501958514897135,1.0
1.2276,0.013757552851983816,0.013586884128380631,0.0001651891196356211,1.0
1.2286,0.013761902250841663,0.013804622821047066,0.00016523159011636328,1.0
1.2296,0.013761018708109507,0.013819699197223154,0.00016531895517315164,1.0
1.2305,0.013756999999999844,0.013778697432946687,0.00016585962168392276,1.0
1.2315,0.013757717573535317,0.013903990250362333,0.00016692311013626916,1.0
1.2325,0.013757999999999994,0.014010219612237954,0.00016746039496550025,1.0
1.2334,0.013757119604532039,0.013546125024213873,0.0001666433175987735,1.0
1.2344,0.013757000000000087,0.013440772973935106,0.00016526888704812873,1.0
1.2354,0.013757633081874974,0.013830102178081583,0.00016435312025383096,1.0
1.2363,0.013760816638260065,0.013832290157715659,0.00016401624078752754,1.0
1.2373,0.013758711998463171,0.013864400581989463,0.00016399073016053355,1.0
1.2383,0.013755539902211487,0.013835275617497892,0.00016407040571528878,1.0
1.2392,0.013754999999999974,0.01402819385047286,0.00016414149648078078,1.0
1.2402,0.013754375805552705,0.01334759304967317,0.00016425815845030713,1.0
1.2412,0.013754000000000058,0.013646968099431493,0.00016465380146427893,1.0
1.2422,0.013754000000000117,0.013762006976731661,0.00016529886999000633,1.0
1.2431,0.013754000000000084,0.014021528234809002,0.00016577169808786786,1.0
1.2441,0.01375606489138051,0.013923539698276132,0.00016571056876513637,1.0
1.2451,0.013756592206464096,0.013885624261279332,0.00016514923235519085,1.0
1.246,0.013754771011960803,0.013324715137415587,0.00016466568770967286,1.0
1.247,0.013754367439157072,0.013775359809797218,0.00016462047950087068,1.0
1.248,0.013755000000000057,0.013534965580038843,0.0001647387252047843,1.0
1.2489,0.013754999999999917,0.013739794919317433,0.0001647144933341661,1.0
1.2499,0.013754330315027083,0.013796293776451786,0.00016480645520103087,1.0
1.2509,0.013753999999999987,0.013791447312210879,0.000165474781106033,1.0
1.2519,0.013753052440026397,0.01360822588631893,0.00016655816768993537,1.0
1.2528,0.013753971544701862,0.013882004438061694,0.00016721407852413216,1.0
1.2538,0.013754221035359969,0.014056126527902025,0.00016695153280189015,1.0
1.2548,0.013756249387293553,0.013964464110530714,0.0001662062455074758,1.0
1.2557,0.013756451042870505,0.013803769857923982,0.00016548611504118527,1.0
1.2567,0.01375458651604805,0.013661756203585085,0.0001649254955687978,1.0
1.2577,0.01375455172517716,0.01380039269647545,0.00016467810649213572,1.0
1.2587,0.013754309779999278,0.01392967726250042,0.00016474204310816954,1.0
1.2596,0.013753284688727883,0.013872187176385112,0.0001648512166424806,1.0
1.2606,0.013753000000000067,0.013890944142407633,0.00016483968239117564,1.0
1.2616,0.013753000000000059,0.013806923619098745,0.00016472922860026376,1.0
1.2625,0.013753000000000062,0.013910320518394149,0.00016465105203922038,1.0
1.2635,0.013753156008205527,0.014175945305510581,0.00016474776980550612,1.0
1.2645,0.013754000000000037,0.013587252592518745,0.00016495743479436688,1.0
1.2654,0.013754000000000053,0.01356425213045591,0.00016531065213722243,1.0
1.2664,0.013753541025522141,0.013736361785362172,0.00016604829043614415,1.0
1.2674,0.013753597299569266,0.013864478506209029,0.00016688315413273744,1.0
1.2683,0.013753378067816038,0.013616811892790456,0.00016719168980217102,1.0
1.2693,0.013753000000000085,0.013809776539310127,0.00016683400988698783,1.0
1.2703,0.01375389980718471,0.013629003841790076,0.00016604975293318895,1.0
1.2713,0.013754000000000013,0.013761813038284054,0.00016525985583487702,1.0
1.2722,0.013754000000000195,0.013961398516439997,0.00016473518501184908,1.0
1.2732,0.013754000000000337,0.013661121555254651,0.0001644618236474537,1.0
1.2742,0.013754000000000113,0.01394500356996038,0.00016432183446784944,1.0
1.2751,0.013753634404610464,0.01353030161764959,0.00016424963647277034,1.0
1.2761,0.01375300000000015,0.013882118972997027,0.00016435879624710777,1.0
1.2771,0.01375364347039038,0.013753999567351292,0.0001647176274063081,1.0
1.2781,0.013754000000000089,0.013807282445831064,0.0001650003316795442,1.0
1.279,0.013753999999999864,0.01338002830665794,0.0001649280957943616,1.0
1.28,0.013754000000000259,0.013775108104256011,0.00016480079964213554,1.0
1.281,0.013754084303097571,0.01359519562957769,0.00016507952217515335,1.0
1.2819,0.013755218539831353,0.013616552767829776,0.0001660494462819078,1.0
1.2829,0.013757000000000134,0.013763496777877166,0.00016782835171478722,1.0
1.2839,0.013757386130417633,0.0136649833243429,0.00017012687808194645,1.0
1.2848,0.013758000000000076,0.013670331001446248,0.00017165373018985207,1.0
1.2858,0.01375855009130251,0.013886667786606216,0.0001710243815131521,1.0
1.2868,0.013758310903310065,0.013630393165412204,0.00016914693281986897,1.0
1.2878,0.013758827024362116,0.013652132157447662,0.00016836811538189906,1.0
1.2887,0.013759851918622591,0.013447081201656967,0.00016905472926924105,1.0
1.2897,0.0137599999999999,0.013863048560957878,0.00016980935643249158,1.0
1.2907,0.01375961061912985,0.013836537458026776,0.000169473782446815,1.0
1.2916,0.013756690230211003,0.013875929798915177,0.00016814804682473652,1.0
1.2926,0.013755293555935761,0.013877840752710625,0.0001671299926479075,1.0
1.2936,0.01375729486282972,0.01389430218123347,0.00016704051140513615,1.0
1.2945,0.01375899999999992,0.013707074549839587,0.00016747084219533357,1.0
1.2955,0.013772105787238056,0.013633524092024098,0.00016790816089211488,1.0
1.2965,0.013767042842908396,0.013726593690948608,0.0001679832991660074,1.0
1.2974,0.01376579407116703,0.013762349775746125,0.00016749588494465378,1.0
1.2984,0.013771487724608386,0.01375288567954089,0.00016670603712892127,1.0
1.2994,0.013777745098253111,0.013762821651705252,0.00016618382942138455,1.0
1.3004,0.013770649160154897,0.013859485235089829,0.00016612866713101556,1.0
1.3013,0.013768598977612635,0.013685867537616357,0.00016608473554622039,1.0
1.3023,0.013765983015874013,0.013330793933790329,0.00016585191297967234,1.0
1.3033,0.013769249719667339,0.013856398661413366,0.00016572587641947918,1.0
1.3042,0.013780525723650567,0.013444882858664764,0.00016572432301383943,1.0
1.3052,0.013771252213071988,0.014049339568223858,0.00016569269490594005,1.0
1.3062,0.013759098932426984,0.013910666910475414,0.00016566250586155703,1.0
1.3072,0.013760757249384609,0.013820961701613302,0.00016571932878018194,1.0
1.3081,0.01376288620050685,0.013527401522117734,0.00016583631875093566,1.0
1.3091,0.013765000000000102,0.01388555769797776,0.00016601610947460785,1.0
1.3101,0.013764779089551867,0.01384476223209137,0.00016642303436691382,1.0
1.311,0.013764492003438626,0.013683505655051102,0.000167318829433188,1.0
1.312,0.01376946112190725,0.013836660058515835,0.00016868064397762854,1.0
1.313,0.013779181902144689,0.013663590689139719,0.00016952408176881814,1.0
1.3139,0.013796147896942694,0.013652481084981755,0.00016910577648064832,1.0
1.3149,0.013785708132776598,0.013904901618144198,0.0001681542303145244,1.0
1.3159,0.013766091551517805,0.013859951517856801,0.00016753693406896243,1.0
1.3168,0.01376825397655693,0.013736749073561382,0.00016762242782211855,1.0
1.3178,0.013788773492910845,0.013611999388651493,0.0001682206734010193,1.0
1.3188,0.013793107280479068,0.013678070032024191,0.0001685572177839905,1.0
1.3198,0.01378620038975771,0.013693564073992857,0.00016853660831356058,1.0
1.3207,0.013785458140092816,0.01366345683963435,0.00016892718098149325,1.0
1.3217,0.013786417014206678,0.013580963812620842,0.00016962847721488622,1.0
1.3227,0.013779018014154787,0.013778620469376184,0.00016959030790422152,1.0
1.3236,0.013778967276692734,0.013683137514166924,0.00016887960868839586,1.0
1.3246,0.013797111148947412,0.013497835823834993,0.000168586057194906,1.0
1.3256,0.013809970642715344,0.013750971509776415,0.00016903333048992356,1.0
1.3266,0.013812979600093795,0.014034417246060115,0.00016974414452289638,1.0
1.3275,0.013810858995700441,0.013332384282121407,0.0001704663720113079,1.0
1.3285,0.01381046315318768,0.013933620079220707,0.00017110272048847537,1.0
1.3295,0.013839793118192148,0.014144715496352581,0.00017118702757349966,1.0
1.3304,0.013875416607971982,0.013693842270235287,0.00017071387258573757,1.0
1.3314,0.013896189611108847,0.013836764387841746,0.00017051195930194735,1.0
1.3324,0.013912214408405912,0.013810015217964787,0.00017120439065792658,1.0
1.3333,0.013946752563884893,0.013699838770047079,0.00017269244396557628,1.0
1.3343,0.013893762338625335,0.013959217084707687,0.00017432581108025918,1.0
1.3353,0.013824491673289281,0.0140984597324968,0.00017476818472286217,1.0
1.3362,0.013823767648544769,0.01389558978984102,0.00017395583856669286,1.0
1.3372,0.013851161650934323,0.01401799830976903,0.00017339607069563972,1.0
1.3382,0.013856279722774284,0.013860656698952714,0.0001735940791004322,1.0
1.3392,0.013918786807257841,0.01395610169973737,0.0001745852733982869,1.0
1.3401,0.01404100233231807,0.01397673926430055,0.0001764985403220513,1.0
1.3411,0.014041968241037692,0.01388269177961757,0.00017859119648626527,1.0
1.3421,0.01390451322179289,0.013818965326351167,0.00017910095540480558,1.0
1.343,0.013852890413928756,0.013971965825694823,0.00017755640010072639,1.0
1.344,0.013916875342158361,0.013869246926193613,0.00017546151028747627,1.0
1.345,0.013961798309256621,0.01416754940754788,0.0001743319290929673,1.0
1.3459,0.013967937692177376,0.014025395071250295,0.00017468183808705962,1.0
1.3469,0.014134368678799218,0.014003110201500886,0.00017630399290794897,1.0
1.3479,0.014118371922695072,0.013892321522139105,0.00017802899706017967,1.0
1.3489,0.01403278497908821,0.013925636471652746,0.00017873378200936296,1.0
1.3498,0.013942009409667715,0.013863358689520695,0.0001788974056020217,1.0
1.3508,0.014025834373109123,0.013906217999166567,0.0001794457821894605,1.0
1.3518,0.01426511149545027,0.014386921591592113,0.00018118095791654133,1.0
1.3527,0.014359293312255108,0.014452388944255294,0.00018390349819053683,1.0
1.3537,0.014395941110363209,0.014208857468173141,0.0001861896386242543,1.0
1.3547,0.014095412462030306,0.014092165593534545,0.00018609667492870964,1.0
1.3557,0.01395166282469601,0.014241897940408433,0.00018338040298586906,1.0
1.3566,0.014378929948585093,0.014399866722598152,0.00018035442495151191,1.0
1.3576,0.014688751516400877,0.014550772693977436,0.0001786193280523633,1.0
1.3586,0.014129747966071263,0.01423844316062449,0.00017826616366268513,1.0
1.3595,0.014035787521648961,0.013993537545087944,0.0001799769048831173,1.0
1.3605,0.014007941673852362,0.014050453125291627,0.00018518833191264185,1.0
1.3615,0.014022565993428575,0.014309735529850867,0.00019090194442519492,1.0
1.3624,0.014059158046197347,0.014084816667454666,0.00019135250816784693,1.0
1.3634,0.014061512648389125,0.01419814783028914,0.00018716686271514705,1.0
1.3644,0.014143018132402969,0.01379134301986108,0.00018299827341765738,1.0
1.3654,0.01406508730659412,0.013807053040538078,0.00018068405312400362,1.0
1.3663,0.013885652574621847,0.014025045502115453,0.0001795370634547276,1.0
1.3673,0.013981660783544222,0.013917752418665889,0.00017893232896668118,1.0
1.3683,0.014392199330253857,0.014449696864577763,0.00017882602640955733,1.0
1.3692,0.014416717261034082,0.01437621171839787,0.00017919300194753812,1.0
1.3702,0.014168865114807245,0.014226883815263873,0.00018010478668444106,1.0
1.3712,0.014254625671291063,0.014247532684564702,0.0001818153399509386,1.0
1.3721,0.014396302266766163,0.014269647235792798,0.00018398945352762148,1.0
1.3731,0.014208789126468915,0.014283826757755717,0.00018511271531935198,1.0
1.3741,0.013937080144808248,0.013989980538232766,0.00018427304714787752,1.0
1.3751,0.013990042565982219,0.014195101840745426,0.00018312130003680975,1.0
1.376,0.014114525919216863,0.01439272385565467,0.00018342183618035794,1.0
1.377,0.014152779675471766,0.013908971306022009,0.00018487704034396698,1.0
1.378,0.014127723608898935,0.014139570738179912,0.00018586000295708213,1.0
1.3789,0.014077406354934568,0.014236662422233261,0.00018496542510700246,1.0
1.3799,0.014014807594664403,0.0142162398126481,0.00018303605755118807,1.0
1.3809,0.013991571465059922,0.013723371151474754,0.00018227866265628894,1.0
1.3818,0.01399173588953048,0.013927535034718547,0.0001827847665193236,1.0
1.3828,0.013990062429693008,0.013963173046416743,0.0001828094677552923,1.0
1.3838,0.014015757443021795,0.013957806391380844,0.00018163371316451884,1.0
1.3848,0.014136742500878631,0.01439769884940041,0.00018038999351031792,1.0
1.3857,0.01421706173281997,0.013721708316640763,0.0001800033224584356,1.0
1.3867,0.014172874115633236,0.014399589322168723,0.00018047476241493066,1.0
1.3877,0.014103293377187366,0.014117112604962664,0.0001816355434663205,1.0
1.3886,0.01406834874355174,0.01414936470665244,0.00018375225307142623,1.0
1.3896,0.014041012614256648,0.013593617209700279,0.0001877328435506,1.0
1.3906,0.014010126367451699,0.0141045802699044,0.00019361320742513057,1.0
1.3915,0.01398964472947508,0.013878159800932516,0.0001985211414681421,1.0
1.3925,0.014029252383799685,0.014137659179882111,0.00019916594359802966,1.0
1.3935,0.014063534174456402,0.014065289274135018,0.000195969127060876,1.0
1.3944,0.014027174232960805,0.013790255793289477,0.00019193602538946522,1.0
1.3954,0.014010587791912187,0.0140952263422432,0.00018958564300692327,1.0
1.3964,0.014081409834598957,0.013968887256630891,0.00019013355340071885,1.0
1.3974,0.014131945662210965,0.01425011468843867,0.00019238966553125834,1.0
1.3983,0.014163556003353481,0.014092102162536525,0.00019430622856209936,1.0
1.3993,0.014337787951241321,0.014173041526857177,0.0001957319350811678,1.0
1.4003,0.014225828867710379,0.014425955010351774,0.000196924651596629,1.0
1.4012,0.014205409384099728,0.014234674842422539,0.00019689403684126287,1.0
1.4022,0.01411895697500601,0.01404730708457473,0.00019531408861893728,1.0
1.4032,0.01405187782125106,0.014027018977380328,0.00019355500822957467,1.0
1.4042,0.014121057452234412,0.014179163007270363,0.00019283576377250103,1.0
1.4051,0.014322355085385837,0.014275379280411142,0.0001927508249532816,1.0
1.4061,0.014435077527821605,0.013989272794460036,0.0001929677882349561,1.0
1.4071,0.014335032604851975,0.014305957687842933,0.00019446901428222055,1.0
1.408,0.01411011481525294,0.014176772089719743,0.00019804530778458327,1.0
1.409,0.01404004354738493,0.013778174722229216,0.00020281897233386214,1.0
1.41,0.01402336970480047,0.014134842535237774,0.0002062556026185072,1.0
1.4109,0.01400505007327182,0.014368867458696876,0.00020606261371237388,1.0
1.4119,0.01404281471236821,0.013898289664587532,0.00020221738330105502,1.0
1.4129,0.014298919264043846,0.014011452721335764,0.00019699990120945724,1.0
1.4139,0.014572579961511688,0.014553370321847645,0.00019292507221055913,1.0
1.4148,0.014609773075885934,0.01466193021740342,0.00019150902921623024,1.0
1.4158,0.01444048748561196,0.014466804808875484,0.00019288213681818535,1.0
1.4168,0.014152757201244745,0.01421261436339869,0.0001953719681521652,1.0
1.4177,0.01416050747366468,0.014291659615185482,0.00019697693451222213,1.0
1.4187,0.01430373495535529,0.014513514998830414,0.00019703657068050764,1.0
1.4197,0.014498193038740587,0.014435491690886442,0.00019641179045745387,1.0
1.4206,0.014706071588199107,0.014323363650925944,0.00019628696229528994,1.0
1.4216,0.014809089974205714,0.01491594688606109,0.00019659340671362774,1.0
1.4226,0.01473244094411176,0.014770582933596925,0.00019659361141903192,1.0
1.4236,0.014452697370316315,0.014367999255936206,0.00019637379170926012,1.0
1.4245,0.014110023816814775,0.013787276584809844,0.0001961086269943515,1.0
1.4255,0.013994765724686234,0.014014479583382424,0.00019557862541384077,1.0
1.4265,0.01395163123847247,0.013924032806893786,0.00019481499125223312,1.0
1.4274,0.013921004783456769,0.01382208642295702,0.0001942441871733224,1.0
1.4284,0.013890775590553468,0.013771730070180033,0.00019406140793570313,1.0
1.4294,0.013870058665038678,0.013895107143844105,0.0001942674204255665,1.0
1.4303,0.013886965737153919,0.01370604781919109,0.00019532146548909365,1.0
1.4313,0.013932600574580296,0.013705655835227617,0.00019696351561847088,1.0
1.4323,0.014026938778691591,0.0141421203673748,0.00019792213060073314,1.0
1.4332,0.01409138497756217,0.014362420058610001,0.00019715907180306702,1.0
1.4342,0.01402901029733636,0.014081577549521043,0.00019536277946755542,1.0
1.4352,0.0139193210416198,0.013908192470905642,0.00019444807213480044,1.0
1.4362,0.013945305728860309,0.01408274333307893,0.00019601298155104763,1.0
1.4371,0.014051020407014194,0.013845115546049154,0.0002001998087192854,1.0
1.4381,0.014232196495073594,0.014269631148026025,0.0002060641176613206,1.0
1.4391,0.01441972498570053,0.014467197600520426,0.00021080955542399007,1.0
1.44,0.014316612266036494,0.01432548583259213,0.00021111379710817495,1.0
1.441,0.013964871097921027,0.013789723558110251,0.00020745895937037548,1.0
1.442,0.013904646638186632,0.013582339569974854,0.00020325426614262775,1.0
1.4429,0.013876328960357927,0.013811172476575895,0.00019959108026830095,1.0
1.4439,0.013865196172188513,0.013945549973307358,0.0001958927052186914,1.0
1.4449,0.013906469829237824,0.013922369597309331,0.00019296675472333554,1.0
1.4459,0.013980171631971634,0.014024026387823884,0.00019216160524833942,1.0
1.4468,0.013965106121975572,0.013661251198276332,0.00019305328167987137,1.0
1.4478,0.013936935820099328,0.0135710569239213,0.00019427229532516984,1.0
1.4488,0.014007721953876442,0.013652002591288973,0.00019535371119562688,1.0
1.4497,0.014162330355867971,0.01400475910328023,0.00019685731551166927,1.0
1.4507,0.014065113287993009,0.013712864579679912,0.00019819931848915722,1.0
1.4517,0.013988244955614623,0.014199072136441464,0.0001975763458958802,1.0
1.4527,0.013973860730627887,0.013805615572589244,0.000195738597070802,1.0
1.4536,0.013967899939613185,0.013939344514021837,0.00019478161432284286,1.0
1.4546,0.014112775355884313,0.01410349289547173,0.00019553135506383994,1.0
1.4556,0.014271769086277211,0.01420086126211227,0.0001977812814272995,1.0
1.4565,0.014352932686356103,0.014143005465743983,0.00020123668500929281,1.0
1.4575,0.01422409121089584,0.014229700752829238,0.0002055748732664205,1.0
1.4585,0.014083170106718288,0.014181800013170027,0.0002104748247148194,1.0
1.4594,0.013936287688192352,0.014151121761525212,0.00021592185789376904,1.0
1.4604,0.01388283180308055,0.014087809639002115,0.00022058469376415971,1.0
1.4614,0.013850629665643998,0.013882316446920479,0.00022114042017832785,1.0
1.4624,0.01381614112779372,0.013961841873925665,0.00021720654629145706,1.0
1.4633,0.013801615128015332,0.014183105757440266,0.000212152688657881,1.0
1.4643,0.013793315199302362,0.014108722677678265,0.00020795920818693966,1.0
1.4653,0.013793901967997813,0.014131115328619225,0.00020505575297566958,1.0
1.4662,0.013805712903242088,0.014139848098914918,0.00020451319248767331,1.0
1.4672,0.013821528894174788,0.014099305666086852,0.00020887152152806464,1.0
1.4682,0.013895354433568236,0.014136418792400891,0.00021767215589963258,1.0
1.4691,0.014086569284912535,0.014204873725464697,0.00022366832468672258,1.0
1.4701,0.014150157496858606,0.01409426193670322,0.00022130235599964102,1.0
1.4711,0.014079091571990424,0.014318378622389797,0.00021446623272116758,1.0
1.4721,0.013890621659663375,0.013370631790553662,0.00020831265488720438,1.0
1.473,0.013791923457122823,0.013756615480519164,0.00020399509038847232,1.0
1.474,0.01379186407366423,0.01403089618823208,0.00020131975124627535,1.0
1.475,0.013848813566403537,0.013784869709561906,0.00020010173384364953,1.0
1.4759,0.013900697905833722,0.013607020126186106,0.00019977947161398717,1.0
1.4769,0.013839914949393354,0.013964252603554399,0.0001991699945008829,1.0
1.4779,0.013878242206999285,0.01371830401392756,0.00019759459602090317,1.0
1.4788,0.014109823342394889,0.01424873151840683,0.00019586901492233083,1.0
1.4798,0.014483783573350425,0.014562995497420213,0.00019507140079071873,1.0
1.4808,0.014615349459950203,0.01458460695085268,0.0001953492383057843,1.0
1.4818,0.014575090427363954,0.014792934342738095,0.0001962457431853251,1.0
1.4827,0.014342003242492773,0.014539943739470353,0.00019755402924843837,1.0
1.4837,0.013964094926108409,0.014346694574396813,0.00019901190060663302,1.0
1.4847,0.013799989580228187,0.013533387020578064,0.0001997688625837332,1.0
1.4856,0.013776328079049783,0.01398026233416959,0.0001993507205115266,1.0
1.4866,0.013770299159716774,0.013518219648002512,0.00019905075971367057,1.0
1.4876,0.013849177509399053,0.013830638952771424,0.00020106122762470862,1.0
1.4885,0.014064302698417661,0.013994546295751219,0.00020641701022052693,1.0
1.4895,0.014093549973055522,0.014058210324254498,0.00021453446332033577,1.0
1.4905,0.013871143787879476,0.013661729663609094,0.0002215564003680029,1.0
1.4914,0.013786776601144014,0.014133883608810783,0.000222044630726159,1.0
1.4924,0.013770569794664629,0.013408255861586676,0.0002164806289867666,1.0
1.4934,0.013771897443471516,0.013311915250853519,0.0002098166076177572,1.0
1.4944,0.013797808605984802,0.013892774750559772,0.00020516148993807693,1.0
1.4953,0.013980405176931601,0.014205001304175742,0.00020306492752415913,1.0
1.4963,0.013916457974636025,0.013823883737108885,0.00020330303009550622,1.0
1.4973,0.013776853528071554,0.014288878696287144,0.00020541616998569264,1.0
1.4982,0.013761414645714285,0.01370949225224786,0.0002088643302427607,1.0
1.4992,0.013764214061311264,0.013510292755601491,0.00021280366251546725,1.0
1.5002,0.01376807756214565,0.014032752607793686,0.0002158739723738954,1.0
1.5012,0.013769831390328436,0.013832506141879603,0.0002173214930295854,1.0
1.5021,0.013771712963199933,0.014020626225373261,0.00021716187755935684,1.0
1.5031,0.013766033873209647,0.01371454320148747,0.00021520305673811886,1.0
1.5041,0.013762399652946025,0.013563073336646922,0.0002115370771405716,1.0
1.505,0.013777031477908692,0.014159264196437623,0.00020763403930699746,1.0
1.506,0.013927815777685112,0.013990823629240453,0.00020488425352233045,1.0
1.507,0.014162224322690388,0.014397986115799496,0.0002037402010364416,1.0
1.5079,0.01419815699832294,0.014298849115553774,0.0002036733442829206,1.0
1.5089,0.014185814592339733,0.01393941772174774,0.0002038790734479964,1.0
1.5099,0.01413029125811477,0.013653134723743405,0.00020407164175825706,1.0
1.5109,0.014055116902553443,0.013715522006353923,0.00020434651452736432,1.0
1.5118,0.013964006073276228,0.013960925213584285,0.00020533979252016906,1.0
1.5128,0.013864008071968954,0.013640250342970981,0.00020873225176524395,1.0
1.5138,0.013807952022343889,0.013630971779519238,0.0002160823114117461,1.0
1.5147,0.01376875671258979,0.014052179310172642,0.0002260133297654986,1.0
1.5157,0.013758971585501946,0.014017965104359213,0.0002336882247222415,1.0
1.5167,0.013756999999999912,0.014030946648939857,0.00023384326943897316,1.0
1.5176,0.013756493675188637,0.013663175920980717,0.00022731849556399406,1.0
1.5186,0.013756644632152815,0.013512471530111337,0.00021813296008607263,1.0
1.5196,0.01375778363754009,0.013509928301239744,0.00021003435876162588,1.0
1.5206,0.013759845014307196,0.014004554557417148,0.00020470767048984685,1.0
1.5215,0.013760947598424698,0.013750235886597129,0.00020219746058245633,1.0
1.5225,0.013763173010573249,0.013942299549163555,0.0002020172649092449,1.0
1.5235,0.013764775665526603,0.014133517552737411,0.00020286274548140818,1.0
1.5244,0.013763750574255176,0.013628999499559745,0.0002031323447598756,1.0
1.5254,0.013761834706604142,0.014162692418032795,0.0002023957611301242,1.0
1.5264,0.013760000000000012,0.013700448169853536,0.00020139340300921,1.0
1.5273,0.01376110352716901,0.013555173970168614,0.0002013193276611754,1.0
1.5283,0.013762690258451988,0.01396717340846246,0.00020306250438591268,1.0
1.5293,0.013770462152589733,0.013911169940006502,0.000206023537838348,1.0
1.5302,0.01376943734198997,0.01361160771428782,0.0002084958669268389,1.0
1.5312,0.013760060977484032,0.013865912955173407,0.00020961403111561673,1.0
1.5322,0.013757131944059746,0.013753052466194779,0.0002094010728113579,1.0
1.5332,0.01375826996077282,0.013683017842093068,0.00020871276576676562,1.0
1.5341,0.013759590104087744,0.014015194799650918,0.00020877058453524927,1.0
1.5351,0.01376056607834242,0.014111948510486253,0.0002095119592269736,1.0
1.5361,0.013764583416358752,0.014265036865355383,0.00020954470728417045,1.0
1.537,0.013793111066779263,0.01412135602373783,0.0002083538166829816,1.0
1.538,0.013866675819535886,0.013774980203423154,0.00020715809980835276,1.0
1.539,0.013999843313056464,0.014133204218019321,0.0002069442589564469,1.0
1.5399,0.014046590135318053,0.013859977818196562,0.00020725297347736388,1.0
1.5409,0.014059186979758624,0.013826528602133929,0.00020716598476205192,1.0
1.5419,0.01400314127272603,0.014090418174705204,0.000206672182238995,1.0
1.5429,0.013815549311714019,0.013837829114867991,0.00020668118401588395,1.0
1.5438,0.013766275659443954,0.01373921664873676,0.00020850855033146667,1.0
1.5448,0.013766754575481712,0.013994304663893026,0.00021308228777557254,1.0
1.5458,0.013789697274401621,0.014009322337729776,0.00021798828936626247,1.0
1.5467,0.013789703858534152,0.013858316034618996,0.00021855605491948258,1.0
1.5477,0.013769149144065162,0.013752527603483696,0.00021468508896200283,1.0
1.5487,0.013759478530657806,0.013597967209624992,0.00021013425808913088,1.0
1.5497,0.013761177750832868,0.013801772507536184,0.00020702358815968204,1.0
1.5506,0.013763915658451215,0.013844506199793317,0.00020525026846753363,1.0
1.5516,0.01376166073302513,0.013872279436775119,0.0002050520739189403,1.0
1.5526,0.013756276391056463,0.013531904284611974,0.00020766190551118328,1.0
1.5535,0.013754999999999998,0.01372789624494434,0.0002128952923505263,1.0
1.5545,0.013758675269376673,0.014180557964173494,0.00021731852269320736,1.0
1.5555,0.013775944921263307,0.013545455929834064,0.0002171554397747086,1.0
1.5564,0.013775421006960834,0.013376262575585324,0.00021388927800080812,1.0
1.5574,0.01376207524676529,0.013815867547422265,0.00021104353839757254,1.0
1.5584,0.01375517064405174,0.013472206922441493,0.0002097679862740141,1.0
1.5594,0.013756314222409674,0.0137160366540909,0.00020937092973856246,1.0
1.5603,0.013759259664148794,0.013639942312076398,0.00020910168462364768,1.0
1.5613,0.013760999999999999,0.01387282165554746,0.0002087265751890944,1.0
1.5623,0.013761000000000162,0.013914925700331099,0.00020829768844393345,1.0
1.5632,0.013761000000000004,0.013672688885264938,0.00020789252287954405,1.0
1.5642,0.01376099999999995,0.01373255934066356,0.0002077149412816935,1.0
1.5652,0.0137638381375811,0.01392658879858997,0.0002080050869169901,1.0
1.5661,0.013761326871667715,0.013867505445750963,0.00020860065076384218,1.0
1.5671,0.01375650547578503,0.014016500314325808,0.0002089553561584678,1.0
1.5681,0.013756011361715094,0.01379103056365444,0.00020879185222713787,1.0
1.5691,0.0137571503671023,0.01369928425330291,0.00020865904702479336,1.0
1.57,0.01375835091674735,0.014059112763506968,0.00020899077632027094,1.0
1.571,0.01376062865597462,0.01340713005300968,0.00020934336680639986,1.0
1.572,0.013763360000123678,0.013753891672619409,0.00020905555966803667,1.0
1.5729,0.013765477880362859,0.013815410315514748,0.00020854989675229271,1.0
1.5739,0.013764151534078253,0.013581574678271422,0.00020896455231900763,1.0
1.5749,0.013800758034725602,0.01391450690796302,0.0002100349204016162,1.0
1.5758,0.013861367203905687,0.013533017926965377,0.00021082907868428654,1.0
1.5768,0.01378676432838527,0.013393970878767434,0.00021044029266023816,1.0
1.5778,0.013758943011985563,0.01374469082825961,0.00020943653761175488,1.0
1.5788,0.0137587834305123,0.01403397965678284,0.00020880735478211355,1.0
1.5797,0.01376420948899259,0.01364864482013101,0.0002085113390287708,1.0
1.5807,0.013769480319994353,0.013804571477363008,0.00020805961936044346,1.0
1.5817,0.01376749411950072,0.014120283402947083,0.00020753124750685,1.0
1.5826,0.013778373106174146,0.013998761961819215,0.0002075177386929364,1.0
1.5836,0.013776073275902714,0.013860748887058776,0.0002081719123165853,1.0
1.5846,0.013766196092679537,0.013532432699742322,0.00020906377926226463,1.0
1.5855,0.013769954454947678,0.013745527015980648,0.00020988749578522325,1.0
1.5865,0.01375942302545693,0.013754188354933822,0.00021063310173263583,1.0
1.5875,0.013775518986776881,0.013985334351305721,0.00021115103508408716,1.0
1.5884,0.013800004218872676,0.013996296586391581,0.00021105167116579053,1.0
1.5894,0.013758466849602868,0.013457206468485423,0.00020991101108858016,1.0
1.5904,0.013756999999999969,0.01374720444687912,0.0002082017271660778,1.0
1.5914,0.013757544450199603,0.013865613738771713,0.00020703537831920506,1.0
1.5923,0.013759706680584292,0.013667103741209403,0.00020657224586065033,1.0
1.5933,0.013762414544264027,0.013949799623690353,0.0002064737754698363,1.0
1.5943,0.013758768612403336,0.013699097521952973,0.0002063619159517766,1.0
1.5952,0.013757128766983257,0.01385366800670092,0.00020572639111007333,1.0
1.5962,0.013757030715212604,0.01377226210356591,0.00020463734540685137,1.0
1.5972,0.013760447222009795,0.013979503612270475,0.00020410939040943417,1.0
1.5982,0.0137635739489058,0.013687545599024182,0.00020487222443817208,1.0
1.5991,0.01376531206572405,0.013635771431772283,0.00020655280330744024,1.0
1.6001,0.013765999999999941,0.013800997835350876,0.00020845245050965706,1.0
1.6011,0.013769539644349856,0.013809885156742996,0.0002102434666097755,1.0
1.602,0.013779995415950416,0.013917655659612465,0.00021195751416214667,1.0
1.603,0.013800816770508064,0.013943998657860423,0.0002133505687885968,1.0
1.604,0.013810458840224698,0.013756299132314229,0.0002138651692050875,1.0
1.6049,0.013813750577948359,0.013752464732823667,0.00021382179022138453,1.0
1.6059,0.013817106164745307,0.014071903961508637,0.00021457461498614256,1.0
1.6069,0.013799082308356046,0.013679142827518639,0.0002164549962230788,1.0
1.6079,0.013788663003760837,0.013421167445602563,0.00021730779186966766,1.0
1.6088,0.013800226916536918,0.013571907800337095,0.0002154525548282998,1.0
1.6098,0.013867138971880567,0.013679432097583908,0.00021227012300716966,1.0
1.6108,0.014022326290903695,0.013993840614243233,0.00021030075789738,1.0
1.6117,0.01399577507988797,0.01381133067954827,0.00021015618785379312,1.0
1.6127,0.01385936027476505,0.013645099397463117,0.00021085055516821202,1.0
1.6137,0.01378444331106996,0.013770154454293755,0.000211506611078393,1.0
1.6146,0.013789661148575237,0.01396822175095895,0.00021190628983448455,1.0
1.6156,0.013803723038892764,0.014178563165210505,0.00021228404603567918,1.0
1.6166,0.013825249376023295,0.013577555836373883,0.00021324706341170656,1.0
1.6176,0.0138582579578662,0.014275094460467394,0.0002153558450993047,1.0
1.6185,0.013897336849603441,0.01411008437403225,0.00021794492912562,1.0
1.6195,0.013939807826022787,0.014156443968397471,0.00021938480139036006,1.0
1.6205,0.013977837014243917,0.01379808677000968,0.00021858134367058426,1.0
1.6214,0.014017245952840861,0.013947943641002209,0.00021606796408586715,1.0
1.6224,0.014069521250233353,0.013882928234417571,0.00021341024640054537,1.0
1.6234,0.01413007578296721,0.013579106041648808,0.00021161828238253893,1.0
1.6243,0.014184736787348584,0.014476800532936656,0.0002113476027917985,1.0
1.6253,0.014147002628039657,0.014324414489847111,0.00021211067857043858,1.0
1.6263,0.0141085669123186,0.014256674235762426,0.0002129267615663727,1.0
1.6272,0.014077545871981966,0.013968657735080905,0.00021314263039758964,1.0
1.6282,0.014050677396491882,0.013803849001497271,0.00021266040589474545,1.0
1.6292,0.014025071073840583,0.013785508180877443,0.0002118967655542167,1.0
1.6302,0.01399056606528217,0.013895481270220665,0.00021161404960334375,1.0
1.6311,0.013956943196151227,0.013857006813053291,0.0002118968558113923,1.0
1.6321,0.01392495259218483,0.013853893419938739,0.00021229174370607982,1.0
1.6331,0.01396542555845097,0.013610806105467995,0.00021244149088211667,1.0
1.634,0.014016780266659685,0.014032181128393342,0.00021249250109125283,1.0
1.635,0.014063690335354217,0.013761545201108233,0.00021277849974779165,1.0
1.636,0.014048696360942246,0.014448881228709118,0.00021324600535196255,1.0
1.6369,0.014033722804736444,0.014314661777619817,0.00021345002231264605,1.0
1.6379,0.014014617882191521,0.01436328401804377,0.00021317171625061853,1.0
1.6389,0.013988433990495909,0.013647274033320124,0.00021249595277924213,1.0
1.6399,0.013963012163757454,0.013533069751652133,0.00021152300734214146,1.0
1.6408,0.014058455471377677,0.014199759763781019,0.0002104100751641682,1.0
1.6418,0.014239420991502069,0.01401633589471507,0.00020951154751694385,1.0
1.6428,0.014411043840708038,0.014245446843565223,0.00020937080600428134,1.0
1.6437,0.014306262359123653,0.014197059249199808,0.00021044929672903558,1.0
1.6447,0.014103808984917088,0.014261469037270711,0.00021288113468324537,1.0
1.6457,0.013952397665732124,0.013939863017458334,0.00021641623142522193,1.0
1.6467,0.013918968053291781,0.01391826052529961,0.0002199484392475057,1.0
1.6476,0.013917459550920473,0.013622368300669022,0.00022202032096090888,1.0
1.6486,0.013912927228280102,0.013706476300960575,0.00022192015017150288,1.0
1.6496,0.01390609319595646,0.014321884631241288,0.00022021804294285226,1.0
1.6505,0.013927758082517833,0.014104701354524896,0.00021817169820595244,1.0
1.6515,0.013951635231174438,0.013911387605783062,0.00021683444090152198,1.0
1.6525,0.014004529734823,0.014124922626460833,0.0002168438963740681,1.0
1.6534,0.01407833750474109,0.014016481754569375,0.00021789665046302557,1.0
1.6544,0.014087268256159547,0.014330001286262183,0.000218949111274665,1.0
1.6554,0.014020489532574797,0.014123648909235734,0.00021972387432455908,1.0
1.6564,0.013958926806021975,0.013688665073473223,0.00022144404936562948,1.0
1.6573,0.013917079813014223,0.0140345717317438,0.00022473549145558076,1.0
1.6583,0.013881991774009528,0.013954032759996815,0.00022771452767268567,1.0
1.6593,0.013855870884810384,0.013920532412061279,0.00022739382203194923,1.0
1.6602,0.013863660589648063,0.014103812051111508,0.00022397068028431175,1.0
1.6612,0.013881122902177407,0.01423908097980664,0.00022015993249684639,1.0
1.6622,0.01391867504341207,0.013556156119286027,0.0002185617880407856,1.0
1.6631,0.013909472727278212,0.014071762478493885,0.00022108819980279953,1.0
1.6641,0.013924609012490851,0.013883814857891833,0.00022781494847573557,1.0
1.6651,0.01394991488291187,0.013759124823347861,0.00023414169913312904,1.0
1.6661,0.013992283607152826,0.013859221437074767,0.00023333962680562986,1.0
1.667,0.014033919439450539,0.014102445336628926,0.00022656697134236306,1.0
1.668,0.014077496433279825,0.014301766812015539,0.00022046613276620807,1.0
1.669,0.014117812112456309,0.014238854941748607,0.00021804130933944084,1.0
1.6699,0.01415368555486933,0.0140094579830191,0.00021841493451703437,1.0
1.6709,0.014169271216164559,0.01401268324814468,0.00021988056416606143,1.0
1.6719,0.014158095215520689,0.013967000869483197,0.00022105327369183994,1.0
1.6728,0.014150764299683975,0.014153744333288792,0.00022115756917970278,1.0
1.6738,0.014155995291255597,0.013950007353943323,0.00022069070359908706,1.0
1.6748,0.014173705666361842,0.014300596524875715,0.00022106237799512097,1.0
1.6758,0.014186873226339628,0.014292379669374144,0.00022235326303063582,1.0
1.6767,0.014162215449000627,0.014145553776109036,0.00022286979952224992,1.0
1.6777,0.014116370069414906,0.013989111945853953,0.00022155489882772143,1.0
1.6787,0.014070823679026616,0.014019575140236306,0.00021934744541198336,1.0
1.6796,0.014043533018316345,0.014146169236347789,0.0002177223264113107,1.0
1.6806,0.014016274392295334,0.013926283945643466,0.00021705207674640637,1.0
1.6816,0.014006294971857153,0.013688522821582188,0.0002171019281946596,1.0
1.6825,0.01405546795110099,0.013937169284372795,0.0002175962737146676,1.0
1.6835,0.014134002908189544,0.014042121838426853,0.00021830952120890622,1.0
1.6845,0.014210907306679852,0.014159247116373458,0.00021900497892536318,1.0
1.6854,0.014277394744803459,0.013833837447866273,0.00021962387388772776,1.0
1.6864,0.014351014387864982,0.014411231019589934,0.00022036207336775156,1.0
1.6874,0.014389668488903051,0.014375359349104172,0.00022152698600585297,1.0
1.6884,0.014290996533317947,0.014258449502562042,0.00022329142487011492,1.0
1.6893,0.014187501017890033,0.014208915324632495,0.00022517503005181478,1.0
1.6903,0.01408294820603908,0.014227186453833987,0.00022600364383927425,1.0
1.6913,0.014034273974981363,0.014173047296945924,0.00022494178743540414,1.0
1.6922,0.01399189668032614,0.013697687792055423,0.00022284551350929625,1.0
1.6932,0.013969658225283257,0.014285804228980648,0.00022130088322553818,1.0
1.6942,0.013991935181637122,0.01387011077123805,0.00022114652508938032,1.0
1.6952,0.014024567228347648,0.014458392928220633,0.0002221912188746972,1.0
1.6961,0.014071208228821592,0.014147384705748068,0.00022371399822973382,1.0
1.6971,0.014151992358266413,0.014212023421713972,0.00022462551402519708,1.0
1.6981,0.014238139667910725,0.014413504499304189,0.00022413449623503057,1.0
1.699,0.014277209478130822,0.014329312573648247,0.00022289820046686765,1.0
1.7,0.014184020657880542,0.014276727377444141,0.00022203218131871408,1.0
1.701,0.014091772219177592,0.014519367429324696,0.0002218028936025453,1.0
1.7019,0.014049086724596212,0.014338721520174416,0.0002217516839674162,1.0
1.7029,0.014086480185238533,0.0135872450337053,0.0002215034077836594,1.0
1.7039,0.014132012737647604,0.014070503475440622,0.0002210905046359938,1.0
1.7049,0.01415310391445634,0.014269125514233068,0.00022073975111065654,1.0
1.7058,0.014145227018803774,0.013803566768673817,0.00022082248607525675,1.0
1.7068,0.01413060729872706,0.0139989777561209,0.00022150837638915268,1.0
1.7078,0.014115359279328546,0.013975003385606515,0.00022310115976247857,1.0
1.7087,0.014096910080373275,0.014028739865353294,0.00022566249409099133,1.0
1.7097,0.014076663095434783,0.014011193994196878,0.00022897787203927255,1.0
1.7107,0.014044688246394592,0.014342415303063221,0.00023172699194093732,1.0
1.7116,0.013994884499934305,0.014215586296166314,0.00023233126552285325,1.0
1.7126,0.013944144820437822,0.014059238709102338,0.00023107943990192495,1.0
1.7136,0.013942702673770896,0.014463320141528544,0.00022968591501714897,1.0
1.7146,0.014019289591387162,0.0138969824347787,0.0002291276703574605,1.0
1.7155,0.014110391506273242,0.014215469680299297,0.0002293295188098068,1.0
1.7165,0.014172945550627397,0.013955891496330317,0.00022992776931236815,1.0
1.7175,0.014102467319492816,0.014350829920561008,0.00023051424253449137,1.0
1.7184,0.01403929602328852,0.01408688619178704,0.00023095887574204067,1.0
1.7194,0.013982985233350582,0.013767461290015997,0.0002315348274148652,1.0
1.7204,0.013962405880808439,0.013780190079590237,0.00023180835730039146,1.0
1.7213,0.013947494210957864,0.013674943719330163,0.00023133664747709414,1.0
1.7223,0.013930351715261436,0.013596326932106323,0.00023144237924260065,1.0
1.7233,0.013912878471009284,0.013834049291964386,0.00023366277059075357,1.0
1.7242,0.013902867787702224,0.0137492134996836,0.00023670947427224077,1.0
1.7252,0.013977064681659436,0.01379638504035451,0.00023803410173513852,1.0
1.7262,0.014053349419952293,0.013901369686227244,0.00023727552977289976,1.0
1.7272,0.014218212533788058,0.01446814100638726,0.00023691921913226448,1.0
1.7281,0.01433363882646159,0.014456540603443082,0.0002389127168927484,1.0
1.7291,0.014254183681322944,0.014203900684349142,0.00024196975506311801,1.0
1.7301,0.014124168530275401,0.014292236510910923,0.00024284323236093645,1.0
1.731,0.014043041461570673,0.013925568165917532,0.0002410975275230248,1.0
1.732,0.014072286415282555,0.01403074543192318,0.0002392090975541401,1.0
1.733,0.014162197001468972,0.014033694825621982,0.00023891487204017226,1.0
1.7339,0.014243961365024174,0.013741555941309257,0.000239325659224429,1.0
1.7349,0.01424758773059881,0.01435158970276183,0.00023894610028436583,1.0
1.7359,0.014226289471089759,0.014654275987594941,0.00023820147655620588,1.0
1.7369,0.014200311792315103,0.014103112968404491,0.0002389108422034165,1.0
1.7378,0.014156840412878598,0.014672174029734301,0.00024152552326768897,1.0
1.7388,0.014094231676662152,0.013725596952579739,0.0002438961007387819,1.0
1.7398,0.014057754201832577,0.01400409092679075,0.00024359558532299172,1.0
1.7407,0.014040660414988894,0.013813124054438455,0.00024198295980651263,1.0
1.7417,0.014025136249994035,0.013728381994281499,0.00024241008474938406,1.0
1.7427,0.014023832742589119,0.014281947466131437,0.0002460953660231076,1.0
1.7437,0.014019142212609217,0.013943186272540837,0.0002496959032688308,1.0
1.7446,0.014009033512506559,0.013615454679593705,0.00024954531453567533,1.0
1.7456,0.013998406555088827,0.01426801122491129,0.00024654071574184183,1.0
1.7466,0.014022687376269967,0.013982155362670421,0.00024449197310818756,1.0
1.7475,0.014103931083462414,0.014095895497708092,0.00024521518580689143,1.0
1.7485,0.014195862345997472,0.014172699210970743,0.00024841432173899013,1.0
1.7495,0.014268512149228583,0.014008475382578336,0.00025300347108346473,1.0
1.7504,0.014304836583895714,0.014063247954532974,0.0002561912414434006,1.0
1.7514,0.014336728734739764,0.014659763544356226,0.00025486844949975334,1.0
1.7524,0.01436068802264392,0.01441616755215499,0.00025025773723542384,1.0
1.7534,0.014334539703899186,0.01405984552450658,0.00024669184394089037,1.0
1.7543,0.014306862239577054,0.01395272459699789,0.0002462016036476724,1.0
1.7553,0.014274841081484581,0.014093102372633578,0.00024857059935506025,1.0
1.7563,0.014234519443242567,0.014399224046427184,0.00025275935297025916,1.0
1.7572,0.01419490090845173,0.013985746600751421,0.0002566352110247209,1.0
1.7582,0.014156959756481936,0.01454045366140129,0.0002573522001017566,1.0
1.7592,0.014164764455851778,0.014201380961317232,0.00025429179498857,1.0
1.7601,0.014199995717476589,0.014119955146400218,0.0002504007379019356,1.0
1.7611,0.014239507838898782,0.014503728379664545,0.0002487827286536193,1.0
1.7621,0.0142580976944144,0.014212806488829048,0.0002496788256571435,1.0
1.7631,0.014257874651394104,0.014859391864147968,0.00025096152717091197,1.0
1.764,0.014255034578683972,0.014560122228551107,0.0002513260378247471,1.0
1.765,0.01421961685896676,0.01367649924068186,0.00025050253656992434,1.0
1.766,0.014093510817890398,0.01451538978133319,0.00024878398955445507,1.0
1.7669,0.014008594964950702,0.013548383729805822,0.00024739529229137494,1.0
1.7679,0.013971362022981385,0.013973884381873481,0.00024748149996633957,1.0
1.7689,0.013944980770519522,0.014361596706317642,0.00024931025222111404,1.0
1.7698,0.013960542395346135,0.014295964430081102,0.00025198558091344884,1.0
1.7708,0.014005088579972916,0.013420018733007896,0.0002541906020607851,1.0
1.7718,0.01409157560170377,0.0139424280027537,0.00025547075636362076,1.0
1.7728,0.01418819401042821,0.014054406256892289,0.0002566914751701613,1.0
1.7737,0.014264932792698285,0.014505967234193064,0.0002575213281680311,1.0
1.7747,0.014238600883040724,0.01457829588694365,0.00025630629391821185,1.0
1.7757,0.014103897661222248,0.0141434280682773,0.00025280024644278547,1.0
1.7766,0.013987015539095388,0.014187215185978517,0.00024937892203922825,1.0
1.7776,0.01391753054648127,0.013736616318271134,0.00024853834941311804,1.0
1.7786,0.013922694376309074,0.01409094624494025,0.0002515229367173526,1.0
1.7795,0.013955045888288093,0.013899991499232081,0.00025823270863816936,1.0
1.7805,0.014009729809033403,0.01399722189085821,0.00026730611599034795,1.0
1.7815,0.013968984075307327,0.014043012241398763,0.00027405130188633563,1.0
1.7824,0.01396853260092364,0.013783586304900149,0.00027376847459399114,1.0
1.7834,0.013977422352019733,0.014472618436210788,0.0002683732086230743,1.0
1.7844,0.013947018911444292,0.013920190022423276,0.00026406615684636194,1.0
1.7854,0.013899643218802856,0.013945966559690909,0.0002639680782025658,1.0
1.7863,0.01386358518728201,0.01410539158299709,0.0002659311770296807,1.0
1.7873,0.01388048065451146,0.013705082683049362,0.00026713659547691264,1.0
1.7883,0.01396092819286848,0.014452458183019035,0.0002679118561759357,1.0
1.7892,0.014061488182606583,0.01421478012944241,0.0002700492969399682,1.0
1.7902,0.014163338922000926,0.014459290047278273,0.0002735206946898083,1.0
1.7912,0.014159692245040194,0.014281572562481954,0.0002755105461213212,1.0
1.7922,0.0141550000000001,0.014377991775878556,0.0002733811935859712,1.0
1.7931,0.0141491663039605,0.01424859247171176,0.00026996254682009756,1.0
1.7941,0.014117371894019605,0.013880428720205479,0.00027091552339315856,1.0
1.7951,0.014082937058086028,0.013683606381106106,0.00027739722170050873,1.0
1.796,0.014054761841689287,0.01400439856902745,0.00028310188314248613,1.0
1.797,0.014057325925431546,0.013985383799871744,0.00028151053474103244,1.0
1.798,0.014083498857231286,0.014152011051327818,0.00027566224729732707,1.0
1.7989,0.014107899996399137,0.014428418586024661,0.00027262583762878776,1.0
1.7999,0.014109095484288205,0.014302424660062114,0.0002743377484468046,1.0
1.8009,0.014035042301360488,0.014449422631739645,0.0002783490494037868,1.0
1.8019,0.013962253980721196,0.013831924220240417,0.00028093385314956784,1.0
1.8028,0.013911600015522958,0.013716914354739838,0.000280547715130837,1.0
1.8038,0.013898226606512435,0.013495994966288744,0.00027758549202389125,1.0
1.8048,0.01390219149689907,0.014304797026427661,0.00027308011923976274,1.0
1.8057,0.013907436978333715,0.014090086469014971,0.0002689116567503606,1.0
1.8067,0.01391925385642441,0.014216960691093466,0.00026695511127786803,1.0
1.8077,0.013939147578121194,0.01384736664797431,0.000268564655103235,1.0
1.8086,0.01395949314084406,0.01399066466798156,0.00027407550697533436,1.0
1.8096,0.013976863375705107,0.014240129090088788,0.0002816665324701583,1.0
1.8106,0.013966083993099223,0.013760954941736327,0.0002873731298602665,1.0
1.8116,0.013971786884924746,0.013951439310791833,0.0002877364287840543,1.0
1.8125,0.014001795221842974,0.014361070617936513,0.00028373904302151205,1.0
1.8135,0.013975003874472279,0.013899231252278502,0.0002787725959381817,1.0
1.8145,0.0139140123279893,0.01405894833146976,0.0002752326579302495,1.0
1.8154,0.013889867791612552,0.014004682967458089,0.00027384646416808315,1.0
1.8164,0.013886787307044067,0.013467356127400893,0.00027448661445931785,1.0
1.8174,0.013922956909874837,0.014042342146172082,0.0002759113763254943,1.0
1.8183,0.014060454234586413,0.013863530211147498,0.0002755177763431004,1.0
1.8193,0.014414371549150066,0.014667866252336358,0.00027201247984877885,1.0
1.8203,0.014454179741766061,0.014352188705650703,0.0002679271895096031,1.0
1.8212,0.014465678995362701,0.013975847969190765,0.00026568936520469905,1.0
1.8222,0.014456914637004797,0.014096098959054863,0.00026578282317545255,1.0
1.8232,0.014282504086244674,0.014391708983165871,0.00026833430969806733,1.0
1.8242,0.014079934841338473,0.013986013443583675,0.0002730749087348268,1.0
1.8251,0.014036040801793373,0.013632663999144241,0.0002780901833870454,1.0
1.8261,0.01401815276904969,0.01428855870851446,0.00028022360782686205,1.0
1.8271,0.013979205621775846,0.014329920874090093,0.0002783574912636351,1.0
1.828,0.013943196551838344,0.013485357658696445,0.0002765208628245118,1.0
1.829,0.01390900000000002,0.014591507815369116,0.00027874334287789846,1.0
1.83,0.013915582185323723,0.013892355252119853,0.0002838251937201268,1.0
1.8309,0.01394621212528732,0.01400236658322067,0.0002865654947243024,1.0
1.8319,0.014004988660008736,0.014295064075796478,0.00028406927000306723,1.0
1.8329,0.014037985164221448,0.014547751155273519,0.0002789339144721595,1.0
1.8339,0.013981455252888556,0.013710213454034123,0.0002747292657632361,1.0
1.8348,0.013918135202064674,0.013787120256903575,0.00027339190115570545,1.0
1.8358,0.013861965401251898,0.013805119369002389,0.00027617654992183403,1.0
1.8368,0.013851050208610842,0.013992402362982576,0.00028277656939538885,1.0
1.8377,0.01386117100249457,0.0139294926689429,0.00029066199257921224,1.0
1.8387,0.01387810567775016,0.014184994127760133,0.0002964224219660316,1.0
1.8397,0.013880743194649721,0.013928966153953486,0.0002980130767461763,1.0
1.8407,0.013847292986137688,0.013458179069055465,0.0002960728643051649,1.0
1.8416,0.013824388515011811,0.013401416075097575,0.00029318016484148295,1.0
1.8426,0.013810450593967917,0.013618467358955937,0.0002929392024699785,1.0
1.8436,0.013821141941739662,0.014472032679905301,0.000297731405223554,1.0
1.8445,0.013844121520926669,0.013914115455002197,0.0003055300861680588,1.0
1.8455,0.01387682206277693,0.014071734173338927,0.0003100834202613869,1.0
1.8465,0.013919620633179674,0.013419122068035515,0.00030758818303035527,1.0
1.8474,0.013970303926695805,0.013768936366480493,0.0003013856458997583,1.0
1.8484,0.014035753764750062,0.013535759008646932,0.0002970175381138044,1.0
1.8494,0.014092707438127888,0.014021462433704824,0.00029674897744202944,1.0
1.8504,0.014102419662718947,0.0143715433832612,0.0002986298081338613,1.0
1.8513,0.014088013651784971,0.014404038038685816,0.0003000846062780251,1.0
1.8523,0.014079451431743417,0.01383195458395263,0.0003013116060144231,1.0
1.8533,0.01404464926879976,0.014599592775467574,0.0003034183807733935,1.0
1.8542,0.013976549654002638,0.01333877534318285,0.0003067375217680221,1.0
1.8552,0.013903738906373912,0.013749361913478822,0.00031245061884761934,1.0
1.8562,0.0138496644005741,0.01417646202426524,0.0003217448920425888,1.0
1.8571,0.013835035380184681,0.013184008072215843,0.00033212030313030985,1.0
1.8581,0.01385124567135271,0.013692805970289339,0.00033666423436876834,1.0
1.8591,0.013893019599601698,0.013437482428424562,0.0003315015824826379,1.0
1.8601,0.013926596986896744,0.013987590832369303,0.0003239643228650283,1.0
1.861,0.013923556471231524,0.013555972789581294,0.0003207354797690296,1.0
1.862,0.013927883657433887,0.013749458140123743,0.00032157880729907556,1.0
1.863,0.013975535688458728,0.013991347420123007,0.0003228219013303145,1.0
1.8639,0.013944383350554786,0.013484817416016747,0.0003211622726176115,1.0
1.8649,0.013864096266779037,0.013950410374766329,0.0003167614855352734,1.0
1.8659,0.013811646843773447,0.01392666637213907,0.0003115623192182536,1.0
1.8668,0.013789787721497193,0.013992008939212512,0.00030684188125837533,1.0
1.8678,0.013808610387120007,0.014375465488559468,0.0003026766640405462,1.0
1.8688,0.013848744804816803,0.01423410886651484,0.00029900690711499476,1.0
1.8698,0.013906198610579507,0.013185397940242184,0.00029730116535699554,1.0
1.8707,0.013942799583521796,0.014280944160909227,0.0002996561362501107,1.0
1.8717,0.01395974781476064,0.014275414318338106,0.0003058224303811912,1.0
1.8727,0.013974269269142418,0.014566684274540128,0.000311343835134487,1.0
1.8736,0.013988485290944605,0.01437772502173126,0.000310447256471337,1.0
1.8746,0.013944459405833843,0.014403326782687725,0.0003037789531690515,1.0
1.8756,0.013889043058625797,0.013593709802855689,0.00029695669112093996,1.0
1.8765,0.013848767271419848,0.014131485500229022,0.00029290750467550323,1.0
1.8775,0.013855339647763967,0.013763597333124343,0.0002902130126195299,1.0
1.8785,0.014027504010246179,0.014197873288275875,0.0002875637264973493,1.0
1.8795,0.014312838835123302,0.014842850673772211,0.00028528874653368114,1.0
1.8804,0.014598473395275993,0.014539422977833462,0.0002841065190736712,1.0
1.8814,0.014473529848754888,0.014349524530610728,0.00028458348780664326,1.0
1.8824,0.014084541391881176,0.014098830935801793,0.00028647643062407223,1.0
1.8833,0.01386277685536469,0.013679706392738935,0.00028863110563734205,1.0
1.8843,0.013794847395182159,0.013649395734158302,0.0002898728875222391,1.0
1.8853,0.013797736771516092,0.013363317054939537,0.00029063971787496773,1.0
1.8862,0.013830376850797242,0.01417571622335226,0.0002928504011302434,1.0
1.8872,0.01393165837129293,0.01350984434127053,0.00029717331366340555,1.0
1.8882,0.014033514053483832,0.014170771058707024,0.00030177811739210656,1.0
1.8892,0.014023727824999879,0.013783082996876549,0.0003045401424853537,1.0
1.8901,0.013987842735968195,0.0144787890805846,0.00030678957504791095,1.0
1.8911,0.013952396958353225,0.014398282939319215,0.0003117837362139169,1.0
1.8921,0.013945082057996248,0.01403531902167685,0.0003191408713365806,1.0
1.893,0.013967607683209956,0.013725329869163002,0.0003237357415305685,1.0
1.894,0.014002267504785254,0.01396075778766328,0.0003215994425549296,1.0
1.895,0.014008224159431888,0.014028350744050433,0.0003150773798658294,1.0
1.8959,0.013904265028030252,0.01403625150042598,0.00031004222449411265,1.0
1.8969,0.013803853990750351,0.013985193474270007,0.00030977336762269114,1.0
1.8979,0.013777495014212162,0.013602458478345,0.0003137672078571244,1.0
1.8988,0.013773412283087138,0.012697985198837074,0.0003199618868885832,1.0
1.8998,0.0137708202404205,0.01329673272593237,0.00032661209250932306,1.0
1.9008,0.013768268816172494,0.01418232620971279,0.0003299612412696603,1.0
1.9018,0.013766000000000016,0.013913825519469663,0.00032628498725307593,1.0
1.9027,0.013766085241539223,0.013366487678986452,0.0003180176349672096,1.0
1.9037,0.013769837096168787,0.013800232530760731,0.0003108734261351682,1.0
1.9047,0.013776757821589157,0.014117430460525394,0.0003079716635515047,1.0
1.9056,0.013786976561422484,0.014041269916516618,0.00030883911652469537,1.0
1.9066,0.013800644626069843,0.013982468241783234,0.0003123863420587051,1.0
1.9076,0.013815521766619049,0.01406548388949479,0.00031716170567055036,1.0
1.9086,0.013835195309536827,0.013627469303170915,0.00032203392870279695,1.0
1.9095,0.01385544425651518,0.013928413795856532,0.0003260484755511166,1.0
1.9105,0.01386364487285205,0.013375703892874983,0.0003274435654285307,1.0
1.9115,0.01386725043913317,0.013454870501214255,0.00032249943550327566,1.0
1.9124,0.013872300374279507,0.013850906630797273,0.00031143054532291385,1.0
1.9134,0.013879195682994769,0.014234610540874567,0.00030094362931116136,1.0
1.9144,0.01389839021807866,0.013820957428507837,0.00029712624304686723,1.0
1.9153,0.013921425160444933,0.01344377415994369,0.00030019796113700157,1.0
1.9163,0.013951448330542664,0.013929916378950108,0.00030533312164825324,1.0
1.9173,0.013975466182218201,0.013458657440811171,0.0003072222257666843,1.0
1.9182,0.01406110238105217,0.014712542588106652,0.00030607687972204935,1.0
1.9192,0.01442117512042985,0.014256000537913701,0.0003056940566094239,1.0
1.9202,0.014961787281931302,0.014781196021087597,0.00030808121585062457,1.0
1.9212,0.014886525793540321,0.014676114359666126,0.000311537468227057,1.0
1.9221,0.01439328250079545,0.013897246157304073,0.00031279185687522587,1.0
1.9231,0.014005985490177631,0.014205419056225793,0.00031109849847218155,1.0
1.9241,0.013806352430356713,0.014055307154428258,0.0003090759614233119,1.0
1.925,0.013768155006113364,0.01427087821110885,0.0003095232171090364,1.0
1.926,0.0137664384976693,0.014179768365121736,0.0003118560039915561,1.0
1.927,0.013766000000000028,0.013799841392333395,0.00031313282694911035,1.0
1.928,0.013765999999999784,0.013144016377872539,0.00031267918388277045,1.0
1.9289,0.01377463329650576,0.013298606499026559,0.00031257792260878654,1.0
1.9299,0.013796133097159933,0.01376917778152831,0.0003144683680789547,1.0
1.9309,0.013875451539589193,0.014146560612665185,0.0003176914524222408,1.0
1.9318,0.013997382607313683,0.013265123766948012,0.0003197197096483712,1.0
1.9328,0.013896321225438,0.013878433646368307,0.0003191106432684426,1.0
1.9338,0.013813506593256827,0.013515009427904024,0.0003168019435577226,1.0
1.9347,0.013780105658389899,0.013374014756947914,0.00031463973143003326,1.0
1.9357,0.013766964356850703,0.01441536700113939,0.00031411301553841184,1.0
1.9367,0.013765000000000065,0.013799446005876686,0.0003159341534413379,1.0
1.9377,0.01376500000000011,0.013376034403904708,0.00031881742766675655,1.0
1.9386,0.013765908820176073,0.013653189747644222,0.00032143563601248916,1.0
1.9396,0.013765000000000001,0.013443568670663812,0.00032224811175537695,1.0
1.9406,0.013765934154753752,0.013969747473859505,0.00032027385582999307,1.0
1.9415,0.013775294661206737,0.013050348129298325,0.00031667005286610517,1.0
1.9425,0.01382408259866344,0.014334070081293282,0.00031427913118714995,1.0
1.9435,0.013835975388720327,0.013296553388591212,0.0003150067128507773,1.0
1.9444,0.013780700497099377,0.01343325690998222,0.0003179576653520183,1.0
1.9454,0.013773263095777574,0.013714141099198102,0.0003201321837243469,1.0
1.9464,0.013803498483540531,0.013868709595797982,0.00031952392553030105,1.0
1.9473,0.013885308783667961,0.014066658726668188,0.0003184699116722174,1.0
1.9483,0.014036584260256965,0.01396111264625845,0.00032012665325891734,1.0
1.9493,0.014211671942448417,0.014173934024809726,0.00032413541528292196,1.0
1.9503,0.014343545533564766,0.013441500575669075,0.0003270028309145471,1.0
1.9512,0.01423769666893334,0.014147144897066083,0.0003254483163173954,1.0
1.9522,0.013959538012065195,0.013862347951541738,0.00031981632096692134,1.0
1.9532,0.013811075435464542,0.013854810058660709,0.0003143635933147172,1.0
1.9541,0.013769611398987861,0.013245482807427832,0.0003118104331465633,1.0
1.9551,0.013769284209092894,0.01396421400249946,0.00031125004919612076,1.0
1.9561,0.01379878768218789,0.01354252714635958,0.0003104842296488082,1.0
1.9571,0.01389868368419917,0.014174503686745731,0.00030903548643137455,1.0
1.958,0.014084988421373951,0.014092458235626028,0.00030934219866192246,1.0
1.959,0.014071301436100461,0.014537824401815586,0.00031451261827825767,1.0
1.96,0.014019175336555445,0.013881703104151282,0.00032480156691317005,1.0
1.9609,0.014133240334643103,0.014334334818169779,0.0003362681571990002,1.0
1.9619,0.01437198339513559,0.014205365873800812,0.0003446346497413259,1.0
1.9629,0.014294652657553303,0.014234026020845208,0.0003478616378800002,1.0
1.9638,0.014057820767239744,0.014237122854134124,0.00034489237841379814,1.0
1.9648,0.013877083114615177,0.014060282327601082,0.00033712983681990214,1.0
1.9658,0.013795331966148421,0.013885419536200481,0.00032928473516813893,1.0
1.9668,0.013786129518372258,0.014197869287728686,0.0003267926483579729,1.0
1.9677,0.013792592322903583,0.01336975443726403,0.00032979008730448195,1.0
1.9687,0.013808137667688626,0.013133699099329078,0.0003334275310735824,1.0
1.9697,0.01382555782131302,0.014313883078150649,0.0003324310224654451,1.0
1.9706,0.013833348529572199,0.013261632726772908,0.00032659683239854177,1.0
1.9716,0.013834487534959654,0.013768691579261111,0.00031895908326349767,1.0
1.9726,0.013835625691940046,0.01401500364781595,0.0003128603806122965,1.0
1.9735,0.013829496431076857,0.013581055932641237,0.0003109000672996969,1.0
1.9745,0.01378496022169241,0.013659799826203668,0.00031376484816404904,1.0
1.9755,0.013762861217281529,0.013174826137891832,0.0003205767318560094,1.0
1.9765,0.01376000000000002,0.01377161199002906,0.0003296655696825259,1.0
1.9774,0.013760092087894478,0.013864505584005357,0.00033987636329015623,1.0
1.9784,0.013761690177639363,0.013840083482373864,0.0003491654740347167,1.0
1.9794,0.013765107193801286,0.01430597915891682,0.00035395787604218184,1.0
1.9803,0.013769758140685475,0.013908173237115455,0.00035271315915060876,1.0
1.9813,0.013778797229367219,0.013746394365174419,0.0003477282423758855,1.0
1.9823,0.013782328733667689,0.013287556898127271,0.00034312281818146796,1.0
1.9832,0.013782000000000004,0.013325827253769068,0.0003405863520148476,1.0
1.9842,0.013783669705610445,0.01422861370522771,0.00034002952051217627,1.0
1.9852,0.013785947716385,0.013725663818083057,0.0003410647449108079,1.0
1.9862,0.013775098177551246,0.013449571000774109,0.0003424134070736574,1.0
1.9871,0.013767587013140643,0.014221245722322098,0.0003415811757639973,1.0
1.9881,0.013765827056537184,0.013513166183489411,0.0003373750913006404,1.0
1.9891,0.013769658220503979,0.013257137973335527,0.0003313700476895886,1.0
1.99,0.013770241414411164,0.014080815415211266,0.00032627385025766205,1.0
1.991,0.013766264044646566,0.013583198473116455,0.0003248044390359981,1.0
1.992,0.013763564957203886,0.013536837233843932,0.0003271880166215142,1.0
1.9929,0.013762258232168726,0.013662823595439067,0.00033037520049162064,1.0
1.9939,0.013764641029992352,0.013565162228409498,0.0003324776319348626,1.0
1.9949,0.013774367625642747,0.01375745468318511,0.0003323942929921779,1.0
1.9958,0.01379473315957983,0.01376627300320747,0.00033036945911230065,1.0
1.9968,0.013840788850855823,0.01438735174134911,0.0003269842697358456,1.0
1.9978,0.013872934127164662,0.013693652929822824,0.00032367237311336963,1.0
1.9988,0.013849256552920023,0.014085596389605127,0.00032210976588737837,1.0
1.9997,0.013830752672312905,0.013819122791717275,0.00032206462379140915,1.0
2.0007,0.013813886149969156,0.013862015479845247,0.0003217586127781281,1.0
2.0017,0.01380823698807637,0.013362957333946086,0.00032069271559129843,1.0
2.0026,0.013816659272646371,0.014385590519149411,0.00032007810965530286,1.0
2.0036,0.013848626683402315,0.014015752177665786,0.0003212106425719513,1.0
2.0046,0.013958720877853962,0.014372599418908316,0.00032448165655652697,1.0
2.0056,0.014103623146978302,0.013616887235329226,0.00032844625460572353,1.0
2.0065,0.014056926820307493,0.013418425984093462,0.00033057723886963347,1.0
2.0075,0.014007569742664936,0.013958110078212236,0.00032976679468154057,1.0
2.0085,0.013960767691019163,0.013782841863091111,0.0003272135174749095,1.0
2.0094,0.013894835411992748,0.01406528767531366,0.00032424920998642964,1.0
2.0104,0.013807116197347107,0.014145261297032355,0.0003209730786745597,1.0
2.0114,0.013767827235541041,0.013433462529693734,0.00031790888770490377,1.0
2.0123,0.013759831352529185,0.013532637511105896,0.00031588528714797436,1.0
2.0133,0.01375802850737586,0.013668665675684331,0.000315121105241557,1.0
2.0143,0.01376265901974843,0.01351345670554169,0.0003157488951324359,1.0
2.0152,0.013787917051554521,0.01362255624454126,0.00031846595998207005,1.0
2.0162,0.013928796679520511,0.014010169516983959,0.000323244815684435,1.0
2.0172,0.01419126448522552,0.01401259370559592,0.00032838653009042203,1.0
2.0182,0.014226200054055827,0.014466306947434789,0.0003321011037085987,1.0
2.0191,0.014055646892886575,0.014061315183745152,0.0003337297241945517,1.0
2.0201,0.013904014190604252,0.013964308019476181,0.0003333358217350464,1.0
2.0211,0.0138359751545898,0.013930764480695265,0.00033191213065507597,1.0
2.022,0.013801860614611588,0.014197939945677389,0.0003308186039851221,1.0
2.023,0.013803580939464603,0.0139016476903666,0.00033227908343812365,1.0
2.024,0.013845265671628035,0.013555850057340708,0.00033714310177537717,1.0
2.025,0.013911247000518203,0.013733757237581523,0.0003433446973183121,1.0
2.0259,0.013944724484524284,0.013762936321492458,0.0003457448078162243,1.0
2.0269,0.013883210861831929,0.01402636274627094,0.00034239929268580865,1.0
2.0279,0.013831304595322447,0.014410699397852528,0.0003385643150632747,1.0
2.0288,0.013800452998828282,0.013435946371170212,0.00034003812498558734,1.0
2.0298,0.013778067255771938,0.013880768354941645,0.0003475049195024387,1.0
2.0308,0.013763201310142647,0.01327629320108401,0.000356703848651462,1.0
2.0317,0.013760150578909414,0.013497968095428216,0.0003625938955451601,1.0
2.0327,0.013778828882065334,0.013251938738476542,0.00036345073713532893,1.0
2.0337,0.013856039559192719,0.013075087786844687,0.0003586993370047343,1.0
2.0347,0.013852849265270428,0.013833595544108372,0.00034930567309571784,1.0
2.0356,0.013796302615919633,0.013977374646794681,0.00033956104364773186,1.0
2.0366,0.013770448471451601,0.013341206859135849,0.00033361167097195046,1.0
2.0376,0.01376307153434882,0.012899160312113071,0.00033344322333284267,1.0
2.0385,0.013762667506346207,0.013674628569706406,0.0003384422457805562,1.0
2.0395,0.01376461275191949,0.013558474847553077,0.00034618393091004915,1.0
2.0405,0.013767835736720002,0.014294652167731264,0.0003539890186986864,1.0
2.0414,0.013771881347378149,0.013721907890084682,0.00036048657397742796,1.0
2.0424,0.013776327246656185,0.013316093719489854,0.0003650236851416629,1.0
2.0434,0.013779988834667732,0.014046336655351793,0.0003675042279522087,1.0
2.0443,0.01378408919975255,0.013505600692335562,0.0003678770698087728,1.0
2.0453,0.013789467017310661,0.014120946818403859,0.000364652245960933,1.0
2.0463,0.013796300234992289,0.013846313166030782,0.0003580012456026311,1.0
2.0473,0.013803130377655692,0.014163247570637768,0.0003512526012825309,1.0
2.0482,0.013813554333176402,0.01388464424011356,0.00034651723744570434,1.0
2.0492,0.013833188042920948,0.013843518300890456,0.0003433044878343556,1.0
2.0502,0.013861762668687772,0.013910484664807444,0.00034194002170981146,1.0
2.0511,0.013860616884548812,0.013984656880899964,0.0003432791312306606,1.0
2.0521,0.0138342161810032,0.014009614686007563,0.00034811597665193405,1.0
2.0531,0.013815485980405315,0.013313576894675588,0.00035682798372961956,1.0
2.0541,0.013803978067941192,0.013280441660339764,0.00036871581842156086,1.0
2.055,0.013796802429042871,0.013623303370704836,0.0003807832540602061,1.0
2.056,0.01379061733814144,0.014447863670116792,0.000387257736572651,1.0
2.057,0.013789000000000074,0.013775806105794573,0.0003835427243078252,1.0
2.0579,0.01379355257293398,0.0135235435629807,0.00037274158249610506,1.0
2.0589,0.01380846442837381,0.01431584939731988,0.0003600369228590296,1.0
2.0599,0.01377167151645327,0.01400177263325144,0.00034868599747676427,1.0
2.0608,0.013762876821113877,0.01394674418948608,0.00034113541186465263,1.0
2.0618,0.013760799768996747,0.013481846234024786,0.00033934881665297534,1.0
2.0628,0.013759661810281668,0.01395438596468909,0.0003438416335788806,1.0
2.0638,0.013764250639669977,0.013518262706347312,0.0003513771986065642,1.0
2.0647,0.013790588174720066,0.014341462275447968,0.00035724322915780225,1.0
2.0657,0.013886672428139783,0.013539036117131142,0.00035913091545481404,1.0
2.0667,0.01407332985483917,0.014334270261705959,0.00035805519000214984,1.0
2.0676,0.014208911712646495,0.014496595110681026,0.00035606619621103276,1.0
2.0686,0.014097153386648244,0.01429313917185789,0.00035337693195490114,1.0
2.0696,0.01394437693053228,0.014347194990529489,0.0003495345203955111,1.0
2.0705,0.013842225013472306,0.01443399505951437,0.0003449365760499156,1.0
2.0715,0.013789324378237346,0.014232945831916222,0.00034089926635349365,1.0
2.0725,0.013773461931907916,0.013904693819462745,0.0003393895080434104,1.0
2.0735,0.013768909257475877,0.013710279587523492,0.0003413730028461278,1.0
2.0744,0.013765356669293486,0.014250134604818433,0.0003454010311107832,1.0
2.0754,0.013762626163873718,0.013472731918661765,0.0003486382777398096,1.0
2.0764,0.013761174212323306,0.013614916147914812,0.00034954074947513394,1.0
2.0773,0.013763552636844171,0.014110541377570531,0.000348441556616122,1.0
2.0783,0.01376696586770302,0.0131865768276223,0.0003480463822493222,1.0
2.0793,0.013773019833784195,0.014060937741032977,0.00034969018064787876,1.0
2.0802,0.01378167827543652,0.013983962190895021,0.00035179206435456006,1.0
2.0812,0.01379508016150949,0.013892480425863298,0.00035234342280934534,1.0
2.0822,0.013813601828304939,0.01454887876610055,0.00035032728361892863,1.0
2.0831,0.013837272406871201,0.014165871583840198,0.00034674261963890327,1.0
2.0841,0.0138727691120502,0.013823963828565664,0.0003439463107540888,1.0
2.0851,0.013862834997103357,0.013800215109367478,0.000343419735888957,1.0
2.0861,0.013812172129151052,0.013692633692138556,0.0003448399459523709,1.0
2.087,0.013799726364100897,0.01361368786592619,0.00034748620296674995,1.0
2.088,0.013853587611761245,0.01393497949607927,0.0003505009418416766,1.0
2.089,0.013970709507918176,0.014319912232095826,0.0003524710685597642,1.0
2.0899,0.013889009171957569,0.013378230706530292,0.00035191817410377263,1.0
2.0909,0.013786225074194516,0.013808588300621674,0.0003488582847853425,1.0
2.0919,0.013766047584863737,0.013471267984242136,0.00034549204229939134,1.0
2.0929,0.013767457509740474,0.013713871836200634,0.000343600791215735,1.0
2.0938,0.013771556118002893,0.014247912454325051,0.0003430690713070664,1.0
2.0948,0.013776889495571615,0.013063150774842889,0.0003430021528880648,1.0
2.0958,0.01378350061236756,0.013976339378717237,0.0003424536968820989,1.0
2.0967,0.013790593019993901,0.013895091739320995,0.0003415282242447286,1.0
2.0977,0.013799878484287164,0.014328413905452017,0.000341272680022652,1.0
2.0987,0.013813280977323084,0.013726587007025568,0.00034243207334530036,1.0
2.0996,0.013829632638761948,0.013429312976587138,0.00034475625430965324,1.0
2.1006,0.013852801932245957,0.01345300099364168,0.0003469607818276821,1.0
2.1016,0.01388212530727882,0.0134083144521863,0.00034743224915268454,1.0
2.1026,0.013894020144517707,0.013849682483933768,0.0003467841487134402,1.0
2.1035,0.013877943546442773,0.0133799125273683,0.0003469858795928126,1.0
2.1045,0.013857000067969381,0.013139210139145697,0.0003492496819617284,1.0
2.1055,0.013841488864646768,0.013474534678445664,0.0003526696066153847,1.0
2.1064,0.013834087595911421,0.013340360479308618,0.00035569098758805954,1.0
2.1074,0.013819359241889102,0.014316308325998377,0.00035752624996234666,1.0
2.1084,0.013806413851275174,0.01356399102423041,0.00035823498055247697,1.0
2.1093,0.013802578355689188,0.013830215010421918,0.00035894151799426894,1.0
2.1103,0.013809568147072866,0.013714058121448443,0.00036087677993862756,1.0
2.1113,0.013824373452049735,0.013700491170595783,0.0003637882483843167,1.0
2.1122,0.01383118321215869,0.013408330382548335,0.0003661059563262503,1.0
2.1132,0.013833460021103772,0.013295490382277756,0.00036703646156007407,1.0
2.1142,0.013836607455138412,0.014352250816935525,0.00036733324578809253,1.0
2.1152,0.013842152405202321,0.013491975956407842,0.0003682051405412513,1.0
2.1161,0.013862456954295723,0.014146686458831019,0.00037011700214661047,1.0
2.1171,0.013914963620165244,0.013660204400021497,0.00037216533641159816,1.0
2.1181,0.01398375076247021,0.01494596945353375,0.00037255420474586456,1.0
2.119,0.014054440702503555,0.014142938886106533,0.0003706751946164895,1.0
2.12,0.01408689509224516,0.014624375868606364,0.0003680849636864657,1.0
2.121,0.013961757389268416,0.014213210885340109,0.00036700468029923056,1.0
2.122,0.013853409035267853,0.014628830164994368,0.0003681858381183478,1.0
2.1229,0.013830689294808532,0.013856011237631482,0.00037042820174453336,1.0
2.1239,0.013824341974141093,0.01333387438890522,0.00037193751118920086,1.0
2.1249,0.013825804714385293,0.013709272216080337,0.0003715416347250934,1.0
2.1258,0.01384133394494187,0.01366305374994897,0.0003690871305509065,1.0
2.1268,0.013861134561699448,0.013946177808199902,0.00036434728934266273,1.0
2.1278,0.01388383359663864,0.013730100352517803,0.00035827356847523714,1.0
2.1287,0.013907891191521703,0.013424770788380159,0.00035367403415690403,1.0
2.1297,0.013948407102667435,0.01425715087522524,0.000353248380638268,1.0
2.1307,0.014003922060886112,0.014204502053771564,0.00035723966282081725,1.0
2.1316,0.014056529568961112,0.01419802033395955,0.00036295974653361595,1.0
2.1326,0.014115716257557559,0.013887841903020533,0.00036672589231718237,1.0
2.1336,0.014175887036490828,0.014149349878451659,0.0003664285288786537,1.0
2.1346,0.014025238669515022,0.014407196878669197,0.00036354197084283337,1.0
2.1355,0.013889327946204634,0.01350556943057158,0.0003604433185855571,1.0
2.1365,0.013804007396028984,0.0140627525376998,0.0003580323961999683,1.0
2.1375,0.013769975295499712,0.013444551574766775,0.0003561407068927415,1.0
2.1384,0.013760999999999954,0.013803215726295047,0.00035452770332985143,1.0
2.1394,0.013762694779067984,0.013664501013766176,0.0003533995010775705,1.0
2.1404,0.013767518979848169,0.013369859338385836,0.0003533735770283207,1.0
2.1414,0.013775743497044775,0.01345833119014256,0.00035456225224814837,1.0
2.1423,0.013787413082253197,0.013602556771860036,0.000356291560717531,1.0
2.1433,0.013796988481873563,0.013366490774202799,0.00035765970237771976,1.0
2.1443,0.013794710742646207,0.013805290269952426,0.0003579396976135716,1.0
2.1452,0.013792660560103809,0.013717034332223363,0.00035723428251251035,1.0
2.1462,0.013790382820876685,0.014411477338186146,0.0003567748393563732,1.0
2.1472,0.013789000000000082,0.014181807590398826,0.00035798102338954405,1.0
2.1481,0.013789471411494367,0.013758822992098662,0.00036117158368787513,1.0
2.1491,0.013790610552655331,0.013498182867869399,0.00036520481190398544,1.0
2.1501,0.013791749422268868,0.013987897135613431,0.0003680962865817424,1.0
2.1511,0.01379288829188244,0.013623026344851694,0.0003687150902279973,1.0
2.152,0.01379391338315362,0.013749694769035722,0.00036739429488602066,1.0
2.153,0.013810181863337257,0.013887366394729136,0.0003651933334472098,1.0
2.154,0.01383827841421129,0.013842066337753119,0.0003635643592904974,1.0
2.1549,0.013874044542386565,0.014625165698485756,0.0003634208116867601,1.0
2.1559,0.013925065008906487,0.013680865188734433,0.0003647717428761563,1.0
2.1569,0.013974271820659297,0.014040495912025216,0.0003669346542924689,1.0
2.1578,0.014002386919249507,0.013705829291603114,0.0003685535780778605,1.0
2.1588,0.014027429962957657,0.013705423885632373,0.00036831433545496227,1.0
2.1598,0.014053286117067097,0.014260990849894926,0.0003662159045733706,1.0
2.1608,0.01407948011818019,0.013421982518204461,0.0003638443767773357,1.0
2.1617,0.014076204952735361,0.014098735014053742,0.00036279293188605527,1.0
2.1627,0.01401706625416613,0.013643672235203836,0.0003635566898113814,1.0
2.1637,0.013960621223884126,0.013446967073981072,0.000365247217240466,1.0
2.1646,0.013918657568025747,0.013807810785182307,0.0003665780675656037,1.0
2.1656,0.013891001578398433,0.013955795520536309,0.0003671748948501439,1.0
2.1666,0.013883922576452502,0.013082264736750745,0.0003671952107895011,1.0
2.1675,0.013891447424462201,0.014349466830631895,0.00036669529101618234,1.0
2.1685,0.01391553834266058,0.014344421559533338,0.0003657620244450095,1.0
2.1695,0.01394822024602172,0.013589558706249463,0.0003645907030400189,1.0
2.1705,0.013984345423392067,0.013639023528239867,0.00036335074847989224,1.0
2.1714,0.013967814569911976,0.01352122656312519,0.0003624104266502319,1.0
2.1724,0.013922983026289625,0.013860857127788407,0.00036273270266888824,1.0
2.1734,0.013884281683155022,0.014438194844540994,0.0003657173323191138,1.0
2.1743,0.013854341817538718,0.014189444937825414,0.00037183259978433407,1.0
2.1753,0.013830322046318995,0.014009213095804048,0.00037925951193293496,1.0
2.1763,0.013823753014219151,0.013748409139875462,0.0003842937442784269,1.0
2.1772,0.013826217472045987,0.014045061434529056,0.000384853168084963,1.0
2.1782,0.013829241480017091,0.013433704043353105,0.00038165617951362897,1.0
2.1792,0.013832658088857816,0.013899603274256956,0.0003763549336147403,1.0
2.1801,0.013834822241781026,0.013530939787188737,0.0003702192916760389,1.0
2.1811,0.013834950009495963,0.013501623007288976,0.0003645742547332554,1.0
2.1821,0.013833811083501842,0.013890335436004235,0.0003611519766097278,1.0
2.1831,0.013832999999999922,0.014369505334174118,0.00036060223844003157,1.0
2.184,0.013832648046402227,0.013708372326495957,0.00036160417122543635,1.0
2.185,0.013834944939268009,0.0141822392542682,0.0003625944058594095,1.0
2.186,0.013847449465584406,0.01393174852024174,0.0003629700773722285,1.0
2.1869,0.013864131329634235,0.01277809409627749,0.0003630512209653623,1.0
2.1879,0.013885067418815606,0.012916030443830455,0.0003636305776841565,1.0
2.1889,0.01390949643020802,0.01402701352790999,0.0003652314047346601,1.0
2.1899,0.013936891546818608,0.013609911554762256,0.00036735454586446064,1.0
2.1908,0.013979207139347463,0.014212398670126445,0.000368975756540897,1.0
2.1918,0.014029798866358884,0.013805847623010915,0.0003696134941740942,1.0
2.1928,0.01408216731583357,0.013798385057044449,0.00036940740005607945,1.0
2.1937,0.014129686255157493,0.014011394035205064,0.0003684586210920399,1.0
2.1947,0.014163364495105779,0.014052521454448247,0.0003667695012783988,1.0
2.1957,0.01415449361751626,0.014642968387241695,0.0003647914820671377,1.0
2.1966,0.014134692202487578,0.01387967326269196,0.0003632631190445146,1.0
2.1976,0.014112233496066068,0.014239270947902359,0.0003625405107346353,1.0
2.1986,0.014090431637861837,0.014362882309251219,0.00036254343527758736,1.0
2.1996,0.014078762225088018,0.013792547803476274,0.0003633069475427026,1.0
2.2005,0.014120649724104447,0.014369120782366922,0.0003649374626630296,1.0
2.2015,0.014166484621365103,0.01448132963998304,0.00036717093122113335,1.0
2.2025,0.014212751076412962,0.014664010589375673,0.000368778425000096,1.0
2.2034,0.014254160320603367,0.014926550439448197,0.0003691605898382887,1.0
2.2044,0.01427408962095074,0.013945868453080365,0.0003689090622662785,1.0
2.2054,0.014238836510521314,0.01438577584403749,0.0003688318671729189,1.0
2.2063,0.014192428348741185,0.014582848545754241,0.0003691544237017495,1.0
2.2073,0.014141179216128537,0.014292747021656988,0.00036969770364077227,1.0
2.2083,0.014089992025249257,0.013730741894965821,0.0003702610648862934,1.0
2.2092,0.014046045435182074,0.014423204145078077,0.0003703341109922578,1.0
2.2102,0.014023449481364548,0.01388984794606862,0.00036972704851716287,1.0
2.2112,0.014001810958705903,0.014395316035209995,0.00036896864319015165,1.0
2.2122,0.013980182478782214,0.01422255851271894,0.0003683409209752765,1.0
2.2131,0.013961205902933786,0.014206779338965199,0.0003677441666608576,1.0
2.2141,0.013954509722246943,0.01410038563533434,0.00036731010739182165,1.0
2.2151,0.013981296866849157,0.013588322300656566,0.00036733411892190333,1.0
2.216,0.01401670820478646,0.014111061500049297,0.00036791177637110153,1.0
2.217,0.014057499173870416,0.014111604063860209,0.00036901106423391694,1.0
2.218,0.014098457477682538,0.014288164725581204,0.0003705555876544926,1.0
2.219,0.014129096337981064,0.014088214730106092,0.00037232701073893837,1.0
2.2199,0.014112426620309518,0.01408881580062961,0.0003740095423986677,1.0
2.2209,0.014085087232446423,0.013758587784470646,0.0003755026263686017,1.0
2.2219,0.014058774831576434,0.01440896156904623,0.00037688227617993996,1.0
2.2228,0.014040513959448511,0.014270721351057874,0.0003780164090075012,1.0
2.2238,0.01404409585291491,0.014315682229487318,0.00037855126854099736,1.0
2.2248,0.014038441425714612,0.013791040913802585,0.0003784104473416917,1.0
2.2257,0.01404102210647485,0.01358205801574981,0.00037799396264092045,1.0
2.2267,0.014054690065787915,0.014116762308871399,0.00037714338646376234,1.0
2.2277,0.014072708343523133,0.014101876365019634,0.00037569242023031166,1.0
2.2286,0.014079467900547826,0.014861865975171466,0.00037389292319125035,1.0
2.2296,0.014014827010586981,0.013564590309779861,0.0003720667956070206,1.0
2.2306,0.013922810587020495,0.013617085091160231,0.00037028219402257214,1.0
2.2316,0.013853651077392093,0.014073141977902466,0.0003687539273038337,1.0
2.2325,0.013811850378042959,0.01389070189713233,0.0003678778906651801,1.0
2.2335,0.013783626336795045,0.013810612188601766,0.0003679235005247064,1.0
2.2345,0.013786575527738655,0.013357837252913249,0.00036906165877021113,1.0
2.2354,0.013804770236856048,0.013851213094987274,0.0003713688662393111,1.0
2.2364,0.01383583903268799,0.013746215089439986,0.00037468238559309753,1.0
2.2374,0.013882344546581764,0.013649953270567554,0.0003782952078718018,1.0
2.2384,0.013942112815978649,0.013831044194083387,0.00038068571760495665,1.0
2.2393,0.013984852151284182,0.014168314629277739,0.00038043583719237785,1.0
2.2403,0.014002397541854355,0.013923410797951006,0.00037774350943384644,1.0
2.2413,0.014020623800429871,0.01431270058512471,0.0003742457325334906,1.0
2.2422,0.01403638392092349,0.013862699735500528,0.0003712610869880697,1.0
2.2432,0.014054228951352067,0.014334850897322372,0.000369097637572924,1.0
2.2442,0.014073354044242937,0.013485625995940678,0.00036781176622731343,1.0
2.2451,0.014090780595853145,0.014523018519484792,0.0003675193848045882,1.0
2.2461,0.014110141379284758,0.014312687033237483,0.00036810874911368555,1.0
2.2471,0.014129502789511451,0.013804006042596384,0.0003691765267439881,1.0
2.2481,0.01414884820026579,0.013971337931123403,0.00037025877742921626,1.0
2.249,0.0141673820610307,0.014533994233069654,0.00037108201464983496,1.0
2.25,0.014190159453302984,0.014425001027739623,0.0003716485463400483,1.0
2.251,0.014213583687853895,0.013860812088133626,0.00037136162347128655,1.0
2.2519,0.014235110604549066,0.015050928053556897,0.00037030636863032374,1.0
2.2529,0.014259007495710827,0.013996885968521545,0.0003692365314297357,1.0
2.2539,0.01428292491281985,0.01485799464474609,0.00036865115730997543,1.0
2.2548,0.014292765069792093,0.01425935238952727,0.00036858913380986586,1.0
2.2558,0.01430301489631466,0.013871830496195425,0.0003689658138591575,1.0
2.2568,0.01431351635870794,0.013942219314338113,0.00036979204158054334,1.0
2.2578,0.01432451299215581,0.014147557264349077,0.00037094328120438984,1.0
2.2587,0.014332901204623986,0.01517722592977063,0.00037218027957083946,1.0
2.2597,0.014333124807249112,0.013728474721604362,0.0003735135531740345,1.0
2.2607,0.014325845188531803,0.013876032290792272,0.0003750014942657247,1.0
2.2616,0.014319694640904723,0.014249696368232945,0.0003765245464317699,1.0
2.2626,0.014312867269157963,0.01406001513487522,0.00037791321437993856,1.0
2.2636,0.014306033409970229,0.013994685866164574,0.000378995738502093,1.0
2.2645,0.0143083850279094,0.014447005643883846,0.00037970441462642377,1.0
2.2655,0.014331009458572304,0.014155942655019708,0.00037992490638324034,1.0
2.2665,0.014352945243400987,0.014139173890211099,0.00037936289957392593,1.0
2.2675,0.0143752770766952,0.014531252799202692,0.0003781470556680261,1.0
2.2684,0.014395201682053918,0.014155891410033287,0.00037686791672421994,1.0
2.2694,0.014401807323985855,0.014509558228460622,0.0003759860599924702,1.0
2.2704,0.01437316667929538,0.014088684501615358,0.0003756947133234933,1.0
2.2713,0.014337288484803586,0.013994176078665226,0.00037584741415715926,1.0
2.2723,0.01429742804832719,0.013173314495070322,0.00037601959685565155,1.0
2.2733,0.01425760747517642,0.014342285272205707,0.0003762375469115667,1.0
2.2742,0.014223156589968691,0.014670662461680405,0.00037646217672118666,1.0
2.2752,0.014210999999999916,0.01394960353849808,0.0003767460023773009,1.0
2.2762,0.01421134288846928,0.013647768862519283,0.0003771238306398325,1.0
2.2771,0.014212000000000056,0.013631229050302575,0.0003775594101061867,1.0
2.2781,0.014212000000000035,0.013871104472710933,0.0003780489126645428,1.0
2.2791,0.014211999999999959,0.014400903772178045,0.00037872039113743096,1.0
2.2801,0.014240213962355166,0.013629321800616276,0.0003796642802214171,1.0
2.281,0.01428923558591864,0.014357301565321641,0.0003808294413168359,1.0
2.282,0.014347331785128089,0.01485860478860428,0.00038224552587853784,1.0
2.283,0.01440535604886207,0.014583032358096581,0.0003837011811990479,1.0
2.2839,0.014457746207687003,0.014609652632214917,0.0003845561523585215,1.0
2.2849,0.014504249373607595,0.014563348792992613,0.0003842087424284094,1.0
2.2859,0.01449917227847151,0.015039008913083483,0.00038279808244341267,1.0
2.2869,0.014482616618649632,0.014562916475475291,0.00038133901584691836,1.0
2.2878,0.01446827414023746,0.014214136066405597,0.0003807892388719405,1.0
2.2888,0.014453027317907425,0.014818812322913476,0.00038148835226859285,1.0
2.2898,0.01443739293700189,0.014438237074839648,0.00038335631586396574,1.0
2.2907,0.014413645820009393,0.015157411697801671,0.00038645338194792016,1.0
2.2917,0.014384181042855715,0.014178640748068357,0.00039095213289771553,1.0
2.2927,0.01435446194640484,0.0145331359307507,0.00039662439393562917,1.0
2.2936,0.014326940612375732,0.014162659681103288,0.0004026809266720634,1.0
2.2946,0.014297330002421933,0.014339987141876058,0.0004080332088275763,1.0
2.2956,0.014308936996911771,0.014155037748059674,0.00041148296722931353,1.0
2.2966,0.014398424939965966,0.014185870207131529,0.00041189038492324897,1.0
2.2975,0.014489146374890224,0.01434321688398435,0.0004084364293518529,1.0
2.2985,0.01459196076788052,0.01486554725452028,0.00040336311257186443,1.0
2.2995,0.014695597902719505,0.015040214209505983,0.0004014300126168861,1.0
2.3004,0.014788881208398047,0.014671207866245336,0.0004055470539524794,1.0
2.3014,0.014744829624775546,0.014787708049062057,0.00041414533502140573,1.0
2.3024,0.014651614238543715,0.015002495870145717,0.0004219326324730092,1.0
2.3033,0.014568679711343919,0.014155542795293356,0.0004234435152678491,1.0
2.3043,0.01447674990351158,0.014414535386727064,0.0004173934135657669,1.0
2.3053,0.014386119830242204,0.01450281301319465,0.0004072566411743966,1.0
2.3062,0.014316743122909063,0.014789564040355748,0.0003975293922620801,1.0
2.3072,0.014258149215750245,0.014004445728963224,0.0003911044663470884,1.0
2.3082,0.014202721819067333,0.014399231760672374,0.000388654767568221,1.0
2.3092,0.014147824230706782,0.014074736527130526,0.0003894615823973366,1.0
2.3101,0.014097674429891294,0.013598484624376066,0.00039177699737190825,1.0
2.3111,0.014051708734116805,0.014246454142484426,0.0003935314209936917,1.0
2.3121,0.014110278222059142,0.014318557951140065,0.0003942037649918823,1.0
2.313,0.014194757352928878,0.014466029324553844,0.00039430888426373277,1.0
2.314,0.01429042240047245,0.014092692034537155,0.00039412087738634535,1.0
2.315,0.014386635380112681,0.013995965809416136,0.0003940909881603127,1.0
2.316,0.014484103289002312,0.013590534599133392,0.0003944693397678376,1.0
2.3169,0.01452678166007552,0.014865198226359472,0.0003946654231818119,1.0
2.3179,0.014515632775472676,0.014557005577682263,0.00039441622063773895,1.0
2.3189,0.014491714948649793,0.013776957693478436,0.0003941730690601173,1.0
2.3198,0.014469202959899247,0.014204854999070616,0.0003948584107503446,1.0
2.3208,0.014445271770068966,0.014054272709617175,0.00039661066087454,1.0
2.3218,0.014420011581559993,0.014419966384662506,0.0003997030917058996,1.0
2.3227,0.014392193732043685,0.015181780832211715,0.00040433313759547835,1.0
2.3237,0.01435805178228221,0.014580517873764217,0.0004092593083123192,1.0
2.3247,0.014324448295871397,0.013933458126983813,0.00041301871812374295,1.0
2.3256,0.014294132955738025,0.014958771769808093,0.00041524591478455736,1.0
2.3266,0.014259958720908964,0.014154840124352204,0.00041639174161194666,1.0
2.3276,0.014236293468488218,0.014861658296187236,0.0004173079126415018,1.0
2.3286,0.014240056547890501,0.014224286087467732,0.00041764842239558006,1.0
2.3295,0.014245218405095756,0.014812105605723845,0.00041708313651822083,1.0
2.3305,0.01425222689324037,0.014686944756439115,0.00041772689197276056,1.0
2.3315,0.014269947641707234,0.014350336751551318,0.00042197390860562094,1.0
2.3324,0.0143448327986682,0.01464494345435892,0.0004295056885855273,1.0
2.3334,0.014425682993304502,0.01468921633831932,0.00043721942176397566,1.0
2.3344,0.014464833182141668,0.015022882222819459,0.00044046491697604995,1.0
2.3354,0.014580566387758703,0.015175564210678595,0.0004368015259855638,1.0
2.3363,0.014693587110097986,0.014387406665538009,0.00042933240970355726,1.0
2.3373,0.014820950984181404,0.014158874737349307,0.0004239643867925266,1.0
2.3383,0.01493747721989657,0.014369526129752775,0.0004242119577839543,1.0
2.3392,0.014836894986510982,0.014194002022212519,0.0004285730063466276,1.0
2.3402,0.014710701356162231,0.014421678568446646,0.00043307337845002167,1.0
2.3412,0.014585755866378777,0.014386075632157243,0.0004344769089846609,1.0
2.3421,0.01447486708020236,0.014580515213610002,0.00043207310171933125,1.0
2.3431,0.014353053995432203,0.013819555247984356,0.0004275775916775219,1.0
2.3441,0.014319866695673497,0.014309885915248951,0.00042227939299731,1.0
2.3451,0.01439865212022103,0.01430235728404163,0.00041671667303491185,1.0
2.346,0.014487835060814927,0.014619730103627692,0.00041149487536450873,1.0
2.347,0.014586916717199187,0.014260668354002318,0.0004077786447553437,1.0
2.348,0.01468812803371834,0.014868989011312976,0.00040660909728713353,1.0
2.3489,0.014771063682747223,0.01491124621580312,0.00040845335199959313,1.0
2.3499,0.014774942524069398,0.015196846141748922,0.0004139476821248461,1.0
2.3509,0.01470205486879804,0.014627605620531158,0.000424087160981905,1.0
2.3518,0.014636449027441692,0.014568208467586418,0.000438450290973171,1.0
2.3528,0.014563602826809432,0.01405095624946087,0.0004522087512922446,1.0
2.3538,0.014491436586575562,0.015082240286839115,0.00045714893436904204,1.0
2.3548,0.014428150054740461,0.01427030140356981,0.0004515497809955024,1.0
2.3557,0.01443045579984134,0.014023034801020387,0.00044268811186787033,1.0
2.3567,0.01444512209614315,0.014638228145204045,0.0004375241646368389,1.0
2.3577,0.014458778261710476,0.013625249024785268,0.0004377474651991695,1.0
2.3586,0.014471249106596352,0.01432577481781601,0.0004395622317738785,1.0
2.3596,0.014485745792328131,0.01470301485813248,0.0004381352657941939,1.0
2.3606,0.014472802108208544,0.014737924647109836,0.0004330983831287827,1.0
2.3615,0.014417005054534663,0.014706952281007674,0.0004271893058956177,1.0
2.3625,0.014346528906378385,0.013957649446546707,0.0004230121124417619,1.0
2.3635,0.014276315111790332,0.014170100440685226,0.0004224886501912403,1.0
2.3645,0.014206597047427836,0.013363493851891131,0.0004255315183708668,1.0
2.3654,0.01414406647988489,0.0143618169618091,0.0004293049926850508,1.0
2.3664,0.014123120877520125,0.01392091274180025,0.0004311393890692913,1.0
2.3674,0.014166389506542873,0.014186200871784238,0.00043107660694696563,1.0
2.3683,0.014205308110960622,0.013955189727753562,0.0004305980375422257,1.0
2.3693,0.014248585156277695,0.014355723417021134,0.0004307857951862471,1.0
2.3703,0.014292369165667977,0.014509409080023388,0.000432665493928227,1.0
2.3712,0.014330260779065771,0.013417489385237633,0.00043687467571736576,1.0
2.3722,0.014333787876833105,0.014182204748939595,0.0004424601091246114,1.0
2.3732,0.014311028675135694,0.014798800553110439,0.00044725992217457936,1.0
2.3741,0.014289708010089084,0.014812716818597148,0.0004497734488045152,1.0
2.3751,0.014266754045908027,0.014500783578161104,0.00044852558527067537,1.0
2.3761,0.014244072661553874,0.013721889317846934,0.0004426768961058112,1.0
2.3771,0.014226039859637274,0.014347470961834002,0.000434062657178229,1.0
2.378,0.014224849825587414,0.014291302847219255,0.0004257164215539811,1.0
2.379,0.01423282191288288,0.014956165054601855,0.0004194947745109141,1.0
2.38,0.01424079590100959,0.015007142833467267,0.0004158613049782489,1.0
2.3809,0.014247969639076541,0.013339357452398585,0.00041533264744408524,1.0
2.3819,0.014256649859661004,0.01380071273286582,0.00041890124489875514,1.0
2.3829,0.014258155859364732,0.01384578333870209,0.0004264127688397821,1.0
2.3839,0.014223600854356611,0.013937693187813445,0.00043525357254101945,1.0
2.3848,0.014187722659864907,0.014500265788356392,0.0004419342543216082,1.0
2.3858,0.014147862223388442,0.014006089995794935,0.0004442691305009944,1.0
2.3868,0.014107992282754403,0.014324482095087413,0.00044307460976619333,1.0
2.3877,0.014072437144899056,0.014629883249594876,0.0004419792246030978,1.0
2.3887,0.01405528259395514,0.013881943423861518,0.00044390106500176836,1.0
2.3897,0.01408415454768902,0.013175483503890091,0.0004502608224104223,1.0
2.3906,0.014121057833452362,0.014013103040654356,0.00045913752321305354,1.0
2.3916,0.014162057139542113,0.01335920263475776,0.0004651520430735938,1.0
2.3926,0.01420302974099422,0.014211405472967207,0.0004641313314925453,1.0
2.3936,0.014244853770957522,0.01453362013204683,0.00045874146084733694,1.0
2.3945,0.014273946449696906,0.014163857662778069,0.0004548619896219074,1.0
2.3955,0.014272999999999977,0.014232548943951286,0.00045496936375236953,1.0
2.3965,0.014272668438922321,0.01301841890304346,0.00045798931066745797,1.0
2.3974,0.014271999999999898,0.01407815867740282,0.00046132599656746647,1.0
2.3984,0.014271505616989501,0.013677146425123497,0.00046165314629089684,1.0
2.3994,0.014270999999999983,0.01305122143884191,0.0004576866493129319,1.0
2.4003,0.014269683312209697,0.014676696781843197,0.0004520476460656808,1.0
2.4013,0.014266608359473718,0.01428478023788627,0.0004485101217346947,1.0
2.4023,0.014263191750632918,0.01489293444686975,0.00044854723767098965,1.0
2.4032,0.014261079838185194,0.01400205246938247,0.00045132020751636944,1.0
2.4042,0.014257702470192854,0.014213137314273174,0.0004564192752635543,1.0
2.4052,0.01425428586135192,0.013662741759648241,0.0004635913252053029,1.0
2.4062,0.014249738505022402,0.013848863833611927,0.00047221380975108853,1.0
2.4071,0.014243992251225836,0.013707497457119322,0.00048015423543303466,1.0
2.4081,0.01423776157342648,0.015063444991498044,0.00048217333348481324,1.0
2.4091,0.014231605605384005,0.014005536887151745,0.00047499177401278325,1.0
2.41,0.014225776178833716,0.014110107194919001,0.0004631545434302177,1.0
2.411,0.014218942961151903,0.013999355729538638,0.0004539096793784407,1.0
2.412,0.014223890256529714,0.014030230573782571,0.00045255090885764704,1.0
2.413,0.014246394232608626,0.014221631405444569,0.0004579897803475292,1.0
2.4139,0.014266890627085535,0.01436541606555398,0.00046486806483076414,1.0
2.4149,0.014289673450304853,0.014187738487894255,0.0004695317337407872,1.0
2.4159,0.014312450842577195,0.014155597215192552,0.00047196397578237525,1.0
2.4168,0.014332952668001083,0.015058021584446322,0.000473257066056582,1.0
2.4178,0.014322909912109416,0.014170735375771211,0.00047379970043866774,1.0
2.4188,0.014273223749321795,0.01330702898968415,0.00047419753906592166,1.0
2.4197,0.014224781727523686,0.015043889207148463,0.0004745923294122578,1.0
2.4207,0.014170353626850804,0.01442788069479871,0.00047348569719355565,1.0
2.4217,0.014116743987377518,0.015029407601857026,0.00046949280014168523,1.0
2.4226,0.014070666510962277,0.014099721021915415,0.0004631613577320219,1.0
2.4236,0.014063684661778401,0.014096770766212845,0.00045741596942511996,1.0
2.4246,0.014169928563111405,0.014667666347409609,0.0004566592205870385,1.0
2.4256,0.014277476000670683,0.013752305035070671,0.00046260566174153743,1.0
2.4265,0.014375352931133421,0.013692495704935428,0.000472075298409363,1.0
2.4275,0.014485246786193302,0.01393899531657345,0.00048040469895651596,1.0
2.4285,0.014596446277487943,0.014563687977262405,0.00048595169493932916,1.0
2.4294,0.014638873781138989,0.014736323274352528,0.000490106383227485,1.0
2.4304,0.014580500181576082,0.013840620910772485,0.0004940819853425533,1.0
2.4314,0.014504111544650252,0.015446403633099492,0.0004983235709386705,1.0
2.4324,0.014427823426976813,0.014383426640398872,0.0005033541383857251,1.0
2.4333,0.014359438259116066,0.014809217936525836,0.0005087598773530033,1.0
2.4343,0.014284647518183978,0.015006356417811152,0.0005146213790585557,1.0
2.4353,0.014233724105452612,0.01380215299446187,0.0005198281876836471,1.0
2.4362,0.014223461385548801,0.013936998178851655,0.0005230952708651698,1.0
2.4372,0.014222322244387738,0.013976489034611649,0.0005241117417001988,1.0
2.4382,0.014221999999999981,0.013507551115332797,0.0005238498402980356,1.0
2.4391,0.014221159422455134,0.014161614489892966,0.0005216011182546084,1.0
2.4401,0.014220020552841597,0.01394846023314464,0.0005152519897573108,1.0
2.4411,0.01421982821740432,0.014392889202741796,0.0005049436907063484,1.0
2.4421,0.01422857165034346,0.01469835794238291,0.0004927774777632317,1.0
2.443,0.014239939743528662,0.013739263055008534,0.0004817707640323957,1.0
2.444,0.014260506996641538,0.013804693513181164,0.0004745083358585738,1.0
2.445,0.014302398324484093,0.01350277773727519,0.0004712642676953867,1.0
2.4459,0.014373076223038786,0.01458892609148149,0.00047126709169732675,1.0
2.4469,0.014458617725485142,0.014842816476466673,0.0004732242001948719,1.0
2.4479,0.014333306542718631,0.015274309230375274,0.0004750534569576544,1.0
2.4488,0.014242648507850295,0.01471259939264218,0.00047598709142366425,1.0
2.4498,0.014197348090100353,0.013711820591158606,0.00047748611468242746,1.0
2.4508,0.014168229309360006,0.014484254048879621,0.0004808813046210951,1.0
2.4518,0.014142029062657864,0.013413979174445005,0.0004863942038066017,1.0
2.4527,0.014129275309140665,0.014184122500122834,0.0004929960336405492,1.0
2.4537,0.014176999742512249,0.014432840101425945,0.0004978530848790366,1.0
2.4547,0.014278429820067204,0.013909030778080428,0.0004980962655497543,1.0
2.4556,0.014370688034474544,0.014936775310157156,0.000493869273002245,1.0
2.4566,0.01447318629969965,0.01368331730309285,0.0004906273910872028,1.0
2.4576,0.014577429737355851,0.014115456305515207,0.0004921469020193465,1.0
2.4585,0.014671703390829672,0.014697393865151401,0.0004985365490350435,1.0
2.4595,0.014697333816041604,0.014682382600823269,0.0005082413067536285,1.0
2.4605,0.014622377990913865,0.014520854508179432,0.0005190767980944622,1.0
2.4615,0.014548003027044868,0.0143409834768582,0.0005284052808069477,1.0
2.4624,0.014481121260398898,0.015081146797853157,0.000534793079810205,1.0
2.4634,0.014407768040407259,0.013332003434093461,0.0005383894460741904,1.0
2.4644,0.014334374267022052,0.015078527769018173,0.0005396880023159083,1.0
2.4653,0.014280927305947088,0.014823885886275392,0.0005392732356209955,1.0
2.4663,0.014239940385197178,0.012829639268288798,0.0005378922151951736,1.0
2.4673,0.014203496557561555,0.014417688805851812,0.0005365566083033047,1.0
2.4682,0.014171706463619631,0.014354077592631225,0.0005357858828122288,1.0
2.4692,0.014136402310225846,0.014442933232066557,0.0005348267194382363,1.0
2.4702,0.014101088934235803,0.013564381643108208,0.0005332630011428196,1.0
2.4711,0.014072113974238914,0.014122817600481685,0.0005319877577788535,1.0
2.4721,0.014051557163919893,0.01421607873021116,0.0005306444720570239,1.0
2.4731,0.014037317353407231,0.014850286604148456,0.0005274818760803686,1.0
2.4741,0.014026431772983612,0.013613900072613072,0.0005233908242766557,1.0
2.475,0.014025441696201726,0.0140530936715071,0.0005203047365594231,1.0
2.476,0.014049219710069756,0.014021063712203819,0.0005179825044717188,1.0
2.477,0.014122920121281963,0.013806334837675712,0.0005170905705757449,1.0
2.4779,0.01412383662908126,0.01415433816504119,0.0005181604958997297,1.0
2.4789,0.014067047725251707,0.012616792643893631,0.0005208397644555534,1.0
2.4799,0.014021382386505113,0.013305028996366626,0.0005225717207490435,1.0
2.4809,0.013988007710432949,0.013723439400188747,0.0005220622240556706,1.0
2.4818,0.013965633908630202,0.014190984265437896,0.0005194669671247064,1.0
2.4828,0.013948161445661172,0.013099381393203076,0.0005164806187358846,1.0
2.4838,0.013963017344481302,0.013308358403612967,0.0005170543548411936,1.0
2.4847,0.014012922566407446,0.013904948072162112,0.0005243173205451026,1.0
2.4857,0.0140812259848384,0.013590834937694632,0.0005367830067915558,1.0
2.4867,0.01415175494308386,0.014221271659379083,0.0005495026641924683,1.0
2.4876,0.014215379999599462,0.014953744912831909,0.0005579199240053791,1.0
2.4886,0.014288267654870837,0.014493510472399392,0.0005605850357342916,1.0
2.4896,0.014338653823278948,0.014570704384135196,0.0005602770416764419,1.0
2.4906,0.014315190059549038,0.013422914002090718,0.0005600981046511041,1.0
2.4915,0.01426702353252854,0.013414479646970423,0.0005597461975346529,1.0
2.4925,0.014214167154913152,0.014475583552369787,0.0005585403748346959,1.0
2.4935,0.014161010556874914,0.013416029359955405,0.0005571625056705748,1.0
2.4944,0.014113643367828247,0.013790425342013064,0.0005555823098709495,1.0
2.4954,0.014061255365601912,0.014356261493635579,0.00055419572138028,1.0
2.4964,0.014024107659046669,0.013940115479280115,0.0005552183307760975,1.0
2.4973,0.014002703991088319,0.014456875645493606,0.0005602749377520146,1.0
2.4983,0.013980194265274493,0.013330345127000272,0.0005690980236681084,1.0
2.4993,0.013958555742615755,0.014446786872838105,0.0005801944003594963,1.0
2.5002,0.013939912797045902,0.01472359878632929,0.0005882322391772083,1.0
2.5012,0.013922775069234478,0.014689889853699298,0.0005888367040093349,1.0
2.5022,0.013913526832406686,0.014347260554764736,0.0005815862487252497,1.0
2.5032,0.013912000000000103,0.014332570433503146,0.0005716034956572297,1.0
2.5041,0.01391200000000011,0.013629412595852236,0.0005643921811622256,1.0
2.5051,0.013912996596612172,0.014269238160259304,0.0005625730398089643,1.0
2.5061,0.013912999999999945,0.013974362744382475,0.000564579409103163,1.0
2.507,0.013912999999999896,0.013959459489961714,0.0005664017840869161,1.0
2.508,0.013912403423682908,0.014051709620667596,0.0005662700995178508,1.0
2.509,0.01390531341884665,0.013704033725399488,0.0005657454949239715,1.0
2.51,0.013891660711735929,0.014381597393281641,0.0005671312231271649,1.0
2.5109,0.013880986097957057,0.014312898696328256,0.0005711672632696447,1.0
2.5119,0.013869597401820883,0.013217239148160176,0.000576122119720422,1.0
2.5129,0.013860851196341213,0.012774668869864841,0.000578734041159761,1.0
2.5138,0.013853678427746253,0.014327571534614076,0.0005775027880728204,1.0
2.5148,0.013846662216707889,0.013819665566089783,0.0005737937136931726,1.0
2.5158,0.01383827562989966,0.013784123228405934,0.0005686371453248252,1.0
2.5167,0.013835000000000023,0.014351878734219913,0.0005622392013922412,1.0
2.5177,0.013835000000000108,0.013843541178195121,0.000557090075570602,1.0
2.5187,0.013835965568142825,0.012237327761841752,0.0005559167549099622,1.0
2.5196,0.01383801575068528,0.01367922032375192,0.000558332770918594,1.0
2.5206,0.01384029403300706,0.01323269214613482,0.0005635473092769904,1.0
2.5216,0.013841785886117099,0.014076067853190634,0.0005709282154842612,1.0
2.5226,0.013842923703676586,0.014193302600541352,0.0005817098575647837,1.0
2.5235,0.013843948708049688,0.01361029143470433,0.0005950517412668612,1.0
2.5245,0.013845087577663529,0.013554401723326982,0.0006073720938185652,1.0
2.5255,0.013846226718824493,0.013254662806815668,0.0006143209528299806,1.0
2.5264,0.013847503620191248,0.013562727605786836,0.0006157505851178144,1.0
2.5274,0.013851731646749259,0.014468629550275376,0.0006137334801061258,1.0
2.5284,0.013861812514076975,0.013984274401820538,0.0006078022122933288,1.0
2.5294,0.013875678169910805,0.013671441887392848,0.000598310843034009,1.0
2.5303,0.01388900082632078,0.01427411814586638,0.0005896279427264917,1.0
2.5313,0.013905472686246137,0.01414584191369388,0.0005851014857553574,1.0
2.5323,0.013922555730450353,0.01330723424868519,0.0005846257984559848,1.0
2.5332,0.013938909452714008,0.013495693682497131,0.0005864321607572719,1.0
2.5342,0.01393727028904519,0.014125850550923283,0.0005876318882884592,1.0
2.5352,0.013908370132898158,0.014911536771057445,0.0005858443597398267,1.0
2.5361,0.013896891494542365,0.013656407560852346,0.0005806607070145679,1.0
2.5371,0.01391468914711605,0.013212752010626,0.0005733199092246009,1.0
2.5381,0.01397805275024205,0.013850689564115825,0.0005663875729900115,1.0
2.5391,0.014088419691185856,0.013886596035566794,0.0005621660426824864,1.0
2.54,0.01422184366254868,0.014862705679642613,0.0005614794162964883,1.0
2.541,0.014152775939802362,0.014511937364840315,0.0005646981744588845,1.0
2.542,0.014015353017917648,0.014700295452945154,0.0005707363727887731,1.0
2.5429,0.013911202754618024,0.014533554250060263,0.0005785234977300167,1.0
2.5439,0.013837204450046815,0.01321570817496066,0.0005874962260715826,1.0
2.5449,0.013799963702364715,0.013189395289770608,0.0005983568272828637,1.0
2.5458,0.01378391487967933,0.014507929670452417,0.0006092403974701408,1.0
2.5468,0.013779926643041287,0.013018998258116343,0.0006189076178997168,1.0
2.5478,0.013790061243606275,0.014377346511648346,0.0006275314518247199,1.0
2.5488,0.01381017065165529,0.014512345361747083,0.0006342094897005433,1.0
2.5497,0.013835374220202855,0.012939608850170745,0.0006370389907885584,1.0
2.5507,0.013872364777897253,0.01335824628677566,0.0006352097913122056,1.0
2.5517,0.01391889353194695,0.013742650258915048,0.0006297118408118988,1.0
2.5526,0.013966327300608107,0.013887959878404382,0.0006217604675886882,1.0
2.5536,0.0140028978262446,0.01365392718239724,0.0006117524975257974,1.0
2.5546,0.014014719828194924,0.014405199311582212,0.0006013403042306623,1.0
2.5555,0.014047867202515451,0.014113743845427455,0.0005924439607948832,1.0
2.5565,0.01411396466829124,0.013573125316605872,0.0005853611019231805,1.0
2.5575,0.014217866875658342,0.014571603230687697,0.0005798789111163842,1.0
2.5585,0.014365582243482786,0.01464188928651992,0.0005768156842776986,1.0
2.5594,0.014525680024514135,0.01460245783307747,0.0005762393476837503,1.0
2.5604,0.014593661030206833,0.013926534249478838,0.0005765295943251875,1.0
2.5614,0.014596000000000005,0.014036583814430471,0.0005766436883818237,1.0
2.5623,0.014596131930389151,0.014857788593667924,0.0005767226559410186,1.0
2.5633,0.014597000000000042,0.014426801521184144,0.0005766445482889378,1.0
2.5643,0.014597408952474139,0.013784261943259721,0.0005767087676643339,1.0
2.5652,0.014598434043745206,0.015141108779915138,0.0005783717616949731,1.0
2.5662,0.014573218898851522,0.014328326945850747,0.0005851967569862674,1.0
2.5672,0.014437979375487228,0.013460928803629488,0.0005968021352607502,1.0
2.5681,0.014285010825511936,0.013778753940904004,0.0006101290383009422,1.0
2.5691,0.014148169645722257,0.014180246213226671,0.0006202718880224158,1.0
2.5701,0.01404606526750647,0.013620711586335528,0.0006228547718556523,1.0
2.5711,0.013970911368976194,0.014200771055279142,0.0006196125109636443,1.0
2.572,0.01391889980874266,0.013247895286809962,0.000616461617600654,1.0
2.573,0.013887577188061762,0.014357692618794582,0.0006172853781200064,1.0
2.574,0.013899631837293138,0.013769085494355548,0.0006210906128344151,1.0
2.5749,0.013920546766937257,0.014314813272453208,0.0006253207743579796,1.0
2.5759,0.013947463491452866,0.014099575963039542,0.0006276066302996011,1.0
2.5769,0.01397745005033648,0.01264874585192843,0.0006225158338568538,1.0
2.5779,0.014009962517609352,0.013827958493304345,0.0006088714645953831,1.0
2.5788,0.014039686704926634,0.013699456260574451,0.0005939759509061092,1.0
2.5798,0.014052631253374906,0.013929725387780287,0.0005837736687557066,1.0
2.5808,0.013988294933136667,0.013739067241177265,0.0005791965899246701,1.0
2.5817,0.01393428000399299,0.01312739653158637,0.0005781709444298124,1.0
2.5827,0.013882528367946291,0.015081809323405406,0.0005762801895791909,1.0
2.5837,0.013841502060718526,0.012997957873954703,0.000569776997434911,1.0
2.5846,0.013814449454479204,0.01344191040685402,0.000559874583345652,1.0
2.5856,0.013794705478259723,0.01399094283887344,0.000551985135676772,1.0
2.5866,0.013790803035571024,0.013274060467573495,0.0005503224151417558,1.0
2.5876,0.01380605333792168,0.014006976736579567,0.0005571325222564597,1.0
2.5885,0.01383018058008717,0.013661722479387173,0.0005696866120602095,1.0
2.5895,0.013868398538924041,0.013932015010036393,0.0005811637061195846,1.0
2.5905,0.013917949545632274,0.01342693384407595,0.0005831366253139062,1.0
2.5914,0.013969777840112583,0.013823811060262496,0.0005740159164327218,1.0
2.5924,0.01403321981603211,0.014086793574208877,0.0005602634262874029,1.0
2.5934,0.01405772548298407,0.013732380952064896,0.0005475620278824657,1.0
2.5943,0.014043152186852172,0.014145189655625421,0.0005380921572943389,1.0
2.5953,0.014042966644964815,0.013817819417102323,0.0005322824210692295,1.0
2.5963,0.01407469366130091,0.01439779362897328,0.0005302874854423026,1.0
2.5972,0.014140270229991357,0.01477503809980274,0.0005329506379063055,1.0
2.5982,0.014255561797191958,0.014788528709387908,0.0005400159815171795,1.0
2.5992,0.014397066610575264,0.014936909093073703,0.0005482016478559473,1.0
2.6002,0.014377998501858051,0.014045907355081122,0.0005550259425187349,1.0
2.6011,0.014180823825983981,0.015134248374632751,0.0005605005470134363,1.0
2.6021,0.01401086912493223,0.015545186675197022,0.0005635093473510955,1.0
2.6031,0.013898069854597237,0.01371090326794345,0.0005634910738655737,1.0
2.604,0.013844814013783046,0.013430179754528886,0.0005635684270077041,1.0
2.605,0.013818162500855064,0.01464431168770984,0.0005676864101796081,1.0
2.606,0.01380416581715647,0.013363068096333496,0.0005763317281960268,1.0
2.607,0.013806397440731364,0.013811975725796084,0.0005868256026494196,1.0
2.6079,0.013818852578321666,0.0128840071874123,0.0005966867984431917,1.0
2.6089,0.013836331655167825,0.013255600012200662,0.0006024982879674371,1.0
2.6099,0.013856696986587294,0.013568409495657774,0.0006049983005924218,1.0
2.6108,0.013878278633812951,0.014028191457867033,0.0006073887584988897,1.0
2.6118,0.013905969065568544,0.01372077000522319,0.0006109025621520893,1.0
2.6128,0.013936834722282366,0.013944330209740723,0.0006147328157878636,1.0
2.6137,0.013950969792880916,0.01330541768963895,0.0006182634729200895,1.0
2.6147,0.01395300000000008,0.014356641449382168,0.0006210566944681422,1.0
2.6157,0.013952999999999905,0.013363366611185092,0.0006224960455800718,1.0
2.6166,0.013952999999999985,0.013987428093061468,0.0006208477809381656,1.0
2.6176,0.013954102464853988,0.013920013568143739,0.0006162528693843728,1.0
2.6186,0.013955000000000094,0.01464462023489764,0.0006121548302623497,1.0
2.6196,0.01395538047562852,0.01317240036821899,0.0006103235545373957,1.0
2.6205,0.013955999999999975,0.014424765658872964,0.0006107642495496157,1.0
2.6215,0.01396253323816101,0.01385125243524899,0.0006139384731747509,1.0
2.6225,0.013986428276504571,0.013396266203434077,0.0006188149786233662,1.0
2.6234,0.014024704854734909,0.014754222596074265,0.0006235475127083982,1.0
2.6244,0.014086921555521308,0.014321547339472262,0.0006276729214693312,1.0
2.6254,0.014174821537652156,0.014267605226990098,0.0006316574944006899,1.0
2.6264,0.014293027688271934,0.013664865157138434,0.0006366331501221147,1.0
2.6273,0.014402434223300882,0.01565584765888444,0.000643220486816743,1.0
2.6283,0.014482374214450379,0.014506355638757842,0.0006506363430652185,1.0
2.6293,0.014563679338807178,0.014135337711307438,0.000658262617437325,1.0
2.6302,0.014637466358923346,0.01498818826015108,0.0006631398328547374,1.0
2.6312,0.014720074585325892,0.013907935953008793,0.0006632974181822695,1.0
2.6322,0.014803212067119487,0.01398517299975117,0.0006594220353009053,1.0
2.6331,0.014877981109063555,0.01467069290102804,0.0006542907417356749,1.0
2.6341,0.014909376315384193,0.0146902998853691,0.0006480587226124142,1.0
2.6351,0.014783202627403612,0.014601313393944918,0.0006393399439765966,1.0
2.6361,0.014642458418843887,0.0164181563595356,0.000629329949875286,1.0
2.637,0.014518643832991188,0.01374859115853995,0.0006204105842929928,1.0
2.638,0.014383087313258915,0.014022554687420256,0.0006131445490473676,1.0
2.639,0.014252196851865163,0.015135043535219371,0.0006079914251279194,1.0
2.6399,0.014141855561050111,0.014211246878275841,0.0006061720264566611,1.0
2.6409,0.01405822912177081,0.01516150068778864,0.0006072001051006084,1.0
2.6419,0.014056265733236522,0.013610978840925065,0.000609633774486794,1.0
2.6428,0.014078572285935313,0.01427612317150812,0.0006131276518622761,1.0
2.6438,0.014106434516454795,0.012899452528536609,0.0006167879192979782,1.0
2.6448,0.01413505875733881,0.014251778235626,0.0006196784782083191,1.0
2.6458,0.014165815568684941,0.014115942399511878,0.0006218412492868951,1.0
2.6467,0.014193725912385147,0.015000288736801662,0.0006239780553923057,1.0
2.6477,0.014202495615415646,0.014812242270929898,0.0006272208043632099,1.0
2.6487,0.01412874045315953,0.01269445744843052,0.0006311060774259608,1.0
2.6496,0.014036710408482358,0.014171833248321442,0.0006335757801948912,1.0
2.6506,0.013962180499761232,0.014667841744629033,0.000632100961278955,1.0
2.6516,0.013913663201334225,0.014381591555778273,0.0006236479977320702,1.0
2.6525,0.013889275088105025,0.013171103035093114,0.0006109492203890926,1.0
2.6535,0.013878135944340241,0.013523724875250984,0.0005998297099219048,1.0
2.6545,0.013877999999999956,0.014433648120685929,0.000594282107545394,1.0
2.6555,0.013877739253815266,0.014516252224388182,0.0005941166696139573,1.0
2.6564,0.01387871502473529,0.01367977028075994,0.0005979546071234043,1.0
2.6574,0.013890636030177636,0.014705418652823935,0.0006054338524401833,1.0
2.6584,0.013919569406183538,0.013882935462056661,0.0006161194292495913,1.0
2.6593,0.013963977828023824,0.01394836067521564,0.0006277862032810829,1.0
2.6603,0.014036593581579833,0.013351968490385547,0.0006357611460785691,1.0
2.6613,0.014136495199233877,0.015307941302587677,0.0006363624074962552,1.0
2.6622,0.014184625241916157,0.013691454862171057,0.0006310133363721429,1.0
2.6632,0.014100901233508016,0.013665483147338925,0.0006237358143934632,1.0
2.6642,0.014018949827780743,0.013207173199890072,0.0006173175798143637,1.0
2.6651,0.013960140669490292,0.014118133633801126,0.0006126133489642614,1.0
2.6661,0.013912393159836032,0.013944925577333312,0.0006091834562354834,1.0
2.6671,0.013882073832471727,0.01272554661977544,0.0006068964158875164,1.0
2.6681,0.013866524979802047,0.014725800360694694,0.0006061250241912444,1.0
2.669,0.013862999999999985,0.013533541532650701,0.0006071978052828493,1.0
2.67,0.013879218225709348,0.0144143902971866,0.0006091928026473158,1.0
2.671,0.01391862431088674,0.014374045315897484,0.0006100381057081829,1.0
2.6719,0.013980984212871155,0.014883766250739432,0.0006082875367921508,1.0
2.6729,0.014082730585015723,0.01299401487923096,0.0006058854052347058,1.0
2.6739,0.014224780073822024,0.014299000545017359,0.0006031214609906096,1.0
2.6749,0.014409711779757329,0.014249209308297388,0.0006001609915345551,1.0
2.6758,0.014587711498755812,0.01468614400985502,0.0005986927482939696,1.0
2.6768,0.01466581373427624,0.014404056811840303,0.0006003182340524994,1.0
2.6778,0.01461752845894365,0.01466644674980131,0.0006045149879035233,1.0
2.6787,0.014574491172773136,0.0150741524020655,0.0006085313305276464,1.0
2.6797,0.014528293951429938,0.014761782027038704,0.0006109112712875239,1.0
2.6807,0.0144836850973664,0.01368639654456767,0.000613543982861801,1.0
2.6816,0.01444665218872901,0.015730151228870143,0.0006187427250518319,1.0
2.6826,0.0144097433711238,0.013832848422608558,0.0006274072077924014,1.0
2.6836,0.014373075803926204,0.014969939189920073,0.000639656688094874,1.0
2.6846,0.014316913996042492,0.014010946491282606,0.000654043247814249,1.0
2.6855,0.014268567538910992,0.014435258593141133,0.0006663554221014944,1.0
2.6865,0.014217290217440972,0.015300946940073017,0.0006690556470781276,1.0
2.6875,0.014167914675768011,0.015004583025021216,0.0006577564987093577,1.0
2.6884,0.01412457486820439,0.013338925234405202,0.000639105166391341,1.0
2.6894,0.0140776056219461,0.01347986785528868,0.0006225703026974255,1.0
2.6904,0.014031914114915257,0.01405774048608407,0.0006124400054894156,1.0
2.6913,0.013991101132855593,0.013907198811747077,0.0006093255398394622,1.0
2.6923,0.013954512862534315,0.014559239087320045,0.0006127140989888587,1.0
2.6933,0.013925613685364671,0.013739896107396381,0.0006196925043072316,1.0
2.6942,0.013905403574637246,0.013458125377045493,0.0006283344550080637,1.0
2.6952,0.013887915075627916,0.01405217242999866,0.0006369905055002672,1.0
2.6962,0.013874323652089422,0.013804658338709619,0.0006434578644683369,1.0
2.6972,0.013864031344959022,0.014884838706623082,0.0006444900476785022,1.0
2.6981,0.013871243549854856,0.013072070713957837,0.000638483597282264,1.0
2.6991,0.013907629441072348,0.015116234237695618,0.000627653331135448,1.0
2.7001,0.013958579765024437,0.013891210219480515,0.0006169835275362639,1.0
2.701,0.014014736205342122,0.014480950543803425,0.0006124392387816937,1.0
2.702,0.014091707980992324,0.013805190090055233,0.0006181346452931946,1.0
2.703,0.014189323388518993,0.013638639926544563,0.0006325991394019613,1.0
2.704,0.014314121342165814,0.014282010133061657,0.0006487178259824033,1.0
2.7049,0.014420691674217364,0.014521570212814678,0.000659993419566536,1.0
2.7059,0.014364462380220313,0.013719026674142449,0.0006659456902074007,1.0
2.7069,0.014206738927941201,0.013278507985392745,0.0006696752330379405,1.0
2.7078,0.014090915310700213,0.015197197532941803,0.000674611674952277,1.0
2.7088,0.013986046820029949,0.014092330054744586,0.0006832645655126749,1.0
2.7098,0.01390504981454144,0.014461357247239523,0.0006942147870570401,1.0
2.7107,0.013852852815110983,0.013068512379004728,0.0007010008865358169,1.0
2.7117,0.013817367509012123,0.013087374239597969,0.0006977656400515602,1.0
2.7127,0.013804395779450161,0.013728825749503817,0.0006851121451475912,1.0
2.7136,0.013806680730172325,0.013713529872526671,0.000667603960117227,1.0
2.7146,0.01381123729481609,0.013427510952244799,0.0006506254682031316,1.0
2.7156,0.013816490966588229,0.013340867408085936,0.0006426919202112457,1.0
2.7166,0.013823022377587443,0.013868999964950857,0.0006463875602935939,1.0
2.7175,0.013830028213570381,0.013018966753091284,0.000656980877958667,1.0
2.7185,0.013838999078911288,0.014392204693800828,0.0006696472973668845,1.0
2.7195,0.013849946364348434,0.013750803124526761,0.0006808295896986782,1.0
2.7204,0.013866102932401892,0.01470814394950015,0.0006862874373578758,1.0
2.7214,0.013897301554929622,0.013949942446299731,0.0006850822416025897,1.0
2.7224,0.013939536861380537,0.01325338122237495,0.0006809552050547572,1.0
2.7234,0.013991992936605916,0.013787821635429198,0.0006763450330110146,1.0
2.7243,0.014049885385813239,0.015648138099057976,0.000670699120190995,1.0
2.7253,0.014129042651652213,0.013680989910057005,0.0006648959306134194,1.0
2.7263,0.014228324719978607,0.015306913525099079,0.0006620963618408264,1.0
2.7272,0.014337948074688512,0.01462930001149834,0.0006648826164711607,1.0
2.7282,0.014266541151598686,0.013654569190159699,0.0006731931214346494,1.0
2.7292,0.014182199630285412,0.014662152682322495,0.0006827250062871527,1.0
2.7301,0.014119107453505033,0.013668589658962147,0.0006865508493415697,1.0
2.7311,0.01406335824522402,0.014715554924106053,0.00068075967522385,1.0
2.7321,0.014021392152962097,0.01385087627728977,0.0006687469951965016,1.0
2.7331,0.013996621797739799,0.014528787238067671,0.0006577066481374033,1.0
2.734,0.013994251523776086,0.01463571995675977,0.000654115931677174,1.0
2.735,0.014003891743688275,0.014659306274972594,0.0006597255496089641,1.0
2.736,0.01400228673788088,0.014908713515834554,0.0006708683119062595,1.0
2.7369,0.014000093186397881,0.013618264797708576,0.0006803548856804904,1.0
2.7379,0.014000182274924902,0.013806479888064445,0.000684158320362734,1.0
2.7389,0.014002920028304038,0.014632016108125184,0.0006805920326298426,1.0
2.7398,0.014007275491736138,0.014844850920717537,0.000670352666279707,1.0
2.7408,0.014013363807765062,0.013605476565903963,0.0006579295786126189,1.0
2.7418,0.01402073176385278,0.014007050077225632,0.0006478479015282958,1.0
2.7428,0.014000507501092316,0.014516065149939993,0.0006405634598396736,1.0
2.7437,0.013961858688875797,0.014115506636014121,0.0006343830405181034,1.0
2.7447,0.013919112375281035,0.013665125000405572,0.0006303518762403459,1.0
2.7457,0.01388281622126761,0.014170298362258879,0.0006301136778135779,1.0
2.7466,0.013858029722730768,0.013271455813981222,0.0006324496541734144,1.0
2.7476,0.013840347050064676,0.01382826211236009,0.0006348119576791485,1.0
2.7486,0.013828070566372983,0.012971124788314685,0.0006353008046396199,1.0
2.7495,0.013821797101413968,0.013681388708081822,0.000633589233406559,1.0
2.7505,0.01381943959426021,0.015032669938257045,0.0006310226098209936,1.0
2.7515,0.013822313855494962,0.014207437090249492,0.0006301286610777059,1.0
2.7525,0.01382973430917377,0.013356620606021684,0.000632513117356161,1.0
2.7534,0.013843864917659512,0.013740404805526468,0.0006376609225754913,1.0
2.7544,0.01387177152811807,0.014341199649679984,0.0006444931830020921,1.0
2.7554,0.01391915779485678,0.013683786345802378,0.0006501967934927967,1.0
2.7563,0.013981373476762897,0.013461438303822994,0.0006536304313716147,1.0
2.7573,0.01404429840396878,0.013830239499907818,0.0006551689024720971,1.0
2.7583,0.013973371667988009,0.01408445175465783,0.00065596546286727,1.0
2.7592,0.013895257996092194,0.014337510513626226,0.0006565076396388548,1.0
2.7602,0.013841987721540999,0.013322934330468345,0.0006579437616363017,1.0
2.7612,0.013813142286713294,0.014614636811105272,0.0006610284622526077,1.0
2.7621,0.013799508185558359,0.013040549669307023,0.0006654377852001241,1.0
2.7631,0.01379127707284145,0.014916828855631158,0.0006727170620369078,1.0
2.7641,0.013787221840200113,0.012795816831471607,0.0006839915046230632,1.0
2.7651,0.01378438953728129,0.01410046751520079,0.0006965294831108866,1.0
2.766,0.01379063009905996,0.01558717572041881,0.0007075008637989437,1.0
2.767,0.013799057610365137,0.01258351431974567,0.0007150692289445039,1.0
2.768,0.013810399373117623,0.014127722311255532,0.0007162982031030717,1.0
2.7689,0.013823092174069697,0.013345122682571514,0.000711513301459534,1.0
2.7699,0.013838962702879258,0.01346240821201772,0.0007055623130683711,1.0
2.7709,0.013856715463555642,0.013594709243113916,0.0007018537664078386,1.0
2.7719,0.013877363135631027,0.013883971026364968,0.0007002242949919537,1.0
2.7728,0.013900985494047306,0.013725052366896924,0.0006996557441767778,1.0
2.7738,0.013944827728758184,0.013775737685648194,0.0006987165470408065,1.0
2.7748,0.013996638008152438,0.013198588233624645,0.0006951390133021133,1.0
2.7757,0.014049867146137852,0.01295017583810821,0.0006879423946640008,1.0
2.7767,0.01411866668437016,0.014170600415276612,0.0006789124470226588,1.0
2.7777,0.014201032751506481,0.013698897481002685,0.0006711327271608286,1.0
2.7786,0.01428823454371565,0.013244881908074557,0.0006686010108826842,1.0
2.7796,0.014398196362662737,0.014652321164688127,0.0006729873108829387,1.0
2.7806,0.014448153427714966,0.01420197655034114,0.0006813040929603379,1.0
2.7816,0.014383517221576627,0.013593675282953754,0.0006884316751332626,1.0
2.7825,0.014307005554997775,0.014379005790435561,0.00069192012204654,1.0
2.7835,0.014232097181159484,0.012825382120465108,0.0006930113330157523,1.0
2.7845,0.014174231554539804,0.013911129891807573,0.0006940267429880962,1.0
2.7854,0.01413865611513877,0.013820075297751658,0.0006951049128058337,1.0
2.7864,0.014114518090910862,0.014035233801426487,0.000696599797887004,1.0
2.7874,0.01410133212971182,0.013823245877888428,0.0006996780441485531,1.0
2.7883,0.014100380708073259,0.01441270459131227,0.0007039988096337481,1.0
2.7893,0.014118923869834888,0.013902694581090716,0.0007079550380710506,1.0
2.7903,0.014168316968739773,0.014912631585534025,0.0007098361765962145,1.0
2.7912,0.014251720991512678,0.014737230211760089,0.000708381743664259,1.0
2.7922,0.014380141734755384,0.014841853374933654,0.000703605282432274,1.0
2.7932,0.014528647165146392,0.014499531951294657,0.0006971478924678999,1.0
2.7942,0.014686214232286008,0.014647846720637958,0.0006921524630365336,1.0
2.7951,0.014830406874758598,0.014121408013985435,0.0006905849196966954,1.0
2.7961,0.014916146604151474,0.014760135985307978,0.000691033907215839,1.0
2.7971,0.01481301707678958,0.014429559963215087,0.0006928646566181647,1.0
2.798,0.014692155602335557,0.013961619768460401,0.0006955823907645078,1.0
2.799,0.014559575311752,0.015758146504471944,0.0006987510830366061,1.0
2.8,0.014429079084217887,0.01512008334888771,0.0007015974679672551,1.0
2.801,0.014302053386818432,0.014003304704068624,0.0007055472616787552,1.0
2.8019,0.014197030959839723,0.013174787760407343,0.0007122587426101263,1.0
2.8029,0.014102611071940739,0.014458216272581864,0.0007225331556116205,1.0
2.8039,0.014056920382836404,0.01394333052459929,0.0007309440541320009,1.0
2.8048,0.014089706655446045,0.01482688309795896,0.0007361319934263182,1.0
2.8058,0.014140733635904429,0.01431577928590241,0.000739364486421597,1.0
2.8068,0.014198699299527837,0.01429139911840626,0.0007489116061633632,1.0
2.8077,0.014256316595361624,0.01473372985776224,0.0007530344437777727,1.0
2.8087,0.014325210991514034,0.014488363271251439,0.0008745132150845598,1.0
