Wavelength_um,Model_Depth,Transit_Depth,Error,Num_Transits
0.8309,0.0012040112210536995,0.0009294723585172622,0.00013291725147375924,1.0
0.8318,0.0011995694578340532,0.0012536583609619148,0.00012174713768722352,1.0
0.8328,0.0012127366096316788,0.0014996507283750818,0.00011982953834110627,1.0
0.8338,0.001210383644073705,0.001227380404414066,0.00011946950697357012,1.0
0.8348,0.0012109703985401711,0.0010386587008889253,0.00011919846848404052,1.0
0.8357,0.0012398671054926667,0.0010787433492707907,0.00011692137466332466,1.0
0.8367,0.001225060035457937,0.0010194784938538676,0.00011451752329658948,1.0
0.8377,0.001211409460621191,0.0011654682634120693,0.00011321163425104915,1.0
0.8386,0.0012174819989737554,0.0012645407938606376,0.00011248392465283248,1.0
0.8396,0.0012332725605975427,0.0013727720693073532,0.0001118868073473759,1.0
0.8406,0.001213690064241173,0.0012983904860278755,0.00011122109604697678,1.0
0.8415,0.0012573562509758975,0.0012896633875233133,0.00011059893398428264,1.0
0.8425,0.001226752319474583,0.0011057263466533265,0.00011007659568867632,1.0
0.8435,0.0012257282238225921,0.0011730183276746223,0.00010960282465858397,1.0
0.8445,0.0012169077269527419,0.0013051930632400157,0.00010918026715094158,1.0
0.8454,0.001213776875732831,0.0011067540449378143,0.00010924679700431136,1.0
0.8464,0.0012096104270917253,0.0013453014192686445,0.00010989543290426046,1.0
0.8474,0.0012100000657480352,0.0012073522005890938,0.00010991790250321916,1.0
0.8483,0.0012168608670941102,0.001200821075966225,0.00010878967958625171,1.0
0.8493,0.001217530476033582,0.001089494864217147,0.00010799544881806505,1.0
0.8503,0.0012117288974510794,0.0011700756256385085,0.00010758718690146502,1.0
0.8512,0.0012109999999999315,0.0011277582324103563,0.00010693670531887403,1.0
0.8522,0.0012157970729557912,0.0013894679696826828,0.00010630272956405633,1.0
0.8532,0.0012207497993442964,0.0012941530471870903,0.00010631639248569659,1.0
0.8542,0.0012280842068613412,0.0010196523243403,0.00010662811583683407,1.0
0.8551,0.0012165946420830268,0.001247371808120011,0.00010634472237659497,1.0
0.8561,0.0012151631037985932,0.0011576191278061744,0.00010539074930529918,1.0
0.8571,0.0012197268947563347,0.0013592237434119742,0.00010435455866928104,1.0
0.858,0.0012127746656065783,0.0013246413414570901,0.00010361095254312392,1.0
0.859,0.0012145060662376254,0.0012488620842497043,0.00010317605445845125,1.0
0.86,0.0012159133418786004,0.0013749200729207562,0.00010289432530986368,1.0
0.861,0.0012098997640632148,0.0012055748125528963,0.00010266673047780008,1.0
0.8619,0.0012098450705717507,0.001071039220174761,0.00010240856748327009,1.0
0.8629,0.0012139318256748962,0.0012254913585971162,0.00010207374826657465,1.0
0.8639,0.0012116093725365422,0.001442461234518742,0.00010213437156935377,1.0
0.8648,0.0012157062042167444,0.0014149119397128295,0.00010382885033252874,1.0
0.8658,0.0012142859032789493,0.0012529352149231966,0.00010759167478150177,1.0
0.8668,0.0012162745223381877,0.0012440170119845735,0.00010925989764837191,1.0
0.8677,0.0012166519428814869,0.001256078672255052,0.00010724115234902168,1.0
0.8687,0.0012161754611978452,0.0011219912528543149,0.00010562766329069229,1.0
0.8697,0.0012177266680995136,0.0009550782957897368,0.00010326009913440606,1.0
0.8707,0.0012214624223990892,0.0012868679300591748,0.00010048083473063458,1.0
0.8716,0.0012219999999999506,0.0012446618817731304,9.909329420817027e-05,1.0
0.8726,0.0012190284954192662,0.001204676123670597,9.874454748923404e-05,1.0
0.8736,0.0012203348658393425,0.0013126328870706118,9.893417855451677e-05,1.0
0.8745,0.001221999999999956,0.0012216582662880136,9.909930942914884e-05,1.0
0.8755,0.0012206741532344496,0.0011392704285176174,9.874637408180109e-05,1.0
0.8765,0.0012175296008082991,0.0013170628142915586,9.844908148810193e-05,1.0
0.8774,0.0012204640126885187,0.0014513513134154484,9.898275850495896e-05,1.0
0.8784,0.00122210013296611,0.00118269763278041,0.00010005112017731478,1.0
0.8794,0.0012217722265117303,0.0011505843947800492,0.00010052296075430738,1.0
0.8803,0.0012196082503116161,0.001275182528200976,9.896310834325824e-05,1.0
0.8813,0.0012246171243793264,0.0012126207021503936,9.68653887515023e-05,1.0
0.8823,0.0012302253217209263,0.0011955380220683737,9.577722250452034e-05,1.0
0.8833,0.001232361026003621,0.0013877261750583297,9.534196251694112e-05,1.0
0.8842,0.0012302380147164462,0.0012761539114148266,9.515617478930051e-05,1.0
0.8852,0.0012336391407264688,0.0013593539480159125,9.51126549587827e-05,1.0
0.8862,0.0012400638304168909,0.0011856731205157507,9.508330725104012e-05,1.0
0.8871,0.0012474036553809654,0.0013096016091017416,9.467981865526906e-05,1.0
0.8881,0.0012567519319660765,0.0012734920660889607,9.399783535237961e-05,1.0
0.8891,0.0012663600643175396,0.0011565795843534636,9.346371759174825e-05,1.0
0.89,0.0012671571916913658,0.001230690314498621,9.31514253030812e-05,1.0
0.891,0.0012777992038987744,0.0014720595473362145,9.29155805190914e-05,1.0
0.892,0.0012817587723542817,0.0012766003969096437,9.278962698670239e-05,1.0
0.893,0.001279224350766264,0.0012549310988402536,9.268232063229404e-05,1.0
0.8939,0.0012682092330037933,0.001143035011001711,9.235185660408683e-05,1.0
0.8949,0.001244309685935069,0.001415640310357889,9.194876666402e-05,1.0
0.8959,0.001246492128133255,0.0014313712658047691,9.168679596385693e-05,1.0
0.8968,0.0012523461576040636,0.0011081929717219148,9.159487778469262e-05,1.0
0.8978,0.0012568988774703765,0.0013475194085513125,9.149185114065089e-05,1.0
0.8988,0.0012864903301074274,0.0012679156194715774,9.131643616138977e-05,1.0
0.8998,0.0012779954383258857,0.0013358960196237868,9.135771468167524e-05,1.0
0.9007,0.0012755631324577387,0.0012820157186740552,9.19732595842386e-05,1.0
0.9017,0.0012580042846957833,0.0013182394699763325,9.300016852819957e-05,1.0
0.9027,0.0012461706009432628,0.0013617458089964331,9.291037732422285e-05,1.0
0.9036,0.0012426582630826618,0.0011174492616949426,9.14120154187577e-05,1.0
0.9046,0.0012580441078585956,0.0012993676511772643,9.015084339305973e-05,1.0
0.9056,0.001256394841556949,0.0013608863973206522,8.960913862701994e-05,1.0
0.9065,0.001238046924052178,0.0013784559441087003,8.936909894590928e-05,1.0
0.9075,0.0012401618076014727,0.0013642743066118966,8.921768446333587e-05,1.0
0.9085,0.0012519979192391162,0.0011698380101978047,8.917224340999289e-05,1.0
0.9095,0.0012367175887418123,0.0012832202552038234,8.927011261205662e-05,1.0
0.9104,0.001251874351605866,0.0011022299577677442,8.915556357369358e-05,1.0
0.9114,0.0012596101116624575,0.0012640233902583076,8.870126468537311e-05,1.0
0.9124,0.0012564609734857408,0.0012005902444483713,8.824119896719063e-05,1.0
0.9133,0.001262384611433913,0.0012776020094069163,8.79287974994531e-05,1.0
0.9143,0.0012414589139769186,0.0012155602337152467,8.773222655997542e-05,1.0
0.9153,0.0012471789612563033,0.0011556192640950337,8.762892368365213e-05,1.0
0.9162,0.0012516776562259298,0.001264077392297062,8.756836825432182e-05,1.0
0.9172,0.0012381167525767228,0.001277464140364455,8.757466378491054e-05,1.0
0.9182,0.0012321364640897113,0.0013921361804733056,8.755959752975215e-05,1.0
0.9192,0.001269302742625692,0.0012540327584165168,8.742931821182074e-05,1.0
0.9201,0.0012167236840633455,0.0013565361639708041,8.724374243338425e-05,1.0
0.9211,0.0012575941146816937,0.0011947593941627282,8.723352102632354e-05,1.0
0.9221,0.0012865146983844535,0.001291383813990087,8.744860866648458e-05,1.0
0.923,0.001229493790845899,0.001098925361824374,8.755172231132351e-05,1.0
0.924,0.0012200332837811116,0.0010641890522658632,8.726716968531714e-05,1.0
0.925,0.0012379638250782168,0.0013533796790947074,8.676429561856668e-05,1.0
0.9259,0.0012353214243406645,0.001267932187022571,8.63665084957417e-05,1.0
0.9269,0.0012190666996168846,0.0013224285054461945,8.6045978750447e-05,1.0
0.9279,0.0012290012258734863,0.001194559939263645,8.579884128039964e-05,1.0
0.9288,0.0012947495804180194,0.001262602418760725,8.568231080153795e-05,1.0
0.9298,0.0012746692941052185,0.0012409096398458992,8.569461764003095e-05,1.0
0.9308,0.0012244238787672483,0.0013079871468963662,8.573534854654142e-05,1.0
0.9318,0.00125518957374423,0.0013412034564201482,8.550195288840981e-05,1.0
0.9327,0.0012660113471880906,0.001508866019208456,8.505450039736524e-05,1.0
0.9337,0.00126498286230295,0.0012155595122268987,8.464849104943779e-05,1.0
0.9347,0.0012584312596766625,0.0012519944516879672,8.43736453914524e-05,1.0
0.9356,0.001222555397125055,0.00111634333164047,8.423129738229693e-05,1.0
0.9366,0.0012521266943946836,0.00118401539999909,8.416868949778243e-05,1.0
0.9376,0.0013023136515085388,0.0013227813926943207,8.417294526997259e-05,1.0
0.9385,0.0012664351970353867,0.001417170439974396,8.428793566025105e-05,1.0
0.9395,0.001281839627946049,0.0011270030769642112,8.425653048148586e-05,1.0
0.9405,0.0013279175252892679,0.0012641199222317304,8.396766716810034e-05,1.0
0.9415,0.0012866361723576094,0.0012002566344036336,8.371461591665822e-05,1.0
0.9424,0.001277974786300647,0.00141948145722073,8.357634784144705e-05,1.0
0.9434,0.0012698192700709252,0.0013929293510282846,8.34511953224443e-05,1.0
0.9444,0.001241430823354402,0.0010576129982991377,8.324049273589672e-05,1.0
0.9453,0.0012265570056106934,0.0012989838063978052,8.30097300007048e-05,1.0
0.9463,0.0013690005275579884,0.0013050451254827096,8.29235669347469e-05,1.0
0.9473,0.0012155391531283343,0.0013871476219040073,8.302397943968893e-05,1.0
0.9482,0.0012135554932265768,0.0012437893077175551,8.308118250908628e-05,1.0
0.9492,0.0012322347111494822,0.0012677851166683657,8.306557197283092e-05,1.0
0.9502,0.001227241288304591,0.001137366543661542,8.302843492868369e-05,1.0
0.9512,0.0012198017649725278,0.0012513027575934326,8.283992298172063e-05,1.0
0.9521,0.001259412754223868,0.001315380515059996,8.247426628494575e-05,1.0
0.9531,0.0012860372508095178,0.0012817410338153978,8.237403368932778e-05,1.0
0.9541,0.0012362474764952862,0.0012018573885987996,8.276549694742383e-05,1.0
0.955,0.001230439559502059,0.0012582457880114222,8.311254944906784e-05,1.0
0.956,0.0012369929642559309,0.0013079639786953247,8.276860251347152e-05,1.0
0.957,0.0012389563344492197,0.0010940918334899042,8.206127869590716e-05,1.0
0.958,0.001271653787869363,0.0011824911962250422,8.157172177853173e-05,1.0
0.9589,0.0012717908342573803,0.0012017709592877838,8.122869088493824e-05,1.0
0.9599,0.0012624396600830277,0.0012352228322484208,8.096899510491096e-05,1.0
0.9609,0.001248535060408959,0.001174224084296465,8.082373870534831e-05,1.0
0.9618,0.001237999999999972,0.0012426595356180487,8.074659319242934e-05,1.0
0.9628,0.001271380167573792,0.0012234983525510818,8.068557276199009e-05,1.0
0.9638,0.0012847608498070368,0.0012324350469645222,8.0669696580556e-05,1.0
0.9647,0.001240633033891516,0.0012699915441540131,8.06090105583417e-05,1.0
0.9657,0.001238644913692907,0.0012917401319916097,8.044852264553926e-05,1.0
0.9667,0.0012348512146893684,0.0012864844954831763,8.035281981407392e-05,1.0
0.9677,0.0012642345551196897,0.001388529614593823,8.042045144950054e-05,1.0
0.9686,0.0012830757378336412,0.0014052429532701487,8.062629192794309e-05,1.0
0.9696,0.001259325193096672,0.001165748857621068,8.051260421752999e-05,1.0
0.9706,0.0012411342840433239,0.0010708445317115065,8.004397325968626e-05,1.0
0.9715,0.0012382983587609217,0.0013226935008155177,7.966037813703738e-05,1.0
0.9725,0.0012405745761686798,0.0013219960291221582,7.940023035374065e-05,1.0
0.9735,0.0012567417163719347,0.0012056996757594818,7.92416786269082e-05,1.0
0.9744,0.0012675100670034667,0.0012827909872743632,7.919637166024467e-05,1.0
0.9754,0.0012521798884016363,0.0011999153101333914,7.924512185181487e-05,1.0
0.9764,0.0012562894958808345,0.0012539319282824186,7.940249886676852e-05,1.0
0.9773,0.0012642536840385221,0.0012879013285521633,7.938016869681933e-05,1.0
0.9783,0.0012583398841475202,0.0011813671086644316,7.910557144741797e-05,1.0
0.9793,0.001259677091976525,0.0013156548377163003,7.894065686381776e-05,1.0
0.9803,0.001294109718705109,0.0012838327999372787,7.883688171415269e-05,1.0
0.9812,0.0012775157504939902,0.0011659901981702669,7.865858126844277e-05,1.0
0.9822,0.0012750049181616365,0.0012987114928760994,7.847729439246253e-05,1.0
0.9832,0.0012604832402294964,0.0013336999455518385,7.83828638079308e-05,1.0
0.9841,0.0012669759557893331,0.0012370258667634374,7.836114625337756e-05,1.0
0.9851,0.0012604769320564988,0.0011484613810869,7.828255293103187e-05,1.0
0.9861,0.0012396470480032114,0.00123396856698957,7.810417942228387e-05,1.0
0.987,0.001257463577947464,0.0013853546053976273,7.805360430720213e-05,1.0
0.988,0.0012815653911366588,0.0012281737176317233,7.830651540843584e-05,1.0
0.989,0.0012581679523094315,0.0012246577780696047,7.886322246494125e-05,1.0
0.99,0.0012737498215519734,0.0013064426791609628,7.911625461201213e-05,1.0
0.9909,0.001252907559379773,0.0013127757004906776,7.857162753427025e-05,1.0
0.9919,0.0012367241904447314,0.0013232838728682382,7.778010201973018e-05,1.0
0.9929,0.0012583078025348842,0.0012281044855730569,7.7341071220956e-05,1.0
0.9938,0.0012750311589209687,0.0012189029872018383,7.722305269089082e-05,1.0
0.9948,0.0012519136338459197,0.001170982015961719,7.735664134056928e-05,1.0
0.9958,0.0012457197343482137,0.0013224891674228974,7.769705298222048e-05,1.0
0.9968,0.001245295019566764,0.0012197055400607084,7.771767316445526e-05,1.0
0.9977,0.001247516523359122,0.001247135108323114,7.728125743676041e-05,1.0
0.9987,0.0012482437874656654,0.0013553212141998198,7.69028283374016e-05,1.0
0.9997,0.0012413916876669406,0.0011881043395874503,7.684307546942915e-05,1.0
1.0006,0.0012366424361470352,0.0011817906010123632,7.689124598739069e-05,1.0
1.0016,0.001243398880039605,0.0011823199499670378,7.688212980549703e-05,1.0
1.0026,0.001271248912003308,0.0013286456143431933,7.708275638409843e-05,1.0
1.0035,0.0012590354986863899,0.0012204732942891923,7.777728105276931e-05,1.0
1.0045,0.0012499067492992941,0.0012970781506636499,7.875819321459646e-05,1.0
1.0055,0.0012511722153074583,0.0012885468833723653,7.885706221244056e-05,1.0
1.0065,0.0012459817506968959,0.001287853868111667,7.767930423324285e-05,1.0
1.0074,0.0012429418979336823,0.0012908136025395359,7.665225731173523e-05,1.0
1.0084,0.001240665231483108,0.0011571919046508333,7.622944364408381e-05,1.0
1.0094,0.0012391936103542769,0.0013055705336682485,7.605980731564187e-05,1.0
1.0103,0.0012390000000001371,0.0012242532154350832,7.592739525484533e-05,1.0
1.0113,0.0012389999999999853,0.0011183559446461407,7.574283584110597e-05,1.0
1.0123,0.0012352184630167085,0.0011559939557095446,7.563976327687371e-05,1.0
1.0132,0.0012377998494210684,0.0012125496358325908,7.576351338303285e-05,1.0
1.0142,0.0012443608892521592,0.0012893365596500007,7.600121448359066e-05,1.0
1.0152,0.0012500559161887832,0.0012549179228592852,7.602876524311005e-05,1.0
1.0162,0.0012463993657835723,0.001142100924164505,7.580921068071299e-05,1.0
1.0171,0.001241000000000055,0.0012481055737153975,7.553093925444247e-05,1.0
1.0181,0.001238146651787761,0.001158912653137239,7.530388334676414e-05,1.0
1.0191,0.0012378518801710156,0.0011846658003435,7.522303314916715e-05,1.0
1.02,0.0012371230285575954,0.0013005131466138436,7.533956645477987e-05,1.0
1.021,0.0012339840231702275,0.0012212258117636156,7.562894473662067e-05,1.0
1.022,0.001233309340562805,0.0011503284690708414,7.584188047496599e-05,1.0
1.0229,0.0012346424024751621,0.0013492032596309801,7.557721063088829e-05,1.0
1.0239,0.0012330000000000856,0.0013073912868055712,7.507209371549584e-05,1.0
1.0249,0.0012329999999999936,0.001228863220606283,7.472798316589667e-05,1.0
1.0258,0.0012334817650345214,0.0012581747944103972,7.455250225628691e-05,1.0
1.0268,0.0012371038521090112,0.0012705385070059536,7.442045897762619e-05,1.0
1.0278,0.0012359648966956173,0.0012130929038044864,7.42979880779885e-05,1.0
1.0288,0.001229614961176623,0.0012157191454760245,7.422282747891679e-05,1.0
1.0297,0.0012262322067746008,0.0012353295136268492,7.425084328685357e-05,1.0
1.0307,0.001228368804132296,0.0013728396914321186,7.442262737769987e-05,1.0
1.0317,0.0012354033091985278,0.0012461538325946417,7.476409117708761e-05,1.0
1.0326,0.0012394228482034617,0.001284235663418235,7.525868053331232e-05,1.0
1.0336,0.0012329101159739913,0.0012215096050774805,7.538408939547827e-05,1.0
1.0346,0.0012310000000001083,0.0013290368521781323,7.48827086244625e-05,1.0
1.0356,0.0012297176606475583,0.0011942455959989791,7.43135503878437e-05,1.0
1.0365,0.001224336173368113,0.0012379189661903655,7.39619880533682e-05,1.0
1.0375,0.0012228043502184017,0.0012844325632045334,7.379868844879965e-05,1.0
1.0385,0.0012248859939922212,0.0012733207367720556,7.367130448098215e-05,1.0
1.0394,0.0012249999999999722,0.0011168555058207574,7.354617495152793e-05,1.0
1.0404,0.0012215716253815086,0.0012386232614017576,7.346667744574725e-05,1.0
1.0414,0.0012182459632682208,0.001265075699586976,7.350142638913918e-05,1.0
1.0423,0.0012184585076549942,0.001158707012797186,7.368806593970052e-05,1.0
1.0433,0.0012170000000000759,0.001178349150028522,7.383392401903275e-05,1.0
1.0443,0.0012197389529407883,0.0013350833217795057,7.369152656235733e-05,1.0
1.0452,0.0012260101730156834,0.0011459924298608997,7.345259996020784e-05,1.0
1.0462,0.0012446615194264244,0.0012064250771117,7.341053838257328e-05,1.0
1.0472,0.0012518507568603087,0.0011202155971237577,7.34267544977007e-05,1.0
1.0482,0.0012124545504729467,0.001263689662615579,7.325334248594847e-05,1.0
1.0491,0.0012100274291332936,0.0012735168408945243,7.302930669930505e-05,1.0
1.0501,0.001211999999999969,0.001239271154705685,7.293578292720337e-05,1.0
1.0511,0.0012128747687025227,0.001249376174605688,7.297757896380457e-05,1.0
1.052,0.0012124694354823727,0.0012837959085319028,7.326483167619236e-05,1.0
1.053,0.001208363234500367,0.0012992912649179586,7.376568021004078e-05,1.0
1.054,0.001219494670198786,0.0014066544057907983,7.378784409032088e-05,1.0
1.0549,0.001225999999999832,0.0011997215739943088,7.326491277317933e-05,1.0
1.0559,0.0012100950667830676,0.0012081337715275765,7.29131067048958e-05,1.0
1.0569,0.0012058963831596248,0.001154340441877953,7.308054635299067e-05,1.0
1.0579,0.0012069999999999687,0.0012257094617921763,7.373797312904226e-05,1.0
1.0588,0.0012070592050921736,0.0012176442165279546,7.412611250071889e-05,1.0
1.0598,0.0012066125266437851,0.0011556430142040128,7.361903951097326e-05,1.0
1.0608,0.0012016741601862091,0.0012337880555256427,7.297573854637401e-05,1.0
1.0617,0.0012066217136426096,0.0011622870080158394,7.272245730103757e-05,1.0
1.0627,0.0012064921144001707,0.0011412964179604364,7.266260133859676e-05,1.0
1.0637,0.001201277814826029,0.0011861573418802092,7.248213253532428e-05,1.0
1.0647,0.001205889564001496,0.0012508627559319294,7.222697358878519e-05,1.0
1.0656,0.0012102120162859377,0.0010942629063991414,7.214281903149855e-05,1.0
1.0666,0.0012044068842043461,0.001128091079269095,7.233039613432952e-05,1.0
1.0676,0.0011988405197594556,0.0012080088986093967,7.30302194560129e-05,1.0
1.0685,0.0011968951686085628,0.0010523533022864713,7.433720260590118e-05,1.0
1.0695,0.0011964874020100153,0.0011906816753917417,7.513049035717531e-05,1.0
1.0705,0.0012025924767079148,0.001251279568099534,7.449626639172228e-05,1.0
1.0714,0.0012104077976635302,0.0011540654106219593,7.351787851876249e-05,1.0
1.0724,0.0012088158185697207,0.0012083380501021477,7.282835512351501e-05,1.0
1.0734,0.0012042618651507892,0.0012449004841840613,7.23885288701074e-05,1.0
1.0743,0.0012015807500329516,0.0011162507651543197,7.212076955848278e-05,1.0
1.0753,0.0012010000000000228,0.001302796552512947,7.197507688056082e-05,1.0
1.0763,0.001198037500047031,0.0012757842688753877,7.194921809081853e-05,1.0
1.0773,0.0011981262258329783,0.0011025319944986782,7.234986970004749e-05,1.0
1.0782,0.0011997516095849973,0.0011453793668890606,7.327640681140372e-05,1.0
1.0792,0.0012037106726957556,0.0012656367947567022,7.365192656346677e-05,1.0
1.0802,0.0012034281969179308,0.0011409840921992754,7.282775347305328e-05,1.0
1.0811,0.0012071730173237123,0.001312504179957574,7.205894236441752e-05,1.0
1.0821,0.0012115922935763425,0.0011287217404959676,7.175286518742493e-05,1.0
1.0831,0.0012141909941323712,0.0012351549047760267,7.158264236038322e-05,1.0
1.0841,0.0012149999999999793,0.001179019246349769,7.142838580553304e-05,1.0
1.085,0.0012096352746219744,0.00113571411703598,7.125023545927832e-05,1.0
1.086,0.0012090659810198741,0.0010659706293453589,7.112862757600432e-05,1.0
1.087,0.0012116872008999062,0.0011909222621281895,7.115999672621499e-05,1.0
1.0879,0.0012161756892977136,0.0011266438993852645,7.128862073762895e-05,1.0
1.0889,0.0012196607286805046,0.0011754119173904714,7.130557423226604e-05,1.0
1.0899,0.001215578530348567,0.0012564931128139134,7.114523699501211e-05,1.0
1.0908,0.0012179913159068058,0.0011569819960965942,7.105840499164247e-05,1.0
1.0918,0.0012404957389569886,0.0010738347155981876,7.127633868348305e-05,1.0
1.0928,0.0012370336961453597,0.001108865260276809,7.186282857480196e-05,1.0
1.0938,0.0012375726007535072,0.0013971222072961397,7.24122488747948e-05,1.0
1.0947,0.0012614902855476095,0.0012107468994722863,7.246139304018157e-05,1.0
1.0957,0.0012931697948690272,0.0013592006696020297,7.226326151800568e-05,1.0
1.0967,0.001253475407315767,0.0012576815981874057,7.258078460179956e-05,1.0
1.0976,0.001227092379312884,0.0012255075502295557,7.35707451304396e-05,1.0
1.0986,0.001218380444129043,0.0012573908685220704,7.365349737281623e-05,1.0
1.0996,0.0012309442160828772,0.0012271344123398395,7.231980518678454e-05,1.0
1.1005,0.0012534325052925485,0.0014025976982919104,7.135765114077123e-05,1.0
1.1015,0.0012397640463583754,0.0012200313176861032,7.104643755704655e-05,1.0
1.1025,0.001233928067256177,0.00125747088686274,7.08551474987872e-05,1.0
1.1034,0.0012688492933548281,0.0011916144868074218,7.068018640699922e-05,1.0
1.1044,0.0013213061728944572,0.001330837122743101,7.057476433591743e-05,1.0
1.1054,0.0013090142826435865,0.0014738174716214837,7.054399658920289e-05,1.0
1.1064,0.0012894746328366371,0.0012527102073447629,7.048498564456358e-05,1.0
1.1073,0.0012696818582580915,0.0014088335366194851,7.031745485772528e-05,1.0
1.1083,0.0012636852812017666,0.0012288301849051474,7.017930129391773e-05,1.0
1.1093,0.0012632207194959717,0.001290837382594937,7.029187573987636e-05,1.0
1.1102,0.0012550498434341212,0.0012351374754872085,7.072719497299473e-05,1.0
1.1112,0.0012668491176092479,0.001396577232297972,7.135684394896377e-05,1.0
1.1122,0.0012589814052886175,0.0013269086150657504,7.1626243683075e-05,1.0
1.1132,0.0012510112739510513,0.0012186369380445881,7.107845166806445e-05,1.0
1.1141,0.0012536760214280668,0.001263043425647701,7.035537560356613e-05,1.0
1.1151,0.0012806012099229234,0.0013078718056968076,6.99858825794236e-05,1.0
1.1161,0.0013135548584575633,0.0013731785885916128,6.985280626343626e-05,1.0
1.117,0.001324666740443472,0.0014673431574170675,6.982058507373903e-05,1.0
1.118,0.0013168128295065345,0.0012711506289668523,6.985252669434327e-05,1.0
1.119,0.0013073374165943532,0.0012872344728817482,6.986310469130865e-05,1.0
1.1199,0.0013062710436776302,0.0013129030385772447,6.979246400689286e-05,1.0
1.1209,0.0012752443837316248,0.00129446407798602,6.967670897027497e-05,1.0
1.1219,0.0012650866031603187,0.001239508256580236,6.960184344568274e-05,1.0
1.1228,0.0012790613065074396,0.001348237501882341,6.96176742182438e-05,1.0
1.1238,0.0012797709363619877,0.001329568430150183,6.969274549033497e-05,1.0
1.1248,0.0012759238792019363,0.0013106062141167844,6.979462749588447e-05,1.0
1.1258,0.0012695203931716692,0.0012165448958510762,6.985155920619595e-05,1.0
1.1267,0.0012646206791818199,0.0013724771600894792,6.985277426274205e-05,1.0
1.1277,0.0012655528027271453,0.0012659784623159807,6.991281893248091e-05,1.0
1.1287,0.0012748726824020951,0.0012833515046327781,6.996831075892537e-05,1.0
1.1296,0.0012837680369661517,0.0012134370299493416,6.988985954609257e-05,1.0
1.1306,0.001273699733725512,0.001167128761575672,6.978116014671108e-05,1.0
1.1316,0.0012518195372214745,0.0013319188747041627,6.989127096981096e-05,1.0
1.1326,0.00129206365961584,0.001183647501105441,7.02667523163546e-05,1.0
1.1335,0.001329634464785285,0.001257384020263049,7.041299332366383e-05,1.0
1.1345,0.0013131749256803295,0.0012689174151478996,7.007044441504562e-05,1.0
1.1355,0.0012740000000000264,0.0013397185483654186,6.97414909458323e-05,1.0
1.1364,0.0012854699062790445,0.0012503275509176473,6.983152138488282e-05,1.0
1.1374,0.001307758103614809,0.0013104331361179346,7.013812246974578e-05,1.0
1.1384,0.001302476789113825,0.0013089239168084315,7.008797660603308e-05,1.0
1.1393,0.0012863737813824472,0.0012544992706398602,6.975706136852797e-05,1.0
1.1403,0.0012742092035420796,0.0012083744941941133,6.954918303642112e-05,1.0
1.1413,0.0012679909726710135,0.0012323379278954276,6.945665405830751e-05,1.0
1.1422,0.0012665322825980705,0.0012840465979139766,6.939067979709039e-05,1.0
1.1432,0.001283330114516595,0.001264197140060857,6.935238268077739e-05,1.0
1.1442,0.0012809190229532861,0.0013091149041687276,6.930032223338702e-05,1.0
1.1452,0.0013146195923929226,0.0012875722967799893,6.920401262205601e-05,1.0
1.1461,0.0013257737414245037,0.0013549818957393298,6.912091673608468e-05,1.0
1.1471,0.0012812045476128223,0.0012056180475152056,6.909642255973928e-05,1.0
1.1481,0.0012789796905690602,0.0013956904397821248,6.907406133539859e-05,1.0
1.149,0.0012979898291829133,0.0013439757369762993,6.901865789821508e-05,1.0
1.15,0.0013175781532233641,0.0013255609543574606,6.896566855246618e-05,1.0
1.151,0.0012891504198911535,0.0012927975252135157,6.896598128361517e-05,1.0
1.1519,0.0012928266021242306,0.0012214578935104152,6.897412829025274e-05,1.0
1.1529,0.0013057685046534019,0.0013121357291989016,6.893403709258875e-05,1.0
1.1539,0.0013237432802414338,0.0013947695244707035,6.891556711848682e-05,1.0
1.1549,0.0013487984117407092,0.001298505161162081,6.896690553284698e-05,1.0
1.1558,0.0013672229943591113,0.0012913407356831392,6.903716779365009e-05,1.0
1.1568,0.0013667957308862065,0.0013432774634519137,6.908642870678991e-05,1.0
1.1578,0.0013423845975526658,0.0014086812326795425,6.923769185722407e-05,1.0
1.1587,0.0013353644890230518,0.0012657276110604244,6.95155864250955e-05,1.0
1.1597,0.0013235188694912738,0.001332233746695514,6.97450383568239e-05,1.0
1.1607,0.0012938689146803997,0.0012832138625136532,6.982767929536144e-05,1.0
1.1617,0.001319826820616729,0.001280284137477846,6.997374051355135e-05,1.0
1.1626,0.001307698186637845,0.0012988604980497705,7.040963199414912e-05,1.0
1.1636,0.0012832050843814286,0.001232956307389522,7.089092211390347e-05,1.0
1.1646,0.0012825364631966524,0.0011486883026344834,7.057315979663914e-05,1.0
1.1655,0.001311077723387996,0.0013014216700753811,6.970221176457876e-05,1.0
1.1665,0.0012986792200127503,0.0014451013045092495,6.91503535389616e-05,1.0
1.1675,0.0012764537296230643,0.001225759195999211,6.90327254455487e-05,1.0
1.1684,0.0012844971996646389,0.0013764569570620367,6.916927653290754e-05,1.0
1.1694,0.0012930135084079316,0.0011536247818794694,6.931906514033085e-05,1.0
1.1704,0.0013011188518288227,0.0012883152176201135,6.921904072071729e-05,1.0
1.1713,0.0013123365194021974,0.0012695429889516975,6.898852351177105e-05,1.0
1.1723,0.0013076584452866912,0.0013278731927068048,6.88797296430852e-05,1.0
1.1733,0.0013137845794573234,0.0013131494099438692,6.893740922899458e-05,1.0
1.1743,0.0013080902313892552,0.0013704681669384428,6.908740314302206e-05,1.0
1.1752,0.001302357730039935,0.001370086049686872,6.919407800268289e-05,1.0
1.1762,0.0013022381511419807,0.0012646661426215268,6.921628154084765e-05,1.0
1.1772,0.001301230160011533,0.0011430468148879123,6.923968300511612e-05,1.0
1.1781,0.0012982730720442251,0.0012592819056921748,6.920672754650416e-05,1.0
1.1791,0.0012908084891976761,0.0012031021433813844,6.906258124783994e-05,1.0
1.1801,0.0012864397580575726,0.0012317153984771115,6.891312778665873e-05,1.0
1.1811,0.0012830227418955168,0.0013997927616818916,6.887944508869348e-05,1.0
1.182,0.001279948665501785,0.0012034360603835463,6.900357649682326e-05,1.0
1.183,0.0012931458136574128,0.0013258497011411658,6.926329536385375e-05,1.0
1.184,0.0013215516004279632,0.001343744512963609,6.95275975980674e-05,1.0
1.1849,0.0013172519167332865,0.0013820544739082802,6.958316228403343e-05,1.0
1.1859,0.00129833534550073,0.001231898371594899,6.950137475989641e-05,1.0
1.1869,0.0012856945370651198,0.0012415266060886933,6.988931890620573e-05,1.0
1.1878,0.001285954550377445,0.0012611060525582036,7.104561579386713e-05,1.0
1.1888,0.0012756265270954918,0.001198378409048832,7.180773936024248e-05,1.0
1.1898,0.0012752532305881322,0.001298619376762236,7.090673319392256e-05,1.0
1.1908,0.001293796107767895,0.001349218161331872,6.962357641569445e-05,1.0
1.1917,0.0013006586480282458,0.0012794225605232985,6.902686856228581e-05,1.0
1.1927,0.0012920694617053127,0.0014586148911572697,6.888181005559184e-05,1.0
1.1937,0.001290307717812044,0.0013259265324480302,6.887652649534997e-05,1.0
1.1946,0.0012757349254547499,0.001419059316693384,6.891069758403534e-05,1.0
1.1956,0.001269162832794518,0.0013139834554999135,6.898691834433694e-05,1.0
1.1966,0.001269976036819149,0.0013749273527363197,6.914497601783673e-05,1.0
1.1975,0.0012690011268066703,0.0012760860894245984,6.934068055736907e-05,1.0
1.1985,0.0012705559781015982,0.0012921036230271932,6.945560557747158e-05,1.0
1.1995,0.0012737221358609175,0.0013684795897860394,6.943347697494249e-05,1.0
1.2004,0.0012720911337693224,0.001417330343772847,6.932263949124017e-05,1.0
1.2014,0.0012682321568100012,0.0013229323715981639,6.930663746350018e-05,1.0
1.2024,0.0012642594911230294,0.0012434390344726323,6.953279002367361e-05,1.0
1.2034,0.0012637186968462938,0.0012652026159170931,6.97849326438714e-05,1.0
1.2043,0.0012654875762347657,0.0012977960105767816,6.96639044206231e-05,1.0
1.2053,0.0012668826577312722,0.001191206727138272,6.934565109087979e-05,1.0
1.2063,0.0012540216631183314,0.0012586183736747354,6.924278190177808e-05,1.0
1.2072,0.001255140103597286,0.001141840307749521,6.943334960751266e-05,1.0
1.2082,0.0012574465448471671,0.001289814716075762,6.992976121072618e-05,1.0
1.2092,0.0012546765095615546,0.0013980516714496008,7.082539082019271e-05,1.0
1.2102,0.0012535376399481287,0.0012924652303569614,7.181942988322204e-05,1.0
1.2111,0.001255924707938375,0.0011668148353587754,7.1692631957229e-05,1.0
1.2121,0.0012777937013108026,0.0012927305021052588,7.043986495065057e-05,1.0
1.2131,0.0012813554435441839,0.001270481184523476,6.95164259543794e-05,1.0
1.214,0.0012655822630687663,0.0012684455114442832,6.921355893468013e-05,1.0
1.215,0.0012490040235758107,0.00113620577245475,6.915969447218585e-05,1.0
1.216,0.0012456715364392152,0.0011388474164306726,6.918324496979679e-05,1.0
1.2169,0.0012543550201954375,0.0014461161076882714,6.928959439070578e-05,1.0
1.2179,0.0012463892205483531,0.001266518021204605,6.948584825990914e-05,1.0
1.2189,0.0012406310190362093,0.0011830749413319138,6.967218740310456e-05,1.0
1.2198,0.0012423644334101684,0.0013516578939682842,6.97473819781617e-05,1.0
1.2208,0.001261459251047412,0.0013052383816173608,6.966197085309882e-05,1.0
1.2218,0.0012716402638203444,0.0012852953549914203,6.949469372380507e-05,1.0
1.2228,0.0012521793391690825,0.0012618657973687717,6.943054592731696e-05,1.0
1.2237,0.0012663679087297451,0.0013163497962878038,6.948926589503242e-05,1.0
1.2247,0.001281685294670569,0.0013013920666027935,6.963947871645633e-05,1.0
1.2257,0.0012436466406821223,0.0012506614225404045,7.003628277349409e-05,1.0
1.2266,0.0012320349014993542,0.0012890273706205897,7.069397504433306e-05,1.0
1.2276,0.0012284878339279288,0.0012996995525345393,7.095138918745607e-05,1.0
1.2286,0.0012399752871570676,0.0011924620970044527,7.041205086793156e-05,1.0
1.2296,0.0012337165549587187,0.0013792049915473446,6.991831657279039e-05,1.0
1.2305,0.001221264295556409,0.0012481770635005027,6.982075837562692e-05,1.0
1.2315,0.0012250230147463521,0.00124033286381934,6.986881942620124e-05,1.0
1.2325,0.0012261445311891577,0.001374491041377855,6.989435160533047e-05,1.0
1.2334,0.0012242392090641813,0.001214814376507342,6.990999088693867e-05,1.0
1.2344,0.0012259999999998214,0.0011435994548391842,7.00026440870844e-05,1.0
1.2354,0.0012256834590624597,0.001200647874016156,7.021137342404437e-05,1.0
1.2363,0.001223633276520237,0.0012286021476741987,7.031814053770443e-05,1.0
1.2373,0.0012219999999999373,0.0012854596122406315,7.011693185549959e-05,1.0
1.2383,0.0012210798044227074,0.0011770468340523215,6.986856496070977e-05,1.0
1.2392,0.001218059243760448,0.0011104954392103898,6.98039460542297e-05,1.0
1.2402,0.0012116306388699016,0.0011544182713862626,6.986703678325694e-05,1.0
1.2412,0.001207473871878403,0.0011815224622123523,6.99478288167083e-05,1.0
1.2422,0.0012069999999999377,0.0011630626697360354,6.999032510374019e-05,1.0
1.2431,0.0012116305296446192,0.0012871928555441327,6.996742318325064e-05,1.0
1.2441,0.0012376755430963397,0.0011744903998758003,6.993515830751242e-05,1.0
1.2451,0.001229533754944216,0.0012858199261787395,6.99458796981746e-05,1.0
1.246,0.001213939107647162,0.001206981063923896,6.998936057272186e-05,1.0
1.247,0.0012066325608428496,0.0011624619389475946,7.005582673735921e-05,1.0
1.248,0.0012065057240879362,0.0011998569771682864,7.011099170749263e-05,1.0
1.2489,0.0012070000000000745,0.001165746183638313,7.014669743986048e-05,1.0
1.2499,0.0012076696849727473,0.0012151189658059568,7.024601827358495e-05,1.0
1.2509,0.0012063826192799752,0.001233251470979599,7.05129837233576e-05,1.0
1.2519,0.0012022097601054554,0.0011021759861177855,7.092895119900043e-05,1.0
1.2528,0.001203943089403752,0.0012132620010597785,7.133783479051956e-05,1.0
1.2538,0.0012108894823199033,0.0013352927790452303,7.141472868089597e-05,1.0
1.2548,0.0012100000000001307,0.0011806923791223122,7.103370437040218e-05,1.0
1.2557,0.0012102744785648452,0.0011287116702212946,7.070416282363476e-05,1.0
1.2567,0.001212653935808262,0.0011628617885949984,7.065685378040921e-05,1.0
1.2577,0.0012188620762395058,0.0012897419580842361,7.065764572951756e-05,1.0
1.2587,0.0012130271399895063,0.0013015395691078186,7.058464663689049e-05,1.0
1.2596,0.0012018468872801323,0.0011645699303665588,7.053500652512445e-05,1.0
1.2606,0.0011989999999999518,0.0013095097302955512,7.055687125201562e-05,1.0
1.2616,0.0012019795588187419,0.001190325598356479,7.061812891433825e-05,1.0
1.2625,0.001200981743249453,0.0013744586539187356,7.072062650631834e-05,1.0
1.2635,0.0011996879835887804,0.0011186515877431513,7.090063868220504e-05,1.0
1.2645,0.0011980000000000792,0.0012209595649013592,7.102444854338917e-05,1.0
1.2654,0.0011983201048641145,0.0011656935576747772,7.097699436376931e-05,1.0
1.2664,0.001200835897910517,0.0012581595863316733,7.089883576671286e-05,1.0
1.2674,0.0012161405905244612,0.0011825386835732175,7.087879022783797e-05,1.0
1.2683,0.001215671017240786,0.0011886521523232299,7.089172655690504e-05,1.0
1.2693,0.0012016311802266005,0.0013043893726055315,7.092160810248367e-05,1.0
1.2703,0.0012061984574789596,0.0011364677477594932,7.097111393534066e-05,1.0
1.2713,0.001227729262410632,0.0011918406894047694,7.104023830120643e-05,1.0
1.2722,0.0012206178268589151,0.001242953275677576,7.110193715698129e-05,1.0
1.2732,0.001214999999999993,0.001152383615437954,7.116430908532957e-05,1.0
1.2742,0.0012126164711711064,0.0012441472744108238,7.122760587656207e-05,1.0
1.2751,0.0012050752368831864,0.0012966002947056125,7.127212010425326e-05,1.0
1.2761,0.0012000000000000066,0.001178819307068808,7.132719135010231e-05,1.0
1.2771,0.0012019304111714358,0.0011312103899116036,7.142571716751289e-05,1.0
1.2781,0.0012061263423566947,0.0011654880926312702,7.157479189352488e-05,1.0
1.279,0.0012126449966778645,0.0011765127775335425,7.181324247340481e-05,1.0
1.28,0.0012102188091582735,0.0013566796370677793,7.228636078203374e-05,1.0
1.281,0.0012075901216841458,0.001124981572146672,7.301398806811526e-05,1.0
1.2819,0.0012152019690730236,0.001253445738280593,7.356699249273137e-05,1.0
1.2829,0.0012245057499393583,0.0011521735397184607,7.343111714982236e-05,1.0
1.2839,0.0012214554783293624,0.001250022506692659,7.284839018786867e-05,1.0
1.2848,0.001216943891555429,0.0011323869161490782,7.234870153184464e-05,1.0
1.2858,0.0012145500913024754,0.0012775084144923338,7.207835386832616e-05,1.0
1.2868,0.0012156890966898472,0.0013453198805648886,7.200374570332398e-05,1.0
1.2878,0.0012176540487244768,0.0011090367441347626,7.20541626079264e-05,1.0
1.2887,0.0012180000000000751,0.0011685051030685353,7.212183560232766e-05,1.0
1.2897,0.0012199818480194307,0.0011118785487662791,7.209737420641371e-05,1.0
1.2907,0.0012216106191298894,0.0014116692945347023,7.209743154567783e-05,1.0
1.2916,0.0012182255755272529,0.001192694960661358,7.213329004614164e-05,1.0
1.2926,0.001214880667807042,0.0011664064102202942,7.217900567331169e-05,1.0
1.2936,0.0012191581047162052,0.0012506168428465972,7.221411098130215e-05,1.0
1.2945,0.0012233701366433354,0.00121800767435044,7.223886329969868e-05,1.0
1.2955,0.0012446586808572244,0.0013870504500884872,7.226617894660191e-05,1.0
1.2965,0.0012381661451859034,0.001232992936675683,7.231153722375712e-05,1.0
1.2974,0.001226447114599468,0.0010857765211853933,7.237679035122086e-05,1.0
1.2984,0.001232180359373387,0.0013092505449267477,7.24655159938594e-05,1.0
1.2994,0.001239072829070632,0.0011940432054329685,7.254219446660056e-05,1.0
1.3004,0.0012436312988385744,0.0013519937457087431,7.257762877896454e-05,1.0
1.3013,0.0012568020447750268,0.00131516356458936,7.261794873402419e-05,1.0
1.3023,0.0012579660317482947,0.0012094869649901937,7.272281771864063e-05,1.0
1.3033,0.0012530455055149293,0.0013533548784495982,7.286635060059931e-05,1.0
1.3042,0.0012545116925683402,0.0011591615678130706,7.292285045189763e-05,1.0
1.3052,0.0012480230862176535,0.0012188072630172056,7.289291132587656e-05,1.0
1.3062,0.001237538505397719,0.0012171104666584252,7.291580051847334e-05,1.0
1.3072,0.0012350809168717052,0.0011996149367313857,7.305885660881031e-05,1.0
1.3081,0.0012378293007601058,0.0011397065557930588,7.334049786099756e-05,1.0
1.3091,0.0012460000000000537,0.0013799486517965642,7.375371242968889e-05,1.0
1.3101,0.0012444536268629229,0.001353737350291929,7.413504796493742e-05,1.0
1.311,0.0012394920034388282,0.0012483489929751266,7.432593498429969e-05,1.0
1.312,0.0012452302601091874,0.0011752737617364269,7.44008734241105e-05,1.0
1.313,0.0012587955909851034,0.0011641367519654054,7.429646050693564e-05,1.0
1.3139,0.0012682869742355726,0.0012882524784233313,7.40520999317687e-05,1.0
1.3149,0.0012627579868813954,0.0013354327725692415,7.393055198110357e-05,1.0
1.3159,0.0012482658474776145,0.0012443397540866001,7.382187691563567e-05,1.0
1.3168,0.0012511047718681263,0.0014122240003024266,7.367787611272433e-05,1.0
1.3178,0.001266830119683048,0.0012800138961794178,7.363322880576575e-05,1.0
1.3188,0.001268107280479151,0.0013154086388042002,7.368949013761797e-05,1.0
1.3198,0.0012604007795155013,0.0011875885250876277,7.378723622394873e-05,1.0
1.3207,0.0012551251159441013,0.0012243717511174798,7.38919760267407e-05,1.0
1.3217,0.0012529999999999532,0.0012737822630649862,7.394650210774195e-05,1.0
1.3227,0.0012541377102415388,0.0012722707529604592,7.393522003243498e-05,1.0
1.3236,0.0012561869106769848,0.0012361336345256056,7.39452002960275e-05,1.0
1.3246,0.0012591969748563677,0.0012641310323948669,7.402856154704427e-05,1.0
1.3256,0.001261742660678961,0.0012841021799073178,7.413482317227247e-05,1.0
1.3266,0.0012640101999530336,0.001245462577599765,7.421140729652211e-05,1.0
1.3275,0.001264999999999985,0.0010972632272104098,7.431225216991427e-05,1.0
1.3285,0.0012656926306374968,0.0013693467474305103,7.447775683660021e-05,1.0
1.3295,0.0012708721636378757,0.001231490429333733,7.45732300895689e-05,1.0
1.3304,0.0012770227112649693,0.001277057899879985,7.452443166992061e-05,1.0
1.3314,0.0012890941068350024,0.001410477100239388,7.446823871448823e-05,1.0
1.3324,0.001302914351149806,0.0014080972228795983,7.448919461319975e-05,1.0
1.3333,0.0013021663248153322,0.0013231977835676159,7.457220572558349e-05,1.0
1.3343,0.001292220487486055,0.0012185726375446438,7.467203070278894e-05,1.0
1.3353,0.0012808317913500162,0.0012285715842294796,7.473196957564763e-05,1.0
1.3362,0.00127623235145531,0.0012785723608467851,7.476879181278851e-05,1.0
1.3372,0.0012799191745327151,0.0012587098456672589,7.483638951907756e-05,1.0
1.3382,0.0012811864818495465,0.0011842660801215997,7.494539840816634e-05,1.0
1.3392,0.0013018755286004458,0.0012959588073645307,7.503767109343943e-05,1.0
1.3401,0.001329592938121176,0.0013845272348878403,7.509018499686088e-05,1.0
1.3411,0.0013323054698865966,0.0013657782049798658,7.515504209953971e-05,1.0
1.3421,0.0013088420245142643,0.0012871627331711888,7.52307410180603e-05,1.0
1.343,0.0012880411038101163,0.0012811083221911268,7.528232918064679e-05,1.0
1.344,0.001286293767108038,0.0012475885783682472,7.532201402120855e-05,1.0
1.345,0.0012908497886572443,0.0014144238418165762,7.53816074945824e-05,1.0
1.3459,0.0013216136914995494,0.0013804672166109555,7.545285717698871e-05,1.0
1.3469,0.0013733686787991625,0.0014849634775328743,7.55289398525066e-05,1.0
1.3479,0.0013660929806736304,0.0013290648479826065,7.565941025722582e-05,1.0
1.3489,0.0013483245416523442,0.001325723891167162,7.592733545723883e-05,1.0
1.3498,0.0013292894109407938,0.0013601069153312804,7.623886056055836e-05,1.0
1.3508,0.0013490930747898661,0.0014301654674737513,7.629222599534968e-05,1.0
1.3518,0.0013993627459063618,0.001303831144898957,7.610966196687323e-05,1.0
1.3527,0.0014003140834423773,0.0012994570111556092,7.601008489139841e-05,1.0
1.3537,0.001382963978856331,0.0014012977104181183,7.604794783078447e-05,1.0
1.3547,0.0013447459939248904,0.0013043062615621047,7.616037335937486e-05,1.0
1.3557,0.001322698243090975,0.0013438042710003533,7.631463048864136e-05,1.0
1.3566,0.0013937949539567487,0.001395393945359923,7.641334673085991e-05,1.0
1.3576,0.0014299078206138215,0.0014439444248072466,7.641370281049543e-05,1.0
1.3586,0.0013300102505435663,0.001295698645466651,7.64237119798271e-05,1.0
1.3595,0.0013030000000000975,0.0013396968432033713,7.650777731283644e-05,1.0
1.3605,0.0013170928194833776,0.0012955752497276361,7.663644736422428e-05,1.0
1.3615,0.001332765630022488,0.0013173867672381383,7.673276858016313e-05,1.0
1.3624,0.0013194811164586994,0.0012567496303294331,7.679901328030591e-05,1.0
1.3634,0.0013159145586018038,0.0013106083432302804,7.685851532892455e-05,1.0
1.3644,0.0013473749479238422,0.0013195693710519808,7.68977758604826e-05,1.0
1.3654,0.001346110222288581,0.0013773199470449712,7.697377501643897e-05,1.0
1.3663,0.0013112598010088063,0.0012435948364805252,7.712429383440841e-05,1.0
1.3673,0.0013249429805265171,0.001313426363750268,7.731543260333155e-05,1.0
1.3683,0.001387195828900368,0.0014077268130782438,7.748008979158528e-05,1.0
1.3692,0.001376606642043023,0.0013287607956557867,7.754654726940612e-05,1.0
1.3702,0.0013189574846602613,0.0011543390429364837,7.758802242480797e-05,1.0
1.3712,0.0013229445438948805,0.00138096882677406,7.769366309800516e-05,1.0
1.3721,0.0013459133247166232,0.001332331964918684,7.7750896781776e-05,1.0
1.3731,0.0013269544752727044,0.001484930628875002,7.774873051242358e-05,1.0
1.3741,0.001299999999999751,0.0011993641076148327,7.778316271791003e-05,1.0
1.3751,0.001302856718823508,0.0013045282810742263,7.785174309297811e-05,1.0
1.376,0.0013133157558657379,0.0013460270417758615,7.792731738091114e-05,1.0
1.377,0.0013174015634253296,0.0014120996920784176,7.799911539719469e-05,1.0
1.378,0.0013180000000000097,0.0012363101507764916,7.807424018084632e-05,1.0
1.3789,0.0013157400860276756,0.0013888417228075096,7.826580200212425e-05,1.0
1.3799,0.0013118884556800035,0.0014382694461967539,7.8637036304597e-05,1.0
1.3809,0.0013126857069879843,0.0013713053525495277,7.9098215554222e-05,1.0
1.3818,0.001314735889530327,0.0013329145288908386,7.942148493248854e-05,1.0
1.3828,0.001308982973720093,0.0013859110316184493,7.928713053936668e-05,1.0
1.3838,0.001307736169767234,0.0012893612329623076,7.890025974397362e-05,1.0
1.3848,0.0013222532564131026,0.0013866590890408191,7.869619296311029e-05,1.0
1.3857,0.0013317654332049573,0.0013436224832778544,7.868496972637591e-05,1.0
1.3867,0.001324075882053709,0.0012034701566260538,7.872990096823514e-05,1.0
1.3877,0.0013144849033291065,0.0013404395265038652,7.87799037253753e-05,1.0
1.3886,0.001310779061962698,0.0012527462715293735,7.882764552065968e-05,1.0
1.3896,0.0013100000000000507,0.0012595035145184404,7.888867842619197e-05,1.0
1.3906,0.0013100000000002118,0.0014166501265554091,7.894182788516216e-05,1.0
1.3915,0.0013109134352907422,0.0011522453125024624,7.898544213215554e-05,1.0
1.3925,0.0013142095240742664,0.0012420116725089662,7.906973718515162e-05,1.0
1.3935,0.0013176196573210677,0.0013368878000110862,7.920852214632423e-05,1.0
1.3944,0.0013153542121678511,0.00116558482174382,7.934548099093941e-05,1.0
1.3954,0.0013151256079881818,0.0013350098878869845,7.942328427828233e-05,1.0
1.3964,0.0013234382385046179,0.0012359069482811027,7.946842280954491e-05,1.0
1.3974,0.001336208509885679,0.0012831701845137542,7.95436039441882e-05,1.0
1.3983,0.001360026764220238,0.0012705780346188398,7.968203506120057e-05,1.0
1.3993,0.0013851043336993649,0.0014080412126754724,7.986576333379936e-05,1.0
1.4003,0.0013581789794784285,0.0012663495803435577,8.002560037400781e-05,1.0
1.4012,0.0013358597066094168,0.0013038603120281178,8.017482336462558e-05,1.0
1.4022,0.0013198261625010296,0.001317544371707725,8.033449548750524e-05,1.0
1.4032,0.0013115937740266084,0.0013712573552102248,8.03990968080205e-05,1.0
1.4042,0.001335736024600255,0.0012390399271627107,8.030554268437847e-05,1.0
1.4051,0.0013719939630893825,0.0012371365755705869,8.022150108628724e-05,1.0
1.4061,0.0013864612360891574,0.001387249580641142,8.024190011066221e-05,1.0
1.4071,0.0013731249630345313,0.0014624905017181816,8.031847403519484e-05,1.0
1.408,0.001331903733185069,0.0013677304740506808,8.041596783248155e-05,1.0
1.409,0.001309434678922589,0.0013055965261990336,8.057229311995864e-05,1.0
1.41,0.0013050616174668421,0.001311320173633297,8.083166957462129e-05,1.0
1.4109,0.001303040969040597,0.0011726948068230035,8.116124470450846e-05,1.0
1.4119,0.0013220375928651186,0.0012227986901662273,8.13904620409346e-05,1.0
1.4129,0.0013949392555600982,0.0013845366101601364,8.135499123081587e-05,1.0
1.4139,0.0014221158902770132,0.0013576763631330047,8.12397886477684e-05,1.0
1.4148,0.0014064284580118755,0.0013321926186581313,8.125346776239955e-05,1.0
1.4158,0.001378888112469955,0.001384197085501203,8.139110709515664e-05,1.0
1.4168,0.001345748724935449,0.001434402508214554,8.14572829795778e-05,1.0
1.4177,0.001344727497556497,0.001414207101972984,8.145434678463768e-05,1.0
1.4187,0.0013576329810766734,0.0014298085542218835,8.1568017957326e-05,1.0
1.4197,0.0013849031371724926,0.0012557022550748153,8.18616575806882e-05,1.0
1.4206,0.0014213046387864998,0.0014381326190134704,8.214823342564258e-05,1.0
1.4216,0.0014471342881706719,0.0014567843123014569,8.229931222217768e-05,1.0
1.4226,0.0014526553604073161,0.001328311487088145,8.260924364055536e-05,1.0
1.4236,0.0014158057056677718,0.0012475828418538719,8.312434344275922e-05,1.0
1.4245,0.001343038354443386,0.0012702200584259508,8.324038123507256e-05,1.0
1.4255,0.0013029219082287384,0.0012514640770138815,8.288355221886666e-05,1.0
1.4265,0.0012908499972056307,0.0013070401488010164,8.260218475624257e-05,1.0
1.4274,0.0012850353074924693,0.0013232033117544747,8.258163892228953e-05,1.0
1.4284,0.0012840000000001693,0.001275511791020645,8.276286606422923e-05,1.0
1.4294,0.0012869880873694563,0.0011694687720280794,8.300340521692942e-05,1.0
1.4303,0.0013028700682133987,0.001242748340370222,8.310960426989026e-05,1.0
1.4313,0.0013304693486554762,0.0013997666373263163,8.303814709841913e-05,1.0
1.4323,0.0013297612861398523,0.0014005543138331227,8.290879963896301e-05,1.0
1.4332,0.0013248075112189221,0.0011978899696256159,8.28140689606555e-05,1.0
1.4342,0.0013203174917614208,0.0012650393131537771,8.288972026480941e-05,1.0
1.4352,0.0013173246287387424,0.001296968582034872,8.309379111655967e-05,1.0
1.4362,0.0013357306629173137,0.0013242572304962687,8.3278649660453e-05,1.0
1.4371,0.0013626656338338796,0.0013226564352390106,8.333736928754383e-05,1.0
1.4381,0.0013826355923424836,0.0014059159790537116,8.342690784483583e-05,1.0
1.4391,0.001392373144440911,0.0013455231699004784,8.381043609547832e-05,1.0
1.44,0.0013725113522955917,0.0013933328999360796,8.44977528265169e-05,1.0
1.441,0.0013183148895469317,0.0013123363001083961,8.497950654261455e-05,1.0
1.442,0.0012955813066311277,0.0012543931201942759,8.498403887153346e-05,1.0
1.4429,0.001297214933929778,0.001282427111598876,8.490287968274136e-05,1.0
1.4439,0.0012999999999999347,0.0012210878988145506,8.47631109007077e-05,1.0
1.4449,0.0013036049878027015,0.0013679264925718039,8.452770081396307e-05,1.0
1.4459,0.0013101592030446778,0.001276604769371163,8.43843962638745e-05,1.0
1.4468,0.0013136548753360988,0.0012626701475329338,8.434568634761212e-05,1.0
1.4478,0.0013215249722508665,0.0013225870441728833,8.444374017093091e-05,1.0
1.4488,0.00134868914032847,0.0014438297047073456,8.467925451152399e-05,1.0
1.4497,0.001372252856938875,0.0013763110814772005,8.480206732675882e-05,1.0
1.4507,0.001355968353897122,0.0014795083517594272,8.47154540479312e-05,1.0
1.4517,0.0013276060177014638,0.0014303532466874462,8.460511791240488e-05,1.0
1.4527,0.0013199702061120928,0.0012955435204007183,8.466788375595222e-05,1.0
1.4536,0.0013260418955598902,0.001405871657004812,8.497521803625418e-05,1.0
1.4546,0.0013465632736362194,0.0013504201313479151,8.535108889910453e-05,1.0
1.4556,0.0013700153629417696,0.0012619597030285891,8.543181912943257e-05,1.0
1.4565,0.001379444677956982,0.0013122201128251798,8.525694658621067e-05,1.0
1.4575,0.001350196241081171,0.0013532233908313566,8.513616152688809e-05,1.0
1.4585,0.0013243414336533662,0.0013736506368526417,8.514875323496971e-05,1.0
1.4594,0.0013166055276128959,0.0012333512358001309,8.520141285674724e-05,1.0
1.4604,0.001307173338184161,0.0011682155319886855,8.525384369915704e-05,1.0
1.4614,0.0012898148328220813,0.0013886191382819668,8.533162888792528e-05,1.0
1.4624,0.001273867400220312,0.0012743778876928783,8.542934848920739e-05,1.0
1.4633,0.0012699999999998069,0.0012444415568303871,8.560364507159078e-05,1.0
1.4643,0.0012700000000000762,0.0013192265075056024,8.591817334228528e-05,1.0
1.4653,0.0012690490160009533,0.001297742931977766,8.619638469774332e-05,1.0
1.4662,0.0012680239247297802,0.0013220046019091544,8.619980824491473e-05,1.0
1.4672,0.0012707587936452815,0.0013020027799382106,8.60408656772057e-05,1.0
1.4682,0.0013048933772650052,0.001231962658975888,8.600743365908056e-05,1.0
1.4691,0.0013477243440322144,0.0013622059391418034,8.627210005916777e-05,1.0
1.4701,0.001357915460113199,0.0014301133016230466,8.683247179650124e-05,1.0
1.4711,0.0013494422240899167,0.0013045684793622182,8.741735074097587e-05,1.0
1.4721,0.0013248512936291084,0.001354647340134059,8.769056374269906e-05,1.0
1.473,0.0012973045627217683,0.0013725856936343181,8.751960710360307e-05,1.0
1.474,0.0012805663459794505,0.0011921880405050991,8.725503153361614e-05,1.0
1.475,0.0012770067794035235,0.0014098661705031583,8.721086419575967e-05,1.0
1.4759,0.0012792604188333104,0.001303546405552101,8.723753481563471e-05,1.0
1.4769,0.0012940473816561236,0.0014149318547989193,8.71682078090167e-05,1.0
1.4779,0.001321042191872771,0.0011653248260496767,8.710397084347802e-05,1.0
1.4788,0.0013618823289109844,0.001340772557233235,8.710679335111919e-05,1.0
1.4798,0.001408721549101369,0.0014632994494187918,8.71951306093129e-05,1.0
1.4808,0.0014233915766584493,0.001515256953695391,8.740969175119719e-05,1.0
1.4818,0.0014172986324804896,0.0014345156293409389,8.7691941819508e-05,1.0
1.4827,0.00138389124977705,0.001349859535785541,8.795196673241957e-05,1.0
1.4837,0.0013297416706997134,0.001357176175967222,8.820622232138612e-05,1.0
1.4847,0.001292789495880825,0.0013001994265644955,8.85830185988121e-05,1.0
1.4856,0.0012877312316198813,0.0011432341213091085,8.929209839767369e-05,1.0
1.4866,0.0012891549370575926,0.0012665192120600729,9.08031661005058e-05,1.0
1.4876,0.0013227869811246777,0.0012269680957577443,9.286631155570895e-05,1.0
1.4885,0.0013567494077139457,0.0014791633353747377,9.317785406346166e-05,1.0
1.4895,0.0013456148094924648,0.0013335730689616615,9.123721399374848e-05,1.0
1.4905,0.0012941835401183053,0.0013761551557045849,8.962280695151976e-05,1.0
1.4914,0.0012675762433202121,0.0013020790120315563,8.891116312995416e-05,1.0
1.4924,0.0012571395893293633,0.0011389732732559204,8.858559464487027e-05,1.0
1.4934,0.001255051278264145,0.0012791363783564965,8.855947177818607e-05,1.0
1.4944,0.001281158176430754,0.001359645229634637,8.88873648194314e-05,1.0
1.4953,0.001314225636788537,0.0013487523702451411,8.941768697629015e-05,1.0
1.4963,0.0013114696158579803,0.0011614945909257937,8.965879348895166e-05,1.0
1.4973,0.0012917560172748103,0.0011888696670374944,8.942758200279697e-05,1.0
1.4982,0.0012840732285711053,0.0013445700168176096,8.925087098386672e-05,1.0
1.4992,0.001290321091966981,0.0011943973873434239,8.940603372911304e-05,1.0
1.5002,0.0012943850414301713,0.0013974555464761646,9.005397843434463e-05,1.0
1.5012,0.0012925058290138402,0.0013813590523341901,9.132235828580728e-05,1.0
1.5021,0.0012902870368001152,0.0012481030035927485,9.26329513128827e-05,1.0
1.5031,0.0012760790374895766,0.0013622526218461518,9.30504383653831e-05,1.0
1.5041,0.0012629325235405,0.0014588403986981054,9.245121331134722e-05,1.0
1.505,0.0012764405192329494,0.0013459019814696233,9.178524262519449e-05,1.0
1.506,0.0013317576582785075,0.0013222417935164702,9.136719637551606e-05,1.0
1.507,0.00136856381607916,0.0013415704533370338,9.090987797629433e-05,1.0
1.5079,0.0013610887437111856,0.0013324049873726484,9.050150860340216e-05,1.0
1.5089,0.0013458103004750717,0.001259123168206159,9.045255857330845e-05,1.0
1.5099,0.0013402619887594286,0.0012372556295416972,9.063902678778291e-05,1.0
1.5109,0.0013382459667441115,0.0014805863349500424,9.06680602381389e-05,1.0
1.5118,0.0013343915684031341,0.0014391108547845157,9.055525306642226e-05,1.0
1.5128,0.001327800807196952,0.0013507291448532034,9.049184948019735e-05,1.0
1.5138,0.0013163827739271687,0.0011612974125989558,9.048912278759102e-05,1.0
1.5147,0.0012796780082076297,0.0012748841734571221,9.064878104449113e-05,1.0
1.5157,0.0012478010985129495,0.0011450058893507386,9.113662084018906e-05,1.0
1.5167,0.0012296637080199686,0.0014213363526734111,9.156757068060424e-05,1.0
1.5176,0.0012224683759427092,0.00109703986923588,9.174864606408022e-05,1.0
1.5186,0.0012232231607633194,0.0013416197530353633,9.167344098362127e-05,1.0
1.5196,0.0012422400258788858,0.0011367060318928286,9.156087362183065e-05,1.0
1.5206,0.001282055271835154,0.0013168098649154743,9.169443306900871e-05,1.0
1.5215,0.0012916331889732688,0.0013209151784330949,9.201187924814118e-05,1.0
1.5225,0.0012977024207000538,0.0011208696370763364,9.217072809048831e-05,1.0
1.5235,0.0012768212968482697,0.0012485774171353194,9.198905367429824e-05,1.0
1.5244,0.0012462632078722123,0.0012073305782518626,9.179433808029042e-05,1.0
1.5254,0.0012286115688679492,0.0012463831776039357,9.178985407239976e-05,1.0
1.5264,0.0012290546014911208,0.001396185774197995,9.189372840310785e-05,1.0
1.5273,0.0012316552907533193,0.0011224560851176282,9.20119215174406e-05,1.0
1.5283,0.0012426636183266988,0.0011639448226715646,9.214421137261154e-05,1.0
1.5293,0.0012627534332449353,0.0012241161734380791,9.229728476963047e-05,1.0
1.5302,0.0012625831226532078,0.0013038689354044845,9.24546895971514e-05,1.0
1.5312,0.001241142280795894,0.001230793176838793,9.271786468353253e-05,1.0
1.5322,0.001224868055940259,0.0011517854101600396,9.306742852342047e-05,1.0
1.5332,0.0012245399215453884,0.0012525584580699242,9.341917864496047e-05,1.0
1.5341,0.0012268851561317363,0.0012634621161398015,9.36730040236374e-05,1.0
1.5351,0.0012376784331509403,0.0012587065640314045,9.365743702099157e-05,1.0
1.5361,0.001266760738390088,0.0010839685450049685,9.35550518053237e-05,1.0
1.537,0.0012901640032201172,0.001227462968597724,9.367895598669228e-05,1.0
1.538,0.00129626395039553,0.0013157598845532068,9.432328326949267e-05,1.0
1.539,0.0012951252456352902,0.0013665923749724205,9.547858379079585e-05,1.0
1.5399,0.001303097388760773,0.0012790015166276598,9.622933359155027e-05,1.0
1.5409,0.0013151935762479243,0.00134106540655402,9.579763725131995e-05,1.0
1.5419,0.0013132542988296997,0.0012549493438389128,9.503961638572359e-05,1.0
1.5429,0.0012709592045587268,0.0011682757133827848,9.458724544041018e-05,1.0
1.5438,0.0012442756594438602,0.0011278640385085027,9.420336529944962e-05,1.0
1.5448,0.001250988698920238,0.00124519177485622,9.402995470949961e-05,1.0
1.5458,0.0012819341095422988,0.0013085603868317158,9.42174496344333e-05,1.0
1.5467,0.0012936435088415524,0.0012728069260098114,9.454665051253987e-05,1.0
1.5477,0.0012854021360378103,0.001275075529503995,9.470894604196337e-05,1.0
1.5487,0.0012737975510963271,0.001286789835865536,9.478965152799623e-05,1.0
1.5497,0.0012677629988892718,0.0011521854114190874,9.505424985475019e-05,1.0
1.5506,0.0012631565845114432,0.0014063027550203055,9.526504963933792e-05,1.0
1.5516,0.001248642932101068,0.0012704512548986169,9.515239538754464e-05,1.0
1.5526,0.0012249347373953507,0.0013520221947669873,9.496501825760174e-05,1.0
1.5535,0.0012167723377374947,0.0013802655764090324,9.492128654749487e-05,1.0
1.5545,0.001225350538753465,0.0010504775386315636,9.502802915434616e-05,1.0
1.5555,0.0012446168335238227,0.0011615838889543844,9.520544833972863e-05,1.0
1.5564,0.0012482440025312212,0.0012149732943420324,9.539099688710324e-05,1.0
1.5574,0.00123624818399571,0.0012781585153687051,9.559951274514074e-05,1.0
1.5584,0.0012224095457246276,0.0012661492429802948,9.584179488408164e-05,1.0
1.5594,0.0012234189632128888,0.0011934834924081207,9.597189236438186e-05,1.0
1.5603,0.0012273894962231196,0.00135964155342743,9.589164721094733e-05,1.0
1.5613,0.001229193487614734,0.0011979002458778847,9.595573430508742e-05,1.0
1.5623,0.0012274072432448097,0.0013445797837525718,9.646950982467494e-05,1.0
1.5632,0.0012314532751548787,0.0012634650318926728,9.712502220355599e-05,1.0
1.5642,0.0012394239886898513,0.001040089959512627,9.715971586341946e-05,1.0
1.5652,0.0012469667407667719,0.0012461650117082752,9.667641731927284e-05,1.0
1.5661,0.0012431229946684478,0.0012182423745459195,9.648013053917925e-05,1.0
1.5671,0.001232263689462538,0.0012726202138022011,9.679376820730748e-05,1.0
1.5681,0.001229034085145691,0.001291982585319836,9.741304391778187e-05,1.0
1.5691,0.0012326014684099675,0.0011870553994891616,9.789777452212444e-05,1.0
1.57,0.0012368772918683597,0.0012493482752986495,9.792695954545923e-05,1.0
1.571,0.001239114032076269,0.0012722875452813222,9.761724552414042e-05,1.0
1.572,0.0012345466666255282,0.0011652951165605251,9.735596377391799e-05,1.0
1.5729,0.0012349557607257908,0.0012279639046396432,9.740316856142059e-05,1.0
1.5739,0.0012403130871505039,0.0012393438109066558,9.796385906818762e-05,1.0
1.5749,0.001258858374584865,0.0011769447832127025,9.876246115513379e-05,1.0
1.5758,0.001271801161920433,0.0012059902256003512,9.967959132092764e-05,1.0
1.5768,0.0012574558115721582,0.0010852117873852787,0.00010017309104740265,1.0
1.5778,0.0012493419280867194,0.001254063522536537,9.955251176214437e-05,1.0
1.5788,0.0012593088678171708,0.0012021711817554424,9.865225008416884e-05,1.0
1.5797,0.0012834075180782939,0.001102899904431119,9.840210127988026e-05,1.0
1.5807,0.0012995208228422637,0.0013442778189221166,9.874724404586175e-05,1.0
1.5817,0.0012760282263961776,0.0011187499026367729,9.935379702017873e-05,1.0
1.5826,0.0012645233191358458,0.0010636259514239194,9.984882098480222e-05,1.0
1.5836,0.001261691091967792,0.0012071104366150585,0.00010005801493142872,1.0
1.5846,0.0012567973951196527,0.0011998736774548597,9.990279994724269e-05,1.0
1.5855,0.0012560000000000461,0.0013045766912751096,9.973036454778114e-05,1.0
1.5865,0.0012502115127284467,0.0013826899662235366,0.0001000711490386658,1.0
1.5875,0.0012683454949441995,0.001097637366461116,0.00010116427843013669,1.0
1.5884,0.0012754074867960808,0.0012835134676295486,0.00010278253929845625,1.0
1.5894,0.0012418673984119619,0.0012607506416296402,0.0001038450370234203,1.0
1.5904,0.0012376217792483917,0.0012830419117589413,0.00010349730533856039,1.0
1.5914,0.0012432667011965136,0.0013346982368314833,0.00010225453836234177,1.0
1.5923,0.0012499822546966357,0.0012640765989172624,0.00010094148198652813,1.0
1.5933,0.0012551218163962049,0.0011220063154019693,0.00010015831305108106,1.0
1.5943,0.0012492297798451877,0.0011671134097726934,9.996274516305961e-05,1.0
1.5952,0.0012436438349156804,0.001336295965671428,0.00010003013790461122,1.0
1.5962,0.0012440614304249733,0.001074888759623387,0.00010006807551233256,1.0
1.5972,0.0012510435180228408,0.0014209165393491417,9.997477040461422e-05,1.0
1.5982,0.0012581478978114775,0.0014306839929276766,9.991482206691917e-05,1.0
1.5991,0.001261936197172343,0.0013237645033336487,0.00010008985740406197,1.0
1.6001,0.0012658042844456755,0.0012148797923591025,0.00010057927024600385,1.0
1.6011,0.001270949703624915,0.0012731838520782836,0.00010111741925471303,1.0
1.602,0.0012773052239732647,0.001401455717983518,0.00010110636071501324,1.0
1.603,0.0012852722568360642,0.001187711962341465,0.00010073384602923259,1.0
1.604,0.0012843246958651705,0.0015196097601905389,0.00010058110759890515,1.0
1.6049,0.001283083140683942,0.001161451716028532,0.00010070358659690447,1.0
1.6059,0.0012827765411864503,0.0011898538821050843,0.00010099362270462078,1.0
1.6069,0.001278610974447661,0.0012610145191068154,0.0001014285607580872,1.0
1.6079,0.0012806586082734954,0.0011610655853503203,0.00010180294180506517,1.0
1.6088,0.0012865692319065606,0.0011687852513117007,0.00010205583555322426,1.0
1.6098,0.0012894621780064593,0.0012814942656601993,0.0001024275201249941,1.0
1.6108,0.001303897938339642,0.0013107046322196959,0.00010288128114472085,1.0
1.6117,0.0013037147336364236,0.0012607730620149875,0.00010314259816253567,1.0
1.6127,0.0012938124351111252,0.0013412924181049049,0.00010308020993944786,1.0
1.6137,0.0012835634509023007,0.0012906353885859176,0.0001030399129154305,1.0
1.6146,0.001283962349841616,0.0013025297298365544,0.00010339021721842959,1.0
1.6156,0.0012851013552289488,0.0011771666089621861,0.00010364959302458507,1.0
1.6166,0.0012881632455466168,0.0014961555937487857,0.00010328263064080365,1.0
1.6176,0.001298409189165656,0.0011737195742438646,0.00010296917028099025,1.0
1.6185,0.001307628642940252,0.0012061944872760173,0.00010318357052420957,1.0
1.6195,0.0013151687517449938,0.0013375846117838666,0.00010354619896826637,1.0
1.6205,0.0013204052877491745,0.0012691248459632113,0.00010351697199834828,1.0
1.6214,0.0013255307441052766,0.0014681438579893082,0.00010312691551447154,1.0
1.6224,0.0013278441927131507,0.001373567673958709,0.00010287690920415167,1.0
1.6234,0.0013289828848697545,0.001287144957968065,0.00010283263804255781,1.0
1.6243,0.0013289680954362347,0.0012941673374247077,0.0001029541849088148,1.0
1.6253,0.0013242650923587732,0.0013963413447794868,0.00010305947022354293,1.0
1.6263,0.0013188565954325138,0.0014498824167244522,0.00010311784916461271,1.0
1.6272,0.0013166211773348597,0.0012120216155935815,0.00010322872767796551,1.0
1.6282,0.001319346426544501,0.0013700420452977648,0.00010344346589053038,1.0
1.6292,0.0013221753569236327,0.0011890306735057757,0.00010377327380266779,1.0
1.6302,0.001318639896905512,0.0013508951302516272,0.00010412779997615032,1.0
1.6311,0.0013132411243986387,0.0013724516127284951,0.00010436257584310457,1.0
1.6321,0.0013093280657983273,0.0011654728792914505,0.00010451081271606025,1.0
1.6331,0.0013151995781830348,0.0013062952951366088,0.00010462115612514574,1.0
1.634,0.001322374266665801,0.001218209175895083,0.00010469682836460915,1.0
1.635,0.0013289999999998299,0.0015041937743457026,0.0001048019362587764,1.0
1.636,0.0013283370451178413,0.0011799571999036064,0.00010513871234160215,1.0
1.6369,0.001326643567061354,0.0016192609701819497,0.00010586471740372388,1.0
1.6379,0.001323525626563501,0.0013640342974793782,0.00010682032720184388,1.0
1.6389,0.0013172001714335797,0.0012780931010569142,0.00010750235081202147,1.0
1.6399,0.0013103669537518185,0.0013482446978613958,0.00010796339875485643,1.0
1.6408,0.0013233507816253513,0.0015080472760085342,0.00010830422289310985,1.0
1.6418,0.0013475979627291525,0.0014144604417096235,0.00010804466689079232,1.0
1.6428,0.0013718899745809767,0.0011744630460351895,0.000107320008779036,1.0
1.6437,0.0013553244899235867,0.0014953080579320948,0.00010673930673400423,1.0
1.6447,0.001324571344466815,0.0012778212893618792,0.0001064633595705984,1.0
1.6457,0.001301738192199835,0.0012910263510447642,0.00010637512461253193,1.0
1.6467,0.0012995479200619625,0.001254478250050046,0.00010642718098819321,1.0
1.6476,0.0013031617963181047,0.0014567139553199615,0.00010655330048959646,1.0
1.6486,0.0013043212047133186,0.0012296510466477326,0.00010670112763375627,1.0
1.6496,0.0013023643986521873,0.0012492451134506189,0.00010678719009425367,1.0
1.6505,0.0013011571080546913,0.0012465319222943138,0.00010674753874577568,1.0
1.6515,0.0013029635231176268,0.0013140685684549127,0.00010678476769714531,1.0
1.6525,0.0013133269251018236,0.0013265304836537603,0.00010703541976417654,1.0
1.6534,0.0013234337504740067,0.001474342594841432,0.00010738639821913076,1.0
1.6544,0.0013234477000920752,0.0013203814308274105,0.00010761491470344789,1.0
1.6554,0.0013131966516065155,0.0011810298867003372,0.00010758949313463339,1.0
1.6564,0.001303508288963467,0.001322405499283974,0.00010757468104714581,1.0
1.6573,0.0012994141121474706,0.0014489021875336448,0.00010776864130555428,1.0
1.6583,0.0012975511568283048,0.0012482444201754293,0.00010803593331360097,1.0
1.6593,0.001296136708800434,0.0013161175427763812,0.00010807881104267396,1.0
1.6602,0.0012986651474120256,0.0013285233978864329,0.00010797520300177335,1.0
1.6612,0.0013021095514319022,0.0010822352805437458,0.00010801395249775613,1.0
1.6622,0.0013058339316722712,0.0011865014520287523,0.0001082323225078859,1.0
1.6631,0.001304999999999966,0.001407357158322355,0.00010847856633196955,1.0
1.6641,0.0013053292151779,0.0012313296299245845,0.00010864366695341713,1.0
1.6651,0.0013069361695830337,0.001311700200032045,0.00010877560796484711,1.0
1.6661,0.0013092141803576287,0.0013540780024212308,0.00010894522503302702,1.0
1.667,0.0013118965443500875,0.0012990455313008837,0.00010900625184537567,1.0
1.668,0.001317621043234469,0.0014295541156181127,0.00010908389400532472,1.0
1.669,0.0013271802574887968,0.00144484511951728,0.00010921370834933427,1.0
1.6699,0.001336404856966429,0.001406275247860753,0.00010939169322256278,1.0
1.6709,0.0013420728783835173,0.0012383129373866547,0.00010963497473346865,1.0
1.6719,0.0013432116427198615,0.0013815359956211297,0.00010991669145312984,1.0
1.6728,0.001343999999999942,0.001369720654748882,0.0001101622297259409,1.0
1.6738,0.0013432505885930042,0.0012452979680049054,0.00011040060855370035,1.0
1.6748,0.001341486288909162,0.0014423411785101478,0.00011070983206225246,1.0
1.6758,0.0013390422578870166,0.0013667835269281624,0.00011100223814369109,1.0
1.6767,0.0013332562961708714,0.0014174127087766043,0.0001112798179720033,1.0
1.6777,0.0013252897621478471,0.0012171088657855415,0.00011171834525319084,1.0
1.6787,0.001317319143829713,0.0013983022793707075,0.00011242103823952655,1.0
1.6796,0.0013160205007044677,0.0014576487314332466,0.00011334502419802043,1.0
1.6806,0.0013148814953170612,0.0012406875308965855,0.00011424649270446145,1.0
1.6816,0.001315286871482251,0.0012615637313645545,0.00011459532713432426,1.0
1.6825,0.0013209750095320289,0.0011744603787411602,0.00011414802831100493,1.0
1.6835,0.0013289423240191842,0.0012375464243220423,0.00011333357787888368,1.0
1.6845,0.001336914411314581,0.001577987811339201,0.00011272008237195143,1.0
1.6854,0.0013435057573252178,0.0012729100522157742,0.00011242705011021775,1.0
1.6864,0.001350339789649068,0.0012210482443559623,0.00011236553659631892,1.0
1.6874,0.0013537223740749391,0.001456187913020886,0.00011244055587555834,1.0
1.6884,0.0013439996567641578,0.001306761994251831,0.00011256613363349744,1.0
1.6893,0.001333750101788982,0.001359208416184431,0.00011267275142337739,1.0
1.6903,0.0013235080143748496,0.0012346762946441314,0.00011274256030569488,1.0
1.6913,0.0013200909982130202,0.0014637474817337762,0.00011276122154730829,1.0
1.6922,0.0013170172510245115,0.0011944347802056614,0.00011273099009955921,1.0
1.6932,0.0013149999999999926,0.0013606766724395963,0.00011274756728556826,1.0
1.6942,0.0013150000000001394,0.0013356646006330807,0.00011286033563103433,1.0
1.6952,0.0013157436975292187,0.001526241990361075,0.00011307763248770159,1.0
1.6961,0.0013183063664012804,0.0011040928006938193,0.00011336132666718666,1.0
1.6971,0.0013253545593136585,0.0015447934199118696,0.00011367990419424077,1.0
1.6981,0.0013332276242457469,0.001198699961881031,0.00011413012149778887,1.0
1.699,0.0013374350710370808,0.0015727293135001461,0.00011484882068451475,1.0
1.7,0.001328532649446347,0.0014717522593401698,0.00011577965288655332,1.0
1.701,0.0013202120710298138,0.0013971960938821762,0.0001162924179902677,1.0
1.7019,0.0013168679119623038,0.0013124574231388648,0.0001159118738085593,1.0
1.7029,0.001322560023154826,0.0011532858437261445,0.00011519923735538671,1.0
1.7039,0.0013289019106471672,0.0015718169842253748,0.00011476448213944211,1.0
1.7049,0.001332578647657079,0.001461885284193128,0.00011471885500595867,1.0
1.7058,0.001331371169800457,0.0013140586444590956,0.00011503712030490517,1.0
1.7068,0.0013300467152868155,0.001383006641461089,0.00011551162052862523,1.0
1.7078,0.001327544244257677,0.0013461142208273937,0.0001160904628692946,1.0
1.7087,0.0013225355734161576,0.0013411298410697273,0.00011697871361464711,1.0
1.7097,0.0013182346639002453,0.0013051909950548169,0.00011839105255599405,1.0
1.7107,0.0013144235303180578,0.0012849265896071283,0.0001197522429030065,1.0
1.7116,0.001310323708327778,0.001012488596119596,0.00011963392827291886,1.0
1.7126,0.001306327669788254,0.001249218750932935,0.00011810340028980627,1.0
1.7136,0.0013050000000000258,0.0012946149929403258,0.00011697484446539789,1.0
1.7146,0.0013100088861243693,0.0015651547137593407,0.00011679794096248625,1.0
1.7155,0.0013170193393768758,0.0013593724889293724,0.0001171445196715892,1.0
1.7165,0.00132199564405028,0.001202634908760415,0.00011738976228589573,1.0
1.7175,0.0013164495044834215,0.0014908351176656062,0.00011725017175049412,1.0
1.7184,0.0013121913352739552,0.0013125250117922455,0.00011716775327063724,1.0
1.7194,0.0013076992616677277,0.0013146986204753688,0.00011745887604905594,1.0
1.7204,0.0013069999999999514,0.0012823620123450692,0.00011793389627251181,1.0
1.7213,0.0013074646992175297,0.0013039097018126985,0.00011818181520813864,1.0
1.7223,0.001306793964407624,0.0013591269216259227,0.00011822914047787603,1.0
1.7233,0.0013030342589361059,0.00138707268237169,0.00011831456565280215,1.0
1.7242,0.0013027665265372248,0.0013365656403550774,0.00011831361117909926,1.0
1.7252,0.0013165829788676872,0.0013812792323120433,0.00011833218880075246,1.0
1.7262,0.0013153996138431968,0.0013926928134279793,0.00011865430165938473,1.0
1.7272,0.0013263815775274694,0.0013074199942562509,0.0001192493776052991,1.0
1.7281,0.0013359638826462123,0.0015410930329098395,0.00011967847595769492,1.0
1.7291,0.0013285377114193113,0.0014333128837700927,0.00011974103014284973,1.0
1.7301,0.001317147657546447,0.0014494430048774746,0.00011995412304932906,1.0
1.731,0.001310979620514273,0.0010243887353364376,0.00012101403811920602,1.0
1.732,0.0013171411464318566,0.0012542565712095422,0.0001235459037841151,1.0
1.733,0.0013296603419766257,0.0013802522384171827,0.0001262850938007387,1.0
1.7339,0.0013409321876907338,0.0014102675684327477,0.0001264081687824784,1.0
1.7349,0.0013430000000000503,0.0014355794231700478,0.00012520608100232238,1.0
1.7359,0.0013409099721627162,0.0015595636286473064,0.0001249325063707891,1.0
1.7369,0.0013393140888669772,0.0015326030597879229,0.00012487356207789357,1.0
1.7378,0.001335482901379776,0.001341290826668606,0.00012406382382355692,1.0
1.7388,0.0013294325793707857,0.0013553365838425595,0.0001230080281622118,1.0
1.7398,0.0013275307247711161,0.0013246214141780979,0.0001223931681790431,1.0
1.7407,0.0013274441839575576,0.0012573641481429191,0.00012218384145317642,1.0
1.7417,0.0013263051785706553,0.0012460702788743036,0.00012193101988368062,1.0
1.7427,0.0013251672574110132,0.0014973665057909451,0.00012163411752446012,1.0
1.7437,0.001322085327565568,0.00123861280559627,0.00012157227149507786,1.0
1.7446,0.0013180134050027883,0.001184848968028134,0.00012206004166146262,1.0
1.7456,0.0013148644816369007,0.001187011755032697,0.00012328257481380281,1.0
1.7466,0.0013164707137523562,0.001283233632664883,0.00012484791849811256,1.0
1.7475,0.0013253931083461567,0.0010294699859588973,0.00012525189957747785,1.0
1.7485,0.0013349361111459161,0.0012981114806573887,0.00012397566925987356,1.0
1.7495,0.001343458106421084,0.0015020684962470238,0.0001227156579350013,1.0
1.7504,0.0013478039197030328,0.0010647922314318491,0.0001222915475713359,1.0
1.7514,0.0013519612478199688,0.0013719416660292543,0.00012231328108172507,1.0
1.7524,0.001355634950943761,0.0012310450994877814,0.0001223814291014803,1.0
1.7534,0.0013529488559887316,0.0014719796409383957,0.00012242631352610536,1.0
1.7543,0.001349915721450263,0.0015210749330806168,0.00012258967467001483,1.0
1.7553,0.001346731987364544,0.0012429258971312577,0.0001228736618938472,1.0
1.7563,0.0013374798429659843,0.0014729734990285947,0.0001230952085673433,1.0
1.7572,0.0013265528706451516,0.0014291573989188848,0.00012319378160584587,1.0
1.7582,0.00131661919612495,0.001345144226288465,0.0001232972187418303,1.0
1.7592,0.0013173528911703456,0.0013505417761536633,0.00012356967745403647,1.0
1.7601,0.0013245285300688713,0.001062001711097574,0.00012422290913657468,1.0
1.7611,0.001332501567779674,0.0012765140199619976,0.00012532413316078346,1.0
1.7621,0.0013349248078678322,0.00146378356916972,0.0001260543561552072,1.0
1.7631,0.001330811977090936,0.0012615024873353616,0.00012567364791979833,1.0
1.764,0.0013276489377032315,0.0014661064290710088,0.00012503706825915334,1.0
1.765,0.0013224135536853846,0.0013596773769458765,0.0001247431811003471,1.0
1.766,0.0013151717971245235,0.0011705378467795802,0.0001246334005688209,1.0
1.7669,0.0013143435764356322,0.0014514106030135182,0.00012471654704620201,1.0
1.7679,0.0013158840041785234,0.0012261229410257595,0.0001249544221262237,1.0
1.7689,0.0013073253210498061,0.0015931289744756825,0.00012515115129368187,1.0
1.7698,0.0013046924233925492,0.001419412195904973,0.00012527785614251658,1.0
1.7708,0.0013066628575596536,0.0012778386494378098,0.00012549839002319482,1.0
1.7718,0.001313793039169875,0.0013737667319994647,0.00012592312614351082,1.0
1.7728,0.0013229734834571056,0.0013018642134518003,0.00012626586040716278,1.0
1.7737,0.0013316662804987414,0.001242082776579987,0.0001262404049717711,1.0
1.7747,0.001333821908103689,0.0011615801807394201,0.00012621469436067338,1.0
1.7757,0.0013247109511947668,0.0014095953227709521,0.00012639645373626652,1.0
1.7766,0.0013173826657688196,0.0013534783741659423,0.00012652451750177186,1.0
1.7776,0.0013157237200427559,0.0015921028565645113,0.0001265071646148387,1.0
1.7786,0.0013227036673648205,0.0013407683707876387,0.00012654691712232974,1.0
1.7795,0.0013316424472261017,0.0013925238596928602,0.00012667588480727883,1.0
1.7805,0.0013366311652372822,0.001300903161661971,0.000126894878730885,1.0
1.7815,0.001314824828380285,0.0012577167550489963,0.0001271547719004592,1.0
1.7824,0.0013038770920946483,0.0011893384895186345,0.00012755802154197564,1.0
1.7834,0.0013006422352020862,0.0011850080366946607,0.00012815461012098835,1.0
1.7844,0.0012986822479874752,0.0013200246717739517,0.00012859449525410899,1.0
1.7854,0.001297543242600037,0.0011691015521642417,0.00012855312180995194,1.0
1.7863,0.0012979634257949222,0.0012270661172297654,0.0001283205679543996,1.0
1.7873,0.0013083001818086591,0.0009768277435951787,0.00012822623396056094,1.0
1.7883,0.0013276545249574832,0.0013427064021398476,0.0001281534902783869,1.0
1.7892,0.0013484543445648526,0.0014289109067037835,0.0001280487916154068,1.0
1.7902,0.0013631480016512607,0.0012801735687752746,0.00012806390545255984,1.0
1.7912,0.001351446041072484,0.0014162242220666103,0.0001282395411841197,1.0
1.7922,0.0013413984592337658,0.001524868677769004,0.00012850946327341509,1.0
1.7931,0.0013334293895279146,0.0013624333246208783,0.0001288026556947894,1.0
1.7941,0.0013258197301286828,0.0012605871932161346,0.00012902549724441096,1.0
1.7951,0.0013199910082980838,0.001329370561225219,0.0001290978073834354,1.0
1.796,0.0013158906432131628,0.0012219433673252265,0.0001291296318167394,1.0
1.797,0.001315332689167904,0.0011746988521545412,0.00012921414515339196,1.0
1.798,0.0013168042981405678,0.0012567677667512747,0.0001293535385325834,1.0
1.7989,0.0013186583330333105,0.0014251627712747934,0.00012956186213020185,1.0
1.7999,0.0013190000000000265,0.001055351400573945,0.00012989942390745422,1.0
1.8009,0.0013113577508946555,0.001410273041387078,0.000130440924668015,1.0
1.8019,0.0013042796310841832,0.0012526371276330587,0.00013124137256183326,1.0
1.8028,0.0012984600015523732,0.001416455188124641,0.00013203826637243207,1.0
1.8038,0.0012970000000000193,0.0013547233567582687,0.00013216013549815115,1.0
1.8048,0.0012975478742246675,0.001317873555318407,0.00013160997226032415,1.0
1.8057,0.0012985728297223095,0.0013411908313537531,0.00013118258129972792,1.0
1.8067,0.0012990000000001436,0.0011765659348134535,0.00013119124059115825,1.0
1.8077,0.0012981501274673068,0.0011033770489555722,0.00013149039970841698,1.0
1.8086,0.0012979999999999361,0.001171000036008581,0.0001319861029715918,1.0
1.8096,0.001298013662429552,0.0013266185236852635,0.0001326003336876549,1.0
1.8106,0.001299763339084074,0.0013377493526247348,0.0001330871019374879,1.0
1.8116,0.0013080815240255482,0.0013543493880278363,0.00013326993609380887,1.0
1.8125,0.0013180000000000498,0.0010940849584975332,0.00013328126436512456,1.0
1.8135,0.001310273582675678,0.001167164652770455,0.0001334336793684331,1.0
1.8145,0.001298033176248256,0.001442077781711419,0.00013413648180569566,1.0
1.8154,0.0012947630879568564,0.0012635223498005548,0.00013539513041560566,1.0
1.8164,0.0012924850771823307,0.001303803117010013,0.00013696146878097428,1.0
1.8174,0.0012955853240897647,0.0013694627021112566,0.00013821299419245205,1.0
1.8183,0.0013226908469172276,0.001210871274603283,0.00013825975482546662,1.0
1.8193,0.0013838893309313506,0.0013360748850061693,0.00013711992308106728,1.0
1.8203,0.001400377900108477,0.001153659341020284,0.00013585286052037482,1.0
1.8212,0.00141267899536285,0.001388366342788877,0.00013518921718556459,1.0
1.8222,0.001422361707259846,0.001561381750305601,0.0001350565622075589,1.0
1.8232,0.0013965007598980075,0.0013929136984478262,0.00013492494917921043,1.0
1.8242,0.001343162375917151,0.001220107314562276,0.00013460124438168373,1.0
1.8251,0.0013147210690578376,0.0012700943139826104,0.00013437806823107012,1.0
1.8261,0.0013055911441967178,0.0009725137730728335,0.00013443373944978267,1.0
1.8271,0.0013021741280348244,0.0013015201152847809,0.00013486985780294123,1.0
1.828,0.001300068374390816,0.0012649278321800314,0.0001356804149698482,1.0
1.829,0.001297895220745671,0.0015021313014600595,0.00013620264158338858,1.0
1.83,0.0012972437846414957,0.001281758681685165,0.0001358967810161093,1.0
1.8309,0.001301224881669822,0.001337076208443198,0.00013546401837410195,1.0
1.8319,0.00132671756658366,0.0013440957076840813,0.00013534398413715315,1.0
1.8329,0.0013493616133028706,0.0014872858938595136,0.0001353003639436338,1.0
1.8339,0.0013336258869214746,0.0014767284260289858,0.0001352516118563792,1.0
1.8348,0.0013142276887654195,0.0013606576355104532,0.0001353341803453026,1.0
1.8358,0.0012962713264952975,0.0012129564057398656,0.00013556673187261101,1.0
1.8368,0.0012900502086109747,0.0014318985195103792,0.00013589290016690925,1.0
1.8377,0.001287999999999984,0.0012563087873959727,0.00013624820420563122,1.0
1.8387,0.0012881504055534977,0.0012893159765520455,0.00013661576272776518,1.0
1.8397,0.0012890000000000553,0.0014182772657622938,0.00013707013586144773,1.0
1.8407,0.0012898565611090401,0.0012160119143646325,0.00013744122311535407,1.0
1.8416,0.0012928129442080331,0.0011243276100954042,0.0001375851745728084,1.0
1.8426,0.0012991409737040857,0.0011909738950310058,0.00013761514778253835,1.0
1.8436,0.0012998096763767659,0.00133991274438168,0.00013748709695209443,1.0
1.8445,0.0012982449366280824,0.001343108954499235,0.0001373170735841144,1.0
1.8455,0.001296211862481492,0.0012641245680252934,0.0001372219185590352,1.0
1.8465,0.0012981984448790882,0.0012815181958426459,0.0001373471523751932,1.0
1.8474,0.0013043477817574701,0.001252780449647742,0.0001375675367416472,1.0
1.8484,0.0013113712725541834,0.0013731559072622467,0.00013771692712652802,1.0
1.8494,0.0013183396058657974,0.001269091877721097,0.0001377905830691181,1.0
1.8504,0.0013224213132402498,0.0015213775587114057,0.00013791506472646346,1.0
1.8513,0.0013254965870536743,0.0015888100335216563,0.00013817278396853768,1.0
1.8523,0.001329548568256855,0.0010250354255226407,0.00013852391605486525,1.0
1.8533,0.0013286732048000565,0.00135976594881245,0.00013881396980897724,1.0
1.8542,0.0013215944826303085,0.0014531482066771687,0.00013910900190968492,1.0
1.8552,0.0013124824395320588,0.0012012806837741685,0.00013954310030288286,1.0
1.8562,0.0013046071766394472,0.0014880418041664158,0.0001398115824148726,1.0
1.8571,0.0012995858479261883,0.0013633805502124687,0.00013971634642960315,1.0
1.8581,0.0012957584776214766,0.0013801666351293145,0.0001396198757621001,1.0
1.8591,0.0012957607839840627,0.001360677308865949,0.0001396114966981285,1.0
1.8601,0.0012985581921378321,0.0010441912984831198,0.0001396244817792792,1.0
1.861,0.001302721764384192,0.0012830463275867324,0.00013978183804505155,1.0
1.862,0.0013091001495847316,0.0013171552981318154,0.0001400343794546133,1.0
1.863,0.001317571424673079,0.0012584608562604977,0.0001402194181029419,1.0
1.8639,0.0013113843782291672,0.0013236114557287283,0.00014036327962625996,1.0
1.8649,0.0012971925874069824,0.0015555102210010393,0.0001406813526321696,1.0
1.8659,0.0012847580902865475,0.0013527352028199398,0.00014115879445092638,1.0
1.8668,0.0012771918143313244,0.0014917594035937479,0.00014145434031118812,1.0
1.8678,0.0012880181806559057,0.0011835377129172182,0.0001414804044306483,1.0
1.8688,0.001305242310952007,0.0015550627786227104,0.0001416137432177293,1.0
1.8698,0.0013262977580980081,0.0013298113101425156,0.00014225215640668198,1.0
1.8707,0.0013314601249434805,0.0012382286218254937,0.0001439721075166962,1.0
1.8717,0.0013209811698028768,0.0011595513140380497,0.0001472706354962944,1.0
1.8727,0.001309331331428869,0.0014100733837829193,0.00015060116684174514,1.0
1.8736,0.0013008655480317823,0.0014280836491230096,0.00015191646924940725,1.0
1.8746,0.001295907564350044,0.001371272127513389,0.00015270339181940967,1.0
1.8756,0.0012926606370062285,0.001429728425366171,0.0001529213685869231,1.0
1.8765,0.0012904156816955143,0.0015186747016800344,0.00015088189116829398,1.0
1.8775,0.0012980019529165092,0.0013584855127161807,0.00014786187147095735,1.0
1.8785,0.0013401609143928093,0.0013502817720024093,0.00014569173977815322,1.0
1.8795,0.0013961362244121925,0.0016025373039696708,0.0001445418138274114,1.0
1.8804,0.0014503153638904596,0.0013992605658645382,0.00014407980003486111,1.0
1.8814,0.0014274038701070912,0.001540542632368791,0.00014406007670105385,1.0
1.8824,0.0013464889642807155,0.0014444911147210538,0.00014420121989332975,1.0
1.8833,0.0012893821087729257,0.0011999652700586023,0.00014430143665518299,1.0
1.8843,0.0012710000000000774,0.0013937249642969364,0.0001444791860989019,1.0
1.8853,0.0012727224623695825,0.0013628836654487097,0.00014473922045369876,1.0
1.8862,0.0012835650025803994,0.001210994056540661,0.00014489777472451745,1.0
1.8872,0.0013105016277169678,0.001388357951493915,0.00014503483159394724,1.0
1.8882,0.0013377227565096364,0.0015531393524940659,0.00014554411229865727,1.0
1.8892,0.0013453120094595666,0.0013963645374404216,0.00014662980221112466,1.0
1.8901,0.001347362192001775,0.0011321860872355839,0.00014752445764351974,1.0
1.8911,0.0013496402027762325,0.0013310335687978583,0.0001474341475941293,1.0
1.8921,0.0013567127970128278,0.0014983527961831456,0.0001470952287825787,1.0
1.893,0.001365846484734259,0.0014499867893947977,0.0001470969376319431,1.0
1.894,0.0013762192870814857,0.0014811826654036974,0.00014708714786022697,1.0
1.895,0.0013808272268516144,0.0015365363597407802,0.00014692883281446022,1.0
1.8959,0.0013587079746533596,0.0009780937570222387,0.00014670672770532542,1.0
1.8969,0.001318978465651678,0.0013931460968271304,0.00014677473417449194,1.0
1.8979,0.0012853587961902289,0.0012080869751120024,0.00014725222848423168,1.0
1.8988,0.0012675351139581398,0.0011844805258465789,0.00014776893408374002,1.0
1.8998,0.0012615468269467375,0.0007638362703354907,0.00014777693429427537,1.0
1.9008,0.001259268816172502,0.0011004331482240795,0.00014749647354521706,1.0
1.9018,0.001258995407928926,0.0009154493171873368,0.00014756184882591154,1.0
1.9027,0.0012579431723071233,0.0012268102548890387,0.00014806771691469673,1.0
1.9037,0.0012560000000000778,0.0011593292062714313,0.00014833437224474452,1.0
1.9047,0.001255693575379012,0.001455364009505046,0.00014789129442313714,1.0
1.9056,0.0012556627602369707,0.0011467193578716236,0.0001473922259949214,1.0
1.9066,0.0012602926985409613,0.0011116117189294606,0.00014737214428441417,1.0
1.9076,0.0012694782785408287,0.0013975879463928689,0.00014756640488349887,1.0
1.9086,0.0012804712155458891,0.0010038808942540516,0.00014782922146143115,1.0
1.9095,0.0012922665539092607,0.0013774537731523098,0.00014797275267126715,1.0
1.9105,0.001288621472508646,0.001573100551902833,0.00014807914019187817,1.0
1.9115,0.0012806994730398423,0.0011554001640227559,0.0001482005576139608,1.0
1.9124,0.0012746245321505988,0.0012385602745743829,0.00014828075387202222,1.0
1.9134,0.0012706391365989735,0.0012044264182555513,0.000148382709944504,1.0
1.9144,0.0012740557454398232,0.0012390939875944055,0.00014858684883009644,1.0
1.9153,0.0012778850320892085,0.001096145617152347,0.0001488901319487343,1.0
1.9163,0.0012830640472203008,0.0014402751330964386,0.00014917938962773455,1.0
1.9173,0.0013039699552707584,0.0014110267018603495,0.00014934264328693875,1.0
1.9182,0.0013513358555751873,0.0015435785643596101,0.00014947911715546444,1.0
1.9192,0.0014196976077833162,0.0013905543522324843,0.00014972338442956166,1.0
1.9202,0.001494142776749995,0.0014264697748440406,0.00014999319460662683,1.0
1.9212,0.0014823957253110914,0.0013989483715698922,0.00015015586821388153,1.0
1.9221,0.001412165397713456,0.0014461318108036658,0.00015023960010614095,1.0
1.9231,0.0013400049086029267,0.0010327447627539181,0.00015034850862025306,1.0
1.9241,0.0012854712980700615,0.001304419725082431,0.00015062846116455938,1.0
1.925,0.0012696899877736143,0.0011884870894320932,0.00015116921698168234,1.0
1.926,0.001274246009322748,0.001226343640633778,0.00015183331306990372,1.0
1.927,0.0012795025385898262,0.0011684697134151133,0.00015220049520439524,1.0
1.928,0.0012860305344513363,0.0013199418375315606,0.00015214857236239013,1.0
1.9289,0.0012956332965060157,0.0009168737479796686,0.00015199858526422982,1.0
1.9299,0.0013090350255683073,0.0013742802839919828,0.00015194672494482246,1.0
1.9309,0.001326965297681568,0.0011921264156962254,0.0001520254156223572,1.0
1.9318,0.0013425083989739447,0.0015412961423708058,0.00015214640523328386,1.0
1.9328,0.0013242209152013577,0.0012366809683596145,0.0001522701663143641,1.0
1.9338,0.0013034684564855147,0.0016561286645597445,0.00015246155723619483,1.0
1.9347,0.0012869781513606005,0.0015064761894163876,0.00015268052717760036,1.0
1.9357,0.0012717144564409481,0.0013303123059546058,0.00015285876627189258,1.0
1.9367,0.0012610320140517583,0.0011815118105142775,0.00015312088989022872,1.0
1.9377,0.0012554640127968577,0.001115706758492493,0.00015333459838559165,1.0
1.9386,0.0012522735394713976,0.0010633871657874763,0.00015366770843290649,1.0
1.9396,0.0012521913022540744,0.001425535643403769,0.00015420826826170948,1.0
1.9406,0.0012578683095075237,0.0012794745625243217,0.00015514256853401288,1.0
1.9415,0.0012702357289655676,0.0013725603682402836,0.00015690811446202534,1.0
1.9425,0.0012951102116295198,0.0010695212340374122,0.00015973052007696448,1.0
1.9435,0.001301738176315398,0.0013263233625533495,0.00016264848640936265,1.0
1.9444,0.0012894591586955846,0.0009831539235521506,0.0001644281110386056,1.0
1.9454,0.0012971366681768046,0.0012527717868361576,0.00016441041347130435,1.0
1.9464,0.0013170408663130712,0.0012255075865678922,0.0001626393758698977,1.0
1.9473,0.001337331600806205,0.0011340563021401493,0.00016039924981786253,1.0
1.9483,0.0013619989625930824,0.0017074640556117722,0.0001586134521366764,1.0
1.9493,0.0013871493928427308,0.0014803829184182502,0.00015780163184919647,1.0
1.9503,0.0014056767852366231,0.001565746210312749,0.00015783609189093075,1.0
1.9512,0.0013840997116333967,0.0010976166037235512,0.0001577266612478038,1.0
1.9522,0.0013253895440822113,0.0011091219229055855,0.000157152039785874,1.0
1.9532,0.001279907238519281,0.0012307269830968556,0.0001568279805379082,1.0
1.9541,0.001256052158920477,0.0015387331699665673,0.0001568876329271741,1.0
1.9551,0.001257378945457084,0.0013918726496660678,0.00015686666064748504,1.0
1.9561,0.0012760680712307054,0.0013035558909053886,0.00015671995663146422,1.0
1.9571,0.0013034030113915347,0.0012249706471623484,0.00015677424873418135,1.0
1.958,0.001335997986325906,0.001429772350780154,0.00015710732146538542,1.0
1.959,0.0013360274032819253,0.0013802816891676306,0.00015749794597732673,1.0
1.96,0.0013319456344291064,0.001445867853561855,0.00015763066910243244,1.0
1.9609,0.0013430580654622446,0.0015288978704529371,0.00015761254163331048,1.0
1.9619,0.0013592095433020786,0.001509617812263878,0.00015789082074742932,1.0
1.9629,0.0013445924049871178,0.0014404858588982598,0.00015863271835180994,1.0
1.9638,0.0013180911963600846,0.0011969552773669707,0.00015924592577969897,1.0
1.9648,0.0012993314322554646,0.0011345812340312733,0.00015914897042959613,1.0
1.9658,0.001291586293161913,0.0014525603565459758,0.0001585643124737883,1.0
1.9668,0.0013023022095351748,0.0013259038723946062,0.00015831573652238748,1.0
1.9677,0.0013166834495040663,0.0014228992673881924,0.00015839945736313227,1.0
1.9687,0.001333953099000954,0.0012557732641567674,0.00015861926070807208,1.0
1.9697,0.0013482937532044703,0.00149446552774926,0.0001588818026005969,1.0
1.9706,0.0013492573521380264,0.0012507123476451635,0.0001593635006696499,1.0
1.9716,0.0013430747902417846,0.0013934502240815854,0.00016044114150675227,1.0
1.9726,0.001336871540299632,0.0014262628897138909,0.0001618032737485031,1.0
1.9735,0.0013284964310768365,0.0012618999940215445,0.00016220430441528862,1.0
1.9745,0.0012902740337399523,0.0010535733886244748,0.00016155616313509127,1.0
1.9755,0.0012559377388835088,0.0012028064684233002,0.0001611607870242112,1.0
1.9765,0.0012417982881585566,0.0013215773384995383,0.00016199033419020918,1.0
1.9774,0.0012392762636829573,0.0008924210049297008,0.00016386169386386527,1.0
1.9784,0.0012433803552788125,0.0012643931207880408,0.00016479098497571446,1.0
1.9794,0.0012505834522030569,0.001179646038607878,0.0001635442420288661,1.0
1.9803,0.0012585461808815564,0.001002333188584963,0.00016198574913061655,1.0
1.9813,0.001268797229367124,0.0014787433127505189,0.00016128249078783253,1.0
1.9823,0.0012736712663322441,0.0013641133110255026,0.0001613218261300176,1.0
1.9832,0.0012740000000000268,0.0011330295056322264,0.00016210255403715262,1.0
1.9842,0.0012740000000000275,0.001027794099638203,0.00016375654429941577,1.0
1.9852,0.001274973858192586,0.0015070463400882947,0.00016518394086129407,1.0
1.9862,0.0012719999999999821,0.0015120125474033298,0.00016482248483685972,1.0
1.9871,0.0012725506491460946,0.001268477165083894,0.00016358438367445623,1.0
1.9881,0.0012776541130744582,0.0010848484827599533,0.00016283877091054731,1.0
1.9891,0.001284901885882045,0.0013516163595840547,0.00016261358050590459,1.0
1.99,0.0012889999999998404,0.001336445429567763,0.00016261256840811758,1.0
1.991,0.0012895786517842735,0.0012863631831499139,0.00016287100591787514,1.0
1.992,0.0012899999999998685,0.0012543779801722857,0.00016348894134296654,1.0
1.9929,0.0012907417678312777,0.0010422973069877481,0.0001644463926918482,1.0
1.9939,0.0012980427466459492,0.0011981369555136732,0.00016532873064286168,1.0
1.9949,0.0013122515333344228,0.0014470059153529461,0.00016532900013065233,1.0
1.9958,0.0013255777198601319,0.0013285899434625173,0.00016520811261055559,1.0
1.9968,0.0013392817074164487,0.0013586870381083753,0.00016528087532126362,1.0
1.9978,0.0013385764792405495,0.0016337672060800978,0.00016504006191638316,1.0
1.9988,0.0013157963714947294,0.0012472507339999991,0.0001646040181738682,1.0
1.9997,0.001295782398467096,0.0012392846194093415,0.00016438674014128082,1.0
2.0007,0.001276013723038726,0.0014096611115175866,0.0001645007842814781,1.0
2.0017,0.0012730520476946206,0.0013021401623114891,0.00016487080526085877,1.0
2.0026,0.0012858080990632407,0.0013645125964922634,0.00016526768243087575,1.0
2.0036,0.0013056650094139086,0.001433212430767688,0.00016546169597776074,1.0
2.0046,0.0013294294503805814,0.001520722696087719,0.0001655225755101535,1.0
2.0056,0.001349184621476543,0.0014325081018476242,0.00016559050113974786,1.0
2.0065,0.0013450842563916105,0.0016365500638524278,0.00016568646134420135,1.0
2.0075,0.0013405304516824342,0.0014061996902381218,0.00016597807466737363,1.0
2.0085,0.0013364825768264095,0.0014547142365912182,0.00016665276021673975,1.0
2.0094,0.00132704058827452,0.0014378966900016402,0.00016737799879246496,1.0
2.0104,0.001304595321985472,0.0012157152987127833,0.00016746602886230007,1.0
2.0114,0.0012889136177706133,0.0015219853485201164,0.0001671197485726569,1.0
2.0123,0.0012886674589881347,0.0013777984773623007,0.00016706718176258593,1.0
2.0133,0.0012967719409930193,0.0013364777008418151,0.00016741699033396862,1.0
2.0143,0.0013016636078993073,0.0012821084450289504,0.00016770124950266977,1.0
2.0152,0.0013087604735248992,0.0016166752499491223,0.00016758981487362083,1.0
2.0162,0.0013268640550339495,0.0011996426096659936,0.00016740563159769987,1.0
2.0172,0.0013549110753184423,0.0013568415105389363,0.0001674362099477684,1.0
2.0182,0.0013607325628536985,0.0011359766007928188,0.0001677180000704145,1.0
2.0191,0.0013465087012810534,0.0013251178183636056,0.00016830762369308527,1.0
2.0201,0.001332415261096923,0.0014982703750303751,0.00016920523664651235,1.0
2.0211,0.0013204573547777958,0.0012283577343368008,0.00017001572417563485,1.0
2.022,0.0013128445094463404,0.0009766878727185426,0.00016998993370493656,1.0
2.023,0.001312085432274191,0.0013899672258149344,0.00016974276495382472,1.0
2.024,0.0013180916924791252,0.0011209583881946039,0.00016965523097595137,1.0
2.025,0.0013260656806058358,0.0012136077968240768,0.00016957953701922311,1.0
2.0259,0.001328760581327061,0.001221422246695516,0.00016953224531004866,1.0
2.0269,0.0013198684769720461,0.0012481566430297781,0.00016963527154147874,1.0
2.0279,0.0013102220200678753,0.0011792853976191721,0.0001698588787148211,1.0
2.0288,0.0013020249596251098,0.0014322474616784177,0.00017024770956767127,1.0
2.0298,0.0012921532530556265,0.0013215126275682191,0.0001708435817025549,1.0
2.0308,0.0012828008734281561,0.001061761106908201,0.00017124789243789428,1.0
2.0317,0.001279225868364234,0.001121123592232308,0.0001711632433841321,1.0
2.0327,0.0012891288295737056,0.00131170874433527,0.00017099528337497313,1.0
2.0337,0.001306201582367656,0.0013547175137512669,0.0001710536190997789,1.0
2.0347,0.001301212316317502,0.00138016836295323,0.0001712279869955598,1.0
2.0356,0.0012856134809696353,0.0011347867934880958,0.0001714483285253607,1.0
2.0366,0.0012749718935190135,0.0013861127602667045,0.0001718894543921602,1.0
2.0376,0.001271357178116298,0.001131672447635259,0.00017262912889352564,1.0
2.0385,0.0012736700253843972,0.0013347668829566254,0.00017319430662480763,1.0
2.0395,0.0012798382557583368,0.0012440164297004845,0.00017306926827436,1.0
2.0405,0.0012866714734404434,0.0009860590731679128,0.00017266497502159536,1.0
2.0414,0.0012928220210673114,0.0011489284942683615,0.00017250867071703064,1.0
2.0424,0.0012991090822187176,0.0010506188499385374,0.00017252759656113012,1.0
2.0434,0.0013004944173340943,0.001382219716048597,0.0001725941818948956,1.0
2.0443,0.0013025445998763683,0.001651008164319406,0.00017272410442754828,1.0
2.0453,0.0013052335086552245,0.0012496533293867333,0.0001729034763030941,1.0
2.0463,0.0013058999216691185,0.0011384599421967766,0.0001730401311325808,1.0
2.0473,0.001300869622344486,0.0014133502319547914,0.00017316530572051097,1.0
2.0482,0.001301851444392369,0.0012837998336410646,0.00017344194943518922,1.0
2.0492,0.0013098160180718865,0.0014451607427203317,0.00017362726042322412,1.0
2.0502,0.0013209087187262014,0.0012546071845845436,0.0001738789353684927,1.0
2.0511,0.0013229361474247575,0.0017334855203943655,0.00017427531916905446,1.0
2.0521,0.0013183813735562135,0.0012728750584421699,0.00017478240961895075,1.0
2.0531,0.0013147071650338267,0.0013588841840328262,0.00017508714964898926,1.0
2.0541,0.0013165902274790192,0.0013408649167751781,0.00017506158762482929,1.0
2.055,0.0013209135917021028,0.0012015986236394872,0.00017499193701340786,1.0
2.056,0.001322595665464673,0.0013245871824840928,0.0001750901757857366,1.0
2.057,0.0013252036052348632,0.0015636570929299502,0.00017539961248573465,1.0
2.0579,0.001329035048622731,0.0012920507308279052,0.00017596890840811897,1.0
2.0589,0.0013344881427913933,0.0010546267053631866,0.0001768390094018467,1.0
2.0599,0.0013031605420470713,0.0016000068016917242,0.00017782423882629222,1.0
2.0608,0.0012805688738985615,0.0010938729871856874,0.00017834294341194628,1.0
2.0618,0.00127400000000009,0.0013677944892643767,0.00017822820670150067,1.0
2.0628,0.0012753527588724549,0.00118103776173482,0.00017816528896498552,1.0
2.0638,0.0012851599631863188,0.0012076705191664736,0.00017811153733908247,1.0
2.0647,0.001301536560249748,0.0015422012853744968,0.00017778309186950057,1.0
2.0657,0.001320901959986209,0.001354202048997335,0.00017765130209238057,1.0
2.0667,0.0013410429047949549,0.0015119229812819307,0.00017805194574936357,1.0
2.0676,0.0013530433654785055,0.0012330923210602813,0.00017884971463712717,1.0
2.0686,0.0013427412169680394,0.001443570052691329,0.00018014475383926502,1.0
2.0696,0.0013279323818754713,0.0014678839567527652,0.00018220412902930947,1.0
2.0705,0.0013147166696604868,0.0015841514123077947,0.00018356459435957056,1.0
2.0715,0.0013022774025083783,0.001252594701301253,0.00018266915181500455,1.0
2.0725,0.00129546193190772,0.0012754474712891979,0.00018086699280766487,1.0
2.0735,0.0012914319431069751,0.0012763352681870513,0.0001796464083358796,1.0
2.0744,0.0012883566692935223,0.001347476416531514,0.00017934297758101717,1.0
2.0754,0.0012842523277476873,0.0014999344276843424,0.00017958530390909904,1.0
2.0764,0.0012805226369697208,0.0015365379772696332,0.00018015400695804072,1.0
2.0773,0.0012791491210520545,0.0016296480183478864,0.00018054912915549786,1.0
2.0783,0.0012799886225676894,0.0013268582741246969,0.00018042705519912735,1.0
2.0793,0.0012836373961152296,0.0014007109451357133,0.00018018692627312996,1.0
2.0802,0.0012886102819768728,0.0011656508692112152,0.00018024061939702629,1.0
2.0812,0.0012920000000000008,0.00123358239941208,0.00018048850360571285,1.0
2.0822,0.0012919999999999588,0.001751967517288773,0.00018077845322355448,1.0
2.0831,0.001292454533587891,0.0014135767914448848,0.00018108282881407618,1.0
2.0841,0.0012930000000000005,0.001686494746697389,0.0001812822661572396,1.0
2.0851,0.0012922677271848915,0.0014769816665937147,0.00018128462701856525,1.0
2.0861,0.0012946142419281777,0.001342061950679559,0.00018128271082199873,1.0
2.087,0.0013030661032985967,0.0011340851055124531,0.00018144874898565436,1.0
2.088,0.001318547774538678,0.0013189648860679661,0.00018185163082617452,1.0
2.089,0.0013320958392548203,0.0016507226429033123,0.0001825103848336414,1.0
2.0899,0.0013178468833696245,0.0015652295227291837,0.00018339108410241823,1.0
2.0909,0.0012902586718582622,0.0008164406549696556,0.0001847876782256893,1.0
2.0919,0.0012717617167514223,0.0013877263258743828,0.00018645848107639521,1.0
2.0929,0.0012641568676945924,0.001200599360801723,0.00018655632100693367,1.0
2.0938,0.0012636390295006786,0.0015482489728994566,0.00018510678947569056,1.0
2.0948,0.0012655557982286228,0.0012921877587718825,0.0001840155294301855,1.0
2.0958,0.0012678335374558182,0.0011982445808640548,0.00018390225470103522,1.0
2.0967,0.0012698837199981805,0.0013262884534152256,0.000184115871146893,1.0
2.0977,0.001272319448831743,0.001229236414091212,0.00018404412430366945,1.0
2.0987,0.0012775311227507175,0.0014512800752721992,0.00018389765413121234,1.0
2.0996,0.0012844629385563948,0.0014397055874337435,0.00018399720722149957,1.0
2.1006,0.0012920615416507667,0.0012615110202472421,0.00018439834706197712,1.0
2.1016,0.0013011724985596848,0.000994479195099204,0.00018484427047667885,1.0
2.1026,0.001304999999999908,0.001283981298690316,0.0001851756373673971,1.0
2.1035,0.0013008936944844895,0.0013811980866834635,0.00018517540098890816,1.0
2.1045,0.001294058847518709,0.001123949410479221,0.00018504966464645385,1.0
2.1055,0.001288188024863982,0.0010846366499512369,0.00018517683643500405,1.0
2.1064,0.00128306256850813,0.0009483387173699427,0.00018563793231989782,1.0
2.1074,0.0012823786364869582,0.0014863996040268223,0.00018641780138738424,1.0
2.1084,0.0012865861487247124,0.0012385732401021953,0.0001876270510248322,1.0
2.1093,0.0012936026006015403,0.001387234891152163,0.00018895658461201664,1.0
2.1103,0.001305568147072665,0.0012415494800784579,0.0001891302347225789,1.0
2.1113,0.001315835943096088,0.0012644847476316178,0.0001880124055366408,1.0
2.1122,0.0013168167878412928,0.0014871863106900938,0.00018713199229622408,1.0
2.1132,0.0013145399788962791,0.0012578621635438501,0.0001869493677013374,1.0
2.1142,0.0013131308482872942,0.0014746952390135436,0.0001872555054354697,1.0
2.1152,0.0013120160426527633,0.0012940048901502028,0.0001881093440711231,1.0
2.1161,0.0013141986755857255,0.0014367228897692388,0.0001893018359234255,1.0
2.1171,0.0013213742924366265,0.0011972299067107377,0.00018993916222623125,1.0
2.1181,0.0013301679901088145,0.0009493372516917134,0.00018983033565277407,1.0
2.119,0.0013380132372950917,0.0015598379118919377,0.00018985615965536696,1.0
2.12,0.0013421053049699992,0.001428641334571951,0.00018995433225619678,1.0
2.121,0.0013259052568751848,0.0018015210873380465,0.000189782494806989,1.0
2.122,0.0013064764165509086,0.0012945601998032262,0.00018984302390805114,1.0
2.1229,0.0012967928632057592,0.0014445819286536135,0.00019026816212761786,1.0
2.1239,0.0012922564806058022,0.001531151561568731,0.0001906083388566044,1.0
2.1249,0.001290107295251328,0.001134537339139235,0.00019080694775535224,1.0
2.1258,0.001292156934698968,0.0010556695551275307,0.0001913376291637503,1.0
2.1268,0.0012942176085105695,0.0010416414788073946,0.0001919280898427361,1.0
2.1278,0.0012957121451489318,0.001170807710113513,0.00019218747368307608,1.0
2.1287,0.0012977608608862646,0.0009766817899387408,0.00019227400480150558,1.0
2.1297,0.0013015965002836514,0.0013102951170516474,0.00019220918978468072,1.0
2.1307,0.0013072922060886436,0.0013563796923530891,0.0001917564312769132,1.0
2.1316,0.0013124163047077103,0.0011585002277186643,0.00019110822906397067,1.0
2.1326,0.0013189287989488064,0.0014351664114671538,0.0001907440150340696,1.0
2.1336,0.001324800663819982,0.001247477032178734,0.00019072258957897635,1.0
2.1346,0.001318306983356791,0.0012691197215754146,0.00019093051756667305,1.0
2.1355,0.00131113134445838,0.0012237456159489742,0.00019124758589769963,1.0
2.1365,0.0013031592571631106,0.001412476634152224,0.00019148599812756522,1.0
2.1375,0.001295188471233118,0.0009820822133320333,0.00019156616644058912,1.0
2.1384,0.0012892957730304847,0.0013585947111698607,0.00019163799418129996,1.0
2.1394,0.0012864350736440232,0.0014202692181838517,0.0001917974347366687,1.0
2.1404,0.0012852962040304733,0.0013075978184052227,0.00019201294814761758,1.0
2.1414,0.001284999999999914,0.0011540935860183835,0.00019229077090784767,1.0
2.1423,0.0012841322431454403,0.0008917459978933515,0.0001926483062980871,1.0
2.1433,0.0012850057590632444,0.0013795587136184507,0.0001929778078290974,1.0
2.1443,0.0012862892573537758,0.0011282973478914794,0.00019315935185685483,1.0
2.1452,0.0012881697199480786,0.001076377567312335,0.00019329384177541262,1.0
2.1462,0.0012899257686848759,0.0013787759181419952,0.00019343763174441925,1.0
2.1472,0.0012928944427178129,0.0011677265346244333,0.00019359949054251497,1.0
2.1481,0.0012935285885058386,0.0011734067696999764,0.0001938709540203547,1.0
2.1491,0.0012923894473446575,0.0013824412976927024,0.00019421562848855351,1.0
2.1501,0.0012919999999998959,0.0013439153786519442,0.00019450085740102156,1.0
2.1511,0.0012920000000000572,0.0016020579581438286,0.0001948018618993466,1.0
2.152,0.0012919999999999052,0.0015206598115645497,0.00019518676053752247,1.0
2.153,0.0012952055414499827,0.001290070143195428,0.00019549367908757646,1.0
2.154,0.001300141529856661,0.0012721993568002615,0.0001955858742527616,1.0
2.1549,0.001306076731236477,0.0013994023487492381,0.00019557039203482176,1.0
2.1559,0.0013124795110264157,0.0010286744450137282,0.00019565171562852652,1.0
2.1569,0.001316999999999952,0.0011524048601597215,0.0001959335575800881,1.0
2.1578,0.0013159648255226984,0.0012816129296305701,0.00019640705812783507,1.0
2.1588,0.0013136881851856077,0.0012986265944561462,0.00019695951925288984,1.0
2.1598,0.00131140990286376,0.0015971947020262803,0.00019740751507809766,1.0
2.1608,0.001309132163636479,0.0012124418228719293,0.0001978524919754365,1.0
2.1617,0.0013070819810940839,0.0013848312126467067,0.00019855377078548464,1.0
2.1627,0.001306903259885581,0.0011582696557449988,0.00019976273271720706,1.0
2.1637,0.0013059999999998628,0.0013952732290183456,0.00020187136649531788,1.0
2.1646,0.0013060000000001389,0.0015650310643998723,0.00020515393336024482,1.0
2.1656,0.0013056001578398149,0.001317190117529548,0.0002084699290778521,1.0
2.1666,0.001307154847095096,0.0013784160901227293,0.00020900229102131164,1.0
2.1675,0.001311252646523316,0.0012883495698700045,0.00020662106225985104,1.0
2.1685,0.001315806134825851,0.0014175360850772628,0.00020399221935222606,1.0
2.1695,0.0013203626994696084,0.0011098537488162745,0.00020236877439766386,1.0
2.1705,0.0013258977224049316,0.0013180585047938697,0.00020139692991315354,1.0
2.1714,0.0013239768212389559,0.0012973857034244804,0.00020067846669549402,1.0
2.1724,0.0013182832894699497,0.0014556362892700115,0.00020024832841516264,1.0
2.1734,0.0013125938198637684,0.0012951416528214363,0.00020015502448766272,1.0
2.1743,0.0013074683635077165,0.001311311343067635,0.00020037081036187676,1.0
2.1753,0.0013026644092637904,0.001388272303583502,0.00020091112528534074,1.0
2.1763,0.001300999999999984,0.0014064665583695052,0.00020178257932190884,1.0
2.1772,0.001301608736023077,0.0008709531017463646,0.00020309255629783827,1.0
2.1782,0.0013019999999999668,0.0018381346015056514,0.00020412563761733416,1.0
2.1792,0.0013028860296194142,0.0011714754567172974,0.0002036895872974453,1.0
2.1801,0.0013029999999998939,0.001600715415142135,0.00020245051713735772,1.0
2.1811,0.0013019999999998946,0.0009893320938981216,0.00020178692619060337,1.0
2.1821,0.0013018110835018586,0.0014244178446962707,0.00020181604097535113,1.0
2.1831,0.0013006731376734655,0.0014590562477088862,0.0002019341696993853,1.0
2.184,0.0012999999999999763,0.0012738455205124053,0.00020186473344380694,1.0
2.185,0.0013009816464226616,0.0012446291474036975,0.00020184727399200794,1.0
2.186,0.001305149821861455,0.0015558015984947077,0.0002020791332045793,1.0
2.1869,0.0013102739204806325,0.0012788433100502977,0.00020257860054662984,1.0
2.1879,0.0013159651102146517,0.000905905317161843,0.0002030886468525489,1.0
2.1889,0.0013225899355112656,0.0010234857132874477,0.00020320961115938234,1.0
2.1899,0.0013283526276608672,0.0011460878167000928,0.00020307203314833623,1.0
2.1908,0.001333478084016718,0.0014915083744964654,0.00020299370233330376,1.0
2.1918,0.0013391737898217752,0.001584594583477404,0.000203029053404104,1.0
2.1928,0.0013448660125907072,0.0014639627917400772,0.0002031541693639036,1.0
2.1937,0.0013503854793817196,0.0012229746301104512,0.0002033798107440405,1.0
2.1947,0.0013539999999999473,0.0014878890370135873,0.0002036555081501384,1.0
2.1957,0.0013512987235031369,0.0015599573826069427,0.0002038786369483675,1.0
2.1966,0.0013471983584184164,0.0014218151747776872,0.00020404123077018824,1.0
2.1976,0.00134264669921323,0.001231253673301859,0.00020420037867640388,1.0
2.1986,0.0013390681533465725,0.0015068020286164714,0.00020439387520116488,1.0
2.1996,0.001335464607325529,0.0012125567498243795,0.00020464721872431277,1.0
2.2005,0.001339564972410415,0.0011751360518514112,0.0002048986252968955,1.0
2.2015,0.0013444005635811441,0.0015739020370652804,0.00020525786372522036,1.0
2.2025,0.0013496751076412386,0.0014263324416317418,0.00020579546998241883,1.0
2.2034,0.0013537717385955592,0.0015167274762823589,0.00020649528021786788,1.0
2.2044,0.001355999999999995,0.0015054266211996744,0.00020701480877709645,1.0
2.2054,0.0013538371637296692,0.0015851638461693784,0.00020717226282486434,1.0
2.2063,0.0013507618899161523,0.001187886791803213,0.00020719008255819251,1.0
2.2073,0.001347345281075215,0.0013100276505617387,0.00020715860900798026,1.0
2.2083,0.0013449312744486476,0.001218218941622263,0.00020715395884053764,1.0
2.2092,0.0013419045435181449,0.0015218434214676279,0.0002072469457250242,1.0
2.2102,0.0013394393917946124,0.0018668940896212315,0.00020738426937876023,1.0
2.2112,0.0013363485219690806,0.0012029471885626228,0.00020751931438176154,1.0
2.2122,0.001334071839871825,0.001401066963719573,0.00020760612198180575,1.0
2.2131,0.0013320228781038797,0.0012019022885849948,0.00020768838483254849,1.0
2.2141,0.0013303725694382943,0.0014183509047493803,0.00020791622646052342,1.0
2.2151,0.001331533143445463,0.0012478614291288027,0.0002083080941732494,1.0
2.216,0.0013335833259877031,0.0015803692165689705,0.00020866613804521126,1.0
2.217,0.0013358610652149596,0.001022600189200832,0.0002087950328018758,1.0
2.218,0.00133813652653786,0.0015313157293965326,0.00020879062395937615,1.0
2.219,0.001339999999999835,0.001411165423958621,0.0002088648852078817,1.0
2.2199,0.0013397677758461995,0.0014350255208643195,0.0002090414337822162,1.0
2.2209,0.0013389999999999641,0.0015136265314370837,0.0002092666909658598,1.0
2.2219,0.0013400204698566422,0.0011371606553453918,0.00020948831935794674,1.0
2.2228,0.0013431388687289855,0.0013894757014095921,0.00020970442827682352,1.0
2.2238,0.0013490383411661347,0.0014349776935866081,0.0002099444110023682,1.0
2.2248,0.0013461268118681638,0.0015867998595867493,0.0002101785241263066,1.0
2.2257,0.0013441629822542982,0.0014515012816129073,0.00021050858025007432,1.0
2.2267,0.0013449761589069554,0.001016471755995541,0.00021087244391818977,1.0
2.2277,0.001347227779136259,0.0015195752109582329,0.00021122624936747417,1.0
2.2286,0.001348861019160606,0.0017171467878362408,0.00021147338816988664,1.0
2.2296,0.0013468885981878383,0.001327125133883381,0.00021155224865697486,1.0
2.2306,0.0013419150419299872,0.001370400163974935,0.00021158514506087464,1.0
2.2316,0.0013367765550896299,0.0014195623203087638,0.00021171278647136508,1.0
2.2325,0.0013326788337021658,0.0012675165187731945,0.00021191317705877578,1.0
2.2335,0.0013281252673589135,0.0015005719129594238,0.00021212359609634122,1.0
2.2345,0.001326142447226189,0.001380593437096183,0.00021234105528990677,1.0
2.2354,0.0013251173559549144,0.000990749154801495,0.00021261470925205452,1.0
2.2364,0.001324978486341259,0.0013961813763856531,0.00021299409271148458,1.0
2.2374,0.0013238395279502966,0.0009913564668751543,0.00021344896560279353,1.0
2.2384,0.0013229999999999336,0.0013841508977688675,0.00021383206745324902,1.0
2.2393,0.0013242939070090825,0.0016129753923035835,0.00021403804532876122,1.0
2.2403,0.0013288493854634721,0.0014602595129495609,0.00021422657182062387,1.0
2.2413,0.001333405950107395,0.0013568832370314597,0.00021464469134842542,1.0
2.2422,0.0013375023789129181,0.0012943371967596004,0.00021515440019058933,1.0
2.2432,0.0013420572378380828,0.0010947074773139838,0.00021531578608044238,1.0
2.2442,0.001345709537219439,0.0012644534031287938,0.00021521430843489742,1.0
2.2451,0.001349713081377233,0.0016037526644586604,0.00021527797468479532,1.0
2.2461,0.001353201419873888,0.0011893998871692782,0.0002157102076564625,1.0
2.2471,0.0013566181393255597,0.0013725259343402038,0.00021638810365435203,1.0
2.2481,0.0013603760471212912,0.001498575412671622,0.000216774584337757,1.0
2.249,0.0013633691030515848,0.001217132546259561,0.0002166442226752768,1.0
2.25,0.001364000000000052,0.0015727358872953936,0.00021673828795830603,1.0
2.251,0.0013646468422787942,0.0010465818773392225,0.0002171152714429938,1.0
2.2519,0.001365671933549862,0.0013365488028579708,0.00021730653334796766,1.0
2.2529,0.001365999999999972,0.0016450207396800926,0.00021734447703855372,1.0
2.2539,0.0013678976107447166,0.0011646383966228435,0.00021750096087804375,1.0
2.2548,0.0013689738966435091,0.0012038544418314587,0.00021772181676527795,1.0
2.2558,0.0013701127662572533,0.001519212915759064,0.00021785152151177883,1.0
2.2568,0.0013715032717415616,0.0015045986570273694,0.00021788575906387699,1.0
2.2578,0.0013737806649234438,0.0013688227350465074,0.00021794104050760184,1.0
2.2587,0.0013754144578033889,0.0016185248064121802,0.00021805306857073593,1.0
2.2597,0.0013765535989645064,0.001281525702568235,0.00021824547608059462,1.0
2.2607,0.0013769999999999874,0.001657574682214178,0.00021853907824339453,1.0
2.2616,0.001377717559849148,0.001282777514222453,0.00021893090846324936,1.0
2.2626,0.0013779999999999266,0.0013964465463132943,0.00021931223270525843,1.0
2.2636,0.0013789944316716623,0.001797778349624221,0.00021954668230355303,1.0
2.2645,0.0013779422458136167,0.0013632985924385522,0.00021974654749404472,1.0
2.2655,0.0013745248223307272,0.0014852175169977318,0.0002200793106507653,1.0
2.2665,0.0013711082134898213,0.001231026179695653,0.00022044015814771516,1.0
2.2675,0.0013676930931533487,0.0011933504158233856,0.00022062578813241028,1.0
2.2684,0.001364619747691882,0.001577513897147266,0.0002207442294656549,1.0
2.2694,0.0013618020925673096,0.0015794541180939065,0.00022107236253951225,1.0
2.2704,0.0013609999999999111,0.0012195844764602342,0.00022161139249048852,1.0
2.2713,0.001360999999999936,0.0017541818248622766,0.0002220694948915297,1.0
2.2723,0.0013609999999999968,0.0016946691080766219,0.00022210181728959125,1.0
2.2733,0.0013620000000000164,0.0011383868606967315,0.00022199900370305692,1.0
2.2742,0.0013619999999998121,0.0017667462126166118,0.0002220161447425884,1.0
2.2752,0.0013617962526916599,0.00149612262612458,0.00022225192028209703,1.0
2.2762,0.0013609999999998805,0.0010875674038548831,0.00022260768408801604,1.0
2.2771,0.0013610000000000828,0.0011508099830366398,0.00022291868065971613,1.0
2.2781,0.0013609999999998573,0.0017213832716137156,0.00022324904120529933,1.0
2.2791,0.00136099999999995,0.0009342538265643685,0.00022388978209815285,1.0
2.2801,0.0013633511635295374,0.0013602816798846532,0.00022489467816197734,1.0
2.281,0.0013680427045018294,0.0015125184974904284,0.00022569610403394037,1.0
2.282,0.0013727907282452172,0.0010281991025603851,0.00022580653421667667,1.0
2.283,0.0013774270636139057,0.0010233829693307077,0.00022560038121345133,1.0
2.2839,0.0013824420159759805,0.0014250485578534869,0.00022545688297372806,1.0
2.2849,0.001385999999999968,0.001710384442988785,0.000225409595730783,1.0
2.2859,0.0013852229704629992,0.0011507149532225276,0.0002255404755820762,1.0
2.2869,0.00138347261561793,0.001485076930370284,0.00022563137646769424,1.0
2.2878,0.0013818963057483588,0.001215782128143248,0.0002255291879745363,1.0
2.2888,0.0013803097936852544,0.0013828675803243366,0.0002254741853417078,1.0
2.2898,0.0013791709240715134,0.0015601726161341733,0.00022559939932855744,1.0
2.2907,0.0013781458328004507,0.0015331768894602013,0.00022588495416418897,1.0
2.2917,0.0013770069631866171,0.0009611028776218177,0.00022633878898033256,1.0
2.2927,0.0013758689609777502,0.0017228723283004952,0.00022694694586151954,1.0
2.2936,0.0013748438697068622,0.001217365848911893,0.00022753825067001199,1.0
2.2946,0.0013737050000933613,0.0014071338590957141,0.0002280065384697972,1.0
2.2956,0.0013760370866432322,0.0014360171998167724,0.00022849237348061908,1.0
2.2966,0.0013845840854514206,0.0017835193962013878,0.00022906521348869022,1.0
2.2975,0.0013927772022372853,0.002057118648079134,0.00022913650827165245,1.0
2.2985,0.0014018866609126113,0.0013209709148642652,0.0002289110728891417,1.0
2.2995,0.0014118723200492913,0.001597237500987739,0.00022906364216482162,1.0
2.3004,0.0014201983479909745,0.0012577229571795175,0.00022950024080139935,1.0
2.3014,0.0014146906951001542,0.0014065412066914672,0.00022970967647559083,1.0
2.3024,0.0014054015820604438,0.0013598710334182234,0.00022967648534662736,1.0
2.3033,0.0013963881196389619,0.0015023188947639683,0.0002296803492975414,1.0
2.3043,0.0013869343641449712,0.0015100778742197394,0.00022983316258067167,1.0
2.3053,0.0013771640334422463,0.001455643893261567,0.0002299882647951911,1.0
2.3062,0.0013704770645451955,0.001187519176101908,0.0002300233979908052,1.0
2.3072,0.0013654291013123782,0.0015892823356722509,0.00023005125193033586,1.0
2.3082,0.001360875250536225,0.0017098277245932588,0.00023023286876402876,1.0
2.3092,0.0013563186858921163,0.0013865056040937682,0.0002306193321406199,1.0
2.3101,0.0013522183208075408,0.0007659219768178257,0.000230991536623276,1.0
2.3111,0.0013484214470586965,0.0011128582957647553,0.00023116859961842053,1.0
2.3121,0.0013550061463237241,0.0011177511135278253,0.00023133582671895178,1.0
2.313,0.001364471113443859,0.0015434055226825943,0.0002316452426664809,1.0
2.314,0.0013754738286220719,0.0014408354330537295,0.00023195633518687138,1.0
2.315,0.0013862512211897976,0.0013215966362076861,0.00023224271779302163,1.0
2.316,0.0013969759255932552,0.0013242014941612387,0.00023267140241863191,1.0
2.3169,0.001401378166007563,0.00145179037382696,0.00023314216217578532,1.0
2.3179,0.0013986919572327777,0.0014656146690201523,0.00023343800301091764,1.0
2.3189,0.001395102135521362,0.0012828594538878426,0.00023345070321194138,1.0
2.3198,0.0013910369017998058,0.001610670982062263,0.0002334874957815453,1.0
2.3208,0.001386610252866946,0.001458881094714942,0.00023365151267139663,1.0
2.3218,0.0013831936440261376,0.0016848287184773993,0.00023402287213852922,1.0
2.3227,0.00138041291546962,0.0014850456988307848,0.00023453705416054258,1.0
2.3237,0.0013781367854854617,0.0013266073212290232,0.0002349379674975699,1.0
2.3247,0.0013758585031633864,0.0016374010057950386,0.0002351324980785028,1.0
2.3256,0.0013738088637158534,0.0013849794423035125,0.00023529563623971575,1.0
2.3266,0.0013715305813938887,0.0011331290336646061,0.0002355766847814864,1.0
2.3276,0.0013701274149160382,0.0013439279550714535,0.00023614791496308343,1.0
2.3286,0.0013720113095781453,0.0014900645000713445,0.00023699189757072462,1.0
2.3295,0.0013730728016984601,0.0014008289039198715,0.0002375379144151923,1.0
2.3305,0.0013755258113888418,0.0017710039044667053,0.00023742433137258895,1.0
2.3315,0.001382716174358118,0.001502763589946394,0.0002371597638371822,1.0
2.3324,0.0014035126163801706,0.0016850020514577529,0.00023729314988562037,1.0
2.3334,0.0014158870295392307,0.0014725801715583598,0.0002377414477815539,1.0
2.3344,0.0014076161031702746,0.0010312744029429316,0.00023806221893009336,1.0
2.3354,0.0014163076876419916,0.00180940280346819,0.00023803695656325413,1.0
2.3363,0.0014283607686590943,0.0016016243394967394,0.0002379230383489934,1.0
2.3373,0.001442949667806851,0.001441979906715621,0.00023804745961509863,1.0
2.3383,0.001457202897716938,0.0019223894024938545,0.00023834535358988046,1.0
2.3392,0.0014427695927718128,0.001620054641113946,0.0002385604440869173,1.0
2.3402,0.001425686548567585,0.0013408103547191783,0.00023866829932537646,1.0
2.3412,0.001408599431153144,0.0014355368138305688,0.00023880363830462318,1.0
2.3421,0.0013936181226431778,0.002038692186435087,0.00023892960981044547,1.0
2.3431,0.0013776799620192335,0.0011685768959104072,0.00023915017804301722,1.0
2.3441,0.0013723234589390028,0.0012995024739632928,0.00023951760867674889,1.0
2.3451,0.0013802053917467648,0.0015957084577061013,0.00023992636758269503,1.0
2.346,0.0013902569035418842,0.0018729580103066937,0.0002402468107493702,1.0
2.347,0.0014016455996780832,0.001490226516436252,0.00024064114762877218,1.0
2.348,0.0014120256217661307,0.0018897964575942526,0.00024116159121170786,1.0
2.3489,0.0014212553068956699,0.0014219330657656867,0.0002415810029531095,1.0
2.3499,0.0014208678155085187,0.0012989861224579336,0.00024181772374366097,1.0
2.3509,0.00141175685859988,0.0016936759819637288,0.0002420578933366236,1.0
2.3518,0.001403556128430202,0.0009139488664387671,0.00024247947172613692,1.0
2.3528,0.0013938816475200695,0.001202154410963664,0.0002429515361964537,1.0
2.3538,0.001384341153850726,0.0013749090799116614,0.00024331226524035047,1.0
2.3548,0.001376922647706452,0.001196363373880034,0.00024372674570331815,1.0
2.3557,0.0013777426333070903,0.0009811265289002193,0.00024403948281678106,1.0
2.3567,0.0013800203493572983,0.0015482739460386803,0.00024399281773753692,1.0
2.3577,0.001382296376951742,0.0015890004329714481,0.0002438514952355945,1.0
2.3586,0.0013845190245991394,0.0010192301492654703,0.00024381793311477933,1.0
2.3596,0.0013876242987213656,0.0013221310949322264,0.00024389252178792765,1.0
2.3606,0.0013871959241027897,0.0011381952120400277,0.0002440908414221116,1.0
2.3615,0.00138166722828172,0.0012342509072333211,0.0002443129127712748,1.0
2.3625,0.00137431431866019,0.0015770268102000451,0.0002445390776941805,1.0
2.3635,0.001367482107592556,0.0010875460914400036,0.000244937025571844,1.0
2.3645,0.0013606488899110456,0.0017413706446161793,0.0002456215096524608,1.0
2.3654,0.0013554152852365872,0.0012946950831582333,0.00024626777371578246,1.0
2.3664,0.0013531674376989335,0.001380980524187464,0.00024658001045254843,1.0
2.3674,0.0013567778427940136,0.0017133603521434994,0.000246896457513079,1.0
2.3683,0.001360874537995857,0.0015493592379209153,0.00024748847024160984,1.0
2.3693,0.0013650725123375222,0.0016931063137222472,0.0002478881193117751,1.0
2.3703,0.0013689865810942443,0.0011570579033008022,0.0002479812337042899,1.0
2.3712,0.0013725652096341706,0.0015778677125417953,0.0002484676408502373,1.0
2.3722,0.001373339393841524,0.0013246892050242215,0.0002495949778571379,1.0
2.3732,0.0013714028675133904,0.0012492148015070897,0.00025086379668883213,1.0
2.3741,0.001370176571908938,0.0011943364112343565,0.0002514846256358303,1.0
2.3751,0.0013690377022953517,0.0011988755985222867,0.0002509095957171827,1.0
2.3761,0.0013668985611344979,0.0012009808436834219,0.00024983481867342614,1.0
2.3771,0.0013660000000000475,0.0012808975056866098,0.00024924178940534836,1.0
2.378,0.001366264260798231,0.001689377759668186,0.00024925067341732864,1.0
2.379,0.0013669999999997922,0.001654407708274137,0.0002496333524338252,1.0
2.38,0.0013675422715728454,0.0014546025119863526,0.0002500700424101503,1.0
2.3809,0.0013685670912966183,0.0015314398694324402,0.0002507062805848332,1.0
2.3819,0.0013697062324576129,0.001605803295108362,0.0002521631468707032,1.0
2.3829,0.0013700000000000506,0.0015800077996686978,0.00025398266878071894,1.0
2.3839,0.0013660686690695003,0.0016960180628769247,0.0002549734175337635,1.0
2.3848,0.0013629683039845205,0.0013249874792528576,0.00025556970116268193,1.0
2.3858,0.0013585596191477028,0.0009467712227083352,0.00025628318141387974,1.0
2.3868,0.0013548562608863338,0.001181975603863673,0.00025590110424314027,1.0
2.3877,0.0013510679833735443,0.0011243870218483093,0.0002543487323746556,1.0
2.3887,0.00134944875671111,0.0012543046459143295,0.00025318176341006384,1.0
2.3897,0.0013517628789741082,0.0013390494264639528,0.00025312776211461894,1.0
2.3906,0.001354225435191414,0.0013611634772757082,0.00025369820050113795,1.0
2.3916,0.001357254761628468,0.001475000490457932,0.00025422388019264504,1.0
2.3926,0.0013606691450827565,0.0012464672491310767,0.00025425595588434883,1.0
2.3936,0.001363085377095772,0.0009185822372590826,0.0002540376958578515,1.0
2.3945,0.0013659999999998478,0.0016757550116275166,0.00025397699924987636,1.0
2.3955,0.0013660000000002316,0.0015942183794402317,0.00025407505995361145,1.0
2.3965,0.0013659999999999523,0.0010955456751000673,0.00025430796409378956,1.0
2.3974,0.0013663559753626475,0.0009746444534247537,0.0002547249846616743,1.0
2.3984,0.0013669999999998534,0.0012129846623840945,0.000255114875890071,1.0
2.3994,0.0013670000000000797,0.0014518017017323662,0.0002554509303945985,1.0
2.4003,0.001367658343894956,0.0006936325655557458,0.0002558935935692384,1.0
2.4013,0.0013687972135086343,0.0012963817560507356,0.0002562014468970923,1.0
2.4023,0.0013699360831223857,0.0013772746343760681,0.00025624616983776604,1.0
2.4032,0.0013709600809075325,0.0012713029181715243,0.0002563308565316338,1.0
2.4042,0.0013730991766024174,0.001321920333827543,0.00025666149275909236,1.0
2.4052,0.0013742380462160929,0.0014569712413048848,0.00025709204310178174,1.0
2.4062,0.001373869252511241,0.0017577807465782745,0.00025727785026191007,1.0
2.4071,0.0013707953507355098,0.001158019983291376,0.0002572002170613339,1.0
2.4081,0.001367920524475496,0.0017423957270732676,0.000257245266614046,1.0
2.4091,0.0013649633632304558,0.0013014798933040082,0.0002575148104584604,1.0
2.41,0.0013618880894169082,0.0012241843732288754,0.00025795163516248014,1.0
2.411,0.0013593143203839276,0.000931798604456554,0.00025826409539309877,1.0
2.412,0.001359000000000121,0.0016242586595476526,0.00025871181647199647,1.0
2.413,0.0013634788465216208,0.0013312958697945941,0.0002596001898757543,1.0
2.4139,0.001367578125417098,0.0012876926055852473,0.00026097094709552306,1.0
2.4149,0.0013721346900610843,0.0017122937383593439,0.0002624839762509282,1.0
2.4159,0.0013766901685157457,0.001311892942926107,0.0002634652862042304,1.0
2.4168,0.0013807905336001328,0.0013532636791847403,0.0002633087673014627,1.0
2.4178,0.0013806566569009263,0.0015147053380628352,0.0002623410284112323,1.0
2.4188,0.0013753774738874196,0.001146628441332738,0.00026150121957025643,1.0
2.4197,0.0013695040503221435,0.001614189242513447,0.000261156146954412,1.0
2.4207,0.0013635576694634288,0.001458497695816646,0.00026129941972984685,1.0
2.4217,0.001357863476888558,0.001196332572013014,0.00026191796488494356,1.0
2.4226,0.001352846135880128,0.0016207979747734158,0.00026272313558294767,1.0
2.4236,0.0013519015765352232,0.001197265080747724,0.0002631734825994768,1.0
2.4246,0.0013629612454043305,0.0014122887121499695,0.000263116422872429,1.0
2.4256,0.0013736816842810193,0.001243217762246062,0.00026304148622466377,1.0
2.4265,0.001383932596993349,0.0013647016924634868,0.00026332628720847557,1.0
2.4275,0.0013953141016694718,0.0013065381004372508,0.00026378850927651944,1.0
2.4285,0.0014066985997437393,0.001643499310013418,0.0002640291327469483,1.0
2.4294,0.0014105899024911168,0.0015221655434779664,0.0002640700489350267,1.0
2.4304,0.001401661791408285,0.0015435976533318316,0.0002641219135289039,1.0
2.4314,0.0013902703797987895,0.0010619294875715269,0.00026418485429081993,1.0
2.4324,0.0013790956842207726,0.0012454032512921427,0.00026441007719761535,1.0
2.4333,0.0013696421604722615,0.0016763747244481065,0.0002646495433631107,1.0
2.4343,0.0013586281179025171,0.00152646472229814,0.00026498179998004354,1.0
2.4353,0.0013514586158178197,0.0015791268764367718,0.00026514645677834704,1.0
2.4362,0.0013494613855487305,0.0013077180885191907,0.0002651785389918445,1.0
2.4372,0.001348322244387925,0.000918889256612954,0.0002652824948917936,1.0
2.4382,0.001348000000000048,0.0011535994758749165,0.00026551919019587557,1.0
2.4391,0.0013471594224552363,0.0017329026163536746,0.0002658054058323843,1.0
2.4401,0.0013460205528415506,0.0007662276936241738,0.0002661003915350834,1.0
2.4411,0.0013455915838602906,0.0013132283996849367,0.00026639396190130467,1.0
2.4421,0.0013518001552404587,0.001289874339758347,0.00026671652304060655,1.0
2.443,0.0013598141025205983,0.0018182795003021577,0.00026713963253674385,1.0
2.444,0.0013737244778504662,0.0008696239609587286,0.0002678154566161783,1.0
2.445,0.0013953012885440132,0.0013079543951471926,0.00026897000875239746,1.0
2.4459,0.0014207745002624414,0.0017983811446455186,0.0002703889120496992,1.0
2.4469,0.0014442928761893383,0.0014783619879291843,0.00027127262679813144,1.0
2.4479,0.0014076590122054692,0.0013554514488994531,0.00027134202717441034,1.0
2.4488,0.0013761862923658778,0.0014770320012032843,0.0002710731588568439,1.0
2.4498,0.0013638997061692472,0.0016097666156864845,0.00027102043850262453,1.0
2.4508,0.0013596721138574243,0.001443583677095575,0.00027127998003157567,1.0
2.4518,0.0013570907473032417,0.0016072924064916175,0.00027154015305547977,1.0
2.4527,0.0013556550618281664,0.0015963774591318239,0.0002716052427259788,1.0
2.4537,0.0013625908739788454,0.002085767649929778,0.00027170546573230967,1.0
2.4547,0.0013756525335637184,0.0019031907993359186,0.0002723625480409423,1.0
2.4556,0.001387558404596677,0.0009251209957562681,0.0002730550008660866,1.0
2.4566,0.0014012248399598885,0.0014090251789662465,0.000273663196333509,1.0
2.4576,0.0014148821396550474,0.001471147357767853,0.0002738970078293861,1.0
2.4585,0.001427178703151624,0.0011117961154841237,0.00027375232289101437,1.0
2.4595,0.0014291516029166227,0.0011673340599101215,0.0002735618554156199,1.0
2.4605,0.001415694736924026,0.001824999074211148,0.0002735107290752384,1.0
2.4615,0.001402818732190037,0.0018106231717884666,0.0002734935962909445,1.0
2.4624,0.001390522736324781,0.001227372857252282,0.000273482827931441,1.0
2.4634,0.0013773761299151449,0.0010084966024414468,0.0002737677308999256,1.0
2.4644,0.0013648455771444344,0.0009169217587933899,0.0002744356212484974,1.0
2.4653,0.0013569470399060353,0.0012669846887068423,0.0002750266812514338,1.0
2.4663,0.0013533712740747901,0.0012189149716498393,0.00027513424089549795,1.0
2.4673,0.001351093534847661,0.0020737240467496717,0.0002751766914472259,1.0
2.4682,0.0013480683674471413,0.0013087933549355475,0.00027580384580300703,1.0
2.4692,0.0013458839454911756,0.001544550792324942,0.000276897926787334,1.0
2.4702,0.0013444896086604635,0.0009675127421087748,0.0002775185303957285,1.0
2.4711,0.001342439426117944,0.001101714343258582,0.0002773197890462962,1.0
2.4721,0.0013401626406030509,0.00127327405490141,0.00027729480803790973,1.0
2.4731,0.0013378862255678746,0.0015523514383194363,0.00027777281278697094,1.0
2.4741,0.0013369999999999725,0.001650280008221952,0.0002778908812445832,1.0
2.475,0.0013384416962016884,0.0012506685039983807,0.0002776584385123448,1.0
2.476,0.0013467399033565933,0.0011501359859321311,0.00027783414817011726,1.0
2.477,0.0013649806008826885,0.000995727297247422,0.0002789164734088315,1.0
2.4779,0.0013657490768606286,0.0009183509348934841,0.0002805809605688655,1.0
2.4789,0.0013537065535351948,0.001244092803478637,0.0002836877823528882,1.0
2.4799,0.0013451966974697698,0.0006982589920543588,0.0002873638772182667,1.0
2.4809,0.0013392412336693702,0.0012490228167801782,0.0002882616008228515,1.0
2.4818,0.0013360704342922287,0.0017573341441716748,0.0002859880800994347,1.0
2.4828,0.0013343970342816669,0.0012169711107170706,0.00028371360908669764,1.0
2.4838,0.0013369655325157067,0.00161670852243284,0.00028302260006431157,1.0
2.4847,0.0013425988464007407,0.001664733806907753,0.0002847893046779346,1.0
2.4857,0.0013494320640825119,0.0013605913602738962,0.0002892511940074773,1.0
2.4867,0.001357311041961084,0.0010775212800637935,0.0002922415458170864,1.0
2.4876,0.0013644790624561852,0.0014181064096464426,0.000289918723869468,1.0
2.4886,0.0013724511497514918,0.0010997854404642701,0.0002858544193343215,1.0
2.4896,0.0013776538232789586,0.001475836751012187,0.0002837557236031496,1.0
2.4906,0.001373602774826436,0.0015843449973049252,0.00028329048869764567,1.0
2.4915,0.0013664290367596018,0.0013906904045969338,0.0002832178018072861,1.0
2.4925,0.0013584602192259717,0.001393050266976827,0.00028326062034287036,1.0
2.4935,0.0013504909340026278,0.0018999188838426779,0.00028366108365285867,1.0
2.4944,0.001343315295104172,0.0009474605666579914,0.00028408242862701686,1.0
2.4954,0.0013353432078089715,0.0011049411793446053,0.000283988963219343,1.0
2.4964,0.0013308197770521245,0.0014449159187928146,0.0002837481455213964,1.0
2.4973,0.001328770399108876,0.0012538575787237483,0.0002839645303258542,1.0
2.4983,0.0013267470665934834,0.0016137022904527303,0.000284705010274203,1.0
2.4993,0.0013252163939596207,0.0014214057027138983,0.0002857315750746962,1.0
2.5002,0.00132358310570853,0.0014990369423168875,0.00028606975797410006,1.0
2.5012,0.0013230000000000132,0.0012290320398108453,0.0002861340748068411,1.0
2.5022,0.001324389267037271,0.0006295969537775159,0.0002861402119640472,1.0
2.5032,0.0013266656522608986,0.0017836437985817597,0.0002860367718714128,1.0
2.5041,0.00132871545399731,0.001956968798076069,0.0002858483600912902,1.0
2.5051,0.0013309931932245988,0.0011705766964664492,0.0002856661989257125,1.0
2.5061,0.0013334063986775782,0.0011960082187811936,0.0002858002930220179,1.0
2.507,0.0013364811245134473,0.0012765375349903275,0.00028645829579877085,1.0
2.508,0.0013389999999999294,0.0017215412455664461,0.00028733802069341063,1.0
2.509,0.001335500565444164,0.0015147243978971322,0.0002881694720454749,1.0
2.51,0.0013275422064013772,0.001553093521098967,0.0002888628611407796,1.0
2.5109,0.0013225944391827586,0.0016253268118280044,0.00028902121637710247,1.0
2.5119,0.0013187792205463923,0.0012706274121600267,0.0002886741286786633,1.0
2.5129,0.0013153647984319684,0.001480566547156989,0.0002884020565002941,1.0
2.5138,0.0013122907547483418,0.001582070983421079,0.00028831921199742053,1.0
2.5148,0.0013100000000000928,0.0012471467311556514,0.00028823892067190516,1.0
2.5158,0.0013100000000000984,0.0012160507577439763,0.0002883463742405176,1.0
2.5167,0.0013099999999999809,0.0010056229464476991,0.0002889214370144738,1.0
2.5177,0.0013099999999999677,0.00165269404829933,0.0002897248484923724,1.0
2.5187,0.0013099999999999863,0.0012019834167658824,0.00029007972396886473,1.0
2.5196,0.0013100000000000453,0.0015889403458960658,0.0002899809613551872,1.0
2.5206,0.001309999999999993,0.0017327051236836857,0.0002903499579827091,1.0
2.5216,0.0013100000000000585,0.0016867067675467987,0.0002906739189307164,1.0
2.5226,0.0013090762963235347,0.001345367235762924,0.00029081067060404285,1.0
2.5235,0.0013090000000000207,0.0014946071701446271,0.0002909835047360253,1.0
2.5245,0.0013090000000000087,0.001709025422493192,0.0002913990707172205,1.0
2.5255,0.0013089999999999862,0.0016674366775331017,0.00029191711437158527,1.0
2.5264,0.0013087481899043288,0.0010829612143160416,0.00029239818402539445,1.0
2.5274,0.0013087804704997364,0.0010351687464845167,0.0002925798683503917,1.0
2.5284,0.0013115852311119112,0.0011076425793650542,0.00029242789903290443,1.0
2.5294,0.001315002654594826,0.0015980798221387899,0.00029237919314667774,1.0
2.5303,0.001317384742510812,0.0015767921374371383,0.00029258431391475354,1.0
2.5313,0.0013204945372491741,0.0009258293198863148,0.0002928522381020135,1.0
2.5323,0.0013239111460900872,0.0011365329512884087,0.0002930937492501436,1.0
2.5332,0.001326983022383924,0.0010084168306285523,0.0002933464147423688,1.0
2.5342,0.0013276003881119186,0.0013672086944233489,0.00029368282189978805,1.0
2.5352,0.001324727654876225,0.0012013964826548065,0.00029429385000197586,1.0
2.5361,0.0013245943296950186,0.0012275841899694897,0.00029523914046632817,1.0
2.5371,0.001328614857852569,0.0014755127953315185,0.000296192545153013,1.0
2.5381,0.0013371663300291577,0.0016021334995105479,0.00029672179275705456,1.0
2.5391,0.0013495548754021167,0.001089680726342208,0.00029698137799159254,1.0
2.54,0.0013625939682110717,0.001090968187945155,0.0002976044100982995,1.0
2.541,0.0013589850626533422,0.0011557175991050465,0.0002988626973242458,1.0
2.542,0.0013488560889441655,0.001277625584988346,0.0002999871176186751,1.0
2.5429,0.0013396403541652314,0.0013263354069438596,0.00030016464198723877,1.0
2.5439,0.0013295693579046058,0.0020550107884612025,0.0002992568269282966,1.0
2.5449,0.0013207761008711743,0.0013099457513555905,0.0002985724479265042,1.0
2.5458,0.0013136004619727715,0.0013028856841856996,0.00029831926625027857,1.0
2.5468,0.0013070733569586928,0.0009359773400285719,0.0002985877087988649,1.0
2.5478,0.001304379904337937,0.0008405242155548635,0.00029930361333690986,1.0
2.5488,0.0013039999999999512,0.0014202448112166834,0.0002998965771391875,1.0
2.5497,0.001305567247707869,0.0011411984395191706,0.0003002755862810024,1.0
2.5507,0.0013087674804027147,0.0015743439528851867,0.00030068120594408396,1.0
2.5517,0.0013132462580381357,0.0007999125704463709,0.00030100407341555587,1.0
2.5526,0.001317255946200623,0.001128582614145704,0.0003013630712706125,1.0
2.5536,0.0013197755434387855,0.0016099693749078879,0.00030207361336156654,1.0
2.5546,0.0013189999999999556,0.0010715849010404337,0.0003031385432607612,1.0
2.5555,0.0013209420872299287,0.0015656644713096654,0.0003040611624393208,1.0
2.5565,0.0013292728705961276,0.0010851096172515978,0.0003040745046726222,1.0
2.5575,0.0013459771786841945,0.0015052675565254618,0.00030331400859787746,1.0
2.5585,0.001371299813168525,0.0015079185798940508,0.000302674545592922,1.0
2.5594,0.0013992190042900288,0.0014269808909448437,0.00030251615725455217,1.0
2.5604,0.0014165855569689353,0.0015625809261765877,0.0003029117001364545,1.0
2.5614,0.0014257489256630717,0.0014354675611008246,0.00030379661962241,1.0
2.5623,0.0014329235127246045,0.001564579864176017,0.00030460577836314895,1.0
2.5633,0.001441158490504648,0.0012221521752200173,0.0003048545669992115,1.0
2.5643,0.0014498626673182273,0.0013050389856597891,0.00030509295864447335,1.0
2.5652,0.0014574723499619481,0.0017540804532587056,0.0003054429866421362,1.0
2.5662,0.0014597083465644944,0.0012490100683535882,0.0003067844114101333,1.0
2.5672,0.001434511161908361,0.001288944712540092,0.0003082764492066781,1.0
2.5681,0.0014021828860477446,0.0013651323264941232,0.00030789469268665474,1.0
2.5691,0.0013695110626567833,0.0010658745856536903,0.00030610876613021366,1.0
2.5701,0.0013417800629426527,0.0016425519777263696,0.0003047806411827098,1.0
2.5711,0.0013243212275233687,0.0010675788270677227,0.00030428575465306866,1.0
2.572,0.0013139349713113244,0.0012654471215771293,0.0003042746591758532,1.0
2.573,0.0013090000000000545,0.0019845630699929576,0.000304559180032703,1.0
2.574,0.0013099086144519486,0.0006084890245962373,0.0003051426081857233,1.0
2.5749,0.0013119587969942133,0.0009750203381920289,0.0003058601894182438,1.0
2.5759,0.0013142370793162554,0.0012779783936129562,0.00030620447127301814,1.0
2.5769,0.0013165148185434433,0.0014342881808897476,0.000306198942664949,1.0
2.5779,0.0013187905184557278,0.0012295652785042706,0.0003061978984254422,1.0
2.5788,0.0013208404624087354,0.0010694280831305795,0.0003062027336915211,1.0
2.5798,0.0013217044959102115,0.001267629973982103,0.0003063507423865694,1.0
2.5808,0.0013162070320842034,0.0011420324871896008,0.000306828392073791,1.0
2.5817,0.0013121066669994604,0.0013036109782894158,0.00030758068615981354,1.0
2.5827,0.0013079146275957665,0.0010041195608419128,0.00030860374193753323,1.0
2.5837,0.001304000265899089,0.0015204189011961597,0.0003099862698000421,1.0
2.5846,0.0013004249256108292,0.0008007259482338772,0.00031143925196738174,1.0
2.5856,0.001297008316769976,0.0019346042885067102,0.0003123385032218461,1.0
2.5866,0.0012968030355710231,0.0016012572482207348,0.00031154991055230683,1.0
2.5876,0.0012998225008603965,0.001239079286040731,0.0003102105226700412,1.0
2.5885,0.0013038634300143693,0.0013822684643711477,0.00030943668055274676,1.0
2.5895,0.0013096283627033888,0.0013335013643542663,0.00030924424031254305,1.0
2.5905,0.001316463209669118,0.0006277730149688342,0.0003092176941920688,1.0
2.5914,0.0013231495040163636,0.0009073588544824607,0.0003092952675920428,1.0
2.5924,0.001333481017128999,0.001414556600046397,0.0003095828117764839,1.0
2.5934,0.0013438189187710656,0.001153059987805981,0.00031003231930796095,1.0
2.5943,0.0013521358598608678,0.0012424614828096107,0.00031054577099266735,1.0
2.5953,0.0013630952070926967,0.001430066904744951,0.00031099055081898616,1.0
2.5963,0.0013770290741973981,0.0015952079437836944,0.00031122130749049426,1.0
2.5972,0.0013903552607229044,0.0011541647640197833,0.00031131937270711734,1.0
2.5982,0.0014061722570432049,0.001506310605034269,0.00031150561233060187,1.0
2.5992,0.0014214510602494437,0.001345915995452484,0.00031184330856214525,1.0
2.6002,0.0014167694242472832,0.0015561623794513879,0.00031212219427271257,1.0
2.6011,0.0013917707710700907,0.0014576174100622797,0.00031216596036086363,1.0
2.6021,0.0013660412963589525,0.0010777744896289627,0.00031219650456810127,1.0
2.6031,0.0013427674636492463,0.0012619123456126156,0.00031245204372594985,1.0
2.604,0.0013257558390761745,0.0017951832276566564,0.0003128879460884527,1.0
2.605,0.0013124485299147825,0.001299693711274739,0.00031336542182881,1.0
2.606,0.001303741883644954,0.0015008418104402769,0.00031380137471817034,1.0
2.607,0.0013020662401219219,0.0013087249180786624,0.0003142485836791405,1.0
2.6079,0.00130411367710969,0.0011406811395625039,0.0003151168646276694,1.0
2.6089,0.001306391959431436,0.0012909206687073175,0.00031589871330232585,1.0
2.6099,0.0013086696986585814,0.001712780926581934,0.00031643708691797464,1.0
2.6108,0.0013107198812011725,0.0008744588912152254,0.00031669595371460217,1.0
2.6118,0.0013129976204285443,0.0009806760314335673,0.0003170428937662664,1.0
2.6128,0.001315273908734613,0.0007165292539129614,0.00031737320081837454,1.0
2.6137,0.0013159999999999314,0.001421449526089615,0.00031748823389496605,1.0
2.6147,0.0013168007733077572,0.002088626780764992,0.00031757812969339096,1.0
2.6157,0.0013169999999999753,0.0008372656446223683,0.000317818155664848,1.0
2.6166,0.0013179647341927576,0.0014399275058655661,0.0003182664083097224,1.0
2.6176,0.0013181024648540917,0.0013098685506396513,0.0003188556907167465,1.0
2.6186,0.0013190000000000235,0.0011044376460452637,0.0003193904593932381,1.0
2.6196,0.0013193804756286807,0.0017359906357278245,0.0003199071409359157,1.0
2.6205,0.001319188866200456,0.0009593191904175439,0.0003208332275542998,1.0
2.6215,0.0013174555634865915,0.0010060431548671303,0.00032275974584813455,1.0
2.6225,0.0013176825287592683,0.0010979275017051608,0.0003254707698923393,1.0
2.6234,0.0013215362922302993,0.001161132586389248,0.0003282179560883207,1.0
2.6244,0.0013323074086565067,0.0016336124987878769,0.000331177137118564,1.0
2.6254,0.001351734845971732,0.0018640605389117046,0.00033362833108644676,1.0
2.6264,0.0013791034708567418,0.0008731143400557894,0.00033333736430786595,1.0
2.6273,0.001402639663661729,0.0007823676435560651,0.00033044039358463574,1.0
2.6283,0.0014157304899698284,0.0011924578066589142,0.000327402297110507,1.0
2.6293,0.0014301132231346171,0.00107204596228082,0.0003256775374876665,1.0
2.6302,0.001442411059820627,0.0012885702165343052,0.00032447942121104436,1.0
2.6312,0.00145667081656483,0.0016242206196140098,0.00032379358829301284,1.0
2.6322,0.0014714761215419766,0.0011861026911482706,0.00032367444371757617,1.0
2.6331,0.0014847911564086608,0.0017796829540970538,0.0003239680271832908,1.0
2.6341,0.0014906752630769956,0.0018007310117326225,0.00032412607443944245,1.0
2.6351,0.0014703875205488823,0.0018520363151544395,0.0003238733188987891,1.0
2.6361,0.001447774462463192,0.0015731767784414388,0.00032371803929987034,1.0
2.637,0.0014283019402235467,0.0012663082597812398,0.0003240955455901405,1.0
2.638,0.0014070134328090747,0.0015623441899735475,0.00032512839765244563,1.0
2.639,0.0013865137797638859,0.0017120282221989693,0.0003267160322320414,1.0
2.6399,0.001368558684833499,0.0015188519186237748,0.00032787994671821234,1.0
2.6409,0.0013555520770479296,0.0012130827464669378,0.00032766641081194284,1.0
2.6419,0.0013591964698044367,0.0011882070150115284,0.0003266315030960231,1.0
2.6428,0.0013681886624278916,0.0017592613228693003,0.00032580388152087653,1.0
2.6438,0.0013793738065822345,0.0016130382979946262,0.00032549749788345214,1.0
2.6448,0.0013897625027180203,0.0015926971917228278,0.0003254979277056214,1.0
2.6458,0.0014011539143278327,0.0022186698875692654,0.0003255509342498662,1.0
2.6467,0.001411402111566073,0.001116831262813907,0.00032574306140003754,1.0
2.6477,0.0014159686340403208,0.0008104431060209367,0.00032614508902163795,1.0
2.6487,0.0013944533446710351,0.0016435590239766275,0.00032652834902359353,1.0
2.6496,0.0013627347724933301,0.0012028862466941497,0.000326858320943728,1.0
2.6506,0.0013333359911317185,0.00016343617270789127,0.0003275331633392348,1.0
2.6516,0.0013137012978381721,0.0009098095943484805,0.00032806492124647205,1.0
2.6525,0.0013067797828821871,0.0007164751384032654,0.0003288624009840863,1.0
2.6535,0.0013060000000001924,0.0010020476820016165,0.0003302365500240697,1.0
2.6545,0.0013091218765709973,0.0011836317688379313,0.00033141800209047123,1.0
2.6555,0.0013092177614459305,0.001111777219397496,0.0003313152312105186,1.0
2.6564,0.0013067141625441269,0.0008007509139960016,0.00033044272462013957,1.0
2.6574,0.0013068484477974508,0.0010439893481005817,0.0003298649216965153,1.0
2.6584,0.0013119389649480476,0.0012187399283960054,0.000329833599594593,1.0
2.6593,0.0013232292076926979,0.0009545137696983638,0.0003302030781256083,1.0
2.6603,0.0013449867435881093,0.0014254904571271137,0.0003308246695627044,1.0
2.6613,0.001373504034194352,0.001688334202087432,0.0003316190356948956,1.0
2.6622,0.0013885782036226913,0.00041127977261378465,0.0003325748282799657,1.0
2.6632,0.0013776312977784352,0.0008312820987572243,0.0003337518752105247,1.0
2.6642,0.0013629899655561721,0.0016249113582223142,0.00033526450403392684,1.0
2.6651,0.001350881464443369,0.0012224455144272202,0.0003371984580481763,1.0
2.6661,0.0013383538986934964,0.0013027553456744687,0.00033888342871349656,1.0
2.6671,0.0013272416136722804,0.0016994451214924458,0.0003385575184222101,1.0
2.6681,0.00132178332884505,0.0011261218823092752,0.0003364663843147506,1.0
2.669,0.0013247989318082524,0.0015973993525225558,0.000334931608235465,1.0
2.67,0.0013378121504728164,0.0008926606786043194,0.00033456575727530214,1.0
2.671,0.0013546674911393557,0.0008696618960625136,0.000334971856742556,1.0
2.6719,0.0013719163749016045,0.001961039456306013,0.0003353871541250369,1.0
2.6729,0.0013914057721636074,0.0018808871869565634,0.0003360514986120509,1.0
2.6739,0.0014130442948220236,0.0013290038100243775,0.0003369784058469423,1.0
2.6749,0.0014350399756636934,0.001643908535251112,0.0003379654301777455,1.0
2.6758,0.001454410530924302,0.0008445746404251653,0.00033838111623312063,1.0
2.6768,0.001462420201660131,0.0014930816075800965,0.0003379825612738285,1.0
2.6778,0.001456729578445676,0.0014149044832064174,0.00033734065581679154,1.0
2.6787,0.0014516060919967978,0.0016596705870076144,0.00033693325966995593,1.0
2.6797,0.0014459117439288994,0.001528025622037095,0.0003367887674840544,1.0
2.6807,0.001440216038123923,0.0013758281104804032,0.00033683627663280556,1.0
2.6816,0.0014350905817679819,0.0019352989006036837,0.0003370462185162426,1.0
2.6826,0.0014305175364626736,0.0010791898610395957,0.00033734022919531663,1.0
2.6836,0.0014238981929424056,0.001501730941085042,0.0003376105610554421,1.0
2.6846,0.0014102284990106808,0.0012415365307733585,0.0003378578031090661,1.0
2.6855,0.0013975082175182471,0.0016079556561736136,0.0003381389711445887,1.0
2.6865,0.0013832609683930063,0.0009064243942537235,0.00033855372574671675,1.0
2.6875,0.001370303754266097,0.0011938330535672035,0.00033910545330786523,1.0
2.6884,0.0013583071052012327,0.0011584284603242448,0.00033955713906839665,1.0
2.6894,0.0013455039473514565,0.0019625265683436183,0.00033970942563349665,1.0
2.6904,0.0013329763816016494,0.0019618554505327393,0.0003397211244364729,1.0
2.6913,0.001321727616016939,0.0010375317981415493,0.0003398375185241963,1.0
2.6923,0.001310504287511382,0.001460238022875007,0.00034033075992053835,1.0
2.6933,0.0013008712284551184,0.0012848910286223742,0.00034065187875491023,1.0
2.6942,0.0012940247910485253,0.0012289364401824694,0.0003410090731116064,1.0
2.6952,0.0012871915733667328,0.0010847965466110696,0.0003414084655847656,1.0
2.6962,0.001281572237123299,0.001391311162579465,0.00034187155052529017,1.0
2.6972,0.0012777617543597351,0.0012510088255148382,0.00034242162765312466,1.0
2.6981,0.0012777702958212459,0.001267318305568596,0.00034294932625597715,1.0
2.6991,0.001285271230502202,0.001576761602073593,0.00034331764220178876,1.0
2.7001,0.0012987643748219619,0.0017383220190002988,0.00034354918506137005,1.0
2.701,0.001315384429254078,0.00155570557111105,0.00034368404393704814,1.0
2.702,0.0013380758423266405,0.0018947852577950288,0.00034374508348751324,1.0
2.703,0.00136574341299993,0.0014023513668411545,0.00034386224031803377,1.0
2.704,0.001394703759473611,0.0015748491980763263,0.00034412582404240314,1.0
2.7049,0.0014182739480959438,0.0014689001875521294,0.000344600256924532,1.0
2.7059,0.0014136435255950447,0.0011078256126299583,0.0003453639986101925,1.0
2.7069,0.0013893798307274205,0.0010137487480475706,0.0003461554977639438,1.0
2.7078,0.0013686880205000084,0.0013969433672229765,0.0003466261837754342,1.0
2.7088,0.0013459093977596134,0.0015461489704703092,0.0003469604552538233,1.0
2.7098,0.00132441220466428,0.0015329343223729182,0.0003477101248905148,1.0
2.7107,0.0013072226350473656,0.00108262934791549,0.00034886573098233577,1.0
2.7117,0.0012911690332851537,0.0013122638726913857,0.0003493736997512114,1.0
2.7127,0.001282999999999892,0.001430593819841408,0.00034876160257135783,1.0
2.7136,0.0012846807301723823,0.0007146406877929178,0.0003482921021507366,1.0
2.7146,0.0012892372948162057,0.0016334732749442144,0.00034819488197521,1.0
2.7156,0.0012937927732705745,0.0008850726827025293,0.00034844904000720894,1.0
2.7166,0.001299185314656354,0.0014953077294432404,0.00034878109045589,1.0
2.7175,0.001304305866835953,0.001619669320435011,0.00034915707963075225,1.0
2.7185,0.0013109993091834048,0.0015785760877295965,0.0003496402239217497,1.0
2.7195,0.0013164170780745835,0.0014012966595680608,0.000350063439736048,1.0
2.7204,0.001318999999999976,0.0016822197721889105,0.0003502841337790469,1.0
2.7214,0.0013189999999999237,0.0004573701370577559,0.0003504971180803578,1.0
2.7224,0.0013189999999999524,0.0019518481143091636,0.00035084795799326815,1.0
2.7234,0.0013195798587320507,0.0016972115821119829,0.0003512673464765475,1.0
2.7243,0.0013218140353679307,0.0017704118097150322,0.00035160980400015396,1.0
2.7253,0.001327462917701585,0.0017672545050958998,0.00035184589640872843,1.0
2.7263,0.001336944203074797,0.0012008351203003041,0.0003520938431998387,1.0
2.7272,0.001350708927024138,0.0017012963594224976,0.00035239917420770955,1.0
2.7282,0.001344726933021052,0.0015654854149494634,0.00035268865689652544,1.0
2.7292,0.0013382624768927497,0.0010851581923443147,0.0003529657634693891,1.0
2.7301,0.0013347905279519107,0.0011378918094191424,0.0003533525950674316,1.0
2.7311,0.0013343486132089016,0.0015681794114261057,0.0003538684953337174,1.0
2.7321,0.0013364607847037933,0.0014008120309776679,0.0003544543147613343,1.0
2.7331,0.0013398756404519123,0.0008882400943144176,0.0003550754399815695,1.0
2.734,0.0013436012190209197,0.001125184292110552,0.00035580851956417005,1.0
2.735,0.0013473675231064908,0.001515093940835834,0.0003560963119325049,1.0
2.736,0.0013480000000001765,0.0006197265112380932,0.0003563000674847697,1.0
2.7369,0.0013479999999999423,0.0014557074323328137,0.00035667812750125606,1.0
2.7379,0.0013480000000000933,0.001228588476283282,0.0003573657951100521,1.0
2.7389,0.001347999999999867,0.0016788817824809022,0.0003581031242386692,1.0
2.7398,0.001348255098347352,0.0013950443716688314,0.0003584653417941341,1.0
2.7408,0.0013490000000000797,0.0007550376969165488,0.00035846224670042315,1.0
2.7418,0.0013489999999999958,0.0013876825502411897,0.00035849235714222814,1.0
2.7428,0.0013476575714912002,0.001267253578823962,0.0003587868380672526,1.0
2.7437,0.0013456081378910975,0.0011853389449652152,0.000359278698277227,1.0
2.7447,0.0013424955979958013,0.0011523961351413863,0.00035983808627053425,1.0
2.7457,0.0013410263297183632,0.0015197682545571231,0.0003603402738063705,1.0
2.7466,0.0013390024768941957,0.0016153601555268001,0.0003607747101838654,1.0
2.7476,0.0013378622541720215,0.0013714771780638324,0.00036121941060006114,1.0
2.7486,0.0013367243666246593,0.00101872857910261,0.00036165945347971235,1.0
2.7495,0.0013360000000000151,0.0016483749447120384,0.0003620630147067947,1.0
2.7505,0.0013364395942601305,0.00203679065527623,0.0003625464321866904,1.0
2.7515,0.001337578463873726,0.0013411734912192662,0.00036316209016908595,1.0
2.7525,0.0013387167886467677,0.0012826242004105415,0.00036381612088062283,1.0
2.7534,0.0013397415573537898,0.0013014531751489554,0.00036453163030963757,1.0
2.7544,0.001340000000000062,0.0018981379459010006,0.0003656786445758875,1.0
2.7554,0.0013410192965809713,0.0012108259608970722,0.0003668303496485454,1.0
2.7563,0.0013420443878521544,0.0011660085235000177,0.00036806282411017425,1.0
2.7573,0.001341901706109911,0.0015831342255875833,0.00036895017780435685,1.0
2.7583,0.0013347511822782343,0.00099173124305117,0.0003692037776248629,1.0
2.7592,0.0013279218943255244,0.0017046797521729146,0.0003690389738023597,1.0
2.7602,0.0013220591177625285,0.0011618756725351837,0.00036879779755521856,1.0
2.7612,0.001318127729480939,0.0010577719497064718,0.0003686839267383486,1.0
2.7621,0.0013150524556672601,0.0009902463100279482,0.00036869775834107654,1.0
2.7631,0.001311638536420657,0.0014151712988072214,0.0003686878589150333,1.0
2.7641,0.0013091478934667683,0.0014602746047777293,0.00036872637310979105,1.0
2.7651,0.001307519383041467,0.0012815643705633014,0.0003689465354956999,1.0
2.766,0.0013157201132110502,0.0011574253874576162,0.0003691702017761643,1.0
2.767,0.0013252862337391693,0.001124535588394088,0.00036932166249268743,1.0
2.768,0.0013362995298381256,0.0007390811332244962,0.00036958009767735936,1.0
2.7689,0.0013459170569766492,0.0008412373213239913,0.0003700246246388327,1.0
2.7699,0.001357308468586128,0.001380845421710396,0.0003705172229146755,1.0
2.7709,0.0013686971647222706,0.0014505224445442927,0.00037101791281405667,1.0
2.7719,0.001380894446944188,0.0018775974233996645,0.0003717114219907616,1.0
2.7728,0.0013888291024304444,0.001565694463017929,0.000372533179105554,1.0
2.7738,0.0013909714080184675,0.0014579090518933142,0.00037306289564382827,1.0
2.7748,0.0013919999999999766,0.001488648559327049,0.00037312682635058187,1.0
2.7757,0.001392135640450453,0.001530366966987088,0.00037312030975625277,1.0
2.7767,0.00139327451006423,0.0018196463696795813,0.00037320992762305606,1.0
2.7777,0.0013944129093937316,0.0017107464819698323,0.00037337095693082287,1.0
2.7786,0.0013954373319968957,0.001141326645599391,0.0003736370854715611,1.0
2.7796,0.0013971524032208877,0.001086350442894464,0.00037408732471433864,1.0
2.7806,0.0013951386289140198,0.001443483006340669,0.0003747639583496971,1.0
2.7816,0.0013863120885339315,0.001682054766481382,0.0003754361636268887,1.0
2.7825,0.0013779735735132569,0.0013713043513996802,0.0003759272532317011,1.0
2.7835,0.0013678637254580072,0.000883859283519046,0.00037623671437589807,1.0
2.7845,0.001358596864617996,0.001957986257961419,0.0003766098850126497,1.0
2.7854,0.001349733033582021,0.0015244505318243583,0.00037710757517381836,1.0
2.7864,0.0013414389090917933,0.0016513800827109527,0.00037766123020085794,1.0
2.7874,0.001332790613497641,0.00159011609242421,0.00037814573723495834,1.0
2.7883,0.0013323807080731264,0.0019734539640209373,0.00037858373264032746,1.0
2.7893,0.0013453274186467118,0.0006103840675707987,0.00037903134718097255,1.0
2.7903,0.0013639318578975788,0.0009827286542011496,0.0003795874275527874,1.0
2.7912,0.0013821441983025032,0.0014421886366234684,0.00038022547172005574,1.0
2.7922,0.0014026487391999496,0.002017859475610903,0.0003808900744190734,1.0
2.7932,0.0014241905517230482,0.0019156323031572393,0.0003815703009312599,1.0
2.7942,0.0014460306046123114,0.0015024331612767362,0.00038226157092476824,1.0
2.7951,0.0014663058085344067,0.0014805453051296002,0.0003829447269865034,1.0
2.7961,0.0014773450888457792,0.002134930082327126,0.0003836423459945595,1.0
2.7971,0.001461926952791752,0.0015936142788257042,0.0003844136761560149,1.0
2.798,0.001444014061877891,0.0018128674957001315,0.0003852411531664856,1.0
2.799,0.0014239858242374517,0.001509186368250168,0.00038633761091576334,1.0
2.8,0.001404292495014911,0.0014902026915676737,0.00038751903170139787,1.0
2.801,0.0013858725602620837,0.001765204022188405,0.0003887605653260367,1.0
2.8019,0.0013694754446805513,0.0014674397166733288,0.0003897477385219059,1.0
2.8029,0.0013513756962561284,0.0018865866567904306,0.0003912665619762155,1.0
2.8039,0.0013397300957093004,0.0013192031007922549,0.0003923645974119099,1.0
2.8048,0.0013479947258117327,0.0013833804576178304,0.00039391656206397117,1.0
2.8058,0.0013605222915616692,0.0008888603398616789,0.00039734914020916743,1.0
2.8068,0.001373049857311262,0.001010155667850736,0.00040691546081851767,1.0
2.8077,0.0013848930886955569,0.0010283837109639614,0.00041514127885908746,1.0
2.8087,0.0013985569660995522,0.0015650549583666787,0.0004908907841325754,1.0
