Wavelength_um,Transit_Depth_ppm,Error_ppm
2.8705440656200856,1428.027714742334,170.24559284855692
2.871219918514831,1582.4101264797634,169.37572000200075
2.871895763808353,1622.9828298185516,169.0738098819628
2.8725715630920616,1244.195018532061,168.77352491899893
2.87324736237577,1333.522373299757,168.4748313761548
2.8739231616594787,1603.9030869474343,168.17772068194682
2.874598972880794,1201.887654845048,167.8821655273109
2.87527481269201,1278.227700731227,167.588151382399
2.875950652503226,1242.0203746737127,167.2956736736737
2.876626492314442,1369.2419246768425,167.00472479779532
2.8773023092070065,1309.4634797381786,166.7152892190386
2.8779780977695286,1558.0284573909596,166.42737024674076
2.8786538863320503,1437.355571407458,166.14093333330678
2.879329674894572,1275.8114010679508,165.85596881903098
2.880005450594114,1642.5345639656769,165.57246874441438
2.880681217715283,1247.731240146894,165.2904202777506
2.881356984836452,1321.8431493929213,165.00981136151398
2.8820327519576208,1494.5330595670953,164.7306011793676
2.882708502945143,1296.663473277904,164.45072585130495
2.8833842486263195,1612.227727271462,164.1715137316685
2.884059994307496,1583.1350982854324,163.89371423069187
2.884735739988672,1688.1148252067392,163.61732238861885
2.885411437168953,1259.1268943976745,163.34233776712793
2.8860871292561,1208.4909148346824,163.06874405530104
2.886762821343247,1259.1045323563421,162.79652614305581
2.887438515745513,1297.7698414292486,162.52565481301286
2.8881142483571396,1180.8004289228106,162.25612762066947
2.8887899809687663,1078.2427509014783,161.9879298142075
2.8894657135803925,1016.8187940267633,161.7210594459188
2.8901414354738035,1326.0215793336122,161.4555113237252
2.8908171168431647,1453.9890645536316,161.1912864607599
2.891492798212526,1574.8354907689375,160.9283486595345
2.892168479581887,1363.6887862768249,160.6667004498381
2.89284415320765,1265.9662818060112,160.40632443342184
2.8935198131424595,1413.1161434222734,160.14721620133153
2.894195473077269,1278.0323002684565,159.88935803412127
2.8948711330120784,1354.7430839182362,159.632748194997
2.8955467819464173,1512.834052656849,159.37736733473236
2.8962224204480354,1312.6499971198346,159.12321929627078
2.896898058949653,1410.1991133036263,158.8702804695626
2.897573697451271,1268.8800459014976,158.6185444049286
2.8982493003188003,1344.628561707373,158.3680181767955
2.8989248852433875,1464.432110790799,158.11867790344462
2.899600470167975,1270.543976487446,157.87072238140536
2.9002760550925624,1136.342977633896,157.6547408524926
2.900951673109009,1346.3196597476683,157.48382353780136
2.901627298555048,1159.624800728024,157.3137451167576
2.9023029240010874,1209.0359954239796,157.14422222022844
2.9029785494471265,1364.6936086921824,156.97524679042374
2.9036541252928463,1117.6384907232189,156.80683404176685
2.904329699503047,1086.9443663668524,156.63988775102337
2.905005273713248,1039.8603524964583,156.48253673468534
2.905680845361378,1224.9556722202285,156.32571790958175
2.906356398143825,1340.1802550164546,156.16936918966516
2.9070319509262723,1064.7978555248585,156.01349331500683
2.90770750370872,1279.0446627476626,155.85807796087073
2.9083830506860058,1450.5340439712052,155.70312994144086
2.909058582042059,1075.064973690337,155.5486437939046
2.909734113398112,1328.9356756169516,155.39462182027836
2.910409644754165,1308.1434222757675,155.2410491380501
2.9110851670649933,1209.3767065017062,155.08793191494996
2.9117606769960114,1128.2624240873429,154.93527051755737
2.9124361869270294,1529.1506267846544,154.78305971234985
2.9131116968580475,1367.143678560303,154.63128967466702
2.91378718222532,1092.6332978782125,154.47997765875004
2.9144626493103445,1422.722176378872,154.32910958500818
2.915138116395369,1579.6540036686872,154.17868182147555
2.9158135834803938,1394.0102647557576,154.02868682334778
2.916489079907918,1463.0558472514715,153.87912999542957
2.917164587511064,1385.0600634793614,153.7299972635596
2.91784009511421,1291.1899517711452,153.5813005909825
2.9185156027173558,1316.606244365978,153.43303405274867
2.9191910654984543,1191.8344241929603,153.28520382809805
2.91986652187283,1287.4740698962714,153.1377995161952
2.9205419782472055,1304.7943030119425,152.9908198820515
2.9212174340698627,1375.99212580229,152.84426514859442
2.921892869023959,1345.4230974183802,152.69812921958615
2.9225683039780557,1442.2040922738513,152.55241303512364
2.9232437389321517,1575.892987326037,152.4071134268975
2.9239191701068235,1432.115101177969,152.26222887943442
2.924594583641999,1484.7441195605875,152.1177559160762
2.9252699971771747,1427.4887845845024,151.97369262220835
2.9259454107123504,1519.7850729207332,151.8300965669062
2.9266208067380903,1234.0765061431814,151.69594724218643
2.927296166731907,1302.9226635541095,151.5741809825737
2.927971526725724,1427.813184063696,151.45278564935018
2.9286468867195405,1150.0524697451665,151.33167743608854
2.9293222660510057,1206.9457146688762,151.21085732748477
2.9299976665599154,1108.3550055534424,151.09032616174812
2.9306730670688252,1419.3108950185067,150.97008271395225
2.931348467577735,1540.5613280237965,150.85012724337932
2.932023835947624,1376.441026929916,150.73045923239104
2.932699185234188,1205.4209729285158,150.61108306766246
2.9333745345207514,1403.4939157004542,150.49198942382438
2.934049883807315,1495.8196662231405,150.37317957883775
2.9347252164417026,1240.047593825029,150.25465123024605
2.9354005443147786,1492.5714721404324,150.13640872394765
2.936075872187854,1301.8551523634972,150.01844129971875
2.93675120006093,1173.3439510360104,149.9007510135955
2.9374265080692368,1773.4207960522817,149.78334535912376
2.9381018145301825,1443.653375409334,149.66621360572938
2.938777120991128,1466.7530334431353,149.54935888145297
2.93945242329335,1476.8159092544151,149.43277687882807
2.9401276762299107,1332.3957874373666,149.3164768128565
2.9408029291664715,1103.2585246823303,149.20044763481152
2.9414781821030322,1477.7336099961765,149.08468849148358
2.942153444250252,1124.7570862718103,148.96919882424635
2.942828737698878,1222.4880282712552,148.8539714598485
2.9435040311475036,1348.0799304858194,148.7390100379638
2.944179324596129,1481.90010291345,148.62431656612725
2.944854598741878,1234.60990654543,148.50989352291018
2.9455298409745803,1326.112945235317,148.3957376669331
2.946205083207282,1184.5493505211907,148.28184917991604
2.946880325439984,1448.2729786775315,148.16821902082677
2.9475555564022886,1223.2366399252287,148.05485523616022
2.9482307772282907,1451.2071015165918,147.94189872738792
2.948905998054293,1104.6621127834658,147.85142873200866
2.949581218880295,916.2649537691516,147.76821883551182
2.9502564180027684,1223.473731663801,147.68520137115988
2.950931606721266,1359.822592353844,147.60232502720297
2.9516067954397633,1403.1476571828107,147.51958569007044
2.952281984158261,1213.833377550097,147.43698779232056
2.952957137551448,1283.4301636694336,147.35452895965193
2.953632283464689,1254.3623039614379,147.2722143600794
2.9543074293779292,1541.9144884756377,147.19003259576658
2.9549825752911696,1043.3732231389756,147.10799265247124
2.9556577606725347,1541.0077554169534,147.02608393155992
2.956332947094812,1437.7786264623671,146.94430730756957
2.957008133517089,1109.4522204381376,146.86267203561937
2.9576833123102437,1281.7945666353262,146.78117166272122
2.9583584368228912,1262.9821140647662,146.69981539227646
2.9590335613355387,1122.6916314905397,146.61859334612578
2.959708685848186,977.9865289287907,146.53750612104383
2.960383804536908,1456.215561791551,146.4565533501247
2.961058907650319,1264.9220482596943,146.37573718958208
2.9617340107637298,1282.6142883982634,146.29505612559026
2.9624091138771407,1226.9015355797287,146.21450699104727
2.963084207982911,1685.013455786546,146.13408984792989
2.963759289698442,1072.3424595143665,146.053810227348
2.964434371413973,1459.546710717967,145.97365987012407
2.9651094531295037,1312.6381686794707,145.89364433076426
2.9657845226566955,1571.796331266849,145.81376031360946
2.966459582975703,1167.5163742891004,145.73400889342824
2.96713464329471,1477.4751229867284,145.65438807261722
2.9678097036137174,1366.7189402696683,145.57489381584912
2.9684847255194913,1060.3982728958576,145.49553969866216
2.969159732353123,1175.8032943058615,145.4163166360975
2.969834739186755,1214.7195357465853,145.3372380053712
2.9705097460203866,1148.753942117677,145.26130264962524
2.9711847879498676,1502.7909327061277,145.21549770135516
2.971859835288599,1152.6343892217574,145.16993749745214
2.9725348826273303,1398.8359144940746,145.12442115165038
2.97320992921917,1099.2181233562985,145.0789475674766
2.9738849253567436,1287.5118953114304,145.03352195742136
2.9745599214943175,1423.7601341050552,144.98813522529258
2.975234917631891,1264.7653504857453,144.94279096343172
2.975909910287405,1039.7344608901958,144.89749414892037
2.97658488503388,1223.4960964625034,144.8522351589395
2.977259859780354,1296.2983459689144,144.8070232464149
2.9779348345268284,1197.4151277775472,144.76185296199216
2.9786098026242573,1034.78973988318,144.7167221205777
2.9792847559809883,1234.9564903530463,144.6716370442304
2.979959709337719,1372.4901941756893,144.6265943723156
2.9806346626944498,1277.5071595130146,144.5815901938224
2.981309591519798,1413.628535153529,144.53663631095617
2.9819844914081006,1389.5298818900408,144.4917211480724
2.9826593912964032,1172.583746164509,144.44684870917033
2.9833342911847063,1210.0493284540053,144.4020169507443
2.9840092156352997,1433.9026577169323,144.35722783769265
2.984684156025674,1335.9845308439596,144.31247923841045
2.9853590964160475,1243.5289122337206,144.26777155653014
2.986034036806421,1298.5543974166842,144.22310607414906
2.9867089385976358,1414.9008935185334,144.17848242690775
2.9873838277932694,1330.1780672356765,144.1339015455452
2.9880587169889026,1447.7579549248758,144.0893652597197
2.988733606184536,1549.5460041768695,144.04486592418647
2.9894084761011284,1344.0642755580395,144.00041358446845
2.99008334391244,1293.8864796889043,143.95599758591695
2.990758211723752,1332.2326371468762,143.91162754864195
2.991433078487058,1339.1418568798424,143.86729388385496
2.9921079249154032,1279.217857497111,143.82312654855616
2.9927827713437485,1214.9761418850721,143.79732153334464
2.9934576177720933,1197.730974792274,143.79889103728985
2.9941324537052334,1213.1280979314447,143.800641687611
2.9948072466820896,1449.4341792670602,143.8023922372788
2.995482039658946,1332.0695575924392,143.80413931088418
2.996156832635802,1161.8802372240257,143.80588909473133
2.996831639519373,1288.688718396693,143.80763999113267
2.9975064729952714,1217.0281342266323,143.8093909990236
2.99818130647117,1477.1081214202654,143.81114166634524
2.9988561399470686,1373.0848386284472,143.81289183526337
2.9995309483255665,1214.7631053201503,143.81471207392133
3.0002057306131413,1266.7587354822494,143.82741722665713
3.0008805129007157,1209.7542390103092,143.86465320206366
3.00155529518829,1374.7915288975662,143.90208192566936
3.002230057041346,1322.138774345684,143.939541017778
3.0029048072631066,1287.8692548341087,143.9770245431686
3.003579557484868,997.0163593216357,144.01454111493658
3.004254307706629,1231.4449712926466,144.05208314610533
3.004929041168754,1144.49506084115,144.08965470891894
3.005603770014999,1189.9832157334258,144.1272586003953
3.0062784988612443,1310.045727133141,144.16488943750608
3.0069532277074895,1209.5638451328866,144.20254829180672
3.0076279068224263,1482.7023268995572,144.24023792907175
3.0083025822358067,1271.2718614130567,144.27795497410068
3.0089772576491867,1245.3756166929738,144.3156988951515
3.009651936184276,1243.1866682396305,144.35347530312336
3.0103266520933674,1399.0182440873184,144.39128259848982
3.011001368002458,1427.187526704861,144.42912087759643
3.011676083911549,1457.848125967053,144.46699128722247
3.012350788390448,1297.5927761804508,144.50488895791864
3.0130254531182707,1421.9212070295116,144.5428117220479
3.013700117846094,1218.5630199654163,144.58076679789465
3.0143747825739164,1318.5404850298053,144.6188065373315
3.0150494394027327,1362.4353361826227,144.66499968860538
3.015724082760456,1342.0000549898868,144.71466806910573
3.016398726118179,1546.9825333087972,144.76441385358368
3.017073369475902,944.2424378839867,144.81420701006172
3.0177480018114533,1431.4347614601654,144.86405169228715
3.0184226238004306,1346.2102847496815,144.91394714478926
3.019097245789408,1457.5694028081423,144.96389528857185
3.019771867778385,1385.3364361221943,145.01389462033055
3.020446475625029,1189.7075941712662,145.06394530399007
3.021121076246614,1196.4732242597618,145.11404768207893
3.0217956768681993,1545.3679985138701,145.1641982301272
3.0224702774897843,1244.567995455186,145.21440369591878
3.0231448349646888,1473.1535687160085,145.26465732277086
3.023819382173715,1191.7463621353284,145.3149631646351
3.024493929382741,1257.212910770048,145.3653244167472
3.0251684765917672,1205.8023380693971,145.41573418175895
3.0258430624071604,1476.8298519336329,145.46619885559764
3.0265176501082625,1373.2260815590046,145.51671952813118
3.0271922378093645,1302.7428547458153,145.5672893851034
3.027866819390684,1674.2825294941706,145.6179149117062
3.0285413452370546,1261.42065931146,145.66858820996518
3.029215871083425,1498.508674911477,145.71931474221495
3.029890396929796,1141.0851104474814,145.77009413041782
3.0305649175544858,1495.5124014551213,145.82092284499132
3.031239422039554,1419.031032233128,145.87180848116338
3.0319139265246227,1465.5900333771938,145.92274669646463
3.0325884310096907,1580.5946633367253,145.97373547312836
3.0332629271679767,1446.6182079249481,146.02478075455568
3.033937410293096,1530.3873952809308,146.07587564595931
3.0346118934182145,1029.1143900646223,146.12702410855766
3.035286376543333,1114.2001873508405,146.17823055959212
3.0359608310976016,1328.45915857563,146.2294857280458
3.0366352608287652,1491.2575055078169,146.2807156647126
3.0373096905599284,1261.2419955569183,146.32427146520732
3.0379841202910915,1503.5137306801073,146.36782189523106
3.038658577556775,1200.3091316475054,146.41140740876128
3.0393330477766827,1407.6449343130105,146.45503186899987
3.0400075179965897,1371.70791480394,146.49870021314533
3.040681988216497,1302.4491837377452,146.54240249143456
3.041356416229646,1263.5795608707824,146.58614406271434
3.0420308352830325,1487.0232993472805,146.629923579714
3.042705254336419,1265.0358497160526,146.67374252304865
3.0433796733898055,1270.002244338915,146.71760054775507
3.0440540717338247,1249.4452934863764,146.76149814094956
3.0447284694326724,1351.7501062822341,146.8054348239213
3.0454028671315196,1252.5296767008633,146.84940707214213
3.0460772623840824,1347.1689979667283,146.8934230477128
3.046751638729743,1013.4321860614352,146.9374773042956
3.047426015075404,1180.3943717572772,146.98156823802017
3.0481003914210643,1363.6939021808514,147.02570208249912
3.0487747539305228,1155.8198390603632,147.06987124578254
3.0494490768991316,1366.4154205169737,147.11407939341512
3.050123399867741,1363.196517289262,147.15832735005944
3.0507977228363496,1276.5414476419946,147.20261601984484
3.0514720578356247,1221.9793040020563,147.24694396895617
3.0521464106152494,1324.1962909664178,147.29131303085128
3.052820763394874,1410.666122454725,147.33572216451853
3.0534951161744983,1356.902363692293,147.38017512627857
3.054169440932572,1317.6167873239956,147.4246648884063
3.0548437425527264,1408.161272114252,147.4691883900892
3.0555180441728806,1182.4087122232288,147.51375718214783
3.056192345793035,1365.0520925450994,147.5583666902195
3.0568666326419422,1111.8413552010636,147.60301242903617
3.0575409129149933,1269.106612734988,147.6477006033129
3.0582151931880444,1071.3658234407937,147.69251692673913
3.0588894734610954,1211.3862090882462,147.75077842587785
3.0595637358878265,1278.5842920747116,147.84132837408887
3.060237994815126,1400.9804493958486,147.93225744727104
3.0609122537424254,1257.1049492960353,148.0233567791082
3.061586512669725,1513.133253687586,148.11462189404475
3.0622607193035125,1408.3714466250453,148.20605421310293
3.0629349248723456,1270.6517154533594,148.29765180342042
3.0636091304411783,1202.4769978329075,148.38942273650284
3.064283341018421,1235.9189256865109,148.48136205656195
3.0649575870696366,1315.5815018889948,148.5734776852383
3.065631833120852,1116.7857137877998,148.66577064917524
3.0663060791720675,1242.4158858022058,148.75823179829868
3.0669803086995597,1375.7713754102065,148.85086314124723
3.0676544929273706,1211.1358119689182,148.94366328473131
3.0683286771551814,1324.052242615277,149.036637504957
3.0690028613829923,1309.401713584343,149.1297853586827
3.0696770368438764,1215.2928712853125,149.22310932089215
3.070351199732016,1404.4930916466183,149.31660363828917
3.071025362620156,1328.278161469603,149.41027723328276
3.0716995255082957,1556.84204134469,149.50412901940595
3.0723736765694527,991.6723477032567,149.59815269160708
3.073047818119272,1203.0144348702156,149.69235392844968
3.0737219596690917,1352.3988218880615,149.7867343223286
3.074396101218911,1278.8618700227523,149.88129630082742
3.075070227884684,1185.8185624550877,149.97603054312478
3.075744348097534,1372.0529582239494,150.07094705209988
3.0764184683103846,1267.0099663835858,150.16604533743129
3.0770925885232345,1353.0537710945896,150.2613241372851
3.077766663892915,1327.054793436023,150.3567787040411
3.07844073076925,1508.578153203925,150.45241041301097
3.0791147976455853,1425.243581832291,150.54823065195134
3.0797888645219205,1185.0797543467243,150.64423325411684
3.080462971214577,1222.1511048711184,150.74032800103168
3.0811370785693564,1113.9311003443654,150.82233030631554
3.0818111859241357,1258.0292995124291,150.89355635872485
3.082485285465809,1153.9427039783163,150.9648091481833
3.0831593310099015,1401.608007349951,151.0361600906364
3.0838333765539936,1400.1014886675748,151.10761220575674
3.0845074220980857,1276.573202841302,151.17916609221578
3.0851814619006475,1154.4524562959675,151.25082138863402
3.085855486113847,1495.9811490686936,151.32257317714547
3.086529510327047,1149.3163071188994,151.394431400884
3.0872035345402464,1316.6513411064434,151.4663889367326
3.0878775499698508,1348.1893882272032,151.5384531049206
3.0885515528535077,1209.9000353715446,151.6106142048772
3.0892255557371646,1209.1612277526442,151.68287787123052
3.0898995586208216,1688.0462700378725,151.7552470893804
3.090573531949203,1425.62780959236,151.82771557573707
3.0912474815149085,1407.2769389042728,151.90028563748467
3.0919214310806145,1061.594482300366,151.9729617562302
3.0925953806463204,1264.993731470664,152.04574005609348
3.093269358404285,1358.0371186916934,152.1186275761761
3.093943348445103,1410.6085199315526,152.1916201215534
3.0946173384859206,1205.220248684771,152.2647177318128
3.0952913285267383,1349.4447031335906,152.33792133018565
3.09596526674071,1383.8905312002662,152.41122272481445
3.0966391949815972,1289.2718156898122,152.48463158691763
3.0973131232224844,1348.4047396587237,152.55814602480044
3.0979870514633716,1292.9938675729081,152.63177071376128
3.098660958792058,1503.3061371883039,152.70549146845153
3.099334865709476,1387.8891847559591,152.77932240856973
3.100008772626894,1346.3910885047367,152.8523248129391
3.1006826769285003,1265.1827367673184,152.87876436543357
3.1013565625237987,1369.7574615737512,152.90491286477163
3.102030448119097,1364.2469169645692,152.93107088790458
3.1027043337143954,1326.269828249368,152.95689506853049
3.103378205210598,1315.5090660320895,152.93098018147734
3.1040520375064995,1352.8558168145705,152.894697962357
3.104725869802401,1382.685424565418,152.85837523418485
3.1053997020983024,1539.315103975212,152.82207889808163
3.1060735508284534,1489.4131707454012,152.78580290730156
3.106747423596134,1646.201438048494,152.74955541994228
3.1074212963638144,1434.55203532396,152.71333061045277
3.108095169131495,1221.3990235070314,152.67713553930713
3.108769008070506,1224.551289348482,152.64096659255245
3.1094428190490095,1296.533848742137,152.6048244359819
3.110116630027513,1403.7435080876164,152.568706659496
3.1107904410060163,1756.0232368233633,152.53261138659033
3.111464237299812,1569.5464783709522,152.49654687216875
3.1121380269622656,1579.4015092003585,152.46050585516596
3.1128118166247196,1432.6668946894301,152.42449245896933
3.1134856062871736,1153.7718054444704,152.38850748454433
3.114159378254159,1449.9640250884981,152.35254490355067
3.114833146601912,1114.4468729681741,152.31660677535706
3.1155069149496653,1174.8695966243904,152.2806948082061
3.1161806832974186,1259.9897447515798,152.2448081264201
3.1168543998895095,1547.2629435844622,152.20895163904163
3.1175281149564102,1633.8688466678132,152.17311682523064
3.118201830023311,1570.2010361817759,152.1373063131793
3.118875549632538,1279.796427931086,152.10152609363462
3.1195493051678853,1233.7323856109326,152.06576538143437
3.1202230607032324,1068.1095402192407,152.03002960817017
3.1208968162385795,1578.5801665018396,151.99432389061224
3.1215705561445577,1427.9674209256268,151.9586382944974
3.1222442499014766,1551.910475926108,151.92297940011807
3.122917943658396,1485.8320768389638,151.88734979990727
3.123591637415315,1493.678167889182,151.8517454476719
3.12426532278222,1399.3162095136172,151.81617797469696
3.124938995230506,1269.6874511742121,151.78291788817498
3.125612667678791,1294.7290393809271,151.76979959234188
3.126286340127077,1296.318115618501,151.75681630351065
3.1269600011895418,1420.375762234496,151.7438371929057
3.127633652330542,1286.5345616942336,151.73086174334583
3.128307303471542,1261.0095645558335,151.71789064165728
3.128980954612542,1166.3977591499877,151.7049214546612
3.129654591374895,1441.9329911417803,151.691955972767
3.1303282212099575,1349.182636009002,151.67899484456993
3.1310018510450197,1573.830246117164,151.66603595040908
3.131675480880082,1214.1673804073948,151.65307924084874
3.1323490672959684,1222.8126072844464,151.6401294641446
3.1330226438720823,1207.8816353549105,151.6271815999044
3.1336962204481957,1401.6016224127934,151.61424060773737
3.134369797024309,1396.0056089762843,151.60129936506095
3.135043402081852,1145.546849879222,151.5883606116179
3.135717008471391,1310.3581967119367,151.57542602293296
3.1363906148609297,1275.7983372085992,151.56249369139903
3.1370642163835956,1271.0925164342163,151.54956597799824
3.1377377716584878,1315.0104073505572,151.53664021560658
3.13841132693338,1528.6776188166273,151.52372479666488
3.1390848822082718,1580.1369061619073,151.51080697421628
3.1397584324741055,1399.868571336349,151.49789140891417
3.1404319664491234,1434.2967827833188,151.48498019748357
3.141105500424141,1515.9778114049427,151.4720733657044
3.1417790343991587,1679.2318163014563,151.45917308161393
3.1424525563939443,1284.2469739147464,151.44627208148157
3.1431260584216765,1383.490167432003,151.43337439789195
3.1437995604494087,1364.5437193259006,151.42047989060364
3.144473062477141,1202.5331791191124,151.40759419633557
3.1451465371056377,1061.2213896055355,151.39470638580053
3.1458199858946276,1229.5271714190121,151.38182422108662
3.146493434683618,1469.8508076130597,151.36877406667284
3.1471668834726083,1422.9357331860165,151.32990791763382
3.1478403587226724,1279.7678729755655,151.24241533215405
3.1485138479725343,1328.482304718383,151.15475237284616
3.1491873372223957,1229.9157135249177,151.06723968070267
3.1498608264722576,1397.7821109448842,150.9798763477323
3.1505342751829044,1186.1049978505666,150.89267128047516
3.151207713325156,1415.6423225491533,150.80561837150537
3.1518811514674083,1388.9428600735248,150.71871617426052
3.15255458960966,1133.1277275890964,150.63196326787795
3.1532279979697004,1613.6551977379065,150.54536580426569
3.153901404173757,1526.9598985660698,150.45891763342803
3.1545748103778135,1476.6837285295787,150.37261472569443
3.1552482150575965,1363.5022422959044,150.28646452086267
3.155921599971206,1668.2285530629229,150.20046219226688
3.1565949848848147,1326.8100296804002,150.1146070937205
3.157268369798424,1450.6169909424311,150.02889902713287
3.157941743505381,1382.4731453747404,149.94333907494592
3.158615075198761,1527.636294588207,149.85793148699986
3.1592884068921414,1244.9688904063428,149.7726660377426
3.159961738585521,1025.564575544366,149.6875483983343
3.16063508440842,1469.5095118996815,149.6025755480736
3.1613084565593383,1437.30302319193,149.51774190935868
3.161981828710257,1403.1657446843633,149.43305175220672
3.1626552008611752,1233.6823091275298,149.34850469530133
3.1633285428941584,1404.2029331607873,149.2641082153021
3.1640018533018024,1374.8374831627625,149.17985613314585
3.1646751637094463,1286.4348141431005,149.09574515756023
3.1653484741170903,1351.5870914434172,149.01177745266432
3.1660217711934098,1439.6188387449185,148.92795164231103
3.1666950603166635,1477.0221115601244,148.8442721586796
3.1673683494399167,1257.9441018561663,148.76072931343944
3.1680416385631704,1455.9366148790525,148.6773297752749
3.168714911409779,1574.8275262414618,148.5940994277433
3.1693881792499874,1393.5646107639404,148.51575191621947
3.170061447090196,1366.3089456163073,148.4409168135157
3.1707347149304046,1420.6692644902585,148.3662120633626
3.1714079347254023,1775.8190043523825,148.29162792818926
3.172081149363885,1424.6367928592233,148.21715989424538
3.172754364002368,1511.623402613358,148.1427997763009
3.1734275798655336,1219.7962181766798,148.06855046924025
3.174100824318582,1190.6686133423027,147.99441227440448
3.1747740687716304,1191.7609565611347,147.9203843378693
3.1754473132246788,1551.5427942771582,147.84646455708395
3.1761205485375115,1498.8594624894536,147.77265887784202
3.1767937418976584,1645.744804112454,147.6989707346592
3.177466935257805,1550.5049602538259,147.62538741744
3.1781401286179514,1231.0373134745168,147.5519178332363
3.1788133152381333,1360.260202379195,147.47855616636764
3.179486487321289,1486.6005685771204,147.4053076660802
3.1801596594044446,1514.6210240578098,147.33216746924828
3.1808328314876,1341.2731554638194,147.25913537191403
3.1815059890653936,1446.8491797825725,147.18621459067126
3.182179129235584,1443.6815515169858,147.113400685558
3.1828522694057746,1479.4703610829638,147.0406959675185
3.1835254095759655,1610.3092446236174,146.96810254709604
3.1841985371499963,1317.3103491059796,146.89561382274945
3.184871656046558,1273.5245857107795,146.82323644992582
3.1855447749431196,1266.0547584395447,146.7509609049568
3.186217893839681,1283.5028096768108,146.678795415395
3.1868909739399225,1288.8061759575708,146.60674015397615
3.187564039658294,1523.7271625979213,146.53479079112694
3.188237105376665,1253.0674082721662,146.4629474413394
3.1889101710950363,1246.6750105245017,146.39121345675628
3.1895832626540703,1369.0778838057788,146.31957563254463
3.190256358187471,1457.1127402437205,146.24804557935917
3.190929453720872,1230.657198286535,146.17682781497516
3.1916025491061415,1438.7105526459336,146.13666598435336
3.192275604189883,1360.0932602364119,146.10382343923675
3.1929486592736245,1182.5321138140414,146.0710516965684
3.193621714357366,1423.4752730311513,146.03830130012392
3.1942947634544088,1295.3034797599562,146.00557284460274
3.1949677760029913,1244.6966352217955,145.9728712412105
3.1956407885515743,1145.477594720275,145.9401889992707
3.1963138011001573,1445.3765549117602,145.9075304533127
3.196986807745677,1476.2510912061637,145.87489117884726
3.1976597990286963,1361.068624924792,145.8422784170776
3.198332790311716,1503.9309660839392,145.80968261145134
3.1990057815947353,1368.0004801635855,145.77711375140575
3.199678755258497,1230.0779997162686,145.7447024718857
3.200351704014421,1450.7173177911197,145.73332400239516
3.201024652770345,1180.0605227770432,145.74114607732955
3.2016976015262695,1325.9058196844833,145.74909324084248
3.2023705725594382,1507.6964560801453,145.75704417378788
3.2030435617619912,1535.54933606193,145.76499392571768
3.2037165509645438,1496.7956741408186,145.77294794981475
3.2043895401670968,1278.5051858492636,145.78090010699654
3.205062486967887,1501.6864417042568,145.78885282088123
3.2057354144622794,1398.9174147061422,145.79681161714925
3.206408341956671,1294.101137006011,145.80476695221304
3.2070812694510633,1489.678911055999,145.81272456711375
3.2077541794379805,1176.1401589370168,145.8206861581917
3.2084270856721835,1510.378058351078,145.82864660390698
3.209099991906387,1686.8932452080533,145.83660696064305
3.20977289814059,1264.1619325007218,145.84457246284148
3.21044576357114,1360.0240011435303,145.85253708884554
3.2111186272889958,1341.614873225663,145.86050163475312
3.2117914910068515,1522.1439622218056,145.86846744085707
3.2124643506562736,1561.032639185614,145.87643305428367
3.213137171863154,1757.1962632278482,145.88376604412915
3.213809993070034,1857.4175814738107,145.87499575106622
3.214482814276914,1338.8948615122595,145.86611559556684
3.2151556448441356,1599.0562171681136,145.85723742694884
3.2158285064940073,1411.727154897294,145.84836502252801
3.2165013681438794,1332.1063647236813,145.83948888330863
3.2171742297937516,1585.0249381262636,145.83061639494184
3.217847068796984,1374.1486509845433,145.82174816391986
3.218519868750391,1424.3081386011847,145.8128781906266
3.2191926687037977,1409.5733108907064,145.80401060861732
3.2198654686572046,1312.3265333821148,145.79514873354574
3.2205382579274726,1634.7269521125734,145.78628439786965
3.2212110366287487,1328.678161505148,145.77742226005233
3.221883815330025,1119.186066201795,145.7685641268353
3.222556594031301,1385.905583557105,145.759705050231
3.2232293591706727,1404.9120860389764,145.75085046265397
3.223902116621161,1459.4492899548688,145.74199467595608
3.224574874071649,1584.373997618934,145.73314047093174
3.225247631522137,1647.7675952917045,145.7242917916018
3.2259203396626037,1106.5918969046404,145.7154420597097
3.2265930333687813,1175.046252161291,145.70659665066685
3.227265727074959,1401.6579975053253,145.69774952801237
3.227938420781137,1374.6120995812444,145.68890856461567
3.2286111512292726,1443.5334518998543,145.68006422831073
3.229283885374805,1353.863508330623,145.67122167924717
3.2299566195203377,1508.888423415095,145.66238449130006
3.2306293509852333,1536.7237557692586,145.65354624707783
3.2313020234459917,1375.5784036660796,145.64471256017782
3.2319746959067506,1455.922530882591,145.63587667190527
3.232647368367509,1611.3932712314186,145.6270461950204
3.2333200370394986,1097.575361191414,145.61821549549708
3.23399268825618,1315.569864688761,145.60938852810585
3.2346653394728615,1413.3022686109857,145.60058976018533
3.2353379906895428,1328.0276944242214,145.59624358928005
3.2360106352549036,1443.4297238441118,145.6056688249928
3.2366832652288497,1203.0025976582701,145.61518931353598
3.237355895202796,1537.945147156674,145.62470806338143
3.2380285251767416,1493.975825773273,145.6342322506329
3.2387011456397707,1638.9467719130616,145.64375545234543
3.239373754372323,1377.8050414033883,145.65328368919356
3.240046363104875,1413.5309194788906,145.66280932902743
3.2407189718374276,1460.9469788782742,145.67234024498458
3.241391543469644,1366.5305918335314,145.68187082049877
3.242064088486064,1332.3949315614182,145.69140284225313
3.2427366335024836,1430.6779633144583,145.70094003754318
3.2434091785189034,1323.7429316435328,145.71047459234043
3.244081752504277,1243.064872481361,145.7200116850041
3.2447543379558086,1236.1946862597927,145.72955476290923
3.24542692340734,1072.7134002903015,145.73909558170135
3.2460995088588716,1463.2178057181266,145.74863950214626
3.246772041861327,1481.9237762630944,145.75818693615756
3.247444565641718,1472.70577691438,145.76773358720732
3.24811708942211,1313.3958907936685,145.77728216036064
3.248789613202501,1339.6152253686982,145.78683133408956
3.2494621160774053,1523.3441969039957,145.79638382796438
3.2501346186231097,1404.8960590412285,145.80593794958315
3.250807121168814,1280.401096024766,145.8154975473581
3.251479621200316,1497.729050979704,145.82505437951056
3.2521521025126736,1358.9695828640727,145.83461441338497
3.252824583825032,1308.2115884062296,145.84417573846648
3.2534970651373896,1215.727197103744,145.85373821579202
3.2541695303868003,1590.9387780376699,145.86330350496587
3.2548419480071638,1212.3762039272879,145.87287093033697
3.2555143656275267,1086.1844217411442,145.8824387906205
3.2561867832478897,1205.1554681954954,145.89200997400022
3.2568592164594428,1511.6318415837686,145.90160981171795
3.25753167451128,1158.834727779767,145.9157719301041
3.2582041325631175,1383.9850397755667,145.9357303484103
3.2588765906149546,1276.203918984221,145.95573678459039
3.2595490166704106,1194.8098966869359,145.97574788794296
3.26022141306279,1357.6871416281354,145.99576700459994
3.260893809455169,1527.8891298234037,146.01579348819732
3.2615662058475476,1832.3225143228653,146.03583315143814
3.2622385883954497,1494.8250307411106,146.05587721103342
3.2629109635611853,1481.5213912589284,146.07592860593283
3.2635833387269204,1417.856414039359,146.0959893589488
3.264255713892656,1305.3663363964674,146.11605833903866
3.2649280723880296,1714.4067063053083,146.13613496350052
3.2656004263284615,1529.5920428444836,146.15622073550134
3.2662727802688933,1394.6540345779717,146.17631256469357
3.266945134209325,1290.1606068049073,146.1964140326062
3.267617429673553,1747.9669584986223,146.21652473507274
3.268289719946114,1189.7446705731081,146.23663801030958
3.268962010218675,1592.7673774555747,146.25676446946454
3.269634302559017,1114.9915566256755,146.27689863203693
3.270306633259415,1408.191159191757,146.2970429263804
3.2709789639598124,1295.064345028285,146.31719069422456
3.27165129466021,1244.75920029639,146.3373507938116
3.272323614034935,1326.928717672738,146.35751922356368
3.272995883087552,1624.402464193728,146.37769608845537
3.2736681521401683,1466.9091301744847,146.39787668020764
3.274340421192785,1511.137418870923,146.4180703354771
3.2750126835342925,1034.9674934125017,146.43826753320442
3.2756849313683047,1337.303762810053,146.45847711293595
3.2763571792023165,1511.552110586529,146.47869215754488
3.2770294270363283,1428.6903927674557,146.4989146415007
3.277701665349507,1298.0871604576948,146.51915066025293
3.2783738919662535,1263.7406240201108,146.53938984293623
3.279046118583,1290.3011423965904,146.55966761014642
3.279718345199747,1548.6082551753234,146.58413926359194
3.2803905348359876,1283.6129005485423,146.611121683105
3.2810626978089736,1166.3652574061953,146.63813171262618
3.281734860781959,1481.1478483936596,146.66515646066014
3.282407023754945,1508.230947499989,146.69220016666182
3.2830792155508983,1334.6784423029308,146.71925464419218
3.2837514189480834,1379.3070461239406,146.74632851709416
3.284423622345268,1514.2767592565262,146.7734137989206
3.285095825742453,1412.059137039065,146.80051815878946
3.2857679770664565,1343.3665287190263,146.82763164523917
3.2864401188275334,1307.544273106151,146.85476081115635
3.2871122605886103,1342.5979121236983,146.8819041968612
3.2877844023496867,1217.6549129636542,146.9090633020228
3.2884565233947267,1388.261712315211,146.93623740976355
3.2891286439452334,1623.5477460966367,146.9634296930109
3.2898007644957397,1539.4884573417728,146.99063286402549
3.2904728827471987,1289.7062121581837,147.01785134238978
3.2911449820884737,1350.2779550176629,147.04508065499394
3.2918170814297483,1482.7680923643902,147.07232919990588
3.2924891807710233,1545.6128903585725,147.09959258693075
3.2931612699332447,1387.4274554984509,147.12687136243065
3.2938333268600717,1237.4374576081948,147.15416493916703
3.2945053837868987,1484.509116888084,147.1814697093421
3.2951774407137258,1424.491970252943,147.20879285209895
3.2958494818924486,1273.7215904615982,147.23612789451414
3.2965214964101808,1449.3153480506314,147.26348106643024
3.297193510927913,1403.3417600180483,147.29084563974746
3.297865525445645,1521.4052367913148,147.3182251902562
3.2985375602720364,1524.16173969674,147.34562369968754
3.2992096152097234,1306.9427742560833,147.3730347352087
3.299881670147411,1115.1182902307094,147.4019405646256
3.3005537250850985,1100.410197071364,147.65284893154637
3.301225740989689,1421.0790865527192,147.9527242525257
3.3018977343048803,1180.86739973398,148.026657560804
3.302569727620072,1584.2579652112515,148.04397903199333
3.303241720935264,1527.570417642181,148.0609424965874
3.3039136980441652,1476.6334229732327,148.07791038312476
3.304585670158154,1144.9765373589066,148.09488043315028
3.305257642272143,1506.7733512578725,148.11186048492453
3.3059296143861325,1445.1393486832167,148.12884649894553
3.3066015485423814,1128.475152574291,148.14583465597826
3.307273478257979,1523.334136141939,148.16283337821173
3.307945407973576,1480.659207186685,148.1798324438884
3.3086173365920875,1467.846552610883,148.19683931014276
3.309289223914643,1311.0545367359719,148.21385388104247
3.309961111237198,1221.9407520144218,148.2308708753221
3.310632998559753,1340.0146387561297,148.24789460155648
3.311304892197358,1497.2505079921243,148.2649283848946
3.3119768199362305,1325.4970682005464,148.28196412398515
3.3126487476751034,1494.8836163696392,148.2990050197728
3.313320675413976,1314.8056392940443,148.3160575302725
3.313992585501405,1699.6269267941013,148.3331104311233
3.314664451629445,1392.3162419488165,148.35017411604431
3.3153363177574855,1471.4018107468378,148.36723877362112
3.3160081838855255,1508.7699615925978,148.38431045531578
3.31668004118135,1629.2289344833114,148.40138835735812
3.3173518861162123,1633.910041835272,148.4184707913105
3.3180237310510745,1345.146589539376,148.43555971512504
3.3186955759859367,1561.8670726546554,148.452654393186
3.319367397742954,1477.952986219106,148.4697561299026
3.320039200295471,1411.2474314221874,148.48686314404728
3.320711002847988,1385.4664224096844,148.5039759441872
3.321382805400505,1278.0923230721526,148.5210950065451
3.3220545792740572,1163.2650601473847,148.53821958173967
3.322726339449576,1565.9268094491715,148.55534553664936
3.323398099625095,1274.7059666948937,148.5724758844014
3.3240698598006135,1417.5971171779786,148.58902145956608
3.3247416354795716,1196.2030648101786,148.60554800344863
3.325413414880669,1543.5334445287938,148.62208049199447
3.3260851942817666,1444.8200774224413,148.63862205191262
3.326756973682864,1323.0224204204706,148.65516477309626
3.3274287152667066,1287.5282885331635,148.67171292610462
3.3281004542557313,1406.0833335891543,148.68826661792946
3.3287721932447556,1316.934715386238,148.7048257429081
3.329443929466763,1414.999730034487,148.72139034694877
3.330115626086808,1429.6714872575146,148.737959707277
3.3307873227068527,1397.0737205431615,148.7545350773329
3.3314590193268976,1624.0098746251947,148.77111644380045
3.3321307118252528,1361.897171825058,148.7876988696602
3.3328023872628116,1579.6965695563676,148.8042910252329
3.333474062700371,1367.8978106798213,148.82088793695573
3.33414573813793,1486.3868753014076,148.83749104973697
3.3348174067185057,1367.0251723460178,148.85409456208032
3.3354890609749153,1492.5013030420391,148.87070879223663
3.3361607152313244,1441.628662700184,148.88732771652266
3.336832369487734,1474.7837803633636,148.903948120397
3.337503994977917,1299.5814393312833,148.92057752850812
3.338175585698892,1413.6960105571573,148.93720995773418
3.338847176419867,1431.510385543244,148.95385069420195
3.339518767140842,1458.2807708225896,148.97049208532013
3.340190381355773,1628.4371287279273,148.98714526360075
3.340862012484576,1340.7459204733823,149.00379829938987
3.3415336436133796,1574.4399466549883,149.02046258706213
3.342205274742183,1498.1371089170868,149.03712703116435
3.342876862149011,1816.1238708536393,149.05380002894395
3.343548431694179,1779.1883160961931,149.07047678469178
3.344220001239347,1418.2996074320808,149.08715781230012
3.3448915707845144,1712.9173354682703,149.10385833311094
3.345563122574867,1590.3969646519872,149.12245282596058
3.3462346709455635,1305.8656529815219,149.1533426540204
3.3469062193162595,1719.7480569867996,149.18433180904134
3.3475777676869556,1426.1364790325379,149.21534453911443
3.348249295584945,1399.0158534948728,149.24637116815273
3.348920822782505,1547.1114590485117,149.27742225453326
3.3495923499800644,1480.9715786605714,149.3084885020862
3.3502638711303963,1244.4661142530213,149.3395771421529
3.3509353348165565,1431.5762333678392,149.37067988184603
3.3516067985027163,1531.338298100449,149.4018041011232
3.3522782621888765,1653.254152805076,149.4329455856694
3.352949734891011,1280.5906219199637,149.46410752784445
3.353621238981361,1310.3354901973503,149.4952900199615
3.3542927430717113,1569.7657141744796,149.52648982888243
3.3549642471620613,1490.9429125005686,149.5577156357723
3.355635729643591,1116.138268697537,149.58895543363047
3.3563071721619537,1339.525957020561,149.62021362920262
3.356978614680317,1594.781425314962,149.65148693572837
3.3576500571986805,1356.6310152051562,149.682785227785
3.358321489583393,1357.1315108115875,149.71410174753174
3.358992910935294,1549.5953086588222,149.7454381634971
3.3596643322871946,1392.827864329347,149.77679415760224
3.3603357536390956,1470.8208439664297,149.80816553034498
3.3610071493208205,1419.2980066441085,149.83956073689663
3.3616785283438,1344.5278330278875,149.87097116855463
3.3623499073667795,1403.9306126434299,149.90240444457044
3.363021286389759,1448.133251337862,149.93385447884685
3.3636926343520215,1485.3402530956398,149.96532187711114
3.3643639710514166,1732.6742094810425,149.9968111039158
3.3650353077508113,1108.909200708479,150.02831903381158
3.365706644450206,1283.3440388604186,150.0598469680259
3.366378015937869,1599.3394160044766,150.09139874545235
3.3670493930378154,1370.0274082725834,150.12295539525826
3.367720770137762,1790.9446289896698,150.15244599089473
3.3683921472377083,1529.2132457094906,150.176471248157
3.3690634635062366,1563.1212423422446,150.20046900992975
3.36973477904584,1365.057957293204,150.22447715230928
3.3704060945854435,1003.6578088931883,150.24849700317333
3.3710774052488377,1155.902066633417,150.2725238381222
3.37174867847286,1546.230836355525,150.29656624937755
3.372419951696882,1564.9669738434839,150.3206202195732
3.373091224920904,1426.3288469497697,150.34468532348555
3.373762493023841,1551.6667255622892,150.36875797523743
3.3744337450920727,1489.60593010488,150.39284431472356
3.375104997160305,1418.4804598221808,150.41693991613158
3.3757762492285366,1537.0151307923404,150.44105135609766
3.3764474778945766,1264.2013988843253,150.46517003349493
3.377118666503438,1383.503990193445,150.48930202935762
3.377789855112299,1210.4224786118439,150.5134437750339
3.3784610437211606,1233.877484158493,150.5375948587089
3.379132252330928,1338.781764909566,150.56176394633266
3.3798034813360958,1479.9053005552194,150.5859382895154
3.380474710341264,1338.5188575682994,150.61012603771607
3.381145939346432,1397.2137088557404,150.63432988329518
3.3818171301102633,1252.9158041761232,150.65853893649114
3.3824882975686674,1196.2042536010558,150.6827595596574
3.383159465027072,1265.9812825058657,150.7069939209145
3.383830632485476,1480.5350805154483,150.7312375541637
3.3845017841336706,1657.0516897985885,150.75549729086092
3.3851729304429505,1323.9286852839873,150.77976657095408
3.385844076752231,1365.6965538796396,150.80404530035833
3.3865152230615108,1424.037678642657,150.82833556069426
3.38718635089487,1403.5429629283167,150.85263341141308
3.3878574760563582,1133.839009237189,150.8769482706851
3.388528601217847,1088.230001503002,150.9012737016287
3.3891997263793354,1480.7332697240201,150.92562925210393
3.389870830402109,1677.3829709438835,150.95277886013835
3.390541934417139,1408.8661754561351,150.98398711484595
3.3912130384321686,1650.249506563957,151.015239390011
3.3918841344873036,1230.8499439216928,151.04651095011252
3.3925551750709517,1519.1209452638234,151.07780194421053
3.3932262156546003,1178.7818896664346,151.10911149240727
3.393897256238249,1257.6938770433833,151.1404404953616
3.394568306959358,1310.853983957715,151.17179029795605
3.3952393879350673,1557.8570668991324,151.20315992795088
3.395910468910777,1356.1964155085004,151.23454902597206
3.396581549886487,1504.8347954598007,151.26595658457248
3.397252607704625,1462.6067410748792,151.29738467231246
3.397923627147144,1675.4950417873088,151.32883162127877
3.3985946465896633,1286.2313725786992,151.36029828652715
3.399265666032182,1195.011029639267,151.3917846936493
3.399936674868675,1256.8615534596768,151.42329386558683
3.4006076731713972,1342.8458115384865,151.45555377662683
3.401278671474119,1715.7768491802874,151.487912488849
3.401949669776841,1359.5285015321642,151.5202966003587
3.402620641574744,1598.620807673621,151.55270014125185
3.4032915976018674,1281.217972475809,151.58512063230341
3.4039625536289906,1407.9360363774572,151.61756605525778
3.4046335096561138,1347.3174636646143,151.6500283415346
3.405304433897974,1489.930325113715,151.6825113226565
3.405975347654825,1146.9794898914047,151.71501394146173
3.4066462614116766,1227.305850051849,151.74753921607655
3.407317175168528,1558.0517866792406,151.78008844983225
3.4079881058061274,1470.0180110038762,151.81265444984135
3.408659038817656,1562.5157942125027,151.84524369362657
3.409329971829184,1477.4786232863717,151.87785184150022
3.410000904765615,1162.9850685495462,151.910486572992
3.4106717762575203,1367.6550823016723,151.9431369476
3.411342647749425,1547.325366341473,151.97579415670634
3.4120135192413303,1437.3655795940465,152.00716585079527
3.4126843880764492,1197.7751343187188,152.03738597350988
3.413355238437878,1346.3046831989611,152.0676161859559
3.4140260887993064,1681.8064564704325,152.0978625168248
3.414696939160735,1823.3825660547516,152.1281286838688
3.4153677842372985,1148.8921677870596,152.15841311842047
3.4160386134695817,1382.9022487551397,152.18871314842966
3.4167094427018654,1469.3935037530086,152.21903361439365
3.4173802719341486,1309.9275906629673,152.24937103397517
3.418051077437822,1208.0282707255737,152.279726281639
3.4187218432906548,1383.80311014577,152.3100940168194
3.419392609143488,1300.4687985774265,152.34048427105813
3.4200633749963205,1249.2883129363374,152.3708893036942
3.4207341609722257,1336.2404409367798,152.40131579350103
3.4214049672092353,1275.6028722755316,152.43176157534253
3.422075773446245,1634.8752907707476,152.4622214648647
3.4227465796832544,1649.909376047492,152.49270252150643
3.4234173476579635,1348.4019321158535,152.52320422951794
3.4240880923869743,1366.834244388844,152.5537169481559
3.4247588371159847,1371.498370725014,152.58424818241267
3.425429581844995,1496.1833053510043,152.61480213380878
3.426100310819803,1302.924283487734,152.64536851952806
3.426771034426322,1093.755148485527,152.67595462708132
3.4274417580328405,1556.9935681865009,152.70655898992135
3.428112481639359,1481.8209566779967,152.7371861114045
3.428783168517046,1514.5355757789773,152.76782158560454
3.4294538498825715,1577.3306879812865,152.79847953812154
3.4301245312480972,1335.289744738167,152.8291571209021
3.430795212613623,1439.7712456331803,152.8598507326041
3.431465852042508,1296.2151500150028,152.8905639488897
3.432136491172361,1189.5904698421948,152.92129587755076
3.432807130302214,1174.5696876912766,152.9520414765914
3.433477771668413,1303.7535271264983,152.9828218177548
3.434148430062355,1558.7604655030855,153.0156789550232
3.4348190884562975,1269.8889270403104,153.0497230886621
3.43548974685024,1488.3981409336939,153.08379704924332
3.4361603955928266,1157.1748893394204,153.11789136587106
3.4368310136068376,1386.0309113416208,153.15200814849865
3.437501631620849,1523.7113148955593,153.18614804232763
3.4381722496348606,1157.582739179772,153.22031080132123
3.4388428523598895,1557.200586313621,153.2544965247057
3.4395134281462068,1042.0247085236256,153.28870482637757
3.4401840039325235,1284.1789746582579,153.32293073459516
3.440854579718841,1312.0642463278627,153.35718492454683
3.441525145268795,1090.7473289803834,153.391460938898
3.4421956999432592,1231.4620096443737,153.42575664151184
3.4428662546177233,1370.6560661971857,153.4600787043792
3.4435368092921874,1363.8341932416645,153.49442080658153
3.4442073511410802,1687.3532473621644,153.52878824670296
3.4448778847050208,1402.5777480773586,153.56317507580724
3.445548418268961,1272.3448957167332,153.59758615890306
3.4462189518329014,1276.4837055996602,153.63202384328204
3.446889439164123,1413.7075167026471,153.66647875812444
3.447559909404467,1267.9452248671537,153.70095682354062
3.4482303796448104,1315.1073907392272,153.7354584748673
3.4489008498851543,1427.148773031082,153.7699830502157
3.4495713545374893,1410.9263217759424,153.80453126128054
3.450241865153518,1242.9345578092777,153.8391039747965
3.450912375769547,1213.1937919365464,153.87369999344347
3.4515828863855753,1378.6410467419842,153.9083182613883
3.4522533370967596,1322.5374723292803,153.94295965006017
3.4529237862318958,1492.9741077576837,153.97762553720898
3.4535942353670315,1616.2978134384152,154.0123128983496
3.4542646804319674,1125.4747589470237,154.04702001236444
3.4549350873606737,1510.6138664837465,154.0817540956186
3.4556054942893804,1445.4473262651143,154.11646632045463
3.4562759012180866,1258.2528098733992,154.14460710412138
3.456946303541204,1231.5135420683912,154.17041807389583
3.457616689368688,1475.4682495115242,154.19622978392883
3.4582870751961723,1314.9947150681705,154.22205405987862
3.4589574610236564,1176.814633045243,154.24789192144928
3.459627825332767,1448.5766287000895,154.27374322316788
3.460298147864554,1550.454216100605,154.29960159657756
3.460968470396341,1440.0286943286794,154.32547826719937
3.461638792928128,1388.8257246156536,154.3513674837348
3.4623091340834096,1418.4612221907005,154.37726528892253
3.462979496986635,1333.479062589676,154.40318106730612
3.4636498598898613,1258.8193831900076,154.42910996992075
3.464320222793087,1056.2200488386945,154.45505204839355
3.4649905498903815,1431.7735475590193,154.4810024818156
3.465660851326259,1628.704024309299,154.50697063544277
3.466331152762136,1394.9012144566614,154.53294774585368
3.467001454198013,1242.4407821738284,154.5589368780943
3.4676717407888877,1478.752719212122,154.5849446847271
3.4683420211301828,1101.8110479590384,154.61096033415274
3.469012301471478,1357.8990456655924,154.63699463509522
3.4696825818127737,1355.8097508871463,154.66303644389325
3.470352844755739,1406.0459350882957,154.68909267796718
3.47102310400378,1448.6734809893446,154.71516132364476
3.471693363251821,1235.2450786274967,154.74124757491396
3.472363622499862,1581.8691113217685,154.76734251871403
3.473033821905387,1349.9156280680977,154.79345072945077
3.47370401788163,1496.1659217749004,154.81956772379223
3.474374213857873,1542.1966484685863,154.84570147355643
3.475044411114378,1346.3157663653326,154.87184971212514
3.475714626369869,1226.1483406186767,154.89801132707152
3.4763848416253595,1485.8942987404746,154.9241851759126
3.47705505688085,1267.018950668164,154.9503747141688
3.4777252645970576,1490.5363418724585,154.97657496800153
3.4783954394853556,1508.2731763605684,155.00261053148785
3.4790656143736536,1316.1092846094691,155.02862103133094
3.4797357892619516,1477.9875910804867,155.0546457487343
3.4804059511928895,1596.6492536374194,155.0806821436289
3.481076083909279,1267.0991876157332,155.10673388375062
3.4817462166256683,1714.9807395711427,155.13279622987807
3.4824163493420572,1335.8238474633465,155.15886669576267
3.4830864730452578,1252.2994394926538,155.18495616700392
3.4837565846776832,1371.3899229974409,155.2110574395356
3.4844266963101083,1416.8100330603909,155.23717177708576
3.4850968079425333,1536.5597034164111,155.26329426526297
3.4857668849421115,1375.0292762329273,155.28943470968832
3.4864369333306033,1393.511795944037,155.31558235582366
3.4871069817190956,1588.1239741419615,155.3417485159233
3.487777030107588,1406.4771306360067,155.36792346032968
3.488447105433036,1416.074115202433,155.39411087971885
3.4891171941850807,1319.5201720031885,155.4203166662322
3.4897872829371255,1159.0277747280452,155.44652967061668
3.4904573716891703,1330.2814080952335,155.4727614221757
3.491127412086975,1408.7768608088074,155.4990018744641
3.4917974393968088,1453.7637204793223,155.52525984752967
3.4924674667066427,1043.701773343901,155.55152393737006
3.4931374940164766,1191.5200350953348,155.5778035572265
3.4938075022172597,1306.434671355424,155.60409538171797
3.4944775084497612,1306.2883022099797,155.63040013283307
3.4951475146822633,1556.1049887283732,155.65671808687014
3.4958175198136607,1173.4514751100469,155.68305039189875
3.4964874838954763,1032.2093684935119,155.70939391146158
3.4971574479772918,1284.6579363966441,155.73575109244027
3.4978274120591077,1070.2452961109823,155.76212194937816
3.498497373077158,1403.6380851374972,155.7885048193649
3.499167316085619,1459.6337432188964,155.81490212144905
3.4998372590940803,1589.9541046865277,155.8445993334417
3.5005072021025416,1382.3619680274721,156.36602036567547
3.5011771283897333,1491.269717425467,156.40320625795331
3.501847008186085,1269.5314841858071,156.43713753575494
3.5025168879824364,1374.7202261206469,156.47108943876285
3.503186767778788,1587.8493017008652,156.5050649869601
3.503856663044661,1520.6092585965478,156.53906839030083
3.5045265831997114,1468.1085123169398,156.57308808832352
3.5051965033547625,1544.4488811972228,156.60713030256704
3.5058664235098136,1221.1182327366482,156.64119945531212
3.5065363128315146,1382.0128784183087,156.67528711760588
3.5072061715598135,1468.6644258973813,156.70939582422758
3.507876030288113,1254.2309883710823,156.74352560559998
3.508545889016412,1228.5262253525354,156.7776792960011
3.509215734670585,1228.4494278549946,156.81185355799144
3.509885572332157,1272.0629077912974,156.84605050896215
3.5105554099937284,1063.0215251295642,156.88027139905898
3.5112252476553003,1317.6662543239013,156.91451287058834
3.511895054177468,1257.9387903511115,156.94877234726673
3.5125648497095603,1430.3819275601206,156.98305786932553
3.5132346452416523,1379.1173602472843,157.017368046988
3.5139044407737448,1371.8227452070548,157.0516939152538
3.5145741821302496,1463.8502540130316,157.08604671068906
3.515243914478058,1428.524188585659,157.12041731633485
3.5159136468258665,1271.4761534915172,157.15481049830154
3.5165833791736745,1465.2259749892237,157.1892263717242
3.517253150880867,1430.2194284467819,157.2236708881813
3.5179229235831277,1412.1447911887497,157.25813120486362
3.518592696285389,1317.48144839978,157.2926163223168
3.519262463267643,1456.0360557368963,157.32712786663794
3.519932174556672,1770.4081381545489,157.3616572462497
3.5206018858457013,986.8813881545573,157.3962081943601
3.5212715971347306,1203.7137455088114,157.43078324311884
3.5219413039819534,1598.2280522836124,157.4654344913703
3.5226109942135277,1424.9370854693618,157.50833100583995
3.5232806844451026,1524.3728328425843,157.55155372818894
3.5239503746766774,1343.3985707509291,157.5948132830111
3.5246200510700385,1470.5636216971263,157.63810691736612
3.5252896991906764,1372.6493183340995,157.68143621035605
3.5259593473113138,1481.7498059194807,157.72479627350717
3.5266289954319516,1441.3097026221187,157.7681973861153
3.5272986247715816,1006.6153682065889,157.8116324396423
3.527968230786578,1168.8560377650267,157.8550987459012
3.528637836801574,1675.779387500178,157.89860082069399
3.5293074428165703,1447.2209005654079,157.94214390234148
3.5299770597015976,1278.00819282308,157.9857190008999
3.530646685015964,1540.3476032604394,158.02933416794752
3.5313163103303307,1378.8458900915434,158.07298050753155
3.5319859356446974,1445.558100487977,158.11666794963625
3.5326555191964633,1035.7056201693852,158.16038629938006
3.5333250831111127,1473.7673829231435,158.20413964274363
3.533994647025762,1456.4735976948937,158.2479305298386
3.5346642109404116,1191.4231901926785,158.29175686810373
3.5353337580771473,1154.5846842360154,158.33562049434482
3.5360033009436087,1438.3051095214648,158.37951803526542
3.53667284381007,1140.5054958544254,158.42345462508717
3.5373423866765314,1140.2135094777184,158.46742523042064
3.5380119103074117,1600.253191175635,158.51143378107125
3.5386814321270084,1290.8043187529865,158.5554723789032
3.5393509539466046,1176.6620572928468,158.5995542678653
3.540020473831839,1469.596092134811,158.64367252749355
3.5406899325187786,1230.724792530692,158.68782011411753
3.541359391205719,1308.428827604619,158.73200543822344
3.542028849892659,1371.1681672753846,158.7762270718499
3.542698314509441,1453.4846413370233,158.82049129951653
3.5433678135429463,1550.34131701084,158.86478654239332
3.5440373125764513,1376.037810663296,158.9087002700512
3.5447068116099563,1624.3609718708412,158.9399609104084
3.545376294487111,1185.5720608269473,158.97115573694984
3.546045732132478,1587.3939834978898,159.00236503058588
3.546715169777845,1346.9363623927234,159.03359151085266
3.5473846074232123,1347.5382584253339,159.06484110772308
3.548054029103969,1345.2911586031846,159.09610433651503
3.548723424670158,1431.10520145413,159.12738576150838
3.549392820236347,1461.0542148585635,159.15868470861776
3.550062215802536,1306.2016638554765,159.19000307702822
3.550731600947509,1160.337804216977,159.22133861908614
3.5514009754760925,988.0996605022106,159.25269297410904
3.552070350004676,1205.9816373450003,159.28406686932934
3.5527397245332595,1277.3644641497228,159.31545797752972
3.5534090862043395,1278.3157313350935,159.34686796104484
3.5540784396966396,1709.1868701610226,159.37829621713325
3.55474779318894,1378.7874653451397,159.40974439071852
3.5554171466812408,1557.4627736698644,159.4412035523904
3.556086454303673,1366.1021798328197,159.47268762007354
3.5567557446950566,1637.9570941992015,159.50418492611053
3.5574250350864403,1136.4203911715572,159.53570509463327
3.558094325477824,1444.489784610409,159.56724013869285
3.5587636321338256,1596.8783841984741,159.59879731800024
3.559432941835318,1260.668596230751,159.6303735615958
3.5601022515368106,1368.5687015105495,159.66196510486313
3.5607715612383033,1367.8755120969076,159.6935776037147
3.561440812183569,1423.6825269385781,159.72520694072972
3.562110060514284,1548.844526777038,159.75685188099223
3.562779308844999,1334.4905617585532,159.78851917016965
3.5634485556509525,1376.2258750822627,159.82020304305001
3.5641177829533155,1393.4414497589767,159.85190542444798
3.5647870102556785,1445.1534659763436,159.8836295398531
3.565456237558041,1316.5110844408075,159.9153700788254
3.566125460917836,1078.9291971679386,159.94757677776198
3.566794667193168,1632.3908851776143,159.98538023494547
3.5674638734685002,1199.8213055101833,160.02325362060157
3.5681330797438324,1216.4729922917868,160.06115044486552
3.5688022669478476,1207.757991820054,160.09907406183316
3.569471410150016,1392.5278936994039,160.13702045586908
3.5701405533521835,1371.0950746771036,160.1749956114251
3.570809696554351,1375.8436527146634,160.21299656385463
3.5714788478084114,1509.6834803903841,160.25102841115745
3.5721480103256895,1284.7882632346414,160.28908624864013
3.5728171728429676,1318.0350223264757,160.32716874544445
3.5734863353602457,1448.6706514604512,160.3652823491907
3.574155476453493,1458.6739320963868,160.40341802269526
3.5748245986339144,1487.5152532640466,160.44158228731615
3.575493720814336,1398.275278325698,160.47977614323665
3.5761628429947576,1543.3915517047549,160.51799386793235
3.5768319380383344,1177.677735774759,160.55623994436323
3.577501018179226,1409.8638579454005,160.59450961571278
3.5781700983201175,1389.1529425044134,160.63280923172823
3.578839178461009,1327.5175851659315,160.67113510424812
3.579508242635876,1432.359004137726,160.70948848487092
3.5801773017589835,1658.6532362963046,160.74786823286507
3.580846360882091,1422.7130537986213,160.7862754648974
3.581515420005198,1437.1808627519001,160.82470904027127
3.5821844240482097,1376.67466147229,160.86317036968487
3.5828534201258866,1336.704680330481,160.90165737774154
3.5835224162035635,1477.3135184860926,160.94017397772933
3.5841914122812404,1664.1145393598895,160.97871415402204
3.5848604481800903,1348.3087512922048,161.0172863489713
3.585529484590983,1564.7200605466787,161.05588733545738
3.5861985210018754,1334.025688384608,161.09451519778725
3.5868675512272747,1594.1065862465323,161.13317270070368
3.5875365262924483,1244.111429308783,161.17185770627577
3.588205501357622,1402.278509277903,161.2112779025273
3.5888744764227956,1555.8899659894498,161.25697336797904
3.589543442480528,1284.7417346319228,161.30274572884915
3.590212375524655,1187.1714605735517,161.3485597016222
3.590881308568782,1381.5238381942647,161.39440958543958
3.591550241612909,1608.5159411145569,161.44030013702968
3.5922191677738655,1378.2084988279503,161.4862271563077
3.5928880798094482,1385.8183496008148,161.53219293554795
3.5935569918450314,1369.3633643026592,161.57819952157863
3.5942259038806146,1057.7481429482218,161.62424373712778
3.5948947881382476,1579.190759669801,161.67032323233917
3.5955636371561157,1507.3390408781875,161.71644599607077
3.5962324861739843,1256.9534327164731,161.76260219327
3.5969013351918524,1396.0995191595055,161.80880113728995
3.5975702065353885,1674.0424145965244,161.8550382540296
3.598239095882225,1310.672680451301,161.90131894646882
3.598907985229061,1391.3330501659032,161.9476365893505
3.5995768745758974,1422.6327949035613,161.9939952711288
3.6002457230595333,1445.0623989245573,162.040390981633
3.600914551074135,1583.3134514967014,162.08682609198982
3.6015833790887375,1279.7972668399843,162.13329743678128
3.6022522071033394,1340.9685116835262,162.1798135685674
3.602921002400847,1418.6758271349638,162.22636432872557
3.603589788412873,1519.651545171905,162.27295343200836
3.6042585744249,1332.2826506239298,162.31958469867575
3.604927360436926,1508.378019889731,162.36625793012513
3.6055961277310615,1528.060141033137,162.41296604499377
3.6062648927437784,1740.8723058881626,162.45971736862592
3.6069336577564948,1426.4540612611584,162.50650769807535
3.6076024226154226,1289.5406381399264,162.5533366388246
3.6082711456334757,1313.1079171257559,162.60020604572392
3.6089398686515293,1427.9099863583635,162.64711585405928
3.609608591669583,1168.6585949254106,162.69406999412925
3.6102773098285126,1519.2836232835662,162.74217249359864
3.6109459908571764,1439.9864957801694,162.7985005060786
3.61161467188584,1438.9626953688837,162.85493834631606
3.612283352914504,1571.659538782019,162.9114362235968
3.6129520383416773,1455.6814629362937,162.96799567422656
3.6136207387011297,1300.1512549866698,163.02461169701346
3.614289439060582,1315.4295107832338,163.0812894894597
3.6149581394200347,1395.436782073812,163.13802496192662
3.6156268189869083,1454.3697877121278,163.19481799294078
3.616295458031455,1373.6298448813925,163.25166758543824
3.616964097076002,1353.7947113986027,163.30857626033108
3.617632736120549,1565.8914309471027,163.36554479203855
3.6183013657052108,1334.799012748283,163.4225689238372
3.6189699837596763,1240.8842529477142,163.4796564623606
3.6196386018141418,1115.333602368502,163.53680255059382
3.6203072198686073,1501.281728980044,163.59400747591508
3.6209758143268274,1388.8676261087548,163.6512694003617
3.6216443904050832,1454.671812851349,163.70859246370608
3.622312966483339,1618.0517622465568,163.7659761332715
3.622981542561595,1539.608472780998,163.8234187729401
3.623650076250123,1605.523592478448,163.88091730771362
3.624318589373946,1433.8709779246387,163.93847793211287
3.624987102497769,1190.6088104837718,163.99609427665482
3.625655615621592,1488.5721621808616,164.05377625242156
3.626324160362958,1073.7819932594743,164.11151770231905
3.6269927138060387,1608.3970474038963,164.1693215435007
3.6276612672491195,938.0760924967378,164.22718965320516
3.628329820692201,1246.4666216052378,164.28511615267362
3.6289983192767834,1172.6224417373082,164.3431018821115
3.62966681141843,1291.6590463511554,164.4011447962453
3.6303353035600767,1158.6372660499617,164.45925062132585
3.6310037955839105,1382.795486444691,164.51741808127935
3.631672266744698,1476.671866796169,164.5756412053195
3.632340737905485,1732.6567571326138,164.63289171700225
3.6330092090662722,1521.8617191507235,164.68292497623602
3.6336776753511075,1221.6971712613429,164.73295270668572
3.634346104554127,1732.8261676514783,164.78302442394494
3.635014533757146,1032.7582696849506,164.83314473213446
3.635682962960165,1442.478472213242,164.88330814057332
3.636351377906336,1437.9763891350792,164.93351614129818
3.637019744182578,1462.8886008572872,164.9837669459554
3.6376881104588197,1306.059026918063,165.03406399107806
3.6383564767350616,1531.311592558163,165.08440710800255
3.6390248565792334,1500.8076853680743,165.13479939164597
3.639693263170485,1263.0994739819478,165.1852354955166
3.6403616697617363,1219.2204651533837,165.23572181753912
3.6410300763529877,1665.8408623975092,165.286254685111
3.6416984555846073,1377.8464202669334,165.33683020727392
3.6423668008878898,1626.6124966314028,165.38745049063317
3.643035146191172,1159.5868341278358,165.43811888839247
3.6437034914944544,1506.9060307596285,165.4888326371957
3.644371825131748,1303.562687101235,165.53959145416067
3.645040149463387,1171.8994488048456,165.59039850346792
3.645708473795026,1276.6203396154303,165.6412501115249
3.6463767981266644,1419.8263387237307,165.6921511572564
3.6470450945260486,1303.169433238909,165.74309684370252
3.647713376918349,1534.3590501003619,165.79408616553656
3.648381659310649,1216.9830611226091,165.8451262866465
3.649049941702949,1414.371963603498,165.8962100253276
3.6497181753161683,1405.3179602720088,165.94734126255742
3.6503863948093285,1273.0276152074985,165.99851460209294
3.651054614302489,1465.0691569580213,166.04973794207768
3.6517228337956498,1468.2640133873845,166.10101027534648
3.6523910889494653,1390.0982542825602,166.15232888061652
3.653059348753387,1245.9683202642898,166.20369963621755
3.6537276085573085,1369.9389730453645,166.25510864298067
3.65439586836123,1489.6537521697169,166.3051882122086
3.655064067279591,1286.3806243401375,166.344786166205
3.6557322658090032,1465.4891864517015,166.38433864103573
3.656400464338415,1089.128828684083,166.42392322730464
3.657068658563907,1362.7266862771078,166.46353341535766
3.657736815169767,1618.76673198148,166.50316995173932
3.6584049717756275,1599.6776254691185,166.5428334355638
3.6590731283814875,1265.5516773059314,166.58252777027664
3.6597412805559046,1560.436236980062,166.6222459525395
3.6604094162019614,1688.7309464625628,166.66199422006355
3.661077551848018,1510.550759537943,166.7017686992583
3.6617456874940753,1623.7230266925242,166.74157507304008
3.662413816431983,1395.202746265274,166.78140909449866
3.6630819311195517,1152.2016618238206,166.8212679266924
3.66375004580712,983.749065012111,166.8611559814715
3.664418160494689,1312.728363635741,166.9010745262896
3.6650862482379143,1792.0130148654716,166.94101957960754
3.6657543000579067,1317.90753469792,166.9809875835963
3.666422351877899,1525.2150246074016,167.0209881608721
3.6670904036978915,1171.2121413479433,167.0610148776667
3.6677584659049747,1166.48061649956,167.101071283205
3.668426537077036,1386.268055559543,167.14115824290198
3.669094608249097,1603.5824694385133,167.1812705450639
3.6697626794211584,1147.4485683108808,167.22141488002805
3.6704307111035535,1269.3264209536185,167.26158615379165
3.671098721018401,1367.5852401813631,167.30178340044756
3.6717667309332485,1466.0193904206183,167.34201087747428
3.672434740848096,1290.234558235238,167.3822660599778
3.6731027349962866,1323.5914525741496,167.42254476589687
3.673770723960533,1326.4610804688261,167.46285753572485
3.6744387129247795,1334.170867603409,167.50320067771167
3.675106701889026,1735.5525944173837,167.54356999387156
3.6757746548068995,1179.7803938374996,167.5839923399251
3.676442601873886,1346.4432974700846,167.62879988156925
3.6771105489408726,1298.312357435179,167.71460503950428
3.677778496007859,1349.5055263909405,167.80081957463509
3.678446382256128,1497.1942478650733,167.88715880356753
3.6791142664870784,1629.0477179734555,167.97362794475376
3.6797821507180286,1516.5624209172902,168.0602323480336
3.6804500379745093,1569.5912865478897,168.1469723678575
3.6811179625065087,1399.813805477771,168.23385108390266
3.6817858870385085,1357.6631218193081,168.32086133994184
3.6824538115705083,1433.2617872641622,168.40800766312634
3.683121724948247,1391.0109838534904,168.49528992143792
3.683789588236479,1313.7807675394145,168.58270007786925
3.684457451524711,1372.8944943320432,168.67024398294285
3.6851253148129426,1573.9624051105359,168.75792970342454
3.6857931659896916,1467.5371107869867,168.845746398391
3.6864609873964267,1339.94677972081,168.93369471924356
3.6871288088031617,1465.285423673455,169.0217818892408
3.687796630209897,1372.0043608111164,169.11000667993665
3.6884644433249574,1420.6136163651663,169.19836835194099
3.6891322437929137,1323.3419565698064,169.28686752933834
3.68980004426087,1188.3517434786017,169.37550593325045
3.6904678447288264,913.6822059615494,169.46428036443552
3.6911356136238784,1390.6358000320972,169.55319192608525
3.6918033512833763,1354.595349847287,169.64224019553703
3.692471088942874,916.3938173680477,169.73142855329047
3.6931388266023717,1217.7925072803523,169.8207559139561
3.693806588802975,1317.282232264823,169.91022737784823
3.694474366759273,1318.6574113815004,169.99984540218568
3.6951421447155717,1344.6701019115694,170.0896017267962
3.6958099226718697,1304.8908611347308,170.17950009596115
3.6964776568356275,968.3096495941218,170.26953412893224
3.6971453735615976,1340.9763272803102,170.35971100838756
3.697813090287568,1490.233780137351,170.45006642012711
3.698480807013538,1098.64804423608,170.5466191602806
3.6991484893526776,1458.3027310849968,170.73208913658587
3.6998161642155303,1236.2485156274363,170.9178263213044
3.700483839078383,1613.8335855383377,170.9639517368012
3.7011515139412356,1168.3689575779747,170.95616059178278
3.7018191693946525,1397.5791059223714,170.94801824127453
3.7024868233279147,1280.3347613457506,170.93987658308225
3.7031544772611773,1177.2082971962398,170.9317361420053
3.703822129109917,1289.461982963835,170.92359727859187
3.7044897202622806,1386.8556562953463,170.9154591401867
3.705157311414644,1570.5124388827096,170.9073225675335
3.705824902567007,1540.3315636480131,170.89918830651152
3.7064924964051125,1035.133475873078,170.891051247464
3.7071601069250772,1262.8393694679373,170.88291808683405
3.707827717445042,1464.9815077594003,170.87478721848592
3.708495327965007,1353.264490580836,170.86665480110204
3.7091629235548544,1527.5187123778394,170.85852611999164
3.7098304728598444,1191.1194071052469,170.85039761687716
3.710498022164834,1318.459142561938,170.84227208956523
3.7111655714698237,1359.87049877082,170.83414598223504
3.7118331134705995,1427.4316699136807,170.82602269045532
3.71250064185387,1523.9937110171793,170.81789839450215
3.71316817023714,1348.5170379290596,170.80977715378324
3.71383569862041,1274.3443887463425,170.80165740778796
3.714503207999188,1299.1679701900368,170.79353680185307
3.7151706945429535,1155.780520772633,170.78541939409973
3.7158381810867183,1269.291277409566,170.7772999863011
3.7165056676304835,1501.6006060614482,170.76918487046464
3.7171731424794903,1187.6067376280844,170.7610692210298
3.71784060810547,1409.7454587590846,170.7529559270546
3.718508073731449,1398.2862970188187,170.74484424706168
3.7191755393574284,1293.7173629628849,171.30871297099105
3.719842963331798,-814.9267643045965,3463.2685482042943
3.720510366212286,1000612378.9475416,12534452057.37676
3.7211777690927734,83754331742.37128,72405165948.10718
3.721845171973261,-14085253825.342964,7065743387.119101
3.7225125897365845,-1962471359.2748668,10449758923.795855
3.7231800119910106,1724531513.9829369,15329155386.015162
3.723847434245436,2884180374.093192,9262963253.071095
3.7245148564998622,13511455947.410505,9736200884.664886
3.725182225370639,-27627620180.17095,18269507990.939606
3.730520964587599,-51807907312.98942,121894870089.10617
3.731188262918478,-81704020259.75673,55820495679.52538
3.731855561249357,10344622855.62722,28723509565.752354
3.7498696936245026,-7243535360720.026,3105925037035.0757
3.751203878561307,15516258435.288227,29567212422.351307
3.751870926106719,-1593006083.819139,13705115311.304264
3.7525379736521307,4722115313.245048,13674820967.323912
3.7532050210419876,12845188258.166996,12132047069.586107
3.753872047697119,15676030853.144207,72855396939.39297
3.7545390743522504,11017696692.613264,13504032701.237667
3.755206101007382,-3397547215.450868,10780568902.87211
3.7558731230829943,-23675896606.00433,20624222026.502388
3.7572070928399857,-21908522844.17514,37316095407.41699
3.7765463304213656,-228322625863.47223,215164618219.01303
3.777213101783169,-35177027949.36674,52188007255.29113
3.7785466509755565,-3400315136.247536,13257701410.013567
3.7792134243477893,-14532239818.953762,38901752718.45413
3.7798801378056557,-3679554491.2247376,16634716803.56505
3.780546851263522,-9011988634.0679,14094342952.822296
3.7812135647213885,4717824600.98921,7416344789.147499
3.7818802731556844,-2159723357.9454203,4738228933.785552
3.7825469448761364,1558537575.8486228,4014982067.4455247
3.7832136165965884,73336923.77904344,3984478375.3761415
3.7838802883170404,213115173.67025638,3766691221.7539697
3.7845469554372304,-2603201215.432475,2784217357.710533
3.7852136062909345,-3639811655.2545753,2546738016.7001405
3.785880257144639,-759477946.1927197,3212353392.384976
3.786546907998343,-3835171922.609833,2847239307.3213983
3.787213538795277,-465559353.0737699,2607813365.647814
3.787880127056575,118448230.45632018,2882225772.701792
3.788546715317873,-94888584.65150018,2263852905.2642055
3.7892133035791713,930159600.1556025,1772916945.9705648
3.7898798999898595,-885417524.6616712,1939079781.1920788
3.790546507652437,23785316.991059918,1943051035.3301594
3.7912131153150144,-2540127966.0317316,2420327677.371692
3.791879722977592,-1526954551.5247998,4003943391.7981606
3.7925462988923115,1678875614.4323037,4106509702.7724876
3.793212845431868,-2153149320.7558703,3937171183.9875693
3.793879391971425,4239249241.3499284,3616445008.338441
3.794545938510982,-7983136762.796285,3458732410.6578374
3.795212472143578,-4616877355.446929,5511138635.439179
3.7958789978242224,-2084921125.621637,4523292407.75128
3.796545523504867,441267259.1762133,5168960367.158803
3.7972120491855117,3392286186.3491306,3581551507.3111396
3.797878544914837,2856404501.85427,3069089278.400924
3.7985450288815734,-1807168050.3453584,3891502418.6183343
3.79921151284831,-3348404795.2156754,2249940580.163117
3.7998779968150465,106721418.93137461,2294816179.063201
3.800544429668348,-965054499.716269,2084103719.576464
3.801210851074011,2013283594.7115686,2005300457.8307323
3.8018772724796746,2202050161.7308025,2219804342.0287585
3.8025436938853376,-2742921781.5980153,2269631403.417054
3.803210152153721,376054031.2225051,2244637076.9590654
3.8038766138179367,443743978.809319,2159949296.5581765
3.8045430754821523,726396795.5432962,2105485430.321719
3.8052095362810463,-970105846.3212165,1920911006.1316254
3.8058759368356285,-740851410.484902,1400093878.5940902
3.8065423373902108,-1071549265.1284146,1385422287.6348176
3.807208737944793,-1807530326.9283235,1340846189.5296335
3.807875133801196,-472699279.7332391,1380008380.8249454
3.80854149265753,-1306527430.0920615,1496294203.2087247
3.8092078515138637,-1532965043.7120783,1499781779.8034017
3.8098742103701975,-1091331406.4021773,1457666360.2821991
3.8105405604319076,1413320552.8857067,1546424104.3921163
3.8112068775952115,1790232724.0662918,1558871339.8281703
3.811873194758515,-2761722469.016235,1619794869.5781665
3.812539511921819,-335742744.56041414,1796382811.5503874
3.813205809765929,1889786360.758496,1750043727.5405889
3.813872064399469,-681138791.0943877,1734926551.6261911
3.814538319033008,509305990.2204997,1540765231.8659806
3.815204573666548,390767003.83785254,1389453504.7403054
3.815870844667893,-284974823.90491015,1405089258.1669528
3.8165371395551273,29706290.16968924,1409774674.9962513
3.8172034344423618,-145408204.45489678,1342855305.1376123
3.8178697293295962,-226314811.88791823,1585253490.199661
3.818535993416095,-3213149928.6933794,1502717095.9145942
3.819202227208988,2510495432.248464,1517138914.1122637
3.819868461001881,726430146.4547955,1365445397.7774727
3.820534694794774,307233846.1086236,1283438415.5484004
3.8212009035110293,467852794.00222546,1552313455.5792472
3.8218670956265406,1150731163.9106297,1449640245.0794141
3.8225332877420515,2405.400367750586,3672.565915304632
3.8231994798575624,1265.1896312465446,177.5991103660757
3.823865657408724,1487.1992007444362,177.05315389569998
3.824531828687499,1412.904060141977,177.10087977019214
3.8251979999662744,1572.746261125207,177.14863927865483
3.8258641712450494,1263.3030592767805,177.19644090294548
3.8265303093489127,1104.946372079262,177.2442812826925
3.827196438958126,1244.8415868334696,177.2921554802932
3.82786256856734,1589.477056170003,177.34007018461546
3.828528698176554,1283.2324154078315,177.3880216818399
3.8291947719739676,1127.039891849901,177.4360121048821
3.8298608390886124,1261.292484833172,177.48404176915056
3.830526906203257,1269.0717193804062,177.53212926615248
3.8311929733179024,1507.6549485655064,177.58389701986226
3.831859080263162,1481.2780335851514,177.63831857491627
3.8325251876260364,1503.071201451755,177.69280837362294
3.833191294988911,1337.6333602298,177.74734882415524
3.833857395303097,1363.3418389685203,177.80193851380233
3.83452342076121,1174.0048056846963,177.85657320239434
3.835189446219323,1121.4845277675395,177.91125429506738
3.8358554716774362,1475.8936185190503,177.96598971992552
3.8365214933373917,1073.0723867831737,178.02077569982217
3.8371874979691927,1273.5316238715673,178.07560687022422
3.8378535026009937,1319.1079810001152,178.13049342853844
3.8385195072327947,1571.4348279707938,178.18542376783822
3.8391855002627437,1012.4690499682207,178.240411912919
3.8398514632458283,1270.3811570234554,178.2954442579004
3.8405174262289123,896.6873453920474,178.35052676837046
3.8411833892119964,1383.1446382853862,178.40566248499118
3.8418493288018394,1351.7894010478092,178.46084700426076
3.8425152293216143,1511.6769539016288,178.51607904288844
3.843181129841389,1501.3704088776965,178.57136252709233
3.843847030361164,1431.968098759875,178.62669366566425
3.844512949799057,1115.502338046335,178.6820833423199
3.8451788905622037,1353.4994496746872,178.73752278994064
3.84584483132535,1324.9498260619603,178.79301592793112
3.846510772088496,1274.3497292051006,178.84856033318079
3.8471766783179944,1142.8555563147177,178.90415298645397
3.84784255801927,1484.0993555796256,178.95979725686638
3.8485084377205454,1127.2698700028975,179.01548992744407
3.849174317421821,977.8764294549175,179.07123731707682
3.8498401696031745,1217.978644191386,179.1270340420632
3.850506007671356,1111.8569337141566,179.18288008540532
3.851171845739538,1782.1707883028696,179.238779351476
3.85183768380772,905.0139413288689,179.29473168754984
3.8525034903958275,1340.190231018758,179.3507338867228
3.8531692868361214,1252.2352719421597,179.4068843133177
3.853835083276415,1605.7687355375765,179.46320290706558
3.854500879716709,1215.2578386048665,179.519570207916
3.855166623015054,1074.7504328269174,179.57599208018573
3.8558323570232744,1131.5122109600782,179.63246495822102
3.856498091031495,1448.3153759464424,179.6889935583946
3.8571638250397156,1471.283346494974,179.7455734149361
3.857829597105553,1424.594736865353,179.80220948369106
3.858495371352287,1683.3871371570874,179.85890016279834
3.8591611455990207,1430.0263304738467,179.9156436475533
3.8598269173866018,1226.240714046069,179.9724460764412
3.8604926305867333,1335.023142406591,180.0292891118651
3.8611583437868644,1282.4474517764802,180.08619162073146
3.861824056986996,1211.4383309408727,180.14314507123652
3.8624897645792227,1712.0232354091047,180.20015586484456
3.8631554361670775,1359.502993159119,180.2572172678234
3.8638211077549323,1385.7641737946565,180.3143288168035
3.8644867793427866,1099.9878145129544,180.37149669712664
3.8651524461664013,1049.5756304435872,180.42872119476766
3.8658180969500684,1351.6239154575544,180.48599816807254
3.866483747733736,1613.9353198485858,180.54333029811244
3.867149398517403,1224.2886750926355,180.6007110942271
3.8678150291368367,1352.296431953733,180.65815238191922
3.868480617515743,1593.8426472788562,180.7156424432384
3.869146205894649,1467.2968937801045,180.77318582386684
3.8698117942735553,1600.6046970714337,180.83078471668398
3.8704773907541936,904.0899234971791,180.88844386125183
3.871142998567768,1247.1751067636264,180.9461532983445
3.871808606381342,1502.3773846734275,181.00392163170642
3.8724742141949164,1208.3481307895386,181.06174324877443
3.8731397802455834,1354.3143248372537,181.1196203382721
3.873805306231428,1137.2048213094647,181.17754743431232
3.8744708322172734,1471.1538871683147,181.23555594529637
3.8751363582031186,1484.7048874050101,181.29771474409236
3.875801871633726,1496.557594112873,181.36865177532547
3.876467376824484,775.0825096707445,181.43972490417153
3.8771328820152413,1343.187928825519,181.51088520635585
3.8777983872059987,1440.1665362637189,181.5821293129961
3.8784638634102273,1330.6936636719604,181.65344908087528
3.879129327014708,1100.000449355612,181.72485274602266
3.8797947906191883,1561.4105171108786,181.79634609417604
3.8804602542236686,1649.6570870889464,181.86791982337388
3.881125717828149,1074.6059591167723,181.9395761855315
3.8817911814326296,1297.0912525610952,182.01131868199832
3.88245664503711,1217.168591453734,182.08314864839826
3.88312210864159,957.6790284431562,182.15505932137955
3.8837874988137613,1381.9327821049894,182.2270502318701
3.884452879261278,1024.8129122602797,182.29912257464176
3.8851182597087943,1254.9253699996136,182.37128084241988
3.8857836401563106,1626.3760889565817,182.4435284062006
3.8864490395707665,1274.170475876761,182.51585933376225
3.8871144394598707,1148.8576301214484,182.58827674660952
3.887779839348975,1158.0655577922491,182.66078010442195
3.888445235097109,1297.8348478619537,182.73336983821994
3.8891105739739364,1330.274754692113,182.80604484308506
3.8897759128507636,1647.6746422811204,182.87880128339168
3.8904412517275913,1367.1727326412836,182.95164387748923
3.891106583947445,1394.9238294911843,183.02457341747743
3.8917718812587774,1405.424895128832,183.09758634345854
3.89243717857011,1429.538879231512,183.17068591359956
3.8931024758814425,1248.1204981393116,183.24387339873903
3.893767773192775,1232.146460549067,183.31714863370266
3.8944330705041077,1423.3683688582514,183.3905133932726
3.8950983678154403,1338.5169440856707,183.4639656568846
3.895763665126773,1180.326968704395,183.53750278396328
3.896428933826599,1378.5638213650534,183.61109203682472
3.8970941480225196,1349.552078030477,183.6789976412558
3.8977593622184408,1216.7182469003346,183.71851225067505
3.898424576414362,1375.8793517516415,183.7578704686441
3.8990897990851607,1069.4291246075684,183.79724605332794
3.8997550327281965,1283.8524362934534,183.83665083458538
3.900420266371232,1189.84831259178,183.87608508005772
3.9010855000142675,1297.3782054891972,183.9155391509328
3.901750701505791,1123.273320698607,183.95501849300106
3.9024158741517936,1246.7663891234079,183.9945226064389
3.9030810467977957,1292.8975474312124,184.03405074907343
3.903746219443798,1032.1448407336122,184.07360403352422
3.9044113663982,1539.7859818593306,184.11318349104081
3.9050764974994743,1674.552341751506,184.15278790570812
3.9057416286007482,1512.2541360404928,184.1924143179775
3.9064067597020222,1077.1612006016312,184.23206997746675
3.9070718613321294,1559.3151741913657,184.27174724940522
3.9077369508938644,1318.348763074332,184.31145008039204
3.908402040455599,1591.9761986517149,184.35117851105437
3.909067130017334,1158.2821622463357,184.39093338013967
3.9097321863394203,1265.8740911878308,184.43071159080986
3.9103972343668043,998.6091965505526,184.47051692628267
3.9110622823941883,1519.8220544924623,184.51034466543013
3.9117273304215723,1450.9390353386839,184.55020025172584
3.912392395778707,1614.994408026479,184.5900815854726
3.9130574632587245,1177.2004240032875,184.6299905818084
3.9137225307387418,1435.8756188910663,184.66992585044028
3.9143875982187595,1048.1069240616935,184.70988689138477
3.915052605863366,1252.8669011955103,184.74986810901913
3.915717612361586,1557.8084715174882,184.7898751563509
3.9163826188598065,1580.7910948244296,184.82991225153728
3.917047622387684,1508.992945422545,184.86997085553728
3.917712587361927,1367.3013050524949,184.91005618941978
3.9183775523361697,1127.0608428218009,184.950165043812
3.9190425173104124,1633.5960893032297,184.99040113019575
3.919707475574343,1558.4585266159688,185.04591349942575
3.9203723990297936,1022.1831864152089,185.10163245165086
3.9210373224852444,1325.0662828665138,185.15740225288022
3.921702245940695,1272.96135886708,185.2132178084494
3.9223671589569333,1475.805782689444,185.26908758169594
3.9230320408987764,1130.5780468938342,185.32500253374587
3.923696922840619,1156.718249855949,185.38096931922593
3.924361804782462,1061.949570766792,185.43698483629362
3.925026693360787,1406.906333538135,185.49305290355628
3.9256915947607744,1388.4149016582278,185.5491718754815
3.926356496160762,1417.8808073604025,185.60534594014683
3.927021397560749,1556.0479498778252,185.661564730719
3.927686272719511,1453.0249535109128,185.7178363938341
3.92835111315293,1284.682802434399,185.77415522008477
3.9290159535863483,1550.3837830310074,185.83052473217077
3.929680794019767,1490.8051918560263,185.8869456289273
3.9303456128808216,1003.3878056079332,185.94341514333397
3.9310104118109983,1331.6769528751356,185.99993463796693
3.931675210741175,1060.0413152469876,186.0565054871886
3.9323400096713517,1502.9093454316894,186.11312955178352
3.9330047833339106,1465.137950518441,186.16980325270217
3.9336695407660267,1272.498610589208,186.22652838726904
3.934334298198143,1560.896113963614,186.2832991259391
3.934999055630259,1022.4104863273363,186.3401276298925
3.935663813062375,1407.0494830528328,186.39700458228845
3.9363285704944913,908.5208406679308,186.45393717772922
3.9369933279266074,1242.821234911501,186.51091972829659
3.937658085358723,1071.9322900606485,186.56795228090624
3.9383227775165643,1142.4009901355098,186.62503300798411
3.9389874519680994,1499.144470098271,186.68216578898281
3.939652126419635,1319.0019016891163,186.7393484127208
3.9403168008711704,1137.4203548590697,186.79658604644214
3.9409814923546,1215.8954237143896,186.85391870591218
3.9416461862711576,1479.060424623694,186.91715550782325
3.942310880187715,1270.9106759836525,186.9818502636501
3.9429755741042722,1102.476394404472,187.04662194302168
3.9436402093201313,1642.208182588349,187.11145386256797
3.9443048422891445,1100.0575027830591,187.1763537432524
3.9449694752581577,1125.0013645082142,187.24132143664752
3.945634106100647,1652.206512681879,187.30635269516645
3.946298697592316,1544.7156077356044,187.3714556017293
3.9469632890839845,1502.5078810085527,187.43662219369378
3.9476278805756535,1459.2025163672529,187.50185719554784
3.948292466296049,1216.254545849073,187.56715788724995
3.9489570163155494,1073.2065676815075,187.63252517125085
3.9496215663350505,1128.3572326085628,187.697965309357
3.950286116354551,1532.4278997036536,187.76346901318936
3.9509506569690624,1399.353370280753,187.8290421355575
3.951615165521571,1154.5071524210537,187.8946773280421
3.9522796740740795,1219.8279150041565,187.96038563743303
3.9529441826265876,1650.9966001049897,188.02616475881928
3.953608697296907,1144.6253925810402,188.09200572905343
3.954273225319931,1222.1350197753738,188.1579235474589
3.9549377533429544,1577.677547700254,188.22391118966314
3.955602281365978,1202.0481644992462,188.28996855018696
3.9562667849327626,1406.8192348599557,188.35609287934858
3.956931252023453,1596.2179361342412,188.42228074491695
3.957595719114144,1452.0015692587801,188.48854063335898
3.9582601862048348,1328.8580222297971,188.5548701032608
3.958924633042902,1374.6158528294866,188.621263884975
3.959589058676949,1231.294282430364,188.6877319949914
3.9602534843109956,1609.8827831165702,188.7542660266087
3.9609179099450422,1560.746242321888,188.82087288934954
3.9615823117262767,1245.69817408398,188.88754790587274
3.9622466959088523,1241.5396189152473,188.95429350859388
3.9629110800914273,981.6086505444001,189.02110143587925
3.963575464274003,1455.0922806320366,189.08700551229657
3.9642398210145946,1313.3839788385485,189.1523650463646
3.9649041637508704,1211.8861427468137,189.21778871898525
3.965568506487146,1428.400010966077,189.28328438942285
3.966232849223422,1658.4698207235494,189.34884328346126
3.9668972065381687,1238.0963965749288,189.41446890997685
3.967561568750445,1102.283761056137,189.48017115897278
3.968225930962721,1300.7893936163857,189.54593363695122
3.968890293174997,1303.7117051630385,189.61177132771934
3.9695546045387227,1343.3665620211364,189.6776702953278
3.9702189058338693,1268.4052121291916,189.74363411714265
3.9708832071290163,1516.632293715218,189.8096707701287
3.9715475084241634,1366.497399153417,189.8757768496493
3.972211771561,1148.8977529679898,189.94194728275116
3.972876031420188,690.1081890632003,190.00818501994735
3.973540291279376,1340.772365560778,190.07449417804787
3.9742045508553456,1331.632497265973,190.14087466040345
3.974868769283743,974.7188376482571,190.20731673462578
3.975532987712141,732.720388230852,190.27383002495617
3.9761972061405384,1265.2124562509453,190.34040928354958
3.9768614207358524,896.9620678015764,190.40706672051203
3.977525597738628,1314.106740137192,190.47378561388467
3.978189774741403,1111.5426920041123,190.5405726206565
3.9788539517441786,1679.909353220003,190.60743278265466
3.9795181322142383,1174.2627951141246,190.67436263157506
3.9801823286984916,1597.0990115829434,190.74136771422016
3.980846525182745,1459.423423760767,190.8084412478775
3.981510721666998,1557.9895266216772,190.87558567350922
3.9821749021228614,1335.5885995309757,190.9428039191494
3.9828390377051814,1097.0153327800238,191.0100788215265
3.9835031732875015,1204.848909497634,191.0774342103489
3.9841673088698215,1193.0512479573833,191.14485440602124
3.9848314300235237,1675.771334875594,191.21233546910534
3.985495524190554,1481.3828671025426,191.27788761567678
3.9861596183575845,1259.4024234112007,191.34059181984236
3.9868237125246146,1360.8339082028401,191.40334164453537
3.987487788746584,1106.3033595488992,191.46615406854008
3.98815184150349,1306.4652041330635,191.5290190520111
3.9888158942603957,1162.5107143967123,191.59194864163607
3.9894799470173017,1550.1181273610785,191.65494451839652
3.9901439783236885,1058.5559740167103,191.7179982082393
3.9908079896756337,1286.3328067000034,191.7811116339992
3.9914720010275793,1539.1037484980566,191.84428388591132
3.9921360123795244,1364.925930802124,191.90752379952704
3.99279997384459,1735.7840261296371,191.97082010150487
3.9934639024021026,1512.0771255228574,192.03417616994426
3.994127830959615,1467.741927456562,192.09759675647376
3.9947917595171276,1410.4353964261659,192.16107897635825
3.9954557298722113,1279.807609252666,192.22462773334217
3.9961197193126727,1214.2259084505129,192.28824396126058
3.996783708753134,1173.0724623128433,192.35192463372968
3.997447698193595,1457.4220507341713,192.41566275815606
3.998111593812481,1616.3750606322158,192.4794600208829
3.9987754614870448,1447.3486165064462,192.54331713794218
3.9994393291616084,1526.5542010139168,192.60725706279888
4.0001031968361715,1302.212462036587,192.6742993193926
4.000767062461295,1597.8256193492023,192.75740841952882
4.001430927737428,1103.1371511923985,192.84073375930163
4.002094793013561,1118.8141781246063,192.92416164964885
4.002758658289694,1313.0317318205605,193.00770247171013
4.003422562372445,1411.5563812687474,193.09135348330625
4.004086469031527,1455.0289108936,193.1751208444998
4.00475037569061,1389.4916924517447,193.25899008012144
4.005414278884857,1275.2341515619262,193.34297075253707
4.006078022417861,1609.436284293166,193.42704182110444
4.006741765950866,1040.8754999085718,193.5112119170182
4.007405509483871,1476.0194441294889,193.59377749671032
4.008069261414426,1528.3225381074292,193.66888463320905
4.008733085312769,1820.036134661231,193.74403128449813
4.009396909211111,1328.3975962575234,193.81926597752704
4.010060733109452,1499.1772398929006,193.89458819770252
4.010724526426435,1688.9401618794975,193.96999533926862
4.011388187224191,1331.2861218362661,194.04547551715285
4.012051848021947,1303.2069930214561,194.12104320685904
4.012715508819704,1303.104793617523,194.19669903716786
4.013379180157245,1362.2444642132002,194.27244327035447
4.0140428799531565,996.4566120953566,194.34827882034796
4.014706579749069,1352.1596536224456,194.42420584070607
4.015370279544981,1183.7546536576424,194.50021713834855
4.0160339939227265,1267.490743487786,194.5763237999815
4.016697735080959,1629.146664330629,194.65252066898546
4.017361476239191,1287.3140088471807,194.7288055636271
4.018025217397424,1615.0723715991364,194.80518252371974
4.018688887608432,1633.6076485255728,194.8816389057929
4.019352465691563,1462.0931023889266,194.9581753706504
4.020016043774694,1242.28902481314,195.03480362786308
4.020679621857825,1359.1704539812772,195.11151607199557
4.021343241511646,1544.391660462216,195.18833150073525
4.022006899950393,1150.9300139862207,195.26523749515854
4.022670558389139,1302.1808439347558,195.34223070029577
4.023334216827885,1346.838726312712,195.4193194842553
4.023997777540354,1583.9445570335936,195.49648854462563
4.0246612729294755,1328.7414930492282,195.573737172915
4.025324768318596,872.636998404957,195.65108104511717
4.025988263707717,1398.7701010073197,195.72851730345772
4.026651785667942,1093.2378405341908,195.80604749355163
4.02731532006611,1676.6069942312774,195.8836687095898
4.027978854464278,1242.740195331804,195.96138250131304
4.028642388862447,1138.3230375381722,196.0391892419658
4.029305923260615,1658.2819221817458,196.11748683701845
4.029969457658783,1436.533355788414,196.2556114258012
4.030632992056952,1337.809138779116,196.39837781496504
4.031296526455121,1542.2154599981143,196.5414839970452
4.031959923312399,1725.3401078569823,196.6848704063961
4.032623294699142,1402.4111390993712,196.82856762830835
4.033286666085885,1058.7086481669928,196.97258137747778
4.033950037472628,1562.9586838913633,197.11690517101584
4.03461352138486,1180.7580896461648,197.26157794501393
4.035277014446472,1712.2550252715178,197.40656649490282
4.0359405075080845,1032.6125957242289,197.55187796190629
4.036603999614626,1779.761203799612,197.69751072154617
4.037267329677543,1367.328502839858,197.84343103962533
4.03793065974046,1399.5245204017842,197.98966927341837
4.038593989803376,1335.3285870371606,198.1362356652002
4.039257319667295,1363.5174186148943,198.2831296248399
4.039920647434174,1255.8715649783087,198.43034869419293
4.040583975201052,1627.5896861294004,198.57789224319242
4.041247302967931,1261.3745429415262,198.7257706695965
4.041910637624165,1432.1056033647383,198.87397792194378
4.042574006707005,1341.6147232791916,199.02252697687
4.043237375789846,1366.9573302237893,199.1714050378554
4.043900744872686,1221.272767010608,199.3206216048224
4.04456407369282,1453.3728402774054,199.4701649338734
4.045227279815141,1327.2181596670127,199.62001613847514
4.045890485937464,1336.824727764286,199.7702006624092
4.046553692059786,960.9704287788056,199.9207297133115
4.047216924463165,1718.29280142103,200.0716078147684
4.047880210919228,1322.2001367159614,200.22283231002854
4.048543497375291,1289.3231773910913,200.37440569844583
4.0492067838313535,1413.8694247597186,200.52632374112852
4.0498700039757045,1299.7831021422803,200.67856960901744
4.05053312749669,1393.5355404892857,200.83114277705135
4.051196251017677,1364.2052786179377,200.98381945925823
4.0518593745386635,1642.8942765480056,201.10023683105638
4.0525225170522665,1340.614950037637,201.19958670749105
4.0531856796067505,1513.2999929529549,201.2989801990429
4.0538488421612335,1513.0915871876937,201.398518131925
4.054512004715717,1351.4391377288416,201.49820216518364
4.055175190629917,1421.731297819108,201.5980366676941
4.055838394479783,1352.3277433742182,201.69802553090906
4.056501598329649,1379.355535752706,201.798158683779
4.057164802179515,1241.0296250289844,201.89844444183558
4.057827900949481,1114.9049134560262,201.99886265471204
4.058490941889705,1233.2184355670363,202.09942391529341
4.059153982829929,1263.99677788501,202.2001339544299
4.059817023770153,1286.0446169294698,202.30100011507707
4.060480122874694,1153.7979660023548,202.40202025990666
4.061143244138936,1379.4353494072136,202.50319487291912
4.061806365403179,1129.0109787715066,202.6045201057638
4.062469486667421,1187.2815270098477,202.7060037311386
4.063132477139138,1207.7745221777577,202.80761459845075
4.0637954355191654,1277.9894200006074,202.90937489974294
4.064458393899193,1255.3947236328374,203.01128863309887
4.0651213522792204,1362.7894282168152,203.11335718757067
4.065784345080416,1817.3060076981917,203.21558044774645
4.06644734250478,1248.22899241974,203.31795956582562
4.067110339929146,1537.03960394117,203.42049890920572
4.06777333735351,1193.211643002549,203.5231890993479
4.068436334777876,1132.4110492729214,203.6260389175403
4.06909933220224,1435.4734322337863,203.72903940252945
4.069762329626606,1744.3211257257685,203.8321962981453
4.0704253208885826,1621.7619631899051,203.93551523226463
4.071088155466858,1523.0667338532037,204.0389636213192
4.071750990045134,1353.889005531795,204.14256405416344
4.07241382462341,1015.2152060938965,204.24632770358372
4.073076668495587,1521.1216653714018,204.34991765899227
4.073739583385728,1421.1710923462708,204.40327933069966
4.074402498275869,1317.7477796247942,204.384862342878
4.075065413166009,1355.1483592331945,204.3659804598493
4.075728304549675,1223.9184901713672,204.34710336804005
4.0763910978709745,1375.4435029818742,204.32822872165696
4.077053891192274,1367.6401802551504,204.309364865956
4.077716684513574,1503.3607410539666,204.29050615410017
4.078379499598417,1273.0584957520896,204.27165261476432
4.07904237322915,1447.9260994214837,204.25279622135125
4.079705246859884,1842.1227361355461,204.23395121454402
4.080368120490618,1495.2683200089698,204.21511168950394
4.081030937400896,1144.8061729854549,204.1962740543009
4.081693648223649,1856.376191707713,204.17744699699557
4.082356359046402,1369.4394703844116,204.15862663315372
4.083019069869156,1202.4112241564958,204.13981035718402
4.083681779764961,1497.2642906065219,204.12100037543527
4.084344488409414,1031.368651283534,204.1021942268375
4.085007197053867,1089.3425389283366,204.08339463036484
4.085669905698319,1111.2939573117299,204.06459915293118
4.086332635042752,1362.4294549148037,204.04580980785107
4.086995384926075,1512.604289406661,204.02701873014456
4.087658134809398,941.1421948424727,204.00823864402986
4.088320884692721,1366.9080674301947,203.98946463230126
4.088983540395224,1625.0855006292936,203.97069641382788
4.089646127508659,1464.816456942126,203.95193519070045
4.0903087146220924,1648.9430979900903,203.9331793461187
4.090971301735527,1432.7446945946328,203.91442827480554
4.091633941446032,1370.7812485664554,203.89568088839243
4.0922966088567465,1521.4223244461975,203.8769399083996
4.09295927626746,1610.6154182816017,203.8582029303644
4.0936219436781744,1266.913863796785,203.8394696958558
4.094284492089917,1376.9510209081297,203.82074595878373
4.094946996756128,1209.9935940286407,203.8020719944224
4.095609501422338,1310.9542324513932,203.78988695734014
4.096272006088548,1085.9114156986302,203.82190262393993
4.09693454229257,1454.0576480572174,203.85422923163512
4.09759708603285,843.1032127347635,203.88657188359062
4.098259629773129,1299.1702029023327,203.91892532673614
4.09892217351341,1247.3543564812308,203.95129854232687
4.0995847536317,1745.730379193051,203.9836869365036
4.100247338590329,1381.2748068121814,204.01609199013816
4.100909923548958,1205.0375786379498,204.04851275626012
4.101572508507586,1296.3531089229332,204.08094867622899
4.1022349375402944,1032.9570389943638,204.11339038120872
4.102897359779797,1282.4836534520566,204.14584889390864
4.103559782019299,1696.6931565547095,204.17832256413874
4.104222206963803,1442.0477049245987,204.21081190400656
4.104884709490861,1308.3710921875772,204.24332185732783
4.10554721201792,776.1120816075468,204.27584265514068
4.106209714544979,1739.8075161111487,204.30838541138482
4.106872199356848,1426.478588769286,204.3409380853982
4.107534539190151,1182.6447040532198,204.3735028869524
4.1081968790234535,1450.90710018115,204.40608271075675
4.108859218856756,1653.4619925679012,204.43867334452673
4.109521565875334,1147.9089646870252,204.47128546927146
4.110183944793489,1431.114774935606,204.50390701553147
4.110846323711643,1169.6050183914708,204.5365517593782
4.111508702629797,1443.5673578179567,204.56920862851578
4.112171081547951,1149.8158507441847,204.6018844368232
4.112833460466105,1482.0350489338834,204.63457431693539
4.113495839384259,1350.8459580668912,204.6672809929947
4.114158218302413,1227.6463464239418,204.6999956490171
4.114820543094654,1143.4938436602351,204.73273190345282
4.115482759357092,1223.6471191276614,204.76547598560384
4.116144975619529,1303.5640169055982,204.7982354373873
4.116807191881968,996.1566318178292,204.8310067114472
4.117469440815083,977.8305696271962,204.86390828410205
4.118131737352923,1372.5278890755028,204.9133152756945
4.1187940338907625,1177.6556960936007,204.96646383413307
4.119456330428601,1208.1768530271195,205.01967223590106
4.1201185487482235,1435.7175119704439,205.07292010830062
4.120780682655698,1096.7418124056235,205.12620015299572
4.121442816563172,906.8153041581187,205.17951655572915
4.122104950470646,1073.3268137692753,205.23287947786255
4.122767106065463,1013.972666166527,205.28628488683268
4.123429279071245,1134.3321114789871,205.33973794054765
4.124091452077027,1355.2073728668752,205.393227960138
4.12475362508281,1138.1685742750944,205.4467589537261
4.125415823941858,1404.2852974702482,205.50033760752862
4.126078038119872,1468.682709067028,205.55395412763855
4.126740252297886,1418.6086272193168,205.60761628404
4.127402466475901,1115.5636490690915,205.66131676554696
4.128064566600147,829.9553998870335,205.71505401505593
4.12872661817314,1501.5499034182392,205.7688261702832
4.129388669746131,1301.6370254218589,205.82263995591893
4.130050721319123,1128.3576627138102,205.8764992363356
4.130712835070581,1197.94991700741,205.93040305131876
4.1313749669092505,1068.9986141136287,205.98435314134684
4.13203709874792,1019.9455550523879,206.0383449195279
4.1326992305865895,1286.4266071629022,206.09237867712434
4.133361224613571,1318.5046786915152,206.14644601875017
4.1340231938725545,1773.159594874473,206.20054735891614
4.134685163131538,1260.0011340783396,206.25469748746417
4.13534713239052,1250.8689620052232,206.3088854698228
4.136009137645875,1057.9378915478485,206.36312143221903
4.136671146013914,1337.5505040748662,206.41740109656254
4.137333154381952,898.0818138281901,206.4717182668978
4.13799516274999,1135.897701441616,206.52608115699985
4.138657171118028,1358.1522677890246,206.58048942740479
4.139319179486066,1406.921213930401,206.63499296126622
4.139981187854104,1337.2502127764803,206.6978536180041
4.140643185666456,899.5001322414411,206.76897432700068
4.141305031492798,1150.118009543416,206.84020538320635
4.141966877319138,1173.7074806158894,206.91151626827573
4.14262872314548,1355.1277162271663,206.98289531461356
4.143290579963575,1083.9401186648893,207.05435451511565
4.143952506043438,1346.763429545588,207.12588996770427
4.144614432123301,1209.8010754457875,207.1975067166888
4.145276358203165,1231.7381061595097,207.26919304770897
4.145938250359321,1505.1287459314196,207.34095153924727
4.146600013922804,1169.478964628816,207.41277276625473
4.147261777486286,745.9233987095796,207.48467025726023
4.147923541049769,882.1500203166346,207.5566372291388
4.14858531557824,1543.634448848952,207.62868408198784
4.14924711826419,1533.1445240417636,207.70080904058761
4.149908920950141,1386.4683199149727,207.7730080244584
4.150570723636092,1461.4826476706419,207.84528266232516
4.151232540770428,1118.4984766338812,207.91764149455977
4.151894384582571,1562.9154019195403,207.9900711035946
4.1525562283947135,1143.6376873796341,208.06258095159365
4.153218072206856,1410.002574151596,208.1351610361238
4.153879847349066,1370.3181863757452,208.20781525202779
4.154541528670137,1016.5673898467073,208.28053647651655
4.155203209991209,1269.6210805197577,208.35333135977993
4.15586489131228,1480.7747026300506,208.42620592064114
4.15652661224589,1458.7865839937951,208.4991574646694
4.157188373810759,1238.5095547014791,208.57218758777108
4.157850135375628,1236.729287671778,208.6453007786624
4.158511896940497,1171.344638724616,208.71849281713233
4.159173566801054,1172.3801267821684,208.79174378500738
4.159835165900153,1153.894815935019,208.86507146773076
4.160496764999253,1338.286266365955,208.93847342636468
4.161158364098351,1157.6393142081,209.01200452106795
4.161819961948089,974.0398412253321,209.09276255329624
4.16248155907972,1460.659206255861,209.20809434728102
4.163143156211351,1282.3185153460697,209.32384507798906
4.1638047533429825,1536.8711837106682,209.43978681230817
4.1644663794437475,1141.853424707909,209.55593063339794
4.165128017676027,1345.285813816915,209.67226947726482
4.1657896559083065,1118.8407699765812,209.78880111721656
4.166451294140585,1551.177276221752,209.90552322310316
4.167112806507157,1326.8673518261398,210.02242214536037
4.167774282311605,1331.08254291752,210.13950990117922
4.168435758116053,1068.3964758554803,210.25679851621692
4.169097233920501,1081.8253729823577,210.3742763127895
4.169758777498747,956.324053861312,210.49196575055583
4.170420333534836,1318.4306745184113,210.60985815165336
4.171081889570925,1181.2066719251482,210.72794565618707
4.171743445607015,1825.3613609476643,210.84623627164353
4.172404853157375,1293.5065295833178,210.96469631388484
4.173066246790915,1304.3349510362445,211.0833542240239
4.173727640424456,1351.5655486827752,211.20221427946214
4.174389034057996,950.253896510144,211.32127379095118
4.175050506606012,1525.9374563408628,211.44054891275152
4.175711980466332,1004.7164597733303,211.56002559180035
4.176373454326651,1024.6455857670348,211.67971130127464
4.177034919624106,1389.2577673444641,211.79959459982828
4.177696231107151,1519.896372326792,211.91965042144886
4.178357542590197,1329.9158484053157,212.03991524561948
4.1790188540732425,1098.7484021553798,212.16038101916047
4.179680170316455,846.4499080449247,212.28105796725865
4.18034152095139,1295.9714866412244,212.4019434590249
4.181002871586325,1173.9923571210745,212.52304388917332
4.1816642222212606,1467.5863889874543,212.64434369397057
4.182325572856196,1473.5916037442566,212.7658529474085
4.182986923491131,1127.0604431751176,212.8875695157634
4.183648274126067,1380.557038945646,213.00990446579934
4.184309624761003,1733.4127069668468,213.19289118534826
4.1849709440687075,1210.8425428082187,213.39027008323114
4.185632173421664,1631.345179288355,213.5882614340987
4.186293402774619,1309.876948381903,213.78679729562094
4.186954632127575,1394.1872464759167,213.98589696987062
4.187615887684246,1439.8330929555893,214.18555437690745
4.188277197254256,1526.3834298596516,214.38579394555174
4.188938506824265,1346.3255525986751,214.58659700210168
4.189599816394274,1354.7609863181697,214.78796207875178
4.190261061881679,1125.164540243606,214.98987422165723
4.190922209124943,1112.62754460382,215.192329552041
4.191583356368206,1508.7027883699736,215.39535074441375
4.1922445036114695,1044.1391169723927,215.59895448221226
4.192905649984043,1777.5240915536767,215.80313723412027
4.193566795345332,1357.6754926807546,216.00789444648223
4.194227940706621,1457.8705276126482,216.21324028604212
4.19488908606791,1417.0788624642612,216.41917226609087
4.195550253173984,1368.840885563666,216.62569872307574
4.196211439579806,1772.9635615576165,216.83282071267743
4.1968726259856295,1255.9411033862837,217.0405420904407
4.197533812391453,1368.1043747868093,217.2488630006294
4.198194901883562,1579.6940835334055,217.45774908041517
4.1988559260005145,1587.0449391439615,217.66722388078423
4.199516950117468,1176.510204491821,217.8772978962792
4.200177974234421,1365.531037586875,218.0879845205903
4.20083905163202,861.3753388817156,218.29930192214562
4.20150015595387,1370.964076022812,218.51123834481635
4.2021612602757195,959.8335562699132,218.723798382662
4.202822364597569,1364.2237502415776,218.9369773096885
4.203483350272063,1317.656273394752,219.15074105659608
4.204144292330285,1215.966737012035,219.3651201068575
4.204805234388505,1341.2896224637625,219.58012913398443
4.205466176446727,1698.9614207156817,219.79485157543894
4.206127149761482,1067.7091218489961,219.87119134007577
4.206788130995578,1302.4309217395098,219.77904335063874
4.207449112229675,1484.6031471970587,219.68589707797506
4.208110093463771,1453.0063165543002,219.5928675327319
4.208771074697868,1137.9213761416663,219.49995583163684
4.209432055931965,1458.4905042763053,219.40716336809373
4.210093037166062,1396.8850107258475,219.31448979371578
4.210754018400158,1340.987588601754,219.22193079028668
4.211414848735762,942.7236858201456,219.1295107862392
4.212075667744078,1530.3335726690493,219.0372078611385
4.2127364867523935,1497.6033091829986,218.94502358083326
4.21339730576071,1281.8727405646075,218.85295396016534
4.214058204648512,1517.4922502144875,218.76099131416802
4.214719103849567,1602.9197287914237,218.66914357744392
4.215380003050622,1576.527871873842,218.5774081624476
4.21604089223294,1622.5864287955005,218.48579252242155
4.216701629233437,1461.3879430886489,218.39431484023072
4.2173623662339335,1314.7402530863462,218.30294838789783
4.21802310323443,994.1566662367344,218.2116962660298
4.218683845219681,1274.473575839295,218.1205607362134
4.219344621409345,1428.9355597419587,218.02953312133232
4.220005397599008,1078.6976815906614,217.93861919634264
4.220666173788673,1644.247681117468,217.84781731582268
4.221326949978336,2108.921810927854,217.75713067364308
4.221987726168,1418.7113569124426,217.66655741049533
4.222648502357663,1160.5448367950362,217.57609633685365
4.223309278547328,1323.4752054061876,217.48574686045654
4.223970013048182,1064.2839768844467,217.39551354536817
4.224630627075106,744.5079121466027,217.3054148759671
4.225291241102031,1121.7958118845888,217.21542231771718
4.225951855128955,1463.9052008471467,217.1255462586463
4.226612494956175,930.4404739622573,217.0357742539615
4.227273189163681,1499.1320035642138,216.94618007213765
4.227933883371188,1360.6222077692416,216.86792638799963
4.2285945775786935,1524.9640238559075,216.93103265377832
4.229255209163743,1242.3394142194472,216.9951278614976
4.2299157412337145,1262.8981064039779,217.05927048195724
4.230576273303686,1434.183224077063,217.12347569446652
4.231236805373656,1120.7240269111912,217.18773276647198
4.2318973551019505,1545.86165763496,217.25205297475472
4.232557926374357,1012.4140945228514,217.31643329984965
4.233218497646762,1421.6092940470016,217.380870809077
4.233879068919168,1344.7316802302319,217.44536574625118
4.234539661258403,1661.5292382394414,217.50991893158724
4.235200273504093,1313.0141099005245,217.57453197613438
4.235860885749782,1479.114937788764,217.63920031264752
4.236521497995471,1385.534317969137,217.7039291538083
4.237182016519964,1276.5057206508195,217.76871176050432
4.237842466653314,1530.432282376011,217.8335419415976
4.238502916786664,1320.564961537017,217.89842441627465
4.239163366920014,1491.437821875376,217.96337112663457
4.239823868510682,1540.529167426915,218.0283818869991
4.240484398814887,1137.8688339772227,218.09345269478567
4.241144929119092,1578.4734552937687,218.15858213455195
4.241805459423297,1219.440914073828,218.22377041054955
4.242465875403826,1360.0175584656029,218.2890051520124
4.24312624362088,1437.466604809396,218.35429515533974
4.243786611837934,1287.2149371165972,218.41964524708067
4.244446980054988,1441.9105893628673,218.48505308507242
4.245107346938716,1296.0506807709987,218.55051961582532
4.245767713420921,929.2863408879969,218.61604684158365
4.246428079903126,1301.1632395072659,218.68163044354796
4.24708844638533,1422.2950527564421,218.74727484363427
4.247748846897464,1280.6985877383072,218.81298104686596
4.248409254327551,1522.5904527906623,218.87874964206787
4.249069661757637,1412.609012077252,218.94457669995123
4.249730069187723,1317.5904482183282,219.0145579808767
4.250390331778261,1413.7158825485765,219.6969581774851
4.251050577158966,1444.5484620211537,219.75113900017374
4.25171082253967,1126.1870668532254,219.8011179660702
4.252371067920374,1466.0015929714764,219.85113068632143
4.253031389956747,1297.484514679622,219.9011800008466
4.2536917154961476,1346.7564348699393,219.9512675120869
4.254352041035549,1190.60833877155,220.0013917627926
4.255012363568641,1293.8900399432716,220.05154907402957
4.2556725270838305,1519.4344089109902,220.1017255083275
4.256332690599019,1413.4410649508175,220.15194138355804
4.256992854114208,1342.762276636603,220.20219259778673
4.257653017492737,1226.7701553316247,220.25247413750037
4.2583131793116795,1578.5905063259895,220.3027959845401
4.2589733411306225,1383.3331083113073,220.35315261183248
4.259633502949565,1381.5795394999093,220.4035410988592
4.260293670573189,920.7623714173395,220.45396824722303
4.260953873314634,1436.8135288683743,220.50443055999958
4.2616140760560794,1376.3344605883642,220.5549339371417
4.262274278797525,1702.151673140203,220.60546694034912
4.262934448595921,1871.525978166017,220.6560339069057
4.263594489350895,1306.725653331756,220.70662697779
4.26425453010587,1434.456089419383,220.75725767843002
4.264914570860844,1397.9681978536191,220.80791973153717
4.265574632826475,1271.855181558212,220.8586196342064
4.2662347537279866,1569.37956372266,220.9093623755523
4.266894874629499,1553.0513540219154,220.9601380475507
4.267554995531011,1529.565297983002,221.01094870252948
4.268215063684379,1814.8392337954513,221.0617959998713
4.268875022624571,1698.0200806836754,221.11266741106294
4.269534981564763,1440.7991652613,221.1635753572975
4.270194940504956,1163.4727465228548,221.21451818203434
4.270854914610202,1347.7636134261834,221.2654981319362
4.271514912789851,1846.0572625947184,221.31652196771154
4.2721749109694995,1127.8857078084188,221.36879002900977
4.272834909149149,1705.8980144442398,221.42468414616533
4.273494907328798,1171.1420408468437,221.48064103419856
4.274154905508448,1394.5216233158098,221.5366357592456
4.274814903688097,1689.0243574810013,221.5926744933757
4.275474901867746,1940.6493711753894,221.6487504360945
4.27613481793916,1414.0108807490997,221.70486572577457
4.276794654195202,1415.9132157841323,221.76101209887798
4.277454490451243,1398.2520822365739,221.81719991993
4.278114326707285,1588.150441393244,221.87343416569053
4.278774208410631,1240.4471957603469,221.92971117880558
4.279434124801052,1676.9620312031514,221.9860340611543
4.280094041191473,1312.770720616131,222.0423984185899
4.280753957581894,1679.9550157764845,222.0988028187696
4.28141377246956,1545.6719278689375,222.15524319585444
4.282073526961505,1613.2431595555029,222.2117186748012
4.28273328145345,1681.7680625770918,222.26823592605922
4.283393035945396,1533.4312176226867,222.32479914013138
4.284052845448132,1700.9260635042012,222.3814029165224
4.2847126800695925,1340.148276445758,222.43805646018743
4.285372514691054,1407.8163249301908,222.49475015944213
4.2860323493125145,1407.1060557601004,222.55148474824753
4.2866920632008005,1003.7847635312684,222.60825526741746
4.287351735948911,1652.2685598834814,222.66506120483785
4.288011408697021,1438.994810173793,222.72191096205637
4.288671081445131,1541.0783101910447,222.77880368005418
4.289330785793166,1767.6473696526077,222.83574250327013
4.289990497799175,1058.8339580884117,222.89272293335372
4.290650209805183,1236.3186493191563,222.9497473676981
4.291309921811192,1557.5326761712063,223.00681268097736
4.2919696338172,1239.0324297291731,223.06392306842824
4.292629345823209,1043.371874996162,223.12107222847382
4.293289057829217,1156.6586644453143,223.17826964229775
4.293948769835225,1472.8520117291469,223.23567361941437
4.294608332609458,1491.7330857577995,223.31721257385362
4.29526788277979,1485.2010696840728,223.40442938333058
4.295927432950121,1493.604469761567,223.4917876529905
4.296586983120452,1428.0389192855487,223.57924908918582
4.297246611843348,790.6541574566053,223.66682666191252
4.2979062421310354,1138.0666398158285,223.75450232744987
4.298565872418722,1682.1218173117331,223.842284984508
4.299225496464693,1449.0041063782453,223.930168073006
4.29988496494181,1509.7673839278348,224.01813820307666
4.300544433418926,1206.5001482649204,224.10620967201746
4.301203901896043,1256.4357505074647,224.1943868913785
4.301863374160284,1309.442532570097,224.28267083932556
4.302522881908441,1233.6077438800824,224.37105939973955
4.303182389656599,1487.0583839081228,224.4595564243346
4.303841897404757,870.8535401739593,224.54815538913795
4.304501405152915,1143.2324517780823,224.6368613040131
4.305160912901073,1752.8371119463877,224.7256742867859
4.305820420649231,1236.524309720498,224.81459048297359
4.306479928397388,1076.6132801975737,224.90361890640412
4.307139401982075,1215.9811986277384,224.9927405972421
4.307798747957307,1847.2098380014847,225.08195638057524
4.308458093932539,1316.1246754407734,225.1712785102782
4.309117439907771,888.0693278445165,225.26070589658903
4.309776807376072,1375.1050900294072,225.35024259430165
4.3104362334565005,1352.5937965948644,225.4398936314043
4.311095659536929,1329.4528661193795,225.52965607138702
4.311755085617357,1542.3974555530197,225.6195209775655
4.3124144590981475,1290.152608131818,225.7094931746031
4.313073723430738,866.6911795150581,225.79955355358263
4.313732987763328,1388.7154283070943,225.8897222626788
4.314392252095918,1278.2041652493097,225.97999964073986
4.315051531428613,1356.9170251920737,226.07039072708417
4.315710835045365,1290.7675629527075,226.1610096636018
4.316370138662116,1510.7241126681802,226.26976139333192
4.317029442278867,1721.6526542410127,226.41014258746696
4.317688745895618,1630.387185969206,226.5509901291308
4.31834804951237,1108.319605904303,226.69210886264494
4.319007353129121,992.4587275583875,226.8334877407634
4.319666656745872,1279.1256924976065,226.9751332150925
4.320325880455034,1726.003554630889,227.1170247682456
4.3209850223615645,1236.4173259120262,227.25916810683543
4.321644164268094,1945.8545006890963,227.401577162528
4.322303306174625,1777.5144569022839,227.54425593994546
4.322962492136236,1206.9675016985748,227.68721239220014
4.323621714135803,1508.1013564436664,227.8304449738369
4.32428093613537,1341.2801067315027,227.9739486365654
4.324940158134936,1400.7274171155989,228.11772921527785
4.325599282199723,1652.967934195018,228.26175431156642
4.326258342514137,1442.3014618293205,228.40604012576247
4.326917402828552,1590.5289727994868,228.55060374598472
4.327576463142967,1625.7887574932158,228.695438481639
4.328235549438087,1632.7729230097848,228.84055759017622
4.328894649049759,1404.8558299538759,228.98595494919678
4.32955374866143,1444.0029707007902,229.1316285875088
4.330212848273102,875.5949014777156,229.27758490854563
4.3308719478847735,1215.5718104619,229.4238202411629
4.331531047496445,1505.295255934498,229.57032984834478
4.332190147108117,1304.980400853699,229.71712702366847
4.332849246719788,1270.2000965367304,229.86420275329453
4.333508221701821,1229.5302914912952,230.01153481622515
4.334167159665929,1610.023082967522,230.15914429351835
4.334826097630038,1581.3094397567465,230.3070367752185
4.335485035594147,1517.2019183833486,230.4552133424119
4.336144039679722,1390.8425364895647,230.6036932180559
4.3368030577247065,1636.0782699410154,230.75246279288987
4.337462075769691,1376.4030097046293,230.90152062894663
4.338121093814676,1507.384479228437,231.05121076459898
4.338779969611331,1242.3794029856776,231.25276240140508
4.3394388260338035,1610.5994852939184,231.46131687369393
4.3400976824562765,1235.5493384684617,231.6704777983472
4.340756538878749,1361.210410769211,231.88020308024443
4.3414154320298906,1603.7859436357903,232.0905062387445
4.342074327762692,1606.0399108566528,232.30138515726054
4.342733223495493,1165.8076661348598,232.51283626716312
4.3433921192282945,1271.9016362006485,232.72486768490404
4.344051014961096,1200.3657355121343,232.9374763382267
4.344709910693897,1777.6876186803074,233.15066575468714
4.345368806426698,1382.0975265263594,233.3644415381121
4.346027695413643,1434.7736784212168,233.578800398796
4.346686429561493,1063.0163399261455,233.793700696007
4.347345163709344,1677.1965851698533,234.0091924240391
4.348003897857194,1332.6266028441955,234.225279035886
4.348662639628775,1299.0177726756788,234.44196591120337
4.349321453845341,1622.2831051147184,234.65927804887585
4.3499802680619055,1388.0010374885148,234.8771925820536
4.350639082278471,1216.6877964130476,235.09571629735197
4.351297872513487,1581.0599333214961,235.31483944575234
4.351956525170133,982.5972742858644,235.53452616674522
4.352615177826779,1120.3745870894934,235.75483317453916
4.353273830483426,1824.5943367673085,235.9757558662972
4.353932491060429,1431.513977141655,236.19729664454093
4.354591183040453,921.8065663435294,236.41947913330566
4.355249875020476,1178.0548005179337,236.64228333492684
4.3559085670005,1756.7160243636686,236.8657152156974
4.356567258980523,1516.9170591176764,237.08978121530342
4.357225950960547,1286.9385561138286,237.31448214942526
4.35788464294057,1557.0879698796434,237.5398229085633
4.358543334920594,1332.8885997757625,237.76580354416248
4.359201977410726,1345.9318808135379,237.99241122393119
4.359860507868364,1422.6092610559342,238.21909908524174
4.360519038326002,884.3590860537192,238.36624908219397
4.361177568783639,1495.1309967821312,238.39737697202426
4.361836127952966,1610.705598056387,238.42774156007178
4.3624947384671575,1161.481036314887,238.45812068603186
4.36315334898135,1138.408624409796,238.48851481584836
4.363811959495542,1642.18968908581,238.5189166803899
4.364470503691721,1295.0056756298286,238.5493283499823
4.36512895270854,1568.2509884607741,238.57975066205617
4.36578740172536,1430.888510625394,238.6101832975123
4.366445850742179,1455.5811772467443,238.64062248787081
4.367104299123726,1389.0938563816007,238.67107897958908
4.367762746766693,1229.3476673160574,238.70154366468427
4.3684211944096605,1351.9605202483133,238.7320205598497
4.369079642052628,1636.7773223946328,238.76251072128497
4.369738110597369,1564.0363496644325,238.7930103994761
4.370396598950591,2037.725352592403,238.82352656974567
4.371055087303811,1625.0131311752975,238.85405598303092
4.371713575657033,1058.6435791300132,238.88459117584623
4.3723719728343085,1982.5729398335527,238.9151376072911
4.373030299727662,1361.6443177585484,238.94569123151166
4.373688626621016,1432.2337522051866,238.9762542264758
4.374346953514371,1827.765474147249,239.00683546667779
4.375005329692871,1871.2452852467643,239.0374268801027
4.375663736630618,1360.3924521175948,239.06803195768018
4.376322143568365,1219.5224986134156,239.0986487427789
4.376980550506112,1625.4903980913016,239.12927513238768
4.377638849846886,1205.743722826966,239.1599059977821
4.378297095349761,1406.9562994156772,239.19055347179233
4.378955340852635,1736.0386989124056,239.2212079254271
4.37961358635551,1532.9485630611368,239.2518746380847
4.380271830900638,1416.8476132751705,239.28255484919953
4.38093007506782,1324.9283195567748,239.31324524763963
4.381588319235001,1372.7499099811105,239.34394888867226
4.382246563402183,1375.666163013658,239.37423735587112
4.382904838768556,1416.6356305616332,239.34038232047953
4.383563123620833,1032.3580443429169,239.2990465712969
4.384221408473111,1726.327387535974,239.25768231877387
4.384879693325389,839.2681198592757,239.2163444766784
4.385537846333017,1542.8869925861477,239.1750330363556
4.3861959697879,1034.502469610888,239.1337434136227
4.386854093242782,1965.9684968840802,239.092477160233
4.387512216697664,1370.327452430037,239.05123067138598
4.3881704095164205,1023.617971142177,239.0100043203925
4.388828613003534,1459.7648899420142,238.96879677279952
4.389486816490649,1332.5748028548053,238.92761152443575
4.390145019977764,1492.5494740257318,238.88644314726932
4.390803075605823,1255.147797248326,238.84530994615832
4.391461117720518,1329.805277645418,238.80419988405205
4.392119159835214,1245.3630365883394,238.76310704054947
4.392777201949909,1033.7722006310669,238.7220375629045
4.393435321337123,1623.4179388117184,238.68098481956298
4.3940934434791865,1001.5058427552477,238.6399503546786
4.394751565621249,1196.3190702583925,238.59894142917315
4.395409684804328,1149.4655875610133,238.5579501564497
4.396067604946435,1383.3959929567866,238.51699401705525
4.3967255250885415,1500.6809789691783,238.47605714025576
4.397383445230648,998.4617894197919,238.43514505265466
4.398041367862225,1237.8561096493818,238.39425048825615
4.398699327374488,1479.3245617204716,238.3533761799231
4.399357286886752,1559.7335572141706,238.31252110253442
4.400015246399015,1180.8207389935783,238.27168889750942
4.400673205911278,1457.827055341519,238.2308776497445
4.4013311654235405,1504.0183252242855,238.1900875461055
4.401989124935803,1743.5652032168193,238.14931563102243
4.402647084448066,1456.027301245388,238.1085650714145
4.403305018245659,1520.727565323836,238.06784447850282
4.4039628164603855,1519.852943931497,238.0275181857649
4.404620614675112,1182.855060725618,238.04374052901798
4.40527841288984,1302.6748011670916,238.1524644445552
4.405936227689245,1295.2369667752184,238.26196004859656
4.406594105916745,1388.7078417287207,238.37161676572384
4.407251984144246,973.2210310541881,238.481423386485
4.407909862371746,1203.4092307503292,238.5913823808714
4.408567699493634,1114.625056263184,238.7014915552562
4.409225416448545,1442.7708512262104,238.81172801163882
4.409883133403455,1382.586653103086,238.92212163558912
4.410540850358366,1403.9280397883479,239.03266468686155
4.411198579216663,1307.2760177237744,239.14336650512317
4.41185633555467,1156.6337313972488,239.2542317434623
4.4125140918926755,1404.8703570211953,239.3652453420587
4.413171848230682,943.7958690123834,239.47641833101227
4.413829604568689,1592.328200398436,239.587744078079
4.414487360906695,1340.0796884021997,239.69922856184004
4.415145117244702,1970.7523354225868,239.8108644817599
4.415802873582708,1347.5917558399794,239.92265662683445
4.416460566072211,1538.644914897091,240.03460308936667
4.417118161175034,923.1949945152423,240.14668358508138
4.417775756277856,1196.1564085533187,240.25892111996825
4.418433351380678,1353.7164109070854,240.37131914986824
4.419090981893927,1266.3269670693617,240.4838799916042
4.41974865699736,1562.1424563082335,240.59660862094358
4.420406332100794,1126.0197829013964,240.70949324095807
4.421064007204227,1463.9126729720983,240.822541129533
4.421721603473641,1666.9925072003994,240.93573196479144
4.422379117366818,1378.3002509849405,241.0490729053273
4.423036631259995,1022.2673072555655,241.16257011567154
4.4236941451531715,1520.8007940813616,241.27623180562378
4.424351658404852,1170.6252555006463,241.39005183406314
4.425009171099321,1286.3287335694286,241.50403734056434
4.425666683793789,1457.2160623101627,241.61818020275402
4.426324196488258,1098.5674187539241,241.73234641010473
4.426981732750657,1760.4081785794551,241.825343336204
4.427639286039847,1204.7664663832504,241.91412259323957
4.428296839329036,1381.1745952398344,242.0029751243757
4.428954392618225,1197.948036421472,242.09192079387702
4.429611844977622,1135.6283625598894,242.18095243340235
4.430269237093932,1403.8714342267158,242.2700745786797
4.4309266292102425,1472.1767437513608,242.35929034057764
4.431584021326553,1237.5649458130774,242.44860966510305
4.432241467165575,1865.7824038274766,242.53803681034185
4.432898939270334,1174.6274970776299,242.62756175643366
4.433556411375093,1675.0963689214748,242.71718965736997
4.4342138834798535,1564.3321768513786,242.8069151002596
4.434871240074252,1624.9133514436935,242.89672439883935
4.435528551031042,1398.3907167656585,242.9866281639252
4.436185861987832,1392.2652602923376,243.0766274617852
4.436843172944623,1263.3021835400498,243.1667345810917
4.437500483017236,1461.5824809672285,243.25693367618143
4.438157792813262,1427.3080582816035,243.3472384343006
4.438815102609287,1409.674762458351,243.43763858691477
4.439472412405313,1157.1329259832062,243.52814621282747
4.440129722201338,1479.2960173976057,243.6187486551679
4.440787031997363,1285.0683572707514,243.7094561205088
4.441444341793389,1275.7491121631567,243.80026289925644
4.4421016515894145,1264.3766376600151,243.89117311563368
4.44275882443626,1150.4149059145145,243.98216555899032
4.443415973134113,1501.2324475628104,244.07325363088475
4.444073121831965,1591.7876457565562,244.16444691914162
4.444730270529817,1371.932748037307,244.25573642616405
4.4453874907277315,1439.6515625320012,244.34714336917142
4.4460447193994375,1344.2183141697178,244.43865675948186
4.446701948071144,1230.5826183431793,244.530270115255
4.44735917674285,1628.1593381879934,244.6219868826156
4.448016254369026,1492.9122982619751,244.71414756652817
4.448673321967447,1453.349626424268,244.86162449386399
4.449330389565867,1434.6625388264968,245.15253602789704
4.449987457164288,1512.5452453529251,245.44545245138247
4.450644563445922,967.7207512346029,245.73943906595463
4.451301670468689,1346.2830897031754,246.0344812477649
4.4519587774914555,1358.1388168213823,246.33059416341194
4.4526158845142225,1563.7067409929036,246.62778173799813
4.453272991536989,1656.9917371219533,246.92604877488182
4.453930098559756,1094.4328036285324,247.22540249020443
4.454587205582522,1583.1522626021222,247.52584410752482
4.455244301793547,772.7433240740529,247.82738794096537
4.455901247780345,1343.7221457494009,248.12996514844488
4.456558193767142,1534.2976364452943,248.43365476371065
4.45721513975394,1546.3778027820922,248.73846463733986
4.457872094525591,1601.393193739426,249.04440815492822
4.458529120474079,1250.51471870347,249.35151309118703
4.459186146422568,1730.657090620365,249.65976084292842
4.459843172371056,1334.8502337199116,249.96915612858993
4.460500173790511,1243.3421980072899,250.2796908590304
4.461157038727898,1272.4415308991847,250.59133051348087
4.461813903665287,1166.325893345322,250.90413380816537
4.4624707686026746,1428.2314670911853,251.21811290999233
4.463127633330412,1104.8907655681492,251.5332754061849
4.463784497190348,1811.7261091932282,251.84963132708666
4.464441361050284,1470.4503325392304,252.16718306162107
4.46509822491022,1209.328330113845,252.4859382369946
4.465755098335014,1509.9563722666653,252.8059182632786
4.466412002709589,1206.8373639598592,253.12712997602162
4.467068907084165,1436.494455585762,253.4495697037558
4.467725811458742,1689.9144692066182,253.77324837880846
4.4683826598568235,1757.436439516129,254.09814823928545
4.469039362755375,1426.4174286181449,254.42422052263026
4.469696065653926,1735.9377632085495,254.75156077372438
4.470352768552476,1335.446203094415,255.0791859940098
4.471009496961489,2024.3537460849086,255.26049187310528
4.471666279807136,1273.5149549158998,255.37660518247762
4.472323062652782,1328.9814822911094,255.49244588460627
4.472979845498428,1592.9156239178276,255.60844402635436
4.473636570389632,1701.446328273306,255.72458815855975
4.47429319229874,1100.711378407487,255.84087293165223
4.474949814207847,846.9119424533278,255.95731541219962
4.475606436116956,1073.8195669966394,256.07391747385145
4.476263073841765,1467.479510820108,256.1906842490065
4.47691973520344,1600.4672525081673,256.30760492019067
4.477576396565114,1695.48210687643,256.42469660612204
4.478233057926789,1495.1537447914661,256.54194054622894
4.478889719288463,1334.2329525454809,256.65934971143264
4.479546380650138,1544.7168381152683,256.776917868455
4.480203042011812,1219.762379697756,256.89464985338145
4.480859703373487,1450.1970423278144,257.01254031672397
4.481516287270956,1633.1160693136198,257.1305840318257
4.482172787733348,1576.1288032671707,257.248767264387
4.482829288195741,1468.2500210452301,257.3671205533521
4.4834857886581325,1427.7676513855147,257.4856322804312
4.484142330805343,952.0932812977242,257.6043127917835
4.484798911202668,1217.5610236441494,257.72316945384216
4.485455491599992,1643.2315523462496,257.84219032013743
4.486112071997316,897.1648950893654,257.9613725274186
4.48676856209914,1236.794662087045,258.080708048396
4.48742498162201,1400.7495957830165,258.2001906176787
4.48808140114488,1674.7071258223857,258.3198387373318
4.488737820667751,1142.8252874084415,258.4396585986172
4.489394239593176,1911.743794047495,258.5596428059601
4.490050658121682,1221.772618160036,258.67978776489883
4.490707076650187,1276.7585513684098,258.8001109042185
4.4913634951786925,1286.0920509532114,258.9205968729181
4.4920199395871965,1612.2005705556667,259.04105299224227
4.492676398575424,1392.7603525235302,259.1296307688597
4.493332857563651,1663.9295542741686,258.9361746767879
4.493989316551878,1398.261868896482,258.74127556102457
4.494645638926086,1611.2497280592495,258.54685447736824
4.495301896629771,1198.4967901123134,258.3528867247063
4.495958154333456,1424.3631874250852,258.15936123580553
4.496614412037141,1310.122302340312,257.96627013187447
4.497270727066498,1297.6890045355685,257.773593103847
4.497927064690519,1747.8866797604524,257.5813409639045
4.498583402314542,1536.414631805054,257.3895211408926
4.499239739938563,1313.4468030299267,257.1981269282124
4.499895956059644,1371.369159352204,257.0082882752868
4.500552132883652,1640.9604134956332,256.9832944291816
4.5012083097076605,887.8268204746837,256.99037672860004
4.501864486531669,1334.9202241306937,256.9976601267327
4.502520726784679,1316.9971273424085,257.0049454207579
4.503176983524158,997.3019199199261,257.0122377487198
4.503833240263637,1024.5091557270669,257.01952425876794
4.5044894970031155,1275.1971369728005,257.0268150992957
4.505145620051095,1198.046452640232,257.0341036583761
4.505801716015358,1261.6109197885678,257.0413922325374
4.5064578119796215,1516.13241175705,257.0486825457216
4.507113907943886,1236.5956308193681,257.05596961563725
4.5077700030963035,1136.0243181494518,257.063265912062
4.508426098126489,1252.5494081569882,257.07055760114594
4.509082193156675,1115.07583700422,257.0778498139725
4.50973828818686,1250.7782656358256,257.08514022200995
4.5103944198376675,1433.6044564270337,257.09243343184374
4.511050555287705,1865.0921492221491,257.0997240946241
4.511706690737742,1007.3861521928012,257.10702454405146
4.512362826187779,1560.245034827228,257.11431639003007
4.51301881004333,1413.819362286674,257.12161228062274
4.513674784755336,1367.5573048913839,257.12890892899554
4.514330759467343,1701.4057110757076,257.1374059976551
4.51498673417935,1566.8987231938959,257.32750799160084
4.515642787195036,1321.5491138604632,257.71683373947343
4.51629884181035,1462.5277011571043,258.10925865894126
4.516954896425664,1287.0796603378953,258.50347727490214
4.517610947702224,1177.012880763297,258.8995051633925
4.5182668012067815,1312.078933960987,259.29723655323045
4.518922654711339,1733.5808082087683,259.69679890885095
4.519578508215897,1818.3309129500662,260.0982163509685
4.520234363803518,1246.2590600369454,260.50150514818773
4.520890256809122,1179.1021175282958,260.9066872537104
4.521546149814727,1555.6791942744326,261.31376899668294
4.5222020428203304,1286.2239969648656,261.722759946405
4.522857935825935,1382.9640010240748,262.13367500661735
4.523513828831539,1695.0776836838702,262.54652365956235
4.524169721837143,1419.6022789392878,262.9613384146517
4.524825614842747,1812.7413880364488,263.3781104632718
4.525481487922286,823.9131189639719,263.79685893590164
4.526137220264179,1506.3832262009496,264.2175221651408
4.526792952606072,1238.6758009834336,264.6401988385174
4.527448684947965,1085.8002910572595,265.06490781845815
4.528104430026022,1298.192869747314,265.49167297446655
4.528760242256625,1573.0530499814352,265.92054702883183
4.529416054487228,1651.4355256282822,266.35150252339224
4.530071866717832,1775.8955273726096,266.7845614966177
4.530727647691295,1186.5216257385418,267.2197157287227
4.531383299282946,1033.8952708374661,267.6569184714321
4.532038950874597,1246.7752083090204,268.09626554229993
4.532694602466248,1214.7940716042058,268.53778338156934
4.533350253862514,1196.754635766478,268.98149383119886
4.534005904602787,852.5864489691841,269.4274015217764
4.53466155534306,1727.5472440023962,269.87553123684023
4.5353172060833336,1545.4133670398483,270.3258947161423
4.535972856823607,1559.3788084386033,270.7785242653686
4.53662850756388,1501.8907592482726,271.2290112736837
4.537284158304154,1789.1661816630444,271.0173320502906
4.537939809044428,1375.0180326224488,270.67535590787656
4.53859541195288,1331.8574599973817,270.33385973421747
4.539250902103695,1009.7890663894724,269.9937105065118
4.539906392254511,1608.203940611237,269.65484362476485
4.540561882405327,1360.5157560108466,269.3172500637241
4.541217399057343,1515.4406102961418,268.98091527383957
4.541872969082273,1590.7052493811586,268.64580662662144
4.5425285391072014,1082.2550833119617,268.31194277235346
4.543184109132131,1138.410377140881,267.97932816151257
4.543839620474104,1359.2051853632897,267.64797546100704
4.544495029934312,1704.9748483295502,267.31790517402817
4.54515043939452,1589.7365139988592,266.9890477120688
4.545805848854728,1020.0306421721486,266.66140797076343
4.546461257993258,1265.3687249225861,266.33497263388176
4.547116666647104,970.6118287204754,266.0097282263373
4.5477720753009505,1728.0650004751553,265.6856797080861
4.5484274839547965,1259.9598296926533,265.36281359975726
4.549082910019006,992.1986145372589,265.04111662319445
4.549738359008175,1044.689593394912,264.72056785181167
4.550393807997343,1481.6932287278823,264.4011870862914
4.551049256986512,1323.8710832871598,264.08295808136336
4.551704631394607,1253.9702285701528,263.76591456405515
4.552359919856145,1446.0302331585228,263.4500510506287
4.553015208317683,890.8789817498864,263.1353209706778
4.553670496779222,1155.916153857495,262.82171741916795
4.55432580490286,1449.3093183436692,262.5092233364538
4.554981132900952,850.2207001251387,262.19783073227296
4.555636460899045,1267.8986909392386,261.8875499262626
4.556291788897138,1393.1144059555272,261.57836693053827
4.556947031908899,1222.5291673882564,261.27032129913147
4.5576021994164355,1335.1262109519828,260.9633915362387
4.558257366923972,1525.877769173446,260.6579709125952
4.55891253443151,1370.336783675997,260.4189599664282
4.559567724144007,1505.3475323342734,260.46795526568025
4.560222931195685,783.0236674632729,260.5189026092912
4.560878138247361,1591.2481450346756,260.56987397865976
4.561533345299037,1321.146437919927,260.6208785111278
4.5621885523507135,1322.2967998724494,260.6719155347159
4.56284375940239,1186.3591062172986,260.72297684491696
4.563498966454066,1030.095184746515,260.7740721406156
4.5641541735057425,1012.785948279252,260.82520149215213
4.564809280352329,1122.82421067257,260.87633902720745
4.565464326950509,906.4474742040783,260.9275171087952
4.566119373548688,1020.8012133027314,260.97871954453433
4.566774420146867,1167.6880262435147,261.0299522664126
4.567429519105883,1322.9858052700051,261.08122053361
4.568084645551414,1366.356283659639,261.1325199263875
4.568739771996945,1176.2077196030364,261.18384954516
4.569394898442477,1857.174073311109,261.2352093891579
4.5700498870454505,1039.3560096189865,261.2865900014865
4.5707048127788905,1422.4942971685282,261.33799244870534
4.571359738512331,1568.2025870247646,261.3894303130106
4.572014664245771,1042.0839420789075,261.44089341072754
4.572669618354499,1608.51706242143,261.49239268706634
4.573324583647223,1265.9016676455328,261.54392227069843
4.573979548939948,1390.8958771310954,261.595479820694
4.574634514232673,1329.7098827016807,261.647070478939
4.575289479525398,1350.2481102310924,261.6986909270461
4.5759444448181235,1137.0420302932225,261.7503461453367
4.576599410110848,1480.5703344374479,261.8020255789373
4.577254375403573,1374.3267892243823,261.8537385478476
4.577909216026351,1686.3398396634163,261.9054724066659
4.578564020939645,1296.7115016694397,261.95723205699994
4.57921882585294,1512.573884784707,262.00902431910356
4.579873630766235,1203.8758403058025,262.06084399738944
4.580528500114854,1071.988049914923,262.1129791566168
4.5811833848609025,927.5207601688774,262.2063425029694
4.581838269606952,1083.3245161157179,262.34059205208166
4.582493154353001,963.8851974698803,262.47532322536944
4.58314790493505,1090.154795959631,262.6102304281755
4.583802629326343,1598.851771063849,262.7453371089091
4.584457353717637,1191.5278672953618,262.8806603314873
4.5851120781089305,1518.4820727427398,263.0161846342627
4.585766801912079,924.5484532087107,263.15192638806354
4.586421525624196,1569.1784136115903,263.28786983746375
4.587076249336312,1441.3456204159213,263.4240297675814
4.587730973048429,1343.749519854574,263.5603985189424
4.588385696760546,980.1465694125725,263.6969820033163
4.589040420472662,1396.67348037029,263.8337744880658
4.589695144184779,1182.8183545269378,263.97078321426835
4.5903498678968955,1058.5398167238175,264.1079994660291
4.59100444363176,950.3272054218979,264.24540608822224
4.591659007038448,1550.3260301229984,264.3830209794803
4.592313570445135,1628.7089454570976,264.5208475890424
4.592968133851824,1313.170142285004,264.6588965683458
4.593622773198784,620.8344663705454,264.7971751246807
4.594277416423629,1361.7370081542742,264.93566981222676
4.594932059648474,1415.3963672427362,265.0743816690848
4.595586702873319,1733.7605636709022,265.21331516893105
4.596241189104395,1629.2384592358176,265.35242791728234
4.596895672048465,973.2318004459764,265.49176200310126
4.5975501549925335,892.1513974784997,265.6313130818922
4.598204637931955,1342.3609554509812,265.77108713460643
4.59885912024161,1407.4378943445831,265.91108186308554
4.599513602551264,1236.298307755568,266.051295146135
4.600168084860917,1619.9625681665168,266.19173917955254
4.600822567170572,812.9222980349566,266.33239603141965
4.601477049480225,1038.4946487762923,266.4732796496982
4.60213153178988,1699.8471659288095,266.61438369942937
4.602786014099534,1339.5758588015667,266.75552286954843
4.603440486551196,1775.4876005370002,266.8676745502787
4.604094808629357,979.4629240643992,266.9725932399116
4.604749130707519,1573.5562066436662,267.0775832871905
4.60540345278568,946.6462154726053,267.18269486682203
4.6060577819167925,1414.759290020337,267.2879324759532
4.606712183798513,1255.6648408604622,267.3933053447223
4.607366585680234,1263.9073710475914,267.4988055368803
4.608020987561954,1451.3925021369732,267.60442156534293
4.60867537102145,1207.7615836849302,267.7101676981696
4.609329612696309,1854.9874931088486,267.8160188023414
4.609983854371167,1476.1173437686375,267.9219921199785
4.610638096046026,1290.1843892782197,268.02809146388415
4.6112923490010225,1199.4538810623674,268.1343200197975
4.611946670474573,1268.4667874905626,268.2406843677916
4.612600991948125,1384.755641086484,268.3471669216299
4.613255313421677,1044.2678918923493,268.4537838257055
4.613909601337736,1626.3618561570079,268.5605250518193
4.614563722444683,1376.6669312239994,268.6673636354785
4.615217843551631,1262.8758023831422,268.7743317463616
4.615871964658579,1137.6027429821395,268.8814214532894
4.6165260934147305,1430.9999945485322,268.98864202543194
4.61718025413121,1314.3348825077205,269.0960009826098
4.617834414847689,1600.357961651355,269.20348468893275
4.618488575564168,1026.2462960015484,269.31109491404493
4.619142736280647,871.2323692592036,269.41883697138684
4.619796896997127,1286.0999442232985,269.52671033173505
4.620451057713606,1093.2580808050247,269.6347044227162
4.621105218430086,1483.2819732981138,269.742837667967
4.621759340168876,1499.4157527544442,269.85109038658584
4.622413340752343,1252.316833087954,269.9594559908658
4.623067341335809,776.4882787472374,270.0679477765363
4.623721341919275,683.0635382180193,270.17657455505076
4.624375363909656,1159.5072603754925,270.28537956744043
4.625029444277217,1640.8327534048285,270.40222071883966
4.625683524644778,1196.8987905945821,270.60036664973404
4.626337605012339,1070.4665372836075,270.7994931804892
4.62699162670905,1115.1661124321058,270.9990360038872
4.62764550681344,926.0428829452544,271.1989835595438
4.628299386917831,984.4039680367229,271.39937028074615
4.628953267022221,1704.0846263644285,271.60020273329826
4.629607159693085,1091.2731098877932,271.80148429288295
4.630261079422009,1639.067380154186,272.00322483722766
4.630914999150934,1833.4868039609482,272.20541171016464
4.631568918879859,1443.316318334137,272.4080562946925
4.632222838608784,1518.0328696024894,272.61114995293394
4.632876758337709,1450.1521530849473,272.8146958830463
4.633530678066633,1021.738991859067,273.01870074571553
4.634184597795559,1402.0379247944861,273.22316122048284
4.634838459182582,1180.3839102318439,273.42806236931216
4.635492218852277,1778.7087775274283,273.633398244098
4.636145978521973,1161.325282993105,273.83919877394084
4.636799738191669,786.4705276923343,274.0454596164176
4.637453528807098,1274.9784920844743,274.2521922307589
4.638107368246291,1264.1387082746576,274.45941023559635
4.638761207685483,1007.1665503496945,274.6671020790419
4.639415047124675,1232.8208430651007,274.87526244093107
4.640068804271591,1640.305370986163,275.08387375421705
4.640722443550947,1421.7567240749609,275.29292696102766
4.641376082830305,1645.6151843138546,275.5024500723142
4.642029722109661,1403.5057519348632,275.7124560138785
4.6426833785861366,1337.3550326704824,275.9229458555373
4.643337057504998,1328.861425820617,276.13392653874223
4.643990736423858,1122.8583376614995,276.3453869961684
4.644644415342719,1343.2211207641035,276.557337864439
4.64529809426158,1699.7220802838397,276.7697734564701
4.645951773180441,1057.0413414306277,276.98270159065453
4.646605452099302,1425.3703360683749,277.1958530739319
4.647259131018163,1671.4528348402002,277.36901015269734
4.647912733420515,1702.4168721316612,277.4654851207589
4.648566252353866,826.3507601016696,277.5615412093294
4.649219771287215,1600.9684762680029,277.6576937328769
4.649873290220564,1415.933959386678,277.7539523956898
4.650526828987083,1679.2137915657024,277.8503079202929
4.6511803875674085,2040.4402850454467,277.9467638218069
4.651833946147735,1335.9980940012942,278.0433301485204
4.652487504728062,1258.9186758589933,278.13998518655245
4.653140979858603,1196.0467682988574,278.2367305278304
4.653794378490253,1255.0493808005756,278.33357114972614
4.654447777121902,1108.6077603420433,278.4305066752988
4.655101175753552,1413.9213025377117,278.5275456740316
4.655754595916325,1426.8744837569764,278.6246860573328
4.656408034202416,1178.525229904507,278.7219317144613
4.6570614724885075,1423.485741836468,278.8192821398881
4.657714910774598,1591.1568940847922,278.9167307885973
4.65836834906069,1537.7795857049725,279.01428091809896
4.659021787346781,1710.317649589896,279.11193713863184
4.6596752256328715,1262.1143996454418,279.2096915538081
4.660328663918963,1597.390462237984,279.3075521521039
4.6609820087409455,1513.6180929070001,279.40550378865265
4.661635287115179,1025.1412748312978,279.503539263807
4.662288565489412,1346.1569536244772,279.6016812837409
4.662941843863646,1470.2681111508566,279.6999262496412
4.663595146232551,1529.6198081681866,279.7982812363522
4.664248464268682,1367.5416550704902,279.8967367670624
4.6649017823048124,1364.8806241089808,279.9952997360856
4.665555100340943,1499.6825838788761,280.0939626948629
4.666208318455164,1247.2611955314496,280.1927178074202
4.666861476616239,932.66964225589,280.2915715038282
4.667514634777313,1174.270685453653,280.39052330855543
4.668167792938387,843.140039205439,280.4895762110003
4.6688209508483896,1398.5341740538022,280.58966302735143
4.669474108620069,1718.6885930425685,280.82934545406044
4.670127266391748,1332.435415746642,281.1713179248887
4.670780424163428,1469.3332155731225,281.5152104978787
4.671433608526834,1738.055768198603,281.86037587865417
4.672086806357254,1639.4936762652133,282.20683129171044
4.672740004187674,1697.4263232203634,282.5545550033348
4.673393202018095,808.8529326408377,282.90357715454365
4.674046263306147,1553.5827750162487,283.25381304355386
4.674699261251814,830.2785001253677,283.6053164960057
4.675352259197482,1227.9418676472228,283.95813254170315
4.676005257143149,836.6829202082989,284.31226742832246
4.676658311046921,1641.73118727832,284.6677673227806
4.677311388715856,1640.2981692319956,285.02460913091306
4.677964466384792,1061.877624426837,285.3827940614268
4.678617544053727,1588.7742487337266,285.74233118068753
4.679270506592236,1527.213831664325,286.10315986016997
4.6799234244596715,1213.5894075136928,286.46534696620165
4.6805763423271065,1351.3663040517197,286.828901046349
4.681229260194542,1372.459831139175,287.193842820703
4.681882177807058,1337.01921675515,287.5601804195375
4.682535095329435,1529.8013449685,287.92792790759216
4.683188012851811,1140.2724102561867,288.29708119414573
4.683840930374187,1235.9660516510494,288.66765772264773
4.6844938478965625,1952.0117768718117,289.03966343474895
4.685146765418939,1865.5016886673704,289.4131179082513
4.685799682941315,1706.8819462498122,289.7880141776335
4.686452600463691,1099.7178525357647,290.16437145333686
4.68710539434949,1278.3279050603555,290.5421291263882
4.6877581521193665,701.9669123971354,290.9213351926422
4.688410909889243,1284.0661579791724,291.30203782879346
4.68906366765912,966.0960810430241,291.6842308968433
4.6897164884992595,1473.7201857565606,292.06797069407037
4.690369325977806,982.7874146886913,292.45323437481414
4.691022163456352,1129.4950416566876,292.83776986208136
4.6916750009348975,930.4922933821391,292.884113315741
4.69232770929737,1011.1686403584856,292.84091896063995
4.692980387047906,858.5949168130506,292.7971665873214
4.693633064798442,1048.656568108314,292.75343368303646
4.694285742548979,1486.6111740655938,292.7097222846905
4.694938420051306,926.7485993252483,292.66603480293554
4.6955910975010555,1213.5588434904193,292.62236062622367
4.696243774950804,1105.8137491519603,292.5787062773895
4.696896452400552,1458.5477867489033,292.5350710995817
4.697549129850302,1255.7595880824235,292.4914556505526
4.69820180730005,1033.9203073306853,292.4478695014735
4.698854484749798,1284.980380950393,292.4042926258851
4.699507162199548,1707.2290651087953,292.3607354360723
4.700159702736984,1408.3051141387548,292.317211034506
4.7008122205076805,1276.3002940618107,292.2737021577683
4.701464738278378,1141.1873285386741,292.2302168106202
4.702117256049075,1012.5074845800624,292.1867448857226
4.702769843415886,1205.7414201690233,292.1432976800993
4.7034224408806535,1697.9703244394966,292.09985964076503
4.704075038345421,1650.6801071939508,292.0564506441522
4.704727635810189,1616.4027911506562,292.0130517428615
4.70538005582288,1332.689840031067,291.9696891380201
4.706032453660155,543.3568024743262,291.9263442876198
4.70668485149743,1732.349171078351,291.8830211616484
4.707337249334705,1424.4278338639456,291.8397152740785
4.707989683077634,915.5384956746897,291.79643020989084
4.708642120631236,1378.742467247113,291.7531616609322
4.709294558184838,1363.7094177469453,291.7099126903293
4.70994699573844,839.18046371599,291.6666832310966
4.7105994332920424,839.8888551540656,291.62346710928557
4.711251870845644,1302.404325405954,291.5802762009736
4.711904308399246,1252.53003456093,291.53710390448805
4.712556745952848,1184.474613967692,291.49395141702365
4.713208997248143,1440.9522134084402,291.45126391773425
4.713861235242753,1598.55197517907,291.47399396124223
4.714513473237362,1442.882184071867,291.4978674060578
4.715165711231973,1477.471686929124,291.5217581554978
4.715818024721354,780.7945520258894,291.5456546635529
4.716470342393002,1447.9104544195504,291.5695623600252
4.717122660064651,967.9242704162898,291.59347030167686
4.7177749777362985,716.7807836331802,291.61738265114457
4.718427141994194,1440.293923055031,291.6413022031603
4.71907930009684,1102.3090076237,291.66521771917456
4.719731458199486,1315.5448182047091,291.68914522585857
4.720383616302131,1270.714315556607,291.71308025194537
4.721035852092926,1482.4109292133585,291.7370232644975
4.721688089867743,830.5515389301914,291.76096279917004
4.722340327642561,1608.1172329476315,291.7849166374019
4.722992565417379,1846.6104362368767,291.8088753281136
4.723644606007649,1145.5185940883416,291.83283264756267
4.724296644309039,1083.156092205027,291.8568011632168
4.724948682610428,1246.8652253209161,291.8807685676973
4.7256007209700295,1380.0542741949587,291.9047428539413
4.726252799009887,566.8044413863901,291.92872977698255
4.726904877049745,1520.5144209779749,291.95271655478643
4.727556955089603,1487.570100161543,291.9767152099335
4.728209033129461,1880.451175312446,292.00071300783065
4.728861111169319,1474.6825617635532,292.0247235336085
4.729513189209177,1211.343344244475,292.0487344548911
4.730165267249035,1360.0579458721834,292.0727487443059
4.730817340031143,1282.6252393242648,292.0967785563301
4.731469218665977,1467.4241077997444,292.12080433103597
4.732121097300809,1172.3116279040585,292.1448247455914
4.732772975935642,909.8158853922582,292.16886272919237
4.733424857623664,1372.8738450371854,292.19290630313856
4.734076815913636,1610.4094128825209,292.21695397744884
4.734728774203609,1041.105080304154,292.24112793068736
4.735380732493582,1536.2407255630576,292.2838015489744
4.736032682802815,1583.5854002489066,292.42005204747124
4.73668448163369,946.7181507531772,292.55708372202565
4.7373362804645645,1122.505701022608,292.69431541342885
4.737988079295439,1325.229257879165,292.83173286308534
4.738639878117761,1018.455563864401,292.969351055553
4.739291676809621,1630.0376399776671,293.1071634498791
4.739943475501482,1457.0479625597438,293.24516101472
4.740595274193343,1641.0277135236167,293.3833648821625
4.741247072885203,1409.845377398702,293.52175447523183
4.741898871577063,1209.7070284907074,293.6603459967898
4.7425506702689235,1624.9241720283023,293.7991295881567
4.743202468960784,1639.2575248032213,293.93811403920785
4.743854254420344,1064.4251511062425,294.0772894775689
4.7445058937019065,1637.6036238374074,294.2166369947551
4.745157532983468,1301.3630739361058,294.3561745004132
4.745809172265029,1739.3864793396037,294.4959226049315
4.746460818993449,1577.7987257434245,294.6358583009904
4.747112537915551,1406.4931233258349,294.7760190407338
4.7477642568376535,1104.9448897667874,294.916370113492
4.748415975759756,1638.5897470884108,295.0569317651788
4.749067674007593,826.9277432591759,295.19768141808083
4.749719193678421,1770.638582611151,295.3388652100556
4.750370713349247,1314.8662385509533,295.51991499143736
4.751022233020075,1804.3254972658124,295.73151506019417
4.751673757205843,999.2850712632697,295.9437800297501
4.752325316646991,1279.5950488949513,296.1565145316539
4.752976876088138,1087.0364539436007,296.36969878307303
4.753628435529286,1471.6380316795774,296.58335307767936
4.7542799949704335,1420.8062554277305,296.7974695621073
4.7549315544115816,1331.049104253956,297.0120425690027
4.75558311385273,1100.0754329849726,297.22709058042653
4.756234673293877,1680.6878825678632,297.44260244838745
4.756886206426917,1017.3098835866653,297.65845815981646
4.757537566685053,1544.251471755888,297.85748886061657
4.758188926943188,1210.2881322957496,298.01855775407495
4.758840287201323,1594.7602372834492,298.1796317536352
4.759491658675954,1447.8446438017725,298.340966369737
4.760143098557599,1132.675251673063,298.5025810640491
4.760794538439242,1307.962557227086,298.66445635051576
4.761445978320887,1444.0192760844793,298.826596069827
4.76209739440078,1288.898942993831,298.9889862289572
4.76274867498182,1640.514815273697,299.15161814280157
4.76339995556286,1790.6704126162408,299.31451271751996
4.764051236143899,1358.271185349374,299.477664647441
4.764702516718027,1860.2606956319282,299.6410910287612
4.765353797255237,1377.1316817497209,299.80478635084626
4.766005077792447,1031.4678072371903,299.96873897360075
4.766656358329658,1093.1410358343144,300.13296892659287
4.767307638866868,2307.0747062520118,300.29746779230015
4.767958919404078,1359.2910176856335,300.46223068410484
4.768610199941288,1601.5781395795414,300.6272699767111
4.769261480478499,1171.1430644737954,300.79258097986394
4.76991273348877,1143.8042148515508,300.95815238250657
4.770563854774083,1120.5972653009178,301.1239612484925
4.771214976059395,1834.974118139631,301.29005443098475
4.771866097344708,1179.4700870270387,301.4564111740283
4.772517232973617,1444.1992690675181,301.62305653869976
4.7731684338678395,1941.017485715961,301.78998950885347
4.773819634762061,1268.5739757734773,301.95719763333693
4.774470835656283,1315.7855561958982,302.1246833547057
4.77512199928105,1087.3579711432353,302.29244158142694
4.775773001145696,1168.675191518854,302.46043307663393
4.776424003010341,1270.729649608314,302.6287054061675
4.777075004874986,1776.3049016624354,302.7972539222311
4.777726006741045,1642.5772025503256,302.9660859045212
4.778377008612989,765.9209823033999,303.13520653998114
4.779028010484933,889.273531443912,303.30511516277465
4.779679012356877,882.6023420222656,303.5529941339517
4.7803300221761065,1368.3590349984574,303.90309159546064
4.780981063842773,701.9404178443014,304.2550975796904
4.78163210550944,1532.5077065616638,304.60833108253263
4.7822831471761065,745.6710354994414,304.962796950308
4.782934147894408,1347.1518594697463,305.31847990179955
4.783584990599621,1373.5612886745212,305.67532396713415
4.784235833304836,1716.1709841917193,306.0334173173724
4.784886676010049,1377.883658991398,306.39277575573533
4.785537535543037,891.4580701313872,306.7534045352116
4.786188457840128,1809.0665785986973,307.11534779176765
4.786839380137219,1632.1908815040083,307.47857352518264
4.78749030243431,1356.4329848650282,307.8430862211323
4.7881411902298225,1263.2720879906926,308.20888672778494
4.788791953384501,987.5716879626129,308.57591506366975
4.789442716539179,1618.039598165211,308.94426022418816
4.790093479693858,1056.0153659838102,309.3139269053276
4.790744242859866,1963.3092430314894,309.68492168109066
4.791395006065597,1628.1463610880496,310.0572540343477
4.792045769271328,1476.2800843346402,310.4309292477186
4.79269653247706,1555.2314118347458,310.80595911141603
4.793347295682791,1313.1873770719951,311.1823456265728
4.793998058888523,331.56347530467497,311.5601066706187
4.7946488220942545,1661.9052482079217,311.93924614611916
4.795299585299985,1313.0201103747434,312.3197713256777
4.795950311800727,1273.0790732694622,312.70166129921955
4.796600915912659,1732.2898559349626,313.0848934830848
4.7972515200245915,1071.464650701876,313.46952941901304
4.797902124136524,1007.2742754152282,313.8555902136585
4.7985527376021935,1115.4773226688533,314.24308454957225
4.799203381540431,1096.3150795178085,314.6320334369779
4.799854025478667,861.8270957232177,315.02242862946133
4.800504669416904,1740.89340221779,315.41427625972153
4.801155275415923,1487.470062733078,315.8068351581395
4.801805760296802,1236.935132780131,316.08994919524685
4.802456245177682,870.3659214069196,316.27757781457564
4.803106730058562,1348.4844913939419,316.4649073449066
4.803757214964124,817.4056353629642,316.6525647697953
4.804407699947022,1461.4587000862898,316.8405633175507
4.805058184929922,780.697446520604,317.0288896136996
4.80570866991282,1363.3516593310749,317.2175586707285
4.806359154895719,1235.7664917145553,317.40655590161543
4.8070096398786175,1579.7800643863393,317.59589964975805
4.807660124861516,1581.7675894807344,317.7855749914623
4.808310609844415,1330.5525144838634,317.9755973785177
4.808961055502141,1131.6300427226347,318.1659441026634
4.8096113814762465,1286.6443657968566,318.3565988495087
4.810261707450351,1062.6486790881063,318.54759576337347
4.810912033424457,1453.951293565123,318.73893648627353
4.811562369349647,1451.036564568204,318.9306217422693
4.812212735167002,1049.7353007250226,319.12266513628754
4.812863100984356,1236.041745400384,319.3150598540137
4.8135134668017105,1472.2604454966486,319.50779733489065
4.814163792604287,1138.8630537950457,319.70087297491284
4.814813999449252,1102.0285280110843,319.8942630615258
4.815464206294218,1713.5114780865938,320.08800431811926
4.816114413139183,1616.8437085005753,320.28209212221236
4.816764620022896,1342.5625042319916,320.4765409193101
4.817414827020759,1094.2057429725876,320.6713438706512
4.818065034018622,1462.50745482634,320.86649419992403
4.818715241016486,1127.6964889609249,321.0620101372911
4.819365448014349,1624.396718656003,321.2578794219557
4.820015655012212,1225.853565507272,321.4541045182824
4.820665862010076,1290.368458380958,321.6506937982598
4.821316069007938,1139.116838463037,321.8476416660636
4.821966235421238,1192.7251572990083,322.0449396525751
4.822616283495226,2165.4900380873023,322.2425611426235
4.823266331569214,1108.195686920765,322.4389342722418
4.823916379643203,846.9181157116858,322.39270286552113
4.824566448088487,1272.013583869725,322.1923772848845
4.8252165757056895,1171.5244936648596,321.9913827513989
4.825866703322891,1379.0105672921402,321.79077394836145
4.8265168309400925,1473.4807206682847,321.5905319174256
4.827166907605715,1713.628287406116,321.39067794678124
4.827816836652346,1569.0558510349397,321.1912486793538
4.828466765698977,1348.2598293697006,320.9921829516606
4.829116694745608,1525.2509453998841,320.7934866016979
4.829766644200502,1048.284907873085,320.595158155709
4.830416652783047,1538.9391246643058,320.39718061757435
4.8310666613655915,690.367869967903,320.1995594188922
4.831716669948137,1012.5158571722606,320.0023085422211
4.832366627640624,682.8940652729194,319.805440172608
4.833016437703479,1432.644468609206,319.60897473719945
4.833666247766334,1553.2829227796224,319.41287486024186
4.834316057829189,961.5219903923329,319.21713224904033
4.834965878084599,742.8918484794208,319.021745354492
4.8356157280220575,1342.787560551214,318.82670860848424
4.836265577959515,1455.3354376688746,318.63203440171884
4.836915427896973,1732.5806866391026,318.4377075261556
4.837565277834432,1196.3353003279403,318.2437392796192
4.83821512777189,1101.2153696166401,318.0501252721154
4.838864977709347,1060.4725581525208,317.85686314857696
4.839514827646806,882.6575328153051,317.6639531430559
4.84016462734144,1140.5153777319385,317.4714138275336
4.840814278827011,462.7789230492252,317.2792618426795
4.841463930312583,2102.2073354636163,317.08746060732517
4.842113581798154,939.8654190174884,316.8960055923826
4.842763253279928,1183.451798273073,316.7048900240515
4.843412984284382,806.1164265467564,316.5141077046464
4.844062715288835,1441.0364964127677,316.3236643322704
4.844712446293289,1268.0199213651651,316.13356526673067
4.845362127794352,1102.1718290043943,315.94491470319383
4.8460116603977434,1609.9804675091173,315.919968557462
4.846661193001135,895.2791235853938,315.97721974380846
4.847310725604527,1483.7139520835485,316.03504627240466
4.847960268063905,1708.7483811305694,316.0929124148328
4.84860984055872,1359.4110471955576,316.150802187078
4.849259413053536,1484.9019906258065,316.2087340709077
4.849908985548352,1221.933476111657,316.2666900728932
4.850558558043168,1511.6598973757639,316.3246818391192
4.851208130537984,1423.9320480027461,316.3827063749368
4.8518577030328,1509.2399036400109,316.44075883298166
4.852507275527615,1543.614462829474,316.49884991131046
4.853156800182262,1152.8147105613734,316.55696318805576
4.853806174343745,889.791197158582,316.61509776887027
4.8544555485052285,1502.8269782721147,316.6732591395724
4.855104922666712,1262.4175050909594,316.7314570985687
4.855754315733176,1329.296275305855,316.7896923815461
4.8564037693965085,1138.16350600266,316.8479581027749
4.857053223059841,1194.3090580391074,316.9062561057288
4.857702676723175,1077.2526851041252,316.9645934886408
4.858352083962441,1543.4184307623811,317.0229552587218
4.8590013393432105,1413.7541890417508,317.0813304395377
4.85965059472398,1412.1091212201559,317.13974522916993
4.86029985010475,1403.5698700910991,317.19819011082944
4.860949114663626,1396.9098581669937,317.2566676099847
4.861598409952597,1136.52759733914,317.31517515419733
4.862247705241569,1475.017871174347,317.3737218078426
4.86289700053054,1239.887384764648,317.43229826219317
4.8635462958195115,1395.432519157767,317.49091071933043
4.8641955911084835,1544.7194186334316,317.5495523953085
4.864844886397455,1371.565643984101,317.6082297884541
4.865494181686427,1085.1538696343841,317.6669321334828
4.866143433228748,1434.0901680012046,317.72567141527736
4.866792530302811,1485.3515446711585,317.784426221382
4.8674416273768735,1522.0718969246489,317.8438528542535
4.868090724450936,985.2946081103876,318.00008263184577
4.868739838660032,932.9662794633691,318.19913750211145
4.869389015218913,1140.8589958267091,318.3988639918151
4.870038191777794,1485.6386012096084,318.59896602354866
4.870687368336675,1627.9688182674138,318.799446393014
4.871336503240435,1324.8212916375642,319.00029312153913
4.871985481635121,1804.6118163052524,319.2014736119679
4.872634460029807,1305.8149123100911,319.4030274741586
4.873283438424492,1342.7585757749978,319.60496608526756
4.873932416896252,1366.4686322545635,319.8072878284698
4.874581395668112,1181.8742484380966,320.0099995938506
4.8752303744399725,2106.1172495137316,320.21309257108834
4.8758793532118325,1568.0127842210177,320.41657209325234
4.876528339804418,888.6101247421027,320.62044485641866
4.877177358124039,1295.8260589496388,320.82471310945925
4.877826376443662,1607.4042347561767,321.0293777059248
4.878475394763284,1350.5047944596154,321.2344371716438
4.879124375165976,593.9582437043161,321.43987095910427
4.879773195388983,1179.7540268938806,321.6456448868338
4.880422015611991,1029.0744498773906,321.8518209392102
4.881070835834999,1839.7958560112718,322.05839279435776
4.8817196707254,1955.7754632582269,322.26536883392396
4.882368570416194,1555.1022367808746,322.4727572156757
4.883017470106989,1150.6318734643373,322.68055178533035
4.8836663697977825,1653.9412948771014,322.88874740189857
4.884315234337353,1706.4188556482757,323.09733544803396
4.8849639359821895,730.0465042987552,323.30628179237203
4.885612637627027,998.8826900324435,323.51562828024817
4.886261339271864,1214.0139329828282,323.7253822196697
4.886910040989356,1088.9324789808875,323.9355413843513
4.887558743061777,1599.4456243929733,324.14611044935566
4.8882074451341975,1455.4882952154082,324.3570933835854
4.888856147206618,1571.8511618356993,324.56848813639886
4.889504849279039,1380.32824439014,324.779594496593
4.890153551351459,1352.480253674226,324.88522247278115
4.89080225342388,1177.095062600655,324.94547050253783
4.891450955496301,1471.0371997341763,325.00545231300424
4.892099633272909,1128.794855318571,325.06546510596695
4.892748176880923,1570.4653169617131,325.1255008955923
4.893396720488939,1610.3548518512412,325.18557078225
4.894045264096954,1263.6753579915085,325.245671558894
4.894693819207483,1215.564029986102,325.3058096728431
4.895342442266253,814.5331482830611,325.36598608824073
4.895991065325022,1073.3862978758457,325.4261929238531
4.896639688383792,987.011999910283,325.4864430754994
4.897288284527081,1402.8175679028711,325.5467207833094
4.897936709658003,1531.2702164087723,325.6070062672573
4.898585134788925,1625.287152992782,325.66733337584606
4.899233559919847,1611.9530407809948,325.7276977732842
4.899881985111324,1031.0974926097877,325.788092118849
4.900530410720152,1028.8976354878164,325.8485154070083
4.90117883632898,1036.0331630803196,325.9089803332471
4.901827261937807,1911.1457418817436,325.96947716635304
4.9024756875466355,1181.2057816631825,326.03000765311936
4.903124113155464,1519.4824722065698,326.0905662666565
4.903772538764292,1007.8475629486712,326.1511671544678
4.90442096437312,1434.763252360226,326.21180015530945
4.905069373084467,1277.218723907092,326.2724574734794
4.905717640313251,1757.6132033631097,326.3331467434597
4.9063659075420345,1528.61745954377,326.393865750279
4.9070141747708185,1408.8066799614903,326.4546177116994
4.907662445853916,1623.6781184292076,326.51540225971127
4.90831075305047,1769.0118397859605,326.5762328550571
4.908959060247025,1872.1964929181252,326.6370954177983
4.90960736744358,1383.4561757034635,326.6979838836695
4.910255661071113,1444.9905144111253,326.7589142760319
4.9109038099237505,1848.6717696647543,326.81986144097465
4.911551958776389,1678.783829039263,326.8810693145712
4.912200107629028,1659.6935365183492,326.97727603740015
4.912848256521123,1268.0373757112995,327.0901744462049
4.913496405901904,2254.3382946900606,327.2032896459974
4.914144555282686,1618.782993203331,327.3165265319303
4.914792704663467,1845.964133954338,327.42988063481477
4.915440854044248,1083.5630150631582,327.54334808644523
4.9160890034250295,1805.8956471519866,327.65693336395964
4.916737152805811,1665.6500140436976,327.77063845226314
4.9173853021865925,1176.5795579566839,327.8844548332245
4.9180334414300715,1236.099553347094,327.9983935182565
4.918681393085176,1715.9479622757226,328.1124100184163
4.919329344740282,1597.1255186576898,328.226550537973
4.919977296395387,1456.4831148957883,328.3408037406935
4.920625251152612,1115.0699624621127,328.4551764614112
4.921273282221976,1184.8151279007898,328.56968475562996
4.921921313291341,1088.7888702228697,328.6843113913258
4.922569344360705,994.9247655331081,328.79905730678485
4.923217371218568,1181.725150246437,328.91391554456385
4.923865244028255,1880.962746433627,329.0288739091206
4.92451311683794,870.2143888698482,329.14394799773663
4.925160989647626,1151.7191672695437,329.25913971946545
4.92580886246536,1444.1784159290196,329.37445386483796
4.92645673585334,1653.3452441536933,329.4898827432378
4.9271046092413195,1363.1059316626126,329.6054424084631
4.927752482629299,1217.1016852525345,329.72111416035466
4.9284003560172795,1087.1099532642668,329.8369101376596
4.929048229405259,1210.8485352383523,329.9528207382826
4.929696102793239,1314.865021711473,330.0688642688746
4.930343976181219,793.8166167706213,330.18501969153687
4.930991849569199,1710.5834693992442,330.3013010293147
4.931639527906199,1582.5869530116781,330.4176647433956
4.932287203686261,1449.2977385478143,330.5341515742465
4.932934879466323,1331.426137685319,330.65076200237746
4.933582555246385,1167.2430304579934,330.7676458806963
4.934230308291425,980.5391924556004,330.90641286330487
4.934878063468715,1248.905625819639,331.05798036852036
4.9355258186460045,1282.3561473011334,331.2098427255814
4.936173573823295,1299.7821401587205,331.36191520147145
4.936821139546039,1603.585205172718,331.5141514952769
4.93746869716584,988.5923392536395,331.6665931165477
4.9381162547856405,1015.8309669874556,331.8192501241232
4.9387638124054405,832.112983306003,331.9721133819565
4.939411444996004,905.6358928416158,332.1252126554485
4.9400590820057335,1556.1164710523115,332.2785170025462
4.940706719015463,338.1809998523279,332.4320389541859
4.941354356025192,1576.6329365636448,332.5857759076481
4.942001809463274,1278.851868096234,332.73967834427106
4.942649248965918,611.3406970903562,332.8937920140892
4.943296688468563,1283.6641922547317,333.04812239258246
4.943944127971208,1636.863538377119,333.20266733194796
4.944591568074328,1245.759311067661,333.3574212650577
4.945239008233902,1234.9992979452102,333.5123981900807
4.945886448393477,1371.3918566632497,333.6675909052298
4.946533888553051,1433.8249812936683,333.8229948200241
4.947181328712626,976.6570372788411,333.97862206344314
4.9478287688722,630.4883227103293,334.134469445274
4.948476209031774,1429.7070078606246,334.2905298093421
4.949123649191349,1515.7053425336526,334.44681555988285
4.949770949950777,1282.0027974356606,334.6032753193961
4.950418232030893,1813.3093925626276,334.7599611710831
4.9510655141110105,1403.86018593554,334.9168602228276
4.951712796191127,1429.1310325827983,335.0739871893924
4.952360112913574,1474.680011894797,335.2313419291088
4.953007435020484,1166.8810171944422,335.3889154900467
4.953654757127395,957.1418727754243,335.5467174224311
4.9543020792343055,1669.4219088679442,335.70473662654587
4.954949267220349,1025.786519103168,335.8629514391676
4.955596431283799,1586.2067490393538,336.0398091421379
4.956243595347249,1850.8041691327567,339.0354430770203
4.956890759410698,1377.276099213941,344.4157413632803
4.957537924061933,1196.0212668924707,350.07608073720604
4.958185088832243,1655.7373824339459,356.02423602614243
4.958832253602554,863.6038179524767,362.2853924507242
4.959479418372864,1373.119528273676,368.88792520158387
4.960126583143175,834.0743778785967,375.8639377250216
4.9607737479134855,1040.7714437359355,383.24992272429324
4.9614209126837965,1019.251369702461,391.08754210299526
4.962068077454107,1601.673429269214,399.424614708031
4.962715085189117,1394.0503166097333,408.31412683790694
4.963362052653727,1265.948680829724,417.8214863936299
4.964009020118335,1170.338061486682,428.02209567515314
4.964655987582945,687.5630104531405,439.0041328249108
4.9653030167518235,913.6823946668558,450.87337924772567
4.965950063569867,907.3128004532143,463.75450729728243
4.966597110387911,2072.1444987258606,477.79865138897264
4.967244157205955,1918.8139266415053,493.1908491429748
4.96789105430059,1441.6049159748252,510.15581880114223
4.9685379038632185,1278.5451116432487,528.9819838858247
4.969184753425847,1095.537410682379,550.0350391943615
4.969831602988476,84.83342477387414,573.7869396562264
4.970478453116326,1399.6864293617143,600.861316099963
4.971125303442776,1871.74883154489,632.1016011784736
4.971772153769225,2299.776467123383,668.6809264420949
4.972419004095676,1957.9255780223077,712.286388262686
4.973065854422126,1161.7994708097767,765.4454054997769
4.973712704748576,1037.2296948043356,832.1430823855379
4.974359555075026,-11.225647851574811,919.0910309241938
4.975006405401476,1316.1053597007542,1038.6352285492326
4.975653145128795,1419.3353242631515,1216.4624735385928
4.976299837555613,-17.39010030545572,1517.3868690864772
4.976946529982433,-1099.7547235827176,2170.3345872049745
4.977593222409252,8780.91384135733,5055.729104989579
4.978239942095017,663345.6897057547,661395.2559063738
4.978886674583784,1158442005.4797366,767862523.3122092
4.97953340707255,-1385504683.4972627,785867429.8175023
4.980180139561315,-199380608.92452517,912256743.2770535
4.980826741967262,-652783686.2096496,1049110611.701624
4.981473277334596,-21134739.428654715,1047817036.1565169
4.9821198127019315,-70652322.97860847,1026776093.235389
4.982766348069266,-790970482.6400543,1062430318.0180935
4.9834128839609395,-528656495.28908896,1028916641.0588263
4.984059420148944,-965623110.7124908,1082678658.3051925
4.984705956336949,-184652609.88086057,1071721768.2150275
4.985352492524953,-415540461.71554714,999338217.7857485
4.985999028712958,1817236007.2340572,1078212345.2521152
4.986645564900963,1437245794.309165,1091649956.1221383
4.9872921010889675,-453374522.93744296,1071624178.1636078
4.987938637276971,-543164533.3530095,977706660.9269835
4.988585079499236,374880698.66975534,1152898856.5113215
4.989231457883356,-1866885467.0344665,1280196016.8761773
4.9898778362674765,1009025828.1323829,1319149272.6976497
4.990524214651597,-755192950.5625225,1289242324.7406344
4.991170616021403,-816418945.3061893,1450041648.8211255
4.9918170344861394,-409448742.07892054,1408273724.1379344
4.992463452950876,2678473004.387262,1338926146.416244
4.993109871415613,1319586444.6732843,1377961775.6113658
4.993756202946171,-1599486.6493388184,1286136682.5417097
4.9944024636429,-3119479879.470703,1289191995.1338415
4.995048724339629,3365007214.525231,1320669109.6144273
4.995694985036358,-720649642.6265913,1264120438.4819002
4.996341246192895,567774945.2306157,1289534030.0393677
4.996987507759946,-579557313.6900287,1239765494.873388
4.997633769326997,954941831.6898227,1148108725.298794
4.998280030894048,-940618549.0415305,1205046275.554691
4.998926292461099,1704685548.5006804,1138139877.562081
4.99957255402815,-1603430677.1267931,1202089667.4554415
5.0002188155952005,377507244.83661336,1139230173.258345
5.000865077162252,997302288.4784625,1000515018.3256439
5.001511243922721,77846903.60582294,848572895.728125
5.002157308569002,273291350.3859034,838326538.5473937
5.002803373215283,723221713.7364962,818467113.7789215
5.003449437861564,-96802026.48690774,871235892.4001423
5.00409553878799,-573548606.1574147,847578846.7599708
5.00474168273175,-233446446.37269068,854305451.4132202
5.00538782667551,-30402981.71950364,864215654.0068234
5.006033970619271,1217887779.8617857,894887076.8933973
5.006680029249206,-178536124.1252647,856270595.7678953
5.007325976322303,-453231403.6405517,894024572.7626663
5.0079719233954,-45100521.32275981,887960480.1539283
5.008617870468496,993856278.7976978,848648552.7713432
5.009263817920435,465351545.67282796,975916126.757989
5.009909765920495,359952897.95545983,936288346.7734542
5.0105557139205565,-759933295.8562404,889317439.855716
5.011201661920617,-325337109.6674223,874799279.5211821
5.011847609920678,521689037.00877845,781170740.9182851
5.012493557920738,1650729391.724633,792163653.1670818
5.013139505920799,276202319.18162566,797570513.1724899
5.0137854539208595,-109307794.1433193,736952492.8063391
5.014431331488781,-517897695.4828572,694920763.8345441
5.015077082701637,-576144418.7467865,687657464.399995
5.015722833914493,680820128.000896,668787932.3545393
5.01636858512735,487343935.69596076,661505382.3720421
5.0170143626629855,-1055054854.4793862,633771920.8869025
5.017660193153859,495607847.29652566,641895358.4809911
5.018306023644733,-1178694680.7147765,665327236.2639828
5.018951854135607,1145401887.691842,667709174.3925214
5.019597624442969,131853706.76863894,748208195.0970834
5.020243258196683,449995108.2643984,738752922.4728904
5.020888891950397,665118978.1739491,754604957.4221108
5.02153452570411,-968314797.5760484,726079383.8580469
5.022180159732511,1046890986.2619169,641452265.8496102
5.02282579446972,-70254729.38609318,636529287.2917653
5.023471429206929,-54295209.96813332,630802944.9501196
5.024117063944138,140811461.98390967,615415658.6291665
5.024762698681347,-659992685.9051838,642556706.8554837
5.025408333418556,4669195.254336824,634355248.2571055
5.026053968155765,-54387958.29848511,653825557.7127382
5.0266996028929745,445942555.59891665,686955710.1564105
5.027345193459896,-660436723.2445052,648263148.3189812
5.027990631543299,-660527415.3701961,662233267.5494125
5.028636069626703,1023931630.598234,689184250.2697016
5.029281507710108,-179564035.080068,702768950.9209629
5.0299269613897994,1081478230.8088655,744929591.1194074
5.03057247873176,177527621.20705009,732565861.8082337
5.03121799607372,-840642684.4476258,730210018.6349045
5.03186351341568,814632140.5526197,809986279.6290821
5.0325089975903445,785311585.4130968,821094800.719646
5.033154318328482,-21976548.84514287,781562935.399644
5.033799639066619,618652015.9121878,783075627.9904329
5.034444959804756,-707919349.3871822,766936829.2813959
5.035090280688624,695382160.6308302,784103404.1789213
5.035735602466677,-490040908.03858393,836798498.6828369
5.036380924244732,32536712.928988885,853144262.0689245
5.037026246022785,1211722999.7224355,861617796.7959449
5.037671567800839,1177188467.4056773,817030343.6858963
5.038316889578892,231492789.78576067,806353663.5516723
5.038962211356947,102034692.88062808,792145730.6120111
5.039607533135,536461650.69310564,732939377.4897048
5.0402528388881835,58803317.38971547,768204735.411
5.040897964145666,-1674792371.5955493,748115639.6344267
5.041543089403148,-828996425.0031433,712043614.7957877
5.04218821466063,-334561880.9509078,706981797.5719095
5.042833344019354,-439767005.2109439,743210579.9243901
5.043478548515932,-154137211.02004004,732057443.0820752
5.044123753012508,183909236.6089898,725368228.6172874
5.044768957509086,597838462.2402905,748150315.0338401
5.045414157736647,132563733.65546614,812164872.7892991
5.046059165762572,487354461.2931663,813475359.4193908
5.0467041737884974,355396794.7861244,826693856.8409003
5.047349181814423,-118987925.9035845,871842834.2576321
5.047994189840348,369711863.9529636,752934932.8644825
5.048639276401698,578343392.7033987,760150256.3918196
5.04928436365942,-125421100.07894978,741022298.9350451
5.049929450917143,239311359.04932845,747748532.0302947
5.050574538174866,897089407.9153699,785902573.9867659
5.051219436780427,-710603088.7629098,773730478.8562883
5.051864327617394,828616168.3561779,764043052.7058378
5.052509218454361,-530358272.6112911,750690127.265069
5.053154109291328,1248895335.1249962,673134328.6616021
5.053799001166505,-745239563.4261056,684766630.6661298
5.054443893120789,-451273830.18168056,706205638.4597701
5.055088785075073,-784827410.3949366,679601659.5496334
5.055733677029357,-1214519716.1170366,727780038.9629052
5.056378568983641,-1785702989.8202705,716670664.0013353
5.057023460937925,552004826.884821,690540076.2674391
5.057668352892209,-312776743.32284665,650809323.7497352
5.058313244846493,-358335499.3493214,581423538.6654401
5.058957966922696,-348040303.5483402,591854683.6990056
5.0596026625393336,372204603.2936436,607137226.8931887
5.060247358155971,-129600980.40111214,649874029.8500881
5.0608920537726085,-8524308.936774755,690043063.8525736
5.061536782849707,-350065795.06842613,700358672.1209862
5.062181518646366,554410230.6942225,718656685.8692489
5.062826254443024,1160161405.0713444,721707090.3934278
5.063470990239683,1084830357.8941383,660869229.7760601
5.064115600262658,1604062386.5259354,639550047.2365358
5.06476017880382,-1053881135.1249919,635523560.3770037
5.065404757344982,699853814.0748503,597937977.7376091
5.066049335886145,-705848740.5847181,638471978.3131859
5.066693915326897,-291467038.4609993,673610205.3847117
5.067338495041537,676040981.9367359,681459204.0086706
5.067983074756177,350125643.3769327,673850697.7491503
5.068627654470817,-274860358.76069015,628730611.7532591
5.0692722341854575,1187078731.2679744,621088238.1280813
5.069916813900098,-774074973.3039972,631679616.8870608
5.070561393614738,213504241.7895253,601603207.2097758
5.071205973329379,-86805776.98805231,577114170.4793833
5.071850415949742,139223748.25651795,577437985.0206244
5.072494799459576,-328001944.924882,576522782.8059188
5.07313918296941,355173510.293395,572762108.8650317
5.073783566479243,-72962265.63304009,535503994.8796659
5.0744279766931015,168296097.77382365,532517067.08360267
5.075072400401276,18431663.734909095,532926836.84061635
5.07571682410945,-176346245.99390194,537154514.1019455
5.0763612478176245,112699177.69882937,534236964.87010455
5.077005572609841,128180857.3845004,514840860.8660287
5.077649839157518,431976666.58142626,512442894.0084359
5.0782941057051945,-165105000.83157286,523758878.19935167
5.078938372252871,-447335570.23776305,508347397.8184819
5.07958261637315,198373841.83168408,507596888.67817533
5.080226845179405,57787981.67960799,493879069.86047274
5.0808710739856595,1112732718.3069537,487817345.5865741
5.081515302791914,568791557.5154979,493132176.9485432
5.082159531598168,-278375709.094865,502938210.51549274
5.082803760404423,298754507.71825904,508598280.9219659
5.083447989210677,-380393279.8838043,528302081.23874897
5.084092218016932,55329066.86868625,575540608.3664716
5.0847363648206665,-544504270.4885062,566872313.8814135
5.085380436525742,456488591.0357418,577862184.8691984
5.086024508230816,359647379.7612268,584718775.678007
5.086668579935891,-288969839.2712518,567636039.9433707
5.087312671169976,-76765591.71954952,567508621.3713964
5.087956783091657,-387659345.01018846,582577465.723241
5.0886008950133395,249987950.4295276,543649218.2119298
5.089245006935021,-148137004.3355687,517297516.0318542
5.089889030902902,622215627.0753553,510459487.6797884
5.090532946818727,579388440.4165121,496693731.43173945
5.091176862734552,-209019579.03649828,495890826.3987674
5.091820778650377,-34626941.88181663,540244422.5932925
5.09246469509789,417022611.12564594,565796917.381137
5.093108612306173,-209870838.95228428,563837385.8191086
5.093752529514456,-13579662.200438421,560713157.2675407
5.0943964467227385,788241123.861753,513066723.65282464
5.095040363931021,236405387.51029846,498603027.3036203
5.095684281139304,484777419.02963775,497703330.01475817
5.096328198347588,321589108.00333613,506986294.0265248
5.096972115555871,-502033602.99872625,514931629.96919876
5.097615967089745,-223094215.25926107,531963836.71871936
5.098259688374959,585704963.4613401,532172610.6991954
5.098903409660172,-180893826.05098903,537332806.5584458
5.0995471309453855,-942682401.7639059,555231639.2735219
5.100190875709385,-144872175.91932967,559034877.6253861
5.100834676146126,608486270.5417985,559524894.667014
5.101478476582866,108938502.78700209,594678286.9574368
5.102122277019607,197625587.6381071,614923891.9005826
5.102766026957729,420643607.8727795,590939179.9645433
5.103409631521041,340367620.64505774,580805117.0216453
5.104053236084353,897353867.7651412,582597283.1781691
5.104696840647666,-162827630.17183396,642055900.4160329
5.105340445505584,-583294942.8693062,668632437.6440818
5.105984051417175,-261171983.5763708,661601138.5980293
5.106627657328765,-226746455.79065984,650429698.550802
5.107271263240356,-300046407.7534452,638862927.9490746
5.107914862211207,-285365712.91976935,598315328.4523515
5.1085584292318735,468859690.939246,616404194.0019641
5.10920199625254,-66734059.26038723,609309188.727053
5.109845563273206,-896069242.9752917,573071029.0300924
5.1104891086128905,97078017.04913405,600838785.7516515
5.111132518733736,565272957.2269418,590906664.9683444
5.111775928854582,-10887277.103538955,615458943.2361184
5.112419338975428,-304340594.45724916,621237277.9113728
5.11306275302745,-120167515.45349894,605647256.696572
5.113706203403537,-112882995.69224635,632833836.589044
5.114349653779625,-411257544.21114355,629653557.1694354
5.114993104155713,-498490979.15251154,625757904.3246582
5.1156365434458335,468112074.1646395,635178214.5880586
5.116279798097278,-368397877.8572356,654609490.1388448
5.116923052748721,32644435.101490863,659986640.0717859
5.117566307400165,587946663.7619228,685868866.7243145
5.118209562072966,-683988843.5932963,681737264.9191586
5.118852818135356,-1256806453.5218868,691949670.1050789
5.119496074197747,787658865.1098467,703115596.0374838
5.1201393302601375,-193401074.5296607,704561210.8060288
5.120782586322528,-5310532.536896237,697712006.6352131
5.121425804589045,-433310306.9079977,698530966.6637677
5.122069021802779,-903617602.0413412,731766686.6624053
5.122712239016512,609573314.5872269,721237344.2694668
5.123355456230246,-299844807.94570285,711990028.4761811
5.123998527560259,187786800.1905213,723255395.7249728
5.124641587980574,17581215.25938449,700301680.1420822
5.125284648400889,1261811903.0958107,702663606.9452381
5.125927708821205,91202977.74935248,718429003.017467
5.126570804993978,297298923.785086,722480849.8588121
5.12721390568989,-298515044.78103805,761523081.9468453
5.127857006385803,298441053.7015132,756885765.4650949
5.128500107081715,-488479117.6524717,722245344.227447
5.129143042617076,-203873389.92597738,739590575.3544233
5.129785947736922,60031198.21692077,787340575.198924
5.130428852856768,-526578550.54981554,734121753.354698
5.1310717579766125,527124330.6204949,729524067.5918705
5.131714664276392,1034562113.834193,727395293.2383009
5.132357570869716,318606757.99457777,703911338.0177002
5.13300047746304,76630555.85743156,789959161.171196
5.133643384056363,260711753.66426444,815865869.0051317
5.134286290649687,116710496.40936907,818483023.6641507
5.13492919724301,938465702.6013979,855741465.2410977
5.135572103836334,1766311229.6944923,788219985.960038
5.136215010429658,-182002986.43435448,766753686.1257844
5.136857777848329,467698603.26284695,776708875.8219831
5.13750048894804,511216784.25380677,795068766.6769134
5.138143200047749,56762890.67096242,742776030.3665781
5.13878591114746,805842573.9153342,719767246.4923775
5.13942864912421,650860636.057966,743075498.452096
5.140071400519805,650962747.5593507,721415142.9784482
5.1407141519153985,-174112863.45212185,741877769.7024657
5.141356903310993,-796605301.9170109,731597070.5778594
5.1419995332322435,-856556211.285568,723153142.6076481
5.142642089200141,-328957787.95777994,743572908.2127934
5.1432846451680385,1852724910.273797,808733134.7837127
5.143927201135936,893345423.7980915,919205927.127533
5.144569757988011,-69682700.17056133,921010049.4554607
5.145212315491781,9118370.165821042,894609150.2088223
5.145854872995552,836531007.602022,871688214.3562359
5.1464974304993225,-64780562.03952537,845919030.8406471
5.147139988003094,297131828.9508541,845207409.0354499
5.147782545506864,-924272373.4575166,952320019.2579445
5.148425103010635,-519910015.8248954,978625383.200368
5.1490676605144055,1065028248.9426016,1023008743.4334592
5.149710123779302,-1684594319.2750847,985978975.4462538
5.150352485937715,489158369.00804925,1019346069.8228647
5.1509948480961265,1571700394.9416025,1116315210.0997148
5.151637210254539,-1257648339.844841,1111587599.391803
5.152279589962662,-609770659.0238537,1128720678.5228412
5.152921992437178,597768795.0861906,1234675058.3778644
5.153564394911694,-718728048.1149111,1075488763.27041
5.15420679738621,1766101356.856249,1040405268.0134325
5.154849124151766,-1426862097.0858843,1073374771.4983238
5.155491331346748,1370074902.2983994,1054681268.6657002
5.15613353854173,-664953380.355465,1084934808.3062148
5.156775745736712,391194344.0560753,1086279998.0169575
5.157417979779311,299462353.5691106,1166450875.2864835
5.15806026603097,1298103560.5946774,1269121981.3414698
5.1587025522826275,981461417.581891,1093153773.374121
5.159344838534286,-1177297481.114946,1134457119.833812
5.159987067923245,-219137129.2403428,1052395262.7929629
5.160629158944711,-279308358.60391414,1001820952.6599053
5.161271249966178,-585838644.0073129,1102655143.2185464
5.161913340987644,-78551050.18133324,1056780618.2304227
5.162555432401572,-81725824.2327871,1037227072.1764569
5.163197525041893,-1185270383.3622284,1089637732.71695
5.163839617682213,23966179.564627424,1119168742.9415925
5.1644817103225344,-1151077027.3157785,1168591512.4437506
5.16512379549715,-1468603694.1273503,1189939664.5368328
5.165765849429209,-318530319.308209,1183645198.4784472
5.166407903361269,-1099531044.9701889,1162220942.004302
5.167049957293328,284502516.0650524,1079726613.862777
5.1676919888441155,191105432.06747875,1064739944.7201762
5.16833388633643,779142895.5405523,1331784011.353569
5.168975783828744,-550628510.7390175,1434618751.6175206
5.169617681321058,-338254897.02538425,1584977511.519145
5.1702595825659765,-1850712598.0909522,1762396870.0996966
5.170901520401248,194165006.3926617,1763280240.1617997
5.1715434582365205,-388621817.54063666,1486877265.8296201
5.172185396071793,-317267161.8038466,1403273544.654686
5.172827325619877,-146378249.48047724,1369350998.0391529
5.173469068372845,2432331373.8285027,1504777170.9413345
5.174110811125813,139397107.2408283,1888693704.683945
5.174752553878782,-1628079375.0654566,2142260196.2198079
5.175394296631749,288996507.3509586,2191030872.784435
5.176036041051286,-188385315.00421563,1884243521.13971
5.176677785485186,94113950.5821745,1805726418.7491603
