Wavelength_um,Transit_Depth_ppm,Error_ppm
2.8705440656200856,1676.401190374772,311.9293592630487
2.871219918514831,1608.7846507853487,310.36334259226766
2.871895763808353,1336.3232996406416,309.8365298667226
2.8725715630920616,1692.2878585820463,309.3124231671961
2.87324736237577,2073.6865977215807,308.79095582706657
2.8739231616594787,1141.570653020377,308.27211419551907
2.874598972880794,1229.0538802252572,307.75586668089005
2.87527481269201,1461.0693610407316,307.2421749388188
2.875950652503226,1923.7414776158407,306.7310404426817
2.876626492314442,1097.0301752561224,306.2224514932703
2.8773023092070065,1386.884818071845,305.71638857013096
2.8779780977695286,1792.9194218617472,305.2128500422379
2.8786538863320503,1859.9073590593953,304.71177546628246
2.879329674894572,926.9575936544685,304.21316738498297
2.880005450594114,1361.7646921512119,303.7169968787411
2.880681217715283,1403.9551413513018,303.2232533545119
2.881356984836452,1527.0451145983602,302.73190310172356
2.8820327519576208,1786.927354494292,302.24302127982935
2.882708502945143,1381.6198780133188,301.7714214076299
2.8833842486263195,1401.7589183513073,301.3074192811103
2.884059994307496,1842.417994368772,300.84559421404515
2.884735739988672,1330.795941653588,300.3858802944121
2.885411437168953,1807.9498760066238,299.9283126096577
2.8860871292561,1091.0459954471844,299.47282813680846
2.886762821343247,1663.3090233508083,299.01941905256746
2.887438515745513,1712.87792931119,298.56805529294763
2.8881142483571396,871.6021969819924,298.1187137388452
2.8887899809687663,1671.383690801218,297.671394715447
2.8894657135803925,1580.9456842042898,297.2260875322388
2.8901414354738035,1252.969195158839,296.7827867498859
2.8908171168431647,1234.7136534573012,296.3414840410773
2.891492798212526,1750.1716075778725,295.90215836156864
2.892168479581887,1405.1055475287367,295.4647713305014
2.89284415320765,1257.174950009393,295.0293310950767
2.8935198131424595,2010.306359654818,294.5958178405972
2.894195473077269,1440.9994084280709,294.1642139185189
2.8948711330120784,1737.2866689006178,293.7345082742156
2.8955467819464173,1611.2120325387207,293.3066805843778
2.8962224204480354,847.4750707656505,292.8807360419533
2.896898058949653,1426.932742576132,292.45663832641685
2.897573697451271,1402.8633519805137,292.03437705191345
2.8982493003188003,1403.3387729484914,291.6139702386445
2.8989248852433875,1321.4207939478924,291.19538629198723
2.899600470167975,1180.773929774625,290.7795754147768
2.9002760550925624,1140.9762197135487,290.51261867119763
2.900951673109009,1828.550980006381,290.45779948358916
2.901627298555048,901.6547496003807,290.40442512190737
2.9023029240010874,1319.509540092932,290.3510833439968
2.9029785494471265,1546.253471949725,290.29776160561437
2.9036541252928463,920.1963621218757,290.24440079216413
2.904329699503047,1613.467896441537,290.17842996444733
2.905005273713248,1284.0192522982986,289.9884543605565
2.905680845361378,1224.8031453713331,289.79802431654656
2.906356398143825,1421.7529734871005,289.6079769580149
2.9070319509262723,1841.8391570327753,289.41830239766006
2.90770750370872,1189.485594362971,289.2289965982054
2.9083830506860058,1940.3654796108979,289.04006217715295
2.909058582042059,1413.8203101476913,288.8514957182003
2.909734113398112,1683.529465153662,288.66329850245467
2.910409644754165,1500.073236256775,288.47546434767054
2.9110851670649933,1818.5436442129567,288.2879987336435
2.9117606769960114,1432.3761051751728,288.1009044574682
2.9124361869270294,1842.0651420647505,287.9141696082292
2.9131116968580475,1704.8512154021412,287.72779044671233
2.91378718222532,1080.3629767456323,287.5417809914977
2.9144626493103445,1890.1206096975236,287.35613953618036
2.915138116395369,2019.1735827102086,287.17084761965185
2.9158135834803938,1929.8569508280602,286.9859196447451
2.916489079907918,1926.8251969080259,286.80132925966205
2.917164587511064,1572.263292918036,286.6170983180922
2.91784009511421,1638.9048282344431,286.4332194987006
2.9185156027173558,1341.483849265184,286.24968571542735
2.9191910654984543,1516.3278470699786,286.06652150197255
2.91986652187283,1441.6401869870242,285.8837090201434
2.9205419782472055,969.1192308925615,285.7012352929865
2.9212174340698627,1564.1624898155994,285.5191177467989
2.921892869023959,1744.110222625681,285.3373492249942
2.9225683039780557,1487.2408453573662,285.15592500950663
2.9232437389321517,1191.6020185136124,284.97484519559106
2.9239191701068235,1861.0337279086755,284.7941078264853
2.924594583641999,1159.5214195694007,284.61372174562405
2.9252699971771747,935.9454189857238,284.43366714282377
2.9259454107123504,2009.422892940474,284.2541274527523
2.9266208067380903,1794.789591561247,284.10018470470584
2.927296166731907,1650.0242993902916,283.98014021263396
2.927971526725724,1627.1837130684012,283.86046975054535
2.9286468867195405,1131.3665769080412,283.74095223833973
2.9293222660510057,1789.959162848739,283.6215851188732
2.9299976665599154,1857.0861404957639,283.50235900117184
2.9306730670688252,1149.035269712763,283.3832934101871
2.931348467577735,1397.4676913205824,283.2643689012956
2.932023835947624,1408.5365703357274,283.1456065234471
2.932699185234188,2162.842505444975,283.0269969439356
2.9333745345207514,1192.405427266367,282.9085351142
2.934049883807315,1719.8220561467315,282.7902248041674
2.9347252164417026,1807.4706904747113,282.67207085309127
2.9354005443147786,1485.5028963968869,282.55405913887546
2.936075872187854,1800.5433716495572,282.4361978158224
2.93675120006093,1543.8478803823493,282.31848957326406
2.9374265080692368,1905.390204633349,282.20092547945694
2.9381018145301825,1485.1073687417654,282.08351520895377
2.938777120991128,1034.1178977699255,281.96625270492996
2.93945242329335,1719.763472872384,281.8491321171612
2.9401276762299107,1617.9416899210823,281.73217493012777
2.9408029291664715,1381.703507332134,281.615356635244
2.9414781821030322,1015.1688225151952,281.4986851352069
2.942153444250252,1593.0247639709637,281.3821571544174
2.942828737698878,1500.2633279342822,281.26577484487086
2.9435040311475036,1372.0451308358993,281.14953725788376
2.944179324596129,1503.5735119912547,281.03344499882496
2.944854598741878,1823.19995333522,280.9174973892645
2.9455298409745803,1448.2011610696356,280.8016964531856
2.946205083207282,1429.2861127707065,280.6860479440658
2.946880325439984,1916.469472182903,280.570534899838
2.9475555564022886,1437.0626219327244,280.45517567800766
2.9482307772282907,1382.0195117432197,280.3415858218112
2.948905998054293,1362.5882671062354,280.47184639289844
2.949581218880295,2056.8802085325065,280.6804465630394
2.9502564180027684,1593.0599252591057,280.8900113728267
2.950931606721266,1551.6595138510947,281.10005427782187
2.9516067954397633,1315.7186787727535,281.31055996920645
2.952281984158261,1230.203653432703,281.5215475884612
2.952957137551448,1679.6728069679625,281.7329911507393
2.953632283464689,1417.8910985644886,281.9449103410441
2.9543074293779292,1616.782604824161,282.1573082137748
2.9549825752911696,1408.3985999195402,282.3701942143476
2.9556577606725347,1811.866378828309,282.5835660572164
2.956332947094812,2064.2357605168395,282.79742219896997
2.957008133517089,1719.8413558126203,283.0117727030631
2.9576833123102437,1795.8800738771909,283.2266024001869
2.9583584368228912,1002.7225021163339,283.44189872739327
2.9590335613355387,1419.9301047760277,283.6576955736917
2.959708685848186,1522.198793220486,283.8739839474764
2.960383804536908,1772.7943642753767,284.0907616008278
2.961058907650319,1370.4958692527412,284.30803480754116
2.9617340107637298,1344.4023497220787,284.52580435904457
2.9624091138771407,1608.4179732017064,284.74407539724905
2.963084207982911,1208.658108137051,284.96284654399255
2.963759289698442,1992.9007197646633,285.1821239527131
2.964434371413973,1384.8342848638526,285.4018989348067
2.9651094531295037,1461.4908871700934,285.6221877823166
2.9657845226566955,1263.2730948507474,285.84298173620084
2.966459582975703,1748.6468622239609,286.06428578116123
2.96713464329471,1348.9506091643952,286.28610478480044
2.9678097036137174,1366.1073161618463,286.5084371191007
2.9684847255194913,1619.0628837341724,286.73127686334436
2.969159732353123,1737.834858888336,286.9546290747711
2.969834739186755,1910.0239921918983,287.1780126554704
2.9705097460203866,984.0633452898614,287.3226380641183
2.9711847879498676,1525.5641231064815,286.6784138685545
2.971859835288599,1457.1136751880147,286.03329113039484
2.9725348826273303,1588.955647708817,285.3924986333922
2.97320992921917,1617.4216527363433,284.7559984975178
2.9738849253567436,1518.6342763990824,284.1237841726838
2.9745599214943175,1688.8199959440165,283.4957594023723
2.975234917631891,1343.0411635312341,282.8718842162031
2.975909910287405,1818.8923047404285,282.2521115519844
2.97658488503388,1512.3446446810294,281.6364154216823
2.977259859780354,1586.395692262835,281.0247317172019
2.9779348345268284,1601.9949089728516,280.41701178524113
2.9786098026242573,1467.6041019325055,279.81322566146264
2.9792847559809883,1674.6811557520093,279.2133442629222
2.979959709337719,2375.4915273524944,278.61729528904885
2.9806346626944498,1588.557257911317,278.0250504692286
2.981309591519798,1405.9348327729942,277.43659122443074
2.9819844914081006,1651.7623725537476,276.8518753912103
2.9826593912964032,1464.6108633258398,276.2708482938569
2.9833342911847063,1176.195571319218,275.69345822146863
2.9840092156352997,1296.179032254324,275.1196511750319
2.984684156025674,1024.7903647907578,274.5494033010917
2.9853590964160475,1596.4240093294661,273.9826838626737
2.986034036806421,1728.3664196116579,273.41946813690083
2.9867089385976358,1409.0696376932233,272.85973829611714
2.9873838277932694,1337.0550006693766,272.3034368322344
2.9880587169889026,1917.4139368697715,271.7505309958111
2.988733606184536,1465.7020035992853,271.2009800904457
2.9894084761011284,1331.8992708988976,270.65477046248634
2.99008334391244,1343.0338804291964,270.11184184812805
2.990758211723752,1570.7062553391763,269.5721747179376
2.991433078487058,2318.900808096201,269.035723913033
2.9921079249154032,1625.5095366228445,268.50287796791713
2.9927827713437485,1658.5522654217684,268.0321993601257
2.9934576177720933,1199.294337970711,267.6517138857716
2.9941324537052334,1507.087840299022,267.27343221353306
2.9948072466820896,1176.0649352106693,266.89677773342385
2.995482039658946,1511.248956837452,266.52170999232646
2.996156832635802,1671.0908595101926,266.1482110726968
2.996831639519373,946.3557674378862,265.77627523103223
2.9975064729952714,1655.8672176742743,265.4058806745277
2.99818130647117,1717.563770655165,265.0370238796621
2.9988561399470686,1795.2558737881163,264.6697052934895
2.9995309483255665,1722.7745205280655,264.3047865294904
3.0002057306131413,1438.2100915077467,264.0724982842593
3.0008805129007157,856.2086581858119,264.13607941117033
3.00155529518829,1665.0265168802005,264.20167197745286
3.002230057041346,1914.8017403249416,264.26732064110075
3.0029048072631066,1436.0859015940619,264.333011992313
3.003579557484868,1558.5340959288264,264.39875167228377
3.004254307706629,1221.284240350701,264.4645420325773
3.004929041168754,1649.498171505859,264.53037454499935
3.005603770014999,1850.7708293650883,264.59626271184084
3.0062784988612443,1533.5482988814192,264.66219813567477
3.0069532277074895,1484.6850459203874,264.72818446279206
3.0076279068224263,1890.0017021187443,264.79421286403806
3.0083025822358067,1587.37111681644,264.8602879933526
3.0089772576491867,1224.1430017279074,264.92641553464824
3.009651936184276,1412.1486834365132,264.99259153284845
3.0103266520933674,1282.6835906163435,265.05882575138327
3.011001368002458,1878.7482287609835,265.12510273154265
3.011676083911549,1390.9261991225305,265.1914367661594
3.012350788390448,1443.7199145606983,265.2578194960935
3.0130254531182707,1566.46212276711,265.3242446691631
3.013700117846094,1495.592075972948,265.3907209174106
3.0143747825739164,1608.2735190591864,265.45695952910717
3.0150494394027327,1413.6281158274887,265.48072889465936
3.015724082760456,1018.7706456316818,265.48658012366514
3.016398726118179,1654.1343420034032,265.4923150910912
3.017073369475902,1294.269851489631,265.4980429192385
3.0177480018114533,1961.9243756338715,265.50377973164666
3.0184226238004306,1815.7954299060586,265.5095097912681
3.019097245789408,1302.9165421809148,265.5152463464475
3.019771867778385,1763.68347744447,265.52097733546736
3.020446475625029,1377.037778480967,265.5267143146218
3.021121076246614,1439.3585895175543,265.5324462174724
3.0217956768681993,1398.6373973293357,265.53818407205
3.0224702774897843,1177.1248896367106,265.543916403575
3.0231448349646888,1088.865360559802,265.5496566741717
3.023819382173715,1827.3821745264659,265.55538851135714
3.024493929382741,1974.7136330489132,265.56112850235496
3.0251684765917672,1701.1784532442323,265.56686408257724
3.0258430624071604,1415.0549765964065,265.57259862909586
3.0265176501082625,1551.6810894711016,265.5783392129845
3.0271922378093645,1290.070008974671,265.584073159705
3.027866819390684,1500.3423730408429,265.589815750573
3.0285413452370546,1469.5308606259334,265.5955525100318
3.029215871083425,1731.5009490396887,265.60129477269425
3.029890396929796,2025.021504453451,265.607031856744
3.0305649175544858,1292.1570738902353,265.6127703928737
3.031239422039554,1429.1526880352922,265.61851429492276
3.0319139265246227,1051.3471813849565,265.6242507445397
3.0325884310096907,1338.7338780609164,265.62999140052625
3.0332629271679767,1418.9946671634582,265.6357300751274
3.033937410293096,1665.3713329609564,265.64147522553793
3.0346118934182145,1945.1702446863915,265.6472149561967
3.035286376543333,1216.9070450059185,265.6529570724417
3.0359608310976016,1933.3129843002566,265.6587038073295
3.0366352608287652,1321.1940326015192,265.66562031904385
3.0373096905599284,1222.2526029777416,265.789799333547
3.0379841202910915,1706.1815971295057,265.9149390903448
3.038658577556775,1238.988977505275,266.04025305058934
3.0393330477766827,1241.689174357985,266.1657500565074
3.0400075179965897,1723.9328396484648,266.29143107488187
3.040681988216497,1653.402886893281,266.41728558703653
3.041356416229646,1588.6397731579082,266.5433066733247
3.0420308352830325,1793.942333023014,266.66950964620605
3.042705254336419,1223.2160352311137,266.7958887259312
3.0433796733898055,1448.948462442993,266.9224509688526
3.0440540717338247,1914.1226575263506,267.04919014039154
3.0447284694326724,1340.7097336854074,267.1761098594864
3.0454028671315196,1398.949471593111,267.3032047035111
3.0460772623840824,1626.8013424654853,267.4304866963894
3.046751638729743,1737.4462679449146,267.5579420438178
3.047426015075404,1349.3752527634438,267.68558229144344
3.0481003914210643,1852.2941549361763,267.8134117952349
3.0487747539305228,1352.900751186915,267.94141516705236
3.0494490768991316,1404.32682827999,268.06959302145265
3.050123399867741,1603.3641965502916,268.19795732151283
3.0507977228363496,1690.5515669812849,268.3265094469338
3.0514720578356247,1039.5996464351492,268.45524405406434
3.0521464106152494,1631.132953979761,268.58417018662794
3.052820763394874,1543.773885576336,268.71328176789996
3.0534951161744983,1677.7622447699391,268.8425738836116
3.054169440932572,1907.478588706757,268.97205704204873
3.0548437425527264,1436.4466476887026,269.1017197357353
3.0555180441728806,1136.781811109342,269.2315639827263
3.056192345793035,1456.1816143805277,269.3616024515899
3.0568666326419422,1434.854749968247,269.49182716225374
3.0575409129149933,1567.844339017795,269.62223651276094
3.0582151931880444,1020.6825967939739,269.7530413106852
3.0588894734610954,1541.1439536459013,269.91508424693706
3.0595637358878265,1360.224352089839,270.1520899787474
3.060237994815126,1354.2866919219396,270.39022268773516
3.0609122537424254,1687.2986743470385,270.62899219079384
3.061586512669725,1869.3746451709064,270.8683931424285
3.0622607193035125,1961.5806531075543,271.10840949230845
3.0629349248723456,1422.9512379755602,271.3490697194849
3.0636091304411783,1324.956933336517,271.59037605024923
3.064283341018421,1369.5316986744303,271.83232574088436
3.0649575870696366,1459.8862921227628,272.07494099473996
3.065631833120852,1855.156894064831,272.31820803770205
3.0663060791720675,1446.3667886042124,272.5621229386068
3.0669803086995597,1729.5107894120476,272.8066955778435
3.0676544929273706,1756.2425477854622,273.0519135197332
3.0683286771551814,1656.222443682956,273.2977982024954
3.0690028613829923,1413.8399739830052,273.54434064145534
3.0696770368438764,1485.4661094661644,273.7915554508173
3.070351199732016,1432.6460244359464,274.03943682061833
3.071025362620156,1495.204802059393,274.2879968995145
3.0716995255082957,1009.3832425126471,274.5372344802144
3.0723736765694527,1539.1978396777822,274.78715433026645
3.073047818119272,1679.5315682965236,275.03774864350515
3.0737219596690917,1691.190753353876,275.28903307272367
3.074396101218911,1712.6948455824381,275.5410094463083
3.075070227884684,1115.553740095734,275.79367671196195
3.075744348097534,1023.7342145138657,276.0470364006897
3.0764184683103846,1530.0364844431747,276.30110159267184
3.0770925885232345,1653.3888735605337,276.5558648642713
3.077766663892915,1529.8826714520526,276.81132139085315
3.07844073076925,1818.5410997201402,277.0674865837218
3.0791147976455853,2020.0724128380843,277.32436062111645
3.0797888645219205,1956.8728286361008,277.5819603451678
3.080462971214577,1371.1963088197247,277.8396053361601
3.0811370785693564,1966.1240752632489,277.99494348212465
3.0818111859241357,1042.8072469451504,278.07193203715934
3.082485285465809,1601.4854263694517,278.1484621625026
3.0831593310099015,1683.0261747537368,278.2250447189605
3.0838333765539936,1622.1898687314022,278.3016973198834
3.0845074220980857,1557.8636928019023,278.37840637207665
3.0851814619006475,1461.4825589588716,278.45517903662363
3.085855486113847,1495.0714938545204,278.5320167422562
3.086529510327047,1360.2954392982915,278.6089145162631
3.0872035345402464,1664.851066886094,278.68587781705935
3.0878775499698508,1609.7334674718893,278.7629027979929
3.0885515528535077,1684.1992601058396,278.83999367172396
3.0892255557371646,1306.4671978777421,278.91714639198005
3.0898995586208216,1402.3046977787535,278.9943630164111
3.090573531949203,1749.3626895221278,279.07163698589284
3.0912474815149085,2016.84678515659,279.14897333335904
3.0919214310806145,1603.5339285132368,279.22638021535886
3.0925953806463204,1400.4514677640611,279.30384564140684
3.093269358404285,1365.162261267539,279.38137675972445
3.093943348445103,1879.1341282004817,279.45897921726424
3.0946173384859206,1457.903795591365,279.536646270113
3.0952913285267383,1239.8593995807064,279.6143696091676
3.09596526674071,1364.1428285030015,279.6921659585753
3.0966391949815972,1447.705255383033,279.77001841286955
3.0973131232224844,1483.5994745033515,279.8479360875944
3.0979870514633716,1801.6985331281182,279.92591736837716
3.098660958792058,1537.9186297563822,280.00395634000677
3.099334865709476,1229.783110640931,280.0820408471439
3.100008772626894,1987.4759028420085,280.1541154622823
3.1006826769285003,1245.4808268290444,279.9229466847401
3.1013565625237987,1027.2988280137638,279.6903422300113
3.102030448119097,1658.9720841447233,279.4583135050203
3.1027043337143954,1787.2121607989404,279.2276686388782
3.103378205210598,1983.650990001913,279.1175163944255
3.1040520375064995,1560.9494048499187,279.0315794958843
3.104725869802401,1733.176259088173,278.94587346682647
3.1053997020983024,1502.1531674295961,278.8602466355941
3.1060735508284534,1449.1453396135003,278.7746941229027
3.106747423596134,1423.5710763307977,278.6892153851989
3.1074212963638144,1879.025135582359,278.6038181912722
3.108095169131495,1556.7937037142885,278.5184958254033
3.108769008070506,2252.00499640009,278.43325821420416
3.1094428190490095,1402.4502251475194,278.34809904206895
3.110116630027513,1401.6161418384543,278.2630195590395
3.1107904410060163,1617.7641486179184,278.17802197034257
3.111464237299812,1256.1525266896306,278.093098752139
3.1121380269622656,1254.1823528171533,278.0082519454292
3.1128118166247196,1336.4595696125316,277.9234882502576
3.1134856062871736,1587.72480784895,277.83879646161654
3.114159378254159,1175.194218668525,277.754182442582
3.114833146601912,1905.481094819948,277.66965143814565
3.1155069149496653,1423.5627979848532,277.58519087734686
3.1161806832974186,1684.0795004655013,277.50081352432727
3.1168543998895095,1748.0412079717223,277.4165147958842
3.1175281149564102,1270.043797146588,277.3322928553389
3.118201830023311,2067.5544245197902,277.24814827626363
3.118875549632538,1653.0451615025775,277.16407969280624
3.1195493051678853,2129.4553345072645,277.0800838505485
3.1202230607032324,1126.2901373228071,276.99615682607566
3.1208968162385795,1335.0009395934112,276.9123122413667
3.1215705561445577,1418.1661596981085,276.82854529345997
3.1222442499014766,1639.4702504795082,276.74485616551465
3.122917943658396,1540.7951643083384,276.6612418274397
3.123591637415315,1908.169350372566,276.57770365353076
3.12426532278222,2067.3663761343646,276.4942469692957
3.124938995230506,1418.6836731884835,276.41055935032557
3.125612667678791,1542.0211723633017,276.3243587374064
3.126286340127077,1639.8767705459761,276.2382126493528
3.1269600011895418,1521.8409512621529,276.152150970538
3.127633652330542,1718.0210517656471,276.06616677948676
3.128307303471542,1943.9961946364238,275.98027186523785
3.128980954612542,1598.5503147403367,275.89444810620137
3.129654591374895,1744.9274130893784,275.8087077023161
3.1303282212099575,1722.0475599256388,275.7230536755422
3.1310018510450197,1949.1928895003687,275.6374793369883
3.131675480880082,1733.627504311753,275.55197504334797
3.1323490672959684,1717.9616415585026,275.4665639772872
3.1330226438720823,1561.5835460398118,275.3812307691872
3.1336962204481957,1498.8846029245983,275.2959768270858
3.134369797024309,1356.4804446780372,275.2108038165804
3.135043402081852,1294.0484812835534,275.12570555387015
3.135717008471391,1455.1911918131536,275.04068699394446
3.1363906148609297,1976.6019476109582,274.9557401307388
3.1370642163835956,1422.3950386978431,274.8708807026108
3.1377377716584878,2021.6440452009754,274.7861079663958
3.13841132693338,1598.8775729512522,274.7014071630626
3.1390848822082718,1774.546883878631,274.616785177379
3.1397584324741055,1442.911071867721,274.5322410936426
3.1404319664491234,1402.5234245991787,274.4477833382656
3.141105500424141,1735.372291560919,274.3633958327416
3.1417790343991587,1455.1091659958233,274.279093811509
3.1424525563939443,2141.5486291547945,274.1948633235432
3.1431260584216765,1110.815974458082,274.1107169586279
3.1437995604494087,1420.5989044750984,274.02665009017653
3.144473062477141,1459.5871702038437,273.9426588953786
3.1451465371056377,1625.024714844343,273.8587481408891
3.1458199858946276,1355.7932517401418,273.7749146774281
3.146493434683618,1872.4441152293512,273.69112965970254
3.1471668834726083,1514.0377285442025,273.602792699308
3.1478403587226724,1292.3266915592574,273.5058220217443
3.1485138479725343,1844.7649580002876,273.40889321892547
3.1491873372223957,1968.5763878109115,273.31205892140684
3.1498608264722576,1826.3376023740473,273.21533410205825
3.1505342751829044,1413.450595230884,273.1187217429334
3.151207713325156,1281.1290694584375,273.02220557273586
3.1518811514674083,1519.740711721852,272.92579725889516
3.15255458960966,1770.1948704319168,272.82948482129086
3.1532279979697004,718.528051269698,272.73328217430094
3.153901404173757,1499.9971895456345,272.6371832502782
3.1545748103778135,1793.3714883302398,272.54117697598093
3.1552482150575965,1816.2814054026605,272.44528003017984
3.155921599971206,1972.1299597955126,272.3494829980655
3.1565949848848147,1729.714346593941,272.25378973198804
3.157268369798424,1690.516580190693,272.15819441252694
3.157941743505381,1210.28838517446,272.06270209359354
3.158615075198761,1036.4010223901407,271.9673167541369
3.1592884068921414,1419.3468683463966,271.8720354668054
3.159961738585521,1689.5284834430852,271.7768442647257
3.16063508440842,1495.9314064857451,271.68175866911065
3.1613084565593383,1581.1546662196945,271.58676583002614
3.161981828710257,1001.6349121449858,271.491872696311
3.1626552008611752,1330.7278442771578,271.3970768616555
3.1633285428941584,2061.85134284882,271.3023898626776
3.1640018533018024,1933.5486718152254,271.20780254320385
3.1646751637094463,2201.651260384126,271.1133074911409
3.1653484741170903,1988.9294093274132,271.0189192227893
3.1660217711934098,1761.2463268352312,270.9246288728693
3.1666950603166635,1339.6642629433445,270.83043803325216
3.1673683494399167,1961.1196734727446,270.7363441967668
3.1680416385631704,2207.2934896204597,270.6423539457798
3.168714911409779,1681.5710562859717,270.548370443488
3.1693881792499874,1645.9334022031644,270.4417742517252
3.170061447090196,1471.9612961154096,270.3262199874368
3.1707347149304046,1953.1333354698418,270.21075282110405
3.1714079347254023,1327.6881692258937,270.0954421812515
3.172081149363885,1821.284159593982,269.98028018566373
3.172754364002368,2007.0295117168062,269.8652654781551
3.1734275798655336,2015.8053034088105,269.75039566984725
3.174100824318582,1797.2506511266579,269.6356661496253
3.1747740687716304,1214.730711556663,269.5210866716382
3.1754473132246788,1745.6038587847454,269.40664781417456
3.1761205485375115,1891.3639198393887,269.29236192120516
3.1767937418976584,1733.6426624998196,269.178224633726
3.177466935257805,1441.464713907969,269.0642313537974
3.1781401286179514,1287.6638561874129,268.9503836577096
3.1788133152381333,1712.9280262735017,268.8366806171698
3.179486487321289,1766.8425825997117,268.72312800420235
3.1801596594044446,1296.8816322005353,268.60971272011267
3.1808328314876,1740.3041258643734,268.4964486279911
3.1815059890653936,1914.241405968077,268.3833279434937
3.182179129235584,1485.3951597942191,268.2703452362067
3.1828522694057746,1844.373997701895,268.15751122473756
3.1835254095759655,1746.3309011281542,268.0448197536974
3.1841985371499963,1340.9062560496145,267.9322698248205
3.184871656046558,1972.3350029044207,267.8198694025015
3.1855447749431196,1559.9093339528627,267.70760260271334
3.186217893839681,946.7076205724295,267.59547822043345
3.1868909739399225,1385.7371766777476,267.4835042436798
3.187564039658294,1692.5131648897466,267.371669593828
3.188237105376665,1691.8567750532382,267.2599774212462
3.1889101710950363,1600.8031478092296,267.14842218793956
3.1895832626540703,1778.8109490242964,267.0370019049763
3.190256358187471,1570.9994201447914,266.9257234184876
3.190929453720872,1509.5671279099565,266.8148893097204
3.1916025491061415,1085.2584874724205,266.75029440291786
3.192275604189883,1725.4239834433067,266.6966034724658
3.1929486592736245,1727.2311231128901,266.6430165165046
3.193621714357366,947.1466147708915,266.58946139979076
3.1942947634544088,1556.5378641557502,266.5359385667962
3.1949677760029913,1230.3387242948431,266.4824484583992
3.1956407885515743,1764.7506352734888,266.42899750629846
3.1963138011001573,1316.123829730383,266.3755727372583
3.196986807745677,1617.1933682890224,266.3221798340838
3.1976597990286963,1786.9695473908737,266.26882528802304
3.198332790311716,1400.2571725573953,266.2154971319955
3.1990057815947353,1790.0776419381693,266.1622078548782
3.199678755258497,1821.1504094556446,266.1093600232251
3.200351704014421,1699.544281095829,266.11904431268465
3.201024652770345,2046.6313067496774,266.18586395399524
3.2016976015262695,1740.4357275457924,266.25311235286256
3.2023705725594382,1630.9899707368152,266.3204193320516
3.2030435617619912,1549.167154816661,266.3877731346102
3.2037165509645438,1234.4213299462162,266.45518262669225
3.2043895401670968,1541.6868870605228,266.5226390820785
3.205062486967887,1259.4029201863186,266.5901437398056
3.2057354144622794,1613.1979040441536,266.65769984831746
3.206408341956671,2009.842266561126,266.72530749166793
3.2070812694510633,1701.9650563680175,266.7929664942433
3.2077541794379805,1254.728829761608,266.86067740007667
3.2084270856721835,1779.6625952464249,266.92843231772923
3.209099991906387,1431.5034792273366,266.9962451714036
3.20977289814059,1807.1695039844333,267.0641051175008
3.21044576357114,1768.2130204990497,267.1320213773681
3.2111186272889958,1691.9095466378612,267.1999821138562
3.2117914910068515,2028.9402986273753,267.26799797304983
3.2124643506562736,1788.7179765203455,267.3360726112679
3.213137171863154,1397.0424564260709,267.4052995709353
3.213809993070034,1528.6761021033376,267.50306062922294
3.214482814276914,1761.7686791143124,267.6011143997108
3.2151556448441356,1543.2629462469984,267.6992762885599
3.2158285064940073,1636.0247679872518,267.7975467507649
3.2165013681438794,1577.3810976887155,267.895933565936
3.2171742297937516,1657.3791529539376,267.99441943787014
3.217847068796984,1637.1366452528657,268.09301290395837
3.218519868750391,1978.4444439830459,268.1917134571057
3.2191926687037977,1696.7349705048878,268.29051426971074
3.2198654686572046,1902.2128278183616,268.3894316079657
3.2205382579274726,1850.4260864691098,268.488450362167
3.2212110366287487,1988.7719176929193,268.587579273007
3.221883815330025,1707.5818794200366,268.6868160477342
3.222556594031301,1281.3932272489355,268.78616848464003
3.2232293591706727,1665.8814956860979,268.885622971972
3.223902116621161,1324.4481344725357,268.9851810950698
3.224574874071649,1958.3369019950535,269.08485732271174
3.225247631522137,1882.9888094202408,269.1846417816174
3.2259203396626037,1683.0915378105526,269.2845272238445
3.2265930333687813,1689.6464454214006,269.3845244622978
3.227265727074959,1599.3713898241353,269.48463132371035
3.227938420781137,1964.67906035811,269.5848513046692
3.2286111512292726,1824.9158692587127,269.68518831724725
3.229283885374805,1499.7254966968924,269.7856327671637
3.2299566195203377,1630.87743191776,269.88619305818185
3.2306293509852333,1718.0559806619005,269.98686109736127
3.2313020234459917,1631.8506289724717,270.0876356130916
3.2319746959067506,1683.674945364951,270.18852459381344
3.232647368367509,1636.7305213527009,270.2895193730266
3.2333200370394986,1484.4972389242976,270.39063209874297
3.23399268825618,1376.3320568702293,270.4918510196457
3.2346653394728615,1949.3108693304514,270.5927887415829
3.2353379906895428,1617.1968417510636,270.63323842551307
3.2360106352549036,1065.5602926876768,270.48637058917643
3.2366832652288497,1589.4605469628673,270.33850320745415
3.237355895202796,1834.3906832145858,270.1908789931219
3.2380285251767416,1826.2872423644815,270.0434954844509
3.2387011456397707,2206.657923134859,269.8963563836064
3.239373754372323,2016.7692406684243,269.7494623228447
3.240046363104875,1561.9189988382393,269.6028037038869
3.2407189718374276,1284.8525892909022,269.45638381812
3.241391543469644,1715.2222421527733,269.310216788398
3.242064088486064,1621.879514800915,269.16428591667704
3.2427366335024836,1798.351090214618,269.0185977773865
3.2434091785189034,1709.545572728326,268.873141484314
3.244081752504277,1790.2763406774905,268.7279173150712
3.2447543379558086,1354.4127365425616,268.58292525659436
3.24542692340734,1602.0363763595024,268.4381693237849
3.2460995088588716,1619.1324643664925,268.29364873670403
3.246772041861327,1058.3610475619794,268.14936400568865
3.247444565641718,914.4771828422778,268.00532020688655
3.24811708942211,2001.539070365384,267.8615091277512
3.248789613202501,1928.5987004718504,267.7179301840501
3.2494621160774053,1713.556581204217,267.57458691232046
3.2501346186231097,1429.8730467423602,267.4314706238707
3.250807121168814,1509.404580849784,267.28858262264663
3.251479621200316,1582.1393454052202,267.145930542083
3.2521521025126736,1332.8816094947722,267.00350181784825
3.252824583825032,1701.5930301295637,266.86130918133375
3.2534970651373896,1513.8467028009795,266.71934106530136
3.2541695303868003,1577.5804614034876,266.5776026167718
3.2548419480071638,1734.1585143865145,266.43609999473784
3.2555143656275267,1455.044323516751,266.29482287373565
3.2561867832478897,2157.943893711036,266.1537642036371
3.2568592164594428,1657.3782611506147,266.0133880590276
3.25753167451128,1626.7814786127142,265.9409617005905
3.2582041325631175,2064.9800011746283,265.9546514220699
3.2588765906149546,1692.272268985002,265.96891743094426
3.2595490166704106,1011.7661940185832,265.98318697007875
3.26022141306279,1610.5723605263595,265.99745447174763
3.260893809455169,1935.9470817185627,266.011728979567
3.2615662058475476,1437.2856085735789,266.02599877554786
3.2622385883954497,1713.22935571375,266.0402777805828
3.2629109635611853,1406.1049005177276,266.0545551309721
3.2635833387269204,1716.8370495480551,266.06883728294423
3.264255713892656,1487.8452391121596,266.0831183122327
3.2649280723880296,1617.5072625289033,266.09740241129526
3.2656004263284615,1405.6147918973522,266.11169403284947
3.2662727802688933,1283.1614417148267,266.12597994207863
3.266945134209325,1858.6070319227708,266.14027415473953
3.267617429673553,1168.472597719812,266.15456406783653
3.268289719946114,1222.1049452969417,266.1688637729804
3.268962010218675,1536.1633954363313,266.1831609693132
3.269634302559017,1940.8059661382097,266.19745626748585
3.270306633259415,1679.4322241828972,266.21176259042164
3.2709789639598124,1478.082695601033,266.22606745155605
3.27165129466021,1747.267335955972,266.2403754050762
3.272323614034935,1471.2813140497544,266.2546833666187
3.272995883087552,1084.7014612188152,266.2690006990149
3.2736681521401683,1293.8394554659453,266.28331072752337
3.274340421192785,1777.149034788696,266.29762548030016
3.2750126835342925,1045.9021687374586,266.3119501350285
3.2756849313683047,1505.1474309279538,266.32626719242955
3.2763571792023165,1464.4812396270515,266.34058955965855
3.2770294270363283,1568.8719695837474,266.3549183707926
3.277701665349507,1986.817116056577,266.3692454901196
3.2783738919662535,1526.963734465754,266.38357498281243
3.279046118583,1676.9844035755118,266.3979414891836
3.279718345199747,1473.314827620632,266.418003555622
3.2803905348359876,1344.4120474796184,266.4414615133253
3.2810626978089736,1980.0073373944056,266.4649502696179
3.281734860781959,2051.576382409921,266.48844675330736
3.282407023754945,1521.8755963206097,266.51194169889
3.2830792155508983,1895.7173258904409,266.53544847115035
3.2837514189480834,1715.713466666044,266.5589560610899
3.284423622345268,1602.0182417920262,266.5824752210004
3.285095825742453,1957.702634243328,266.6060019962423
3.2857679770664565,1708.0892048112755,266.6295274834476
3.2864401188275334,1417.757030620473,266.6530654380221
3.2871122605886103,1697.241550853177,266.676600666814
3.2877844023496867,1875.1282359901452,266.70015057692683
3.2884565233947267,926.6930405907459,266.72370070004035
3.2891286439452334,2069.826286381895,266.74726311764533
3.2898007644957397,1675.3611812642155,266.77082583107784
3.2904728827471987,1648.7089102330456,266.7943947971317
3.2911449820884737,1571.9987824476823,266.8179690746607
3.2918170814297483,2056.102744827763,266.8415533360916
3.2924891807710233,1679.9883492403105,266.86514061199387
3.2931612699332447,1174.6414273622104,266.88873409973775
3.2938333268600717,1433.2313932566055,266.9123324934198
3.2945053837868987,1858.9893070097567,266.93593680503193
3.2951774407137258,1370.731752964188,266.9595473738001
3.2958494818924486,1181.8070148177835,266.98316546245945
3.2965214964101808,1858.3280353120676,267.00678837985276
3.297193510927913,1497.445492845876,267.03041740806594
3.297865525445645,1047.9569556198637,267.05405257787675
3.2985375602720364,1213.7881196883854,267.0776940437215
3.2992096152097234,1487.609969019272,267.10134308423204
3.299881670147411,1550.305583656534,267.1277484779559
3.3005537250850985,1825.1918309958476,267.5674138468054
3.301225740989689,2158.1543393019156,268.09832586499533
3.3018977343048803,1438.4047002528812,268.2537118217283
3.302569727620072,1382.037772769731,268.31501322743696
3.303241720935264,1574.3837363594537,268.37574728922914
3.3039136980441652,1314.3864007221953,268.4365206535461
3.304585670158154,1920.34698045549,268.49733713237254
3.305257642272143,1586.836413059128,268.5581910209548
3.3059296143861325,1555.4160003015143,268.6190905080068
3.3066015485423814,1455.354514057033,268.6800274610422
3.307273478257979,1571.6819326821212,268.7410109394344
3.307945407973576,1654.3991371144386,268.8020304040095
3.3086173365920875,1078.143492253071,268.8630907930894
3.309289223914643,1264.223130253202,268.9241948717836
3.309961111237198,1890.2434324197577,268.9853398110261
3.310632998559753,1142.4770878610507,269.0465282609687
3.311304892197358,2149.2086018132786,269.1077584560029
3.3119768199362305,1302.673585026609,269.16903243633504
3.3126487476751034,2173.5209951304023,269.23035473309506
3.313320675413976,1754.53217407006,269.291715184035
3.313992585501405,1527.005866327748,269.3531172913298
3.314664451629445,1387.8013290797505,269.41455813501744
3.3153363177574855,949.4063921548867,269.47603726538557
3.3160081838855255,1773.1297351365295,269.53756584161323
3.31668004118135,1580.3436915162372,269.59913659952883
3.3173518861162123,1214.0553787714139,269.6607446469226
3.3180237310510745,1174.8206823776934,269.72239975672244
3.3186955759859367,1927.7633222412903,269.7840932066788
3.319367397742954,1504.2876799956857,269.84582716728846
3.320039200295471,2033.9825594963236,269.9076116838476
3.320711002847988,2098.462149085775,269.96943305391636
3.321382805400505,1792.7498052354454,270.0312958983869
3.3220545792740572,1627.3194950407196,270.09319693624303
3.322726339449576,1370.142103694639,270.1551463394723
3.323398099625095,1524.5128802870533,270.2169021244056
3.3240698598006135,1659.0889015735843,270.24457850368924
3.3247416354795716,1450.4385465869793,270.27103782431794
3.325413414880669,1829.5733444725722,270.2974934879785
3.3260851942817666,1497.087716915489,270.32396462346395
3.326756973682864,1620.1404899261966,270.35043875509166
3.3274287152667066,1501.0237519730863,270.3769237787722
3.3281004542557313,1484.6054821337443,270.40341014832865
3.3287721932447556,2073.2902526967114,270.4299061932614
3.329443929466763,1875.0449135471179,270.4564138048129
3.330115626086808,1895.0361619115747,270.48292526865487
3.3307873227068527,1533.094634172348,270.50944245138385
3.3314590193268976,1536.4875947457722,270.5359676925811
3.3321307118252528,1544.4581386764103,270.56250036583435
3.3328023872628116,1971.0983618138107,270.58904223935264
3.333474062700371,1797.9121800698706,270.6155907094942
3.33414573813793,1427.0179578926718,270.642146465424
3.3348174067185057,1592.4035692092698,270.6687115017331
3.3354890609749153,1826.9292556490877,270.695283230782
3.3361607152313244,1440.9809446064764,270.7218622140717
3.336832369487734,1767.2984202674425,270.7484478074643
3.337503994977917,1741.5223118652564,270.775042265231
3.338175585698892,2177.7157733019158,270.80164485647725
3.338847176419867,1359.9177416508373,270.82824736954456
3.339518767140842,1395.116231257331,270.8548650827328
3.340190381355773,1576.8702283708942,270.88149059381567
3.340862012484576,1568.7341872051195,270.9081180696786
3.3415336436133796,1450.0094039923417,270.9347589782863
3.342205274742183,1753.4556541661666,270.961408232426
3.342876862149011,2105.9566791754255,270.9880650967079
3.343548431694179,1442.4792158567943,271.0147219925767
3.344220001239347,1261.7920213964308,271.0413941205968
3.3448915707845144,1815.8584533118776,271.0680934944444
3.345563122574867,1970.4296357640674,271.0994306239193
3.3462346709455635,1435.74337881975,271.1608669561725
3.3469062193162595,1874.0765203158696,271.2225500064774
3.3475777676869556,1885.0861209378181,271.28427432301623
3.348249295584945,1874.5240340946307,271.34603304381625
3.348920822782505,2445.1253753486635,271.4078400001133
3.3495923499800644,1520.566994802421,271.4696885983266
3.3502638711303963,1575.3085898684212,271.5315729641758
3.3509353348165565,1653.1279073837354,271.59349772769605
3.3516067985027163,1612.8726922399937,271.6554646535582
3.3522782621888765,1817.1625963514746,271.71747210805165
3.352949734891011,1653.614691953757,271.7795230250317
3.353621238981361,1730.3064520127662,271.8416243027877
3.3542927430717113,1936.733456412078,271.9037601264848
3.3549642471620613,1354.6796814537233,271.96594182825135
3.355635729643591,1562.723216098618,272.0281670290883
3.3563071721619537,1281.7525947611325,272.0904237536713
3.356978614680317,1454.4705591829484,272.15272857989345
3.3576500571986805,1478.966293348437,272.2150749535384
3.358321489583393,1311.3255693969375,272.2774633073959
3.358992910935294,1846.3411526737118,272.33988820221185
3.3596643322871946,1616.560875814372,272.40236218339953
3.3603357536390956,1521.8551347841899,272.46487863276815
3.3610071493208205,1499.2272980455352,272.5274302841948
3.3616785283438,1737.4416293358283,272.59002553840867
3.3623499073667795,1290.3453932207976,272.65266915605554
3.363021286389759,1232.042817295172,272.71534917155367
3.3636926343520215,1366.7107502467245,272.7780719075499
3.3643639710514166,1497.7257174178742,272.840829623399
3.3650353077508113,1376.9160250718942,272.90363798116437
3.365706644450206,1522.0469996360737,272.96648826985046
3.366378015937869,1637.6722867888986,273.0293849320215
3.3670493930378154,1706.8712392266862,273.0922799189142
3.367720770137762,1687.7415346242465,273.1478374307088
3.3683921472377083,1506.3203512728082,273.1840067839144
3.3690634635062366,1802.7915261346448,273.22005049401696
3.36973477904584,1921.6115015819032,273.25611587028266
3.3704060945854435,1823.5737223616443,273.29218937157077
3.3710774052488377,1865.967222853419,273.3282748920681
3.37174867847286,2077.9948903909963,273.3643812232286
3.372419951696882,1761.9131460098868,273.4004966953003
3.373091224920904,1138.8119449712258,273.4366251615766
3.373762493023841,1582.7523422202016,273.4727689277905
3.3744337450920727,1775.9382019118714,273.5089241108681
3.375104997160305,1470.2546878918122,273.5450948623577
3.3757762492285366,2060.614347583624,273.5812796144138
3.3764474778945766,1191.4139253619323,273.61748053831974
3.377118666503438,1472.7457853895467,273.6536919114883
3.377789855112299,1836.1158433862413,273.6899180506156
3.3784610437211606,1535.2522317186547,273.7261529704475
3.379132252330928,1733.4757756373108,273.7624075318609
3.3798034813360958,1819.9527777471944,273.79867737173447
3.380474710341264,1514.3607708938828,273.834962056153
3.381145939346432,1322.6408736100148,273.87125899683264
3.3818171301102633,1376.2097809199256,273.90757191584106
3.3824882975686674,1455.5333838151032,273.9438908942635
3.383159465027072,1735.7607739297966,273.9802309637745
3.383830632485476,1482.0753969917432,274.0165864157203
3.3845017841336706,1660.479355724579,274.0529485347996
3.3851729304429505,1213.7858908276842,274.08933097221814
3.385844076752231,2097.085354485036,274.1257219799315
3.3865152230615108,1554.625285726266,274.16212672969226
3.38718635089487,1662.1348215579942,274.1985525392157
3.3878574760563582,1562.32945865177,274.2349859914879
3.388528601217847,2158.742822967211,274.2714325277572
3.3891997263793354,1645.1942602882882,274.3079143628259
3.389870830402109,1471.8302625793385,274.3457954564552
3.390541934417139,1653.108270027779,274.38572878687694
3.3912130384321686,1670.6202067426434,274.42570129008055
3.3918841344873036,1617.4333916605342,274.46568388945917
3.3925551750709517,1910.7354948030277,274.5056776619653
3.3932262156546003,1824.4743739128446,274.5456969210404
3.393897256238249,1642.450083158678,274.5857325391904
3.394568306959358,1492.08187203925,274.6257852808154
3.3952393879350673,1936.2276777665893,274.66585815991095
3.395910468910777,1337.841708597042,274.705947205167
3.396581549886487,1379.3057425612317,274.7460534372878
3.397252607704625,2018.1919062118338,274.7861796128949
3.397923627147144,1564.5441006318688,274.82631347085197
3.3985946465896633,1353.1883389114755,274.86647372346295
3.399265666032182,1548.9302101377268,274.90665139934947
3.399936674868675,1782.9958087738614,274.94689826293455
3.4006076731713972,1406.6004851633827,274.9962241562855
3.401278671474119,1320.3131363218158,275.04657937716763
3.401949669776841,1372.326897734664,275.0969634239588
3.402620641574744,1392.3334960215745,275.14737040341964
3.4032915976018674,1636.2412494763212,275.19781207120207
3.4039625536289906,1864.2501965344406,275.2482784603115
3.4046335096561138,1733.2421386043313,275.2987693319414
3.405304433897974,1476.4787240166886,275.34929183291706
3.405975347654825,1361.8993042871148,275.3998391514178
3.4066462614116766,1282.9174352895097,275.4504171229214
3.407317175168528,1732.4710134024342,275.50101920128066
3.4079881058061274,1938.186671361626,275.5516477626543
3.408659038817656,1794.5214314765951,275.60231396011216
3.409329971829184,1342.6378520873423,275.65299889614613
3.410000904765615,2128.614082019616,275.7037218988336
3.4106717762575203,1854.3119238840957,275.75446301166005
3.411342647749425,1840.1083152745798,275.8053545295584
3.4120135192413303,1940.8755085120026,275.87456089346125
3.4126843880764492,1855.7422394345683,275.96008756728975
3.413355238437878,1302.0736854442564,276.0457987322433
3.4140260887993064,1540.690456399706,276.1315884044665
3.414696939160735,1562.441879783666,276.21746049849855
3.4153677842372985,1490.1301198742638,276.3034095896715
3.4160386134695817,1138.2686702505694,276.3894396176166
3.4167094427018654,1956.4880419252643,276.47554321059624
3.4173802719341486,1600.499848385747,276.56173184676595
3.418051077437822,1058.8610035357485,276.6479940926821
3.4187218432906548,1514.2555635209203,276.7343350976748
3.419392609143488,1941.7897614069186,276.8207540115383
3.4200633749963205,1296.0537872913235,276.90725561944913
3.4207341609722257,906.2149845789963,276.99383810438997
3.4214049672092353,1853.0495185552384,277.08051006660605
3.422075773446245,1918.0219223799709,277.1672565727769
3.4227465796832544,2081.8193317847517,277.25408363480835
3.4234173476579635,1533.133305949238,277.34099031994555
3.4240880923869743,1742.7774512063363,277.4279783312158
3.4247588371159847,877.2701282621388,277.51504577962515
3.425429581844995,2209.4257888989837,277.6021886488349
3.426100310819803,1377.1586531022406,277.68941982381665
3.426771034426322,1343.5061284000928,277.77672592451034
3.4274417580328405,1684.8439557381873,277.86411353247337
3.428112481639359,1690.5894400788989,277.9515891412623
3.428783168517046,1746.4518553399823,278.03913934627127
3.4294538498825715,1250.4745416752528,278.1267708047544
3.4301245312480972,1058.6483355588873,278.21448765110705
3.430795212613623,1413.960549684708,278.3022838275754
3.431465852042508,730.0374625246776,278.3901564715149
3.432136491172361,1615.2216427527721,278.4781110812678
3.432807130302214,1327.2900427757197,278.5661521337522
3.433477771668413,1209.4319628125047,278.65468013859925
3.434148430062355,1920.8914237078345,278.80388079323774
3.4348190884562975,1519.4758429018827,278.987704156076
3.43548974685024,1492.6752292166127,279.1721217807393
3.4361603955928266,1535.6841255113466,279.3569028027314
3.4368310136068376,1545.1088064145063,279.5420369562236
3.437501631620849,1408.0304998747858,279.7275498980469
3.4381722496348606,1619.2024465086315,279.9134227771417
3.4388428523598895,1583.1936544441937,280.09966671511285
3.4395134281462068,1493.904028858341,280.28628054067747
3.4401840039325235,1882.184319027708,280.4732611312194
3.440854579718841,1736.208805107391,280.66062170267617
3.441525145268795,2021.5550085053062,280.8483512023067
3.4421956999432592,1387.396598627728,281.03645807164685
3.4428662546177233,1073.2436335040159,281.2249435181277
3.4435368092921874,1227.9570134117898,281.4138054687468
3.4442073511410802,1834.864584465593,281.60304473731725
3.4448778847050208,1908.736974815178,281.79266982155275
3.445548418268961,1427.4399915375848,281.98267171177304
3.4462189518329014,1703.3278952166106,282.1730655711451
3.446889439164123,1914.575076020083,282.3638273270267
3.447559909404467,1590.708862110492,282.5549727419343
3.4482303796448104,2304.17908626508,282.7465087236917
3.4489008498851543,1578.6350328502238,282.9384349203933
3.4495713545374893,1214.4582564259058,283.13076386940526
3.450241865153518,1367.7338557526311,283.3234848545612
3.450912375769547,1054.1266589763538,283.51660268473023
3.4515828863855753,1572.6665667280631,283.71011315514045
3.4522533370967596,1478.0063667530821,283.9040083163531
3.4529237862318958,1856.5112915828915,284.0982929908976
3.4535942353670315,1435.3564595112755,284.2929861416491
3.4542646804319674,1794.4995036454202,284.48806904767446
3.4549350873606737,1258.5145669737376,284.683554207238
3.4556054942893804,1142.5770614465853,284.8779854387619
3.4562759012180866,1748.1854471212012,284.85488709734545
3.456946303541204,1909.9784126158152,284.754559091545
3.457616689368688,1232.8546253618322,284.6538366551321
3.4582870751961723,1773.039059383439,284.5532229655448
3.4589574610236564,1143.2304255546567,284.4527129086844
3.459627825332767,1912.7633267234596,284.3523128024055
3.460298147864554,1522.407324778271,284.252026050671
3.460968470396341,1456.16960616528,284.1518392501805
3.461638792928128,2022.276660807519,284.0517653614517
3.4623091340834096,1876.5414142227478,283.9517870678415
3.462979496986635,1235.023356598792,283.8519112502257
3.4636498598898613,1753.8141090695274,283.7521418195413
3.464320222793087,1520.3850383472427,283.65247520576327
3.4649905498903815,2293.829967671712,283.5529222045332
3.465660851326259,1768.6191474891011,283.45347752822335
3.466331152762136,1981.9806903342137,283.35412825345287
3.467001454198013,1618.1891162780976,283.25489108101317
3.4676717407888877,1761.631473626852,283.1557579788353
3.4683420211301828,1718.3920774219248,283.0567279083794
3.469012301471478,1080.8379147396668,282.9577999919246
3.4696825818127737,1436.0993688425779,282.8589765762166
3.470352844755739,1928.4230575220392,282.7602598570152
3.47102310400378,1356.9177299353496,282.661641923261
3.471693363251821,1664.4543349817814,282.56312863908505
3.472363622499862,1397.7959027053603,282.4647154788071
3.473033821905387,1455.9409407010792,282.3664186367239
3.47370401788163,1920.448911614219,282.26822321881053
3.474374213857873,1960.168808138476,282.170129580745
3.475044411114378,1668.9554923050732,282.07212890405657
3.475714626369869,1702.9624003243696,281.97423598006617
3.4763848416253595,1942.7945552695649,281.8764395599278
3.47705505688085,1511.4233316573525,281.7787489292534
3.4777252645970576,2211.5914873673237,281.6817913385295
3.4783954394853556,1810.390261800978,281.68096319753676
3.4790656143736536,1266.9988737098515,281.70037787202205
3.4797357892619516,2144.2321117515166,281.71992604159846
3.4804059511928895,1855.1442073776134,281.7394747199197
3.481076083909279,1730.2841148103266,281.75903062557603
3.4817462166256683,1891.7232462024483,281.7785922573936
3.4824163493420572,1793.283586355433,281.79814907892705
3.4830864730452578,1568.0781534745045,281.8177187856565
3.4837565846776832,1470.3355592885764,281.83728505741493
3.4844266963101083,2050.9536766842966,281.85686037751503
3.4850968079425333,1320.4334622493027,281.8764413509936
3.4857668849421115,1393.5638746008779,281.896017687893
3.4864369333306033,2076.934747058351,281.91559776416454
3.4871069817190956,1651.533642981813,281.9351908774573
3.487777030107588,1371.707444050672,281.9547805825994
3.488447105433036,1680.6156482843994,281.9743792587217
3.4891171941850807,1573.6220959529398,281.99397495248076
3.4897872829371255,1762.4273507611922,282.0135831510488
3.4904573716891703,1536.4990983649536,282.0331872160363
3.491127412086975,1702.5341609871061,282.05279458864914
3.4917974393968088,2068.6397859719073,282.0724127792259
3.4924674667066427,1736.3845292759815,282.0920319296119
3.4931374940164766,1606.5191392397842,282.111651137565
3.4938075022172597,1419.3434250753787,282.13128156171325
3.4944775084497612,1613.6046467480978,282.1509085094798
3.4951475146822633,1196.096822351272,282.1705393729845
3.4958175198136607,1711.9823777077947,282.19017413547647
3.4964874838954763,1900.4045102118714,282.2098136554915
3.4971574479772918,1802.3272146293289,282.229457897286
3.4978274120591077,1943.4025734986026,282.2491044692794
3.498497373077158,1654.6990967610423,282.26876190262544
3.499167316085619,1650.5437784876124,282.28841709185724
3.4998372590940803,1683.2644764183585,282.3159314029345
3.5005072021025416,1720.429760686291,283.5195266164358
3.5011771283897333,1458.3735618026913,283.60536160042
3.501847008186085,1904.7822389035318,283.68369076310785
3.5025168879824364,1554.8711883373985,283.7620796164656
3.503186767778788,1537.1091660955503,283.84054087829713
3.503856663044661,1709.0784160396267,283.9190601989692
3.5045265831997114,1465.1497286393635,283.99765475719096
3.5051965033547625,1344.9674309208037,284.0763119263009
3.5058664235098136,1880.3924285600674,284.1550353249997
3.5065363128315146,1615.2499840950693,284.23382559569677
3.5072061715598135,1726.8833266706176,284.3126708742274
3.507876030288113,2371.4095026589057,284.39158198772117
3.508545889016412,1449.592523091353,284.47055900161587
3.509215734670585,1773.1059410157172,284.54960192369134
3.509885572332157,1898.1024572441117,284.62871812459696
3.5105554099937284,1368.606448520475,284.7078929866375
3.5112252476553003,1554.1073686211969,284.7871323136947
3.511895054177468,1262.1804623171386,284.86643263576184
3.5125648497095603,1165.2701649946912,284.9458033420414
3.5132346452416523,1613.3731233856063,285.02524332520534
3.5139044407737448,1387.8455515605265,285.10474013877365
3.5145741821302496,2150.986339046774,285.1843026326498
3.515243914478058,2117.717425421124,285.26393145698927
3.5159136468258665,2068.5958058405336,285.3436257892378
3.5165833791736745,1705.4282658165318,285.423387217624
3.517253150880867,1489.7452923456722,285.50322469857247
3.5179229235831277,1342.2513057709673,285.5831268610514
3.518592696285389,1745.5104592853504,285.66309159164035
3.519262463267643,1658.5473749735659,285.7431309997285
3.519932174556672,1278.4220341594566,285.8232270419976
3.5206018858457013,1077.2729433270588,285.90338649081633
3.5212715971347306,1555.3535690424983,285.9836177659266
3.5219413039819534,1593.3871379268498,286.0638590022336
3.5226109942135277,1342.9828009887344,286.1354349931655
3.5232806844451026,1677.5981544146337,286.20675745161134
3.5239503746766774,1543.4170288940268,286.27813254080553
3.5246200510700385,1457.8418227321,286.34956139591435
3.5252896991906764,1721.2852307610692,286.4210342526866
3.5259593473113138,1381.5257501551118,286.49256782090595
3.5266289954319516,1693.2407617842737,286.5641458313613
3.5272986247715816,1200.2763377026697,286.63578102162273
3.527968230786578,1624.1344002802086,286.7074734872723
3.528637836801574,1488.3767176210138,286.7792123983231
3.5293074428165703,1675.4056448225786,286.8510042495736
3.5299770597015976,1467.7469671296708,286.92285133851874
3.530646685015964,1545.2135095022986,286.9947538632672
3.5313163103303307,1710.37134341297,287.0667098192291
3.5319859356446974,1554.788746658695,287.13872592206104
3.5326555191964633,1928.584303232766,287.2107883051859
3.5333250831111127,1564.1465445882188,287.2828975365893
3.533994647025762,2153.193893238057,287.3550664512929
3.5346642109404116,1499.1349971580112,287.42728984099654
3.5353337580771473,1724.5756255763881,287.499561980102
3.5360033009436087,1551.1698535416992,287.5718940998255
3.53667284381007,2031.9939795478094,287.6442734325271
3.5373423866765314,1307.7462806151586,287.7167143626242
3.5380119103074117,1724.1578692952648,287.78920122997283
3.5386814321270084,1754.4321252243078,287.8617440566189
3.5393509539466046,1850.492893018499,287.9343474490976
3.540020473831839,1879.5797011815307,288.00700046070995
3.5406899325187786,1313.2873852783462,288.0797042312991
3.541359391205719,1352.26011590615,288.152464891639
3.542028849892659,1587.2431488538366,288.22527285664717
3.542698314509441,1206.7258273363595,288.29814008260286
3.5433678135429463,1403.9743090965437,288.37106630259757
3.5440373125764513,1797.3102373568133,288.443896484946
3.5447068116099563,1345.4903205090636,288.51200318964925
3.545376294487111,1183.0606557819663,288.5801366659985
3.546045732132478,1127.2906579064238,288.6483048421071
3.546715169777845,1785.1637888417733,288.71652465749173
3.5473846074232123,1679.5054150355609,288.784793271265
3.548054029103969,1495.5126618396657,288.8531065514556
3.548723424670158,1629.6727567862226,288.92146962854247
3.549392820236347,1429.6226718317319,288.98988147546044
3.550062215802536,1349.390124159527,289.05834035349346
3.550731600947509,1704.4901451562491,289.12684202734187
3.5514009754760925,1751.9470056427795,289.1953978136094
3.552070350004676,1918.482682596231,289.26400239559297
3.5527397245332595,1603.7366202638775,289.33264850230785
3.5534090862043395,1922.4581326729374,289.4013507878679
3.5540784396966396,1647.582062970484,289.47009454267845
3.55474779318894,2131.981480068199,289.53889620499456
3.5554171466812408,1527.6851619564602,289.607738022143
3.556086454303673,1801.232756705616,289.6766246841163
3.5567557446950566,1750.7756244788486,289.7455641968025
3.5574250350864403,1788.5001194836418,289.8145493284745
3.558094325477824,2075.726062354966,289.8835855006282
3.5587636321338256,1612.6560113725825,289.9526716176253
3.559432941835318,1592.1446183494568,290.0218064891425
3.5601022515368106,1741.7208224740486,290.0909933642064
3.5607715612383033,1744.7383728079283,290.16022547437444
3.561440812183569,1699.76279012918,290.2295089111625
3.562110060514284,1569.1572967938168,290.29883165353755
3.562779308844999,1532.6216013707854,290.36821256289295
3.5634485556509525,1462.441916453099,290.4376357320413
3.5641177829533155,1889.5225642248113,290.5071142483156
3.5647870102556785,1690.3873608619645,290.5766361135102
3.565456237558041,1892.236499687957,290.6462212809335
3.566125460917836,2119.0111213761256,290.71749509708457
3.566794667193168,1250.0601521546243,290.8094754708314
3.5674638734685002,1906.8174250383342,290.9016893430368
3.5681330797438324,1726.312925804086,290.9939841221997
3.5688022669478476,1853.8575121501049,291.08636483087554
3.569471410150016,799.0077135160172,291.17883337760395
3.5701405533521835,1284.8016883780358,291.2713884985153
3.570809696554351,2093.4025992344777,291.36403231729093
3.5714788478084114,1606.4769707063524,291.45675916851235
3.5721480103256895,1628.5248214579437,291.54958074234884
3.5728171728429676,1637.867583506985,291.6424938330801
3.5734863353602457,1677.7459449762214,291.7354937945982
3.574155476453493,1312.354507926584,291.8285835263925
3.5748245986339144,1827.5539736092155,291.92176239413953
3.575493720814336,1602.16508845406,292.01502268030447
3.5761628429947576,1277.2528861484966,292.1083808728805
3.5768319380383344,1683.1588662778743,292.20181708831154
3.577501018179226,1782.3017969925486,292.2953453450165
3.5781700983201175,1182.3849861509848,292.38896175434957
3.578839178461009,2070.1487325311596,292.4826704317335
3.579508242635876,1802.5605281637377,292.57646776123806
3.5801773017589835,1410.2669588699562,292.670357144861
3.580846360882091,1336.9023405545438,292.7643359296532
3.581515420005198,1743.7286341497452,292.8583973372867
3.5821844240482097,1572.3844157294361,292.9525557043157
3.5828534201258866,1905.917284961016,293.0467970595963
3.5835224162035635,1402.1449517501228,293.14112829699116
3.5841914122812404,1248.6958730437864,293.2355524681629
3.5848604481800903,2055.4242253732687,293.3300785470108
3.585529484590983,1473.6869965901362,293.4246871757678
3.5861985210018754,1704.0884489558275,293.5193970293544
3.5868675512272747,1902.8869868245677,293.614196667443
3.5875365262924483,1439.9016954090346,293.709034801983
3.588205501357622,1850.2757000979277,293.7975626971674
3.5888744764227956,1752.225069018784,293.8296598652154
3.589543442480528,1571.6229073199422,293.86138587282016
3.590212375524655,1639.8771771613633,293.8931181552127
3.590881308568782,1289.3675546140341,293.92486445628424
3.591550241612909,1741.7531072350353,293.9566214343716
3.5922191677738655,2510.3087138608403,293.9883856747217
3.5928880798094482,1876.5034647090297,294.0201628789232
3.5935569918450314,1293.8757775320723,294.0519474041249
3.5942259038806146,1297.9711514241883,294.08374316297034
3.5948947881382476,1478.9480491484155,294.115550096292
3.5955636371561157,1161.2652873033478,294.1473558836949
3.5962324861739843,1832.6656368836286,294.17918408428113
3.5969013351918524,1584.3829662543749,294.2110175909852
3.5975702065353885,1857.2945457144365,294.24285765605345
3.598239095882225,1738.9335494327495,294.27471205327805
3.598907985229061,1323.397382985761,294.30658066113784
3.5995768745758974,1496.241990823226,294.3384594729433
3.6002457230595333,1564.6971211839082,294.370336693062
3.600914551074135,1539.0393320401245,294.40223352542205
3.6015833790887375,1781.492951255266,294.4341415250865
3.6022522071033394,1741.8571870652404,294.46604930997114
3.602921002400847,2373.988639870027,294.4979712359032
3.603589788412873,1805.2252664053901,294.52990746424786
3.6042585744249,1429.4088922247695,294.5618456374254
3.604927360436926,1400.5406115731741,294.59379443306665
3.6055961277310615,2455.485723929783,294.62576528314077
3.6062648927437784,1161.577960920312,294.6577346420052
3.6069336577564948,1751.9473499472404,294.6897138437343
3.6076024226154226,1333.449671524576,294.7217120306261
3.6082711456334757,1871.7459513385816,294.75371179203154
3.6089398686515293,1504.9625265621394,294.7857242312151
3.609608591669583,1442.121743275049,294.81778421522114
3.6102773098285126,1107.1865332854586,294.8570676720768
3.6109459908571764,1408.6204800791388,294.94955021376614
3.61161467188584,1661.0111082690405,295.0424770619722
3.612283352914504,1981.1722082142942,295.1354999863275
3.6129520383416773,1850.560384520215,295.22860337087724
3.6136207387011297,1234.370194913258,295.32180295801993
3.614289439060582,1558.8400941301904,295.41508285753326
3.6149581394200347,1098.5316641003908,295.50845836989544
3.6156268189869083,1474.0660905977804,295.6019157276549
3.616295458031455,1529.8470637943467,295.69545608424306
3.616964097076002,1321.6919465418318,295.7890857687789
3.617632736120549,1688.0981980069655,295.88280649640103
3.6183013657052108,1742.0300289229606,295.9766158174927
3.6189699837596763,1856.6484698461861,296.07051239000015
3.6196386018141418,1929.571983215644,296.16449875012046
3.6203072198686073,2108.7144219028723,296.2585662855886
3.6209758143268274,2059.915900875134,296.35273126673354
3.6216443904050832,1479.0899401793054,296.44697605726765
3.622312966483339,1782.814601527483,296.5413124183878
3.622981542561595,1356.9146861369138,296.6357431671896
3.623650076250123,1425.3160535148863,296.7302557192858
3.624318589373946,1660.123088315579,296.8248504982881
3.624987102497769,1910.315870344043,296.91954323849455
3.625655615621592,1768.4948391314174,297.0143272269235
3.626324160362958,1384.8505309829577,297.1092039915947
3.6269927138060387,1818.0427300069503,297.204169827168
3.6276612672491195,1565.1498065830785,297.2992266468465
3.628329820692201,1794.2770273425524,297.39437888896634
3.6289983192767834,2500.1492205361333,297.48960766925353
3.62966681141843,2198.623033245921,297.58493595498237
3.6303353035600767,1778.6864119382835,297.6803482937692
3.6310037955839105,1650.7684935911623,297.775861729523
3.631672266744698,1602.8886788434356,297.8714504256208
3.632340737905485,1722.102669933818,297.9659763879581
3.6330092090662722,1135.838298608061,298.05243569184495
3.6336776753511075,1085.3145577690566,298.1389191254088
3.634346104554127,1617.213385648181,298.2254663491938
3.635014533757146,1708.90559511767,298.31209095891813
3.635682962960165,1796.541499607545,298.39880006666317
3.636351377906336,1523.995155998311,298.4855740648454
3.637019744182578,1266.5583698052114,298.5724246922715
3.6376881104588197,1623.8375617689626,298.6593484787711
3.6383564767350616,1468.669898596038,298.74634971233064
3.6390248565792334,1041.0690674160276,298.8334308696222
3.639693263170485,2344.841491123727,298.9205873099354
3.6403616697617363,1662.3153428854093,299.00782079959095
3.6410300763529877,1816.112378296966,299.0951327721081
3.6416984555846073,1626.3270108875229,299.18251676858694
3.6423668008878898,1158.5029961362225,299.2699774882994
3.643035146191172,1570.8692816583557,299.3575184020733
3.6437034914944544,1949.433872854043,299.44512550021403
3.644371825131748,1128.464550568181,299.5328158028387
3.645040149463387,1652.4826944383415,299.62057798501917
3.645708473795026,1420.865518368431,299.70842534256997
3.6463767981266644,1798.4828373454084,299.7963412660599
3.6470450945260486,1679.1736296312804,299.88433325145434
3.647713376918349,1326.0093319156733,299.9724037078826
3.648381659310649,1275.5926645856555,300.0605501326184
3.649049941702949,1620.2138142407412,300.14878563663837
3.6497181753161683,1506.3264317949788,300.2370790527771
3.6503863948093285,1297.3010944817177,300.32545811846944
3.651054614302489,1268.985398877984,300.4139089479611
3.6517228337956498,2078.894588978731,300.50244400428227
3.6523910889494653,1615.4817466807797,300.5910526407374
3.653059348753387,1707.1895381058557,300.6797480752224
3.6537276085573085,1023.430688691642,300.7685089195858
3.65439586836123,1419.0771052504208,300.8552263325755
3.655064067279591,1433.3715278221955,300.92580895351597
3.6557322658090032,1393.1596285048229,300.9963299861208
3.656400464338415,1695.4189876760481,301.0668997914893
3.657068658563907,1338.7899665206717,301.1375109322513
3.657736815169767,1447.3984502243916,301.20817956793354
3.6584049717756275,1049.87744656972,301.27888643388326
3.6590731283814875,1702.9987240024345,301.3496512366554
3.6597412805559046,1215.0108535165562,301.42045755166345
3.6604094162019614,1337.929036358315,301.491315003317
3.661077551848018,1366.5823601152815,301.5622262369193
3.6617456874940753,2052.328616056881,301.63318332249275
3.662413816431983,1745.7719171371562,301.7041875406593
3.6630819311195517,1925.559393116092,301.77523928775867
3.66375004580712,1367.5599970226872,301.8463429347308
3.664418160494689,1698.2525534434283,301.91750513300633
3.6650862482379143,1894.8312221275055,301.9887063330285
3.6657543000579067,1862.8478396602516,302.0599464148388
3.666422351877899,1898.956045832564,302.1312477265125
3.6670904036978915,1795.3095263190492,302.2025979373352
3.6677584659049747,1555.9743227002898,302.27399101338517
3.668426537077036,1726.5949605065891,302.3454443925406
3.669094608249097,1644.1364481865833,302.41694427152623
3.6697626794211584,1546.4105408553864,302.4884959911921
3.6704307111035535,1742.6591360756831,302.56009014107156
3.671098721018401,1363.2338106961736,302.6317291341302
3.6717667309332485,1141.6270092812608,302.70343224003034
3.672434740848096,1987.7008866497947,302.7751749606998
3.6731027349962866,1083.9010741778304,302.8469663705056
3.673770723960533,1190.0672393975108,302.9188189654468
3.6744387129247795,1184.0084237896463,302.99071329265456
3.675106701889026,1174.9777548440657,303.0626589631139
3.6757746548068995,1201.5891027896798,303.1346759647469
3.676442601873886,2212.503036549126,303.21103754122504
3.6771105489408726,1400.3246999089843,303.3278489032887
3.677778496007859,1829.3458729886145,303.44506622530673
3.678446382256128,1709.085797181916,303.5624092731359
3.6791142664870784,1061.148547713346,303.6798777877592
3.6797821507180286,1671.1724043270356,303.79749148044453
3.6804500379745093,1515.6279526919118,303.9152402533591
3.6811179625065087,1183.6266832217048,304.0331305236086
3.6817858870385085,1230.729999866247,304.15115578059766
3.6824538115705083,2145.4389622559206,304.2693199428712
3.683121724948247,1596.256436033453,304.3876197331833
3.683789588236479,1206.4301030621189,304.5060518244553
3.684457451524711,1648.4426805728826,304.62461247258614
3.6851253148129426,1738.2865248357714,304.7433244879469
3.6857931659896916,1514.5551910880906,304.8621615622472
3.6864609873964267,1728.0112407605043,304.9811365769657
3.6871288088031617,746.0496543791613,305.10024821787937
3.687796630209897,1680.518095632879,305.2194997119387
3.6884644433249574,1732.5540059604114,305.33889215230573
3.6891322437929137,1796.064724664818,305.4584191494411
3.68980004426087,1132.9257459384191,305.5780829557846
3.6904678447288264,1469.7685045485737,305.6978907722225
3.6911356136238784,2082.10918778215,305.8178384573768
3.6918033512833763,2010.61087884371,305.9379174170352
3.692471088942874,2284.9869643357342,306.0581329675398
3.6931388266023717,1775.5116200884863,306.1784942185642
3.693806588802975,1745.5426282487467,306.298997605753
3.694474366759273,1850.2322655396244,306.41964352997985
3.6951421447155717,2209.402079788439,306.54044002833257
3.6958099226718697,1791.2386335427382,306.6613720739505
3.6964776568356275,1778.2378893419648,306.7824422446102
3.6971453735615976,1449.7341985880287,306.903652608294
3.697813090287568,1545.6260456023433,307.0250825199141
3.698480807013538,929.2854975806865,307.1586175835471
3.6991484893526776,1936.5043958803547,307.4677738756363
3.6998161642155303,1192.1782816706993,307.7775800133694
3.700483839078383,521.2383559500577,307.8682215013754
3.7011515139412356,1678.8746479593262,307.8742327815208
3.7018191693946525,1435.5663009921227,307.87968317390994
3.7024868233279147,1561.9237014123457,307.88513513931593
3.7031544772611773,1512.8839835563053,307.89058560338043
3.703822129109917,1633.0332864030538,307.8960292368199
3.7044897202622806,1625.7636628752339,307.9014809329975
3.705157311414644,1986.3141072677124,307.9069364868594
3.705824902567007,1396.9712505942366,307.9123889765455
3.7064924964051125,1519.6193545610656,307.91784324274397
3.7071601069250772,941.072832092432,307.9232951928118
3.707827717445042,1826.7331979872054,307.928748549586
3.708495327965007,1447.2568087715758,307.9341942518459
3.7091629235548544,1389.3002622924366,307.9396481954871
3.7098304728598444,1507.6516707213493,307.94510637271316
3.710498022164834,1663.8301633661872,307.95056041932787
3.7111655714698237,1120.3106943628495,307.95601725497824
3.7118331134705995,1337.551857049508,307.9614634155192
3.71250064185387,1118.02993712209,307.9669207560372
3.71316817023714,1763.4030827659658,307.9723762323047
3.71383569862041,1896.0131643420566,307.97782732843757
3.714503207999188,1324.5829358521908,307.9832859940951
3.7151706945429535,936.186363354645,307.98874244679774
3.7158381810867183,1851.1454552399582,307.9942018536183
3.7165056676304835,710.556184247186,307.99965025798735
3.7171731424794903,1283.8603639945068,308.0051098554565
3.71784060810547,1438.6095912463497,308.01056114952775
3.718508073731449,1536.099766159026,308.01602180799466
3.7191755393574284,1353.545617232756,309.05158771606034
3.719842963331798,3796.823790983319,5962.3068438934215
3.720510366212286,61036327496.30358,34360550334.23786
3.721845171973261,-7183727560.52954,14261299009.886217
3.7225125897365845,-25374280599.34631,22516721077.414684
3.7231800119910106,27531250192.451534,35326255856.27831
3.723847434245436,21310210670.404243,18097865119.4281
3.7245148564998622,-7265722068.089536,18485810148.500385
3.725182225370639,-28545998681.937626,36882445720.766624
3.730520964587599,195944650570.38715,119928429037.20303
3.731188262918478,-33151794212.7717,67044761956.190895
3.731855561249357,5159095552.6377325,39746704859.74532
3.732522851878539,-545637681879.50146,301571960800.13763
3.751203878561307,-54209552752.621475,58433185577.02788
3.751870926106719,189454060.71236542,24917476315.125496
3.7525379736521307,-36271523231.56772,25009391979.15001
3.7532050210419876,-938592041.2647673,21602639031.09275
3.753872047697119,24714890659.050625,156454954320.93457
3.7545390743522504,-27445255521.794235,24290489877.701664
3.755206101007382,19540043806.77454,19034417442.864384
3.7558731230829943,-28990265256.950897,38455040059.24474
3.7572070928399857,-105428019407.57692,73836592336.12292
3.7765463304213656,-35055786653.97402,32864512395.091225
3.777213101783169,-10184010864.393047,25079944028.121872
3.777879876379363,-64734250819.155014,163258728717.08032
3.7785466509755565,5197353712.767561,13447452922.204365
3.7792134243477893,-21577155797.842224,21587284289.550735
3.7798801378056557,-14387466057.555624,14752485134.609049
3.780546851263522,-18140352405.261715,13318068300.978497
3.7812135647213885,12777146748.577528,8901691980.663116
3.7818802731556844,3086448018.7261624,6363862740.852392
3.7825469448761364,5133140956.797039,5579181866.464819
3.7832136165965884,4676049570.552715,5534651100.103724
3.7838802883170404,-6895421943.490607,5254094534.770771
3.7845469554372304,-8388534679.295368,4073612231.46848
3.7852136062909345,-7463318157.153766,3767371447.000983
3.785880257144639,-2074398658.5981002,4593288107.718328
3.786546907998343,7483061916.391402,4161014156.1250167
3.787213538795277,-2070570244.9122174,3860635027.405461
3.787880127056575,-6266396277.6964,4222865593.162572
3.788546715317873,2106805683.169535,3415660544.8293424
3.7892133035791713,6015272763.548647,2739983609.7980866
3.7898798999898595,-903188572.3286197,2980471988.157662
3.790546507652437,1849222331.0465617,2992141035.559064
3.7912131153150144,-1900841147.9724655,3658834139.7440295
3.791879722977592,-825594489.5942026,5658394563.082657
3.7925462988923115,425998790.07166475,5794065848.070024
3.793212845431868,16221879581.833212,5610786288.067083
3.793879391971425,-1110144439.7570188,5243014332.589334
3.794545938510982,-9606754298.867899,5064615340.687698
3.795212472143578,1805144422.663663,7559159466.878793
3.7958789978242224,14458356715.172974,6466630014.6005
3.796545523504867,15937204866.365282,7336202487.305264
3.7972120491855117,-13528231681.404161,5381699181.60372
3.797878544914837,-616928981.2301867,4694786694.109391
3.7985450288815734,-4705008519.900111,5826060251.451554
3.79921151284831,-3303271456.787129,3543498712.216121
3.7998779968150465,-1828566217.5803905,3630740078.204258
3.800544429668348,1492117502.1926403,3325728517.0046597
3.801210851074011,2787636616.4585295,3214668914.945303
3.8018772724796746,-2474693466.287656,3543494446.856309
3.8025436938853376,-5677480736.253949,3634715439.9093
3.803210152153721,5161152072.1879,3598996945.023814
3.8038766138179367,486544846.58678114,3467035517.117821
3.8045430754821523,-624406705.9269189,3380620077.5476756
3.8052095362810463,128540472.42504859,3105750219.5569363
3.8058759368356285,2054911041.7670362,2290294519.17481
3.8065423373902108,4295974966.413368,2267006286.978431
3.807208737944793,-1600936328.4165971,2198561133.4865513
3.807875133801196,-2496106584.2468596,2261252505.059659
3.80854149265753,-110226258.01588397,2446728783.4087405
3.8092078515138637,-928202041.9747018,2451038134.0532684
3.8098742103701975,-3263345815.659416,2384545092.84302
3.8105405604319076,-2573495530.567389,2515540783.3782005
3.8112068775952115,2058761144.35611,2530160186.4149466
3.811873194758515,400885443.9456749,2623017683.416477
3.812539511921819,-1673870317.721856,2894454259.6481104
3.813205809765929,368687709.43103397,2820652425.1084995
3.813872064399469,1774690437.6371126,2799110714.1772084
3.814538319033008,2122528438.729249,2502054553.6791368
3.815204573666548,477644917.3517976,2268971490.025299
3.815870844667893,-2747279882.8159914,2297930136.3251624
3.8165371395551273,-5548982089.638035,2307862913.2546625
3.8172034344423618,1826336156.7283385,2202955507.558675
3.8178697293295962,2310899731.8387885,2587709808.701215
3.818535993416095,-1861898021.5228038,2461335393.861674
3.819202227208988,-146216101.622074,2486223815.669131
3.819868461001881,2874496435.127575,2245348579.5354624
3.820534694794774,-442430673.1628513,2117393331.5947702
3.8212009035110293,-481944925.00853735,2546529633.4790483
3.8218670956265406,670106030.7177323,2390083388.074296
3.8225332877420515,20452.28610609762,6334.69433235225
3.8231994798575624,1349.1894750342597,321.0234566141016
3.823865657408724,1361.1415349627275,320.0220798083861
3.824531828687499,1692.140030693875,320.0919118202362
3.8251979999662744,1633.5332197132857,320.1617848875371
3.8258641712450494,1363.8814006918292,320.231706359839
3.8265303093489127,1210.2839870031708,320.3016691137302
3.827196438958126,1768.6786397098444,320.3716795968359
3.82786256856734,1409.0193433774725,320.44173371715664
3.828528698176554,2066.386853554172,320.51183199987787
3.8291947719739676,1843.1737132358467,320.58197553282025
3.8298608390886124,1297.42538570223,320.652165736213
3.830526906203257,1811.3653652059602,320.72247366038926
3.8311929733179024,1312.5698175552575,320.8047904387676
3.831859080263162,1940.565641585496,320.8957335225155
3.8325251876260364,1448.32325228224,320.9868173676481
3.833191294988911,1396.0720449416988,321.07797140660927
3.833857395303097,1403.260350716785,321.16921092310184
3.83452342076121,802.1113386060442,321.26051117528823
3.835189446219323,1507.2908786507842,321.3518874079179
3.8358554716774362,1584.7649207212633,321.443345944019
3.8365214933373917,1265.5243254045783,321.5348798433149
3.8371874979691927,1266.0310796083295,321.62649232135504
3.8378535026009937,2105.708752085655,321.71817989466126
3.8385195072327947,2039.4589818609377,321.8099482388952
3.8391855002627437,1641.9639121684254,321.90178657949895
3.8398514632458283,1029.5192010904518,321.993709383836
3.8405174262289123,1581.4405555289466,322.0857049175715
3.8411833892119964,1695.9536066688902,322.177779159034
3.8418493288018394,1281.1693094760424,322.2699296369202
3.8425152293216143,1673.0937941230363,322.3621530785401
3.843181129841389,1601.5636011730521,322.4544532597271
3.843847030361164,1266.7819475308543,322.5468434293837
3.844512949799057,1350.5497371697456,322.6393050365419
3.8451788905622037,1359.1095945370175,322.7318513085982
3.84584483132535,1898.156020767518,322.8244790187001
3.846510772088496,1571.0624994819275,322.91718517038964
3.8471766783179944,1725.8589868671502,323.00996452049253
3.84784255801927,1541.33673528965,323.1028204571337
3.8485084377205454,1671.672138256164,323.1957594616973
3.849174317421821,1448.36608842583,323.2887761672585
3.8498401696031745,1267.8327000586555,323.3818678092128
3.850506007671356,2025.9921196613718,323.47503891202155
3.851171845739538,1318.3477552995219,323.56829310422114
3.85183768380772,1350.0162693328307,323.6616251560806
3.8525034903958275,1413.8153204701869,323.7550240067517
3.8531692868361214,1246.7864120894055,323.84682102865673
3.853835083276415,1951.4970977807882,323.9367151073274
3.854500879716709,1757.9606851441335,324.02667007772544
3.855166623015054,1974.756290484334,324.11669392587083
3.8558323570232744,2122.7446363026306,324.2067937740333
3.856498091031495,1791.207220472254,324.2969683244479
3.8571638250397156,2001.0810697749696,324.3872184317006
3.857829597105553,1483.0282407045254,324.4775451959847
3.858495371352287,2225.2592281307434,324.5679551562996
3.8591611455990207,1428.2274986898612,324.658432965009
3.8598269173866018,1199.3060404983141,324.748992058408
3.8604926305867333,2061.911143147627,324.8396133494037
3.8611583437868644,2025.9032617608732,324.930318490112
3.861824056986996,1176.2066594549024,325.02109201166377
3.8624897645792227,1477.573986131626,325.11195048238915
3.8631554361670775,1706.4903808267507,325.20287361118545
3.8638211077549323,1955.5377677482736,325.29387596706147
3.8644867793427866,1254.969987330201,325.3849553900518
3.8651524461664013,1561.7607530741386,325.47610921560874
3.8658180969500684,1812.048233974181,325.56733311229004
3.866483747733736,1510.9208958771653,325.65864335767856
3.867149398517403,1382.7363388917006,325.75002673580065
3.8678150291368367,1003.9914021053239,325.8414831485283
3.868480617515743,1378.729170505738,325.93301311102834
3.869146205894649,1469.5581615620165,326.0246229819948
3.8698117942735553,2153.6398768364784,326.1163025178157
3.8704773907541936,1438.7229255930329,326.2080647692358
3.871142998567768,1047.0493788814722,326.2999049868515
3.871808606381342,1353.9196658212627,326.39182619208117
3.8724742141949164,2009.3184467296644,326.48382216740816
3.8731397802455834,1622.63012585896,326.5758986745163
3.873805306231428,1128.70289052525,326.6680367252542
3.8744708322172734,1377.5731964489328,326.7602680829947
3.8751363582031186,1826.786234348337,326.85442320313336
3.875801871633726,1350.667505652512,326.9525852122566
3.876467376824484,1145.1185842442762,327.05085161026244
3.8771328820152413,1560.603842069986,327.1492070429029
3.8777983872059987,1149.3092773260755,327.2476562078326
3.8784638634102273,1777.1148805063626,327.3461853066127
3.879129327014708,1109.676547621804,327.44480550389585
3.8797947906191883,1469.9633683914099,327.5435100630271
3.8804602542236686,1666.015569912065,327.64230827149925
3.881125717828149,957.1705040696705,327.741190146931
3.8817911814326296,1658.056324202202,327.8401604101313
3.88245664503711,1071.1963650378375,327.9392216699054
3.88312210864159,1670.8130575584214,328.03837723303724
3.8837874988137613,1252.239521425306,328.13760708857956
3.884452879261278,1003.041243966846,328.23692486157023
3.8851182597087943,1312.374344865378,328.3363378164772
3.8857836401563106,773.7119702026157,328.43583471464854
3.8864490395707665,1868.0790706928867,328.5354258554904
3.8871144394598707,1392.447675607418,328.6351093680211
3.887779839348975,1916.1287095634764,328.7348770933411
3.888445235097109,1466.54375045472,328.83474434866554
3.8891105739739364,2227.08685318233,328.9346850129341
3.8897759128507636,1904.4898349093871,329.0347247142747
3.8904412517275913,1496.284544082353,329.134852881914
3.891106583947445,1610.648740830573,329.2350691826697
3.8917718812587774,2021.9111846542735,329.33537054070524
3.89243717857011,2222.7569949019003,329.43576596803524
3.8931024758814425,1324.1755267618792,329.53625016111243
3.893767773192775,1209.2028792084395,329.63683154916424
3.8944330705041077,1809.78451348164,329.7374992697167
3.8950983678154403,1315.086732338058,329.8382595344778
3.895763665126773,2013.287301502913,329.93911394205674
3.896428933826599,1232.6345234041064,330.0400513667853
3.8970941480225196,1385.6274473189453,330.14051214117666
3.8977593622184408,1350.3957947111935,330.2383112209968
3.898424576414362,1681.0612872255053,330.33618607362115
3.8990897990851607,1195.3639189930977,330.43414189885806
3.8997550327281965,1704.2355633242069,330.5321905004393
3.900420266371232,748.4056176029843,330.63032676919187
3.9010855000142675,2008.4643437660886,330.7285533695438
3.901750701505791,1486.758998720863,330.82685632736604
3.9024158741517936,1674.6906042009007,330.9252463713255
3.9030810467977957,1158.3195547574119,331.0237237180077
3.903746219443798,1899.25918329401,331.1222904821713
3.9044113663982,1112.8431681669385,331.220939363435
3.9050764974994743,1290.8711741459124,331.3196727388776
3.9057416286007482,1581.3210286055714,331.41849828123526
3.9064067597020222,1850.7418353234552,331.51741167767676
3.9070718613321294,1735.3236360813464,331.61641027991647
3.9077369508938644,1716.3918350840488,331.7154926101813
3.908402040455599,1503.8255900715478,331.8146668669908
3.909067130017334,1721.7000678372704,331.9139267468547
3.9097321863394203,1137.912525802029,332.0132737920768
3.9103972343668043,1636.0225112265482,332.11270930363025
3.9110622823941883,1097.599938692898,332.21223376670895
3.9117273304215723,1269.4441637933437,332.3118460686428
3.912392395778707,848.7783774290249,332.4115535255351
3.9130574632587245,959.9259222088627,332.51135350536856
3.9137225307387418,1555.0648735959517,332.6112379931933
3.9143875982187595,1858.3180509198676,332.71121254103065
3.915052605863366,1176.0696378436728,332.81127381571184
3.915717612361586,1073.9368471330235,332.9114203427406
3.9163826188598065,1117.3914176556418,333.01165709032665
3.917047622387684,1326.303567618122,333.11198726408537
3.917712587361927,1362.6195094775808,333.21239966444574
3.9183775523361697,1684.6806468603443,333.31290869834135
3.9190425173104124,1215.683921033288,333.41357324285246
3.919707475574343,1634.3487743492446,333.52522849322133
3.9203723990297936,1759.495245246634,333.6371044384048
3.9210373224852444,1286.5976796678908,333.7490893225255
3.921702245940695,2079.578994455788,333.86118443335266
3.9223671589569333,1087.495219038155,333.9733934577877
3.9230320408987764,1663.4766288709998,334.08571053302217
3.923696922840619,1601.0456715800985,334.1981426648392
3.924361804782462,1685.0847007381315,334.31068886780434
3.925026693360787,1405.1261103307816,334.4233394978922
3.9256915947607744,1380.278044330801,334.53611259098136
3.926356496160762,1473.7981535351016,334.64899943985006
3.927021397560749,1353.9281899379255,334.76200025375056
3.927686272719511,1178.0524111574373,334.87511174992034
3.92835111315293,1113.219956438053,334.98833161470196
3.9290159535863483,1555.0895702330436,335.10166615273533
3.929680794019767,1396.5829063480314,335.21511434900884
3.9303456128808216,1624.803299399399,335.32867547252147
3.9310104118109983,1249.9851548192594,335.4423450248618
3.931675210741175,1374.4258821276658,335.55613020695614
3.9323400096713517,1242.5508721844724,335.6700306951362
3.9330047833339106,1180.4676210586442,335.78404305935027
3.9336695407660267,1805.680190074291,335.8981743834868
3.934334298198143,1794.3694541368527,336.012416567554
3.934999055630259,1450.513627627698,336.12677136466084
3.935663813062375,1505.0724167980263,336.24125134990226
3.9363285704944913,1325.473819060022,336.3558392983463
3.9369933279266074,1755.1541808332581,336.47054992936523
3.937658085358723,1971.1651598189294,336.5853753734055
3.9383227775165643,1848.5745046375148,336.7003070023865
3.9389874519680994,1321.3752761583116,336.8153596251609
3.939652126419635,1494.6609666808197,336.9305175063007
3.9403168008711704,1646.32685460944,337.0457967743599
3.9409814923546,1637.833601373882,337.1612108785875
3.9416461862711576,1129.9575983894745,337.2776051206592
3.942310880187715,1923.4116779141666,337.3943244618477
3.9429755741042722,1755.3073435725023,337.5111721770338
3.9436402093201313,1644.5437954857628,337.6281252189916
3.9443048422891445,1317.7609763801343,337.74520847298794
3.9449694752581577,975.2786419854501,337.86240866310504
3.945634106100647,1865.7680643193364,337.9797290274185
3.946298697592316,1586.8521895302865,338.09716753297056
3.9469632890839845,2235.2450060843025,338.21473183616655
3.9476278805756535,1511.9231000035213,338.33241602574714
3.948292466296049,1103.6551958694247,338.4502206092261
3.9489570163155494,1170.6992089100136,338.5681456720235
3.9496215663350505,1949.5678498505856,338.68619030698
3.950286116354551,1811.379646043814,338.80435959938757
3.9509506569690624,1464.6773351913887,338.9226554991664
3.951615165521571,1599.9543056804669,339.04106883382946
3.9522796740740795,1634.2253093049922,339.1596011053847
3.9529441826265876,1978.8695890881904,339.2782644596802
3.953608697296907,1262.3660451865678,339.3970487392039
3.954273225319931,1645.8217575410545,339.51596505773983
3.9549377533429544,1381.1750354477522,339.63500762578303
3.955602281365978,2005.595646217438,339.75417112575036
3.9562667849327626,1307.9449068709755,339.87345808204105
3.956931252023453,1374.0166825173562,339.9928641736969
3.957595719114144,1869.094308603404,340.1123988102411
3.9582601862048348,1845.8657671569272,340.23205772347256
3.958924633042902,1694.617344987302,340.35184038666665
3.959589058676949,1811.6365656196447,340.4717481791482
3.9602534843109956,1843.7379821674608,340.5917808500198
3.9609179099450422,1211.6697175122492,340.71194094093426
3.9615823117262767,754.2588673287523,340.83222541635797
3.9622466959088523,1253.6462561015817,340.9526276072471
3.9629110800914273,1712.6345605154875,341.07316125342135
3.963575464274003,1214.0111244312411,341.19318278804263
3.9642398210145946,1031.3328982181113,341.31292247755647
3.9649041637508704,1647.0526989868672,341.4327838551446
3.965568506487146,2367.5970785077443,341.55276862345363
3.966232849223422,1531.5756660827672,341.6728843240822
3.9668972065381687,1452.8677401156785,341.7931262590809
3.967561568750445,1330.6345942796074,341.9135015738076
3.968225930962721,1685.4012913062572,342.0339990823497
3.968890293174997,2255.797899315528,342.15462662719403
3.9695546045387227,1539.293810816798,342.27537326887165
3.9702189058338693,1458.489310994296,342.3962459290091
3.9708832071290163,2020.3663616939773,342.51724854179173
3.9715475084241634,2038.3130592464731,342.6383729170221
3.972211771561,1350.303624917116,342.75963263407783
3.972876031420188,1692.9148678569961,342.8810074778197
3.973540291279376,1184.4932169942776,343.00251569060214
3.9742045508553456,1683.151760432055,343.1241595279796
3.974868769283743,1959.730560335707,343.2459135209078
3.975532987712141,1248.7740265583045,343.3678062290918
3.9761972061405384,451.70168741976835,343.4898235269819
3.9768614207358524,1146.1533713728197,343.61197658026026
3.977525597738628,1822.1291900529773,343.73425182864094
3.978189774741403,1494.039369148383,343.8566570387638
3.9788539517441786,1580.0508118960786,343.97919345798664
3.9795181322142383,1899.4733867179775,344.1018611905947
3.9801823286984916,1117.2805893229347,344.2246635244573
3.980846525182745,1588.5161595550844,344.34759458807446
3.981510721666998,1413.4573065016978,344.470664819528
3.9821749021228614,1820.0154178079931,344.59386339836294
3.9828390377051814,1911.43631669878,344.7171816734308
3.9835031732875015,1333.0819931526082,344.8406319363398
3.9841673088698215,1394.306124117344,344.96422046599355
3.9848314300235237,1912.1876729626968,345.087882509578
3.985495524190554,1983.4193959642182,345.20379186730656
3.9861596183575845,1556.8285215316512,345.30832552604943
3.9868237125246146,1542.926435485755,345.4128767044917
3.987487788746584,1335.0310231511207,345.51752343085445
3.98815184150349,1179.0423011033606,345.62225932517157
3.9888158942603957,1517.384448078803,345.7270934439541
3.9894799470173017,1133.4306284051313,345.83201434793585
3.9901439783236885,1786.0262966715188,345.93704335273424
3.9908079896756337,1379.9463709561444,346.0421553842156
3.9914720010275793,1941.26653563771,346.1473607091213
3.9921360123795244,1770.179481753855,346.25266602309387
3.99279997384459,1975.7760608454353,346.35806581889005
3.9934639024021026,1402.7629598329672,346.4635501057207
3.994127830959615,1386.1594086237374,346.56913337208255
3.9947917595171276,1368.404203022057,346.67481442084386
3.9954557298722113,1418.5363329772615,346.7805928912548
3.9961197193126727,1241.6060867527372,346.8864788416867
3.996783708753134,1248.7802151009535,346.9924615789289
3.997447698193595,2248.229814735581,347.0985423593337
3.998111593812481,2150.5344418452414,347.2046998669185
3.9987754614870448,1372.0178464613139,347.3109521442818
3.9994393291616084,1098.6844201150438,347.41734094931377
4.0001031968361715,1988.674731522663,347.5283198372277
4.000767062461295,1587.2680051085674,347.6630590235523
4.001430927737428,1271.0984952019862,347.7981171983372
4.002094793013561,1129.3770812141686,347.9333325209338
4.002758658289694,1336.429055178539,348.0687009640246
4.003422562372445,1816.7317358793646,348.2042403879183
4.004086469031527,1959.4626901838717,348.33993633858915
4.00475037569061,1999.3435323138576,348.4757948138261
4.005414278884857,1785.959471627824,348.6118134496185
4.006078022417861,1873.862902428164,348.74795404409576
4.006741765950866,1198.518379313325,348.88423593522435
4.007405509483871,2589.5182548365883,349.01678346018525
4.008069261414426,1982.8810804622972,349.13225620486867
4.008733085312769,1252.856409310851,349.247731327169
4.009396909211111,1171.8835601469268,349.36333061884113
4.010060733109452,1629.7576379207878,349.4790400589034
4.010724526426435,1509.2805392305188,349.59485469997475
4.011388187224191,930.9074984818939,349.71077113263107
4.012051848021947,916.387893294387,349.82679254542836
4.012715508819704,1274.3616429304411,349.94292876291877
4.013379180157245,1989.0994124829165,350.0591900695185
4.0140428799531565,1816.4272955334045,350.1755676508817
4.014706579749069,1833.0887541558695,350.2920606817115
4.015370279544981,1640.0401706222392,350.4086683866216
4.0160339939227265,1660.892207934546,350.52539363056815
4.016697735080959,1424.6071440675976,350.6422441872034
4.017361476239191,1625.2213860932789,350.75920459463407
4.018025217397424,1900.5902742109065,350.87628546151007
4.018688887608432,1848.3356557515117,350.99346451203746
4.019352465691563,1262.9785996026487,351.1107528392885
4.020016043774694,1564.456370541954,351.22816115275316
4.020679621857825,2162.8986346504207,351.34567591746367
4.021343241511646,875.570788366524,351.46331925694454
4.022006899950393,1241.2568808982564,351.5810876174937
4.022670558389139,1850.2029832442627,351.6989712558476
4.023334216827885,1575.3059901198828,351.816978729048
4.023997777540354,1481.955175493112,351.93507880229276
4.0246612729294755,1693.7876322082427,352.0532897950979
4.025324768318596,1268.4094220103889,352.1716226698924
4.025988263707717,1348.0852548652422,352.29006747021225
4.026651785667942,1197.546700626703,352.40864806517556
4.02731532006611,1531.1658673451352,352.52733519483525
4.027978854464278,1110.303026242868,352.64615284733475
4.028642388862447,1485.324715271082,352.76508235257916
4.029305923260615,1607.639226459264,352.88423791725023
4.029969457658783,1842.8275231256387,353.0190606091085
4.030632992056952,1022.893460960552,353.15515983734343
4.031296526455121,1812.196550110601,353.29143461539667
4.031959923312399,1703.0603450157228,353.42783092952834
4.032623294699142,1387.7152332898343,353.5643774381926
4.033286666085885,1120.2074894913485,353.7010878669677
4.033950037472628,1313.3511885181874,353.8379551348588
4.03461352138486,1646.1024722734978,353.97499914600627
4.035277014446472,1928.6073169223973,354.1122103049979
4.0359405075080845,1436.7812790401424,354.24958756112187
4.036603999614626,2125.9544756880227,354.38711023714393
4.037267329677543,1872.1458963191226,354.5247657109215
4.03793065974046,1595.0534984534145,354.66258475550836
4.038593989803376,1332.0428348668672,354.8005612995031
4.039257319667295,1423.0221429334124,354.93869152811436
4.039920647434174,1360.272125850432,355.07699087213786
4.040583975201052,1866.4382719462096,355.21545446696484
4.041247302967931,1320.6100070709383,355.3540726790914
4.041910637624165,1626.0281825016293,355.4928604058242
4.042574006707005,1087.053603424992,355.631811167912
4.043237375789846,1027.2027362464632,355.77093185383194
4.043900744872686,1522.3661593407694,355.91020832163593
4.04456407369282,1583.5080265755892,356.0496441734851
4.045227279815141,1913.1916319952334,356.189220703131
4.045890485937464,1675.3306015000817,356.32896035627596
4.046553692059786,1233.0026941103986,356.4688617498779
4.047216924463165,1653.1311548235067,356.60893477933723
4.047880210919228,2181.737844024939,356.7491809379707
4.048543497375291,1555.8859442464238,356.8895923880464
4.0492067838313535,1918.2010267658534,357.0301738266244
4.0498700039757045,1687.6211458324888,357.17090113604024
4.05053312749669,937.790351751266,357.3117872610515
4.051196251017677,1602.6981478648709,357.452957641721
4.0518593745386635,1017.9303786442327,357.6144682697076
4.0525225170522665,1446.5159011359187,357.78572403418065
4.0531856796067505,2212.093998587381,357.95728737473536
4.0538488421612335,1546.7853104594415,358.129095696776
4.054512004715717,936.8373498666332,358.3011578191491
4.055175190629917,1258.1199859784929,358.4734714350069
4.055838394479783,1554.1042730416812,358.646039201075
4.056501598329649,1829.449212866322,358.8188481971887
4.057164802179515,1463.9011615570378,358.9919222802206
4.057827900949481,2000.7371849888098,359.1652104421091
4.058490941889705,1742.3237063900756,359.3387309349897
4.059153982829929,2194.533877020275,359.5125064918744
4.059817023770153,2111.4824834003275,359.68653768877255
4.060480122874694,1140.441214796312,359.86082985828114
4.061143244138936,1229.6938050818007,360.0353885018872
4.061806365403179,1872.2587156926068,360.2102034599661
4.062469486667421,1926.6763131332898,360.3852580521909
4.063132477139138,1814.7870691770406,360.5605482783587
4.0637954355191654,1708.8210977589733,360.7360806771686
4.064458393899193,1551.7096866036813,360.9118665215677
4.0651213522792204,2179.9487952918116,361.0879170880808
4.065784345080416,617.9204163688876,361.26422610756447
4.06644734250478,1263.8784243832135,361.4408007622052
4.067110339929146,1479.846725891608,361.61763092819
4.06777333735351,1560.1849978738683,361.79471578011425
4.068436334777876,1950.4376648996315,361.9720738479722
4.06909933220224,1882.265680995841,362.1496844688503
4.069762329626606,1721.888576590894,362.3275559435132
4.0704253208885826,1651.2037141798392,362.5056866380042
4.071088155466858,1661.8335269518159,362.6840424733812
4.071750990045134,1194.8134010488966,362.862658100164
4.07241382462341,1446.1104767659424,363.04154053804433
4.073076668495587,1678.3418180720378,363.22042539938224
4.073739583385728,1565.8105639329492,363.35986038211
4.074402498275869,1406.8676636293512,363.4427933351719
4.075065413166009,1264.358421352709,363.5254070401822
4.075728304549675,1336.4044917130113,363.6080698053102
4.0763910978709745,1790.5113209394763,363.69077304724823
4.077053891192274,1306.6285111538446,363.77353923217873
4.077716684513574,940.5430917443674,363.856362963775
4.078379499598417,1602.6415439065127,363.9392439630416
4.07904237322915,1140.3324548261958,364.02218089091156
4.079705246859884,1049.494667149124,364.1051866526525
4.080368120490618,1417.8311268038337,364.1882421445315
4.081030937400896,2275.4243390175147,364.27134833583295
4.081693648223649,1290.5457808505746,364.3545012754746
4.082356359046402,1658.8102841672262,364.4377103242261
4.083019069869156,1547.8586110671395,364.52097994712756
4.083681779764961,1683.8399468990249,364.60429933985574
4.084344488409414,1655.8539806526728,364.6876786713482
4.085007197053867,940.8789314407376,364.77111618770607
4.085669905698319,1434.532916630642,364.8546110781443
4.086332635042752,1497.2700234924678,364.9381630604467
4.086995384926075,1666.5401924902244,365.02177735303457
4.087658134809398,1792.987195598871,365.1054444437167
4.088320884692721,1536.239231080935,365.1891763590059
4.088983540395224,1502.6275371398585,365.27294722988876
4.089646127508659,1245.9816804383438,365.3567700108222
4.0903087146220924,939.5953176114866,365.44065930619416
4.090971301735527,1786.4175012895714,365.5245900937596
4.091633941446032,926.8926550484339,365.60859209442225
4.0922966088567465,1751.9917474407678,365.6926624510672
4.09295927626746,1509.863781035134,365.776780101108
4.0936219436781744,1044.0395725132055,365.8609630652783
4.094284492089917,1610.5366395791787,365.94518837118994
4.094946996756128,1825.6522670319357,366.0294677013421
4.095609501422338,1277.683138801741,366.11435059390743
4.096272006088548,1572.431808099656,366.20300023161684
4.09693454229257,2223.2625444991863,366.2917386659457
4.09759708603285,1484.068132596642,366.38053889975373
4.098259629773129,2188.3139029351983,366.4694117856682
4.09892217351341,1038.236609877057,366.5583445557056
4.0995847536317,2317.4572837974492,366.6473506796898
4.100247338590329,1409.5018571519686,366.7364240718055
4.100909923548958,1610.3325336675853,366.8255555388811
4.101572508507586,1361.3774003791139,366.9147559744248
4.1022349375402944,1499.3040109196925,367.00399910569087
4.102897359779797,2143.4050922935508,367.0933044610963
4.103559782019299,1288.5546566040637,367.18267852265166
4.104222206963803,1703.613576398878,367.2721164012544
4.104884709490861,1197.1989621316654,367.3616257837494
4.10554721201792,1085.9521181020361,367.4512051687319
4.106209714544979,1413.561819375861,367.5408517952546
4.106872199356848,1441.5519908738734,367.6305572581409
4.107534539190151,798.4316524786001,367.720313745522
4.1081968790234535,2051.3807668477407,367.81012877229347
4.108859218856756,1903.6139377313214,367.9000099457714
4.109521565875334,750.9553465617681,367.98995949584116
4.110183944793489,1719.2632847019795,368.0799806055332
4.110846323711643,1439.1599607240896,368.1700669266233
4.111508702629797,1173.8396600283183,368.2602231088838
4.112171081547951,1776.5391441959307,368.35044614595387
4.112833460466105,1762.7655824128658,368.44073072227224
4.113495839384259,2200.45485086525,368.5310783761218
4.114158218302413,1781.9525265294574,368.6214954651098
4.114820543094654,2047.8851806090738,368.71197771112253
4.115482759357092,1086.6654110758095,368.80249844031334
4.116144975619529,1702.018074108791,368.8930981400105
4.116807191881968,2076.8936203595767,368.9837560610165
4.117469440815083,1488.487519893452,369.07455238532475
4.118131737352923,1371.7589895534184,369.1753755041768
4.1187940338907625,978.4271954167648,369.27851134132044
4.119456330428601,1907.3993648061762,369.38174674484725
4.1201185487482235,1594.047897640434,369.4850594608825
4.120780682655698,1190.7516190166548,369.58843820288206
4.121442816563172,1610.9823303066216,369.6919021750688
4.122104950470646,1341.2504916325263,369.7954548638038
4.122767106065463,952.1640930417418,369.899108903108
4.123429279071245,1441.72018563289,370.0028416402635
4.124091452077027,748.8376627656485,370.106662536881
4.12475362508281,1097.2575748017127,370.2105692211124
4.125415823941858,1716.6370431823727,370.31457218476993
4.126078038119872,1238.2588755626402,370.41866208523527
4.126740252297886,911.1583182558443,370.5228405141538
4.127402466475901,1631.7113377914816,370.62710470117617
4.128064566600147,1502.7277163159208,370.73143670901334
4.12872661817314,1524.0441911830383,370.8358517555333
4.129388669746131,2244.9760614910374,370.9403545209026
4.130050721319123,1789.6275785699881,371.04494390212795
4.130712835070581,1726.9745968694367,371.14963064657724
4.1313749669092505,1107.6916433038334,371.2544106646809
4.13203709874792,1070.4262997212477,371.3592788827371
4.1326992305865895,1335.8572179933028,371.46423578079504
4.133361224613571,1393.130409606575,371.5692552220571
4.1340231938725545,1910.7956349807953,371.6743706112681
4.134685163131538,1303.1977908049414,371.7795624959917
4.13534713239052,1390.1844348050531,371.8848528183946
4.136009137645875,1001.2319227696306,371.9902309099085
4.136671146013914,1081.6556394466327,372.0957002407407
4.137333154381952,1516.8122218463168,372.20126078520525
4.13799516274999,1429.7423883461202,372.30690417343874
4.138657171118028,1597.13864646373,372.4126496279745
4.139319179486066,1235.8614585144894,372.5186498292246
4.139981187854104,1243.2616391710806,372.65100630897507
4.140643185666456,950.9139152610646,372.8094415039201
4.141305031492798,1864.8673094709823,372.9682249756555
4.141966877319138,1753.7872673239417,373.12721268951816
4.14262872314548,1665.8656415760213,373.2864060183004
4.143290579963575,1165.7801671860796,373.4458026006916
4.143952506043438,1166.7068289825975,373.60542375740334
4.144614432123301,1053.807443750741,373.76524931584777
4.145276358203165,1211.9736042926259,373.92527728732455
4.145938250359321,1383.3562093012765,374.0855154618334
4.146600013922804,1527.9675936157948,374.2459179464935
4.147261777486286,1856.0939128668588,374.4065345492681
4.147923541049769,1577.2987909381159,374.5673554196184
4.14858531557824,566.6835620610013,374.7283894102909
4.14924711826419,1867.9299902880005,374.8896370174699
4.149908920950141,1513.0803948393184,375.0510924421776
4.150570723636092,2208.7713567668543,375.2127584575758
4.151232540770428,979.7301988493381,375.37464326691065
4.151894384582571,1656.5037749714936,375.5367354153669
4.1525562283947135,1710.5974541907874,375.69904656068775
4.153218072206856,1077.6017853821738,375.8615729376416
4.153879847349066,1417.7187784048733,376.02428953655306
4.154541528670137,1598.8926160805063,376.187195124253
4.155203209991209,1627.9486320450387,376.35030968362435
4.15586489131228,2538.844625305013,376.513638567407
4.15652661224589,1261.0520168574362,376.6771925127615
4.157188373810759,1055.020012540733,376.8409716700643
4.157850135375628,1325.759102835879,377.00496899886656
4.158511896940497,1298.3639858928684,377.1691729846985
4.159173566801054,1167.1215052055509,377.33357533365495
4.159835165900153,984.9347346086953,377.4981779870465
4.160496764999253,1459.7627474166875,377.6629970226299
4.161158364098351,1042.9412160130769,377.82813273832994
4.161819961948089,2107.183420638602,378.01040672645297
4.16248155907972,1594.7453200513953,378.27440437906273
4.163143156211351,791.4557454910495,378.5395047494501
4.1638047533429825,1658.2032094507535,378.80515921963644
4.1644663794437475,1674.1030532568484,379.071388473124
4.165128017676027,1230.7701784816584,379.3381940186629
4.1657896559083065,1117.041717584804,379.6055506889538
4.166451294140585,1508.2362446111424,379.87347851876956
4.167112806507157,1379.0748689639386,380.14192182033497
4.167774282311605,1298.2620893415597,380.4109302958365
4.168435758116053,2282.3457820367557,380.6805030076833
4.169097233920501,1286.373033764848,380.9506445432607
4.169758777498747,579.2284825240198,381.22139674167244
4.170420333534836,909.649605398227,381.4927324218964
4.171081889570925,859.5429184972714,381.7646565636787
4.171743445607015,1187.3387515820527,382.03715102431283
4.172404853157375,1282.1664359326967,382.3101725202234
4.173066246790915,1877.9231888692868,382.58378326217127
4.173727640424456,1527.7219431464491,382.8579748906194
4.174389034057996,1899.2847492697376,383.1327524295677
4.175050506606012,1664.3773212646918,383.4081622485908
4.175711980466332,1516.4299447938615,383.68417473551835
4.176373454326651,2293.9053482239556,383.96077683979166
4.177034919624106,1100.894059620966,384.2379744243156
4.177696231107151,594.8846523609126,384.5157077850444
4.178357542590197,1733.1234137239403,384.79404674756654
4.1790188540732425,1801.072119918877,385.07300278201063
4.179680170316455,1409.6455749516715,385.35255075265354
4.18034152095139,1584.7706380186346,385.63273212969915
4.181002871586325,1536.9549045503377,385.91352072144525
4.1816642222212606,1575.6996933093058,386.19492938064053
4.182325572856196,2296.1610419011718,386.47695933453696
4.182986923491131,1373.3259487690698,386.75960057011355
4.183648274126067,1144.050682122497,387.0432561887657
4.184309624761003,1693.2914110164033,387.3867949144156
4.1849709440687075,2100.1297856593183,387.74487577884577
4.185632173421664,1526.945036629781,388.10398660932907
4.186293402774619,1749.5718209170448,388.46411052216666
4.186954632127575,1877.422667305968,388.82522828823073
4.187615887684246,1364.144013569272,389.187367513154
4.188277197254256,1752.0487711644978,389.5505576356322
4.188938506824265,1557.7351934251194,389.9147659966433
4.189599816394274,1569.3364367465124,390.2799959354659
4.190261061881679,1777.2832427333065,390.64621266724276
4.190922209124943,1433.7463045186576,391.0134119381057
4.191583356368206,1783.779754188892,391.3816504000017
4.1922445036114695,2191.2044797326375,391.7509312987003
4.192905649984043,1240.5951264560836,392.1212581181779
4.193566795345332,1830.407142500464,392.49262924716356
4.194227940706621,1699.6589893427727,392.8650632651283
4.19488908606791,1546.9511763695589,393.23856342749275
4.195550253173984,1658.0513337956988,393.61313334857925
4.196211439579806,1935.1215709387136,393.98879407175525
4.1968726259856295,1135.2581997640527,394.36553060372785
4.197533812391453,1861.3721153746865,394.74334884744405
4.198194901883562,1345.4874656226057,395.1222009878992
4.1988559260005145,1101.7821940737356,395.5021061066345
4.199516950117468,1673.4822989534464,395.8831103952256
4.200177974234421,1465.4835187347426,396.26521921930583
4.20083905163202,1820.250388614848,396.64847021123035
4.20150015595387,1721.9697738795714,397.03285032983274
4.2021612602757195,632.6379075215154,397.41834254958326
4.202822364597569,1390.9178229088172,397.804965165446
4.203483350272063,1880.8689051677102,398.19264123790737
4.204144292330285,919.0535067141188,398.581437844811
4.204805234388505,1797.5035270709466,398.97136348383106
4.205466176446727,1022.9676241896697,399.36050128820744
4.206127149761482,2335.455076006642,399.45604225809757
4.206788130995578,1611.8615330636594,399.1945141307815
4.207449112229675,932.0494010039673,398.93113864810397
4.208110093463771,1518.5403974034757,398.6682878305372
4.208771074697868,1057.1666872152289,398.4059512347851
4.209432055931965,1478.583496894136,398.1441361756644
4.210093037166062,677.4290101687752,397.8828291355992
4.210754018400158,601.685068124996,397.6220361830298
4.211414848735762,1692.8804085397044,397.36182546962107
4.212075667744078,1828.0003126730464,397.10211629696556
4.2127364867523935,1324.4125448158968,396.8429181523999
4.21339730576071,2009.9676989735033,396.5842362845963
4.214058204648512,2122.3544312241465,396.326021345363
4.214719103849567,1152.7717419498024,396.06830992893
4.215380003050622,1252.8039371443172,395.811100893939
4.21604089223294,1375.6884924381673,395.5543966532029
4.216701629233437,1639.970203687136,395.298248487323
4.2173623662339335,1998.7255461688078,395.04260046887214
4.21802310323443,1231.5183723280377,394.787446017695
4.218683845219681,1536.0181570304821,394.5327842061949
4.219344621409345,1138.9301872303085,394.2785955876975
4.220005397599008,1607.7787230792192,394.0248996184904
4.220666173788673,1645.6416460859853,393.77169329429057
4.221326949978336,2035.2251213249929,393.51897541937564
4.221987726168,1409.82946898192,393.26675004021115
4.222648502357663,1335.312356044522,393.0150001783787
4.223309278547328,2267.7564153950975,392.7637337644144
4.223970013048182,679.3424178397541,392.5129670006932
4.224630627075106,1628.7174051587183,392.26272144920284
4.225291241102031,1033.5088144318916,392.01296321087904
4.225951855128955,923.9149032504735,391.7636718147165
4.226612494956175,1495.9953046170904,391.5148545451943
4.227273189163681,694.259990302364,391.2666240139913
4.227933883371188,1573.0741357294603,391.0425327383278
4.2285945775786935,964.2425366120253,391.1160984020139
4.229255209163743,1438.660846599107,391.191693407743
4.2299157412337145,1196.1592910161594,391.2673162594145
4.230576273303686,1157.1496846279347,391.34298215674363
4.231236805373656,2340.750448527888,391.41869392184793
4.2318973551019505,1393.1425787986852,391.494462830785
4.232557926374357,2120.8651740197038,391.5702636224698
4.233218497646762,1724.6994002038987,391.64612174027184
4.233879068919168,1675.0813428998254,391.722016694885
4.234539661258403,1741.8355316957952,391.79796387751446
4.235200273504093,1269.7907643620167,391.8739559223029
4.235860885749782,680.4134118532754,391.9499967795061
4.236521497995471,1860.8362993792134,392.0260769909334
4.237182016519964,2004.3305441936272,392.1021929288235
4.237842466653314,1077.7620567424779,392.1783501894248
4.238502916786664,1671.0159925056898,392.2545417806538
4.239163366920014,1431.6416906118561,392.3307875748904
4.239823868510682,1130.2191192819018,392.4070820558697
4.240484398814887,1574.6837546766587,392.48342177928987
4.241144929119092,1585.7155321385405,392.5598070065164
4.241805459423297,2415.088155133565,392.6362475041721
4.242465875403826,1968.130151944168,392.7127092611562
4.24312624362088,2181.368364800916,392.7892127029412
4.243786611837934,1522.000767908935,392.86576110383265
4.244446980054988,1670.4141745473821,392.9423571274873
4.245107346938716,1552.604482718775,393.0189954614844
4.245767713420921,1335.361371937701,393.0956916137971
4.246428079903126,2414.6645885611533,393.1724211938741
4.24708844638533,1154.4765602956816,393.24919915158534
4.247748846897464,583.05176237249,393.32602278142974
4.248409254327551,1915.9329942001125,393.4028920646835
4.249069661757637,1592.8404469093718,393.479818908046
4.249730069187723,1404.2451534378865,393.5668964139726
4.250390331778261,1379.4535572149764,395.16943020805024
4.251050577158966,1435.7324159218977,395.3184887609767
4.25171082253967,1313.5561017983644,395.45787310213956
4.252371067920374,1572.5394327403105,395.59740748861213
4.253031389956747,1359.7773153962057,395.73710718758184
4.2536917154961476,1451.8621569093305,395.8769630645921
4.254352041035549,1613.261956626228,396.01696798442447
4.255012363568641,2405.1949639991403,396.15712760305104
4.2556725270838305,2216.7673892565754,396.2974025504367
4.256332690599019,1545.4328323452226,396.4378263582497
4.256992854114208,1630.056962787481,396.5784070571958
4.257653017492737,1312.1884219068,396.7191387226359
4.2583131793116795,1694.6659177805793,396.86002714580917
4.2589733411306225,1450.8906211967235,397.0010657164768
4.259633502949565,1585.65990194926,397.1422595820591
4.260293670573189,1573.2036360945156,397.28360309266344
4.260953873314634,1634.8213667117245,397.4251104900538
4.2616140760560794,1803.4819462896521,397.5667791035869
4.262274278797525,1788.9568906809445,397.70859573933234
4.262934448595921,1668.7503372451927,397.8505610135316
4.263594489350895,1278.0423984216932,397.99266141399374
4.26425453010587,1937.7001439826474,398.1349060032526
4.264914570860844,2049.724697127619,398.2773189934213
4.265574632826475,2077.387796860521,398.4198778635202
4.2662347537279866,2092.454930582371,398.5626203828356
4.266894874629499,1895.6636521945168,398.7055065851499
4.267554995531011,1515.3261501849022,398.8485629302981
4.268215063684379,2228.9863335474515,398.99174846888866
4.268875022624571,1948.6065444984984,399.13508418582086
4.269534981564763,1735.4924395027413,399.2785664715716
4.270194940504956,1679.6025947339033,399.4222202908899
4.270854914610202,2223.1921528577323,399.56603043762675
4.271514912789851,987.6106944642096,399.70993755679103
4.2721749109694995,1624.142847767105,399.8453739545658
4.272834909149149,1662.2052663997329,399.95555423002077
4.273494907328798,1969.3968465711444,400.0656382807209
4.274154905508448,1785.734921040827,400.1757983486564
4.274814903688097,1564.5916667451584,400.286055955393
4.275474901867746,1669.508145141063,400.3963963003875
4.27613481793916,1823.819329601355,400.5068131785816
4.276794654195202,2233.700130679378,400.6173034782661
4.277454490451243,2134.2573264493954,400.72788415762926
4.278114326707285,1868.9397968518326,400.8385506363336
4.278774208410631,1235.725348113106,400.9493138629175
4.279434124801052,1659.0774632672424,401.060173886298
4.280094041191473,1361.2831789560835,401.17112477770416
4.280753957581894,1173.9323616222425,401.2821556226198
4.28141377246956,1588.6255631131273,401.39326772172836
4.282073526961505,2060.0287557794713,401.5044551049728
4.28273328145345,1665.3418854980168,401.61572900032587
4.283393035945396,1553.7147006870634,401.7271036614717
4.284052845448132,1714.0896550411082,401.83856321734055
4.2847126800695925,2167.1537754953633,401.95012590353394
4.285372514691054,1131.1411485315898,402.0617781258169
4.2860323493125145,2844.5736720356226,402.1735182479293
4.2866920632008005,1453.2635255989676,402.285327944764
4.287351735948911,2086.513286859412,402.39722780346835
4.288011408697021,1980.1238711393241,402.5092080319712
4.288671081445131,1443.2728615350857,402.6212755878904
4.289330785793166,515.8478353909444,402.73344966342074
4.289990497799175,1391.1005355053007,402.8457152401133
4.290650209805183,1867.109057757258,402.9580723496199
4.291309921811192,2158.6675090501512,403.07051667047676
4.2919696338172,1606.9462071592839,403.183054816512
4.292629345823209,1659.7391369354893,403.29567370775317
4.293289057829217,1776.798898170677,403.4083949787841
4.293948769835225,2185.5233569742763,403.5220236827163
4.294608332609458,1862.718392247224,403.7563827146889
4.29526788277979,1989.97444395033,404.019152965405
4.295927432950121,1287.9176816457382,404.2826185505551
4.296586983120452,172.83649996494205,404.5466118007177
4.297246611843348,2053.9132319443406,404.8111481744262
4.2979062421310354,997.3570571764615,405.0762162294013
4.298565872418722,1648.3718250221336,405.3417958761683
4.299225496464693,1732.7371765755954,405.6078965384997
4.29988496494181,1542.817758775382,405.8744755793072
4.300544433418926,1583.4081246092667,406.14157143692256
4.301203901896043,2480.4215058528885,406.409194202169
4.301863374160284,792.2717883385981,406.67734989407336
4.302522881908441,1874.6228351253997,406.9460561412705
4.303182389656599,1237.02918132496,407.215296032664
4.303841897404757,1145.1569572260728,407.48507322332944
4.304501405152915,1299.1659285173623,407.75538838916106
4.305160912901073,718.4879134360366,408.02624327155377
4.305820420649231,1511.9930904745459,408.29763644190757
4.306479928397388,1692.856820093548,408.56957911506083
4.307139401982075,2125.430373757718,408.84204450376046
4.307798747957307,1749.8849175457244,409.1150134305317
4.308458093932539,1776.0553119154272,409.38852014484115
4.309117439907771,1946.3991983075528,409.66258662568157
4.309776807376072,1605.9856602416526,409.9372106265191
4.3104362334565005,1605.818144428099,410.2124107460859
4.311095659536929,1664.7864426161602,410.488177262667
4.311755085617357,2341.9691520277297,410.76449128554873
4.3124144590981475,2575.6113489432305,411.04134396490855
4.313073723430738,1751.922766031168,411.31871636577984
4.313732987763328,2349.3856769495724,411.5966493281403
4.314392252095918,1724.6906170298842,411.8751493041118
4.315051531428613,1170.6597617019836,412.1542319740701
4.315710835045365,1092.8230179775696,412.4338007548159
4.316370138662116,2065.8027793845154,412.70276778682677
4.317029442278867,1983.7471748613812,412.9527215024553
4.317688745895618,949.8821894903992,413.20301248651566
4.31834804951237,1764.650918476531,413.453740720072
4.319007353129121,1611.2519517902715,413.70493413888784
4.319666656745872,1740.1530149727614,413.9565859347085
4.320325880455034,1706.9608049626333,414.2086759457061
4.3209850223615645,2066.535164756629,414.4611884336595
4.321644164268094,1990.4826441541836,414.7141634754994
4.322303306174625,2317.4024633474,414.96760386014967
4.322962492136236,1737.3636819210715,415.2215302377163
4.323621714135803,1935.492842317367,415.4759397767429
4.32428093613537,2623.290870467991,415.73080649808844
4.324940158134936,2196.7897475828518,415.9861548551483
4.325599282199723,1391.5248961095706,416.2419333133719
4.326258342514137,1709.865466867539,416.4981523958381
4.326917402828552,995.659026744849,416.7548567087227
4.327576463142967,2238.7158598012743,417.01203680120113
4.328235549438087,1937.6007900688421,417.26969805910005
4.328894649049759,1749.1637151202804,417.5278413841679
4.32955374866143,1656.7627962394783,417.78646497273616
4.330212848273102,1495.6986591455045,418.0455816455686
4.3308719478847735,2236.1399190232705,418.30516725466623
4.331531047496445,1840.862224499602,418.56524075518854
4.332190147108117,2304.4864570771033,418.8258115916287
4.332849246719788,1424.351527821203,419.0868618031392
4.333508221701821,1689.3585371134502,419.3483490846432
4.334167159665929,1919.8159786265064,419.61032101768313
4.334826097630038,1461.2903572410055,419.8727756005232
4.335485035594147,1914.455793584742,420.1357358311931
4.336144039679722,1994.8695799932914,420.39919994433416
4.3368030577247065,1350.909400072511,420.663178515783
4.337462075769691,1963.84333696299,420.92765303061924
4.338121093814676,1386.3227750582134,421.1934107461736
4.338779969611331,1993.6897230289746,421.5785705734912
4.3394388260338035,2013.5503699178023,421.9797207533166
4.3400976824562765,2574.6381923574168,422.38210863453816
4.340756538878749,2137.9601691737466,422.7856398180777
4.3414154320298906,1180.4917951343468,423.1903524846836
4.342074327762692,2609.604619789862,423.5962166482845
4.342733223495493,1970.4415101471036,424.0032572930351
4.3433921192282945,2270.570192712222,424.4114572625354
4.344051014961096,2238.541140017503,424.8208449829089
4.344709910693897,1932.2950532679504,425.2314025255896
4.345368806426698,2032.1496910644903,425.6431629532858
4.346027695413643,2821.0868700085534,426.0560974719424
4.346686429561493,1829.2255599427851,426.47013604514285
4.347345163709344,1153.6170434257508,426.8853788528558
4.348003897857194,1122.9892769824255,427.3018438427034
4.348662639628775,1103.6234682983238,427.7195155939665
4.349321453845341,1252.6051501025931,428.1384576158792
4.3499802680619055,1446.94169160772,428.55863487215163
4.350639082278471,996.0795420184692,428.98003915644847
4.351297872513487,1397.1378264102132,429.40267644084815
4.351956525170133,1826.0324227294118,429.8264639130449
4.352615177826779,1626.1174445697218,430.25150558884866
4.353273830483426,1500.8691174632363,430.6778057106496
4.353932491060429,1132.1518457427767,431.1053705703635
4.354591183040453,1437.5868207707013,431.5342304758389
4.355249875020476,1836.2378495507003,431.9643755932043
4.3559085670005,1580.8460183407888,432.395796673725
4.356567258980523,1472.2666669046255,432.8285038730635
4.357225950960547,1593.353012708275,433.2625097536094
4.35788464294057,1442.2329536384875,433.69781910082736
4.358543334920594,1439.0760544181571,434.13443694642746
4.359201977410726,2374.593066443444,434.5723413944735
4.359860507868364,2350.9597122707105,435.0112481102786
4.360519038326002,1589.589957055778,435.4143277363779
4.361177568783639,1788.1940225929714,435.7645414855351
4.361836127952966,1410.6987345055413,436.11525256696973
4.3624947384671575,1770.580935268592,436.46684545869726
4.36315334898135,1862.2862544308803,436.81929203651197
4.363811959495542,1417.3983813872173,437.172584507727
4.364470503691721,1795.7813565547121,437.5267074635391
4.36512895270854,1293.8764443136317,437.88163430606295
4.36578740172536,1256.0457525517968,438.23743000947354
4.366445850742179,1345.2297151877403,438.59409646859893
4.367104299123726,1460.3780396577802,438.9516246621808
4.367762746766693,1279.8803177585503,439.310038656342
4.3684211944096605,1569.2218521249154,439.66932255320853
4.369079642052628,1078.6465194502534,440.0294982772353
4.369738110597369,1748.48267164866,440.3905649682908
4.370396598950591,1140.3209224077768,440.75253898818306
4.371055087303811,1539.8462826185266,441.11540446276064
4.371713575657033,2235.9067650358916,441.47916346717454
4.3723719728343085,2069.0753674224757,441.8437765680359
4.373030299727662,1274.5025835714744,442.20925060138035
4.373688626621016,1415.0375114764267,442.57563902365706
4.374346953514371,1580.0915325844921,442.9429324773164
4.375005329692871,1387.5032052136703,443.3111753463258
4.375663736630618,1771.4056412367743,443.68035294742845
4.376322143568365,1397.7648701715661,444.0504505774641
4.376980550506112,881.9076957238616,444.4214822478275
4.377638849846886,1547.5687911368939,444.79337363654633
4.378297095349761,1775.5791379671302,445.16617593060937
4.378955340852635,1702.5799078086113,445.53992105934003
4.37961358635551,902.2994607443511,445.9146004019894
4.380271830900638,2243.949845643126,446.29023037280706
4.38093007506782,1062.6296593394882,446.66681679179555
4.381588319235001,1804.3479531987343,447.0443479642051
4.382246563402183,1653.806458899272,447.41871951163114
4.382904838768556,735.1147395944239,447.1763727375922
4.383563123620833,1688.6492403295663,446.86245332125634
4.384221408473111,1747.6748972738944,446.5487415540347
4.384879693325389,963.0261710871544,446.2356759065203
4.385537846333017,1922.976753776804,445.92334550731715
4.3861959697879,1705.656141876822,445.61168140623613
4.386854093242782,1614.4626561854016,445.3006715297264
4.387512216697664,1407.1905154391452,444.990310746801
4.3881704095164205,1447.9399912988642,444.68056099557606
4.388828613003534,2352.162200619205,444.37145950817455
4.389486816490649,1321.4264569115273,444.06299434444793
4.390145019977764,1032.8611614677072,443.75517547707403
4.390803075605823,922.4639885470473,443.4480655746829
4.391461117720518,813.5640501856437,443.1415987455564
4.392119159835214,1826.1641772012283,442.83576463307463
4.392777201949909,2353.0640011328833,442.5305592352708
4.393435321337123,1878.1956738150038,442.2259525217875
4.3940934434791865,663.2016537955765,441.9219776797001
4.394751565621249,1230.733289396504,441.6186222754808
4.395409684804328,1840.0321870167757,441.3158978748721
4.396067604946435,1843.1771231818657,441.01388039625937
4.3967255250885415,1941.026948197272,440.71248257255274
4.397383445230648,1923.075144497051,440.4117152256634
4.398041367862225,1640.7742012540257,440.11154943104617
4.398699327374488,2132.247663770517,439.81198070956856
4.399357286886752,2270.2829329432625,439.51301698488544
4.400015246399015,1914.5199265223475,439.2146689609885
4.400673205911278,1074.9319061819454,438.91693025459784
4.4013311654235405,2010.7725228749189,438.6197944194629
4.401989124935803,1763.267838211811,438.32326018612935
4.402647084448066,1741.0260895944489,438.02733176088407
4.403305018245659,1060.500660580431,437.7320087987083
4.4039628164603855,1518.6861048942817,437.43880635822194
4.404620614675112,1713.7588411822578,437.36715687040487
4.40527841288984,1084.0307997498112,437.65725092064963
4.405936227689245,1903.7802841811258,437.9503505228387
4.406594105916745,1256.6407426269268,438.24407482365217
4.407251984144246,905.4222430480054,438.53838944458283
4.407909862371746,1301.9537576552439,438.8333009166567
4.408567699493634,1134.0003802474835,439.128788281207
4.409225416448545,1806.452866841602,439.4248300527257
4.409883133403455,1563.6684774621303,439.7214670741891
4.410540850358366,1051.4965552424087,440.0187108608458
4.411198579216663,1600.5936840782556,440.316564872254
4.41185633555467,2057.7145546776437,440.61504134035437
4.4125140918926755,2182.700871068666,440.9141215284136
4.413171848230682,1313.2465178109337,441.2138201568223
4.413829604568689,1462.3577862089978,441.51413206554065
4.414487360906695,1579.9163180806916,441.8150543211569
4.415145117244702,1533.0001267978926,442.11660223322923
4.415802873582708,979.6336012998579,442.41876998538595
4.416460566072211,2219.957498658889,442.72152695686356
4.417118161175034,2049.4044635742375,443.0248671182065
4.417775756277856,709.970451444183,443.32883189039427
4.418433351380678,1789.552159549788,443.6334241861673
4.419090981893927,2005.405567497077,443.9386692773045
4.41974865699736,1679.0617338881486,444.24456019779825
4.420406332100794,1562.4716188647376,444.55109285885567
4.421064007204227,2166.468560224454,444.85826286274187
4.421721603473641,1941.8675601937812,445.1660314198744
4.422379117366818,1529.8991663593488,445.4744073222703
4.423036631259995,1399.5464097495553,445.78343113335023
4.4236941451531715,2491.1875909746777,446.0930934665883
4.424351658404852,1392.513114340057,446.4034076137013
4.425009171099321,2165.048058266486,446.71436905820303
4.425666683793789,1964.4907352926812,447.0259906197546
4.426324196488258,1168.2391447723214,447.33710135135027
4.426981732750657,1751.6205386676072,447.47541365954635
4.427639286039847,2130.424091305011,447.578720855261
4.428296839329036,1885.4856786700398,447.6818718764826
4.428954392618225,1559.173483638347,447.78508785924834
4.429611844977622,1657.8915733432164,447.88836191995284
4.430269237093932,1751.9602416368277,447.9916961232808
4.4309266292102425,2725.5509723398714,448.0951062473487
4.431584021326553,1812.3254755840899,448.19859023132693
4.432241467165575,2008.8596649593724,448.30215049219163
4.432898939270334,2416.8816449345727,448.4057867827522
4.433556411375093,541.8203526056983,448.50949093340347
4.4342138834798535,1523.4607640994411,448.6132705856986
4.434871240074252,1668.5624685146695,448.7171025005663
4.435528551031042,1000.5276152049345,448.8210019355162
4.436185861987832,1725.9515935762176,448.9249719097377
4.436843172944623,1644.4192468915442,449.0290123257122
4.437500483017236,1719.7421666874786,449.1331220750991
4.438157792813262,1975.4918306099273,449.2373108948855
4.438815102609287,1953.7848948489286,449.34157541732264
4.439472412405313,977.4422583984077,449.445901418291
4.440129722201338,1976.953679516847,449.5503050662761
4.440787031997363,1843.3205823673716,449.65477731496446
4.441444341793389,1854.5757044511097,449.7593318165629
4.4421016515894145,1306.8923740759292,449.8639571539281
4.44275882443626,1784.790118904,449.9686306921314
4.443415973134113,1868.6996702747654,450.07336707534705
4.444073121831965,1439.7136734004616,450.1781876648702
4.444730270529817,2354.3805958151,450.2830691458125
4.4453874907277315,1489.2517168657487,450.38804795384044
4.4460447193994375,1281.5523229987125,450.4930926664413
4.446701948071144,1987.5058768284373,450.59821677028
4.44735917674285,1503.9684420471704,450.7034076118494
4.448016254369026,1060.8723363942875,450.809913238079
4.448673321967447,1329.7888988518816,451.1088652511654
4.449330389565867,1734.6679127544578,451.9078511171101
4.449987457164288,1588.4208202014927,452.71446848688953
4.450644563445922,1407.8986026183895,453.5254678234986
4.451301670468689,1743.2722540450875,454.3408565752576
4.4519587774914555,2248.505446047727,455.16066931913605
4.4526158845142225,-50.12192981252101,455.9849372526111
4.453272991536989,2251.249496268523,456.8137196940291
4.453930098559756,1635.2950233619613,457.64703898048475
4.454587205582522,804.3963785524104,458.4849447060033
4.455244301793547,2329.8521776739512,459.3274660521707
4.455901247780345,1730.2996922937114,460.17446596303216
4.456558193767142,1443.1319207334989,461.02617300192134
4.45721513975394,1680.632313685934,461.8826446971426
4.457872094525591,1608.0369792121878,462.74392412476107
4.458529120474079,1665.5127923802268,463.6101396742979
4.459186146422568,1553.1059027115334,464.48124835485254
4.459843172371056,1631.4641039904834,465.35729632849996
4.460500173790511,2269.280989408403,466.238295261877
4.461157038727898,1627.4499253654958,467.1241404315698
4.461813903665287,1897.2100263151779,468.01507232298616
4.4624707686026746,1195.0330761335806,468.9111181418219
4.463127633330412,1507.6837596159169,469.812348536218
4.463784497190348,1279.7761883499827,470.7187965279694
4.464441361050284,1321.5022453962415,471.6305238985706
4.46509822491022,1679.1932762909744,472.5475835577385
4.465755098335014,1657.976951234283,473.4700330526904
4.466412002709589,1824.021752311221,474.3979619914716
4.467068907084165,1732.40018930002,475.331369119487
4.467725811458742,1692.6868645502027,476.2703213372875
4.4683826598568235,1067.6541373105097,477.2147876373448
4.469039362755375,3068.15900030813,478.16469884682124
4.469696065653926,841.7077535279751,479.12031377908573
4.470352768552476,1649.8266757441695,480.078246303592
4.471009496961489,2557.3236606148434,480.5244332065116
4.471666279807136,2223.0379353339004,480.7419750703419
4.472323062652782,2149.653745239969,480.958292929521
4.472979845498428,1592.5112443691273,481.17490666771505
4.473636570389632,2600.6296732372266,481.3917915778693
4.47429319229874,1642.105436428895,481.60893255367733
4.474949814207847,2084.919907509946,481.82636996967574
4.475606436116956,2409.8914238534885,482.044104492664
4.476263073841765,1478.1235489979679,482.2621312238898
4.47691973520344,2096.320561677583,482.4804665926106
4.477576396565114,1783.3126370732261,482.6990844941037
4.478233057926789,1159.8994372696209,482.9180162902455
4.478889719288463,1348.5558488519425,483.1372398856584
4.479546380650138,1636.2886798847874,483.3567488613682
4.480203042011812,2961.9998662463363,483.576569827792
4.480859703373487,1153.1913633695906,483.79668548107526
4.481516287270956,1706.478803651437,484.0170793458804
4.482172787733348,971.6718112029882,484.2377405349622
4.482829288195741,1556.8811139512532,484.45870725803604
4.4834857886581325,1383.925402645107,484.6799719392015
4.484142330805343,1896.0474753524445,484.9015482791835
4.484798911202668,1728.2771501793186,485.1234436961863
4.485455491599992,1817.9883077961165,485.345650567335
4.486112071997316,2291.0374636108595,485.56816162787743
4.48676856209914,2471.7223511054376,485.7909444118549
4.48742498162201,1328.7463488076296,486.0140040202756
4.48808140114488,2504.1899569263837,486.2373638243834
4.488737820667751,1182.0115702566234,486.4610447428741
4.489394239593176,1591.5615294747795,486.6850304421624
4.490050658121682,1688.177277766197,486.9093201941087
4.490707076650187,1814.6869881517202,487.1339233474617
4.4913634951786925,1074.2271752417605,487.35884154867216
4.4920199395871965,1786.7165450853804,487.58352899448874
4.492676398575424,1897.2544349007585,487.72224690309173
4.493332857563651,942.8117629916528,487.10205776232317
4.493989316551878,1764.1863295060116,486.4791966809253
4.494645638926086,1749.0404674561833,485.8588576512349
4.495301896629771,1016.7915404749638,485.24094198395284
4.495958154333456,1410.754556239617,484.62538089578646
4.496614412037141,1676.2177466649523,484.01215756071696
4.497270727066498,1485.690348427798,483.4012116281024
4.497927064690519,1479.904595841478,482.7925454183873
4.498583402314542,1402.8719227604122,482.18617631199
4.499239739938563,2148.666063007776,481.5820981601655
4.499895956059644,1232.9873477782412,480.9832151513529
4.500552132883652,1145.0923107046021,480.8100651804254
4.5012083097076605,1423.9173471827412,480.719670537143
4.501864486531669,1102.0934120223155,480.6298575471249
4.502520726784679,961.3868021762534,480.5400892904844
4.503176983524158,810.4689263931326,480.4503542076895
4.503833240263637,1432.110211249004,480.3606877960235
4.5044894970031155,1418.1696268513988,480.2710667318084
4.505145620051095,466.4178703404885,480.18150855050783
4.505801716015358,1776.0868887886945,480.09201466136966
4.5064578119796215,1438.982555851739,480.0025685788549
4.507113907943886,956.6399614026107,479.9131621985731
4.5077700030963035,1681.527693624606,479.82381801075957
4.508426098126489,1695.5426151325776,479.7345257352853
4.509082193156675,2882.7704096857615,479.6452750808638
4.50973828818686,1579.270608554833,479.55608184905924
4.5103944198376675,759.9371136331105,479.46692236569567
4.511050555287705,1708.759869593538,479.3778280972359
4.511706690737742,2142.521718130132,479.2887683922875
4.512362826187779,1374.050171498502,479.1997744051704
4.51301881004333,2472.436873894328,479.11083882248994
4.513674784755336,1066.4148040674559,479.0219606248964
4.514330759467343,1964.1289348964185,478.93576359332883
4.51498673417935,1325.5501476652923,479.2465925352493
4.515642787195036,1260.9001573591465,479.99266100273746
4.51629884181035,2063.5956240797173,480.74511670799643
4.516954896425664,1807.985908627107,481.5011250534165
4.517610947702224,1552.904096660352,482.2606908202002
4.5182668012067815,698.7176461605637,483.0236369120629
4.518922654711339,1635.8842449739982,483.79020199445245
4.519578508215897,2279.735013448175,484.5604322162984
4.520234363803518,1486.2549052149652,485.334349961902
4.520890256809122,2020.8096755361362,486.1120178741195
4.521546149814727,2367.447452041195,486.89344519546955
4.5222020428203304,1566.035888011837,487.67863909198337
4.522857935825935,768.0542833575947,488.46764487944967
4.523513828831539,2315.1814845286576,489.26048119712516
4.524169721837143,1601.3065771935894,490.05718285633793
4.524825614842747,1870.1058707565207,490.8577968314398
4.525481487922286,1519.483725312101,491.6623068680058
4.526137220264179,1263.667385461417,492.47061115242764
4.526792952606072,1976.6390607887001,493.28291109627065
4.527448684947965,1603.9043274984874,494.0992373711755
4.528104430026022,1365.5349186934911,494.91964267037605
4.528760242256625,1638.6513914514564,495.7442167956519
4.529416054487228,1449.907664142194,496.572931087409
4.530071866717832,1724.861190525022,497.4058051450796
4.530727647691295,1612.3033317792263,498.2428439490952
4.531383299282946,1878.839711672507,499.08394402026255
4.532038950874597,2948.1355156279014,499.9293168182045
4.532694602466248,1159.1710681711986,500.7789941237021
4.533350253862514,1512.7604665243493,501.6330123543602
4.534005904602787,927.6512034102942,502.49141003468446
4.53466155534306,1879.9462277976634,503.3542129237751
4.5353172060833336,1812.8989557337002,504.2214793016509
4.535972856823607,1694.3943112164607,505.09323921058825
4.53662850756388,2775.542951052877,505.9604705175135
4.537284158304154,1473.393171437171,505.4725573260949
4.537939809044428,2381.1045614738473,504.71869338522265
4.53859541195288,1305.3697064689445,503.96653391141
4.539250902103695,1167.6067714580336,503.21786177945296
4.539906392254511,2033.8153070999804,502.47251903819966
4.540561882405327,1928.2630160262067,501.7304870920348
4.541217399057343,1560.9653618507143,500.99171107516395
4.541872969082273,1275.59442189803,500.25613381824905
4.5425285391072014,1531.5520834020217,499.5237865062165
4.543184109132131,1982.9222489661213,498.79465446567923
4.543839620474104,1957.5674755051625,498.0687792315811
4.544495029934312,1653.3316531952112,497.3461847620383
4.54515043939452,2631.649438236719,496.62672259583877
4.545805848854728,1640.3301794841818,495.91038556904186
4.546461257993258,1203.239951163283,495.19714317406306
4.547116666647104,1795.2040524196657,494.48697533168144
4.5477720753009505,1576.0577286790326,493.77986508861477
4.5484274839547965,1616.913855025026,493.07577432242795
4.549082910019006,1732.5980427270322,492.37468751189175
4.549738359008175,1845.3517240641193,491.6765568664252
4.550393807997343,942.2254304849298,490.98139227784674
4.551049256986512,925.021592103567,490.28917429860417
4.551704631394607,1391.0026751741786,489.59996460445586
4.552359919856145,1572.6239601538596,488.9137371982088
4.553015208317683,133.28483804100162,488.23039774875787
4.553670496779222,1402.8400097675856,487.5499268830036
4.55432580490286,1451.576568348244,486.87227731099557
4.554981132900952,1078.2486143189187,486.1974257100362
4.555636460899045,1542.4337568530912,485.5253780583864
4.556291788897138,1738.236874295077,484.85611963332025
4.556947031908899,1743.3110084628795,484.1897083385551
4.5576021994164355,1825.6007594022756,483.5261185554421
4.558257366923972,1552.1633265950836,482.86664244612393
4.55891253443151,1662.6279641501546,482.42282682916425
4.559567724144007,2014.6930646734281,482.9181895508707
4.560222931195685,1675.9204853629346,483.4213925689021
4.560878138247361,1135.0075423662322,483.9261658547002
4.561533345299037,1411.7454652662757,484.43252409901834
4.5621885523507135,1998.0824357340798,484.9404732515459
4.56284375940239,1503.5945749704574,485.4500276420605
4.563498966454066,1591.9885188585492,485.96118181489163
4.5641541735057425,1093.1773013699633,486.4739720285587
4.564809280352329,1600.082781293002,486.9882867581297
4.565464326950509,1933.4887972149854,487.50420394590185
4.566119373548688,1012.7093966920092,488.021759771767
4.566774420146867,1492.0747636125711,488.54096085490613
4.567429519105883,2054.9571675609927,489.06186683622394
4.568084645551414,1291.5526824517372,489.58445916448176
4.568739771996945,1467.2631391088935,490.1087367816534
4.569394898442477,892.6988349105676,490.63469365231225
4.5700498870454505,1106.4367417260812,491.16223665457113
4.5707048127788905,1233.59385186058,491.6914442764162
4.571359738512331,2059.417146024085,492.222357393028
4.572014664245771,1332.7481093374588,492.75499248018275
4.572669618354499,1680.506769813636,493.28937628503996
4.573324583647223,1596.356669202913,493.8255202112914
4.573979548939948,1966.0485893702853,494.3634117862761
4.574634514232673,2095.5944053834214,494.9030669137936
4.575289479525398,1332.3160834835926,495.4444778595854
4.5759444448181235,711.8827852211242,495.9876790716015
4.576599410110848,1266.0791901564698,496.5326742429532
4.577254375403573,1544.5547676974793,497.0794630634539
4.577909216026351,1466.4709079523873,497.62795303831
4.578564020939645,886.3800515811843,498.17823834567844
4.57921882585294,1651.4219633425894,498.73034864149184
4.579873630766235,1522.327813830589,499.28430281666897
4.580528500114854,1032.5093060165668,499.8405082980074
4.5811833848609025,1369.9438803133428,500.4528290582011
4.581838269606952,1579.104870826933,501.1212191138489
4.582493154353001,1827.4902214404988,501.7926412431602
4.58314790493505,2293.3244065609065,502.4666439689692
4.583802629326343,1543.1533732034982,503.14333694901615
4.584457353717637,2229.654250833366,503.8227551722907
4.5851120781089305,1080.575715097622,504.5049474141907
4.585766801912079,1626.3538820542087,505.1899141786789
4.586421525624196,1666.590738307173,505.877667016801
4.587076249336312,1670.3362964834475,506.5682398063238
4.587730973048429,1407.0612732165582,507.26163912240816
4.588385696760546,1683.2352932658623,507.95790260633385
4.589040420472662,2044.574231043986,508.6570300114199
4.589695144184779,1649.0058138093302,509.35905306585045
4.5903498678968955,502.6376824559175,510.0639938072557
4.59100444363176,1849.5434184694109,510.7717029853396
4.591659007038448,2263.540559663322,511.4823413383617
4.592313570445135,1572.9491265675954,512.1959690565789
4.592968133851824,1539.2774495499498,512.9125722471521
4.593622773198784,2304.555191202107,513.6322768432308
4.594277416423629,448.5603423249184,514.3550308008173
4.594932059648474,836.6788283082566,515.0808346378336
4.595586702873319,1658.5085353725885,515.8097227966801
4.596241189104395,1639.810051254445,516.5415187133362
4.596895672048465,1684.6396713673912,517.2764519524493
4.5975501549925335,1659.7136155888982,518.0145102220129
4.598204637931955,1151.862788345456,518.7557582887254
4.59885912024161,2193.222130913805,519.500176977719
4.599513602551264,1268.6536084858317,520.2478004346865
4.600168084860917,1257.7341420507305,520.998675761391
4.600822567170572,1084.307996335387,521.7527924582703
4.601477049480225,710.6221349216372,522.5102119317411
4.60213153178988,1631.211320988971,523.2709135144069
4.602786014099534,1643.4426901030129,524.029013407571
4.603440486551196,774.027603330017,523.8969147222865
4.604094808629357,2317.1881708753826,523.5409848094541
4.604749130707519,1583.6438625084536,523.184327306289
4.60540345278568,1510.7672692821768,522.8283855606984
4.6060577819167925,1480.742197644488,522.4731802098261
4.606712183798513,1055.74223278525,522.1186555364799
4.607366585680234,1315.5107259592603,521.764844562243
4.608020987561954,755.2004880702897,521.4117631899521
4.60867537102145,1510.9024990396308,521.0593935424989
4.609329612696309,2374.373560813667,520.7078201762189
4.609983854371167,1284.6865857072717,520.3569603717799
4.610638096046026,2073.0083556966515,520.006806685602
4.6112923490010225,779.4984071404934,519.6573619027768
4.611946670474573,1445.8128723944526,519.3085728224819
4.612600991948125,1285.3824319129956,518.9604848715114
4.613255313421677,1448.6345023848714,518.6131140419957
4.613909601337736,1390.5863601546862,518.2664459676325
4.614563722444683,1942.6615847420555,517.9205555661731
4.615217843551631,1554.5133128106772,517.5753621249052
4.615871964658579,1337.5040163216293,517.2308529083452
4.6165260934147305,1272.911491096933,516.8870284866352
4.61718025413121,147.18191721414374,516.5438726053025
4.617834414847689,1206.0325734890366,516.2014052013564
4.618488575564168,975.784004713793,515.8596175064567
4.619142736280647,1478.425573775364,515.5185077986075
4.619796896997127,1220.548177957163,515.1780596333813
4.620451057713606,1777.4698908643284,514.8382995978806
4.621105218430086,1744.1560704100507,514.4992170502417
4.621759340168876,990.8443081711551,514.1608124425171
4.622413340752343,1601.5152544993066,513.82313224469
4.623067341335809,1144.9859315488463,513.4861306402047
4.623721341919275,1785.9015287870532,513.1497849150227
4.624375363909656,1703.5292519434597,512.8142902317742
4.625029444277217,1474.8035909341913,512.5122254740055
4.625683524644778,1965.7696289643823,512.5471978845075
4.626337605012339,2268.4619734428356,512.5844128322951
4.62699162670905,1149.9033951705178,512.6216524912599
4.62764550681344,1153.0087031593694,512.6588846085581
4.628299386917831,1444.8215339248864,512.6961180584435
4.628953267022221,1760.876906212009,512.7333598617726
4.629607159693085,1182.581568384179,512.7706166115853
4.630261079422009,1228.883561114505,512.8078797069579
4.630914999150934,1737.987589324877,512.8451476202712
4.631568918879859,761.5672809451646,512.882427262839
4.632222838608784,941.9195301804086,512.9197324336772
4.632876758337709,1388.1769390352547,512.9570296570072
4.633530678066633,2344.476986323554,512.9943339518827
4.634184597795559,1798.9566738743551,513.0316423707956
4.634838459182582,1812.7869661097704,513.0689630235447
4.635492218852277,1227.4618561163247,513.1062749100515
4.636145978521973,2015.0100137912734,513.143607337869
4.636799738191669,1203.7377486637424,513.1809431707337
4.637453528807098,1225.8824172430168,513.2182904533953
4.638107368246291,2019.7002228006193,513.2556536503212
4.638761207685483,1960.6823052708446,513.293023651751
4.639415047124675,1283.8605548036323,513.3303867620193
4.640068804271591,1532.9231781492815,513.3677666115929
4.640722443550947,1204.2077841874755,513.4051467324166
4.641376082830305,1251.2433839969895,513.4425383397207
4.642029722109661,1406.7366348397481,513.4799270231889
4.6426833785861366,2785.4312504038667,513.5173306871902
4.643337057504998,1546.4639373234875,513.5547475606442
4.643990736423858,1236.5492896854305,513.5921789802785
4.644644415342719,696.4371696956924,513.6296062150259
4.64529809426158,960.0893124812985,513.6670405401456
4.645951773180441,1014.0793936372198,513.7044908316552
4.646605452099302,733.5307485278188,513.7421345622245
4.647259131018163,1609.5935219337182,513.8089114756157
4.647912733420515,1339.8496880249875,513.931069172122
4.648566252353866,1946.3709088235305,514.0536491858779
4.649219771287215,1031.1690206072335,514.1763190185004
4.649873290220564,2270.4375344547902,514.299073328732
4.650526828987083,1595.257384937617,514.4219214588543
4.6511803875674085,1984.0567099969185,514.5448678533396
4.651833946147735,1585.8548233805827,514.6678881276608
4.652487504728062,1607.8979558156695,514.7910078625224
4.653140979858603,1275.5221327941917,514.9141832188915
4.653794378490253,1398.2274584842025,515.0374459573056
4.654447777121902,1366.588412131641,515.1607960753871
4.655101175753552,1639.715187178768,515.2842329531813
4.655754595916325,1376.3685037033495,515.4077543958792
4.656408034202416,70.47710711716604,515.5313692565802
4.6570614724885075,1277.5855864974108,515.6550833635891
4.657714910774598,1105.4257210454246,515.7788856437866
4.65836834906069,1520.5578091198981,515.9027651957847
4.659021787346781,655.2013914966044,516.0267407702291
4.6596752256328715,1786.1907049519416,516.1507971131881
4.660328663918963,863.3772768311068,516.2749444686342
4.6609820087409455,1760.4614314405928,516.3991777102464
4.661635287115179,1340.6434647222154,516.523468159093
4.662288565489412,2149.558594360008,516.6478556387509
4.662941843863646,2144.369915234286,516.7723384021177
4.663595146232551,1380.2979767979862,516.8969073629761
4.664248464268682,1616.4071259455875,517.0215643578376
4.6649017823048124,2018.2581400163556,517.1463187163909
4.665555100340943,2107.012473979153,517.2711601392052
4.666208318455164,1887.6539518159461,517.3960779716101
4.666861476616239,1742.0485585370484,517.5210659306605
4.667514634777313,1948.067973038785,517.6461526821604
4.668167792938387,1679.9734528033762,517.7713132850879
4.6688209508483896,1315.5458312466267,517.8984433084919
4.669474108620069,1709.39364567253,518.3056808369066
4.670127266391748,1422.018512522054,518.9179708968196
4.670780424163428,1544.2667955775908,519.5337876346538
4.671433608526834,1544.5105596269887,520.1518302721768
4.672086806357254,1615.8874074318333,520.7720829692286
4.672740004187674,2059.289945535116,521.3945706371056
4.673393202018095,697.9574879404969,522.019283747281
4.674046263306147,753.0855892229478,522.6461235215676
4.674699261251814,1678.9751032621732,523.2751687338541
4.675352259197482,1113.4240679178756,523.9064794989594
4.676005257143149,796.8361675021105,524.5400816794739
4.676658311046921,1856.2539291461385,525.1760525324673
4.677311388715856,1001.6869912928233,525.814335575746
4.677964466384792,1428.6216720205198,526.4549749160394
4.678617544053727,1511.8340611520587,527.0979581809505
4.679270506592236,1463.0283338868244,527.7431785851746
4.6799234244596715,1178.1631380517497,528.3907304594022
4.6805763423271065,867.1660158694244,529.0406724469658
4.681229260194542,1213.0434971167356,529.6930194467755
4.681882177807058,1306.8600988136723,530.347777396638
4.682535095329435,1800.0509101952225,531.0049780987507
4.683188012851811,2136.9243673459496,531.6646160721439
4.683840930374187,379.2297847850187,532.3267206742839
4.6844938478965625,941.1608884370721,532.9913058323991
4.685146765418939,1834.631194964168,533.6583820886821
4.685799682941315,2148.7618313418616,534.3279632276895
4.686452600463691,1169.1587426166836,535.0000686476019
4.68710539434949,1891.821741641684,535.6745857751649
4.6877581521193665,751.4716853229547,536.351636549431
4.688410909889243,1524.5671591276791,537.0312455605355
4.68906366765912,1280.4882827680312,537.7134382960814
4.6897164884992595,1249.7476751421407,538.3983157149547
4.690369325977806,1543.3856221906321,539.085823141609
4.691022163456352,1841.9921039579622,539.7717992775836
4.6916750009348975,1208.2750353605477,539.8326071656454
4.69232770929737,1729.5838317666512,539.7279600310555
4.692980387047906,1517.5856872073023,539.6223181231361
4.693633064798442,1175.303370310831,539.5167392754554
4.694285742548979,1452.3419855340685,539.411203013374
4.694938420051306,2200.945278592156,539.3057476685099
4.6955910975010555,1897.666174519413,539.2003347621252
4.696243774950804,1685.1296174441604,539.0950087816168
4.696896452400552,828.6297686405572,538.9897260255561
4.697549129850302,2005.4277089691213,538.8845111346088
4.69820180730005,2215.5804344638195,538.7793643244627
4.698854484749798,586.6274126022032,538.6742665701738
4.699507162199548,1093.6000962737457,538.569236119971
4.700159702736984,799.4323039648847,538.4642891336028
4.7008122205076805,802.2507200473648,538.3594101304102
4.701464738278378,828.5612986136257,538.2545866474097
4.702117256049075,1175.073228538621,538.1498285431273
4.702769843415886,2051.439145269775,538.0451148498321
4.7034224408806535,2030.801024140951,537.9404649903397
4.704075038345421,2185.9724207735285,537.8358724075474
4.704727635810189,1004.9448391324521,537.7313467385286
4.70538005582288,1208.8469095960031,537.6269104381596
4.706032453660155,632.3053350371003,537.5225407811101
4.70668485149743,1624.5906531624094,537.4182273322169
4.707337249334705,1516.4294717154687,537.3139731087812
4.707989683077634,1340.7178537585767,537.2097796797024
4.708642120631236,1303.2536236230776,537.1056473955884
4.709294558184838,961.2677069687935,537.0015563998256
4.70994699573844,1168.0651121177227,536.8975440543842
4.7105994332920424,1693.7166069455295,536.7935923095082
4.711251870845644,1793.5015793654302,536.6897022710497
4.711904308399246,1010.8097059916363,536.5858588403557
4.712556745952848,923.6632855915205,536.4820827544346
4.713208997248143,1385.2502520837193,536.379486977685
4.713861235242753,1579.5148153664384,536.4407208099792
4.714513473237362,1937.6927813267966,536.5048532043783
4.715165711231973,2187.6773214979576,536.5690115653566
4.715818024721354,844.5392918212434,536.6332040630414
4.716470342393002,94.38218294994171,536.6974196945182
4.717122660064651,1086.6519353059123,536.7616576358398
4.7177749777362985,1012.3921891375765,536.8259140801272
4.718427141994194,1152.6847021159322,536.8901856431472
4.71907930009684,1732.9918948009595,536.9544702343686
4.719731458199486,1874.2813635754453,537.018788406817
4.720383616302131,2496.296870239453,537.083122697311
4.721035852092926,2798.4070783861457,537.1474935216764
4.721688089867743,2025.6837201021206,537.2118826491636
4.722340327642561,697.8821723246075,537.2762936081166
4.722992565417379,1901.5705407185592,537.3407360338948
4.723644606007649,1614.1610104943682,537.4051750965649
4.724296644309039,2095.234498915711,537.469636659506
4.724948682610428,886.0234159103175,537.5341287642724
4.7256007209700295,1546.3727648541658,537.5986376575249
4.726252799009887,1460.8625273128791,537.6631708624528
4.726904877049745,630.2914905265643,537.727744783967
4.727556955089603,1706.3927549329712,537.7923294131177
4.728209033129461,1536.3530512915215,537.8569308346539
4.728861111169319,879.4559714435364,537.9215625330904
4.729513189209177,1790.512231595253,537.9862247384427
4.730165267249035,838.0494647233273,538.05090341587
4.730817340031143,1163.0087452959638,538.1155989462337
4.731469218665977,1859.31476485546,538.1803051130362
4.732121097300809,1620.2577444135668,538.2450396718814
4.732772975935642,1827.0067296958662,538.3097863693389
4.733424857623664,842.4603375392257,538.3745620281035
4.734076815913636,1651.2541723878758,538.4393754072893
4.734728774203609,1719.7403783312175,538.5043141187572
4.735380732493582,1460.4964208397282,538.5874782883038
4.736032682802815,95.45899697420424,538.7626979135342
4.73668448163369,1142.1974528069863,538.9386663484273
4.7373362804645645,1784.3088367221849,539.1148066345633
4.737988079295439,1543.4131638875367,539.2911199227563
4.738639878117761,2023.9171738447862,539.467611487039
4.739291676809621,1269.3413057748303,539.644270999658
4.739943475501482,490.0591665428107,539.8211092429611
4.740595274193343,1929.6521656903694,539.998123493438
4.741247072885203,1705.6612691671214,540.1752873179857
4.741898871577063,1130.5556585735715,540.3526505948502
4.7425506702689235,2386.9967585093755,540.5301820323948
4.743202468960784,1824.094778978476,540.7078954281893
4.743854254420344,1367.018569139877,540.8857757226218
4.7445058937019065,1096.8890910260354,541.0637935202266
4.745157532983468,530.2458662051085,541.2419860753953
4.745809172265029,1732.585578225927,541.42034812276
4.746460818993449,1611.268074398611,541.5988949807991
4.747112537915551,418.8142479540709,541.7776381686789
4.7477642568376535,807.9011977127612,541.9565585442009
4.748415975759756,1198.309765504102,542.1356572104003
4.749067674007593,1456.00259355915,542.3149328354783
4.749719193678421,1910.4984745736385,542.4950241558191
4.750370713349247,1481.0193043448937,542.7801990668343
4.751022233020075,1718.0641665478577,543.1457234118035
4.751673757205843,1448.489327407199,543.5125243983538
4.752325316646991,1922.775503979862,543.8800887311775
4.752976876088138,1238.4386502382672,544.248399070867
4.753628435529286,1614.8328062149492,544.617461683276
4.7542799949704335,1158.7835235562698,544.9872788436234
4.7549315544115816,1214.0131282066322,545.3578458084471
4.75558311385273,-20.83124617038726,545.7291702941917
4.756234673293877,1765.58272479241,546.101258784601
4.756886206426917,1158.3334285612234,546.4743111523129
4.757537566685053,965.6016365767299,546.8806356863239
4.758188926943188,1904.7276610678923,547.3604736660876
4.758840287201323,546.3404853104847,547.8420764389157
4.759491658675954,800.1189645180783,548.3249307139022
4.760143098557599,1426.8065147843695,548.8091236038251
4.760794538439242,2272.9445355767557,549.294604474242
4.761445978320887,271.22427915505415,549.7813538232668
4.76209739440078,2023.5758024989286,550.2693928982005
4.76274867498182,2252.1216763016573,550.758627497897
4.76339995556286,1792.790480184769,551.2491638897961
4.764051236143899,1382.1183110337693,551.7410052818988
4.764702516718027,1083.307058140667,552.234168825542
4.765353797255237,1526.7551787537234,552.7286454836535
4.766005077792447,89.24354777165,553.2244560866561
4.766656358329658,1481.018925930494,553.7215939325697
4.767307638866868,1530.0027650055952,554.2200749181559
4.767958919404078,354.5510980642258,554.7199023834552
4.768610199941288,1407.6907159912284,555.2210738804058
4.769261480478499,2932.542390957969,555.7236098461543
4.76991273348877,651.7018912740057,556.2274789264446
4.770563854774083,2279.699048142129,556.7326116860892
4.771214976059395,1358.8623371433198,557.2391321683651
4.771866097344708,1296.4229304729577,557.7470414913722
4.772517232973617,1791.013819491445,558.2563307610396
4.7731684338678395,1736.4427574853396,558.7670693209703
4.773819634762061,1388.236747819724,559.2792149585339
4.774470835656283,1213.7491558927552,559.7927602818588
4.77512199928105,1687.7910426980225,560.3077013280802
4.775773001145696,758.7803089178896,560.823915988727
4.776424003010341,1306.5502945111439,561.341563318031
4.777075004874986,1810.2373467333298,561.8606427602803
4.777726006741045,1379.9806158937388,562.3811745245392
4.778377008612989,1592.4642014013773,562.9031376516725
4.779028010484933,2648.2650448238146,563.4278812653658
4.779679012356877,1146.1108917799022,564.155860846191
4.7803300221761065,927.3400318787512,565.1510872730983
4.780981063842773,1098.0958586345719,566.1534130973182
4.78163210550944,1724.5025780842063,567.1610700547969
4.7822831471761065,2192.5974301739866,568.1741514506093
4.782934147894408,2181.597882115807,569.1925960924362
4.783584990599621,826.0719370011807,570.2162973012573
4.784235833304836,1051.5503273567256,571.2455291145419
4.784886676010049,1769.6455903956953,572.2803469941061
4.785537535543037,1612.6994038805628,573.3208475743078
4.786188457840128,1155.6841402196055,574.3671221898582
4.786839380137219,1916.4499906249812,575.4191501249252
4.78749030243431,370.71926230250114,576.4769880917897
4.7881411902298225,789.5287432225506,577.5406143215557
4.788791953384501,984.1355200759413,578.609937341862
4.789442716539179,-163.50430289839568,579.6852144539131
4.790093479693858,2000.61394110313,580.7665070167775
4.790744242859866,2678.043930924541,581.853880540226
4.791395006065597,1321.4477335987322,582.9473734924964
4.792045769271328,1233.5107689194326,584.0470415886563
4.79269653247706,996.9234670225973,585.1529570386172
4.793347295682791,1178.6576808339346,586.2651852522506
4.793998058888523,742.6009932876533,587.3837639122264
4.7946488220942545,1428.96209949633,588.5087597730258
4.795299585299985,1618.8040756394782,589.6402607076373
4.795950311800727,1239.890537286884,590.7782228391949
4.796600915912659,1982.134130354791,591.9225772873951
4.7972515200245915,1980.1162655138705,593.0736071697173
4.797902124136524,1622.5496464538085,594.2313778653942
4.7985527376021935,1419.454664211437,595.3959712395219
4.799203381540431,1966.309430989228,596.5674765678735
4.799854025478667,1616.1508550242074,597.7459199509977
4.800504669416904,936.3499513795766,598.9313663736435
4.801155275415923,2360.2330048648496,600.1205045424479
4.801805760296802,1289.0022920497233,600.8150664602448
4.802456245177682,1063.9747620271291,601.0768403771381
4.803106730058562,760.8747597801483,601.3360878891122
4.803757214964124,2129.2491896207775,601.5956683430301
4.804407699947022,1721.6427243957846,601.8555881088764
4.805058184929922,1558.9003019134784,602.1158419655227
4.80570866991282,1116.116647340233,602.3764363289745
4.806359154895719,1480.2324391279947,602.6373678470248
4.8070096398786175,2086.3002696219073,602.8986369409411
4.807660124861516,789.169684228146,603.1602496435207
4.808310609844415,2139.0134898808947,603.4221994688219
4.808961055502141,1361.2976716577655,603.6844824706521
4.8096113814762465,1315.317100400827,603.9470523977182
4.810261707450351,2593.072218245133,604.2099606162932
4.810912033424457,1124.8398219031867,604.47322650412
4.811562369349647,1137.7589829320725,604.7368274939622
4.812212735167002,1773.0842945870545,605.0007837885217
4.812863100984356,1198.9288128888622,605.2650895410806
4.8135134668017105,1399.1857574529388,605.5297545546965
4.814163792604287,2041.180729098797,605.7947379499643
4.814813999449252,1380.477231456829,606.0600220990137
4.815464206294218,1357.3266849215631,606.3256598798707
4.816114413139183,1510.1610478968869,606.5916435137017
4.816764620022896,1442.8754970180737,606.8579755317011
4.817414827020759,1954.732418856546,607.1246605376106
4.818065034018622,1708.7463961397712,607.3917014731938
4.818715241016486,2245.898595632294,607.6590889693413
4.819365448014349,548.6455133641382,607.9268352269793
4.820015655012212,1687.2910831865718,608.1949326565735
4.820665862010076,1127.3802054266248,608.4633828227239
4.821316069007938,1410.4520413041355,608.7321897541901
4.821966235421238,1578.2035319705521,609.0013411206904
4.822616283495226,360.88404823108806,609.2707962338058
4.823266331569214,1564.55487122965,609.5361435083705
4.823916379643203,1914.4317430776623,609.1295390410778
4.824566448088487,1359.1546647192042,608.2983381273365
4.8252165757056895,1516.2747336840362,607.4676510691323
4.825866703322891,617.7819900671082,606.6403546956356
4.8265168309400925,1072.4944820294004,605.8164345786075
4.827166907605715,1387.5398430139126,604.9959232290231
4.827816836652346,1269.8596646327492,604.1789184579458
4.828466765698977,1330.7658873622422,603.3652234942556
4.829116694745608,1707.017670955741,602.5547924143958
4.829766644200502,2265.3945992217655,601.7475944754243
4.830416652783047,857.1700458654016,600.94357159071
4.8310666613655915,2012.9140677686532,600.1427401241853
4.831716669948137,2205.5066142311885,599.3451207560046
4.832366627640624,1657.672398879169,598.5507253662851
4.833016437703479,1954.0376679358005,597.7596576841767
4.833666247766334,1742.0817805722957,596.971721380282
4.834316057829189,765.1941766080369,596.1868914923087
4.834965878084599,2193.9553339016306,595.4051271256144
4.8356157280220575,2204.82127179779,594.626402357013
4.836265577959515,1134.1855808687544,593.850712477225
4.836915427896973,1744.537020365653,593.0780673860485
4.837565277834432,1083.8629186491669,592.3084257836863
4.83821512777189,1193.050421985525,591.5417599436441
4.838864977709347,1660.864501494813,590.7780786377342
4.839514827646806,1561.8436908968574,590.0173435519305
4.84016462734144,386.7086992516502,589.2595936902626
4.840814278827011,2377.835867933256,588.5049233822753
4.841463930312583,996.6523733474461,587.7531508230427
4.842113581798154,1486.1533485128396,587.0042471493822
4.842763253279928,2217.3721806339054,586.2581868479929
4.843412984284382,1974.2674244616724,585.5148974583277
4.844062715288835,1106.8414648210485,584.7744081646013
4.844712446293289,2141.3811414045476,584.036744006068
4.845362127794352,1809.0815893517617,583.3044473717646
4.8460116603977434,1816.8073255034003,582.9563850345071
4.846661193001135,387.5718121565299,582.8006068703301
4.847310725604527,1586.5522963554442,582.6462199111726
4.847960268063905,1604.0653253990463,582.4919473263598
4.84860984055872,2177.5275806126965,582.3377906770551
4.849259413053536,932.6111934990481,582.1837590065078
4.849908985548352,2845.117876636811,582.0298504155126
4.850558558043168,1254.5566730283458,581.8760713168323
4.851208130537984,636.1901094675532,581.722404751342
4.8518577030328,2536.965525536063,581.568860430744
4.852507275527615,1687.3022656883848,581.415432575351
4.853156800182262,682.5023912325477,581.2621392904483
4.853806174343745,1350.2259938601683,581.1089950945817
4.8544555485052285,1206.820838377619,580.9559939809023
4.855104922666712,1648.9314242092644,580.8030935746178
4.855754315733176,1119.3700076180867,580.6503083113139
4.8564037693965085,1673.8685399050908,580.4976420872932
4.857053223059841,2108.220522489008,580.3450742835698
4.857702676723175,2038.7273322010299,580.1926433174532
4.858352083962441,2338.0242203052485,580.0403385885953
4.8590013393432105,324.51113511146343,579.8881874674223
4.85965059472398,1014.4244210322549,579.7361638442127
4.86029985010475,2199.7064227270976,579.5842508511796
4.860949114663626,1234.1139922834545,579.432458162716
4.861598409952597,783.2858164420944,579.280782118329
4.862247705241569,843.8476865217635,579.1292049107429
4.86289700053054,747.3833724077795,578.9777655265694
4.8635462958195115,2019.9679823491244,578.8264408733319
4.8641955911084835,1401.99974038401,578.6752192886103
4.864844886397455,806.5370364349371,578.5241349101691
4.865494181686427,361.2525845938404,578.3731634626298
4.866143433228748,1809.4763905720945,578.2223234873477
4.866792530302811,1814.5212663722562,578.071627986431
4.8674416273768735,1889.0582736160618,577.9243237364692
4.868090724450936,1501.656894723579,578.2703655851647
4.868739838660032,1629.456079421339,578.8344332239727
4.869389015218913,1535.756242626966,579.4016349485223
4.870038191777794,1811.5941205568377,579.9705210293646
4.870687368336675,1471.787992028744,580.5410823641977
4.871336503240435,1212.0042175348203,581.1132992106682
4.871985481635121,1586.333814368465,581.6870632417538
4.872634460029807,1677.3590115147797,582.2625279724193
4.873283438424492,1910.7240780548577,582.8397017924794
4.873932416896252,1081.9497748661975,583.4186024500605
4.874581395668112,1097.5141730935547,583.9992406620761
4.8752303744399725,1298.643223586373,584.5816027452529
4.8758793532118325,2379.2901906329826,585.1657103880008
4.876528339804418,317.7655984458461,585.7515900781925
4.877177358124039,1220.443469941774,586.3392522236242
4.877826376443662,963.767832722004,586.9286854598096
4.878475394763284,954.5635583565282,587.5199133680089
4.879124375165976,2477.4898575243174,588.1128819922844
4.879773195388983,1067.855321268526,588.7075106465079
4.880422015611991,509.20516993014957,589.3039428643921
4.881070835834999,742.5619693963134,589.9021923635314
4.8817196707254,840.5574711696795,590.5022802581786
4.882368570416194,1331.9873254081124,591.1042608682922
4.883017470106989,1872.9072589485,591.7080904834235
4.8836663697977825,1849.806043330084,592.3137697358155
4.884315234337353,1597.3500373140648,592.9212805352639
4.8849639359821895,1419.2563747456272,593.5305199296175
4.885612637627027,1351.5750234565755,594.1416416452928
4.886261339271864,1269.0333665028095,594.7546382366338
4.886910040989356,1735.6568553473417,595.3695480075107
4.887558743061777,378.1097690429582,595.9863603262793
4.8882074451341975,1905.1426446172475,596.605102048981
4.888856147206618,888.449895487145,597.2257754216073
4.889504849279039,1480.918996119318,597.8449745778745
4.890153551351459,2192.564295762622,597.9526723243952
4.89080225342388,2539.0896066015307,597.8401891763484
4.891450955496301,1675.613069830395,597.7263431576926
4.892099633272909,1115.1988028749167,597.61256993482
4.892748176880923,1090.8377599388016,597.4988675613466
4.893396720488939,2194.284291823439,597.3852507932111
4.894045264096954,2083.0416702849207,597.2716809761631
4.894693819207483,2241.3410248904743,597.1581921289475
4.895342442266253,1148.8794668091207,597.0447389529447
4.895991065325022,1578.44240524325,596.9313506487044
4.896639688383792,499.10841137277356,596.8180244010701
4.897288284527081,2168.1293768822334,596.7047685278555
4.897936709658003,1675.1896026276145,596.5916087709479
4.898585134788925,1843.9481798930299,596.4785125292606
4.899233559919847,1419.9409157645312,596.3654794984571
4.899881985111324,2047.4212505671328,596.2524933688984
4.900530410720152,1512.2035937634687,596.1395912737709
4.90117883632898,1057.8714025303486,596.0267477731028
4.901827261937807,692.758174147947,595.9139662965697
4.9024756875466355,740.0621220065192,595.8012496838145
4.903124113155464,2047.4146759735324,595.6885793188038
4.903772538764292,1506.3949667493034,595.5759876548636
4.90442096437312,844.9004533419102,595.4634594084791
4.905069373084467,832.4566236845315,595.3509975961117
4.905717640313251,2020.9411924821536,595.2386121046796
4.9063659075420345,1509.7228689119163,595.1263050450948
4.9070141747708185,2602.5111065828078,595.0140450397496
4.907662445853916,1629.1414916155109,594.9018666543041
4.90831075305047,998.2917725038951,594.7897247354178
4.908959060247025,1306.94885103581,594.6776506303008
4.90960736744358,706.1878399277819,594.5656371231346
4.910255661071113,1913.355337503358,594.4536993242968
4.9109038099237505,1223.018596360099,594.3418464726532
4.911551958776389,941.2338423480725,594.231286558742
4.912200107629028,1009.4862339191415,594.3097017336057
4.912848256521123,1539.8192522526645,594.4779009937006
4.913496405901904,1967.1856782116495,594.6468025468974
4.914144555282686,873.1260059396719,594.8158510041643
4.914792704663467,1815.5348439705022,594.9850442868202
4.915440854044248,1495.373079938614,595.1543918366365
4.9160890034250295,1183.0362013917068,595.3238647716998
4.916737152805811,1675.0506830217682,595.4934855938136
4.9173853021865925,1727.802034672253,595.6632399760135
4.9180334414300715,1190.0016709808465,595.8331405120108
4.918681393085176,1010.1570631347976,596.0031405969308
4.919329344740282,1870.1253798698638,596.1732719257076
4.919977296395387,1748.9588003842728,596.3435580940941
4.920625251152612,966.2219131935826,596.5139920379977
4.921273282221976,123.49290646880475,596.6845779480318
4.921921313291341,2563.422832127462,596.8553102685842
4.922569344360705,2022.1171319902307,597.0261831943011
4.923217371218568,1295.7411712342293,597.1972162793521
4.923865244028255,1660.5349287095644,597.3683437154245
4.92451311683794,2189.3582151947776,597.5396159090964
4.925160989647626,1561.670917389604,597.7110118692101
4.92580886246536,1415.6289920947152,597.8825732960257
4.92645673585334,1782.5949399304882,598.0542766152909
4.9271046092413195,1979.69244381259,598.2261286606656
4.927752482629299,756.4280071770247,598.3981221261116
4.9284003560172795,2253.403044189916,598.5702661057837
4.929048229405259,315.226365032341,598.7425515045912
4.929696102793239,1820.9637765120922,598.9149873278707
4.930343976181219,815.5188439732902,599.0875654535591
4.930991849569199,957.2673320667576,599.2602953169662
4.931639527906199,944.1018081557405,599.4331110170948
4.932287203686261,-238.2655516356153,599.6060866560184
4.932934879466323,1852.6332402590863,599.7792019255457
4.933582555246385,940.230811197809,599.9530439925439
4.934230308291425,1771.0738597666927,600.2137335326828
4.934878063468715,1672.6076501447635,600.5250599979709
4.9355258186460045,1678.1608684226007,600.8372076739543
4.936173573823295,1764.4870563979655,601.1498399162576
4.936821139546039,2294.083123867759,601.4628645340839
4.93746869716584,2314.729696159257,601.7763856314627
4.9381162547856405,1431.543263488688,602.0903936641499
4.9387638124054405,1096.9476299880366,602.404902834978
4.939411444996004,1397.4257926992796,602.7199400296913
4.9400590820057335,1903.960102682358,603.0354691531267
4.940706719015463,923.9116541499071,603.3514999035154
4.941354356025192,416.08697739455135,603.6680286694534
4.942001809463274,1580.8611309565797,603.9849698361099
4.942649248965918,1080.0984775311606,604.3023990925464
4.943296688468563,2254.8885097240536,604.6203348190008
4.943944127971208,1210.23977387696,604.9387681898563
4.944591568074328,2460.8737039691364,605.2577064666614
4.945239008233902,-115.87831232511328,605.5771632605592
4.945886448393477,623.1529683601249,605.8971157580513
4.946533888553051,1225.9441030760954,606.2175746548083
4.947181328712626,978.4417968386058,606.5385572497863
4.9478287688722,1692.5828931249762,606.860038834785
4.948476209031774,2214.611473224591,607.18203430415
4.949123649191349,694.8655412031707,607.5045556839175
4.949770949950777,1630.6187598243678,607.8275104428665
4.950418232030893,2389.3872714680397,608.150972283212
4.9510655141110105,1194.4302288351344,608.4749608080344
4.951712796191127,1538.5073150715057,608.7994645265504
4.952360112913574,1553.3783928414,609.1244939678396
4.953007435020484,1642.2074227666199,609.4500655389043
4.953654757127395,2431.598466221927,609.7761539533831
4.9543020792343055,1594.5469839710834,610.102762687452
4.954949267220349,946.6346160732072,610.429833080595
4.955596431283799,1627.6173463193072,610.7906057929292
4.956243595347249,1561.2612306782432,616.2271269174505
4.956890759410698,2274.644212079108,625.9575913068942
4.957537924061933,1897.1835206693386,636.1921720909614
4.958185088832243,1036.813329183435,646.9446550204473
4.958832253602554,1632.8334297087315,658.2601739621077
4.959479418372864,2280.6933668215465,670.1895412214903
4.960126583143175,2407.648049375202,682.7902185079512
4.9607737479134855,357.5085430544999,696.1274810608829
4.9614209126837965,1572.1534460092012,710.2758098925829
4.962068077454107,1538.6622816880258,725.3206513263235
4.962715085189117,1450.1042168986214,741.3566234203082
4.963362052653727,2220.5161544578023,758.5004281218015
4.964009020118335,2019.1004793933535,776.8865634094071
4.964655987582945,1455.8317729563232,796.6721970955015
4.9653030167518235,2554.6377261212183,818.0456850593122
4.965950063569867,885.6005452575048,841.2288331953368
4.966597110387911,1622.8203564459118,866.490278363332
4.967244157205955,1314.6659503690469,894.1585606446855
4.96789105430059,256.53485670609007,924.6322715469872
4.9685379038632185,2214.709559637374,958.422442717804
4.969184753425847,2904.5462678059553,996.1762510190173
4.969831602988476,778.24019693172,1038.7277332487815
4.970478453116326,657.9344103020986,1087.1771896319278
4.971125303442776,2352.221574569524,1143.0104973136597
4.971772153769225,2736.334520609395,1208.2903696274911
4.972419004095676,290.8380291498443,1285.9772925196305
4.973065854422126,1036.4136323561816,1380.496261386893
4.973712704748576,2258.089705303302,1498.8068892827011
4.974359555075026,1055.8046823056993,1652.5969550543664
4.975006405401476,196.82442255654635,1863.2971279625176
4.975653145128795,2982.9695384409615,2175.3337286163633
4.976299837555613,4643.300840983447,2700.3523703294804
4.976946529982433,-2009.0437074936222,3830.9287583617715
4.977593222409252,-12037.38514987216,8776.866658196894
4.978239942095017,1165911.105151438,1126687.931736336
4.978886674583784,37902655.19026449,1249377578.8918033
4.97953340707255,326603900.259601,1279593860.109246
4.980180139561315,769466451.07544,1481117525.6334958
4.980826741967262,-2216419064.5423183,1697032064.5640078
4.981473277334596,-776106290.1603656,1699000831.1084447
4.9821198127019315,-1116405055.4306483,1669640271.2145493
4.982766348069266,-1459613928.7434177,1730112395.0516562
4.9834128839609395,-391599124.8878013,1681592899.678872
4.984059420148944,-2012317322.2271535,1768637248.0659287
4.984705956336949,-1919858131.5613,1754714880.30721
4.985352492524953,601193776.765803,1640959046.392498
4.985999028712958,2113541812.0592434,1768997888.454902
4.986645564900963,-1476186954.5266132,1794733333.8465266
4.9872921010889675,-1730845170.8640862,1766025801.8185406
4.987938637276971,1084847736.6041465,1616887723.6878648
4.988585079499236,-898684701.456838,1904373187.6216795
4.989231457883356,1096713695.8603323,2114019906.9611626
4.9898778362674765,5332009641.486059,2178517143.7046237
4.990524214651597,-2723924442.7001176,2134028257.864245
4.991170616021403,-3862742565.2065654,2399842155.168659
4.9918170344861394,1081838892.9074173,2333867835.043129
4.992463452950876,-289355460.12602425,2225828481.2867494
4.993109871415613,-988253370.8248239,2296826165.6245084
4.993756202946171,-2244404927.58028,2152842797.9923644
4.9944024636429,1573678619.1926148,2156897785.3256383
4.995048724339629,2194845292.3608975,2209289464.305793
4.995694985036358,-4085639332.6624494,2117704646.851852
4.996341246192895,-169126485.46975964,2157511437.674344
4.996987507759946,1174787716.724739,2076450017.1315086
4.997633769326997,-751123229.5321256,1923956439.2168112
4.998280030894048,3452135192.938669,2021147237.0388706
4.998926292461099,3729935069.0925736,1911139810.8292058
4.99957255402815,1387586951.0559442,2015509961.0218685
5.0002188155952005,-2211166853.4482164,1911007254.0947595
5.000865077162252,-1400260521.8909314,1677754362.5661936
5.001511243922721,-2501812752.423574,1425328625.449253
5.002157308569002,1634644980.7166512,1408964455.4582493
5.002803373215283,2913693128.6625786,1376845908.8180056
5.003449437861564,-2470488032.852937,1465866613.8309996
5.00409553878799,763929842.0195934,1427358189.7712567
5.00474168273175,2011414702.2255,1439515752.4435997
5.00538782667551,3897287474.2389545,1457411324.7634695
5.006033970619271,1668372744.2405262,1510198382.9775088
5.006680029249206,-558041129.0212185,1449128534.534519
5.007325976322303,1559745912.1660423,1514483521.253073
5.0079719233954,-303012273.28944474,1506871542.9899335
5.008617870468496,-26258698.349953998,1441107615.9669657
5.009263817920435,-1595323500.7599685,1659065229.4612837
5.009909765920495,-1956781188.9742155,1594324263.9594605
5.0105557139205565,182849267.30057266,1515243152.5200477
5.011201661920617,-1419064835.8241298,1491278403.585561
5.011847609920678,-517229671.3221257,1332268384.140161
5.012493557920738,1198779145.420043,1352075828.8707035
5.013139505920799,-1258815325.9240553,1361733172.7986937
5.0137854539208595,-488374892.34751683,1257929898.0624118
5.014431331488781,1922320235.6291912,1186616818.6661632
5.015077082701637,-1199775519.2546215,1174161479.5870485
5.015722833914493,-521042707.25992864,1142761561.1335857
5.01636858512735,254051226.68991274,1130435706.3599226
5.0170143626629855,451751707.19462353,1082390656.5908332
5.017660193153859,305825379.6189031,1097299445.110355
5.018306023644733,2016572886.1328683,1138490256.5538158
5.018951854135607,887552487.779196,1143177152.216806
5.019597624442969,-628785315.6612287,1283015098.391872
5.020243258196683,213901214.43917954,1267239650.406714
5.020888891950397,-176193112.87900114,1297120124.948024
5.02153452570411,81835050.80615038,1248715644.7317574
5.022180159732511,-387195763.6668111,1102671317.7487433
5.02282579446972,2312030695.913331,1095415189.860713
5.023471429206929,-233346696.58049712,1085879004.2376058
5.024117063944138,-1622226498.2068605,1060026658.9205855
5.024762698681347,2227705457.8718967,1108523963.6051917
5.025408333418556,108173155.97364862,1095120430.7647462
5.026053968155765,-864200681.3982832,1130790075.8912168
5.0266996028929745,-2554353569.9128103,1191098529.4796329
5.027345193459896,-781063368.2947536,1123362599.3264277
5.027990631543299,-2015440343.6387746,1149882935.4328835
5.028636069626703,-191135728.81527516,1199350511.9572356
5.029281507710108,-207665704.62866345,1225341868.857561
5.0299269613897994,1231282976.726284,1298617672.527527
5.03057247873176,-68158241.60463762,1276655020.7430093
5.03121799607372,-51775557.280413896,1272860872.6858554
5.03186351341568,-381840035.78904605,1418705417.3344169
5.0325089975903445,-1685409737.0217345,1439556375.8610702
5.033154318328482,3018137628.800516,1367840976.4891856
5.033799639066619,653500818.3298656,1369828014.2930276
5.034444959804756,-881589616.2433562,1339800951.0790582
5.035090280688624,3530180567.301576,1368173372.8279963
5.035735602466677,99326976.93759501,1462126594.7729933
5.036380924244732,-1065062214.7900469,1491726189.4952288
5.037026246022785,997579288.6135378,1506453968.9227295
5.037671567800839,736979729.0018227,1424779446.8723452
5.038316889578892,-2116088171.8105938,1405289727.32872
5.038962211356947,-747414647.7975589,1379820663.950772
5.039607533135,-1424727732.8241313,1273922019.371428
5.0402528388881835,-2320683108.66165,1337464010.1017544
5.040897964145666,231423215.7144887,1299327032.8276658
5.041543089403148,313154946.46253085,1234505449.1731317
5.04218821466063,1162303324.836597,1224317128.764996
5.042833344019354,1127246158.3004203,1285584115.8669264
5.043478548515932,-517310603.1019087,1265173334.5741723
5.044123753012508,1615654181.6695762,1252534402.3838322
5.044768957509086,1315144289.5827901,1291233094.301743
5.045414157736647,1792250010.327296,1402996608.6706233
5.046059165762572,415231821.99348485,1405023962.7882078
5.0467041737884974,-1866361181.806966,1426991546.760125
5.047349181814423,-345884538.7124311,1504296019.1122935
5.047994189840348,-1599370968.6580756,1295086686.5932233
5.048639276401698,-492484444.2848303,1305894901.9520328
5.04928436365942,-2827240547.993969,1271061214.6312745
5.049929450917143,-632070959.7257906,1281753387.9031737
5.050574538174866,2249565183.912394,1345767507.5807621
5.051219436780427,1467964457.4683578,1325516898.194043
5.051864327617394,1723207596.469549,1308436708.3730204
5.052509218454361,1575210198.9753127,1286248672.7124631
5.053154109291328,640804442.2572373,1153292082.068234
5.053799001166505,11064974.850592747,1173021150.1750736
5.054443893120789,592749345.0775254,1210136568.2762108
5.055088785075073,2072860766.1642382,1163446481.7155802
5.055733677029357,208239920.6765524,1245025591.9681587
5.056378568983641,2395951193.7483964,1224451527.8257833
5.057023460937925,1543741455.8393464,1177652608.1722963
5.057668352892209,-1639775186.9152098,1107041756.2740598
5.058313244846493,306323071.1371022,987829951.2469966
5.058957966922696,503993372.55210996,1004740032.8495326
5.0596026625393336,-1070899394.0262241,1029383401.1409571
5.060247358155971,1927804630.5920284,1101019126.8177526
5.0608920537726085,1342691887.4943495,1167097800.3102908
5.061536782849707,-1450466645.3775287,1183313494.2639537
5.062181518646366,-205595718.10878235,1213684135.7710612
5.062826254443024,656033133.8715043,1218447613.4298277
5.063470990239683,-1892549353.0102386,1116333969.2114568
5.064115600262658,259960942.42982566,1080043539.8676894
5.06476017880382,-2119375102.2387273,1072819456.7363421
5.065404757344982,451462995.3851981,1009232147.0009233
5.066049335886145,689097450.3895385,1076875567.4830296
5.066693915326897,-1041200177.600316,1135491909.096365
5.067338495041537,-508009972.2989816,1148315628.058883
5.067983074756177,1180203832.5683448,1134836858.955025
5.068627654470817,2094800463.2340477,1058085644.0136188
5.0692722341854575,1372790807.9380722,1045273003.8199615
5.069916813900098,-467866249.840317,1062805048.479431
5.070561393614738,-1241613227.9069796,1012043497.7689015
5.071205973329379,2072103032.093203,971970702.2628027
5.071850415949742,-1158240080.6845622,972725557.2676243
5.072494799459576,637620851.1115241,970625693.2404749
5.07313918296941,446468669.65215325,963886229.5563668
5.073783566479243,832155031.35498,900450765.2930253
5.0744279766931015,-81407498.75378807,894096841.0748345
5.075072400401276,134223496.52114663,894180872.6563462
5.07571682410945,-270431692.6552776,900454471.7775625
5.0763612478176245,207693196.2677763,896657622.7393117
5.077005572609841,451869641.86130106,865424754.921765
5.077649839157518,-313643781.449332,861850277.1443596
5.0782941057051945,1598850069.024468,881333443.6627275
5.078938372252871,1156722888.8807042,855382120.1205158
5.07958261637315,469740273.1017438,853840961.7213548
5.080226845179405,57654607.46588966,830889307.4196292
5.0808710739856595,-329596466.8007786,820699669.0880746
5.081515302791914,-31505103.66963269,830313734.0816793
5.082159531598168,49243533.26632215,847172839.2318836
5.082803760404423,108195136.24085152,857450716.2575926
5.083447989210677,-1183037249.128198,891407250.8216103
5.084092218016932,264705358.4421497,970526167.878039
5.0847363648206665,396992131.2835454,956659934.5673474
5.085380436525742,349517381.2920006,975986302.8261594
5.086024508230816,-404934403.495897,988061708.9009985
5.086668579935891,414865742.2634637,958926436.6063597
5.087312671169976,-480817948.55980194,958182808.0417738
5.087956783091657,-955755402.8796045,983734085.9902717
5.0886008950133395,303738830.2544588,917670337.4924223
5.089245006935021,1527288845.8544388,873218529.8932267
5.089889030902902,-1127601498.0184302,861422697.3268491
5.090532946818727,1027800890.4745873,837993746.9796976
5.091176862734552,-280492531.9845242,836419575.2705064
5.091820778650377,1039103925.7826035,912422631.2382352
5.09246469509789,-710411204.8629243,956530980.517144
5.093108612306173,342821769.10725164,953433966.4332249
5.093752529514456,601511952.446189,948031356.7040545
5.0943964467227385,-976337607.3245369,866912088.5344124
5.095040363931021,123498450.58185317,841936035.2354269
5.095684281139304,1042473181.7067759,839919836.0459083
5.096328198347588,-502059435.57372355,855710539.6713241
5.096972115555871,555232737.2308091,869370684.5715867
5.097615967089745,-437570460.3255749,897857757.0027276
5.098259688374959,-1242101264.8035889,897787283.0155689
5.098903409660172,-346987321.81268156,905307549.0870004
5.0995471309453855,194742125.40888044,934838781.3415061
5.100190875709385,-319710697.8670622,940511153.1687448
5.100834676146126,-532171335.0478023,940985990.0525268
5.101478476582866,839670444.0382106,999150925.2413415
5.102122277019607,2176583051.38768,1033252497.8420765
5.102766026957729,-856935098.8035098,993094609.0042199
5.103409631521041,335881813.5316394,975735317.5320059
5.104053236084353,454989441.5025984,978670431.5340081
5.104696840647666,-838872788.426233,1076457565.1413143
5.105340445505584,915421094.3034717,1120083015.0838444
5.105984051417175,-152813593.08040416,1107629838.354408
5.106627657328765,887813461.7635987,1088322435.7035408
5.107271263240356,-2062374008.006214,1069117399.6092952
5.107914862211207,113803461.51993737,1001898298.9304539
5.1085584292318735,-772050537.9263449,1031291936.8888134
5.10920199625254,-659339941.3346094,1018546290.4389158
5.109845563273206,497799868.34679717,957967074.7393645
5.1104891086128905,2226657043.3455815,1002651054.6223152
5.111132518733736,593495568.331812,985534973.4758877
5.111775928854582,352277002.04330176,1024969608.0947239
5.112419338975428,747894183.0798931,1034142941.4924
5.11306275302745,-1925304266.9883063,1007059222.5808764
5.113706203403537,583294908.9994968,1050363392.5088127
5.114349653779625,813786894.5068651,1044407689.23071
5.114993104155713,736940487.0272464,1037850106.2537682
5.1156365434458335,-1760212047.889483,1052971705.4698538
5.116279798097278,-296838523.3972409,1083990864.3886063
5.116923052748721,219366054.6577582,1091637615.1445303
5.117566307400165,-314895013.4427379,1131375266.5065684
5.118209562072966,-2181340134.183124,1122925871.8511672
5.118852818135356,-1627096695.8376176,1138065880.6029058
5.119496074197747,291862910.14717156,1155215145.0927708
5.1201393302601375,-1203584568.62949,1157007708.6620467
5.120782586322528,-85647967.3152566,1145611954.023597
5.121425804589045,-530263247.8214939,1146501036.017977
5.122069021802779,898030578.1328206,1200044829.0125139
5.122712239016512,-70471433.38195358,1182340343.9573395
5.123355456230246,730605914.094893,1166622743.6481175
5.123998527560259,-1607528093.1127453,1183339566.1082644
5.124641587980574,331363518.28103393,1146539056.3796728
5.125284648400889,-1059501255.5621676,1148601898.1361623
5.125927708821205,482618634.95909226,1173321863.4929092
5.126570804993978,-322291692.54146194,1179910206.8330367
5.12721390568989,-2255606697.5065393,1241810322.3726523
5.127857006385803,1021281662.944671,1235307622.2062216
5.128500107081715,1008267605.18638,1181883988.8538322
5.129143042617076,499442684.2815145,1209880862.8410654
5.129785947736922,-1660490124.277985,1286381378.0375843
5.130428852856768,-1393545655.0555065,1203389118.7327247
5.1310717579766125,-710216336.6304059,1197095965.0047412
5.131714664276392,1667110081.1400626,1195106468.0405967
5.132357570869716,275312217.5971689,1158390230.8205855
5.13300047746304,93214499.1068618,1297109162.7925253
5.133643384056363,2138277601.771413,1338738050.3953505
5.134286290649687,-800280092.7174462,1343860715.9977686
5.13492919724301,327955474.9975797,1404398931.4399078
5.135572103836334,815856965.6643561,1297535454.4614184
5.136215010429658,-2501844799.190247,1263325152.945865
5.136857777848329,-690722271.1187962,1279065397.863949
5.13750048894804,-1207184385.9412527,1307658839.3562784
5.138143200047749,-2825945701.1087236,1226562981.679615
5.13878591114746,-95385956.79161204,1189782425.2609518
5.13942864912421,-1219806808.0183935,1229068784.3427873
5.140071400519805,-657452432.4525272,1194443193.560718
5.1407141519153985,-1260182436.446287,1229942873.8349497
5.141356903310993,643267469.2864094,1213685709.4080074
5.1419995332322435,835150177.5820943,1200120484.233231
5.142642089200141,165938153.37971753,1233189353.040202
5.1432846451680385,-509707972.7638328,1336672264.7808223
5.143927201135936,3683880.158741083,1514615293.1041002
5.144569757988011,1869310271.1628308,1516774785.834811
5.145212315491781,2285747922.8606296,1473960720.7265723
5.145854872995552,2415786875.570557,1438152188.9580204
5.1464974304993225,-35159965.606749855,1396896380.2635627
5.147139988003094,-2965626308.4497375,1395615837.9866292
5.147782545506864,-1010923220.134012,1568009773.8405297
5.148425103010635,999211237.5074924,1610526104.2744286
5.1490676605144055,-1774802230.2258105,1680148416.191988
5.149710123779302,1966885704.3323793,1620315259.5913374
5.150352485937715,-324534434.9880132,1672637141.0754182
5.1509948480961265,207909167.92484915,1824300823.8228703
5.151637210254539,-3876305364.690087,1818737123.3314428
5.152279589962662,-2446338393.9247828,1847354952.0659735
5.152921992437178,376524123.5940839,2017397375.9368174
5.153564394911694,-1058258560.8107516,1772766286.6235836
5.15420679738621,-760172106.9665242,1716758223.68042
5.154849124151766,1840094344.6557565,1768485018.3591666
5.155491331346748,-322860958.65124935,1739032839.2898088
5.15613353854173,-2900100737.8472733,1787411554.6297338
5.156775745736712,-3388856668.9945927,1789836852.283734
5.157417979779311,-2642851904.3476944,1919602006.334966
5.15806026603097,744702237.9601824,2087884337.5407386
5.1587025522826275,1007244598.5168118,1803639419.0989387
5.159344838534286,-2342110047.304674,1871614784.0957842
5.159987067923245,-1039914308.0610226,1738540031.017032
5.160629158944711,4192583590.5182886,1655353932.2730172
5.161271249966178,-545276152.6386715,1813322545.1579123
5.161913340987644,1696746699.6341367,1739721519.1360445
5.162555432401572,1759311258.714776,1708480223.8430011
5.163197525041893,-2948225727.798579,1792899883.4571068
5.163839617682213,-30389832.896786727,1839840333.638895
5.1644817103225344,-398822554.92192924,1920401138.0816743
5.16512379549715,950175856.1089653,1954342985.7937036
5.165765849429209,38114680.48380342,1944814602.8894405
5.166407903361269,2141712524.1541247,1911674416.7130902
5.167049957293328,-562045400.4959544,1780394398.1966507
5.1676919888441155,625458807.9915029,1755982141.1954043
5.16833388633643,-3238438237.7058163,2184833843.1647797
5.168975783828744,3205719321.1688433,2351037395.29169
5.169617681321058,3780477542.0177307,2592466942.7614694
5.1702595825659765,-679943155.0264009,2877398950.094399
5.170901520401248,-1418718045.239013,2875188618.3940625
5.1715434582365205,4517899980.828991,2444176088.0426097
5.172185396071793,-126585389.41022424,2309486492.5752454
5.172827325619877,-2439946531.449576,2253468294.9176884
5.173469068372845,-686626099.1200687,2466119567.141294
5.174110811125813,-3474185422.03583,3064798315.2177105
5.174752553878782,1334328524.6481152,3440193572.12439
5.175394296631749,448194047.17013067,3497478553.3322372
5.176036041051286,-1713841286.485351,3021693731.1804914
5.176677785485186,2021332072.1940763,2899635194.708213
