Wavelength_um,Transit_Depth_ppm,Error_ppm
2.8705440656200856,1319.7807784917286,584.4899776391851
2.871219918514831,903.1556875960421,581.4873336707619
2.871895763808353,380.0592898523514,580.4320661436859
2.8725715630920616,1365.5255286811534,579.3825776980534
2.87324736237577,293.18308030637337,578.3387484515439
2.8739231616594787,1665.8458771497274,577.3005356386484
2.874598972880794,1043.506523480269,576.2678813776295
2.87527481269201,832.3453452148079,575.2406864704969
2.875950652503226,1889.7617123061268,574.2189451063729
2.876626492314442,1504.8536849923767,573.202636997933
2.8773023092070065,288.8472254526022,572.1917252902899
2.8779780977695286,1049.6005251273757,571.1861783263956
2.8786538863320503,2930.7732188503373,570.1859147041642
2.879329674894572,1900.7079466332673,569.1908720626938
2.880005450594114,1481.9576774317654,568.2010341037012
2.880681217715283,2112.9961228878606,567.216342942823
2.881356984836452,2164.866889917601,566.2367454054088
2.8820327519576208,237.97869226835354,565.2625084445202
2.882708502945143,985.1176812778999,564.3392742053514
2.8833842486263195,917.9264655361558,563.437228043165
2.884059994307496,1020.0887191249683,562.5396074931834
2.884735739988672,2019.0656501926032,561.6462537804657
2.885411437168953,673.7359896282599,560.7572154385246
2.8860871292561,1998.2557689891107,559.8724052422092
2.886762821343247,754.2538461486212,558.9917585705832
2.887438515745513,1466.0711311691502,558.1152693223796
2.8881142483571396,1785.103299735935,557.2428370917203
2.8887899809687663,740.3472389051972,556.3744858740641
2.8894657135803925,985.4551349133523,555.5101785453292
2.8901414354738035,1583.129588920635,554.649916370604
2.8908171168431647,1515.0831528366978,553.7936862706202
2.891492798212526,1819.8517050958649,552.9414117834971
2.892168479581887,1482.8403928732737,552.0930650252023
2.89284415320765,1764.1046940753326,551.2486319465966
2.8935198131424595,1074.023516416476,550.4080703386464
2.894195473077269,1106.8355090577968,549.5713457164932
2.8948711330120784,2076.416966363016,548.7384388632399
2.8955467819464173,912.4619769758818,547.9093199581613
2.8962224204480354,226.375487444547,547.0839543867195
2.896898058949653,939.8976388387016,546.2623258009572
2.897573697451271,1604.433046673836,545.4443764251386
2.8982493003188003,1038.7473688636117,544.6301463258734
2.8989248852433875,798.6717327861146,543.8195695882879
2.899600470167975,573.1382878598159,543.0135730206171
2.9002760550925624,1579.160198081528,542.3556636808295
2.900951673109009,-227.14648390859864,541.9075229078644
2.901627298555048,900.9899085743764,541.4618449837594
2.9023029240010874,1885.4126935564543,541.0172838325271
2.9029785494471265,1977.4948744060682,540.5738079103012
2.9036541252928463,1245.038870620464,540.1313884023932
2.904329699503047,1327.7101714160485,539.6798507978626
2.905005273713248,1365.8133186738812,539.1292529869576
2.905680845361378,924.5194671202688,538.5796917754054
2.906356398143825,877.3195482590195,538.0317999237961
2.9070319509262723,2193.008001609453,537.4855801230924
2.90770750370872,1971.6480151613673,536.9410129144654
2.9083830506860058,627.1976964326976,536.3981081062378
2.909058582042059,1448.6329457842587,535.8568455256195
2.909734113398112,1098.7313564248445,535.3172168900647
2.910409644754165,1792.651619508766,534.7792086848171
2.9110851670649933,887.891908047194,534.242820855485
2.9117606769960114,1118.8046535090734,533.7080534292954
2.9124361869270294,2566.2602932008326,533.1748766982403
2.9131116968580475,1662.5868707390462,532.6432978872504
2.91378718222532,369.73482482904484,532.1133126520245
2.9144626493103445,717.651266644545,531.584926551659
2.915138116395369,1860.9771985570833,531.0580970853808
2.9158135834803938,1488.7157937605066,530.5328365665052
2.916489079907918,983.2123743525528,530.0090903995815
2.917164587511064,1569.4643089322437,529.4868904083274
2.91784009511421,1295.8828067199836,528.9662263276659
2.9185156027173558,775.7306890784391,528.447090904494
2.9191910654984543,476.35103379722347,527.9295169740841
2.91986652187283,1681.1846125067811,527.4134522709938
2.9205419782472055,2107.05060886197,526.8988989610551
2.9212174340698627,724.2026482045792,526.3858439111415
2.921892869023959,983.3800645979954,525.8742984157412
2.9225683039780557,2515.2009311049364,525.3642263800073
2.9232437389321517,1047.3143592693095,524.8556316723939
2.9239191701068235,1345.438281636168,524.3485186305138
2.924594583641999,1631.224730153126,523.8428840129087
2.9252699971771747,1227.1106944509136,523.3387059533424
2.9259454107123504,1702.0461006871858,522.8360327130533
2.9266208067380903,737.4133697554302,522.3459515168729
2.927296166731907,893.295073624664,521.8720673767962
2.927971526725724,1326.014027903979,521.3995579585702
2.9286468867195405,1905.2898469695515,520.928346997382
2.9293222660510057,1595.3209199483783,520.4583942513111
2.9299976665599154,950.352658299492,519.9896969625493
2.9306730670688252,-58.24270330349987,519.5222709054007
2.931348467577735,1617.3162034850861,519.0561125303419
2.932023835947624,1311.2572301642701,518.5912210574228
2.932699185234188,1511.4233976248656,518.1275912138625
2.9333745345207514,1834.296801055508,517.6652101936204
2.934049883807315,665.2113910203645,517.2040645860349
2.9347252164417026,729.9580812985675,516.744171295322
2.9354005443147786,1529.6013939391883,516.285507286169
2.936075872187854,1837.011270052035,515.8280597775355
2.93675120006093,1483.65823897157,515.3718338382004
2.9374265080692368,1305.4047749928468,514.9168213249973
2.9381018145301825,2182.605611112006,514.4630339678376
2.938777120991128,2108.368780862549,514.0104370636441
2.93945242329335,1764.3730366214434,513.5590421289677
2.9401276762299107,1809.0432773049868,513.1088632174016
2.9408029291664715,1763.0152085330744,512.6598750538221
2.9414781821030322,1795.9509242909585,512.2120707121024
2.942153444250252,1127.0847305913446,511.7654212240676
2.942828737698878,930.1084354778077,511.3199291161232
2.9435040311475036,1413.8717072936588,510.87560168420924
2.944179324596129,1214.3156153352124,510.43242792248924
2.944854598741878,1261.3970345490343,509.990425040983
2.9455298409745803,1351.7849823957574,509.5495916205452
2.946205083207282,2445.660720155123,509.1099073548334
2.946880325439984,1266.5985641809882,508.67136733052007
2.9475555564022886,1616.2117870734671,508.23395166972193
2.9482307772282907,1594.856502459428,507.79835021920917
2.948905998054293,1160.503236499796,507.46348383454034
2.949581218880295,1593.0676466064738,507.1610760625277
2.9502564180027684,1003.2465893869958,506.85941980401003
2.950931606721266,1383.191197279037,506.55831122910797
2.9516067954397633,925.7776117987229,506.2577478285048
2.952281984158261,1775.803429139272,505.95770986576633
2.952957137551448,2217.0903164578776,505.6582259553396
2.953632283464689,1032.273186621743,505.359268971685
2.9543074293779292,989.2672191248739,505.0608511815197
2.9549825752911696,1188.2386189868414,504.7629576186762
2.9556577606725347,1265.188963696737,504.465574784246
2.956332947094812,1292.954890913616,504.1687176589902
2.957008133517089,322.50114234335746,503.8723794451774
2.9576833123102437,888.8362397918881,503.57656872132713
2.9583584368228912,1358.796333772705,503.2813040327968
2.9590335613355387,1349.2508124248313,502.9865581625768
2.959708685848186,1614.2909656304857,502.6923256719204
2.960383804536908,2130.0085476612076,502.398618644138
2.961058907650319,1050.6784612956246,502.1054268915412
2.9617340107637298,487.74859446371573,501.8127529373066
2.9624091138771407,1764.7603586712842,501.5205903261986
2.963084207982911,1045.9566659657698,501.22893893293644
2.963759289698442,889.3723983457603,500.9378051011216
2.964434371413973,1742.3909931808769,500.6471690531817
2.9651094531295037,999.8347735302904,500.35705274382155
2.9657845226566955,1601.6274135717977,500.06744061314424
2.966459582975703,1021.8393113353039,499.77833255334696
2.96713464329471,1771.1960044187756,499.48972517212667
2.9678097036137174,959.8198212831306,499.20161693180114
2.9684847255194913,435.68980996736894,498.9140271097532
2.969159732353123,1231.414820190697,498.62693966452906
2.969834739186755,487.47904931488125,498.34041773936536
2.9705097460203866,117.66662521217825,498.0661666417405
2.9711847879498676,1931.1062096608969,497.909640477283
2.971859835288599,1104.8270111247525,497.7540563873912
2.9725348826273303,1845.7649708339488,497.5986142416655
2.97320992921917,1643.9578211453488,497.44330873337805
2.9738849253567436,404.52142995534814,497.288178052711
2.9745599214943175,1879.4529521590796,497.13318295710417
2.975234917631891,1268.213966871316,496.97833676296335
2.975909910287405,2785.634329059628,496.8236320765686
2.97658488503388,856.8316360813363,496.6690816617954
2.977259859780354,1585.9766364224813,496.5146652181508
2.9779348345268284,1055.05193987104,496.36039888101465
2.9786098026242573,1844.039246121449,496.2062850235458
2.9792847559809883,1818.1727265512418,496.0523110438766
2.979959709337719,158.16316836455863,495.8984807243451
2.9806346626944498,264.5104939610616,495.74478937789246
2.981309591519798,1010.9400246828143,495.5912605788001
2.9819844914081006,1527.9032941047933,495.43786560674965
2.9826593912964032,1543.5998369406648,495.28462557102233
2.9833342911847063,1631.069899181989,495.13152469914644
2.9840092156352997,1275.3271976268918,494.9785560647927
2.984684156025674,1315.5136470762939,494.82573000843786
2.9853590964160475,937.1609021344451,494.67304106548136
2.986034036806421,1666.027111644648,494.5204972887457
2.9867089385976358,2070.8057803390475,494.3681051003956
2.9873838277932694,648.9725480947874,494.21585878548825
2.9880587169889026,1248.686863759515,494.0637451238913
2.988733606184536,1479.4528137420216,493.9117748159615
2.9894084761011284,2037.7006906773247,493.7599552769603
2.99008334391244,1794.140777969501,493.6082684532671
2.990758211723752,1078.2637090115911,493.4567294266549
2.991433078487058,447.68275671503494,493.3053208855685
2.9921079249154032,1241.02753617215,493.1544400039343
2.9927827713437485,773.3717696795097,493.0605687348343
2.9934576177720933,1066.3658250681822,493.0516572684134
2.9941324537052334,756.3909104825065,493.043313666797
2.9948072466820896,1780.6116253927698,493.0349667104278
2.995482039658946,1626.7557008425174,493.02662369078547
2.996156832635802,1897.2675557799623,493.0182870340492
2.996831639519373,1670.688562090678,493.0099404794154
2.9975064729952714,1153.1004079391091,493.0015938128758
2.99818130647117,1439.9510397321078,492.9932524373917
2.9988561399470686,800.3231521325272,492.98491573148016
2.9995309483255665,1445.3819223117841,492.9767994979439
3.0002057306131413,939.4061828256656,493.0030553417125
3.0008805129007157,855.1683966004232,493.1067570195305
3.00155529518829,1670.5208379482183,493.2110396778047
3.002230057041346,1024.0293332579477,493.31539631309425
3.0029048072631066,1384.4116108891046,493.4198112862382
3.003579557484868,946.1883206501299,493.52428817491176
3.004254307706629,1942.0365926264253,493.6288357279366
3.004929041168754,1380.8007957521693,493.73344608316336
3.005603770014999,1175.3693594204758,493.83812743058877
3.0062784988612443,1329.307119601358,493.94287481342076
3.0069532277074895,511.2274793872438,494.0476854225137
3.0076279068224263,1360.9282982865825,494.152562533845
3.0083025822358067,977.633140838885,494.2574932535755
3.0089772576491867,1316.0166930601454,494.3625043487323
3.009651936184276,821.9259160372173,494.4675735446114
3.0103266520933674,1776.3505587100049,494.57271940777315
3.011001368002458,1114.649206587352,494.6779323191632
3.011676083911549,1975.7951942043737,494.7832076257217
3.012350788390448,960.0024150769981,494.88855523857524
3.0130254531182707,1788.429971430474,494.993961075253
3.013700117846094,887.6417113042136,495.0994435417665
3.0143747825739164,1023.6432972984394,495.2051427582693
3.0150494394027327,693.6015891937566,495.3352293934907
3.015724082760456,1311.2564752284493,495.47566831759525
3.016398726118179,213.0061434641999,495.61630497803634
3.017073369475902,1649.4341195169116,495.7570627427721
3.0177480018114533,1205.3063545859625,495.8979262264749
3.0184226238004306,2184.9937378711415,496.0389234818639
3.019097245789408,1146.8967617252745,496.18002895139034
3.019771867778385,1801.8207457395686,496.32125429227483
3.020446475625029,1563.089809919475,496.4626090699343
3.021121076246614,1951.7273154268416,496.60407611814975
3.0217956768681993,1633.052545822617,496.74566954334125
3.0224702774897843,1152.1203439589808,496.88737911781624
3.0231448349646888,1681.5545150438543,497.0292012686211
3.023819382173715,1747.4588732620412,497.17113551067615
3.024493929382741,1034.712601772788,497.31321006391505
3.0251684765917672,1272.7550958335498,497.4553929300526
3.0258430624071604,882.6618831837538,497.5977117892533
3.0265176501082625,1141.9636611528383,497.7401444448375
3.0271922378093645,1480.5108817762944,497.8827083266464
3.027866819390684,1412.638979688717,498.0253963868794
3.0285413452370546,1703.3568940532737,498.1681919593667
3.029215871083425,1083.9126879137045,498.3111066920616
3.029890396929796,2041.372069884572,498.4541519773052
3.0305649175544858,1149.0130194598191,498.597312921529
3.031239422039554,1125.292018080115,498.7405934594157
3.0319139265246227,1251.2866189326826,498.8840018963545
3.0325884310096907,1348.747860315808,499.0275438138933
3.0332629271679767,2128.9790848843904,499.1711914794183
3.033937410293096,1573.2671550374039,499.3149674137916
3.0346118934182145,408.3222539909049,499.45887255240666
3.035286376543333,1234.9888581830853,499.6028942901389
3.0359608310976016,767.3785358909233,499.74704320756604
3.0366352608287652,1441.6433630013219,499.8920863825044
3.0373096905599284,1401.1120828952685,500.11578907746514
3.0379841202910915,806.6528431898143,500.3403220333121
3.038658577556775,859.3518734316649,500.5651582382706
3.0393330477766827,283.9241151192818,500.79030359401514
3.0400075179965897,900.792918452414,501.01575655519724
3.040681988216497,1559.3163369912365,501.2415104518655
3.041356416229646,1874.7365143942066,501.4675594474945
3.0420308352830325,1498.2102202281303,501.6939059173459
3.042705254336419,1652.173372153439,501.9205593112966
3.0433796733898055,1310.619450709185,502.1475199047372
3.0440540717338247,1897.4119045405391,502.3747872655861
3.0447284694326724,1384.8860347498494,502.6023654921165
3.0454028671315196,2077.8899289014635,502.8302523517169
3.0460772623840824,1546.469707394344,503.0584489772276
3.046751638729743,1446.2846950550993,503.28694379715927
3.047426015075404,642.2732902104003,503.51574945937756
3.0481003914210643,1547.3803590561292,503.7448820810639
3.0487747539305228,1043.1083793003322,503.97430863432527
3.0494490768991316,1680.4326998208003,504.20403928037024
3.050123399867741,983.6748403174108,504.4340850638323
3.0507977228363496,1440.5354370078828,504.6644450965918
3.0514720578356247,1239.835538445164,504.8951311327749
3.0521464106152494,2192.7363740189285,505.1261241341699
3.052820763394874,1338.41239871667,505.35744990715983
3.0534951161744983,950.6564118633667,505.5890932764457
3.054169440932572,1530.567180889954,505.8210405812358
3.0548437425527264,809.8317721102018,506.05330261065075
3.0555180441728806,1592.9022438784928,506.2858898787944
3.056192345793035,987.5127830522663,506.5187838195253
3.0568666326419422,1370.288813723786,506.7520094320533
3.0575409129149933,951.7214527476981,506.98554779676937
3.0582151931880444,2376.694835568075,507.21954821467443
3.0588894734610954,736.2344658806247,507.47536706841197
3.0595637358878265,1704.4569490871809,507.7831954959849
3.060237994815126,852.2373604232992,508.09193429718056
3.0609122537424254,1500.8683046564593,508.4012427800567
3.061586512669725,2078.363221044184,508.71111865139613
3.0622607193035125,1116.730979125812,509.02154175182636
3.0629349248723456,662.0259905973918,509.33252650517727
3.0636091304411783,1109.2719262524965,509.6440927703666
3.064283341018421,102.25259913168453,509.95622817698035
3.0649575870696366,885.9460259537319,510.2689502272763
3.065631833120852,2034.667764906056,510.5822589786706
3.0663060791720675,828.8952762143867,510.89615211531617
3.0669803086995597,1088.688316234546,511.21060625644986
3.0676544929273706,1908.89508025625,511.52563238214134
3.0683286771551814,1750.9051275234078,511.8412331353078
3.0690028613829923,926.0055654216096,512.1574298530342
3.0696770368438764,1929.2386735368523,512.474194815523
3.070351199732016,1701.684699758961,512.7915649088219
3.071025362620156,1313.3373564151145,513.1095116811589
3.0716995255082957,568.5052921801449,513.4280516448088
3.0723736765694527,1293.7153381034727,513.747186844721
3.073047818119272,1885.9094234626464,514.0669203830249
3.0737219596690917,1344.805281250702,514.3872517429121
3.074396101218911,1528.097889467535,514.708174492175
3.075070227884684,1453.134521539591,515.029704977714
3.075744348097534,1245.781197854167,515.3518294967931
3.0764184683103846,647.5947987904733,515.6745610470143
3.0770925885232345,1154.8890599917142,515.9979014550255
3.077766663892915,1257.5473544139204,516.3218361959372
3.07844073076925,748.1811248316956,516.646361928471
3.0791147976455853,1959.9389086384808,516.9715231837555
3.0797888645219205,847.8746764723746,517.2972842862752
3.080462971214577,817.4355418054378,517.6233136762528
3.0811370785693564,512.9783722778027,517.892368628908
3.0818111859241357,2493.1591262023107,518.1178930425848
3.082485285465809,1216.4303876247432,518.3434292439665
3.0831593310099015,1675.4122415568736,518.5692183850686
3.0838333765539936,1414.8078454967415,518.795312172663
3.0845074220980857,2150.5506155432995,519.0217015423898
3.0851814619006475,662.9964955228232,519.2483874887263
3.085855486113847,1707.2525487549096,519.4753646552679
3.086529510327047,600.0204101278497,519.7026387565255
3.0872035345402464,1745.6878714979741,519.9302126640623
3.0878775499698508,654.4545475678904,520.1580734379629
3.0885515528535077,770.1608620158355,520.3862448359496
3.0892255557371646,2213.465164368515,520.6147004472804
3.0898995586208216,915.901428055455,520.843466700437
3.090573531949203,1436.2296996709342,521.0725235720895
3.0912474815149085,1073.0840552593731,521.3018676089696
3.0919214310806145,1494.2978936680215,521.5315240588968
3.0925953806463204,946.9081751572737,521.7614728129831
3.093269358404285,1457.4597418989413,521.9917426052828
3.093943348445103,695.2925826559076,522.2223278103662
3.0946173384859206,1860.0994518234684,522.4532085921115
3.0952913285267383,1774.900931338065,522.6843948439056
3.09596526674071,1585.530825446989,522.9158708676212
3.0966391949815972,1465.7054478103573,523.1476547209342
3.0973131232224844,1155.2638447220627,523.37974604841
3.0979870514633716,880.7353789166635,523.6121513004725
3.098660958792058,1445.8943010196454,523.8448453896973
3.099334865709476,699.9967967907111,524.0778423176008
3.100008772626894,1178.101854180382,524.3068365099675
3.1006826769285003,892.7982832051396,524.3205015015471
3.1013565625237987,1058.4512918049695,524.3327335594737
3.102030448119097,1664.5257576314698,524.344967027475
3.1027043337143954,1761.262847303334,524.3563697761065
3.103378205210598,1422.0527075418656,524.2427773097033
3.1040520375064995,1746.0199847015028,524.1041982956987
3.104725869802401,1129.3352997879228,523.9655664982924
3.1053997020983024,1579.5446147381099,523.8270441042064
3.1060735508284534,986.8997437386287,523.688640823577
3.106747423596134,1846.924905836989,523.5503360379552
3.1074212963638144,1097.9082217805774,523.4121237507552
3.108095169131495,1706.1696147205025,523.2740368318473
3.108769008070506,600.8930603566004,523.1360599276057
3.1094428190490095,848.70262903189,522.9982024792001
3.110116630027513,1542.879504030151,522.860443710521
3.1107904410060163,577.5152491916999,522.7228073450718
3.111464237299812,1340.3192877770803,522.5852815169807
3.1121380269622656,1859.6364632888592,522.447852179602
3.1128118166247196,1127.669040221376,522.3105363150743
3.1134856062871736,323.41207811465705,522.1733339332467
3.114159378254159,1967.3747827508398,522.036234501647
3.114833146601912,846.1119947020418,521.899242665858
3.1155069149496653,1804.8749762650066,521.7623686164194
3.1161806832974186,1838.7857523304376,521.6255962734131
3.1168543998895095,1833.5311527602494,521.4889373335895
3.1175281149564102,1343.4138384995997,521.3523961267665
3.118201830023311,651.2641127012565,521.2159515536994
3.118875549632538,815.3471739171767,521.0796184891416
3.1195493051678853,1232.7291946671328,520.9433859514259
3.1202230607032324,1642.6074799820822,520.807260072618
3.1208968162385795,1274.8175053484642,520.6712291052286
3.1215705561445577,1828.1609736024366,520.5353166250759
3.1222442499014766,1989.1867685702382,520.3995101637516
3.122917943658396,1397.2352976798013,520.263824783637
3.123591637415315,1756.575667853348,520.1282305292681
3.12426532278222,752.9600653789375,519.9927921479474
3.124938995230506,1083.2594321009208,519.863149286183
3.125612667678791,2232.609272472314,519.7838490374106
3.126286340127077,1170.8475780893798,519.7049158599631
3.1269600011895418,1289.6768997472816,519.6260183076671
3.127633652330542,829.4985005903709,519.5471523925535
3.128307303471542,1271.1390190356185,519.4683373152403
3.128980954612542,1815.6464185050183,519.3895477556397
3.129654591374895,2206.903630060822,519.3107951569399
3.1303282212099575,1854.9110423790914,519.2320884196448
3.1310018510450197,729.648390285717,519.1534076135076
3.131675480880082,2957.5644959983465,519.0747673562945
3.1323490672959684,1781.7226645497315,518.9961638451138
3.1330226438720823,1627.443403299111,518.9176017054266
3.1336962204481957,1639.0011756312554,518.8390795940552
3.134369797024309,1580.4499420151642,518.7605786762998
3.135043402081852,1503.1945721667266,518.6821285035878
3.135717008471391,1113.5449731878587,518.6037082583812
3.1363906148609297,1170.501685562184,518.5253134661046
3.1370642163835956,457.82073932273255,518.446970389966
3.1377377716584878,855.777859005404,518.3686476287778
3.13841132693338,1082.3445889188522,518.2903766057759
3.1390848822082718,1652.2023422909076,518.2121401928624
3.1397584324741055,2024.6220541166485,518.1339342541917
3.1404319664491234,1442.4708075368935,518.0557694962935
3.141105500424141,1699.2767991088213,517.9776467353529
3.1417790343991587,1782.2853608537716,517.8995375746833
3.1424525563939443,1119.9164697776437,517.8214789317763
3.1431260584216765,1516.286906009565,517.7434574673496
3.1437995604494087,1784.1252581841509,517.6654751031693
3.144473062477141,1496.002829622394,517.587534090785
3.1451465371056377,1527.1688599833233,517.5096227276013
3.1458199858946276,1231.171750086425,517.4317425128738
3.146493434683618,996.3788738128354,517.3535134400555
3.1471668834726083,1442.231116981711,517.2156379229004
3.1478403587226724,1874.2793773047724,516.965402213826
3.1485138479725343,904.2710955500409,516.7147873337099
3.1491873372223957,1004.6252117425743,516.4645213180977
3.1498608264722576,1380.4737761873748,516.2146278653236
3.1505342751829044,31.234582672808,515.9651073301842
3.151207713325156,843.9672718228205,515.7159645308188
3.1518811514674083,1477.8836856452726,515.4671611823917
3.15255458960966,1509.3463546584037,515.2187317510312
3.1532279979697004,1110.2512139942935,514.9706616920755
3.153901404173757,1663.5424824430668,514.7229605063922
3.1545748103778135,2206.695637895679,514.4756102991851
3.1552482150575965,1801.5287140694222,514.2286106537629
3.155921599971206,784.5440459210653,513.9819765428718
3.1565949848848147,1434.5287815683728,513.7357023520772
3.157268369798424,1306.5409855395021,513.4897766621376
3.157941743505381,1407.8685086805106,513.2442120262323
3.158615075198761,1653.3992328887239,512.9990067855873
3.1592884068921414,844.9111030801724,512.754156572767
3.159961738585521,1003.5400391177362,512.5096509945029
3.16063508440842,1901.0972594497678,512.2655053056235
3.1613084565593383,2111.645332939151,512.0216752703882
3.161981828710257,1929.6992247670282,511.77821403882905
3.1626552008611752,2380.265794008898,511.5350936484819
3.1633285428941584,1664.2427238335167,511.2923200806155
3.1640018533018024,2095.116069295154,511.04990764538417
3.1646751637094463,1312.7944697877097,510.8078428580257
3.1653484741170903,1307.4788495437824,510.56612267833077
3.1660217711934098,2288.2006908895733,510.32473990424455
3.1666950603166635,1445.431696611908,510.0837041057092
3.1673683494399167,577.5475328963745,509.84301380852435
3.1680416385631704,1562.9587165739263,509.6026683361824
3.168714911409779,1295.261882930715,509.3625866608489
3.1693881792499874,1111.3511617226109,509.11151830295614
3.170061447090196,1898.3199650381976,508.85271793206965
3.1707347149304046,1787.8583595061066,508.5942706335344
3.1714079347254023,1447.2545572169493,508.3362341797345
3.172081149363885,1059.886482759032,508.0785842619328
3.172754364002368,2193.2511621951785,507.82133126234123
3.1734275798655336,1099.7088792175923,507.5644687380199
3.174100824318582,977.2671103063526,507.3079804588975
3.1747740687716304,1330.456488205314,507.05189323258145
3.1754473132246788,1113.0444084018168,506.7961764815236
3.1761205485375115,2266.862837297115,506.5408546102314
3.1767937418976584,1529.4341468421314,506.2859451042814
3.177466935257805,1751.084767828873,506.03140460576986
3.1781401286179514,1808.4566094084903,505.77726130990914
3.1788133152381333,1780.657546479161,505.52348848346537
3.179486487321289,2240.589507414934,505.27011599039656
3.1801596594044446,392.82636204909943,505.0171197653282
3.1808328314876,835.6287881309875,504.7645064218605
3.1815059890653936,919.2573987748971,504.5122683150366
3.182179129235584,1230.6302294534773,504.260414557007
3.1828522694057746,966.6877531298303,504.0089456737195
3.1835254095759655,1536.8519083388205,503.75784809967934
3.1841985371499963,825.8451991925451,503.5071311902672
3.184871656046558,909.7259068945914,503.25679715682753
3.1855447749431196,1397.4239242057351,503.00682749876546
3.186217893839681,1423.5135478285042,502.7572348475216
3.1868909739399225,1619.4995237994924,502.50801898426147
3.187564039658294,2043.2415776854834,502.25918800174776
3.188237105376665,827.0857753613573,502.0107210836518
3.1889101710950363,1538.6757150728242,501.76262780228967
3.1895832626540703,812.9027874446667,501.514895913512
3.190256358187471,1375.770730211784,501.26751749467866
3.190929453720872,1206.4764937824734,501.02118868260385
3.1916025491061415,881.9749483929178,500.8758431690051
3.192275604189883,1234.4933873790037,500.75432170480155
3.1929486592736245,1806.6412311276088,500.633052429496
3.193621714357366,896.0926263012631,500.51185174304095
3.1942947634544088,1756.7849004959646,500.3907565110144
3.1949677760029913,670.1452186855936,500.26975072954843
3.1956407885515743,192.70696455042994,500.1488411709827
3.1963138011001573,2947.4557165896435,500.028008930179
3.196986807745677,1191.2874425679497,499.90726892921134
3.1976597990286963,1342.8759171358358,499.7866123845985
3.198332790311716,1624.763813132288,499.6660568333582
3.1990057815947353,1563.8494249262214,499.54557395985023
3.199678755258497,1774.4401039802076,499.4256949477869
3.200351704014421,2258.6168896076424,499.3833798161691
3.201024652770345,1179.506461712731,499.41182528752296
3.2016976015262695,1850.390048023198,499.44074852317243
3.2023705725594382,819.0125965176043,499.4696810326426
3.2030435617619912,1422.4366369135719,499.4986179573523
3.2037165509645438,1162.3378879194238,499.5275606390332
3.2043895401670968,1457.637350934362,499.55650767079317
3.205062486967887,1706.5007680934266,499.5854565946311
3.2057354144622794,1826.136771901227,499.6144098428697
3.206408341956671,1679.7384902440015,499.6433732683787
3.2070812694510633,1905.9621889872014,499.67234092638483
3.2077541794379805,1984.8378176878005,499.7013099474802
3.2084270856721835,1398.3598003981695,499.7302794919487
3.209099991906387,557.0923367077611,499.7592634653486
3.20977289814059,1629.1045624945607,499.7882479685665
3.21044576357114,1075.7371956538518,499.81723324206524
3.2111186272889958,1162.422215493995,499.84622817356745
3.2117914910068515,1038.4436126408586,499.87523157056773
3.2124643506562736,1523.3096309216908,499.9042224447548
3.213137171863154,1245.8545234323685,499.931278525893
3.213809993070034,2053.5213357136868,499.90919031080495
3.214482814276914,1791.0428833083688,499.8867595967295
3.2151556448441356,1525.3773979309906,499.8643319752982
3.2158285064940073,1361.6200330861277,499.84190693581985
3.2165013681438794,1706.0047067750518,499.8194983954303
3.2171742297937516,1074.6790164878933,499.7970797820149
3.217847068796984,1190.5996361049629,499.7746643901421
3.218519868750391,1390.912471511424,499.75225229143047
3.2191926687037977,1593.6553604316182,499.7298433533616
3.2198654686572046,1065.130445761142,499.7074514226777
3.2205382579274726,1175.8651690162822,499.6850485365076
3.2212110366287487,748.7696038457317,499.6626490482577
3.221883815330025,1091.5309482085174,499.64025802521394
3.222556594031301,835.3975328469327,499.61787777656025
3.2232293591706727,1520.3302747847501,499.5954885201392
3.223902116621161,2289.0991652417365,499.573106285202
3.224574874071649,543.4146385589639,499.5507321398123
3.225247631522137,864.8987882099485,499.5283509698483
3.2259203396626037,1849.5999250937166,499.50597902616477
3.2265930333687813,1450.9232548093032,499.4836095865156
3.227265727074959,287.69792053066055,499.461252814164
3.227938420781137,1309.983009245548,499.4388856688466
3.2286111512292726,1410.76303964153,499.416524396719
3.229283885374805,1292.6341690391696,499.39417684834837
3.2299566195203377,1231.393376798393,499.3718231711835
3.2306293509852333,1929.6695639253962,499.349466763946
3.2313020234459917,142.17096105830223,499.3271285012146
3.2319746959067506,2236.7232773544015,499.30478438386865
3.232647368367509,1502.839884068967,499.2824430734669
3.2333200370394986,679.6224480230579,499.2601006511744
3.23399268825618,1390.0905512611967,499.23777912830866
3.2346653394728615,923.6600634621954,499.2155334285676
3.2353379906895428,1202.6396245719818,499.20607618428465
3.2360106352549036,2016.027217236401,499.23614933972107
3.2366832652288497,1836.4492350728501,499.26650167553396
3.237355895202796,971.2819819717835,499.2968647846767
3.2380285251767416,1403.4762954319422,499.3272194411429
3.2387011456397707,1245.562184335364,499.357589140868
3.239373754372323,1798.9804380616283,499.3879672770795
3.240046363104875,1753.8895538264646,499.418342852304
3.2407189718374276,1558.491541244183,499.4487332594126
3.241391543469644,1558.5201936261342,499.47912000191957
3.242064088486064,2009.907627370084,499.50950788492713
3.2427366335024836,1585.4913918741383,499.53990594291975
3.2434091785189034,1563.0462158587322,499.5703138291832
3.244081752504277,1463.1470213629323,499.600718752531
3.2447543379558086,264.12195197020617,499.63113314315603
3.24542692340734,1148.6092909934791,499.66156660299987
3.2460995088588716,428.31201339538853,499.6919869110634
3.246772041861327,650.7369557064732,499.722417936116
3.247444565641718,1156.8003453785504,499.7528502272588
3.24811708942211,1671.9115572837557,499.7832968214722
3.248789613202501,2092.731866528867,499.81374554841597
3.2494621160774053,1292.0171829505907,499.8441942218534
3.2501346186231097,384.5887155455335,499.8746534682081
3.250807121168814,1991.9609761120541,499.90511767356156
3.251479621200316,1133.7201331894526,499.93557862418834
3.2521521025126736,1788.1668920826262,499.96604948363347
3.252824583825032,1471.2351929114554,499.9965309493723
3.2534970651373896,1729.5774427925726,500.0270172446639
3.2541695303868003,908.6287174219249,500.0575091717249
3.2548419480071638,980.34361770692,500.0879948935322
3.2555143656275267,1253.5918340349592,500.1184978191776
3.2561867832478897,1227.7702099211938,500.14899355201624
3.2568592164594428,374.75603915776725,500.1795854394196
3.25753167451128,327.1635095045448,500.22186254728894
3.2582041325631175,1820.5677498469104,500.2789947445613
3.2588765906149546,1899.5394186049098,500.33624620334666
3.2595490166704106,1572.8633025875345,500.39351126778564
3.26022141306279,2228.789643005305,500.4508057399545
3.260893809455169,696.1844231563515,500.5081103430387
3.2615662058475476,1646.5642279986596,500.5654310032741
3.2622385883954497,1128.9914908755761,500.622786169025
3.2629109635611853,1227.7294986461204,500.6801454633745
3.2635833387269204,1305.7096814290576,500.73753471715685
3.264255713892656,2023.4452962832565,500.79493424184744
3.2649280723880296,1168.1779867812288,500.85235505375516
3.2656004263284615,1578.4374917328307,500.909798695141
3.2662727802688933,1127.20775778007,500.96725827015086
3.266945134209325,1033.164940834393,501.02474235186736
3.267617429673553,2440.2026111489604,501.08224241778305
3.268289719946114,675.6229319875922,501.1397527994538
3.268962010218675,1169.8225120863158,501.1972919426878
3.269634302559017,1309.0717217659742,501.25485506993806
3.270306633259415,1568.14256521575,501.3124266912618
3.2709789639598124,1348.555251465981,501.3700254704259
3.27165129466021,1543.1417806434479,501.42764933791466
3.272323614034935,1115.361754866191,501.4852886093339
3.272995883087552,1933.8562557575206,501.54293925959814
3.2736681521401683,1331.3947514698223,501.6006139457443
3.274340421192785,2032.7228441339453,501.65830378773484
3.2750126835342925,876.0028898317477,501.7160197363123
3.2756849313683047,1737.1409675794634,501.7737591608199
3.2763571792023165,2008.0344214410502,501.8315090372274
3.2770294270363283,1650.7670560177091,501.8892761019254
3.277701665349507,1777.879282165643,501.94707579162923
3.2783738919662535,946.65924289344,502.00488591435936
3.279046118583,1090.023124364083,502.0627545393022
3.279718345199747,1360.7450233156012,502.1262751440862
3.2803905348359876,1365.9686529938092,502.19317596255166
3.2810626978089736,1910.9369882678857,502.2601100534733
3.281734860781959,1725.6216078195669,502.3270855646928
3.282407023754945,2161.8395513679543,502.39408665485473
3.2830792155508983,1859.8511469854382,502.4611098341827
3.2837514189480834,1104.9363205241639,502.5281643253947
3.284423622345268,1392.8035502809585,502.59524603035624
3.285095825742453,1485.333189363697,502.6623541520719
3.2857679770664565,1122.9640108724761,502.7294841316104
3.2864401188275334,1618.760339869251,502.79664557877504
3.2871122605886103,884.7618094062282,502.86382139038864
3.2877844023496867,1411.0769449742147,502.9310365127903
3.2884565233947267,2043.7871095132562,502.99827368143434
3.2891286439452334,883.7797383918914,503.06552931747245
3.2898007644957397,1185.5453010044894,503.13281559635107
3.2904728827471987,1892.891243866373,503.20013336842055
3.2911449820884737,1457.7743065102795,503.26747020311143
3.2918170814297483,1491.815873194286,503.33484175390845
3.2924891807710233,1068.0087198042804,503.40223565658994
3.2931612699332447,2411.504270510399,503.46965189618265
3.2938333268600717,1723.6512221368873,503.5370960025237
3.2945053837868987,1269.6122860474704,503.6045659990589
3.2951774407137258,1244.7635879057864,503.6720586730405
3.2958494818924486,1273.4257334229308,503.73958377809686
3.2965214964101808,1330.3299349564018,503.80713485754603
3.297193510927913,1974.4699801424715,503.87470402970405
3.297865525445645,1651.7314444726646,503.94230916614185
3.2985375602720364,1772.2054876901138,504.0099420450238
3.2992096152097234,693.9635868404245,504.07759725812093
3.299881670147411,1258.762581907797,504.1502819188531
3.3005537250850985,1379.566295795667,504.9738544683116
3.301225740989689,1459.0288539439675,505.9629901819709
3.3018977343048803,1346.0161903522567,506.2273766490374
3.302569727620072,879.5579353623647,506.31019957178415
3.303241720935264,1319.781128368313,506.39189485835703
3.3039136980441652,953.3828002355189,506.47361507526796
3.304585670158154,1252.4891587986265,506.5553813633397
3.305257642272143,1522.5879662379825,506.63718205320083
3.3059296143861325,1185.3007529113622,506.7190236197018
3.3066015485423814,1319.2083959584522,506.8009059180851
3.307273478257979,1044.014835041046,506.88282736706424
3.307945407973576,1251.1901737724013,506.964790587585
3.3086173365920875,1692.8905472781562,507.04679280474244
3.309289223914643,1594.4937283569218,507.1288260987428
3.309961111237198,1908.2462279980061,507.21090568973045
3.310632998559753,1123.219398630187,507.29301988547087
3.311304892197358,841.4713808787438,507.375180546341
3.3119768199362305,1267.1954070700817,507.4573757596005
3.3126487476751034,2007.2462330237179,507.5396264227016
3.313320675413976,1492.316944976832,507.6219133363717
3.313992585501405,826.7660782894113,507.7042398174337
3.314664451629445,807.0228979005404,507.78659267300634
3.3153363177574855,1493.7834077873813,507.8689923677014
3.3160081838855255,1788.4937932250998,507.951426920907
3.31668004118135,943.7623664017739,508.03390226918793
3.3173518861162123,1936.2225331353618,508.1164335016591
3.3180237310510745,1339.5407996200515,508.1989903191411
3.3186955759859367,1474.8341139605493,508.2815926749437
3.319367397742954,1308.1086141011408,508.3642280037312
3.320039200295471,1769.2318546747533,508.4469026499106
3.320711002847988,2659.6965088151182,508.5296232776778
3.321382805400505,1083.537840351299,508.61238045174247
3.3220545792740572,665.7285270991499,508.695178265142
3.322726339449576,1478.8388713724512,508.7780077902141
3.323398099625095,2403.15249073712,508.86074312838235
3.3240698598006135,1554.9115978416921,508.92309556367024
3.3247416354795716,1363.1262082552205,508.9847445497674
3.325413414880669,1529.3359657459926,509.0464063406502
3.3260851942817666,1768.3029244525264,509.10809029197395
3.326756973682864,1654.0953705079748,509.16980054722615
3.3274287152667066,1419.3881494093016,509.2315242275606
3.3281004542557313,1000.9477439470073,509.2932763615394
3.3287721932447556,1417.142686263615,509.35504443240075
3.329443929466763,1153.6446070084958,509.416835264407
3.330115626086808,1285.8234741296633,509.4786522534543
3.3307873227068527,1536.97222149788,509.54047816696357
3.3314590193268976,1538.9150509353099,509.60233687313587
3.3321307118252528,2289.34021436189,509.6642173214088
3.3328023872628116,1674.2139313170433,509.726115009662
3.333474062700371,1422.0635955719076,509.7880345754351
3.33414573813793,905.3943897935422,509.8499820991807
3.3348174067185057,842.3180449719679,509.9119435171476
3.3354890609749153,1341.9810542890655,509.97393580623105
3.3361607152313244,1105.3804654886146,510.03594123649015
3.336832369487734,1626.4638188340007,510.0979731464034
3.337503994977917,1730.806563560253,510.1600233384544
3.338175585698892,367.79892141271364,510.2220972659357
3.338847176419867,1584.209091315001,510.2841875040143
3.339518767140842,1792.5354783263185,510.3463055499581
3.340190381355773,642.0392249273234,510.4084412172864
3.340862012484576,1954.6800990820427,510.47061489535974
3.3415336436133796,1015.354311987703,510.5327997104653
3.342205274742183,1879.2249541806427,510.5950128143753
3.342876862149011,1070.6483283741609,510.6572340379667
3.343548431694179,1285.096224585591,510.7194884377089
3.344220001239347,2341.321570819888,510.7817597437707
3.3448915707845144,45.565820156410034,510.84408056920904
3.345563122574867,834.5582961417358,510.9110341497082
3.3462346709455635,1458.2979885344594,511.0080277582092
3.3469062193162595,1935.7695194011526,511.105273763388
3.3475777676869556,1514.561545387549,511.2025708367245
3.348249295584945,1384.6728449278655,511.29992221621336
3.348920822782505,1646.7276866473846,511.3973348303257
3.3495923499800644,1344.9179470074212,511.4947967841117
3.3502638711303963,1418.9783610686334,511.59230364982767
3.3509353348165565,2117.8940527951995,511.6898775782301
3.3516067985027163,2339.975514746831,511.78748623798543
3.3522782621888765,1171.823146750536,511.885164899788
3.352949734891011,1117.443121616754,511.98289860967714
3.353621238981361,1522.2654839772495,512.0806897039266
3.3542927430717113,1515.3303111517164,512.1785403823417
3.3549642471620613,1056.7124760598265,512.2764418372657
3.355635729643591,1008.8761477963434,512.3743998069075
3.3563071721619537,1100.079031945841,512.4724030494351
3.356978614680317,1424.9612293994776,512.5704668642043
3.3576500571986805,1236.139711776875,512.6685764486103
3.358321489583393,1318.3120092591262,512.7667472934644
3.358992910935294,1871.6288581820118,512.8649853625784
3.3596643322871946,682.7125844063423,512.9632628153382
3.3603357536390956,1670.0025192031967,513.0616020794791
3.3610071493208205,1196.3042943250243,513.1599918935314
3.3616785283438,1389.1579473653055,513.2584383414448
3.3623499073667795,1867.2101553166494,513.3569419988941
3.363021286389759,1108.3947906898848,513.4555013939922
3.3636926343520215,768.7757085729984,513.5541017489409
3.3643639710514166,804.0672463126334,513.6527733565082
3.3650353077508113,982.9106667133684,513.7514915011902
3.365706644450206,820.5234921121831,513.8502668359912
3.366378015937869,1699.833818498866,513.949107922006
3.3670493930378154,1268.5809353481459,514.0479841873452
3.367720770137762,1960.0918953988,514.1434213174656
3.3683921472377083,1885.1804372278673,514.2297225860691
3.3690634635062366,-150.42565894791298,514.3159835330223
3.36973477904584,1354.8094245459092,514.4023008013362
3.3704060945854435,1647.3409692591354,514.4886621663338
3.3710774052488377,711.4498188818975,514.5750627191063
3.37174867847286,702.7430332397496,514.6615102527169
3.372419951696882,1992.3949448461638,514.7479860176927
3.373091224920904,1592.5486298400494,514.8345166386508
3.373762493023841,1603.3273420203823,514.9210795806292
3.3744337450920727,1584.0491073492103,515.0076954721012
3.375104997160305,1095.739058207696,515.0943451188725
3.3757762492285366,1127.0255787661579,515.1810398706453
3.3764474778945766,1057.691113092925,515.2677761421813
3.377118666503438,519.9619171638678,515.3545568028119
3.377789855112299,1112.7156046432815,515.4413802561729
3.3784610437211606,2075.1050515089846,515.5282442111073
3.379132252330928,1243.7776572139007,515.6151552467602
3.3798034813360958,2480.5859748658313,515.702110450873
3.380474710341264,982.325873107143,515.7891097398444
3.381145939346432,1572.7282687972486,515.876153431574
3.3818171301102633,1504.1809420615052,515.9632351699587
3.3824882975686674,1377.6959423617013,516.0503602522635
3.383159465027072,1504.4249193707249,516.1375248771807
3.383830632485476,1379.3718158730835,516.2247427492576
3.3845017841336706,1458.506599506234,516.3119866519578
3.3851729304429505,783.6962913251162,516.3992924030717
3.385844076752231,2133.756055084828,516.4866232335111
3.3865152230615108,936.7266206859464,516.5740177047854
3.38718635089487,2063.173574767121,516.6614456154973
3.3878574760563582,1132.014002591656,516.7489101144569
3.388528601217847,1013.7869736106613,516.8364268981942
3.3891997263793354,986.370927538267,516.9240463506181
3.389870830402109,2126.9048212913203,517.02053144392
3.390541934417139,856.2230271864273,517.1299111349745
3.3912130384321686,1405.8851110401424,517.2394279926945
3.3918841344873036,836.4408874837096,517.3490361014779
3.3925551750709517,1953.7946941665398,517.4586869946012
3.3932262156546003,956.0629523760956,517.568413826248
3.393897256238249,886.9799977641505,517.6782198775703
3.394568306959358,845.7453058450142,517.7880862147316
3.3952393879350673,1788.1656055155909,517.8980386865053
3.395910468910777,2798.1539152850714,518.0080577564
3.396581549886487,1383.4069413839377,518.1181351031369
3.397252607704625,1976.7390196688884,518.228288793702
3.397923627147144,1200.624410560606,518.3385122818296
3.3985946465896633,1175.3383396764275,518.4487913737844
3.399265666032182,1536.4892391244325,518.5591571390785
3.399936674868675,1721.9862666474166,518.6695892578987
3.4006076731713972,1887.2564359456223,518.7810393852328
3.401278671474119,1375.0801698613334,518.8926695221949
3.401949669776841,1473.1075376807316,519.0043614930747
3.402620641574744,1136.442994880485,519.1161362950007
3.4032915976018674,1389.094193886331,519.2279672836012
3.4039625536289906,1156.0144455411255,519.3398819705371
3.4046335096561138,1579.9766896399053,519.4518642612827
3.405304433897974,1039.250058884665,519.5639097377144
3.405975347654825,953.2529113790785,519.6760376904682
3.4066462614116766,1693.8594905742975,519.7882278872086
3.407317175168528,1482.1094695130223,519.9005005385808
3.4079881058061274,826.6942519696979,520.0128374355919
3.408659038817656,1252.0467645067265,520.1252572107884
3.409329971829184,1418.5628444977744,520.2377406678271
3.410000904765615,1368.4957357725827,520.3503073636965
3.4106717762575203,1567.2287927322227,520.46293543279
3.411342647749425,1614.678367634569,520.5756287849578
3.4120135192413303,1848.8873767013786,520.6882526528999
3.4126843880764492,1792.4118686508325,520.8008148386999
3.413355238437878,1705.5210981191915,520.913444163239
3.4140260887993064,1619.3899588320805,521.0261419722907
3.414696939160735,1774.9467228121034,521.1389171861153
3.4153677842372985,1919.6255367527704,521.2517654220871
3.4160386134695817,1181.691076124417,521.3646771820631
3.4167094427018654,1383.1852129037352,521.4776767768631
3.4173802719341486,891.3927399389104,521.5907289699531
3.418051077437822,1421.7997415843638,521.7038751264325
3.4187218432906548,1001.6449358493111,521.8170730547627
3.419392609143488,2397.9197987656034,521.930340283277
3.4200633749963205,961.8301507228367,522.0436862245127
3.4207341609722257,1373.6166563988643,522.1571058760255
3.4214049672092353,2564.451386193362,522.2706199537333
3.422075773446245,738.721533659012,522.3841861194478
3.4227465796832544,1776.8606780516443,522.4978325882979
3.4234173476579635,1892.9125390668848,522.6115474961917
3.4240880923869743,690.4619960602718,522.725335856616
3.4247588371159847,1364.705735531889,522.839199017398
3.425429581844995,1338.5495808892545,522.9531350120693
3.426100310819803,1377.0506415342165,523.0671357440863
3.426771034426322,1234.2901829380555,523.1812168067429
3.4274417580328405,370.42937256723803,523.2953650051871
3.428112481639359,1320.9783692890594,523.409599913627
3.428783168517046,184.53494243892473,523.5238968712463
3.4294538498825715,548.1591710614954,523.6382707359662
3.4301245312480972,1281.9892717787932,523.7527175258059
3.430795212613623,1278.9615695125663,523.8672351237337
3.431465852042508,1274.705180097493,523.9818158240191
3.432136491172361,1181.5479767408126,524.0964831244908
3.432807130302214,1286.9204250920077,524.2112192930628
3.433477771668413,346.981498701511,524.3261729364652
3.434148430062355,1037.5080486029913,524.4618152795832
3.4348190884562975,1981.7632125771206,524.6092501969516
3.43548974685024,1858.8050812485208,524.7568989541431
3.4361603955928266,1114.2162179683812,524.9046608573495
3.4368310136068376,879.8002121268681,525.0525414864064
3.437501631620849,814.2316701826387,525.2005487353622
3.4381722496348606,1356.5953736144968,525.348685175148
3.4388428523598895,1522.8989614062866,525.4969311912145
3.4395134281462068,284.4819165434753,525.645309343305
3.4401840039325235,504.8406021283489,525.7938067048942
3.440854579718841,1149.8230529001817,525.9424299864424
3.441525145268795,936.3105015420848,526.0911742124299
3.4421956999432592,1013.4157880700776,526.2400597606402
3.4428662546177233,1469.3713574547176,526.3890567353685
3.4435368092921874,1724.222158829801,526.5381804008218
3.4442073511410802,1092.026714660496,526.6874354801714
3.4448778847050208,1501.677352812061,526.8367966562656
3.445548418268961,835.5647234168844,526.9863058742095
3.4462189518329014,2178.6093390407023,527.1359378222932
3.446889439164123,2010.436071471522,527.2856806731495
3.447559909404467,2129.796809919293,527.435555143375
3.4482303796448104,1456.032747180948,527.5855533068423
3.4489008498851543,1155.9337118706926,527.7356778133748
3.4495713545374893,2222.7538099035182,527.8859490835496
3.450241865153518,1849.9684739022682,528.036332519658
3.450912375769547,1627.1281455188011,528.1868549644661
3.4515828863855753,2154.2606441984167,528.3375065337398
3.4522533370967596,1662.1488438016627,528.4882746344226
3.4529237862318958,1762.4024861283071,528.6391626041959
3.4535942353670315,528.3331577516958,528.790188852224
3.4542646804319674,1656.062180759028,528.9413409291565
3.4549350873606737,971.4444993651007,529.0926154212481
3.4556054942893804,1638.381528515936,529.2435462267114
3.4562759012180866,1188.7261849445183,529.3235210551815
3.456946303541204,1680.8067202758555,529.3783073545882
3.457616689368688,764.3892459158855,529.4329348187723
3.4582870751961723,1660.568095435126,529.4875737452653
3.4589574610236564,2084.292715202432,529.5422403488666
3.459627825332767,2024.019009683674,529.5969191719282
3.460298147864554,338.8751825752485,529.6516039249196
3.460968470396341,1443.2844843668722,529.706312352505
3.461638792928128,1382.5398268647766,529.7610425609536
3.4623091340834096,1300.84189820728,529.8157845585573
3.462979496986635,945.859436939554,529.8705428421952
3.4636498598898613,1945.821101565218,529.9253236658785
3.464320222793087,1654.309926585168,529.9801221353638
3.4649905498903815,1300.5822808556848,530.0349317813362
3.465660851326259,1161.8061979734734,530.0897545250567
3.466331152762136,2347.4506183412323,530.1445989645275
3.467001454198013,1400.6463903241274,530.199454698213
3.4676717407888877,2315.918976177424,530.2543385481298
3.4683420211301828,108.33809044906569,530.3092285785726
3.469012301471478,1193.920489913109,530.3641474665163
3.4696825818127737,1724.7011819506913,530.4190678430801
3.470352844755739,1680.4790688006622,530.4740097304799
3.47102310400378,393.38489542705975,530.5289738831837
3.471693363251821,1100.1978659601568,530.583950111836
3.472363622499862,1355.0146548838695,530.6389382004373
3.473033821905387,208.40188096957485,530.6939432480292
3.47370401788163,556.4404972327799,530.7489709776962
3.474374213857873,1301.269354095511,530.8040119753289
3.475044411114378,1306.9577696100366,530.8590690982295
3.475714626369869,1459.0831597620959,530.9141433627422
3.4763848416253595,1233.3307623271203,530.9692347047788
3.47705505688085,2094.3753935994355,531.0243489340354
3.4777252645970576,1522.6232849820667,531.0796335924446
3.4783954394853556,1264.2401876209926,531.1579564300039
3.4790656143736536,909.1800079229865,531.2411730079498
3.4797357892619516,1872.617500506694,531.3244666283161
3.4804059511928895,1567.7562832994804,531.4077878585134
3.481076083909279,1896.803118191234,531.4911530768009
3.4817462166256683,1455.0352387899295,531.5745504608551
3.4824163493420572,2040.5613830019731,531.6579938459075
3.4830864730452578,2455.4876460639844,531.7414757822318
3.4837565846776832,817.9653018567512,531.8249805076039
3.4844266963101083,1199.9991845121015,531.9085404181426
3.4850968079425333,672.5711222496728,531.9921326593674
3.4857668849421115,1020.3076103713802,532.0757541601844
3.4864369333306033,1240.0443116805427,532.1594204949339
3.4871069817190956,1261.3153351622975,532.2431191061222
3.487777030107588,2070.1233090469,532.3268637415322
3.488447105433036,1328.1420416247754,532.4106413610871
3.4891171941850807,1645.155839688333,532.4944697905703
3.4897872829371255,1412.873992818342,532.5783307283218
3.4904573716891703,1709.0748221065026,532.6622377842488
3.491127412086975,930.3163671577734,532.7461731739456
3.4917974393968088,1882.2549944399236,532.8301458347821
3.4924674667066427,1557.8874571728677,532.9141597930533
3.4931374940164766,1013.1731456092341,532.9982133417682
3.4938075022172597,1034.013864117118,533.0822987383332
3.4944775084497612,1652.1391360739901,533.1664312173278
3.4951475146822633,1011.4012921244105,533.2505914311425
3.4958175198136607,381.15294569168236,533.3348015092797
3.4964874838954763,823.0537485618127,533.4190460998167
3.4971574479772918,863.8475022249382,533.5033242835462
3.4978274120591077,1343.5748477609143,533.5876483175538
3.498497373077158,1208.5992857890633,533.6720001042553
3.499167316085619,844.1574328689064,533.756408926021
3.4998372590940803,1097.063792361616,533.851517383776
3.5005072021025416,1942.3475140535104,535.5413613589998
3.5011771283897333,1315.7230042194715,535.6636922876689
3.501847008186085,2208.9636424757437,535.7754821348117
3.5025168879824364,1447.938613297451,535.8873462535088
3.503186767778788,1880.7729556405498,535.9992882159406
3.503856663044661,1407.3077343781772,536.1112871301914
3.5045265831997114,1604.636033889383,536.2233739812983
3.5051965033547625,1548.259472673637,536.3355274111699
3.5058664235098136,1630.2075268738226,536.4477546674245
3.5065363128315146,1459.79730813555,536.5600376752143
3.5072061715598135,853.4051623068038,536.672389556414
3.507876030288113,1031.3621029455662,536.7848122459353
3.508545889016412,1285.8648123754065,536.8973189815625
3.509215734670585,1981.0755584751416,537.0098828500503
3.509885572332157,1979.7118185740526,537.1225126470218
3.5105554099937284,1832.012394421285,537.2352205441038
3.5112252476553003,1837.0608316219066,537.3480034629843
3.511895054177468,1925.1341053622366,537.4608299055601
3.5125648497095603,1390.688150771774,537.5737493956766
3.5132346452416523,1024.502984651298,537.6867297399614
3.5139044407737448,2954.5516663462186,537.7997868660775
3.5145741821302496,995.8511837803012,537.9128983078999
3.515243914478058,1482.301262038046,538.0260922991297
3.5159136468258665,860.0166181676555,538.1393469636387
3.5165833791736745,2357.1269901062565,538.2526785116086
3.517253150880867,2877.893507656556,538.3660881506373
3.5179229235831277,1464.682419020139,538.4795696673544
3.518592696285389,705.633928354298,538.5931220610952
3.519262463267643,986.3385867006133,538.7067535576343
3.519932174556672,909.5402104782328,538.8204284065379
3.5206018858457013,704.9569006139353,538.9341915668998
3.5212715971347306,1213.9681508930912,539.048027317283
3.5219413039819534,1231.0917469157212,539.162273215709
3.5226109942135277,781.8449881183755,539.3277503357814
3.5232806844451026,1841.1290277020623,539.4951939015643
3.5239503746766774,2024.00385318906,539.6628092461216
3.5246200510700385,769.5773038806732,539.8305706654405
3.5252896991906764,2048.349489391269,539.9984930447699
3.5259593473113138,511.18236775577145,540.1665622575065
3.5266289954319516,1483.298972907287,540.3347926732554
3.5272986247715816,528.5289093705603,540.5031758751404
3.527968230786578,1316.3813204543967,540.6717033103191
3.528637836801574,1122.545745158365,540.8403994946343
3.5293074428165703,1305.9753867758252,541.0092433717368
3.5299770597015976,1510.1911006070864,541.1782572796099
3.530646685015964,1521.625341421589,541.3474293151235
3.5313163103303307,102.12148022134353,541.5167600009268
3.5319859356446974,435.19213953774295,541.6862504729233
3.5326555191964633,1171.480522574182,541.8558869933643
3.5333250831111127,2129.8779336888942,542.0256714491055
3.533994647025762,1025.1826960432034,542.1956270635651
3.5346642109404116,1664.2537619826785,542.3657369872685
3.5353337580771473,1778.8587980473508,542.5360066784245
3.5360033009436087,1905.2154162135112,542.7064299351919
3.53667284381007,1842.7861495617042,542.877015339487
3.5373423866765314,620.9241468355241,543.0477667119557
3.5380119103074117,1351.0385801361872,543.2186741220719
3.5386814321270084,1469.3345063046386,543.3897373783489
3.5393509539466046,443.99264929130663,543.5609657124445
3.540020473831839,1247.090806177888,543.7323523454437
3.5406899325187786,419.2842430971519,543.9038878142948
3.541359391205719,1272.9659365587574,544.0755795604398
3.542028849892659,643.7524810214842,544.2474399179952
3.542698314509441,1389.904913427115,544.4194703592959
3.5433678135429463,1213.966257552618,544.5916448429589
3.5440373125764513,384.5753402783407,544.7615440454255
3.5447068116099563,1118.584271227808,544.8578489013208
3.545376294487111,261.1798565468717,544.9537173768899
3.546045732132478,882.7345227484836,545.0496240529502
3.546715169777845,1345.8466859477155,545.1455648880889
3.5473846074232123,914.1428591564643,545.2415671488583
3.548054029103969,1651.0048811385734,545.337631729481
3.548723424670158,1170.2656024382068,545.4337361936318
3.549392820236347,1968.6853372422129,545.5298797196177
3.550062215802536,488.6496446192592,545.6260852468346
3.550731600947509,1895.7203942645085,545.7223307644769
3.5514009754760925,1261.9200714441756,545.8186440165443
3.552070350004676,442.28821305098865,545.9149907984142
3.5527397245332595,1404.209635574644,546.0113885841431
3.5534090862043395,1328.0717229478025,546.1078499231837
3.5540784396966396,1840.8444916264498,546.2043499659891
3.55474779318894,2063.4913663955026,546.3009012263221
3.5554171466812408,1297.5961368116148,546.3975036853685
3.556086454303673,1495.8238659298481,546.4941555864763
3.5567557446950566,761.5943777431949,546.590860609975
3.5574250350864403,152.9077643947906,546.6876112257811
3.558094325477824,1444.6370813716026,546.7844073216047
3.5587636321338256,1494.890235344787,546.8812666629648
3.559432941835318,2221.1088053382523,546.9781700156584
3.5601022515368106,1407.146453114843,547.075126554801
3.5607715612383033,1001.0562871303442,547.1721401883075
3.561440812183569,810.6460366108514,547.2691930315988
3.562110060514284,2326.8973309667513,547.3663029284915
3.562779308844999,1105.7296336125464,547.4634541689397
3.5634485556509525,510.64606449449246,547.5606570145458
3.5641177829533155,1340.8817169383824,547.6579285602326
3.5647870102556785,980.6516778151113,547.7552279248004
3.565456237558041,966.4743902133633,547.8526043521604
3.566125460917836,1588.2912915208417,547.9521300528504
3.566794667193168,656.9473970969337,548.0780192408752
3.5674638734685002,1344.2653430550972,548.204193135273
3.5681330797438324,1630.8308024779255,548.3304528058073
3.5688022669478476,1973.2206015978213,548.4567886763404
3.569471410150016,1303.5099886235382,548.5832047552029
3.5701405533521835,1571.231729119731,548.7097085776105
3.570809696554351,2299.0335102269196,548.8363067777044
3.5714788478084114,1107.2582723858682,548.962998009949
3.5721480103256895,944.4307243753251,549.0897654396142
3.5728171728429676,1603.4161421734934,549.2166287624829
3.5734863353602457,1340.38283151389,549.3435793104459
3.574155476453493,1548.9751901913573,549.4706114612818
3.5748245986339144,1328.6261962973417,549.5977319870576
3.575493720814336,722.8929438832465,549.7249410682515
3.5761628429947576,896.6433057916681,549.8522446248276
3.5768319380383344,1517.8955460748855,549.979613156679
3.577501018179226,1540.8107400630008,550.1070912060185
3.5781700983201175,1020.9124631947856,550.2346363649269
3.578839178461009,452.4537424062089,550.3622865182367
3.579508242635876,1544.6324395235565,550.4900166239287
3.5801773017589835,2038.8356643724455,550.6178293860708
3.580846360882091,2018.4401085956913,550.7457349965017
3.581515420005198,1589.4798285956078,550.873743122043
3.5821844240482097,1358.5578319178617,551.0018124764657
3.5828534201258866,1249.0260796840982,551.1299769808512
3.5835224162035635,1222.6574904048969,551.258235694304
3.5841914122812404,1221.4953311309341,551.3865705894501
3.5848604481800903,1345.2081887033298,551.5150142946299
3.585529484590983,818.602894693529,551.6435502774966
3.5861985210018754,2291.5337781468065,551.7721695939115
3.5868675512272747,1953.2960210516849,551.9008801180013
3.5875365262924483,481.7189798509618,552.0296819255616
3.588205501357622,633.0809363633693,552.1605471551147
3.5888744764227956,2730.8933825238846,552.3089001630223
3.589543442480528,1449.2450608002073,552.457477863524
3.590212375524655,837.8315166371711,552.606191777942
3.590881308568782,1970.006730595501,552.7550085228761
3.591550241612909,1937.410488331867,552.9039473419068
3.5922191677738655,831.7150847166081,553.0529993395521
3.5928880798094482,1901.464722318735,553.2021758666206
3.5935569918450314,720.1717513095552,553.3514726298743
3.5942259038806146,1127.0872884912121,553.5008736173177
3.5948947881382476,1142.1572028905625,553.650409659817
3.5955636371561157,1828.951856885965,553.8000488045279
3.5962324861739843,1748.874923090108,553.9498059401944
3.5969013351918524,379.66768665697896,554.0996988112603
3.5975702065353885,1108.3595001477443,554.2497042783322
3.598239095882225,1286.1626726529707,554.3998407480173
3.598907985229061,2049.1259430031473,554.5500922611637
3.5995768745758974,1927.9383523753463,554.7004720184613
3.6002457230595333,742.7126335828498,554.8509606022709
3.600914551074135,2233.300323459469,555.0015742964175
3.6015833790887375,2279.8352815418257,555.1523036069217
3.6022522071033394,505.2500800255962,555.3031558497117
3.602921002400847,1657.9220741476906,555.4541298921066
3.603589788412873,1550.2294469420578,555.6052060917525
3.6042585744249,768.1524797314455,555.7564226737429
3.604927360436926,1907.1383637273186,555.9077521272671
3.6055961277310615,1220.0646844981204,556.05920384714
3.6062648927437784,1839.204996218287,556.2107890801278
3.6069336577564948,1000.2704915558986,556.3624830376418
3.6076024226154226,1371.3823745987495,556.5143014015439
3.6082711456334757,1984.9069031143335,556.6662388945565
3.6089398686515293,1436.487594965114,556.8183047115275
3.609608591669583,1159.711894730869,556.9705018127604
3.6102773098285126,688.6063210742444,557.125765554464
3.6109459908571764,253.95971971950556,557.3027811863423
3.61161467188584,671.6124799228751,557.4801319298382
3.612283352914504,1471.5292975238224,557.6576402633167
3.6129520383416773,1300.4628237056943,557.8353177751603
3.6136207387011297,1561.6959782037914,558.0131679015437
3.614289439060582,1474.8476168960858,558.1911963290481
3.6149581394200347,1300.0923862969682,558.3693896700827
3.6156268189869083,1112.8698694400864,558.5477452275559
3.616295458031455,1427.5713075243684,558.7262631858848
3.616964097076002,1138.9642714964186,558.9049524237788
3.617632736120549,1766.5063910390052,559.0838268100858
3.6183013657052108,1741.4537806710002,559.2628595483463
3.6189699837596763,241.3730494795626,559.4420510040563
3.6196386018141418,925.9515084270462,559.6214246609609
3.6203072198686073,2213.343815641383,559.800974128258
3.6209758143268274,52.61538639658768,559.9806896708217
3.6216443904050832,1421.4828795016049,560.1605692912308
3.622312966483339,1023.8538641338411,560.3406183074125
3.622981542561595,1372.7326056538802,560.5208414428009
3.623650076250123,1184.0635737865123,560.7012383547266
3.624318589373946,1127.2129713332379,560.8818031079282
3.624987102497769,1118.0436449973702,561.0625312921004
3.625655615621592,1087.819698276793,561.2434447287384
3.626324160362958,527.2658025501605,561.4245401996789
3.6269927138060387,1064.9464743223066,561.6058097335937
3.6276612672491195,959.2480578143441,561.7872565481138
3.628329820692201,1557.2598626585593,561.9688763652646
3.6289983192767834,2070.282834646722,562.1506559442154
3.62966681141843,1169.8000946553068,562.3326097358458
3.6303353035600767,980.1962668675777,562.5147427776615
3.6310037955839105,1537.7355046018504,562.697063317365
3.631672266744698,-254.61550548460548,562.8795572581342
3.632340737905485,2003.4796560274215,563.0642786379705
3.6330092090662722,975.280476744436,563.2636564203231
3.6336776753511075,1970.7118151918369,563.4633371901698
3.634346104554127,867.5109330557215,563.6632111633523
3.635014533757146,599.7473825214089,563.8633161663016
3.635682962960165,1151.07185291931,564.0636159109321
3.636351377906336,1387.2495271415207,564.2641315005895
3.637019744182578,2041.2768521627409,564.4648520727061
3.6376881104588197,1535.199408212234,564.6657788205001
3.6383564767350616,303.129064285892,564.8669281103112
3.6390248565792334,1511.285029451561,565.0682863766804
3.639693263170485,1692.20525542955,565.269885954373
3.6403616697617363,1126.8508136765495,565.4716902197713
3.6410300763529877,1832.157516899235,565.6737115590579
3.6416984555846073,901.0254041849341,565.875928863066
3.6423668008878898,739.4510192444222,566.0783742340825
3.643035146191172,1694.496197649323,566.2810268976586
3.6437034914944544,1211.849944677096,566.4838946972018
3.644371825131748,1703.5806452251538,566.6869803557964
3.645040149463387,566.7186255561815,566.8902838553151
3.645708473795026,845.1553722880894,567.0938039767353
3.6463767981266644,294.0743073099037,567.2975438877414
3.6470450945260486,949.9702243629289,567.501502510833
3.647713376918349,260.5685244014796,567.7056670840769
3.648381659310649,1689.452753343174,567.9100500078338
3.649049941702949,1887.6048889721872,568.1146668597733
3.6497181753161683,1335.0466439179922,568.3194873178419
3.6503863948093285,2134.7902219667644,568.5245134598383
3.651054614302489,810.4000194723867,568.7297744484939
3.6517228337956498,1984.6249099865167,568.9352435691179
3.6523910889494653,1679.6523239211563,569.1409584992641
3.653059348753387,1870.287832689232,569.3468923823781
3.6537276085573085,1199.9169332214426,569.5529969301039
3.65439586836123,1036.9355913401328,569.7508291383134
3.655064067279591,1352.0692219945502,569.8838250710413
3.6557322658090032,1458.6860528158309,570.0164685996594
3.656400464338415,1565.7083651226833,570.1492141937277
3.657068658563907,1328.6076453428186,570.282042097667
3.657736815169767,1619.3776316354636,570.4149597336499
3.6584049717756275,812.8087091895595,570.5479692624715
3.6590731283814875,1712.4803843976777,570.6810709177207
3.6597412805559046,1469.2545014786413,570.814268916072
3.6604094162019614,181.05618680522122,570.9475534727086
3.661077551848018,802.7089610738872,571.0809349294476
3.6617456874940753,632.2936253144842,571.214405469355
3.662413816431983,1642.0780072343405,571.347972828845
3.6630819311195517,1619.089595610982,571.4816167135169
3.66375004580712,1500.317164977342,571.6153674859264
3.664418160494689,1928.4449153643716,571.7492152342581
3.6650862482379143,749.9764698945623,571.883139987729
3.6657543000579067,1343.2027100975722,572.0171543615824
3.666422351877899,1637.80896822118,572.1512634136516
3.6670904036978915,1263.379798580281,572.2854649746854
3.6677584659049747,2044.9522932921375,572.4197790416574
3.668426537077036,1754.9065996638035,572.5541672727422
3.669094608249097,925.4537083083023,572.6886550321241
3.6697626794211584,1246.2162365179072,572.8232390403579
3.6704307111035535,1368.1128548317517,572.9579132323084
3.671098721018401,2256.4248418880993,573.0926776947263
3.6717667309332485,1158.3638356524345,573.2275380607028
3.672434740848096,460.5189410110982,573.3624931482404
3.6731027349962866,1460.9699645563458,573.4975324651101
3.673770723960533,1033.0516529271254,573.6326768085672
3.6744387129247795,57.699118750740176,573.7679031902139
3.675106701889026,1733.1057635458305,573.9032358386885
3.6757746548068995,1432.8853006362615,574.0387356278377
3.676442601873886,1597.4025127392642,574.1880642426389
3.6771105489408726,1438.170619045259,574.466751201258
3.677778496007859,1682.823697966085,574.7466956933607
3.678446382256128,1880.790604632538,575.0270371182855
3.6791142664870784,1824.946935160164,575.3077749124154
3.6797821507180286,772.8969055108179,575.5889379663805
3.6804500379745093,917.5429174279293,575.870499319563
3.6811179625065087,1433.1458591077737,576.152496360813
3.6817858870385085,975.3432455864149,576.4349032295297
3.6824538115705083,1438.777297228977,576.717743304728
3.683121724948247,863.7715696850224,577.000981898946
3.683789588236479,1884.4795360189821,577.2846177988266
3.684457451524711,1419.148498473149,577.5686652421846
3.6851253148129426,1524.7472107776673,577.8531365656916
3.6857931659896916,1482.8622466321613,578.1380270377823
3.6864609873964267,1483.1052519858217,578.423319359294
3.6871288088031617,1416.1763475901696,578.7090441995939
3.687796630209897,1408.3746171488833,578.9951769995881
3.6884644433249574,2403.6998387294275,579.2817396019283
3.6891322437929137,1616.2326314907114,579.5687203793221
3.68980004426087,2222.1974896709626,579.8561275680431
3.6904678447288264,937.3250291395555,580.1439649784443
3.6911356136238784,1823.5388819563793,580.4322246124317
3.6918033512833763,959.4260218067399,580.720894402083
3.692471088942874,1324.4893259662558,581.0099930880639
3.6931388266023717,403.84804528283365,581.2995217159702
3.693806588802975,586.3847746127228,581.5894910902599
3.694474366759273,1191.6369613974198,581.8799087608105
3.6951421447155717,1578.2134752143415,582.1707520303305
3.6958099226718697,1441.0890523217201,582.462039781461
3.6964776568356275,660.4664563432734,582.7537467585021
3.6971453735615976,804.8141299191885,583.0458863203279
3.697813090287568,2003.8562874309875,583.3385728211676
3.698480807013538,1257.1719710490777,583.6524104228002
3.6991484893526776,1424.7486253779155,584.270115078615
3.6998161642155303,1194.5843033721828,584.8886884244321
3.700483839078383,913.566127686325,585.0380168014713
3.7011515139412356,1186.6804998105006,585.0061464912823
3.7018191693946525,1635.1706139450464,584.9730854882769
3.7024868233279147,2719.891204722526,584.9400401292173
3.7031544772611773,561.5462736257057,584.9069930767171
3.703822129109917,1891.3316876487909,584.8739594015801
3.7044897202622806,1638.244620183445,584.8409211247633
3.705157311414644,1577.7600310922703,584.8079026508009
3.705824902567007,1512.977196070578,584.7748760564481
3.7064924964051125,884.3355124712119,584.7418646660243
3.7071601069250772,2637.7881940072775,584.7088517118858
3.707827717445042,1566.1646332707867,584.6758516030075
3.708495327965007,-65.13235229444521,584.6428461022492
3.7091629235548544,2015.470934210122,584.6098603584742
3.7098304728598444,919.8881272415458,584.5768658913472
3.710498022164834,1517.306327892036,584.5438962456183
3.7111655714698237,712.4460678905128,584.5109139843904
3.7118331134705995,1148.1252713169895,584.4779557955965
3.71250064185387,136.52400190092587,584.4449836355022
3.71316817023714,2463.4140598464273,584.4120357157051
3.71383569862041,485.47405897855475,584.3790862127892
3.714503207999188,1899.5660456482717,584.3461357813042
3.7151706945429535,1348.9281985155183,584.3132082119454
3.7158381810867183,237.5860051495517,584.2802689609273
3.7165056676304835,1557.1428312702922,584.2473448122722
3.7171731424794903,1243.9838064248713,584.2144310779629
3.71784060810547,339.6382293480685,584.1815071767322
3.718508073731449,1477.3184864672774,584.1486054556681
3.7191755393574284,1809.9822576750882,586.0697543555432
3.719842963331798,-3657.9932323698845,11364.807657886866
3.720510366212286,87206728062.33626,39527141062.02183
3.7211777690927734,166459689940.21527,211591574827.35107
3.721845171973261,38921933720.90817,22404378362.440014
3.7225125897365845,-10101617695.185802,33032298393.341995
3.7231800119910106,-37908381579.34982,47996538404.96018
3.723847434245436,4270270159.860522,29218158268.56583
3.7245148564998622,-11513367893.121004,30645994104.402233
3.725182225370639,-98606014401.01671,56664378525.47268
3.730520964587599,367864805195.26416,341665278211.36444
3.731188262918478,-153766123978.85757,167364553530.03183
3.731855561249357,110007309777.40987,88900894687.44751
3.751203878561307,-44509879430.55165,99077866139.73701
3.751870926106719,-15529143841.111267,44842936040.85572
3.7525379736521307,-50745135532.11988,44849406692.346756
3.7532050210419876,-68297887318.79696,39544551987.11798
3.753872047697119,152098269940.4617,254460146081.9844
3.7545390743522504,18620093244.16344,44256030599.6234
3.755206101007382,-3531105736.712365,35159748235.1895
3.7558731230829943,-75062604260.49791,68721852224.16794
3.7572070928399857,76526599763.85641,128572764938.81732
3.7765463304213656,125300099305.03238,6661347627241.826
3.777213101783169,76075164415.52165,215886287548.565
3.7785466509755565,-12560123084.17682,44983194274.11423
3.7792134243477893,-31255190271.786118,145964134997.9688
3.7798801378056557,-44887377305.21258,56524357582.143135
3.780546851263522,-24540024157.448902,47364195093.26218
3.7812135647213885,-47980195773.5961,24417962184.35185
3.7818802731556844,-11210463966.017054,15460560097.804033
3.7825469448761364,8036844375.463451,13086405976.45799
3.7832136165965884,11382227439.742554,12997990392.882944
3.7838802883170404,14265449693.390594,12278323848.912407
3.7845469554372304,691857792.9007224,9047657344.079945
3.7852136062909345,-864337270.041467,8271915016.750312
3.785880257144639,3629014145.3183336,10482968686.241972
3.786546907998343,-18926483946.40297,9299091774.162775
3.787213538795277,8092665725.502447,8519989095.726844
3.787880127056575,11167569031.372004,9455134268.280485
3.788546715317873,-6603809410.651345,7395811465.749382
3.7892133035791713,1750713452.3247015,5771995322.318388
3.7898798999898595,-501702061.4910683,6329560469.823483
3.790546507652437,-8918177406.852667,6349523773.669434
3.7912131153150144,3201362755.9446783,7959201685.716692
3.791879722977592,5597464237.634327,13400390960.50511
3.7925462988923115,17133506734.35338,13788254831.56112
3.793212845431868,13327677633.461061,13214304569.29756
3.793879391971425,-1233967688.279646,12101294060.264818
3.794545938510982,14675138800.94776,11565416466.565765
3.795212472143578,-15695352208.544615,18975829276.326942
3.7958789978242224,4855520144.737235,15414860289.306461
3.796545523504867,-6364585839.329218,17879475296.99769
3.7972120491855117,-17529973258.58785,12139177615.824553
3.797878544914837,5809132299.667312,10328762617.577559
3.7985450288815734,-3550668211.3039494,13297710177.685564
3.79921151284831,-1293026365.0183744,7491234998.114011
3.7998779968150465,-3749367136.266403,7660368892.962785
3.800544429668348,1487779328.07241,6939679875.436129
3.801210851074011,15685229505.688887,6672957297.588899
3.8018772724796746,9163330581.095215,7421894482.673414
3.8025436938853376,5541468278.2376175,7603289689.812825
3.803210152153721,-2682384970.810531,7516557132.703536
3.8038766138179367,-7312798124.108647,7219696809.471995
3.8045430754821523,-1265784998.700144,7026453742.01312
3.8052095362810463,16456284773.392082,6384870003.809678
3.8058759368356285,408883848.64737666,4605650767.601166
3.8065423373902108,-4930773672.919567,4554659566.02544
3.807208737944793,-1802221785.517347,4403548791.6058445
3.807875133801196,-6103948309.777567,4533640482.88126
3.80854149265753,5589682549.67536,4925629767.0134735
3.8092078515138637,-4728263349.959502,4935836308.436223
3.8098742103701975,1026525857.3095994,4792583989.105428
3.8105405604319076,6741954323.8081255,5086698428.684173
3.8112068775952115,1190562981.9076393,5126783326.1359415
3.811873194758515,-6244988203.534253,5331539332.897098
3.812539511921819,4869003621.550897,5929176929.260772
3.813205809765929,-9793902015.196093,5770249092.914407
3.813872064399469,-7169178726.675157,5718868543.909252
3.814538319033008,-2587747788.455314,5062737885.916743
3.815204573666548,5453761192.088924,4554547302.866914
3.815870844667893,4883252428.346935,4608051061.2711
3.8165371395551273,7785454822.143379,4624587338.021248
3.8172034344423618,4431773590.209798,4400348920.56447
3.8178697293295962,-2731025221.027562,5215482952.298006
3.818535993416095,5133403173.140319,4938989996.849912
3.819202227208988,2436170657.7018366,4986697810.084008
3.819868461001881,3435392718.2170467,4475805585.259606
3.820534694794774,-1629761169.3373616,4201849951.5065794
3.8212009035110293,1640442666.4690082,5102236493.094297
3.8218670956265406,-10038515178.539064,4759270284.060484
3.8225332877420515,-4838.15582905317,12054.271058784128
3.8231994798575624,411.3722104248256,608.074063648051
3.823865657408724,1643.1054773418675,606.2074254583735
3.824531828687499,935.8114906006895,606.3704194069711
3.8251979999662744,1541.7213310820432,606.5335281947703
3.8258641712450494,1229.6594746709948,606.6967660653233
3.8265303093489127,1344.7201212052541,606.8601349447301
3.827196438958126,1340.4980100094429,607.0236362665596
3.82786256856734,776.5340483045544,607.1872644285488
3.828528698176554,2386.1174561052035,607.3510296719802
3.8291947719739676,1299.8627078907884,607.5149192630125
3.8298608390886124,1163.3326009258572,607.6789331827479
3.830526906203257,783.8513501233392,607.8431391524999
3.8311929733179024,1567.8950017773698,608.0178419572756
3.831859080263162,1092.9026418684505,608.2001039796153
3.8325251876260364,913.1798909744989,608.3825797711205
3.833191294988911,-17.358073910863627,608.5652138125341
3.833857395303097,1249.9746111812246,608.7480182455646
3.83452342076121,1645.62310422275,608.9309533116414
3.835189446219323,2073.781725145373,609.1140574188848
3.8358554716774362,2121.3703372694445,609.2973272872957
3.8365214933373917,1125.327375395489,609.480776805826
3.8371874979691927,1943.8215257501756,609.6643773122629
3.8378535026009937,1938.7034386430068,609.8481415566845
3.8385195072327947,1995.1830675710653,610.032067771631
3.8391855002627437,2323.0974282388015,610.2161613324974
3.8398514632458283,1049.572295010072,610.4004028821263
3.8405174262289123,730.3849684955135,610.5848283655139
3.8411833892119964,1748.9954825521625,610.7694130071174
3.8418493288018394,1759.1265071065327,610.9541562295059
3.8425152293216143,1578.268092304605,611.1390567792822
3.843181129841389,1316.6362353481613,611.3241248853614
3.843847030361164,594.2735325262836,611.5093618251584
3.844512949799057,2215.1233562980465,611.6947701943815
3.8451788905622037,1144.3867737964663,611.8803656493376
3.84584483132535,675.1702351955323,612.0661174438209
3.846510772088496,1483.405427821309,612.2520279087435
3.8471766783179944,1063.5073925953109,612.4381077568103
3.84784255801927,526.7887357067466,612.6243578696442
3.8485084377205454,1987.3348198692502,612.810776661603
3.849174317421821,991.2335663435886,612.9973656220039
3.8498401696031745,1565.9683777848356,613.1840989263508
3.850506007671356,711.4175261113023,613.3710272611529
3.851171845739538,1277.4783360153897,613.5581020061869
3.85183768380772,1688.710005482706,613.7453635862277
3.8525034903958275,1715.485919776999,613.9327626448762
3.8531692868361214,1090.8881366717073,614.1186930376546
3.853835083276415,2606.299453734838,614.3028505200655
3.854500879716709,1922.0992514565282,614.4871534069589
3.855166623015054,1865.324131896157,614.6716169245592
3.8558323570232744,1612.5841989657638,614.8562301122682
3.856498091031495,317.0271065680969,615.0410215116865
3.8571638250397156,1473.7955628814666,615.2259835945199
3.857829597105553,746.8679648033298,615.4111012138386
3.858495371352287,603.3610722126259,615.5963946871013
3.8591611455990207,1555.702689172395,615.7818652829403
3.8598269173866018,1465.3386028646414,615.96750261049
3.8604926305867333,690.9586028065028,616.1532988528892
3.8611583437868644,964.432086214897,616.3392504311414
3.861824056986996,1069.4273706196193,616.5253663006613
3.8624897645792227,1231.9991023061043,616.7116638455874
3.8631554361670775,2364.5683378540143,616.8981157074702
3.8638211077549323,758.7960129541766,617.0847335628678
3.8644867793427866,1284.9488454897078,617.2715265142818
3.8651524461664013,1047.3754100030221,617.4584785685396
3.8658180969500684,1197.795846649182,617.6455924240935
3.866483747733736,938.8469333390963,617.8328870672742
3.867149398517403,1999.0448339847837,618.0203542880317
3.8678150291368367,1503.5537181199559,618.2079885248896
3.868480617515743,1019.9725541491008,618.3957755859594
3.869146205894649,453.84541725030834,618.5837307553414
3.8698117942735553,1889.6894378993275,618.7718608012677
3.8704773907541936,1412.2756751762965,618.9601595390743
3.871142998567768,1825.5182016540762,619.1486506126562
3.871808606381342,1713.4471124138977,619.3372984352444
3.8724742141949164,920.295905997355,619.5261313549281
3.8731397802455834,984.3356156555296,619.7151223275956
3.873805306231428,1511.0142147130941,619.9042604039264
3.8744708322172734,1759.8599038550306,620.0937035693362
3.8751363582031186,1561.5979465711127,620.3001386995635
3.875801871633726,1436.339032987604,620.5426449700085
3.876467376824484,260.3946769766407,620.785661061091
3.8771328820152413,2120.1963565911183,621.0289670682865
3.8777983872059987,-411.7949201714228,621.2725561761774
3.8784638634102273,1415.5477603933969,621.516413646363
3.879129327014708,2193.421776208229,621.7605739785338
3.8797947906191883,2308.3809523744117,622.0050015040746
3.8804602542236686,1377.364772075547,622.2497338663358
3.881125717828149,2056.668119341228,622.4947373502254
3.8817911814326296,1509.2573338105835,622.740030647
3.88245664503711,2408.0748351050074,622.9856369788715
3.88312210864159,790.0994887819835,623.2315106895389
3.8837874988137613,860.675211292716,623.4776689198711
3.884452879261278,994.3477553134277,623.7240923188532
3.8851182597087943,1619.676557435586,623.9708301976656
3.8857836401563106,1949.5213746094382,624.217838674118
3.8864490395707665,740.2273325915367,624.4651678402778
3.8871144394598707,1025.6971934545745,624.7127715161105
3.887779839348975,1618.64939595175,624.9606852171379
3.888445235097109,1810.765494329346,625.2088805853306
3.8891105739739364,441.639197127853,625.4573549543792
3.8897759128507636,672.7646524662115,625.7061312604675
3.8904412517275913,1902.6699954003218,625.9552043680823
3.891106583947445,1794.0746892616835,626.2045659967656
3.8917718812587774,1346.7471845212447,626.4542102382549
3.89243717857011,1200.2871649222998,626.7041673380146
3.8931024758814425,1738.8885933626489,626.9544048519022
3.893767773192775,1025.6498884889418,627.2049641067565
3.8944330705041077,1645.8613164776748,627.4558028201237
3.8950983678154403,2430.467980676749,627.7069592700581
3.895763665126773,1614.3941320540503,627.9584095309361
3.896428933826599,1943.959929634669,628.2100170243618
3.8970941480225196,1304.1466106196353,628.4419869261263
3.8977593622184408,1251.9571935018478,628.5758618541591
3.898424576414362,1097.4946197976114,628.70915582442
3.8990897990851607,2110.5464329913393,628.8425400060006
3.8997550327281965,332.15262955428625,628.9760049181402
3.900420266371232,1079.7261065744876,629.1095546703845
3.9010855000142675,512.4053330480734,629.2432127751592
3.901750701505791,2301.2564762368197,629.3769138479627
3.9024158741517936,2220.9446053278925,629.5107189021247
3.9030810467977957,179.09884384800182,629.644607161935
3.903746219443798,107.99292324224709,629.7785782443715
3.9044113663982,187.23807513354993,629.9126208296834
3.9050764974994743,1837.5634819524962,630.0467576365504
3.9057416286007482,2216.721857878313,630.1809703562492
3.9064067597020222,1361.0932637287747,630.3152649330066
3.9070718613321294,1445.2589381733274,630.4496581652247
3.9077369508938644,1726.3217163437498,630.5841187968604
3.908402040455599,1905.8367344486692,630.7186703798349
3.909067130017334,1941.782183995601,630.8533079339704
3.9097321863394203,1176.2568490438703,630.9880227101872
3.9103972343668043,2124.486864624967,631.12282819193
3.9110622823941883,1573.192833204115,631.257720096665
3.9117273304215723,2897.5053590358298,631.3927017080763
3.912392395778707,774.3178162314763,631.5277667478666
3.9130574632587245,1457.508271122682,631.6629183079626
3.9137225307387418,1850.941862066171,631.7981520830926
3.9143875982187595,710.0251946015374,631.933477285874
3.915052605863366,1833.3706290902753,632.0688868402101
3.915717612361586,1815.7057731940213,632.2043622124559
3.9163826188598065,1711.8187550950797,632.3399482120009
3.917047622387684,845.7933192504065,632.475596916016
3.917712587361927,1741.6104522358698,632.6113462381861
3.9183775523361697,2178.8286351163533,632.747175134526
3.9190425173104124,28.85862771115225,632.8834848968535
3.919707475574343,1216.3315749366257,633.0805214906104
3.9203723990297936,853.077423611499,633.278360223389
3.9210373224852444,1191.6826204473346,633.476369955556
3.921702245940695,212.86797823505918,633.6745838340893
3.9223671589569333,1908.2324677618906,633.8729637873552
3.9230320408987764,747.864317815148,634.0715270773557
3.923696922840619,1064.1954767907812,634.27029354264
3.924361804782462,1921.7119724315141,634.4692282658799
3.925026693360787,697.734902031854,634.6683496624876
3.9256915947607744,1242.5276908897986,634.8676828173211
3.926356496160762,1251.621116794848,635.0671793324725
3.927021397560749,1765.0916222949577,635.2668696923663
3.927686272719511,2464.6565797496146,635.4667606423122
3.92835111315293,1553.564245874103,635.6667975275022
3.9290159535863483,1402.902659627776,635.8670364694505
3.929680794019767,1147.8259861901395,636.0674703248941
3.9303456128808216,1858.8922190293592,636.2680958937901
3.9310104118109983,640.2441401506641,636.4688798445701
3.931675210741175,883.5094387128978,636.6698803747189
3.9323400096713517,1748.9913072394284,636.8710478573608
3.9330047833339106,1646.1150623958013,637.0724057931742
3.9336695407660267,1203.567622640503,637.2739496081111
3.934334298198143,1671.453547905941,637.4756834447107
3.934999055630259,459.19407691474487,637.6776144867111
3.935663813062375,1321.6488679586516,637.879749901031
3.9363285704944913,524.4535208481509,638.0820529418583
3.9369933279266074,1328.6248967292834,638.284559875177
3.937658085358723,845.345688146902,638.4872534620008
3.9383227775165643,1476.8711557545184,638.6901167399036
3.9389874519680994,917.5293268050655,638.8931856163332
3.939652126419635,2825.111024185327,639.096433911541
3.9403168008711704,2046.912579337248,639.2998703900578
3.9409814923546,647.1003578560425,639.5036215273682
3.9416461862711576,1058.422364815164,639.7237540746098
3.942310880187715,1438.550652952912,639.9479155073777
3.9429755741042722,1345.5698734737118,640.172375186114
3.9436402093201313,1296.110577856218,640.3970403559372
3.9443048422891445,795.2259583741833,640.6219204073482
3.9449694752581577,2018.8061076963616,640.8470611375328
3.945634106100647,1683.988816415621,641.0724387292502
3.946298697592316,1854.9571823978233,641.2980296389703
3.9469632890839845,921.5558663609479,641.5238539439488
3.9476278805756535,1866.9744349182463,641.7499424262365
3.948292466296049,2417.686307363021,641.9762489520621
3.9489570163155494,308.66742111052685,642.2027870322376
3.9496215663350505,1884.0354036788638,642.4295698420623
3.950286116354551,1495.7178831158628,642.6565921640591
3.9509506569690624,1543.2557392636068,642.8838317043468
3.951615165521571,1203.6490662396384,643.1113310005604
3.9522796740740795,811.6869789443258,643.3390477955735
3.9529441826265876,1152.6674024326196,643.5670366940643
3.953608697296907,549.0181290109313,643.7952390170101
3.954273225319931,794.0821017088392,644.0237093814615
3.9549377533429544,760.386595802931,644.2524281880222
3.955602281365978,1441.9606262693594,644.4813672808347
3.9562667849327626,1250.5882489708822,644.7105625140604
3.956931252023453,683.1025223257325,644.939983015213
3.957595719114144,1739.4066368925976,645.1696457962981
3.9582601862048348,844.1106225806618,645.3995578864354
3.958924633042902,2089.5226209518128,645.6297113158801
3.959589058676949,1011.2114918698733,645.8600968935393
3.9602534843109956,557.1231353055397,646.0907363862623
3.9609179099450422,2176.7667872750735,646.3216310739767
3.9615823117262767,1173.8458693088658,646.5527480119941
3.9622466959088523,1500.9963106652544,646.7841072773897
3.9629110800914273,771.0117631796312,647.0157091408491
3.963575464274003,1237.8092117682422,647.2442856532439
3.9642398210145946,1806.8351585104685,647.4710412978166
3.9649041637508704,1445.9524256781167,647.6980406527608
3.965568506487146,1680.9466653126135,647.9252679288298
3.966232849223422,1529.5991408468515,648.1527395640628
3.9668972065381687,1566.4629576175357,648.3804327105147
3.967561568750445,2170.251218632427,648.6083810153242
3.968225930962721,241.04899375223653,648.836578911589
3.968890293174997,1915.3385803705576,649.0650141097351
3.9695546045387227,1814.0629157768888,649.293675139656
3.9702189058338693,-360.80876836168915,649.5225629977804
3.9708832071290163,1568.0827343797819,649.7517073905288
3.9715475084241634,1779.8504931367431,649.9810842633301
3.972211771561,1602.5937384351569,650.210694256418
3.972876031420188,642.0940917788411,650.4405518041631
3.973540291279376,2154.8013656743874,650.6706486423888
3.9742045508553456,136.83802122093041,650.9009863917983
3.974868769283743,1064.954329590864,651.1315566038563
3.975532987712141,969.1767561467977,651.362378541162
3.9761972061405384,1636.2031015116172,651.5934451092996
3.9768614207358524,1935.5149236230168,651.8247527726004
3.977525597738628,994.0018486827062,652.0562922510823
3.978189774741403,216.83617909761736,652.2880823646785
3.9788539517441786,1725.1223310716546,652.520116767542
3.9795181322142383,942.7932898748793,652.7524038923217
3.9801823286984916,1220.7802513267548,652.9849535828765
3.980846525182745,755.8418466134016,653.2177330154706
3.981510721666998,2592.28111281167,653.4507768589167
3.9821749021228614,37.24989275500278,653.6840594992874
3.9828390377051814,424.84810628188177,653.9175765265662
3.9835031732875015,1459.5585277213518,654.1513485753765
3.9841673088698215,1798.4417036834466,654.3853665190312
3.9848314300235237,1348.3865892780382,654.6195391267571
3.985495524190554,1122.0513851289775,654.8397802514121
3.9861596183575845,1310.4843906746978,655.0395913672774
3.9868237125246146,1133.400723198291,655.2394471585114
3.987487788746584,1971.7148272194065,655.4394761929188
3.98815184150349,1493.1990787027435,655.6396924852465
3.9888158942603957,914.7775712196327,655.8400831000841
3.9894799470173017,590.2727244181486,656.0406639312168
3.9901439783236885,86.96509495643838,656.2414219355433
3.9908079896756337,869.7811396124195,656.4423552745488
3.9914720010275793,2306.7371723911438,656.6434726046988
3.9921360123795244,1949.2172040699663,656.8447802404411
3.99279997384459,1207.017332170792,657.0462620576569
3.9934639024021026,1313.312499167919,657.2479193076107
3.994127830959615,1921.0559107723002,657.449752631112
3.9947917595171276,1267.3260204700075,657.6517811485812
3.9954557298722113,994.4759118240148,657.8539992166849
3.9961197193126727,865.597040086171,658.0564141298099
3.996783708753134,1144.3296669534095,658.2590220289081
3.997447698193595,1670.1821173535743,658.4618070640287
3.998111593812481,1034.9234971856283,658.6647563339168
3.9987754614870448,1378.121008154345,658.86789398687
3.9994393291616084,1436.0359509912134,659.0712678188258
4.0001031968361715,708.3362308338624,659.2831464752202
4.000767062461295,2089.6316673814217,659.5389809530573
4.001430927737428,2752.0915132707905,659.7953926330302
4.002094793013561,998.5877850121852,660.05211465022
4.002758658289694,547.3293462642664,660.3091367670974
4.003422562372445,2188.347229881709,660.5664725610656
4.004086469031527,969.4525706455445,660.8241128453512
4.00475037569061,0.21967863314477537,661.0820475281579
4.005414278884857,1384.9254444590742,661.340292129512
4.006078022417861,572.9177334774778,661.5987735278236
4.006741765950866,1113.785363028418,661.8575332502049
4.007405509483871,555.5021464031382,662.1125121019556
4.008069261414426,2139.739953600177,662.3497102059165
4.008733085312769,1529.2346884958986,662.5870544916921
4.009396909211111,3069.129789428315,662.8246490423699
4.010060733109452,759.2201878849066,663.0625039175314
4.010724526426435,970.8906571874522,663.3005973327745
4.011388187224191,1579.9512984027183,663.5389000383515
4.012051848021947,1365.773759097871,663.7774640083204
4.012715508819704,1233.0467375164076,664.016284767465
4.013379180157245,-76.2033564984325,664.2553730911413
4.0140428799531565,352.45347478391767,664.4947142201909
4.014706579749069,1766.058218613252,664.7343213581346
4.015370279544981,351.7022343364407,664.9741894099052
4.0160339939227265,1155.1018923583745,665.2143178108561
4.016697735080959,2076.9689780911103,665.4547128025433
4.017361476239191,535.8415517086148,665.6953734892345
4.018025217397424,1311.2033926930387,665.9362890657976
4.018688887608432,2236.526972305701,666.177446555941
4.019352465691563,915.9070620223786,666.4188303168415
4.020016043774694,1830.007608882457,666.6604702004499
4.020679621857825,1787.3609925132096,666.9023837401783
4.021343241511646,1227.0833755701624,667.1445666508101
4.022006899950393,1197.1999283734742,667.3870248283222
4.022670558389139,1360.3480716448983,667.6297520918554
4.023334216827885,2065.3521974061396,667.8727421697934
4.023997777540354,521.2686410047932,668.1159575320702
4.0246612729294755,1051.524802092259,668.3594188888015
4.025324768318596,351.8928968080985,668.6031474550335
4.025988263707717,912.6181690867348,668.8471408159629
4.026651785667942,2896.274060007265,669.0914057278939
4.02731532006611,1121.7919598857723,669.3359339991858
4.027978854464278,1549.3912162435292,669.5807459632762
4.028642388862447,411.5749038033534,669.8258271176572
4.029305923260615,1700.6490789462564,670.0721095608994
4.029969457658783,317.9934354964244,670.4606527749056
4.030632992056952,2118.789791698101,670.860203038556
4.031296526455121,1456.4823903011186,671.2605379860306
4.031959923312399,1870.5612489163616,671.6615057633969
4.032623294699142,1034.4738802689299,672.0631729849212
4.033286666085885,863.8480937614652,672.465566979794
4.033950037472628,830.1310067177093,672.868680229861
4.03461352138486,964.7287817938354,673.2725797913093
4.035277014446472,159.02816855772363,673.6772128877675
4.0359405075080845,100.03673372073149,674.0825982469
4.036603999614626,1064.5054093155,674.4886940178712
4.037267329677543,1919.293496154652,674.8954310856527
4.03793065974046,243.11849432567422,675.3029097347007
4.038593989803376,1342.8253341929635,675.7111274942869
4.039257319667295,1183.0700488406312,676.1200691500901
4.039920647434174,2280.1912032580676,676.5297706910347
4.040583975201052,1798.7401764772549,676.9402115540554
4.041247302967931,720.5393378821739,677.3513860318532
4.041910637624165,904.7839508945581,677.7633302710957
4.042574006707005,1231.4456406245913,678.1760518396486
4.043237375789846,1456.7138846464711,678.5895219568549
4.043900744872686,1003.7337847177174,679.0037532100288
4.04456407369282,1105.694467635079,679.4187009918901
4.045227279815141,1568.6967303165184,679.8343421857575
4.045890485937464,2241.6595781461465,680.2507667758406
4.046553692059786,1555.847048729706,680.6679358747425
4.047216924463165,2236.336159847716,681.0858803308238
4.047880210919228,1126.5469717319024,681.5046496467401
4.048543497375291,3053.680805792802,681.9241807234462
4.0492067838313535,1455.8090302370965,682.3444983953963
4.0498700039757045,1332.8573890041305,682.7655388112244
4.05053312749669,1142.7429380402898,683.1873109382713
4.051196251017677,1276.2290834297019,683.6096436924722
4.0518593745386635,1989.236747497803,684.0002784072891
4.0525225170522665,1728.2427097958314,684.3762684373056
4.0531856796067505,1863.9487707493413,684.7527923945163
4.0538488421612335,445.82426707191604,685.129950710177
4.054512004715717,637.245032916167,685.5077064691825
4.055175190629917,2254.024369255805,685.8861200542871
4.055838394479783,1897.988866330324,686.2651545102392
4.056501598329649,2474.7445168665035,686.6448296136657
4.057164802179515,1637.0895124247222,687.0251368082463
4.057827900949481,1898.5125351355932,687.406010691139
4.058490941889705,2310.5491986603506,687.7874847640653
4.059153982829929,1700.8249948623245,688.169601177882
4.059817023770153,104.07715207378905,688.5523552580538
4.060480122874694,1874.6774184105063,688.9357749501315
4.061143244138936,1430.0979075801772,689.3198418568717
4.061806365403179,1710.4092062978311,689.7045689647657
4.062469486667421,1881.690882323251,690.0899183347889
4.063132477139138,159.43964381430476,690.4758641860883
4.0637954355191654,1284.4517876563016,690.8624201459492
4.064458393899193,771.4039107983232,691.2496250650559
4.0651213522792204,749.929155247892,691.6375002424492
4.065784345080416,1813.8644955419122,692.0260305551483
4.06644734250478,1916.7367309817926,692.4152235664709
4.067110339929146,1438.5985766299493,692.805078087226
4.06777333735351,-306.66952550715786,693.1955852111507
4.068436334777876,792.313013071852,693.5867594622125
4.06909933220224,2052.7051692991513,693.9785958153537
4.069762329626606,1567.2618144750675,694.3710851233567
4.0704253208885826,1456.2279789461725,694.7642407907344
4.071088155466858,904.8529210247984,695.1579875405397
4.071750990045134,1950.5174200891859,695.5523874804361
4.07241382462341,929.6207789529092,695.9474638287403
4.073076668495587,946.7421995856566,696.3421336351507
4.073739583385728,2315.0142057476382,696.5744432814786
4.074402498275869,1605.9518400228017,696.5745355479032
4.075065413166009,2512.089366211324,696.5730862798534
4.075728304549675,969.0398223927252,696.571629574551
4.0763910978709745,2091.4855917775053,696.5701808123644
4.077053891192274,2195.1409633636226,696.5687305125891
4.077716684513574,1435.2703197432688,696.5672655454811
4.078379499598417,2149.82055699741,696.5658150121143
4.07904237322915,1035.7991274314095,696.5643660464133
4.079705246859884,71.79887798184552,696.5629292849308
4.080368120490618,1002.1084370894143,696.5614742976553
4.081030937400896,1230.7008223306007,696.5600120331203
4.081693648223649,1011.0262238698109,696.5585653536397
4.082356359046402,1681.6174709457168,696.5571154792631
4.083019069869156,1893.4792135259538,696.5556613677788
4.083681779764961,1525.0031893858757,696.5542023551923
4.084344488409414,32.71912176830579,696.5527527329418
4.085007197053867,617.0648470372262,696.5513059031798
4.085669905698319,1174.445106046246,696.5498579734831
4.086332635042752,959.2829496271457,696.5483974736788
4.086995384926075,1042.7734976831061,696.546943112094
4.087658134809398,2178.6787367856855,696.5454932850394
4.088320884692721,1221.450523925909,696.5440464105307
4.088983540395224,-1149.6992055824026,696.5425921007644
4.089646127508659,2116.6957035767978,696.5411443052187
4.0903087146220924,2339.377274150932,696.5396970672326
4.090971301735527,3958.1993223856866,696.5382387042532
4.091633941446032,2103.0650933754623,696.5367912922076
4.0922966088567465,1358.3460763882106,696.535338753885
4.09295927626746,1075.2989950046403,696.5338832954691
4.0936219436781744,795.7926257972429,696.5324370507875
4.094284492089917,276.50840693343883,696.530977838961
4.094946996756128,632.0858564094635,696.5296321319491
4.095609501422338,1376.034473161492,696.544739059935
4.096272006088548,1637.3384481180049,696.6718886847054
4.09693454229257,1538.4643361121346,696.7998668265013
4.09759708603285,998.4342518433132,696.9279323499193
4.098259629773129,2289.0814219651957,697.0560502423368
4.09892217351341,18.45743548323426,697.1842328849001
4.0995847536317,1887.315237455956,697.3125167003311
4.100247338590329,1143.4187399435812,697.4408543649214
4.100909923548958,1877.7462551898927,697.5692673641029
4.101572508507586,1370.4655808757916,697.697746673233
4.1022349375402944,2105.9400517625427,697.8262818270313
4.102897359779797,1856.2877584579828,697.9548698897082
4.103559782019299,2341.9255864347097,698.0835409355328
4.104222206963803,-97.12082529522432,698.2122767487938
4.104884709490861,658.9420673090934,698.3411038984
4.10554721201792,452.32494113138944,698.469983881924
4.106209714544979,1953.2510312032375,698.598958353788
4.106872199356848,1001.9018168366536,698.7279937099714
4.107534539190151,1144.0758430953665,698.8570663095715
4.1081968790234535,1491.504137473232,698.986216939069
4.108859218856756,1670.7475502724135,699.1154329080997
4.109521565875334,1659.1841983526456,699.2447329816761
4.110183944793489,894.0287061865577,699.3740985418391
4.110846323711643,1004.2134619278661,699.503543388433
4.111508702629797,950.0903587438339,699.6330650430909
4.112171081547951,2156.604576865197,699.7626478508083
4.112833460466105,1006.9958310540216,699.892307241344
4.113495839384259,1976.741922911978,700.022035175144
4.114158218302413,2505.733358403796,700.1518325074613
4.114820543094654,1336.0774464852357,700.2817003286622
4.115482759357092,1526.6609243255941,700.4116109253705
4.116144975619529,2788.7494737753054,700.5415988578231
4.116807191881968,214.04806663998139,700.6716636008908
4.117469440815083,1478.5737282223802,700.802076746755
4.118131737352923,968.2252042233946,700.9730768866923
4.1187940338907625,596.7988025356394,701.1533028858614
4.119456330428601,1226.563036457774,701.3337233680164
4.1201185487482235,1779.8192244272227,701.5142580320937
4.120780682655698,1322.5978665334396,701.6949193046929
4.121442816563172,1264.849754183559,701.8757107332802
4.122104950470646,1575.5659620471167,702.0566428477453
4.122767106065463,1331.9817786704584,702.2377214851266
4.123429279071245,1684.9775107595049,702.4189452363438
4.124091452077027,2188.834088288111,702.6003168706843
4.12475362508281,514.864490516387,702.7818098007835
4.125415823941858,1662.6962059987588,702.9634669422076
4.126078038119872,1322.2420743393823,703.1452655101109
4.126740252297886,1269.2442100087164,703.3272050119724
4.127402466475901,1492.3460177988327,703.5092794059742
4.128064566600147,60.059734661796355,703.6914664085442
4.12872661817314,1051.1015967418327,703.8737821194339
4.129388669746131,2265.4486679711713,704.0562392010806
4.130050721319123,1254.0359459845695,704.2388299553558
4.130712835070581,1680.9617598359514,704.4215887571659
4.1313749669092505,458.87940857348616,704.6044896064612
4.13203709874792,857.4981207445175,704.7875483490792
4.1326992305865895,1340.119363432728,704.9707339178933
4.133361224613571,767.5000230039032,705.1540224046689
4.1340231938725545,-82.55830087426077,705.3374517245816
4.134685163131538,1469.9029972186977,705.5210110879907
4.13534713239052,1360.4444043294193,705.7047373927711
4.136009137645875,2125.869178812523,705.8885989806009
4.136671146013914,2699.6299405054865,706.0726134861767
4.137333154381952,2197.5533518519483,706.2567599029397
4.13799516274999,1015.0034750648579,706.4410613690188
4.138657171118028,1462.97430139612,706.625514494603
4.139319179486066,1412.1348440964264,706.8103822289463
4.139981187854104,1224.644470879952,707.0388873783941
4.140643185666456,924.7695508919404,707.3105589645501
4.141305031492798,1591.7861118828077,707.5827787670014
4.141966877319138,631.5686410091572,707.8553071608584
4.14262872314548,2133.529686913483,708.1281492004238
4.143290579963575,1727.1608416222455,708.4013225049356
4.143952506043438,1091.4200342702431,708.6748208035405
4.144614432123301,695.344739273343,708.948655326934
4.145276358203165,1295.988947565535,709.2227989433542
4.145938250359321,2315.827095962516,709.4972437969717
4.146600013922804,1465.6474368005495,709.7719657601921
4.147261777486286,430.4834987251281,710.0470066332567
4.147923541049769,2528.4377778570893,710.3223547475823
4.14858531557824,1904.3611758771212,710.5980466596875
4.14924711826419,1669.8970213270406,710.8740716999828
4.149908920950141,-104.61654900603689,711.1504064175697
4.150570723636092,905.8131645107036,711.4270786220928
4.151232540770428,1735.9746866942362,711.7040615332029
4.151894384582571,1714.568531494041,711.981401228716
4.1525562283947135,1530.3487602611904,712.2590547355156
4.153218072206856,304.5180460938809,712.5370324405226
4.153879847349066,1929.1932895465943,712.8153079948332
4.154541528670137,626.2160910106392,713.0938668111145
4.155203209991209,1725.9729367233742,713.3727524949571
4.15586489131228,1388.8377748185633,713.6519894908979
4.15652661224589,1485.4739379786702,713.9315457282772
4.157188373810759,1293.3931871327204,714.211449269731
4.157850135375628,607.7056737948504,714.4916940318423
4.158511896940497,2375.2894395034305,714.7722715767837
4.159173566801054,1621.5894456514998,715.0531360746381
4.159835165900153,1427.7719870294427,715.3343038620748
4.160496764999253,1512.0225093649367,715.6158088893776
4.161158364098351,1265.869523054535,715.8978279420414
4.161819961948089,1032.3080761693661,716.2105540692509
4.16248155907972,1425.8537474707548,716.6699359570846
4.163143156211351,1767.6854191018444,717.1311925452313
4.1638047533429825,1070.8813724379422,717.5933431144974
4.1644663794437475,293.399386661834,718.0563905660256
4.165128017676027,181.4070722873345,718.5203643012154
4.1657896559083065,1398.5741446336865,718.9852305652514
4.166451294140585,759.1259479745937,719.451006912911
4.167112806507157,-768.7725260760362,719.9175861103308
4.167774282311605,1159.8191606960506,720.3850720828098
4.168435758116053,492.7220857685702,720.8534505410057
4.169097233920501,1168.001332107406,721.3227571245893
4.169758777498747,1161.4263763505212,721.7930201840006
4.170420333534836,695.9147170234392,722.2642072239439
4.171081889570925,760.4685854393241,722.7363308449977
4.171743445607015,1368.2490851012535,723.2093797296953
4.172404853157375,1146.4893832189289,723.683241514996
4.173066246790915,1176.2907198147293,724.1580461684766
4.173727640424456,2845.7736344329055,724.6337752622943
4.174389034057996,1727.0657874857586,725.1104415353593
4.175050506606012,-402.5536439635365,725.5881128338814
4.175711980466332,528.7441121355579,726.0667295857415
4.176373454326651,921.1428407466269,726.5462942149452
4.177034919624106,1493.0597785539762,727.0267934032786
4.177696231107151,481.95581795966785,727.5081488558617
4.178357542590197,244.82470526739053,727.9904607055632
4.1790188540732425,1562.513802641231,728.4737254823966
4.179680170316455,1367.5910492863209,728.9579702838205
4.18034152095139,1640.2562146797973,729.4431963900752
4.181002871586325,1673.2826633997413,729.9293945135291
4.1816642222212606,1442.5577761832376,730.416567206025
4.182325572856196,1715.116485569468,730.9047140816427
4.182986923491131,1118.3484242530278,731.3938500430634
4.183648274126067,962.2884102200458,731.88543880189
4.184309624761003,192.9783405246394,732.5984971614881
4.1849709440687075,2122.2486443354055,733.3644123305639
4.185632173421664,2089.4598838838356,734.1329807174819
4.186293402774619,585.6707925704591,734.9039708715952
4.186954632127575,1404.4867615889934,735.6773970523669
4.187615887684246,1327.5466413296815,736.4532853040105
4.188277197254256,2140.6425921325776,737.2317119498064
4.188938506824265,1935.9173424427445,738.0126212277979
4.189599816394274,2011.4407932465767,738.7960189753177
4.190261061881679,1150.431326231663,739.581830548818
4.190922209124943,1489.1188052855002,740.3700349485202
4.191583356368206,694.1905993811462,741.1607877019945
4.1922445036114695,3639.648593308619,741.954058712688
4.192905649984043,1315.5634141455741,742.7498993138909
4.193566795345332,558.6632681639121,743.5482911817317
4.194227940706621,910.5686466724212,744.3492761024504
4.19488908606791,1733.7953371150384,745.1528624590843
4.195550253173984,982.3208503658317,745.9590781913532
4.196211439579806,2212.534450753657,746.7679410739115
4.1968726259856295,1142.7914533245796,747.5794502984631
4.197533812391453,883.0455052889299,748.3936067966413
4.198194901883562,1909.1108378870902,749.2103023276165
4.1988559260005145,1463.4881164626083,750.0296112943589
4.199516950117468,2206.930109000738,750.8516065896763
4.200177974234421,354.40210825870395,751.676311209299
4.20083905163202,1251.1375611518463,752.5038121302317
4.20150015595387,1088.3044234303272,753.3340866235677
4.2021612602757195,1162.2918911706429,754.1671101228305
4.202822364597569,941.9066057519082,755.0029220479939
4.203483350272063,826.1164493974921,755.8413708264786
4.204144292330285,1639.8946806277067,756.6825434430197
4.204805234388505,339.29216929696634,757.52654851962
4.205466176446727,2525.73278183585,758.3693249994171
4.206127149761482,1227.3296010388246,758.6013514256666
4.206788130995578,1626.6350135250302,758.0901093699189
4.207449112229675,914.8432688896432,757.57496111401
4.208110093463771,2018.9580203830915,757.0608913708937
4.208771074697868,1710.5575084933764,756.5478565027997
4.209432055931965,1215.440915529297,756.035853372281
4.210093037166062,1525.6062124105906,755.5249098899725
4.210754018400158,1187.080435765749,755.0149982047229
4.211414848735762,2513.2556434316193,754.5062318932851
4.212075667744078,1132.5437840609115,753.9985045246582
4.2127364867523935,1901.3777100866714,753.4917963251976
4.21339730576071,1128.5135694465891,752.9861242498021
4.214058204648512,939.04052773055,752.4813866546451
4.214719103849567,1237.5017333938627,751.9776946077416
4.215380003050622,1662.9355148090488,751.4749913955951
4.21604089223294,502.03775315105196,750.9733152404403
4.216701629233437,1574.1024746165751,750.472755431063
4.2173623662339335,962.0138096941502,749.973207087377
4.21802310323443,1327.3080309230493,749.4746400096684
4.218683845219681,421.17942647069884,748.9770749789059
4.219344621409345,1191.4013569082786,748.4804610860978
4.220005397599008,1463.5864016739388,747.9848583017916
4.220666173788673,1208.3906827108071,747.4902308630934
4.221326949978336,1328.310643171157,746.9965726539424
4.221987726168,2046.3992415364023,746.5039174021632
4.222648502357663,1039.1414650134104,746.0122280746384
4.223309278547328,298.285875554007,745.5214937484251
4.223970013048182,1031.491479052656,745.0317870686064
4.224630627075106,-210.89866334959504,744.5431225942176
4.225291241102031,1086.643656160546,744.0554137479646
4.225951855128955,1915.3441657745864,743.5686631219185
4.226612494956175,1524.2946453334334,743.0828515152887
4.227273189163681,1651.2315904935647,742.5982423785061
4.227933883371188,1270.8437873150658,742.1600189518588
4.2285945775786935,706.3474226403349,742.293860594964
4.229255209163743,259.9667249561135,742.4315720410433
4.2299157412337145,661.335901212216,742.5693342313429
4.230576273303686,1527.31124556506,742.7071761975924
4.231236805373656,848.3610954891029,742.8450973874981
4.2318973551019505,901.13346561786,742.9831026656583
4.232557926374357,1365.099050822746,743.1212041198
4.233218497646762,2963.2945304170535,743.259366703767
4.233879068919168,211.49225610075754,743.3976056994346
4.234539661258403,1352.047687829046,743.5359389740211
4.235200273504093,1340.088930058605,743.6743528523903
4.235860885749782,1808.446929000777,743.8128278628177
4.236521497995471,1619.1845343915772,743.9513959191297
4.237182016519964,1091.8784770632144,744.0900205994886
4.237842466653314,553.3797108840912,744.2287132037627
4.238502916786664,1806.3825154728129,744.3674717637839
4.239163366920014,794.5889196846656,744.5063368037514
4.239823868510682,762.7980534624646,744.6452668671946
4.240484398814887,189.67821914745883,744.7842829083974
4.241144929119092,1450.5376051599283,744.9233802471895
4.241805459423297,1073.1315968658005,745.0625543194654
4.242465875403826,2796.3839433362828,745.2017989363095
4.24312624362088,1716.442957495397,745.3410927586885
4.243786611837934,1140.924015296762,745.4804786507601
4.244446980054988,2241.2374576017046,745.6199458782133
4.245107346938716,1174.295871994068,745.7594898399934
4.245767713420921,260.6499354417661,745.8991079683168
4.246428079903126,1132.316630583245,746.0387891625105
4.24708844638533,2149.0142190806264,746.1785739889257
4.247748846897464,2102.8317687107997,746.318438080948
4.248409254327551,2199.348814053134,746.4583986922021
4.249069661757637,1333.0740187363463,746.5984205598766
4.249730069187723,1299.2385588633128,746.7596061498194
4.250390331778261,1963.6698241192385,750.0811945260169
4.251050577158966,1032.2802535166388,750.3849182010287
4.25171082253967,156.51164120670126,750.6685431291941
4.252371067920374,616.6391129772895,750.9525100554522
4.253031389956747,1238.1397880466145,751.2368056581998
4.2536917154961476,524.1682526233417,751.521440303225
4.254352041035549,1595.64129729714,751.8064245867508
4.255012363568641,1387.4111982756574,752.0917042031091
4.2556725270838305,1647.265725902156,752.3772636829256
4.256332690599019,2829.4905756668,752.6631497952202
4.256992854114208,1256.308924375438,752.949361413876
4.257653017492737,1709.986122901791,753.2359108776516
4.2583131793116795,29.02338414728493,753.5227912590265
4.2589733411306225,1605.002663179807,753.8099891209113
4.259633502949565,826.0525977211963,754.0975280832092
4.260293670573189,743.1326170608079,754.3854093236756
4.260953873314634,1597.7351156447016,754.6736486148669
4.2616140760560794,-110.67305415869244,754.9621998036738
4.262274278797525,2335.3460586076253,755.2511179321062
4.262934448595921,2609.783848761482,755.5403315706086
4.263594489350895,1420.7484120077818,755.8298365399164
4.26425453010587,1110.2231723821872,756.1196741162886
4.264914570860844,2295.474849616491,756.4098475709144
4.265574632826475,1774.0227784215303,756.7003719371812
4.2662347537279866,1945.9088544134593,756.9912742122729
4.266894874629499,1152.3121155700717,757.2824931509575
4.267554995531011,1680.1344985986834,757.5740688052941
4.268215063684379,846.3949933377063,757.865953779132
4.268875022624571,-30.830870702627323,758.1581353969101
4.269534981564763,1190.6671156320447,758.4506686079777
4.270194940504956,729.0113766886869,758.7435356435564
4.270854914610202,2205.9035275445076,759.03675795531
4.271514912789851,1340.4600648012376,759.3300999565155
4.2721749109694995,880.9451820825562,759.588863520865
4.272834909149149,1876.5472618608069,759.7448327897298
4.273494907328798,2023.2410933655829,759.9001771156857
4.274154905508448,1101.3274084884606,760.0556408450802
4.274814903688097,1678.1937026555622,760.2111827969779
4.275474901867746,885.5520746895041,760.3668334123678
4.27613481793916,2175.1599495979585,760.5225524146981
4.276794654195202,1715.6823333446368,760.6783517409677
4.277454490451243,1842.5215874322398,760.8342350457408
4.278114326707285,595.3612483681949,760.9902113950642
4.278774208410631,1385.4953197064167,761.1463001471171
4.279434124801052,3120.0779837298887,761.3025023027966
4.280094041191473,1254.6190892954069,761.4587727592937
4.280753957581894,998.3373767800119,761.6151558839442
4.28141377246956,1025.8018563480491,761.7716167229194
4.282073526961505,1634.5931420286072,761.9281545155848
4.28273328145345,820.0584532667162,762.0847700140087
4.283393035945396,2160.1014823281594,762.2415066134682
4.284052845448132,855.1336132697342,762.3983407371762
4.2847126800695925,1563.8558402208837,762.5552681678492
4.285372514691054,1568.1210353553186,762.7123015410286
4.2860323493125145,94.14761950510037,762.8694225777048
4.2866920632008005,1775.2984694881027,763.0266116513961
4.287351735948911,216.2607257943875,763.1838961098256
4.288011408697021,1986.4324217002288,763.3412526532097
4.288671081445131,3258.4744316567476,763.4987291916918
4.289330785793166,1181.53848526814,763.6563023968506
4.289990497799175,1211.032087280505,763.8139736206027
4.290650209805183,2646.104604813471,763.9717392447202
4.291309921811192,1722.8743498263937,764.1296273578827
4.2919696338172,1870.9886445717289,764.2875863083735
4.292629345823209,334.0980331533996,764.445641563974
4.293289057829217,1423.9848429272652,764.603793256452
4.293948769835225,555.8612979966244,764.7627230480962
4.294608332609458,898.698380027528,765.0243718662259
4.29526788277979,913.9450104441964,765.3100638584208
4.295927432950121,1022.2746352581391,765.5962417181171
4.296586983120452,74.7033065942235,765.8827429845302
4.297246611843348,523.0915867161399,766.1695922583781
4.2979062421310354,684.9264569503135,766.4567707055259
4.298565872418722,1012.3774130334556,766.7442724232639
4.299225496464693,195.2270299801714,767.0320888140719
4.29988496494181,1754.4838348774713,767.3201573978735
4.300544433418926,1403.7273727099598,767.6085580490635
4.301203901896043,208.66336880325397,767.8972837627439
4.301863374160284,1735.6052110415096,768.186324428549
4.302522881908441,2264.305942027849,768.4757116140569
4.303182389656599,2765.8367288694635,768.7654418615039
4.303841897404757,1499.1137067920602,769.0554832561407
4.304501405152915,1032.108631860317,769.3458507248904
4.305160912901073,1188.446792517976,769.6365640598825
4.305820420649231,-910.1158503773404,769.927588848369
4.306479928397388,1707.0504185599732,770.218962095509
4.307139401982075,1163.3864294127877,770.5106300136106
4.307798747957307,846.7880613586265,770.802573266588
4.308458093932539,1043.5492721137832,771.0948658657202
4.309117439907771,1274.2867772036889,771.3874704022643
4.309776807376072,1749.5331995615004,771.68042808278
4.3104362334565005,1373.1985865547717,771.9737383505698
4.311095659536929,507.2902641258996,772.2673908469054
4.311755085617357,2840.2278360280548,772.5613780223733
4.3124144590981475,1276.6801052103535,772.8556732901505
4.313073723430738,1477.4371930678549,773.1502492041844
4.313732987763328,772.7765036271778,773.4451787218009
4.314392252095918,228.6606903755524,773.7404441326379
4.315051531428613,555.010658927112,774.0360489315602
4.315710835045365,1845.7060305423017,774.332424222636
4.316370138662116,937.0752063134544,774.6947603765079
4.317029442278867,2191.148486550694,775.1722056369938
4.317688745895618,2155.4226773273444,775.6512857859533
4.31834804951237,749.5377819798566,776.1312472694035
4.319007353129121,2592.157269527462,776.6121092831864
4.319666656745872,141.41366176504312,777.0938819397005
4.320325880455034,2544.676388760524,777.5764678474246
4.3209850223615645,2225.455866088176,778.0599156237004
4.321644164268094,3381.173289291317,778.5442393691246
4.322303306174625,690.6093497762303,779.0294946487447
4.322962492136236,1735.0192177556814,779.5156855366066
4.323621714135803,1036.4428025096156,780.0028019186211
4.32428093613537,1475.937770761714,780.4908557925224
4.324940158134936,1206.6019604861428,780.979790436013
4.325599282199723,2022.5946826561096,781.469589218136
4.326258342514137,1283.4921840080658,781.9602678915924
4.326917402828552,1839.285497891471,782.4518744543009
4.327576463142967,1025.4381157065045,782.9444065606057
4.328235549438087,1537.2122926880897,783.4378821741356
4.328894649049759,1328.899772948034,783.9323104168897
4.32955374866143,1246.0653784996923,784.4276854839031
4.330212848273102,1164.6732527118554,784.9239719726536
4.3308719478847735,940.0081950762551,785.4212184788066
4.331531047496445,1768.2184265841825,785.9194123411919
4.332190147108117,2100.5599244040986,786.4185631555247
4.332849246719788,-199.74423457206333,786.918631234629
4.333508221701821,2312.737716779836,787.4195905478044
4.334167159665929,1975.8990962012854,787.9214686822819
4.334826097630038,1689.2317439346482,788.424327995935
4.335485035594147,927.2133632888841,788.9281301399297
4.336144039679722,2410.7990594123967,789.4329402460398
4.3368030577247065,877.4931121184683,789.9387411630108
4.337462075769691,17.84054779190936,790.445522935624
4.338121093814676,2028.3750532784059,790.9576484617126
4.338779969611331,1180.4770689403451,792.1292310874777
4.3394388260338035,1852.8062212647599,793.3889640118695
4.3400976824562765,1320.6553773654664,794.6552346647612
4.340756538878749,1076.587753904602,795.9276059978124
4.3414154320298906,1038.892560451313,797.2061762106897
4.342074327762692,1779.4905802491512,798.4909271923871
4.342733223495493,2067.8947542942456,799.7818914800418
4.3433921192282945,273.220115830068,801.0791611674749
4.344051014961096,851.2851905315165,802.3827521368916
4.344709910693897,2127.228006916446,803.6927257971213
4.345368806426698,2958.044140993491,805.0091461617529
4.346027695413643,1382.3977165457766,806.3320125164919
4.346686429561493,3015.9647909518,807.6611357414574
4.347345163709344,2104.6314474575643,808.9968306406769
4.348003897857194,835.210023688217,810.3391731110909
4.348662639628775,-174.92916489827525,811.6882465095223
4.349321453845341,1788.775914692261,813.0442043141884
4.3499802680619055,1539.0929227408265,814.4069939975975
4.350639082278471,934.4531406211581,815.7766559511324
4.351297872513487,1488.0573688515656,817.1532104205355
4.351956525170133,685.500219902925,818.536450531467
4.352615177826779,789.00350613352,819.9267393657731
4.353273830483426,1746.5723482773417,821.3241306201802
4.353932491060429,1660.0105820132655,822.7286971882456
4.354591183040453,3133.702922111101,824.1405698751784
4.355249875020476,2858.25594622326,825.5597498975839
4.3559085670005,-549.3775045016368,826.9862596129642
4.356567258980523,136.74550085565335,828.4201950896905
4.357225950960547,1563.3092642011231,829.8616023991532
4.35788464294057,2569.527964727882,831.3105676983943
4.358543334920594,809.5030486882225,832.7671382105609
4.359201977410726,1934.7858300554176,834.2312878028757
4.359860507868364,2184.840726455951,835.6981670687921
4.360519038326002,2223.5528793298654,836.4494676537973
4.361177568783639,1657.336099540914,836.1548746383596
4.361836127952966,1290.2781151856943,835.8536309022213
4.3624947384671575,607.4342104397191,835.552674337151
4.36315334898135,218.9156255819429,835.2520685117087
4.363811959495542,-26.78043136033928,834.9517883533432
4.364470503691721,688.4717941194266,834.6518436655265
4.36512895270854,1656.981916522179,834.3522722285866
4.36578740172536,831.4935796576966,834.0530251219994
4.366445850742179,612.8671336981607,833.7540990668799
4.367104299123726,1940.851874846418,833.4554930396461
4.367762746766693,882.0254759865359,833.1572030355939
4.3684211944096605,1596.5773640297466,832.8592427004585
4.369079642052628,2352.118849208213,832.5615989877937
4.369738110597369,-872.7759757708969,832.2642688049636
4.370396598950591,482.9297707200972,831.9672519183325
4.371055087303811,1989.8221610013477,831.6705572978857
4.371713575657033,660.3148272882054,831.3741552206886
4.3723719728343085,679.0099997176325,831.0781382805828
4.373030299727662,1392.7409620645813,830.7824505011757
4.373688626621016,2671.8072427058964,830.4870798021805
4.374346953514371,241.86907074905008,830.1920255286662
4.375005329692871,1168.7287071700825,829.8972771770606
4.375663736630618,1653.2312494569167,829.6028338355037
4.376322143568365,1260.005571666465,829.3086804480523
4.376980550506112,3110.702837785505,829.0148629199409
4.377638849846886,1749.6624967602584,828.7213847271776
4.378297095349761,1809.3789909054206,828.4282507768537
4.378955340852635,1718.7161477997256,828.1354294277951
4.37961358635551,1295.6081515020298,827.8429219901042
4.380271830900638,1225.114346316355,827.5507193004206
4.38093007506782,564.2881633737201,827.258832598472
4.381588319235001,529.8579162598976,826.9672549962479
4.382246563402183,1196.3344600823898,826.6760281969576
4.382904838768556,1603.0517498785043,826.3935422901154
4.383563123620833,969.0985067823716,826.1123440593084
4.384221408473111,1709.438367675589,825.8314189317531
4.384879693325389,707.7083964845293,825.5507947071295
4.385537846333017,2325.4666278682303,825.2704953310706
4.3861959697879,717.6024242212284,824.9905039318364
4.386854093242782,970.1528306390111,824.710804649368
4.387512216697664,2185.118950330439,824.4313841125297
4.3881704095164205,994.8899507538607,824.1522356867632
4.388828613003534,1887.9317907153138,823.8733493338043
4.389486816490649,556.036000635802,823.5947425811969
4.390145019977764,2270.968042470572,823.316421587436
4.390803075605823,1226.3298301962525,823.0384594384782
4.391461117720518,2326.8588862053734,822.7607643441941
4.392119159835214,1986.7501306871116,822.4833672263028
4.392777201949909,1459.3755997507953,822.2062556287294
4.393435321337123,1129.6455143046132,821.9293785451565
4.3940934434791865,1428.1713069142122,821.6527901006566
4.394751565621249,1438.410865356245,821.3764727466695
4.395409684804328,836.6481543751735,821.1004434535542
4.396067604946435,2213.0176981609293,820.8247581039167
4.3967255250885415,2240.539933307685,820.549369006746
4.397383445230648,-93.81700013433043,820.2742594405883
4.398041367862225,2696.0010528241633,819.9994240510223
4.398699327374488,2544.689138219232,819.724838359138
4.399357286886752,1270.1278440519009,819.4505276213121
4.400015246399015,2064.569642707889,819.1765222446367
4.400673205911278,1310.8462407453105,818.9027626009898
4.4013311654235405,555.1059900693082,818.6292979589803
4.401989124935803,491.2576470452272,818.3560924702413
4.402647084448066,1149.199543850623,818.0831563106125
4.403305018245659,1134.7366403005972,817.8105254648818
4.4039628164603855,1568.6186144835197,817.5401254262594
4.404620614675112,2934.3261904802243,817.5600850813132
4.40527841288984,2510.945109401901,818.0548936481335
4.405936227689245,857.9881909462836,818.5537886193152
4.406594105916745,949.0171278392868,819.0536634897152
4.407251984144246,2191.010531192108,819.5544380573734
4.407909862371746,-196.10828408863995,820.056131187792
4.408567699493634,2519.396834659986,820.5587356927832
4.409225416448545,678.7123539270005,821.0621608933274
4.409883133403455,501.0822578093391,821.566508695167
4.410540850358366,922.5175175472783,822.0717927847785
4.411198579216663,2000.547645077838,822.5780206338301
4.41185633555467,1471.1891963342282,823.0852114347382
4.4125140918926755,3103.142295535866,823.5933428665062
4.413171848230682,2603.2775103643703,824.1024189002748
4.413829604568689,1183.2696376521994,824.6124370021765
4.414487360906695,831.777365861427,825.1234069377623
4.415145117244702,1939.0713587458908,825.6353361095843
4.415802873582708,1352.4311614871492,826.1481879161832
4.416460566072211,2907.892941841954,826.6619818481743
4.417118161175034,582.9533988528119,827.1766516694092
4.417775756277856,226.800078840709,827.6922984374194
4.418433351380678,-120.31091416562361,828.2088833141192
4.419090981893927,218.25660263647003,828.7264882209672
4.41974865699736,602.9752003974506,829.2450858231647
4.420406332100794,6.75156838734277,829.7646616943312
4.421064007204227,1006.4393412519543,830.2852340703741
4.421721603473641,1001.2183417591348,830.8066984766615
4.422379117366818,1634.885766658243,831.3291152714509
4.423036631259995,1618.0331082184455,831.8524999503256
4.4236941451531715,957.8303193167043,832.3768731187573
4.424351658404852,2616.3528758927164,832.9022482594228
4.425009171099321,2813.700447573687,833.4286091324751
4.425666683793789,601.5251613315859,833.9559744627824
4.426324196488258,1548.8009279669097,834.4830445173171
4.426981732750657,1803.9128475072337,834.8162006268302
4.427639286039847,278.7226994523952,835.1102242035782
4.428296839329036,1307.1834967637762,835.4043144995305
4.428954392618225,2005.4048467726382,835.6987154168149
4.429611844977622,901.0162804601783,835.9933844939492
4.430269237093932,2669.637488182568,836.288329646838
4.4309266292102425,2251.4170313218583,836.5836021594805
4.431584021326553,63.49335216471901,836.8791781084467
4.432241467165575,1707.125134479628,837.1750960492611
4.432898939270334,1586.9041444703373,837.4713223492715
4.433556411375093,1878.385598388,837.7678732402228
4.4342138834798535,1883.9220596753723,838.0647404073951
4.434871240074252,1609.3238005974797,838.3618682358315
4.435528551031042,1379.6051469144875,838.6592853357643
4.436185861987832,1477.9077903687507,838.9570422465246
4.436843172944623,1841.039343527223,839.2550926703086
4.437500483017236,1549.160657701157,839.5534632122138
4.438157792813262,286.559551698121,839.8521694520846
4.438815102609287,808.063586526341,840.1511704508326
4.439472412405313,1217.1068889415349,840.4504980176561
4.440129722201338,930.4309609681359,840.7501626453032
4.440787031997363,1882.412673606303,841.0501223646208
4.441444341793389,1454.1136923921313,841.3504171065798
4.4421016515894145,1405.6635050573793,841.6510408865631
4.44275882443626,2351.282456498608,841.9519125054163
4.443415973134113,2500.919889673759,842.2530875656787
4.444073121831965,1640.069767560841,842.5545798103243
4.444730270529817,1789.8390803423636,842.8564239498556
4.4453874907277315,2598.074011154967,843.1586007965124
4.4460447193994375,1634.6441572269473,843.4611306726056
4.446701948071144,2051.5381513763573,843.7639607290836
4.44735917674285,825.4539096269632,844.0671198702918
4.448016254369026,2032.2681257400914,844.372626520482
4.448673321967447,1621.9707923537323,844.9961833702072
4.449330389565867,2371.5438827886505,846.4459286513636
4.449987457164288,1526.7962172464308,847.908682888088
4.450644563445922,1629.000049762366,849.3791673050673
4.451301670468689,1080.3821706082467,850.8573141523818
4.4519587774914555,646.8260324990893,852.34323671285
4.4526158845142225,2726.889229563873,853.8369568894555
4.453272991536989,195.77038922616092,855.3385961601072
4.453930098559756,1281.5460486761312,856.8481670752519
4.454587205582522,1889.6728778327356,858.3657900794449
4.455244301793547,1930.2614039414443,859.8914763364328
4.455901247780345,1416.4556378251323,861.4249960545895
4.456558193767142,1566.7596120920252,862.9667423324133
4.45721513975394,1841.701142665212,864.5168263447683
4.457872094525591,30.09242821384243,866.0753104906036
4.458529120474079,3182.3658380153006,867.6424188068437
4.459186146422568,1728.623155702687,869.2181040151866
4.459843172371056,1916.3090031698675,870.8024010414838
4.460500173790511,1125.6708905103173,872.3953357653453
4.461157038727898,2512.1980347417234,873.9967058241303
4.461813903665287,1776.0611477386028,875.6069657790048
4.4624707686026746,2458.2344212778858,877.2261630798428
4.463127633330412,2891.4853922660495,878.8543637297304
4.463784497190348,1405.6725936645864,880.4916936426569
4.464441361050284,2244.586393024397,882.1382007743771
4.46509822491022,875.0447010395069,883.7940046093518
4.465755098335014,335.99582693855234,885.4591931903853
4.466412002709589,1050.9569520790706,887.1339034253693
4.467068907084165,2060.0722155212834,888.818187478797
4.467725811458742,1683.2543218302947,890.5120845015759
4.4683826598568235,478.751886733685,892.2155775220774
4.469039362755375,2114.7532562186134,893.9285271729344
4.469696065653926,1838.7660768944622,895.651363308901
4.470352768552476,957.591899926149,897.3778794080715
4.471009496961489,494.9655025569428,898.1577753748336
4.471666279807136,2903.670269970646,898.5148514147013
4.472323062652782,3006.269322763439,898.8695316197941
4.472979845498428,1725.8919633556693,899.2246388795771
4.473636570389632,2033.1602945609698,899.5801562137821
4.47429319229874,693.9379383871546,899.9360084043522
4.474949814207847,1003.7421456607766,900.2922958897307
4.475606436116956,612.6606935901596,900.6490005299229
4.476263073841765,1484.5119495462245,901.0061393043458
4.47691973520344,2267.7303319494044,901.363720950262
4.477576396565114,1607.4160948401277,901.7217266183998
4.478233057926789,1214.6509045444918,902.0801511492677
4.478889719288463,2096.8649686490303,902.4390082856977
4.479546380650138,1541.9492519148646,902.7982924378526
4.480203042011812,1417.2835863998387,903.157993558892
4.480859703373487,626.8012529390711,903.5181360822461
4.481516287270956,1504.6004453040184,903.8786661724688
4.482172787733348,1185.0808169633804,904.2395729939623
4.482829288195741,943.7662212310387,904.6009207036302
4.4834857886581325,2175.6915577035043,904.9626985729745
4.484142330805343,1220.7701012777095,905.3249339116145
4.484798911202668,2073.068512850045,905.6876237559201
4.485455491599992,217.2597620821125,906.0507527203473
4.486112071997316,-200.16893472793973,906.4143139038657
4.48676856209914,-126.25393778141849,906.778256349587
4.48742498162201,1658.756733867036,907.1425975776091
4.48808140114488,3004.7485004171544,907.5073828365694
4.488737820667751,-927.8990568950429,907.8726069305923
4.489394239593176,653.0188562999389,908.2382591293848
4.490050658121682,1588.4746870862841,908.6043732125316
4.490707076650187,1225.1653448402221,908.9709153548711
4.4913634951786925,1888.7907848483903,909.3379148093605
4.4920199395871965,1295.879610794387,909.7042593708738
4.492676398575424,541.8139065164323,909.8965093767586
4.493332857563651,707.7033241124419,908.5541929498634
4.493989316551878,2147.503916002557,907.2076382445639
4.494645638926086,2838.4029333271183,905.8673322432385
4.495301896629771,3108.157953748489,904.5330824634312
4.495958154333456,858.2385120600263,903.2047144692034
4.496614412037141,429.02137774656074,901.8821910847267
4.497270727066498,3016.7696865620305,900.5653442129493
4.497927064690519,2131.6072485863674,899.2541981283174
4.498583402314542,2215.509689597833,897.9487859699246
4.499239739938563,-276.8811335962097,896.6490304690448
4.499895956059644,2972.9738033247622,895.3615106362994
4.500552132883652,2097.8987060067807,895.0319590810333
4.5012083097076605,1516.746093202652,894.8884967762447
4.501864486531669,1859.3645426969542,894.7463083476075
4.502520726784679,270.4778269552665,894.6041702792198
4.503176983524158,2268.4500435865234,894.4620910736555
4.503833240263637,2347.137251508002,894.3201049807583
4.5044894970031155,881.7475366996491,894.1781535407032
4.505145620051095,2488.8220190984616,894.0363215384045
4.505801716015358,2947.5966199630857,893.8945649892363
4.5064578119796215,1328.1970797725248,893.7528705957355
4.507113907943886,2403.9747021685384,893.6112419276014
4.5077700030963035,1083.480956023398,893.4696647863269
4.508426098126489,1092.5695844830998,893.3281788754247
4.509082193156675,1752.5900379855182,893.186758057476
4.50973828818686,2494.3775492214672,893.0454079489504
4.5103944198376675,710.5437473987898,892.9041121116286
4.511050555287705,412.96544827159374,892.7628906226712
4.511706690737742,1125.3080299732012,892.621737840032
4.512362826187779,2389.4191399759884,892.4806190000959
4.51301881004333,1131.668737656223,892.339649327249
4.513674784755336,1356.3200824030503,892.1987159427784
4.514330759467343,1223.4791417317074,892.0637157248804
4.51498673417935,2380.461087823876,892.8132570095557
4.515642787195036,1919.5096160342048,894.534071214396
4.51629884181035,933.8794782303298,896.2713478317727
4.516954896425664,1783.8195877184255,898.0187831555285
4.517610947702224,1874.0248415710748,899.776451258586
4.5182668012067815,861.2369450601674,901.5439379611648
4.518922654711339,3561.116946312011,903.3218938765384
4.519578508215897,1966.800791714279,905.1103791078531
4.520234363803518,347.59607547151415,906.9095363044236
4.520890256809122,1355.8271890623735,908.7195566325717
4.521546149814727,1017.5283988975029,910.5404407375589
4.5222020428203304,1691.471741775931,912.3723239492389
4.522857935825935,1137.0858396598135,914.2153027098767
4.523513828831539,2339.161758582363,916.0694639744571
4.524169721837143,114.44496541501442,917.934953104976
4.524825614842747,1571.1530345332935,919.8118667239561
4.525481487922286,351.28356444761863,921.7002876211707
4.526137220264179,200.17451794017862,923.5999579169362
4.526792952606072,615.2456192131198,925.5114274710728
4.527448684947965,3105.0079393125707,927.4347855530434
4.528104430026022,1716.6058480210675,929.3702239979691
4.528760242256625,719.5601943910686,931.318008470199
4.529416054487228,2584.8604025647405,933.2780848274094
4.530071866717832,1734.520826361869,935.2505933033959
4.530727647691295,3702.306288012387,937.2355349616247
4.531383299282946,1900.093944388617,939.2327567304363
4.532038950874597,2335.717581504624,941.242812325395
4.532694602466248,1822.9774622635828,943.2657945701243
4.533350253862514,286.62463076039865,945.3018889698667
4.534005904602787,104.35974992911278,947.3511894251325
4.53466155534306,693.3962885271529,949.4138782039212
4.5353172060833336,672.5450607662084,951.4900691339848
4.535972856823607,1074.52493324491,953.5799399454379
4.53662850756388,1769.5163691258833,955.6615687491503
4.537284158304154,240.87939381457605,954.4418749816076
4.537939809044428,155.89883953245507,952.5764932128088
4.53859541195288,1129.3110756525127,950.7179657232688
4.539250902103695,1790.2821939817893,948.8706035174774
4.539906392254511,2146.0245429614224,947.033949242895
4.540561882405327,2260.555915590991,945.2079312475795
4.541217399057343,625.3191653727952,943.3923712192762
4.541872969082273,486.8869222176662,941.5870637493553
4.5425285391072014,-91.76565159211636,939.7921035093547
4.543184109132131,848.8952816169564,938.0073680607142
4.543839620474104,2105.561715302623,936.2329200246281
4.544495029934312,2518.7722473979693,934.4687688044695
4.54515043939452,1038.512764054847,932.7145553147117
4.545805848854728,503.2561069118178,930.9701902758089
4.546461257993258,-282.076579769309,929.2355724039107
4.547116666647104,2918.2906918835715,927.510637207518
4.5477720753009505,868.6657797462154,925.7952525728613
4.5484274839547965,3910.011265956848,924.0893511479313
4.549082910019006,1697.9926660033855,922.392820140632
4.549738359008175,245.22037340540683,920.7055295846744
4.550393807997343,1629.271454675669,919.0274671057985
4.551049256986512,-116.55340754238973,917.3585557859052
4.551704631394607,2210.2883251794115,915.6988871864586
4.552359919856145,606.4203790843301,914.0484162519133
4.553015208317683,1554.3615378301067,912.4068281242504
4.553670496779222,2736.155703701438,910.7740622033832
4.55432580490286,1977.9793731605037,909.1499833788082
4.554981132900952,1110.2715674865142,907.5345114027035
4.555636460899045,2435.4804067598925,905.9276299657392
4.556291788897138,1699.9782310506855,904.329267324164
4.556947031908899,3084.512724394018,902.7395252065447
4.5576021994164355,2368.94567164626,901.1583152200756
4.558257366923972,2502.384785305964,899.587217944954
4.55891253443151,2240.342654257891,898.3037453978764
4.559567724144007,988.7013172038714,898.253295380229
4.560222931195685,2047.6868981416828,898.2110718605867
4.560878138247361,1007.2343488128797,898.1688419331139
4.561533345299037,842.9964141003052,898.1266157070559
4.5621885523507135,375.04741511257623,898.0843973055669
4.56284375940239,583.0493437993764,898.0421917337926
4.563498966454066,1073.1313882601207,897.999996932606
4.5641541735057425,1044.881805697857,897.9577974806991
4.564809280352329,1409.4515922820412,897.9156046863754
4.565464326950509,781.5702080161536,897.8734334792883
4.566119373548688,1401.535181382603,897.8312662982494
4.566774420146867,972.720565319551,897.7891057449832
4.567429519105883,1438.7178429455082,897.7469433944445
4.568084645551414,1011.4074949115403,897.7047811177704
4.568739771996945,106.59655050299175,897.6626423668856
4.569394898442477,3470.7781903986706,897.6204980763322
4.5700498870454505,1236.3025638878585,897.5783686387218
4.5707048127788905,1943.4021070112597,897.5362580003789
4.571359738512331,381.61176929972703,897.4941352846207
4.572014664245771,940.9422088024642,897.4520256798097
4.572669618354499,1661.8480114842057,897.4099335735544
4.573324583647223,1984.3087104010763,897.3678340100462
4.573979548939948,1850.7047285714777,897.3257402328398
4.574634514232673,331.2973432792413,897.2836671434445
4.575289479525398,1615.52218710534,897.2415716243563
4.5759444448181235,76.71568662009865,897.1994965083463
4.576599410110848,2413.081508005417,897.1574402779768
4.577254375403573,735.2389562955435,897.115376525026
4.577909216026351,1228.5442802790199,897.0733274094887
4.578564020939645,877.9362475393523,897.0312899625451
4.57921882585294,770.9661491360681,896.9892484376692
4.579873630766235,909.5953232226344,896.9472299142462
4.580528500114854,1382.5203998643226,896.9067575732093
4.5811833848609025,889.7990748586028,897.0998071235118
4.581838269606952,1986.3697589855515,897.5241069761871
4.582493154353001,1154.5828607957415,897.9505630791504
4.58314790493505,1743.666591584243,898.3775255959632
4.583802629326343,1187.9206249612978,898.8050832615733
4.584457353717637,458.2235749721093,899.2332489248354
4.5851120781089305,-513.891763517738,899.6620347443752
4.585766801912079,1317.8166847626817,900.0914281888068
4.586421525624196,2121.521977925015,900.5214483292358
4.587076249336312,2840.2368710704804,900.9520650764711
4.587730973048429,1169.118083513735,901.3833002003041
4.588385696760546,884.5389928105734,901.8151746300435
4.589040420472662,1678.62034038499,902.2476555594877
4.589695144184779,1343.1614914061915,902.6807528519258
4.5903498678968955,1358.3922251992713,903.1144853552988
4.59100444363176,3376.9358391725027,903.5487407921718
4.591659007038448,2255.18941995742,903.9836234627332
4.592313570445135,383.811630574102,904.4191182385692
4.592968133851824,2692.797591300613,904.8552579281841
4.593622773198784,975.1173667079191,905.2920718630218
4.594277416423629,2107.147222748054,905.7295210372417
4.594932059648474,1770.7235545472083,906.1676019841553
4.595586702873319,85.14800827661155,906.6063208748803
4.596241189104395,2062.161466918881,907.0455679092603
4.596895672048465,1435.2720521534354,907.485455540381
4.5975501549925335,1824.92227633795,907.9259952874565
4.598204637931955,1129.7473369626157,908.3671498618003
4.59885912024161,2600.235645767747,908.8089614428532
4.599513602551264,1317.7869780082956,909.2514173342215
4.600168084860917,1436.8236895529399,909.6945222735975
4.600822567170572,809.7229989475026,910.1382730838811
4.601477049480225,921.8521459098594,910.5826724467804
4.60213153178988,1559.325007659553,911.0277372855337
4.602786014099534,1769.2215879613286,911.4736674509538
4.603440486551196,681.6349733210538,911.9545729419957
4.604094808629357,1330.4072520138436,912.4448081151442
4.604749130707519,2824.2036555069585,912.935884616378
4.60540345278568,1660.9263495388864,913.427758136118
4.6060577819167925,3083.0740787968284,913.920424114997
4.606712183798513,1995.0252471206236,914.4139526846409
4.607366585680234,1709.7821728548884,914.908259309008
4.608020987561954,2732.914830451129,915.4033930266588
4.60867537102145,1814.4348864889591,915.8992946878918
4.609329612696309,262.1016470733739,916.3958999793343
4.609983854371167,441.1007734209856,916.8933121321975
4.610638096046026,709.5638925667865,917.3915471494302
4.6112923490010225,1388.5622008928494,917.8905907323256
4.611946670474573,1730.8694398543664,918.3905150825133
4.612600991948125,2586.863378052122,918.8912336511805
4.613255313421677,1610.9958473956865,919.3927799472934
4.613909601337736,1017.2595164759184,919.8951278968972
4.614563722444683,2094.3652179566598,920.3981675740737
4.615217843551631,1422.274842578064,920.9020211582131
4.615871964658579,726.7193304747262,921.4067018446136
4.6165260934147305,1645.4170543579914,921.9122363387704
4.61718025413121,1604.7626654861715,922.4186106289511
4.617834414847689,1330.6082283363894,922.9258339248227
4.618488575564168,-88.76885232723691,923.4338821621649
4.619142736280647,1713.4294896315214,923.9427720999901
4.619796896997127,1251.8541202072831,924.4524965302047
4.620451057713606,3020.9038393400638,924.96305602225
4.621105218430086,1574.3188517468452,925.4744696611003
4.621759340168876,-372.71159426914863,925.9867125599287
4.622413340752343,845.6445917129676,926.4997063546923
4.623067341335809,965.9325432796221,927.0135545843053
4.623721341919275,1841.2693915450468,927.5282410503456
4.624375363909656,-258.703151876204,928.0437345984801
4.625029444277217,1380.5611582187248,928.5493180228959
4.625683524644778,2032.7239664613867,928.9442643223382
4.626337605012339,1419.8843514751222,929.3389907138048
4.62699162670905,1425.565389092947,929.7341657108149
4.62764550681344,-206.28513461325616,930.1297793417647
4.628299386917831,980.6888846940868,930.5258823078477
4.628953267022221,397.4992432523042,930.922503698528
4.629607159693085,190.84190407115017,931.3196420398576
4.630261079422009,800.1420288002936,931.7172859919352
4.630914999150934,-101.19577481563536,932.1154516083304
4.631568918879859,833.2248149915939,932.5141362178908
4.632222838608784,114.36560812819576,932.9133252474679
4.632876758337709,2867.358729632137,933.3130118492076
4.633530678066633,1137.2674751282375,933.7132436580797
4.634184597795559,1623.4592890925908,934.1139674327507
4.634838459182582,1761.0183038126384,934.5151797025833
4.635492218852277,2679.5441875215415,934.9168449133294
4.636145978521973,1941.1047798884094,935.3190259118022
4.636799738191669,1442.9832481690323,935.7217305842416
4.637453528807098,1074.907178119753,936.1249863903201
4.638107368246291,683.4432541950011,936.5287647310271
4.638761207685483,2864.010361897961,936.9330904013434
4.639415047124675,1315.699169717736,937.3379300237183
4.640068804271591,2000.6561564863446,937.7432538749484
4.640722443550947,750.800636793434,938.1490202304191
4.641376082830305,1020.6162262216807,938.5553059919583
4.642029722109661,676.574118183316,938.9621337422243
4.6426833785861366,894.7823850600699,939.3695011461783
4.643337057504998,155.0266415311179,939.7774080184548
4.643990736423858,2180.6077287112203,940.1858454226842
4.644644415342719,-251.82890917681127,940.5948071627514
4.64529809426158,1440.985078580581,941.0043139729327
4.645951773180441,1358.6028388229286,941.4143605881169
4.646605452099302,187.37898073578748,941.8257951675106
4.647259131018163,-65.46720015947649,942.3681898831112
4.647912733420515,1050.2629691141237,943.1596605228198
4.648566252353866,-434.8844896099834,943.9546955544632
4.649219771287215,2575.3588513456066,944.7517172916997
4.649873290220564,1767.8878873316753,945.5507791939173
4.650526828987083,1147.6632813426443,946.3518889106073
4.6511803875674085,154.00665049135927,947.155064908005
4.651833946147735,-106.12706464362782,947.9602704157362
4.652487504728062,1515.1160054357283,948.767558872464
4.653140979858603,1397.4506403522075,949.5767910313692
4.653794378490253,1246.820590059496,950.3879905849866
4.654447777121902,798.9885020876405,951.2012860016513
4.655101175753552,1787.4728534907329,952.0166530544644
4.655754595916325,1502.0347089490308,952.834138692877
4.656408034202416,508.2504457223441,953.653778575554
4.6570614724885075,1630.799210597901,954.4755314341262
4.657714910774598,1636.0376327298045,955.2993974325807
4.65836834906069,940.0087867819212,956.1254065961344
4.659021787346781,1755.6939739145248,956.9535587194868
4.6596752256328715,536.0228483355495,957.7838598472277
4.660328663918963,1390.8718445200325,958.6163372021832
4.6609820087409455,866.1819264131553,959.4508514216577
4.661635287115179,2053.9435546195473,960.2874548395914
4.662288565489412,98.38106449535375,961.1262568719883
4.662941843863646,887.6721829594675,961.9672671771781
4.663595146232551,1243.010551179031,962.810504396346
4.664248464268682,1601.0773976044698,963.6559877495113
4.6649017823048124,3012.262006116918,964.5036988988105
4.665555100340943,70.74963401108663,965.3536407009007
4.666208318455164,1538.131688343296,966.2057092582254
4.666861476616239,2757.016106461568,967.0599622073918
4.667514634777313,1105.3428841658406,967.9164629819348
4.668167792938387,786.6543952616179,968.7752485551752
4.6688209508483896,983.0170935878629,969.6414680215224
4.669474108620069,1958.7388978296844,971.2882520573769
4.670127266391748,-316.72409669849577,973.5125874498191
4.670780424163428,780.629309396276,975.7560436547764
4.671433608526834,1247.8826131641345,978.0151587031041
4.672086806357254,1748.3942483359706,980.2900750492153
4.672740004187674,1270.9280026903298,982.5809113209116
4.673393202018095,1672.5747626970392,984.8878838451986
4.674046263306147,1041.6924327878264,987.2106668920374
4.674699261251814,206.49628758477525,989.5497497122657
4.675352259197482,2094.7391873978236,991.9054862350952
4.676005257143149,757.0536898149753,994.2781301371978
4.676658311046921,506.09688972890876,996.6680682557349
4.677311388715856,1406.9310762731295,999.0753870927243
4.677964466384792,1032.4570465920442,1001.5002213814091
4.678617544053727,896.7553633512834,1003.9427798893461
4.679270506592236,1147.1861142031294,1006.4028360853197
4.6799234244596715,1350.5997867395715,1008.8808783583873
4.6805763423271065,2277.0453980650313,1011.377297113624
4.681229260194542,-990.9630213415434,1013.892338470108
4.681882177807058,192.6811724205263,1016.4261987200783
4.682535095329435,1419.0680629278104,1018.9791516941344
4.683188012851811,1024.0366560008533,1021.5513788220474
4.683840930374187,1935.40621972475,1024.1431999413728
4.6844938478965625,-47.093022493905394,1026.7548088119108
4.685146765418939,2176.8253030564674,1029.3864766918457
4.685799682941315,1250.986568227219,1032.0384730860324
4.686452600463691,2252.211302874223,1034.7110287273908
4.68710539434949,524.5377225226646,1037.4039533174025
4.6877581521193665,236.51718160270195,1040.1178207846863
4.688410909889243,3145.7922360146354,1042.853072881392
4.68906366765912,2910.0948664016764,1045.6100008853448
4.6897164884992595,2014.183916135834,1048.3891290482443
4.690369325977806,-1115.4916313210558,1051.190589615288
4.691022163456352,694.4176831863764,1053.9948607131034
4.6916750009348975,1692.790857413095,1053.8443216703376
4.69232770929737,551.2425636942439,1052.9122903784644
4.692980387047906,1477.8268173812157,1051.9776949337875
4.693633064798442,1178.042309279439,1051.0456123791414
4.694285742548979,1000.4681604941754,1050.1159753121012
4.694938420051306,55.759485660487364,1049.1887959035992
4.6955910975010555,1062.996242854779,1048.2640801622763
4.696243774950804,1256.3945443847929,1047.3417823566456
4.696896452400552,-202.02043796615706,1046.4219417163556
4.697549129850302,2292.3224054398124,1045.504501797597
4.69820180730005,567.9523738317414,1044.5894810791578
4.698854484749798,2175.7762381151815,1043.6768459898162
4.699507162199548,1274.3245675146015,1042.766618292231
4.700159702736984,109.90201179494093,1041.8589432552956
4.7008122205076805,1097.1766209580326,1040.9536606826262
4.701464738278378,-48.67974424720449,1040.0507320405402
4.702117256049075,270.535931847308,1039.1501466631998
4.702769843415886,76.21128741561873,1038.2518130355706
4.7034224408806535,1455.053695234365,1037.3557769690058
4.704075038345421,-557.7562577123088,1036.4620592315157
4.704727635810189,-131.34845769797056,1035.5706609783663
4.70538005582288,29.179747793247518,1034.68179527751
4.706032453660155,913.0341708025873,1033.7952114157756
4.70668485149743,958.221937744572,1032.910930610752
4.707337249334705,948.0452653691422,1032.028924817072
4.707989683077634,2069.1157835555787,1031.1490995180416
4.708642120631236,2165.3623950112983,1030.2715370087462
4.709294558184838,2269.2715357434618,1029.3961910828925
4.70994699573844,-1224.824871869457,1028.5230697354525
4.7105994332920424,2917.8468574476433,1027.6522003903558
4.711251870845644,202.29338881581296,1026.783494182478
4.711904308399246,20.60355201751081,1025.9170208141118
4.712556745952848,-659.3925230451191,1025.0527124752364
4.713208997248143,2697.647000176169,1024.1947901591675
4.713861235242753,1166.5678725213675,1023.9301987613949
4.714513473237362,2004.6002490184453,1023.6761226234044
4.715165711231973,3345.1733546189425,1023.422321311562
4.715818024721354,2731.6463108402904,1023.1686636123059
4.716470342393002,837.03707408516,1022.9152036785022
4.717122660064651,3184.3461064356125,1022.6619215316115
4.7177749777362985,1452.2227875931485,1022.408825156137
4.718427141994194,407.0136714264687,1022.1559689967852
4.71907930009684,1778.852709397226,1021.9033247086705
4.719731458199486,1633.8682224977963,1021.6508425204892
4.720383616302131,1388.8196500006486,1021.3985710132378
4.721035852092926,875.122579467955,1021.1464241059286
4.721688089867743,2356.9104051433746,1020.8944865376162
4.722340327642561,1079.6929654468597,1020.6427312064626
4.722992565417379,496.1103737223062,1020.3911464265244
4.723644606007649,951.5867756915392,1020.1398534115445
4.724296644309039,104.7390204175578,1019.8887168415745
4.724948682610428,1458.1821848900668,1019.6377754953648
4.7256007209700295,1206.0348271996168,1019.387035341662
4.726252799009887,1199.1037009976874,1019.136459810895
4.726904877049745,376.26096431562235,1018.8860501074948
4.727556955089603,1017.7781137147526,1018.6358337447448
4.728209033129461,866.4863771593325,1018.385798617534
4.728861111169319,529.775444502766,1018.1359514891224
4.729513189209177,2756.504460837163,1017.8862972434104
4.730165267249035,-1787.2708636002278,1017.6368123567673
4.730817340031143,2440.7066384379646,1017.3875136815758
4.731469218665977,184.96214159092918,1017.1384848655888
4.732121097300809,2863.552122514836,1016.8896297855063
4.732772975935642,1708.0674435474452,1016.6409451849992
4.733424857623664,986.2047927347102,1016.3924523879037
4.734076815913636,610.1067649498926,1016.1440933963358
4.734728774203609,-1347.8202045740377,1015.896286680436
4.735380732493582,230.32725898653555,1015.7028094354595
4.736032682802815,968.3787275177821,1015.7831746167151
4.73668448163369,1125.313721688541,1015.86535176989
4.7373362804645645,1488.194439121779,1015.9475445213507
4.737988079295439,-717.7568315751158,1016.0297896097915
4.738639878117761,3454.979043574801,1016.1120156034322
4.739291676809621,-1189.4079566301643,1016.194278659809
4.739943475501482,1768.7810075999794,1016.2765439149621
4.740595274193343,2668.827437340268,1016.3588671405854
4.741247072885203,609.6057119669948,1016.4411746181108
4.741898871577063,745.8652430746727,1016.5235199203187
4.7425506702689235,37.591397840478024,1016.6058929996062
4.743202468960784,1223.8113409145087,1016.6882599743012
4.743854254420344,3175.50872242968,1016.7706654180182
4.7445058937019065,-442.7733461913018,1016.8530705602533
4.745157532983468,1340.8567074855168,1016.9354752810648
4.745809172265029,2255.983258103703,1017.0179410536348
4.746460818993449,1878.2900707774368,1017.1004069949889
4.747112537915551,2539.017772250714,1017.1828845349401
4.7477642568376535,1449.6644020381525,1017.2653885419352
4.748415975759756,1262.2023201640554,1017.3479270273497
4.749067674007593,1248.7217596154487,1017.430480866454
4.749719193678421,2268.883839243766,1017.5141261279772
4.750370713349247,1850.277582893879,1017.7620176815832
4.751022233020075,2904.2689763151084,1018.135113682035
4.751673757205843,2546.401844689181,1018.5094513482042
4.752325316646991,2236.053397350224,1018.8842274085614
4.752976876088138,2537.6663103197056,1019.2594108300195
4.753628435529286,704.6630680148079,1019.6349935020551
4.7542799949704335,2834.3790165464707,1020.0110104329086
4.7549315544115816,692.2184957831964,1020.3874437630428
4.75558311385273,1265.5578427354844,1020.7642939923608
4.756234673293877,126.53457777894944,1021.1415618165656
4.756886206426917,2587.428184109326,1021.520111632587
4.757537566685053,1339.0427788470063,1022.0316894380176
4.758188926943188,883.8474386704263,1022.8394728273587
4.758840287201323,1575.190996897113,1023.6511145380969
4.759491658675954,3693.895277430711,1024.4647098799867
4.760143098557599,137.87297824776323,1025.2803192756444
4.760794538439242,658.8444284761702,1026.0979090857766
4.761445978320887,1283.5779505814698,1026.9174316556987
4.76209739440078,1706.8046184612638,1027.7388857152048
4.76274867498182,2046.0504515156476,1028.5621377455132
4.76339995556286,312.2873373167075,1029.3873897725252
4.764051236143899,2371.8050123320613,1030.2145977705416
4.764702516718027,-37.60462476965279,1031.0438085390274
4.765353797255237,1469.414300671121,1031.8750206047273
4.766005077792447,1625.72028138616,1032.7082331586128
4.766656358329658,162.6154763117824,1033.5434742981206
4.767307638866868,1115.2685157720443,1034.3807594443708
4.767958919404078,2884.315303762146,1035.2200577422936
4.768610199941288,2990.448712521526,1036.0613887622205
4.769261480478499,1013.0995042936632,1036.9047800307642
4.76991273348877,2212.38003096088,1037.7502040431964
4.770563854774083,794.7395342959887,1038.5975035066656
4.771214976059395,855.7967275124702,1039.4468897575528
4.771866097344708,180.67422593790968,1040.2983552264736
4.772517232973617,-947.2227580143192,1041.1519358483051
4.7731684338678395,1807.8492763927347,1042.007709620599
4.773819634762061,3075.880248499055,1042.8655821391956
4.774470835656283,2028.7490924048623,1043.7255618094687
4.77512199928105,1105.038734922762,1044.5876418706887
4.775773001145696,2014.879643004417,1045.4516344678902
4.776424003010341,-465.9865642630257,1046.317759976453
4.777075004874986,1095.6644796617597,1047.186050227007
4.777726006741045,1628.8595700031303,1048.0564856333344
4.778377008612989,2322.5096870040306,1048.9290933666257
4.779028010484933,-265.6030211241095,1049.8061943344946
4.779679012356877,1085.540888491805,1051.03447541694
4.7803300221761065,419.5298505082677,1052.724206436696
4.780981063842773,475.1031158511778,1054.4252174039423
4.78163210550944,950.2875446555157,1056.134522661761
4.7822831471761065,-112.12588099370943,1057.8521295204741
4.782934147894408,2373.0170027378867,1059.5780383680617
4.783584990599621,-471.05686815452316,1061.3120021601853
4.784235833304836,1635.2585524896426,1063.0544969020568
4.784886676010049,1887.7079892500906,1064.80558643814
4.785537535543037,437.14984643190155,1066.5653933262172
4.786188457840128,3425.73916311535,1068.3341350546248
4.786839380137219,3193.6088856021174,1070.1116593410352
4.78749030243431,2379.987171886826,1071.898112405833
4.7881411902298225,1440.4636762332505,1073.693409496379
4.788791953384501,1165.761831452248,1075.4974218780267
4.789442716539179,2358.5807478164297,1077.3105391422182
4.790093479693858,3184.8418284243753,1079.1328327946633
4.790744242859866,1071.263789525275,1080.9644274119046
4.791395006065597,1481.1262149149215,1082.805339388433
4.792045769271328,595.0705662871593,1084.6556863031449
4.79269653247706,1066.0398260719371,1086.5155412156869
4.793347295682791,4319.753991685677,1088.38498838006
4.793998058888523,-324.0311449250661,1090.2640918293641
4.7946488220942545,1705.018451179946,1092.1529886136598
4.795299585299985,922.7157154724779,1094.0516904509138
4.795950311800727,719.8457134566136,1095.9602163630755
4.796600915912659,84.69700604086475,1097.8783856217854
4.7972515200245915,1491.7175197709594,1099.8066634554048
4.797902124136524,1434.6966959413908,1101.745117020509
4.7985527376021935,1521.3638746296847,1103.6938895035405
4.799203381540431,1065.0247700762884,1105.6531034421932
4.799854025478667,1535.6250391477465,1107.6227614490906
4.800504669416904,1164.6464556381484,1109.6029954580558
4.801155275415923,-131.43429524052945,1111.5909577792518
4.801805760296802,1706.8572529931982,1113.1660190738758
4.802456245177682,2060.8575414952975,1114.3797979615329
4.803106730058562,2789.6823460200517,1115.5950691804444
4.803757214964124,190.78869776315747,1116.8143454793828
4.804407699947022,1535.6536505027084,1118.0375974333097
4.805058184929922,-813.5276741403042,1119.2649122921664
4.80570866991282,859.6695960959922,1120.4962380219538
4.806359154895719,1238.9650126446754,1121.731643778726
4.8070096398786175,283.50590620081067,1122.9711532869492
4.807660124861516,1179.702080323722,1124.214777057674
4.808310609844415,-1619.285216930732,1125.4625135538074
4.808961055502141,-1053.041480880594,1126.7143460676903
4.8096113814762465,1408.4230483618442,1127.970139634175
4.810261707450351,599.5996236279058,1129.2301101293322
4.810912033424457,532.544329426691,1130.494334992868
4.811562369349647,2484.7011728804987,1131.762838537797
4.812212735167002,1555.348815070337,1133.0356366282165
4.812863100984356,2567.326751971145,1134.3127652448823
4.8135134668017105,73.84864232589327,1135.5942014145044
4.814163792604287,254.262028278535,1136.879938785866
4.814813999449252,582.4495359253272,1138.1697762730637
4.815464206294218,1940.452508605022,1139.463998810692
4.816114413139183,1302.1318654275065,1140.7626782557002
4.816764620022896,1434.9431734213636,1142.065780191283
4.817414827020759,2589.1671244982504,1143.3733897317184
4.818065034018622,269.28712177170036,1144.6854598144641
4.818715241016486,3110.444652071832,1146.0020625623188
4.819365448014349,2644.0275917051017,1147.3232037586624
4.820015655012212,-463.4851275920743,1148.6489430503632
4.820665862010076,3214.2274498330858,1149.9792558189733
4.821316069007938,1913.0248951752721,1151.314238348026
4.821966235421238,2300.653421169303,1152.6537402223269
4.822616283495226,-240.79208270703077,1153.9976857054614
4.823266331569214,571.2136167822708,1155.3325602291573
4.823916379643203,687.0280264953316,1154.590471152451
4.824566448088487,1244.4784965248723,1152.534798339553
4.8252165757056895,1097.4958782477559,1150.481278929413
4.825866703322891,1013.799862340525,1148.4386564958966
4.8265168309400925,1502.0784301263657,1146.4068504381432
4.827166907605715,2268.605329811623,1144.3859615506647
4.827816836652346,1413.0430813799906,1142.3761471680625
4.828466765698977,824.1598155266034,1140.376876665433
4.829116694745608,1971.2655799995157,1138.388055587883
4.829766644200502,3383.111754054411,1136.4095859370825
4.830416652783047,1015.4051770520305,1134.4411476670957
4.8310666613655915,429.5434506816874,1132.4828980849818
4.831716669948137,338.3000006204757,1130.5347433330176
4.832366627640624,1461.5034897865166,1128.5967750030554
4.833016437703479,595.951882338154,1126.6691484882178
4.833666247766334,-1865.0593690089393,1124.751368738833
4.834316057829189,-894.1533907142151,1122.8433280617533
4.834965878084599,1895.7396991598205,1120.9449378959214
4.8356157280220575,101.38216050202499,1119.0560235684834
4.836265577959515,865.7496376769643,1117.1766304294824
4.836915427896973,1221.3383424523454,1115.3066940124986
4.837565277834432,132.76977029519355,1113.4460795984205
4.83821512777189,-177.2834099628552,1111.5947416663846
4.838864977709347,96.30138322981185,1109.7526231803226
4.839514827646806,1751.5406995785233,1107.919603418446
4.84016462734144,-109.70396455074142,1106.0957676956039
4.840814278827011,1385.3620100678377,1104.281307830994
4.841463930312583,-49.94417970549279,1102.4757662656539
4.842113581798154,-193.60741232057453,1100.679024077048
4.842763253279928,1139.257685232693,1098.8909856124185
4.843412984284382,3657.4990326841657,1097.1114608296275
4.844062715288835,833.9774095432115,1095.3405746798067
4.844712446293289,530.0525252532141,1093.578193604847
4.845362127794352,1575.522917983445,1091.8316690245438
4.8460116603977434,1615.943775737624,1091.179261600034
4.846661193001135,-268.3175120556478,1091.0739817827707
4.847310725604527,830.072312882609,1090.9723260509854
4.847960268063905,2926.4534120324356,1090.870697694132
4.84860984055872,-203.5978386265532,1090.7690745484929
4.849259413053536,1152.393285307596,1090.667503962679
4.849908985548352,1788.5666418436986,1090.5659593304968
4.850558558043168,875.2857254757687,1090.4644433641784
4.851208130537984,1115.3556380707191,1090.362934562712
4.8518577030328,839.6145156158268,1090.261471397373
4.852507275527615,2425.8986078720186,1090.1600502482702
4.853156800182262,478.74834657882485,1090.0586380591162
4.853806174343745,1603.6500173215447,1089.957292614826
4.8544555485052285,1704.641424587373,1089.8559650774068
4.855104922666712,261.86686301771687,1089.7546822135118
4.855754315733176,35.89558986204742,1089.6533942056328
4.8564037693965085,610.2775276707275,1089.5521590235785
4.857053223059841,397.5711717724723,1089.4509288799577
4.857702676723175,2765.6080837137947,1089.3497437814956
4.858352083962441,-1339.1663779730554,1089.2485712977193
4.8590013393432105,-138.57582500253,1089.1474604755963
4.85965059472398,1476.6627520740428,1089.0463824310825
4.86029985010475,359.1712888068349,1088.9453398047492
4.860949114663626,1143.9032227333146,1088.8442815909846
4.861598409952597,1825.913694149844,1088.7432927662303
4.862247705241569,158.88634137774793,1088.6423090154776
4.86289700053054,1381.1186963800915,1088.5413785898734
4.8635462958195115,-542.1324291740009,1088.440440091152
4.8641955911084835,-134.9631553725851,1088.3395548256424
4.864844886397455,2033.3328786370005,1088.238705145674
4.865494181686427,1896.0381538321044,1088.1378635917754
4.866143433228748,1939.759686889377,1088.0370469508093
4.866792530302811,760.1312231008561,1087.9362863332537
4.8674416273768735,1703.895101438606,1087.8390851433865
4.868090724450936,186.53966332490074,1088.2713781961459
4.868739838660032,960.2258301943142,1088.9372154434418
4.869389015218913,112.44520684388,1089.6058856884583
4.870038191777794,623.8362701315632,1090.2757924612497
4.870687368336675,-672.4374181471544,1090.9469309967133
4.871336503240435,887.1895543530783,1091.6192718117293
4.871985481635121,996.4308601012146,1092.2926948441766
4.872634460029807,-310.4542835131489,1092.9673513938008
4.873283438424492,-901.0310643691964,1093.6432749500384
4.873932416896252,1010.9585465566719,1094.3204261309816
4.874581395668112,1986.8170873271265,1094.9988611222807
4.8752303744399725,-406.9033954161071,1095.6785564342704
4.8758793532118325,903.0449580666555,1096.3595205610516
4.876528339804418,2000.9623164208706,1097.0417564474915
4.877177358124039,2232.2716005096213,1097.7252808407727
4.877826376443662,2805.46996381069,1098.410121068141
4.878475394763284,1674.7873785274853,1099.0962425568566
4.879124375165976,114.96478169463323,1099.7835612711822
4.879773195388983,1752.6545586795435,1100.4720415122051
4.880422015611991,213.85084475687754,1101.1617895031147
4.881070835834999,1910.5757839707867,1101.852849886957
4.8817196707254,799.2363918134208,1102.5452388473586
4.882368570416194,3193.064199399769,1103.2389880264748
4.883017470106989,2433.5579399091,1103.9340488630562
4.8836663697977825,927.6902820893629,1104.630421262324
4.884315234337353,-46.81989428841483,1105.328098985848
4.8849639359821895,-32.12452833376662,1106.0269061393328
4.885612637627027,737.4777772037964,1106.727013889841
4.886261339271864,3235.3287051648026,1107.4284901005683
4.886910040989356,1235.4941878336044,1108.131288534104
4.887558743061777,843.6167365468131,1108.835426516561
4.8882074451341975,-799.4416528227525,1109.540906243303
4.888856147206618,1823.5398471720052,1110.2477432265418
4.889504849279039,333.5737459115857,1110.9534514526547
4.890153551351459,1459.0533826509252,1111.289740340185
4.89080225342388,1480.9087545081682,1111.4670560454756
4.891450955496301,-175.25053705975654,1111.6434168516978
4.892099633272909,2257.7147078341104,1111.8198765980019
4.892748176880923,519.9018349061923,1111.9963777296646
4.893396720488939,3078.109754284928,1112.172939411883
4.894045264096954,1793.5756212017066,1112.3496109456141
4.894693819207483,3315.289477727691,1112.5263823188204
4.895342442266253,1370.0510609449545,1112.703226772771
4.895991065325022,2593.0626926410514,1112.880165303843
4.896639688383792,3546.378342284936,1113.0571894187303
4.897288284527081,481.48987687977353,1113.2342790009154
4.897936709658003,1675.6094388120425,1113.4114316210953
4.898585134788925,2311.786008618425,1113.5886564935956
4.899233559919847,1608.4136913259717,1113.7659702522644
4.899881985111324,749.1956686314755,1113.9433638095268
4.900530410720152,1393.5138751094291,1114.1208605312077
4.90117883632898,292.64595109337705,1114.2984270564154
4.901827261937807,1027.9902983752982,1114.4760782694461
4.9024756875466355,-717.7233230030761,1114.6538191634297
4.903124113155464,885.8285521419662,1114.8316174204754
4.903772538764292,3144.0449791126125,1115.0095244546944
4.90442096437312,1855.5375210679795,1115.187523482028
4.905069373084467,1737.18290824138,1115.3656039119082
4.905717640313251,857.4019976132514,1115.543744729118
4.9063659075420345,2626.084968823975,1115.7219417058177
4.9070141747708185,1846.1381495716682,1115.9002417810718
4.907662445853916,479.8971685544047,1116.0786243341856
4.90831075305047,1447.699160617353,1116.2570954011355
4.908959060247025,1960.922693070802,1116.4356644312563
4.90960736744358,214.19960693741547,1116.6143086295085
4.910255661071113,3184.4657846594423,1116.7930357289852
4.9109038099237505,3163.792978515465,1116.9718346463176
4.911551958776389,3609.958844325006,1117.1516039036753
4.912200107629028,1713.9108046584922,1117.4688895906852
4.912848256521123,538.602251243931,1117.8517492734097
4.913496405901904,756.2094081681242,1118.2354082604968
4.914144555282686,2932.710740482937,1118.6194810228149
4.914792704663467,2963.4768620090404,1119.0039205588184
4.915440854044248,3844.1895969132866,1119.3887432397105
4.9160890034250295,1237.6211954367354,1119.773996939017
4.916737152805811,2890.106740793315,1120.15961910941
4.9173853021865925,2049.974432761739,1120.5456595807
4.9180334414300715,2429.123998086741,1120.9320441732675
4.918681393085176,209.5944147350948,1121.3187595673976
4.919329344740282,1574.3295034522864,1121.70582247647
4.919977296395387,306.8493538934989,1122.0933324644589
4.920625251152612,431.32788378970463,1122.481214968572
4.921273282221976,953.1267066403626,1122.8695524328534
4.921921313291341,-2165.7071321358453,1123.2582906544042
4.922569344360705,1348.4497154588573,1123.6474260649063
4.923217371218568,363.2849526867796,1124.0369531345464
4.923865244028255,2145.759820058128,1124.426804063227
4.92451311683794,350.23503382126887,1124.817027872419
4.925160989647626,1173.7029820496432,1125.2076857968584
4.92580886246536,789.0214232911108,1125.5987166597583
4.92645673585334,497.2531583566697,1125.9901786369267
4.9271046092413195,659.7178972825881,1126.3820174412617
4.927752482629299,1478.765039224656,1126.7742895749238
4.9284003560172795,954.8723301749918,1127.1669422878213
4.929048229405259,442.6114800059357,1127.5600252047254
4.929696102793239,1615.9083190289864,1127.9534938662805
4.930343976181219,730.4507397939149,1128.3473920003648
4.930991849569199,-880.6249942010566,1128.7417023958417
4.931639527906199,1645.5394733614507,1129.1362893151254
4.932287203686261,-479.5024197982321,1129.531275515001
4.932934879466323,878.7100921030012,1129.9266818422861
4.933582555246385,-539.9252628560682,1130.3233069842574
4.934230308291425,1574.518483279593,1130.8383508332736
4.934878063468715,1731.2004489631138,1131.4225574021436
4.9355258186460045,2187.948050396475,1132.008142996245
4.936173573823295,489.023660357228,1132.5946213565142
4.936821139546039,1569.8926478328851,1133.1818339406925
4.93746869716584,711.733516217774,1133.7699755087356
4.9381162547856405,277.1462403978991,1134.359022593921
4.9387638124054405,1030.4305350672548,1134.9490056394227
4.939411444996004,1447.9271376468544,1135.5399552818694
4.9400590820057335,802.7050372806323,1136.1318285767456
4.940706719015463,1499.5768982877573,1136.7246609615672
4.941354356025192,219.76198705307488,1137.318418011773
4.942001809463274,1501.7938402835384,1137.9129441178982
4.942649248965918,2754.592553670694,1138.5083634138803
4.943296688468563,-648.1424396457722,1139.104748194915
4.943944127971208,1364.0016907963497,1139.7020412415052
4.944591568074328,1402.1929649294295,1140.3002907924003
4.945239008233902,426.725305695712,1140.899482664196
4.945886448393477,1863.487796766598,1141.4996366561224
4.946533888553051,621.463728200995,1142.1007107654766
4.947181328712626,663.7422468032934,1142.7027612900865
4.9478287688722,702.3108979756546,1143.3057589745902
4.948476209031774,2412.3751147730527,1143.9097204771886
4.949123649191349,-91.28562250772417,1144.5146478519066
4.949770949950777,1212.2682104421895,1145.1203808766297
4.950418232030893,369.4660988028632,1145.7270763862407
4.9510655141110105,412.1312572349026,1146.3347221816314
4.951712796191127,508.9562918444791,1146.943344779284
4.952360112913574,927.2697286126325,1147.5529752709347
4.953007435020484,38.37647347086051,1148.163584478846
4.953654757127395,1050.169283475583,1148.7751703182973
4.9543020792343055,-858.765149029246,1149.387717602973
4.954949267220349,3496.6349733742168,1150.0011664920432
4.955596431283799,1575.073633277112,1150.6780705010092
4.956243595347249,3026.0488491078836,1160.9197893148505
4.956890759410698,621.8453344232465,1179.2531012760617
4.957537924061933,2519.6941228974465,1198.5363541096683
4.958185088832243,2821.7411163805095,1218.7956435697247
4.958832253602554,1556.0131090609073,1240.1159305645242
4.959479418372864,2728.3241112677856,1262.593056185613
4.960126583143175,817.8496584004009,1286.3352632309561
4.9607737479134855,794.227696226959,1311.465644949621
4.9614209126837965,1687.2097972036922,1338.1245621006851
4.962068077454107,929.4565127821083,1366.473069194243
4.962715085189117,1720.4035324909992,1396.6895224607133
4.963362052653727,1149.130159642344,1428.9939591698696
4.964009020118335,2976.690978116179,1463.639867852455
4.964655987582945,3516.6113653687,1500.9234714716981
4.9653030167518235,3322.7392974434874,1541.199952945693
4.965950063569867,2869.061807421041,1584.887383094009
4.966597110387911,-260.1530555096181,1632.492282344624
4.967244157205955,1152.5822803424796,1684.6340173779015
4.96789105430059,-934.3619133598644,1742.064133644227
4.9685379038632185,3386.5218668726416,1805.746129969088
4.969184753425847,5043.40999557861,1876.9003670007849
4.969831602988476,631.6480047796008,1957.0994660123315
4.970478453116326,2815.9779760827723,2048.4184325434853
4.971125303442776,2375.2358931474178,2153.6593666409844
4.971772153769225,3217.124203371188,2276.712501395603
4.972419004095676,1914.10054601082,2423.161763644707
4.973065854422126,-1114.571193814996,2601.353899781291
4.973712704748576,1542.2471431968922,2824.4179120393264
4.974359555075026,-3329.9391813690027,3114.4043359731395
4.975006405401476,6631.370706867247,3511.7501247135683
4.975653145128795,-2194.2884658569997,4100.2924553670955
4.976299837555613,-6615.798175227757,5090.751115305854
4.976946529982433,-3322.467052830059,7224.1972135336255
4.977593222409252,-4482.044197546706,16560.91346958232
4.978239942095017,556774.1692943054,2127506.8397597754
4.978886674583784,-1475330258.9894588,2467702037.7222037
4.97953340707255,-2723303555.7922435,2525528660.515371
4.980180139561315,-3521177819.5645094,2932814015.9575343
4.980826741967262,-1474915981.5690703,3373312229.0081162
4.981473277334596,3579131694.2321053,3369391354.8227735
4.9821198127019315,-3997627749.6893497,3301311154.328105
4.982766348069266,-3055780886.7119274,3416070883.6985497
4.9834128839609395,1443710745.6768801,3307697455.6914744
4.984059420148944,-6344279841.434734,3479180403.942984
4.984705956336949,866427170.943921,3442963156.5999675
4.985352492524953,2423229109.8373995,3208091168.9581246
4.985999028712958,3555056641.7607894,3460085587.2986736
4.986645564900963,-4279692053.1852345,3502658875.317976
4.9872921010889675,-5376099138.636918,3437837605.508844
4.987938637276971,-6893129890.275471,3136117454.0987415
4.988585079499236,2088191774.4015727,3698910923.711201
4.989231457883356,2203983316.8926396,4108550376.6805515
4.9898778362674765,1676915502.537454,4233221583.099884
4.990524214651597,3197853843.4709907,4137394569.245463
4.991170616021403,-6481543758.479245,4654083657.756657
4.9918170344861394,3441903169.961814,4517340483.47682
4.992463452950876,-2177301448.2275467,4293702790.4954586
4.993109871415613,3594930958.079385,4417658463.0418
4.993756202946171,-178666282.28557226,4123557227.2442203
4.9944024636429,1721248807.19162,4131705525.699318
4.995048724339629,-3741475544.448571,4231728003.2750807
4.995694985036358,-272483160.1095596,4051652417.7619934
4.996341246192895,6601505999.679094,4131590830.0748606
4.996987507759946,6725279475.497114,3972306937.1428432
4.997633769326997,-1050003665.6047771,3678499902.459182
4.998280030894048,588453168.1902335,3861286579.7821107
4.998926292461099,-1853616684.4788983,3647474142.5785437
4.99957255402815,506711126.92928696,3851721082.2112474
5.0002188155952005,-3619510778.830384,3650748666.678372
5.000865077162252,-2070679192.6473916,3206656467.2404437
5.001511243922721,3686334098.9443765,2720583493.647942
5.002157308569002,-3339147165.630917,2688410005.617398
5.002803373215283,-1701561700.3798695,2625673682.000785
5.003449437861564,-669095952.7575636,2795460940.409236
5.00409553878799,-372824095.2473901,2720192745.637115
5.00474168273175,-3668984316.0301414,2742441572.105058
5.00538782667551,-663008146.9800888,2774973236.8539805
5.006033970619271,561030963.4965032,2874865828.077825
5.006680029249206,-143349557.05028522,2752877603.0590315
5.007325976322303,3099801449.621645,2875598660.121751
5.0079719233954,286542090.0197192,2857943500.864862
5.008617870468496,-884091021.8415971,2731802868.156198
5.009263817920435,-3520036709.7848673,3144088916.7990437
5.009909765920495,-937402592.9882115,3017798537.2513127
5.0105557139205565,-1059792946.253659,2866809154.5561523
5.011201661920617,1721078795.1756957,2820921477.0059214
5.011847609920678,-1951866853.3377783,2518956921.9554157
5.012493557920738,211762162.2610632,2555465021.5873823
5.013139505920799,2507164257.0311127,2573710800.375448
5.0137854539208595,2407966061.713084,2377467085.335121
5.014431331488781,1498721539.4420338,2241486418.4283366
5.015077082701637,-3028019307.536642,2217742251.3860664
5.015722833914493,279374327.93474764,2156688804.581204
5.01636858512735,821625824.866603,2133134339.8568
5.0170143626629855,3182070363.125956,2043086837.521625
5.017660193153859,1996401115.217192,2069648083.0176666
5.018306023644733,223772548.7481528,2145749387.8810983
5.018951854135607,2968806255.3425198,2153467891.188883
5.019597624442969,-2432376952.1191926,2414405140.866141
5.020243258196683,-3516719122.0204277,2383469098.78905
5.020888891950397,1281259623.7706385,2435268655.541456
5.02153452570411,-219236256.16383898,2342645038.8669543
5.022180159732511,-1392910921.6028285,2068524933.1579616
5.02282579446972,-2933640008.418071,2052907741.4033587
5.023471429206929,-1789407602.142329,2034301977.5923827
5.024117063944138,-2555324542.1914673,1984602746.1177628
5.024762698681347,2018938472.0951338,2072680588.4852657
5.025408333418556,-491866871.67483073,2045967317.686309
5.026053968155765,3174039862.480663,2109030479.1017952
5.0266996028929745,-647066083.4480304,2216646176.036764
5.027345193459896,225237783.22603926,2090728583.8859656
5.027990631543299,-2664632607.769385,2135798183.2965274
5.028636069626703,-1824445978.3594382,2222767063.5413895
5.029281507710108,630688278.152075,2266282412.1007967
5.0299269613897994,1435498529.5902076,2400427696.913112
5.03057247873176,-582893500.9387156,2358903470.8494925
5.03121799607372,-2154930236.536241,2349753115.713856
5.03186351341568,340180787.82635885,2606114323.7811937
5.0325089975903445,-2124822431.9808955,2640734828.850273
5.033154318328482,7393134532.977143,2512390945.291403
5.033799639066619,1854184732.8471014,2516104865.011187
5.034444959804756,-2223747435.956597,2463304887.752039
5.035090280688624,1909410895.2669027,2516887754.7558675
5.035735602466677,1440818824.8159978,2685428123.7528768
5.036380924244732,-53968213.99234909,2737748603.8101254
5.037026246022785,1622221569.460383,2764684920.162915
5.037671567800839,-2044324364.249134,2620992538.2374144
5.038316889578892,-926940059.4995593,2586718655.3159175
5.038962211356947,763081522.8312926,2541068878.3705997
5.039607533135,2804936891.3546977,2350835099.5932846
5.0402528388881835,4694214243.53792,2464056821.3498693
5.040897964145666,-5523696914.378555,2398830178.52149
5.041543089403148,707306141.8124859,2283156785.7267885
5.04218821466063,1621238752.1818957,2266845914.840105
5.042833344019354,-1417369241.727168,2382249068.1058574
5.043478548515932,-2470547688.6508465,2346824866.2216806
5.044123753012508,-2557992289.347926,2325427295.990004
5.044768957509086,145884824.89801082,2397805159.3652225
5.045414157736647,-1158619123.8566778,2602124285.605074
5.046059165762572,6088798885.402152,2606546970.0488234
5.0467041737884974,-2819216046.1252494,2648286251.342285
5.047349181814423,6573913523.148788,2791938397.8046236
5.047994189840348,1789422513.4860706,2411534627.3621907
5.048639276401698,-3530623617.553145,2433812131.482169
5.04928436365942,-378735983.91513443,2372124253.2933064
5.049929450917143,-218488593.58082205,2393573459.112807
5.050574538174866,3247836964.099995,2514869051.31597
5.051219436780427,-2176013963.20696,2476801505.9308076
5.051864327617394,105431082.66130844,2446219203.57059
5.052509218454361,-3118919883.5819354,2404298613.31449
5.053154109291328,3675766936.325363,2157116466.011984
5.053799001166505,859459473.456366,2194806679.9898953
5.054443893120789,2539186003.654108,2263738319.348434
5.055088785075073,2163049268.748101,2178330425.768735
5.055733677029357,-535568730.6728081,2332039652.958481
5.056378568983641,1567578386.4345784,2296316452.543832
5.057023460937925,-508274583.9607426,2212565034.862162
5.057668352892209,1079897715.8146112,2085079917.0027235
5.058313244846493,-121040151.67836529,1863241511.290541
5.058957966922696,-567183689.3452221,1896623403.0581284
5.0596026625393336,-1940677514.9010797,1945368071.783437
5.060247358155971,2429587888.7055526,2082050849.8692439
5.0608920537726085,-672238982.72863,2210067913.3794656
5.061536782849707,1694452818.4500358,2242767693.9129066
5.062181518646366,1090442842.7751796,2301059000.964857
5.062826254443024,-1643204374.1599112,2311245721.935552
5.063470990239683,43599016.45750966,2117258818.0371153
5.064115600262658,-942175106.2182572,2049160097.8101387
5.06476017880382,-323465526.1513771,2036334045.033498
5.065404757344982,-754847471.9656705,1916252984.548415
5.066049335886145,-2568198786.4553847,2046022678.4675937
5.066693915326897,-447713378.9115408,2158533724.708871
5.067338495041537,-1892803229.4789717,2183510423.2019024
5.067983074756177,4824245394.4966135,2158994518.215258
5.068627654470817,-1295351809.9026306,2014146927.4868789
5.0692722341854575,1884724672.7783513,1989721429.2815735
5.069916813900098,783842338.2560658,2023702268.7685068
5.070561393614738,-2626850235.7096157,1927461123.948793
5.071205973329379,511162305.66368794,1849571967.1008413
5.071850415949742,2395355554.613837,1850957035.0652852
5.072494799459576,-102837802.26061735,1848081679.617716
5.07313918296941,-621469282.2484139,1836192403.3868303
5.073783566479243,195115872.11916703,1716678790.2751286
5.0744279766931015,1868143706.3010912,1706790598.7174082
5.075072400401276,1341883508.1182454,1707967977.22953
5.07571682410945,1887479827.6134326,1721263522.4738832
5.0763612478176245,-3308424388.0448833,1712485464.368891
5.077005572609841,-21346286.62568228,1650765726.1046805
5.077649839157518,-125829360.55838868,1643253164.0161595
5.0782941057051945,-822812456.1673343,1679681181.3247745
5.078938372252871,1872881118.6985772,1630039690.4940236
5.07958261637315,60372306.94466898,1627386189.04242
5.080226845179405,853202867.8638095,1583172421.386382
5.0808710739856595,2288585672.8985486,1563422874.3451319
5.081515302791914,-765248833.4606495,1580411421.945834
5.082159531598168,-2300234494.7811384,1611593630.8687372
5.082803760404423,228350665.29367882,1629701184.9957774
5.083447989210677,3588593125.9125423,1692625439.092311
5.084092218016932,-270134154.8226086,1843108460.2491262
5.0847363648206665,-2390269417.813757,1815043715.3760066
5.085380436525742,1833903223.9091673,1849553388.6453133
5.086024508230816,411484379.3633402,1870774932.196252
5.086668579935891,937350056.4613384,1815121583.6198516
5.087312671169976,760904944.8801178,1813625917.8223677
5.087956783091657,2362927990.641303,1860973800.69655
5.0886008950133395,1734891086.3255947,1736525171.3558998
5.089245006935021,-1583005323.845594,1652472652.8816414
5.089889030902902,162855470.48140484,1630461676.8964894
5.090532946818727,1465980351.4023275,1586507520.878248
5.091176862734552,1239233031.578879,1583859087.5856237
5.091820778650377,-3569032306.5318055,1725532297.9419503
5.09246469509789,1465747379.9480484,1807227978.5272112
5.093108612306173,-412522404.97945327,1801145238.8680835
5.093752529514456,3515121480.041571,1791194550.1285243
5.0943964467227385,-2608630886.398594,1639318195.1551127
5.095040363931021,848572616.8184173,1593024898.3221786
5.095684281139304,-1273269603.4939928,1589846584.7853968
5.096328198347588,20963735.013979416,1619371186.4574177
5.096972115555871,-1445894089.5413225,1644691643.1256027
5.097615967089745,1326967568.134471,1698800139.2866058
5.098259688374959,1892088432.408909,1699367076.0102808
5.098903409660172,339819075.9191178,1715493982.7974067
5.0995471309453855,-1800703524.2011092,1772425170.478191
5.100190875709385,-2657200691.0486474,1784590467.697505
5.100834676146126,1417339610.674343,1786412748.925272
5.101478476582866,4226843351.153235,1898471031.0917892
5.102122277019607,-445292709.6682073,1963400708.591045
5.102766026957729,-1008109969.3131032,1887630413.592826
5.103409631521041,1678898867.787544,1855780924.3729732
5.104053236084353,469609651.38575166,1862073824.6611814
5.104696840647666,242921477.3689195,2051810369.148252
5.105340445505584,-1823785809.689192,2137131833.9464698
5.105984051417175,1213022024.835583,2115281439.310735
5.106627657328765,2122880920.9617648,2080282968.6907158
5.107271263240356,-104084048.02385198,2044382302.7549114
5.107914862211207,1777278801.3205965,1915766894.241893
5.1085584292318735,-583355572.0994395,1974265118.4008062
5.10920199625254,-43625281.39304721,1952037100.3268473
5.109845563273206,-3735759509.8438926,1836285066.39334
5.1104891086128905,288644135.40009546,1925314671.6245246
5.111132518733736,744652887.4536018,1893792381.7087297
5.111775928854582,-2537681630.7184796,1972828812.516014
5.112419338975428,-467573984.06860304,1991923587.864438
5.11306275302745,-438197889.0403423,1941837984.4285288
5.113706203403537,2814482246.2272043,2029035140.7792475
5.114349653779625,3136961266.5527854,2018803478.787173
5.114993104155713,1764178224.8090856,2006451279.898352
5.1156365434458335,4358890971.164788,2036813300.2318077
5.116279798097278,1111777253.214291,2099058597.9761112
5.116923052748721,-1525301790.320992,2116355273.095598
5.117566307400165,514183405.2217371,2199070092.0779557
5.118209562072966,-2141131829.4100525,2185795443.9699016
5.118852818135356,3565810405.099178,2218726065.374966
5.119496074197747,-1497976990.6585467,2255013871.033523
5.1201393302601375,-3805926335.2397428,2260267443.419135
5.120782586322528,564354992.6108539,2238824953.377889
5.121425804589045,-3342421301.273994,2242164203.241159
5.122069021802779,598913993.6656406,2349988140.554248
5.122712239016512,-99798065.03038636,2316537775.9361534
5.123355456230246,-284571874.2470535,2287055238.3972154
5.123998527560259,1080732656.3209312,2323647376.970326
5.124641587980574,4286919994.51393,2250252828.9438043
5.125284648400889,-3111432965.6530275,2257700942.505832
5.125927708821205,671149012.6069378,2308366571.9480186
5.126570804993978,-58436348.23350611,2321566360.9371066
5.12721390568989,2648487658.925354,2447441764.3736963
5.127857006385803,2256234198.5004525,2433214010.272266
5.128500107081715,-1237313079.8922088,2322213694.96244
5.129143042617076,1715801567.1696305,2378455917.715809
5.129785947736922,3588876573.7055855,2533112986.0519094
5.130428852856768,-717124603.1285145,2362112991.8601856
5.1310717579766125,1301167993.8601434,2347545015.5344625
5.131714664276392,486054134.172424,2341167671.6432266
5.132357570869716,836201830.1952962,2265489103.2284975
5.13300047746304,798502965.4904813,2543698538.655079
5.133643384056363,-3378162499.77957,2627186576.4381323
5.134286290649687,-1770363275.058764,2635590117.895816
5.13492919724301,1805051296.7434952,2756481663.2731986
5.135572103836334,5944651984.251599,2538696631.905525
5.136215010429658,-2887793289.540857,2469392209.939015
5.136857777848329,1427794879.3430219,2501320284.1399465
5.13750048894804,5500886825.734201,2559725656.3783298
5.138143200047749,-197439890.62443784,2391647424.4187584
5.13878591114746,772534889.2707018,2316488451.6663766
5.13942864912421,-2193495519.6827283,2391213575.483557
5.140071400519805,-2055035126.2442455,2320696562.2383966
5.1407141519153985,440694323.3141802,2386400058.0909333
5.141356903310993,-2057957089.7584662,2352131064.335439
5.1419995332322435,2813671911.148809,2323928364.9269476
5.142642089200141,-3461752103.5635386,2388673389.7070065
5.1432846451680385,-1051029318.9817352,2596405736.693225
5.143927201135936,511161631.4694986,2950674421.111269
5.144569757988011,5306683967.964385,2955138413.404906
5.145212315491781,2280699788.646304,2868584593.2730017
5.145854872995552,-622098421.8756539,2794083644.564582
5.1464974304993225,870926490.1204443,2709862413.168135
5.147139988003094,-4996437536.1770525,2705925011.7788825
5.147782545506864,-1211555975.4507978,3046176412.4664164
5.148425103010635,-2037473289.5773022,3128126114.4781933
5.1490676605144055,-6356848560.063215,3267431420.088102
5.149710123779302,-1655878893.1168811,3148493148.4043083
5.150352485937715,-1675485330.133804,3253030006.4848013
5.1509948480961265,3939030443.643695,3557563281.497642
5.151637210254539,237751419.39177912,3540226024.068216
5.152279589962662,7015082176.718217,3591718401.835581
5.152921992437178,-6694676772.63055,3924438760.358591
5.153564394911694,-913256322.5033715,3423893210.7565713
5.15420679738621,976600079.0145723,3312329837.605297
5.154849124151766,7684998173.453006,3414958113.896333
5.155491331346748,349474246.506982,3355035250.5706816
5.15613353854173,5473304931.203638,3448092278.1040397
5.156775745736712,-1933404090.9172547,3449409028.0650935
5.157417979779311,-9734330759.14102,3697227439.9271317
5.15806026603097,-3065154130.6302238,4015660539.998376
5.1587025522826275,511268977.0739278,3461749904.688907
5.159344838534286,-79328936.10584983,3589514341.0984926
5.159987067923245,-1779770807.7445867,3331727473.189938
5.160629158944711,284462303.6384016,3172282089.7535844
5.161271249966178,-5819559048.15058,3484525154.3898287
5.161913340987644,3770749900.569036,3340381520.8857756
5.162555432401572,-2702818016.9892263,3277945393.4027357
5.163197525041893,-1707122101.1364174,3438471031.4246535
5.163839617682213,-1280574932.1655467,3527475312.40512
5.1644817103225344,-4236422826.7796826,3678139742.66184
5.16512379549715,-1855045787.655147,3740796948.3589025
5.165765849429209,3327576081.6490726,3719003859.4521375
5.166407903361269,-1878404912.1757379,3651606779.9817615
5.167049957293328,2754079578.141132,3396579503.9549904
5.1676919888441155,235725718.42906597,3349318991.3253493
5.16833388633643,-1611107289.8398838,4167948528.973043
5.168975783828744,-374898436.97545254,4480796655.560359
5.169617681321058,-5002481904.239506,4937087108.3072605
5.1702595825659765,-4792765763.041599,5471564546.263127
5.170901520401248,-8418464475.5982685,5470577779.229789
5.1715434582365205,-75605700.01255941,4637470629.427524
5.172185396071793,5262505270.660201,4382756223.1591625
5.172827325619877,4696138649.578159,4279275130.4291124
5.173469068372845,-1363214436.6635022,4688877492.418121
5.174110811125813,1033178778.4056553,5843075781.593208
5.174752553878782,11055080828.189005,6590961515.995319
5.175394296631749,1944472052.3294902,6727619633.736494
5.176036041051286,7046361141.968365,5817616873.143679
5.176677785485186,7783986687.863043,5584006016.956437
