Wavelength_um,Transit_Depth_ppm,Error_ppm
2.8705440656200856,1100.853918146528,190.30361372078357
2.871219918514831,1470.2224507738767,189.44600281551982
2.871895763808353,1599.6489311458483,189.22377157362428
2.8725715630920616,1056.950666710134,189.0023413952753
2.87324736237577,1406.756490628035,188.781686750078
2.8739231616594787,1128.5113666113032,188.56180198601032
2.874598972880794,1089.1948154804782,188.3426794656106
2.87527481269201,1064.5924999347073,188.12430923641577
2.875950652503226,1171.870120794469,187.90669774461597
2.876626492314442,1045.5008211768823,187.68983908099426
2.8773023092070065,1427.1027202272787,187.47373789459996
2.8779780977695286,1322.402850336706,187.25838908714883
2.8786538863320503,1046.1254952817594,187.04378004718916
2.879329674894572,1015.6002603863774,186.82990896042298
2.880005450594114,1063.649088531423,186.61677243207689
2.880681217715283,1032.2119475766506,186.40436879147944
2.881356984836452,1210.5595201118756,186.19269066837938
2.8820327519576208,1336.4512806562075,185.98242263290703
2.882708502945143,1446.1168213301094,185.87704054165732
2.8833842486263195,1232.8104124196343,185.80974518065022
2.884059994307496,1158.2403820025463,185.74276684721457
2.884735739988672,1244.602788272174,185.67586307516467
2.885411437168953,1176.3170777101518,185.6090367511442
2.8860871292561,1275.8348250702427,185.54228298136218
2.886762821343247,785.3699645194365,185.47559990832315
2.887438515745513,1421.0352341692435,185.40899134439772
2.8881142483571396,1220.5625527438383,185.34244533351438
2.8887899809687663,1385.9948725954798,185.27597711132003
2.8894657135803925,983.2603748876618,185.20957590816025
2.8901414354738035,1174.1322517568012,185.14325133471368
2.8908171168431647,1155.7415524499443,185.07699816753774
2.891492798212526,1287.7912491032073,185.01081585068138
2.892168479581887,1296.9822686749917,184.94470680483727
2.89284415320765,744.8358849535906,184.8786665548239
2.8935198131424595,1191.7376257751566,184.81269891182828
2.894195473077269,1120.336784911729,184.74680483987643
2.8948711330120784,1317.8750210108394,184.68097836355986
2.8955467819464173,1503.506348124184,184.61522492132764
2.8962224204480354,1199.9232100823713,184.5495389928417
2.896898058949653,1326.566483775653,184.4839278694559
2.897573697451271,1329.2335211364475,184.41838466909252
2.8982493003188003,1143.5459606993622,184.3529145309091
2.8989248852433875,1415.6844442096055,184.28751332752998
2.899600470167975,1084.6981871303685,184.2229496956356
2.9002760550925624,1300.621301298352,184.27412766058256
2.900951673109009,1230.7251953699306,184.49232005672366
2.901627298555048,1133.307529328222,184.71240309914307
2.9023029240010874,1500.6816438338237,184.93327754637525
2.9029785494471265,1215.4896628674874,185.1549463350174
2.9036541252928463,892.668234470426,185.37708281229348
2.904329699503047,936.680398836333,185.54968914740263
2.905005273713248,1319.3090357818521,185.22901469038047
2.905680845361378,1344.9924535918933,184.90673694899783
2.906356398143825,1379.3856694609283,184.5861413122601
2.9070319509262723,1508.782050157345,184.26720691266442
2.90770750370872,1282.1357775539009,183.94992491932535
2.9083830506860058,819.3486252312413,183.63427523758
2.909058582042059,1218.364775372708,183.32025400300898
2.909734113398112,1102.2932853009916,183.0078353738621
2.910409644754165,1149.833106291594,182.69701244300722
2.9110851670649933,1016.0473152255082,182.38776866674294
2.9117606769960114,1203.6592940496162,182.0800980794117
2.9124361869270294,1001.275827445772,181.77398029020404
2.9131116968580475,986.3489227584041,181.46939934341123
2.91378718222532,1467.6611461145792,181.16635887004304
2.9144626493103445,1314.4840573056422,180.86483405578372
2.915138116395369,1070.2707166759733,180.56481355447266
2.9158135834803938,1241.481533472538,180.26628166787017
2.916489079907918,1254.1336316800584,179.96921171012875
2.917164587511064,1456.3067023046358,179.6736001172648
2.91784009511421,1162.2900938163425,179.3794462693816
2.9185156027173558,1204.6787815954967,179.08672902268444
2.9191910654984543,1126.9327544749112,178.79545765493174
2.91986652187283,1217.4537569397296,178.50560877745463
2.9205419782472055,1226.5989159034898,178.2171616877208
2.9212174340698627,1337.565691229351,177.93011218013777
2.921892869023959,1143.0646370252255,177.6444529922377
2.9225683039780557,1165.2168227081,177.3601639178284
2.9232437389321517,1548.6725108459875,177.07723719550768
2.9239191701068235,1304.1453967175098,176.795663796671
2.924594583641999,1219.4274052591286,176.51543402559736
2.9252699971771747,1050.0695896732332,176.2365359056028
2.9259454107123504,1035.946404397063,175.95951203718252
2.9266208067380903,1495.0161016822583,175.7682578889155
2.927296166731907,1312.5983653870983,175.69005720328354
2.927971526725724,1183.3863143479196,175.61270857763336
2.9286468867195405,1238.0971717739476,175.53545889254397
2.9293222660510057,1069.6114128314857,175.45831053967106
2.9299976665599154,1010.4762912657866,175.38126379647022
2.9306730670688252,1548.813926920815,175.30431481519645
2.931348467577735,1061.0344040291848,175.22747059854075
2.932023835947624,1021.3445046528738,175.15072746351413
2.932699185234188,1086.421632298934,175.074090287887
2.9333745345207514,1096.8552428142643,174.99755044212668
2.934049883807315,1190.8186719978853,174.92111215160517
2.9347252164417026,1079.1830807892472,174.84477581118546
2.9354005443147786,1042.8461371466963,174.76854129549767
2.936075872187854,1089.8755032592476,174.69240287001918
2.93675120006093,1026.8632239551616,174.61636725779965
2.9374265080692368,1072.202348239762,174.54043077743484
2.9381018145301825,1078.0845072515824,174.4645967542892
2.938777120991128,1134.5102825443462,174.38885628215843
2.93945242329335,1394.3821031776406,174.31321950786216
2.9401276762299107,1430.0617843597552,174.23768321149473
2.9408029291664715,1481.261563618962,174.16224811357117
2.9414781821030322,1052.9650197429316,174.08690785000215
2.942153444250252,1203.709298626069,174.0116648081179
2.942828737698878,1102.846214622669,173.9365172955373
2.9435040311475036,875.7807409281685,173.86146701027243
2.944179324596129,1253.5766496189349,173.78651073620347
2.944854598741878,1220.7396715255356,173.71165613631976
2.9455298409745803,1108.5809526682576,173.63690188056543
2.946205083207282,1128.9478738130883,173.5622422493693
2.946880325439984,1136.5472928025704,173.48768188752376
2.9475555564022886,1199.6367164282542,173.41321476760456
2.9482307772282907,1059.9121898508895,173.33874862285754
2.948905998054293,1287.6748920298955,173.24966375713865
2.949581218880295,1243.4864456205614,173.15602304575881
2.9502564180027684,1082.508451124109,173.06250696931284
2.950931606721266,1297.7954969022794,172.96914211160978
2.9516067954397633,980.0987130087412,172.87592659326677
2.952281984158261,1148.2076544848023,172.7828645881232
2.952957137551448,1515.4409076620213,172.6899563303687
2.953632283464689,1272.2960441332627,172.59719945227974
2.9543074293779292,1116.782077749434,172.5045917360999
2.9549825752911696,1385.243484578753,172.41212792489318
2.9556577606725347,1051.6259806933256,172.31981196853536
2.956332947094812,1450.3315529241652,172.22764428830533
2.957008133517089,1283.109808716793,172.13562240308644
2.9576833123102437,1315.8829591784738,172.04374947758214
2.9583584368228912,1194.3881183219332,171.9520321213218
2.9590335613355387,1283.9370871744334,171.8604579495077
2.959708685848186,1230.3227301093768,171.7690310831133
2.960383804536908,1242.6040257787633,171.6777518799797
2.961058907650319,1107.1678420969808,171.5866212080476
2.9617340107637298,1136.6304349742484,171.4956291191644
2.9624091138771407,905.8017973418023,171.40478764156322
2.963084207982911,1593.310591544946,171.31408889422522
2.963759289698442,1139.0172685437287,171.22353569817037
2.964434371413973,989.6413219703929,171.13312889305277
2.9651094531295037,1240.749480698072,171.04286175315792
2.9657845226566955,804.7847281088668,170.95273932378046
2.966459582975703,1304.5570696147047,170.86276033138296
2.96713464329471,1231.7030462273146,170.77292346722237
2.9678097036137174,1292.8216324169323,170.68322942440642
2.9684847255194913,1361.552713577448,170.59368008310562
2.969159732353123,975.4058354493014,170.50427305744495
2.969834739186755,1029.7496296159202,170.4149415184989
2.9705097460203866,1260.4533360596452,170.31556709466045
2.9711847879498676,982.6983829889758,170.1149674673536
2.971859835288599,1099.353747966199,169.91439738436202
2.9725348826273303,841.0509835695534,169.7145323765299
2.97320992921917,986.434958710224,169.5153735437501
2.9738849253567436,1158.4972529028703,169.3169311626556
2.9745599214943175,955.1646064596558,169.11917907890677
2.975234917631891,1369.3984076073125,168.922122774902
2.975909910287405,1190.8671212624586,168.72575262132068
2.97658488503388,1184.754268138728,168.5300703537875
2.977259859780354,1447.1588602156253,168.33507034548992
2.9779348345268284,1276.8301139393113,168.14074136097193
2.9786098026242573,1171.238162214717,167.9470881629391
2.9792847559809883,846.4283393020585,167.75410750552908
2.979959709337719,1187.5402951139363,167.5617887465483
2.9806346626944498,1215.9699149491632,167.37013180915045
2.981309591519798,1174.0415475232614,167.17913596259731
2.9819844914081006,1117.9168756795934,166.98880007075653
2.9826593912964032,1330.8342391373167,166.79911463093708
2.9833342911847063,1297.1116319400637,166.61007532824823
2.9840092156352997,1394.4755089028956,166.421666838688
2.984684156025674,1405.018294734875,166.23389548924536
2.9853590964160475,1265.0225146439254,166.04675406893804
2.986034036806421,1097.0870886590328,165.8602475707782
2.9867089385976358,1106.8340267156834,165.67437629683795
2.9873838277932694,1520.369198701916,165.48913164206658
2.9880587169889026,1354.2674108248714,165.3045080910006
2.988733606184536,1227.2656243098338,165.12049843171533
2.9894084761011284,1092.929817696624,164.93711204459285
2.99008334391244,1252.1597833417588,164.75433537766884
2.990758211723752,899.3922409589997,164.57215810803373
2.991433078487058,1448.3119293258042,164.39059103428502
2.9921079249154032,994.9811057658713,164.20963538962332
2.9927827713437485,1374.0988415785778,164.03079609575494
2.9934576177720933,1230.6369035882635,163.85479317238273
2.9941324537052334,1283.7054776212483,163.67937575784936
2.9948072466820896,1124.5912594030717,163.5045298584724
2.995482039658946,1216.104741916202,163.3302427959984
2.996156832635802,1124.7574433828104,163.15651762158097
2.996831639519373,1221.8948933397164,162.98333240335702
2.9975064729952714,1090.7082270933677,162.8106949503442
2.99818130647117,1141.0069516369467,162.63860561102655
2.9988561399470686,1197.773612593246,162.4670671157841
2.9995309483255665,1514.802680986767,162.29637341903302
3.0002057306131413,1154.9154054765381,162.1725400511431
3.0008805129007157,1390.0238333739571,162.15321535899346
3.00155529518829,906.0224236129666,162.13458371275166
3.002230057041346,1201.164160021878,162.1159650344604
3.0029048072631066,1322.5411941021766,162.0973515818533
3.003579557484868,1162.1309696395062,162.07874601825776
3.004254307706629,1536.0279371353422,162.06014544396825
3.004929041168754,956.3928615144232,162.04155771612884
3.005603770014999,1343.8767923560038,162.02297034348223
3.0062784988612443,1201.324357806332,162.004390373293
3.0069532277074895,1223.5763058717466,161.98581712075745
3.0076279068224263,1312.5544003778189,161.96724994601095
3.0083025822358067,1130.8932320361193,161.94868959165947
3.0089772576491867,938.8999567015414,161.93013553969217
3.009651936184276,1047.6060803711334,161.91158804342888
3.0103266520933674,1256.6574176702456,161.8930464625703
3.011001368002458,1217.380711047337,161.87451029357692
3.011676083911549,1180.7426681756108,161.85598685327062
3.012350788390448,1117.4364929096312,161.83746450672834
3.0130254531182707,1245.0113615213413,161.81894892585655
3.013700117846094,1161.9678714957543,161.80043979045345
3.0143747825739164,1266.7548173175287,161.7821372464717
3.0150494394027327,1012.9093062992634,161.79370106694586
3.015724082760456,1045.7270668959834,161.8178622587351
3.016398726118179,1371.9689173770137,161.84211783514488
3.017073369475902,1428.516518531634,161.86638257858763
3.0177480018114533,1130.300246684751,161.8906544144941
3.0184226238004306,1120.5001284009722,161.91494248804239
3.019097245789408,903.2841376037783,161.939241448586
3.019771867778385,1186.404627437881,161.96355034521773
3.020446475625029,1248.817716548962,161.98786635875956
3.021121076246614,1219.3722854309515,162.0121969545146
3.0217956768681993,1374.5484498638918,162.03653980748567
3.0224702774897843,1214.642659658302,162.0608871388049
3.0231448349646888,1131.893314746404,162.0852509209597
3.023819382173715,1125.7501081210057,162.10962021086473
3.024493929382741,1234.3560079266863,162.13400214855116
3.0251684765917672,1213.5736771434729,162.15839743818313
3.0258430624071604,1314.863680209826,162.18280019211437
3.0265176501082625,1355.2319444868672,162.20722017046035
3.0271922378093645,1403.276203590303,162.23164988380748
3.027866819390684,852.0089686187695,162.25608542968018
3.0285413452370546,1167.7643310256526,162.28053236213387
3.029215871083425,1069.9895798044251,162.30499687198946
3.029890396929796,1061.8104485504973,162.32946563489287
3.0305649175544858,688.2514072516611,162.35394418560216
3.031239422039554,1257.5348675180594,162.37844037797294
3.0319139265246227,1182.2867807948737,162.4029430552747
3.0325884310096907,765.1833565986427,162.4274548780662
3.0332629271679767,1218.980919318866,162.45197914782028
3.033937410293096,1473.0030261615675,162.47651453154378
3.0346118934182145,893.2787319418879,162.50106038098593
3.035286376543333,1255.1231296641465,162.52561800631648
3.0359608310976016,1249.588988441005,162.55019383346445
3.0366352608287652,1128.6895995246916,162.5763859129815
3.0373096905599284,1154.7281414435975,162.7633866684608
3.0379841202910915,1126.5713105835118,162.9521149696296
3.038658577556775,802.242865794686,163.1415037065214
3.0393330477766827,1093.05325756008,163.33156232773555
3.0400075179965897,779.8863298804146,163.52229106699042
3.040681988216497,1011.7996445963445,163.7136852227297
3.041356416229646,1141.0866319528996,163.90574274898393
3.0420308352830325,1299.830423484348,164.0984694096844
3.042705254336419,1115.8360782126656,164.29188416765047
3.0433796733898055,1527.3436593445606,164.48597766477462
3.0440540717338247,1037.8529896443606,164.68076052662138
3.0447284694326724,1109.7201821195415,164.87623515834983
3.0454028671315196,1303.0167143392925,165.07240918492252
3.0460772623840824,1304.6034808786674,165.269283405884
3.046751638729743,1179.46713755109,165.46685928045883
3.047426015075404,1262.977404908545,165.66514118108606
3.0481003914210643,955.2387054134524,165.86414200055322
3.0487747539305228,776.84014918253,166.06385535382
3.0494490768991316,1376.0694340303126,166.26428006607114
3.050123399867741,1294.6439042634063,166.46543167780425
3.0507977228363496,917.3690375579148,166.6673185555498
3.0514720578356247,1186.099337804658,166.86994287254367
3.0521464106152494,891.3755399057775,167.07331328357446
3.052820763394874,1089.63653591659,167.2774287297274
3.0534951161744983,1108.1612530769248,167.48229270197666
3.054169440932572,1392.641123202748,167.68790620266697
3.0548437425527264,1284.8601615765504,167.8942692998799
3.0555180441728806,1069.0003847972466,168.10139639121857
3.056192345793035,1170.9514854868053,168.3092935377654
3.0568666326419422,1343.046734134378,168.51795717635292
3.0575409129149933,1177.7061885039361,168.72739944360276
3.0582151931880444,1054.0078366939865,168.93765646094332
3.0588894734610954,927.8861465219981,169.15392396823626
3.0595637358878265,1446.6230595127079,169.38360187618517
3.060237994815126,1172.465169589954,169.61429997737446
3.0609122537424254,1077.004527320144,169.84594319219607
3.061586512669725,1010.495767187143,170.0785359979434
3.0622607193035125,1220.3377257172735,170.31206904546568
3.0629349248723456,1365.0320751891074,170.54656755648756
3.0636091304411783,979.198171108352,170.78203749804945
3.064283341018421,1439.6595100018142,171.01848809413733
3.0649575870696366,1382.96597759791,171.2559322694526
3.065631833120852,1096.0583776663304,171.49436937829537
3.0663060791720675,1142.1004696664227,171.733806587083
3.0669803086995597,1343.6672609687323,171.97424073605438
3.0676544929273706,1383.2275497643916,172.21567357537975
3.0683286771551814,1231.8139096005395,172.4581227486879
3.0690028613829923,1145.0928313563982,172.7016012755531
3.0696770368438764,1261.2478437467757,172.94610912217024
3.070351199732016,1296.4333571694415,173.19165280952976
3.071025362620156,1124.976657585782,173.4382496703043
3.0716995255082957,1493.017045995373,173.68589798766735
3.0723736765694527,700.1998037646147,173.93460471150215
3.073047818119272,1378.2350636663266,174.18438234730456
3.0737219596690917,847.2149686841473,174.43523687969883
3.074396101218911,1250.9946660381922,174.6871802704826
3.075070227884684,1361.283948649913,174.94021221662558
3.075744348097534,1224.5059304991123,175.19434009533828
3.0764184683103846,1107.6290239673071,175.449580078721
3.0770925885232345,1302.5732162701281,175.7059434928619
3.077766663892915,1150.627240634711,175.96341045289572
3.07844073076925,1268.7740439848922,176.22201055998613
3.0791147976455853,1473.9740003443742,176.48175692820345
3.0797888645219205,1146.5616762471057,176.7426515744687
3.080462971214577,1404.415693455671,177.00341563061693
3.0811370785693564,1040.337126813234,177.06793929034478
3.0818111859241357,1214.6180455368235,176.9822896406278
3.082485285465809,1451.6038999736122,176.89577717397108
3.0831593310099015,1111.53781388161,176.80939748670028
3.0838333765539936,1281.1819908163532,176.72314253087762
3.0845074220980857,1342.6797702435397,176.63701347429543
3.0851814619006475,1053.6473966364747,176.5510138154259
3.085855486113847,1259.5483827543583,176.46513654825105
3.086529510327047,1313.2637836606846,176.37938946832716
3.0872035345402464,1183.2221655095034,176.29376730935323
3.0878775499698508,1359.2104483161952,176.20826503103206
3.0885515528535077,1335.665898604241,176.122893728996
3.0892255557371646,1067.3835286945182,176.03764467171442
3.0898995586208216,1179.9248505302664,175.95252264126876
3.090573531949203,1215.633517477744,175.86752278458897
3.0912474815149085,1211.456137772071,175.7826509956514
3.0919214310806145,1276.6170723524838,175.69790085975524
3.0925953806463204,1350.9122149955506,175.61327610106986
3.093269358404285,1149.3574854499007,175.52877005876184
3.093943348445103,1263.6622752053897,175.44438089577662
3.0946173384859206,1307.8551215816697,175.3601131141265
3.0952913285267383,1236.4537438027012,175.27597129620167
3.09596526674071,1326.8109623610821,175.19195342139625
3.0966391949815972,1069.0608347894179,175.10806072176683
3.0973131232224844,1416.6014073002802,175.02428262275924
3.0979870514633716,1123.7821488830166,174.94063095455076
3.098660958792058,1216.8565136527654,174.85709920608477
3.099334865709476,1428.8482967475031,174.77364233803573
3.100008772626894,1394.8937730825073,174.6803612318865
3.1006826769285003,1018.5494512237642,174.09336378005045
3.1013565625237987,1223.9911011274369,173.5090113033106
3.102030448119097,1234.1832229004083,172.93050346608962
3.1027043337143954,923.4199960933645,172.36069118484053
3.103378205210598,970.3672900280308,172.2358329561608
3.1040520375064995,1233.8869979492608,172.19968308730702
3.104725869802401,1263.7501349301613,172.16412613035232
3.1053997020983024,1325.1697169392849,172.12859118671017
3.1060735508284534,1179.5051190880015,172.0930766958854
3.106747423596134,1275.6298493573427,172.05758376256844
3.1074212963638144,1343.5170660321692,172.0221128953297
3.108095169131495,1400.844869620766,171.98666551158226
3.108769008070506,1034.1723196188095,171.9512385400846
3.1094428190490095,1045.0330124332897,171.91583526073913
3.110116630027513,1158.5894810600591,171.8804534988963
3.1107904410060163,847.1856948674674,171.8450966744784
3.111464237299812,944.82852983645,171.80975912314435
3.1121380269622656,877.643593717251,171.77444789004844
3.1128118166247196,1254.335084331105,171.73915162516212
3.1134856062871736,1225.633492504036,171.70388388373917
3.114159378254159,1244.137901841388,171.6686346291288
3.114833146601912,1053.443115655105,171.6334087464825
3.1155069149496653,1184.840400527974,171.59820401057763
3.1161806832974186,1034.6616121733746,171.56301972748133
3.1168543998895095,952.2017581882453,171.52786383300142
3.1175281149564102,1171.6038067298846,171.49272734190436
3.118201830023311,1120.9620917488512,171.4576110376463
3.118875549632538,1194.2580332921727,171.42251632212185
3.1195493051678853,1033.9003367343603,171.38743976703358
3.1202230607032324,1512.234986210439,171.35238773670366
3.1208968162385795,1286.6713216561718,171.31735718719418
3.1215705561445577,1022.0698903527503,171.28234825891508
3.1222442499014766,1017.9656001401154,171.24736121414438
3.122917943658396,1691.003007526364,171.21239518273083
3.123591637415315,959.6468156088355,171.17745388669715
3.12426532278222,1359.2275250297437,171.14248351006455
3.124938995230506,1122.4857873319957,171.09972856656793
3.125612667678791,970.2804198674581,170.98826128294877
3.126286340127077,1196.6030107797853,170.87655256655282
3.1269600011895418,1028.1541897828763,170.76506285322554
3.127633652330542,1045.4659524659423,170.6537924958603
3.128307303471542,1126.1250480551619,170.54274044751045
3.128980954612542,1401.0659827510399,170.4319031922742
3.129654591374895,1163.4020392016814,170.321284639592
3.1303282212099575,1053.217312543646,170.21088137413017
3.1310018510450197,1162.9426720246615,170.10069648777787
3.131675480880082,1314.6985766929981,169.9907208099938
3.1323490672959684,1279.0770751765751,169.8809642277302
3.1330226438720823,1320.7033115174004,169.77142335671948
3.1336962204481957,1273.614131313408,169.66209193153682
3.134369797024309,1218.923200640898,169.55297308202398
3.135043402081852,1002.78093413406,169.44405902759868
3.135717008471391,1148.601595972895,169.3353528764022
3.1363906148609297,1086.1972678716127,169.22685538268246
3.1370642163835956,962.3684221783191,169.11856896225444
3.1377377716584878,924.8780146668113,169.0104949612942
3.13841132693338,1295.5644821381159,168.9026293638835
3.1390848822082718,1203.871404257624,168.79497113724494
3.1397584324741055,1014.8325565530331,168.68751675282735
3.1404319664491234,1433.7596833706073,168.58027010540218
3.141105500424141,1182.5909524311219,168.47322656383963
3.1417790343991587,1485.8092533331746,168.36638440296156
3.1424525563939443,1255.1337966493866,168.25975145595677
3.1431260584216765,1342.805539045704,168.15332233053664
3.1437995604494087,1496.7756922619717,168.04709577556673
3.144473062477141,1180.7868852435997,167.94106918989004
3.1451465371056377,1492.0498406735755,167.83524419472158
3.1458199858946276,1136.0743007947165,167.72962524298094
3.146493434683618,920.763437506676,167.62453226624694
3.1471668834726083,1443.813908893257,167.56912804562526
3.1478403587226724,1346.964028037161,167.60719628237948
3.1485138479725343,1340.8272472081273,167.64591584012146
3.1491873372223957,1138.2022090359387,167.68466185152897
3.1498608264722576,1076.904932405157,167.72343521605583
3.1505342751829044,1450.841020631513,167.76223079450241
3.151207713325156,1311.8406687573956,167.8010535633846
3.1518811514674083,1068.9714666741418,167.8399042688186
3.15255458960966,853.5686096182152,167.87878107508664
3.1532279979697004,927.4013110105789,167.91768429801797
3.153901404173757,1327.0091047293702,167.95661234952945
3.1545748103778135,1074.9770723305744,167.99557127741008
3.1552482150575965,959.6847510908129,168.0345546862838
3.155921599971206,1199.2850916696614,168.07356237827645
3.1565949848848147,1269.9308214833368,168.11259866972344
3.157268369798424,1128.8969594795856,168.15166492030846
3.157941743505381,800.5536160431335,168.19075596096908
3.158615075198761,1266.35290154846,168.22987227528992
3.1592884068921414,1347.2431818529535,168.26901603469489
3.159961738585521,1041.784142564122,168.30818414195426
3.16063508440842,1361.9779422514878,168.34738313041882
3.1613084565593383,1051.154915687432,168.38660903885594
3.161981828710257,1481.4655260762274,168.42586675364998
3.1626552008611752,847.103193496427,168.4651482380697
3.1633285428941584,1132.2274921579583,168.5044565569364
3.1640018533018024,954.385499895968,168.54378942249286
3.1646751637094463,1269.956241207626,168.58315288713433
3.1653484741170903,1069.529688963136,168.62253946479018
3.1660217711934098,1338.1834009890065,168.6619556009555
3.1666950603166635,1450.902885170244,168.70139897986655
3.1673683494399167,1404.6851807774328,168.74087163287885
3.1680416385631704,1034.162945939069,168.78037046378734
3.168714911409779,1619.084226236691,168.81908338530744
3.1693881792499874,1505.5340765674082,168.7360211962538
3.170061447090196,1224.6653118716524,168.56620015519408
3.1707347149304046,1169.6523295518298,168.39631625188812
3.1714079347254023,1534.4184500228148,168.2269595951163
3.172081149363885,1226.468841438637,168.0581137970543
3.172754364002368,1374.7335628811056,167.88977282047486
3.1734275798655336,1115.481592768247,167.721939011193
3.174100824318582,1315.7916656847951,167.5546001809965
3.1747740687716304,1317.8210666918244,167.38776232103072
3.1754473132246788,1147.5223473512908,167.2214170878479
3.1761205485375115,1250.308671519578,167.05557422580117
3.1767937418976584,1101.9767999511128,166.890232167784
3.177466935257805,1053.7793683236096,166.7253803672015
3.1781401286179514,1314.357840694875,166.56101387725735
3.1788133152381333,1098.3044133077522,166.3971342943683
3.179486487321289,1293.9114116678063,166.23374210010286
3.1801596594044446,1283.138154545769,166.07083016695657
3.1808328314876,1221.2197854013036,165.9083965296359
3.1815059890653936,1206.6284050174222,165.74643997470696
3.182179129235584,1292.9772601779619,165.58496411978982
3.1828522694057746,1307.3494769336858,165.42395677336637
3.1835254095759655,1223.7167837865063,165.26342056079014
3.1841985371499963,1030.2125539131787,165.10335088319755
3.184871656046558,1104.418738693226,164.94374882062166
3.1855447749431196,1093.736153118844,164.78460958117614
3.186217893839681,1241.6688129866473,164.6259286115519
3.1868909739399225,1303.1724441423462,164.4677145396841
3.187564039658294,1120.5267874113513,164.30995882870897
3.188237105376665,1360.5338380715098,164.15265579092346
3.1889101710950363,1227.682228318908,163.99580529878972
3.1895832626540703,984.7887657782775,163.83939462062082
3.190256358187471,1318.946358407642,163.68343046438596
3.190929453720872,1380.7763550014708,163.52814726677616
3.1916025491061415,1517.850173171102,163.40832992320722
3.192275604189883,1174.4081797052934,163.29701602684503
3.1929486592736245,1053.4138656445343,163.1859846776997
3.193621714357366,917.6263256810784,163.07517834257132
3.1942947634544088,1196.00779521491,162.96459890485988
3.1949677760029913,1078.28250387056,162.8542533562854
3.1956407885515743,1433.5441003604728,162.74413145526975
3.1963138011001573,1144.7145761365198,162.63423142051948
3.196986807745677,1130.9418713790565,162.5245556558355
3.1976597990286963,1348.7936047862831,162.41510158785474
3.198332790311716,1302.3819865353182,162.3058685711538
3.1990057815947353,1191.4048163880534,162.1968570800799
3.199678755258497,1415.0506961562255,162.0886039158703
3.200351704014421,981.4683326681813,162.061272690041
3.201024652770345,939.3865807423452,162.10773889842588
3.2016976015262695,1034.0938943835438,162.1547385967964
3.2023705725594382,1171.8688789882444,162.20177814337293
3.2030435617619912,1249.3482008590452,162.24885977274118
3.2037165509645438,1024.716887809546,162.29598776884202
3.2043895401670968,1420.8685339545734,162.34315276940956
3.205062486967887,1142.9510973626034,162.39035583285823
3.2057354144622794,820.3705198540584,162.4375949954436
3.206408341956671,1204.591266214037,162.48488160456014
3.2070812694510633,1470.8872691431636,162.53220714319232
3.2077541794379805,748.7906033437326,162.5795696272966
3.2084270856721835,1114.1033797247305,162.62697882304715
3.209099991906387,1058.4302881964836,162.67442407630924
3.20977289814059,1298.204603916161,162.7219110911881
3.21044576357114,1325.8636558424369,162.76944298531336
3.2111186272889958,1244.1133974739896,162.81701018157685
3.2117914910068515,1384.2901139315434,162.8646199488979
3.2124643506562736,1536.011859947156,162.91228090564292
3.213137171863154,1197.9821621609992,162.96129778889835
3.213809993070034,1422.659817809575,163.04404565367398
3.214482814276914,1296.4367171113981,163.12714691945865
3.2151556448441356,1262.04998810146,163.210382087469
3.2158285064940073,1170.9416249765175,163.29374109441736
3.2165013681438794,967.9505281710223,163.37723338589737
3.2171742297937516,1245.0786572377638,163.46085239341093
3.217847068796984,1258.379341943572,163.54459553795414
3.218519868750391,1063.0212786277941,163.6284647318235
3.2191926687037977,1312.998639920903,163.71246031071593
3.2198654686572046,1180.0745895574057,163.79658806573713
3.2205382579274726,1323.3725148788735,163.88084520745045
3.2212110366287487,1187.0328575932422,163.9652283686999
3.221883815330025,1325.0158947932584,164.04974205184047
3.222556594031301,966.2368849365637,164.1343878912169
3.2232293591706727,813.4826298599182,164.21916208063587
3.223902116621161,1310.3481727385645,164.30406602243113
3.224574874071649,1109.9707449944412,164.3891048182974
3.225247631522137,1146.4613711659842,164.47427163816604
3.2259203396626037,742.5495136588243,164.55956635408447
3.2265930333687813,1075.2650351604277,164.64499345876914
3.227265727074959,1121.4004703954254,164.73055241959182
3.227938420781137,1018.5397473877879,164.8162465162157
3.2286111512292726,481.8450287636482,164.90207594636018
3.229283885374805,1336.508265396893,164.9880413056994
3.2299566195203377,1317.790876005138,165.07414329961185
3.2306293509852333,1160.2535099935408,165.16037945334566
3.2313020234459917,987.5262642779097,165.2467400489664
3.2319746959067506,863.9846757232222,165.33324206229946
3.232647368367509,1359.0096108748303,165.41987597490268
3.2333200370394986,1251.9663434503661,165.50664466521619
3.23399268825618,1299.7442639131723,165.59354852282883
3.2346653394728615,1245.8759460796105,165.68022566444768
3.2353379906895428,1029.081195765163,165.71109359841225
3.2360106352549036,992.4818276871844,165.5691553511215
3.2366832652288497,1127.3197775297594,165.4264405324208
3.237355895202796,1223.0428260343692,165.28409282378647
3.2380285251767416,1296.3207792778023,165.1421090942342
3.2387011456397707,1175.906952019536,165.00049663702467
3.239373754372323,1405.0760436730548,164.85924787954983
3.240046363104875,1332.549710542661,164.71836300590925
3.2407189718374276,1146.8676171995553,164.57783694083156
3.241391543469644,1384.492261929372,164.43767936796468
3.242064088486064,1232.2659934119226,164.2978824468383
3.2427366335024836,1140.787792576317,164.1584442497889
3.2434091785189034,1373.7315013661791,164.0193600288562
3.244081752504277,952.5118547044277,163.8806205728933
3.2447543379558086,1113.9167391195992,163.74223197393766
3.24542692340734,840.2933987401262,163.60419226474193
3.2460995088588716,1275.9422793907834,163.4665024860307
3.246772041861327,1062.6446119341867,163.32917163013104
3.247444565641718,1261.4607731976107,163.19218372711825
3.24811708942211,1298.9515533716892,163.0555430170895
3.248789613202501,1357.5772203812203,162.9192455585935
3.2494621160774053,1392.4790905101088,162.78329146477705
3.2501346186231097,1268.403376747902,162.64767743309264
3.250807121168814,1325.5599524545232,162.5124027751343
3.251479621200316,1241.3405715876877,162.37747068208
3.2521521025126736,1156.5946502119045,162.24286905127906
3.252824583825032,1149.750869144309,162.1086084313725
3.2534970651373896,1236.1216340773615,161.97467276173992
3.2541695303868003,1070.7161971124244,161.84107768818592
3.2548419480071638,1100.4496201547095,161.70782162287878
3.2555143656275267,994.8803412798952,161.57489415086937
3.2561867832478897,1115.7891475333258,161.44229408962067
3.2568592164594428,1209.2107750312935,161.3104810767698
3.25753167451128,1405.2212855357893,161.24893345329366
3.2582041325631175,1091.4596948322803,161.27634346826963
3.2588765906149546,1044.9102362510182,161.30436009642432
3.2595490166704106,930.746414547262,161.3323865152042
3.26022141306279,1066.7405510029917,161.36042855336407
3.260893809455169,1196.3395274013355,161.388484182892
3.2615662058475476,1419.7543653590599,161.4165542615135
3.2622385883954497,1349.401028857086,161.444639224215
3.2629109635611853,647.5829232998381,161.4727389904722
3.2635833387269204,1134.2936103374218,161.50085302892904
3.264255713892656,1151.2842238466733,161.52897704574772
3.2649280723880296,1191.649815075994,161.5571205064912
3.2656004263284615,1265.5436717763844,161.5852790663211
3.2662727802688933,1226.5695918452675,161.61345082293792
3.266945134209325,1203.667839769766,161.64163860374433
3.267617429673553,1407.6177590393954,161.6698349933347
3.268289719946114,1259.9249060066008,161.6980522796405
3.268962010218675,1011.1657700152415,161.72627695176644
3.269634302559017,1330.261269700304,161.75451743251938
3.270306633259415,1139.4921492263659,161.78277957017283
3.2709789639598124,1148.2727730910922,161.81105624160733
3.27165129466021,1470.3473023151573,161.83934157884795
3.272323614034935,1397.0616591461717,161.86764794801724
3.272995883087552,1448.3796918719906,161.8959613389371
3.2736681521401683,1523.4498124359652,161.92429654458059
3.274340421192785,1229.521937212673,161.95264099155352
3.2750126835342925,1366.4533413225492,161.98099951320052
3.2756849313683047,1113.2459337642526,162.00938041674607
3.2763571792023165,1323.698315511802,162.03776967283747
3.2770294270363283,881.2313547348057,162.0661726999122
3.277701665349507,1285.6061910694461,162.09459187537595
3.2783738919662535,1372.72668208774,162.12302511044328
3.279046118583,1186.3021469758958,162.15137589218585
3.279718345199747,1359.4992393198881,162.16495070043544
3.2803905348359876,1240.3846408444383,162.1697119566981
3.2810626978089736,1188.6823469951098,162.17441735986017
3.281734860781959,1107.9084615002384,162.17911719470266
3.282407023754945,1009.4419690633151,162.18382300655443
3.2830792155508983,1196.8181315633167,162.18852895433668
3.2837514189480834,1209.3790036037128,162.19323066626683
3.284423622345268,1348.0458200818027,162.19793733810985
3.285095825742453,1180.1032967202216,162.20264481787945
3.2857679770664565,1154.298082943028,162.20734708694755
3.2864401188275334,989.8460663330338,162.21205563779296
3.2871122605886103,1383.6720517076387,162.21675773980104
3.2877844023496867,1054.1091139411071,162.22146645755507
3.2884565233947267,1136.9837366336046,162.22617623445973
3.2891286439452334,1220.2306116037253,162.23088083232278
3.2898007644957397,1221.2253838351978,162.23559272088838
3.2904728827471987,1375.6883014203431,162.24029649922042
3.2911449820884737,1009.8924677311369,162.24500794669615
3.2918170814297483,1305.6761328732289,162.2497141508374
3.2924891807710233,1156.8811158195867,162.25442627598574
3.2931612699332447,1160.3360867468075,162.25913327551297
3.2938333268600717,1394.7880882314057,162.26384498908828
3.2945053837868987,1383.0399113433457,162.2685528079061
3.2951774407137258,1535.4888749434401,162.27326662904497
3.2958494818924486,1124.1274493456754,162.2779768089042
3.2965214964101808,960.288990221865,162.2826911013318
3.297193510927913,1345.4458889041427,162.28739956054812
3.297865525445645,1259.3597029014031,162.29210964183807
3.2985375602720364,889.9657579738958,162.29682514123408
3.2992096152097234,1043.4810191974757,162.30153610396138
3.299881670147411,1128.5691996682006,162.30817611151218
3.3005537250850985,1044.8683903049125,162.6043831508873
3.301225740989689,1302.148594508321,162.96480091748347
3.3018977343048803,1322.418294506219,163.07993696755622
3.302569727620072,1249.1478274045276,163.13358848095803
3.303241720935264,1002.1365423504316,163.1868894732002
3.3039136980441652,1596.8663072468248,163.2402415676782
3.304585670158154,1047.0162562256012,163.29364493536605
3.305257642272143,1191.114579310938,163.34710400649368
3.3059296143861325,1173.1428646894462,163.40061278620033
3.3066015485423814,1530.654835598569,163.45417411163885
3.307273478257979,1063.7594260689664,163.50778468779518
3.307945407973576,1215.2253523739491,163.5614493569139
3.3086173365920875,1258.5914891779166,163.61517005257105
3.309289223914643,1119.0083852538812,163.66893721686503
3.309961111237198,1363.1739898988633,163.7227596893933
3.310632998559753,969.0922625953762,163.77663620103655
3.311304892197358,1257.1756120093723,163.83056282635695
3.3119768199362305,1228.3711609309296,163.88454912415054
3.3126487476751034,1113.174016330136,163.93858768767717
3.313320675413976,1199.1459838835856,163.9926796393882
3.313992585501405,1033.6067677462747,164.0468257164785
3.314664451629445,1317.4585593851314,164.101023603839
3.3153363177574855,891.2081488822838,164.15527215290666
3.3160081838855255,908.5820597801384,164.20957403537352
3.31668004118135,1016.5077171649772,164.263931795651
3.3173518861162123,1334.407805534317,164.31834244434376
3.3180237310510745,1249.4719430262207,164.37280712028746
3.3186955759859367,1388.467234703999,164.42732382933036
3.319367397742954,1329.8799722376066,164.48189740649056
3.320039200295471,1164.4453667855994,164.53652288139833
3.320711002847988,1090.5299089000018,164.59120026501517
3.321382805400505,1099.7131880569311,164.64593521490144
3.3220545792740572,1101.38252307695,164.70072215947684
3.322726339449576,1333.1434698514795,164.75556417862884
3.323398099625095,1129.8316671342632,164.80991837072278
3.3240698598006135,1401.6085458762964,164.78367472401501
3.3247416354795716,1209.8219074492813,164.75457304369596
3.325413414880669,1110.5337357305618,164.72546873145637
3.3260851942817666,1357.2912924379505,164.6963811622792
3.326756973682864,1290.6030216832698,164.6673077124234
3.3274287152667066,882.1078117443261,164.63825423758908
3.3281004542557313,1242.7379887751194,164.60921448455997
3.3287721932447556,1185.8128810163616,164.58018775554973
3.329443929466763,1168.207858189587,164.55118079702095
3.330115626086808,1210.356387030759,164.5221876935123
3.3307873227068527,1222.9746305737558,164.49321161096626
3.3314590193268976,1186.7442886019885,164.46425053804296
3.3321307118252528,1381.9508967048014,164.4353079036532
3.3328023872628116,1249.6755179942038,164.40637789932933
3.333474062700371,1437.9211356773708,164.37746432433565
3.33414573813793,1220.302141486746,164.3485635720283
3.3348174067185057,1346.9449589027615,164.31968393782404
3.3354890609749153,1048.3978434154283,164.2908152290771
3.3361607152313244,1633.7476875931466,164.2619630853348
3.336832369487734,1230.188676979379,164.23312797910177
3.337503994977917,1091.6326939039964,164.20430633011853
3.338175585698892,1198.038599964188,164.17550337774364
3.338847176419867,1170.9948420434712,164.14671672916984
3.339518767140842,1173.1764721304446,164.11794419283393
3.340190381355773,896.3180527127856,164.0891837487057
3.340862012484576,1286.909975116384,164.06043954490698
3.3415336436133796,1117.5945610512103,164.03170945896483
3.342205274742183,1070.218234587634,164.00299732122332
3.342876862149011,1172.7428277933,163.97430169679558
3.343548431694179,1263.0569605769092,163.94561740347956
3.344220001239347,1032.2246448958344,163.91695092720093
3.3448915707845144,1208.4147772176239,163.88836728741776
3.345563122574867,1052.9113481507502,163.87004914656924
3.3462346709455635,1536.4122873260153,163.9184819371713
3.3469062193162595,1057.6441599705481,163.96740298943953
3.3475777676869556,1244.2604764288158,164.01636916616164
3.348249295584945,1103.6904625761583,164.06537642503275
3.348920822782505,1419.302225823375,164.11443030222145
3.3495923499800644,1450.6482650563069,164.16352618092813
3.3502638711303963,1169.5196511570969,164.21266399550805
3.3509353348165565,815.3728620583288,164.2618472780057
3.3516067985027163,1073.3609930452824,164.31106980988238
3.3522782621888765,1124.9910012769783,164.36033698785587
3.352949734891011,1165.7340215711965,164.40965127720904
3.353621238981361,1261.8445420312928,164.45901161758925
3.3542927430717113,1173.285885718301,164.50841435524205
3.3549642471620613,1311.4209015723613,164.55786222954862
3.355635729643591,1183.8793987009706,164.60735437229712
3.3563071721619537,1329.8116920612122,164.6568869493478
3.356978614680317,1110.1350792136072,164.70646520625007
3.3576500571986805,920.2674071363751,164.75608860561906
3.358321489583393,1222.7440789602858,164.80575540703308
3.358992910935294,757.1411265130617,164.8554653849433
3.3596643322871946,1084.0580560967794,164.9052216607312
3.3603357536390956,1368.8787532294043,164.95502193068836
3.3610071493208205,1223.5005160619778,165.00486689208864
3.3616785283438,1207.3446903208855,165.05475571643728
3.3623499073667795,1360.788030733527,165.1046855686314
3.363021286389759,1239.4882697572373,165.15466485188057
3.3636926343520215,1224.7590907081237,165.2046880571542
3.3643639710514166,918.7478221069965,165.25475390294673
3.3650353077508113,1056.8702207569893,165.30486524564589
3.365706644450206,1260.1905256751604,165.3550204848205
3.366378015937869,864.1309500920368,165.40522760632416
3.3670493930378154,1330.1192660079294,165.45538623774848
3.367720770137762,1000.8331690482971,165.4914144981688
3.3683921472377083,1370.8266786895863,165.4901313173107
3.3690634635062366,1058.0822137656357,165.48860360833595
3.36973477904584,891.4879810284289,165.48707462394023
3.3704060945854435,1198.5993552691348,165.48554317390983
3.3710774052488377,975.1503306680975,165.48401422479003
3.37174867847286,1205.6081537161087,165.4824839919273
3.372419951696882,1093.0304604226515,165.48095371344584
3.373091224920904,1263.8102406278265,165.47942516148635
3.373762493023841,1260.4759894045296,165.4778950327088
3.3744337450920727,1049.885371677617,165.47636636147536
3.375104997160305,974.7096568151912,165.47483652506543
3.3757762492285366,1333.2372539472783,165.47330690577937
3.3764474778945766,1334.1584447457735,165.47177865995343
3.377118666503438,1222.4995137514788,165.47025009174538
3.377789855112299,1144.3572188182688,165.4687180898417
3.3784610437211606,1230.8115533639666,165.46718818509413
3.379132252330928,1236.066608893582,165.46566008215163
3.3798034813360958,1247.8081016210338,165.46413202415536
3.380474710341264,1128.5505548095027,165.4626026405436
3.381145939346432,1179.2886489040561,165.46107301360053
3.3818171301102633,1260.6046661302466,165.45954543748616
3.3824882975686674,1149.2615967527836,165.45801758271665
3.383159465027072,1229.2765065531428,165.45648968252274
3.383830632485476,1390.181044070641,165.4549591756048
3.3845017841336706,1163.7280480904496,165.45342898580577
3.3851729304429505,1197.3322001716706,165.45190165342316
3.385844076752231,1137.4322875991013,165.45037365882348
3.3865152230615108,1083.4806047023217,165.4488464290946
3.38718635089487,1279.009527570283,165.44731922020372
3.3878574760563582,1343.7630102969338,165.4457861271327
3.388528601217847,1051.125128405317,165.4442589968646
3.3891997263793354,1210.7547750652534,165.4426781052842
3.389870830402109,1272.842513927198,165.43282776461106
3.390541934417139,1352.2024301424951,165.41097874214907
3.3912130384321686,1265.7784519133852,165.38905623929557
3.3918841344873036,943.0367367436545,165.36714568411253
3.3925551750709517,1408.9666042084157,165.34524268187957
3.3932262156546003,1440.0821860078734,165.32334983810725
3.393897256238249,994.3618281550195,165.3014652996203
3.394568306959358,1294.3379237454462,165.27959249948015
3.3952393879350673,1016.8508997141416,165.25772391535526
3.395910468910777,941.856211091361,165.23586210951305
3.396581549886487,1251.2257002518697,165.2140125321895
3.397252607704625,1244.635641421791,165.19216977942446
3.397923627147144,1229.8753033849332,165.17033886740407
3.3985946465896633,1223.455296219249,165.148513814533
3.399265666032182,1104.8365607414153,165.12670125675945
3.399936674868675,1036.7202234931347,165.10510526556945
3.4006076731713972,1156.5142648900962,165.1149221709885
3.401278671474119,1279.9672071020477,165.1282131695279
3.401949669776841,1255.8551369131305,165.14152958932445
3.402620641574744,1465.5372010804667,165.15484648561593
3.4032915976018674,1102.9008724064854,165.16816939687916
3.4039625536289906,1211.4822697442717,165.18149831347623
3.4046335096561138,1191.881295582132,165.19482491914482
3.405304433897974,1417.816028110106,165.20815718714942
3.405975347654825,1277.3999960314463,165.22149062977334
3.4066462614116766,1170.3033472704553,165.23482941808658
3.407317175168528,1180.2242475646779,165.24816902014337
3.4079881058061274,1441.3898948133003,165.2615149247811
3.408659038817656,1439.4435810973118,165.27486067816756
3.409329971829184,1022.5092192083825,165.2882128505895
3.410000904765615,1505.8392034322655,165.3015654428627
3.4106717762575203,1298.8187572076206,165.31492121237045
3.411342647749425,1431.8637676808496,165.32851488164144
3.4120135192413303,1494.2661143029534,165.3772428470868
3.4126843880764492,1167.7945102237861,165.45727670584387
3.413355238437878,1497.2383543309386,165.5376309264723
3.4140260887993064,1123.7855048069443,165.618103761179
3.414696939160735,1046.34554112318,165.69869190907838
3.4153677842372985,1322.7366914409363,165.77939838364233
3.4160386134695817,1249.768080253117,165.86022142575698
3.4167094427018654,933.2279470084491,165.94116378444616
3.4173802719341486,936.0906596682997,166.0222232931441
3.418051077437822,1349.1719795697545,166.103396282453
3.4187218432906548,1396.4896949626175,166.18468622444297
3.419392609143488,1102.3899089461504,166.26609588863633
3.4200633749963205,1172.7210936902213,166.34762214767838
3.4207341609722257,946.7517094426058,166.42927542244385
3.4214049672092353,1326.4422198629973,166.51104691869955
3.422075773446245,1115.0439587157505,166.5929429888879
3.4227465796832544,1152.2203136823957,166.6749598889455
3.4234173476579635,1208.231420619212,166.7570889600794
3.4240880923869743,1107.1870384458057,166.83933801471588
3.4247588371159847,1437.1029520412749,166.92171469443326
3.425429581844995,1229.2653138529206,167.00420755765117
3.426100310819803,1091.3525069661528,167.08681958340796
3.426771034426322,845.9558368508611,167.16955748020072
3.4274417580328405,1075.7004896742146,167.25241943278718
3.428112481639359,1117.6691118629583,167.3354003996405
3.428783168517046,1178.2619125063172,167.4185018157805
3.4294538498825715,1268.3601638778366,167.50172972098358
3.4301245312480972,1220.4038029670196,167.585076119538
3.430795212613623,1426.7952380512877,167.66855114812668
3.431465852042508,1299.0665836836429,167.7521422973057
3.432136491172361,1021.2138768549239,167.83586288514886
3.432807130302214,1247.2404919650974,167.9197056038855
3.433477771668413,1273.010849758879,168.00379964149798
3.434148430062355,1397.1610510469936,168.1069514760816
3.4348190884562975,1173.8557219536435,168.22102875213528
3.43548974685024,1068.1156041462373,168.33541531664565
3.4361603955928266,977.612026088727,168.45002819793467
3.4368310136068376,1266.9693851049813,168.5648726711329
3.437501631620849,1332.5612926849183,168.67995323035552
3.4381722496348606,1120.2227334385766,168.79526971389276
3.4388428523598895,1123.179208186962,168.91081933567605
3.4395134281462068,1353.1999832226584,169.02660344065433
3.4401840039325235,1127.9270424685797,169.1426230544202
3.440854579718841,947.9337495734808,169.25888328717144
3.441525145268795,1233.5796197252037,169.3753821715188
3.4421956999432592,1130.2785713606881,169.49212138019578
3.4428662546177233,1116.1378847534115,169.6090993699702
3.4435368092921874,1537.9835971572447,169.72632326544593
3.4442073511410802,1218.7279986822755,169.84378519332478
3.4448778847050208,1131.3739888346993,169.96149130614603
3.445548418268961,1063.4955435733389,170.07944175287525
3.4462189518329014,1315.0625833299373,170.1976386936327
3.446889439164123,1246.272714258287,170.31607549499927
3.447559909404467,1237.3729348880508,170.4347556807278
3.4482303796448104,1043.9893238971713,170.55368383935556
3.4489008498851543,1398.9521862804627,170.6728612831827
3.4495713545374893,1169.0740360532618,170.7922944786731
3.450241865153518,1142.895807564289,170.9119801855383
3.450912375769547,1390.0378290278568,171.03191778123957
3.4515828863855753,1441.6706107519763,171.15210830072078
3.4522533370967596,1342.232310385395,171.27254197158496
3.4529237862318958,1404.013543101084,171.39323021258826
3.4535942353670315,1720.515813206408,171.5141726949499
3.4542646804319674,1238.2814508806491,171.63537119823656
3.4549350873606737,1594.3976838539868,171.75682175710648
3.4556054942893804,1177.1966883484474,171.87752851925595
3.4562759012180866,1152.6518858316238,171.8480160365012
3.456946303541204,1282.1943035047498,171.76522162490167
3.457616689368688,1388.1976408122716,171.6821973807818
3.4582870751961723,1033.2522683506143,171.5992937632486
3.4589574610236564,1291.6241240013183,171.5165106868223
3.459627825332767,1356.932042698237,171.43385173794942
3.460298147864554,1153.9954104364713,171.35131439062457
3.460968470396341,1345.5630698669913,171.2688949131703
3.461638792928128,1330.0811518474582,171.18659803637294
3.4623091340834096,1402.7066963289806,171.1044108335381
3.462979496986635,943.923248862169,171.02234455255856
3.4636498598898613,1396.798371874589,170.94039292617418
3.464320222793087,1083.2608614253468,170.85856178134597
3.4649905498903815,1303.1376522765006,170.77684858802013
3.465660851326259,1184.7884821343873,170.69525842590258
3.466331152762136,1472.5543101725077,170.61378176628207
3.467001454198013,1112.3150950141771,170.53242292856336
3.4676717407888877,1178.2462509315783,170.45118357919225
3.4683420211301828,1059.2009038399174,170.37005805555103
3.469012301471478,1167.500918066226,170.28904835584012
3.4696825818127737,1266.198007183598,170.20815383755408
3.470352844755739,1566.95120157828,170.12737876536642
3.47102310400378,1251.9150253444002,170.0467157275404
3.471693363251821,1430.5355436115326,169.96616778820547
3.472363622499862,1193.5864771959293,169.88573453892974
3.473033821905387,1182.4304728986574,169.80542179176294
3.47370401788163,1149.0477173480654,169.72522446816075
3.474374213857873,1411.0298797465732,169.64513703482837
3.475044411114378,1380.4204238483478,169.56516587916704
3.475714626369869,1107.7017650262962,169.48530261410772
3.4763848416253595,1398.5718371091816,169.40555431017506
3.47705505688085,1128.7220016585431,169.32591722303076
3.4777252645970576,1280.6736234087155,169.24678375922585
3.4783954394853556,1406.5086372970886,169.2268388869171
3.4790656143736536,1250.660229280592,169.21935129879466
3.4797357892619516,1260.345367371437,169.21194678550378
3.4804059511928895,1479.6546291081713,169.20454147631736
3.481076083909279,1133.188773826458,169.197139105252
3.4817462166256683,1419.164472640841,169.18973580339778
3.4824163493420572,1148.566066211795,169.18233538655238
3.4830864730452578,1372.831903649676,169.17493562731218
3.4837565846776832,1132.301852475384,169.16753755386682
3.4844266963101083,917.1382816153981,169.16013970809874
3.4850968079425333,1220.4892536501436,169.15274140084935
3.4857668849421115,1283.303258554262,169.14534790834207
3.4864369333306033,1337.7313268304176,169.1379520465989
3.4871069817190956,1284.4692501919083,169.13055864075463
3.487777030107588,1288.4097963431643,169.1231681163452
3.488447105433036,955.2878894393317,169.11577626838226
3.4891171941850807,1397.6067395919463,169.10838476175957
3.4897872829371255,1276.4671037610844,169.10099352722855
3.4904573716891703,1684.965150338022,169.09360360319718
3.491127412086975,1222.204213702421,169.0862162060072
3.4917974393968088,1119.120433126378,169.07883165061472
3.4924674667066427,1335.7375745883053,169.0714462878065
3.4931374940164766,1166.0932414287288,169.06406226757008
3.4938075022172597,1225.6126480454463,169.05667884456346
3.4944775084497612,1248.7651358830992,169.04929682995444
3.4951475146822633,955.9506683117227,169.04191687033506
3.4958175198136607,1157.5970732030767,169.0345353533172
3.4964874838954763,1210.8873920654955,169.0271608434352
3.4971574479772918,1359.1268420814808,169.0197842472084
3.4978274120591077,1217.2165866375747,169.0124073467661
3.498497373077158,1110.4810139645524,169.00503240554045
3.499167316085619,1057.1622071330269,168.9976577215854
3.4998372590940803,1307.4363898032154,168.99790882985147
3.5005072021025416,1225.8869877283764,170.14375962950933
3.5011771283897333,928.1513197507107,170.2373069937055
3.501847008186085,1306.35526011764,170.3238213093883
3.5025168879824364,1026.6744287059878,170.41046503852542
3.503186767778788,1144.8582315517574,170.49724417046212
3.503856663044661,829.7198078129703,170.5841541006724
3.5045265831997114,783.7227405116704,170.67120247942884
3.5051965033547625,1061.5363058082849,170.75838576504975
3.5058664235098136,1065.7471565991457,170.84569928277284
3.5065363128315146,1320.1505267087834,170.9331450218583
3.5072061715598135,1093.9636893228462,171.020720707973
3.507876030288113,1235.9415470338977,171.1084305160242
3.508545889016412,1181.294403086721,171.19627764401497
3.509215734670585,1267.3350538576976,171.28425478841098
3.509885572332157,1164.8127751523816,171.3723695449915
3.5105554099937284,1400.4550802347674,171.4606185811183
3.5112252476553003,1149.167910300541,171.54900710253068
3.511895054177468,1280.219602730298,171.637526294533
3.5125648497095603,1060.7256081865235,171.726181017631
3.5132346452416523,1358.5823794515284,171.81497125983014
3.5139044407737448,1099.396385388067,171.90390257009946
3.5145741821302496,1411.3881199394452,171.99296401653024
3.515243914478058,1070.6771227349398,172.08216369182807
3.5159136468258665,1057.3127357208737,172.17150191835808
3.5165833791736745,1222.0329531974592,172.26097809503366
3.517253150880867,1666.2826808442467,172.3506008987138
3.5179229235831277,1041.7461690446823,172.4403616728694
3.518592696285389,1348.3695694338971,172.53026193711852
3.519262463267643,1315.46676277975,172.62030545319774
3.519932174556672,1358.0727899283092,172.71048199194564
3.5206018858457013,1017.1631200304673,172.8007983959692
3.5212715971347306,1149.2705679602107,172.89125585703442
3.5219413039819534,799.2630464913625,172.9812748711075
3.5226109942135277,1023.4932703748775,172.98431203851874
3.5232806844451026,1260.2365994474094,172.98426671487132
3.5239503746766774,1239.7180963542053,172.98420500039998
3.5246200510700385,877.2181721170494,172.98414134376628
3.5252896991906764,1170.6008442062473,172.98407934666776
3.5259593473113138,971.659971772885,172.98401606328727
3.5266289954319516,1299.817484505157,172.98395601757127
3.5272986247715816,1343.1808204698227,172.98389241708963
3.527968230786578,1293.5882330434472,172.98383038248141
3.528637836801574,1212.3563252232993,172.98376704983298
3.5293074428165703,1333.968602945312,172.98370232246867
3.5299770597015976,1419.1313560745837,172.9836422822692
3.530646685015964,1078.2499901121867,172.9835786892073
3.5313163103303307,1126.0884942320783,172.98351697789357
3.5319859356446974,1562.7694059309194,172.98345338224055
3.5326555191964633,955.4195869594631,172.9833885908822
3.5333250831111127,1085.8421081502513,172.98333013060068
3.533994647025762,1235.5774465428592,172.98326539046798
3.5346642109404116,1193.5478885215305,172.98320536788643
3.5353337580771473,1288.0539073315535,172.98314212673105
3.5360033009436087,1147.256637228227,172.98307927811277
3.53667284381007,1562.7626694765406,172.98301612302365
3.5373423866765314,999.8453448020753,172.98295447254688
3.5380119103074117,1479.0574733246985,172.98289128473832
3.5386814321270084,1205.941247681255,172.98282805378673
3.5393509539466046,1162.0871285545354,172.98276811188663
3.540020473831839,1160.448895423859,172.98270329990993
3.5406899325187786,1173.6921785195718,172.9826421231978
3.541359391205719,1193.6148968262712,172.98257730706516
3.542028849892659,1240.6074999608597,172.98251420124032
3.542698314509441,1033.5603135697725,172.98245584411666
3.5433678135429463,1153.8627044655059,172.98239103265973
3.5440373125764513,899.1746713085081,172.9820636133149
3.5447068116099563,838.3553756727956,172.97387027407476
3.545376294487111,1267.9445236464092,172.96561930706875
3.546045732132478,918.9206810031671,172.95737427147066
3.546715169777845,1625.078284011565,172.94913159473663
3.5473846074232123,1241.4018482532422,172.94088567027293
3.548054029103969,1339.505878971403,172.93264456023346
3.548723424670158,1271.6598790574633,172.92440431864634
3.549392820236347,1149.4561403375292,172.91616359205142
3.550062215802536,1302.9242600297898,172.90792573623233
3.550731600947509,1024.339053270014,172.89969096203262
3.5514009754760925,1287.0599681319798,172.8914521996769
3.552070350004676,1167.5188047282754,172.88321795956506
3.5527397245332595,1118.1828246085233,172.87498680068862
3.5534090862043395,1213.5055263643137,172.86675157123005
3.5540784396966396,1061.1076860185178,172.85852229039025
3.55474779318894,1032.9518160083858,172.85029308643263
3.5554171466812408,1004.726196201513,172.84206305809698
3.556086454303673,1212.726280013141,172.83383775946135
3.5567557446950566,1385.1311894892522,172.8256136493919
3.5574250350864403,1321.9443324009285,172.8173892355104
3.558094325477824,1098.9522320656258,172.80916431685685
3.5587636321338256,1341.7461729834536,172.80094367830085
3.559432941835318,1472.5464258981178,172.79272394314222
3.5601022515368106,1409.3531097359453,172.7845013826708
3.5607715612383033,1457.961432891051,172.7762859201293
3.561440812183569,1109.6609459594795,172.7680700743011
3.562110060514284,1198.9584031195654,172.7598554558655
3.562779308844999,880.7988764930104,172.75163874189724
3.5634485556509525,1378.6144708524225,172.7434268918534
3.5641177829533155,945.7527862553387,172.7352157902201
3.5647870102556785,1341.827413140355,172.727007852768
3.565456237558041,882.0688266235923,172.71882182386653
3.566125460917836,1263.212796811198,172.71499160859554
3.566794667193168,1203.6422654122568,172.765890216535
3.5674638734685002,1345.7990018181579,172.81719710522782
3.5681330797438324,1022.1094772901724,172.86855144155822
3.5688022669478476,1326.3330280541331,172.9199499482511
3.569471410150016,1133.5398625726948,172.97139410043718
3.5701405533521835,913.1519570561503,173.02287977214644
3.570809696554351,1302.7403149099655,173.07441562642316
3.5714788478084114,1381.169357025676,173.125994748261
3.5721480103256895,1368.0998011111155,173.17762172885608
3.5728171728429676,1274.0161991188752,173.22929709488878
3.5734863353602457,1337.460891572786,173.28101509141104
3.574155476453493,1225.722323843794,173.33278129286415
3.5748245986339144,933.6159008175879,173.38459269929487
3.575493720814336,1207.3814815063363,173.43644861042682
3.5761628429947576,1513.5017199693282,173.48835081144512
3.5768319380383344,1221.3587208215704,173.54030009149662
3.577501018179226,1348.0765696283966,173.59229103478913
3.5781700983201175,1216.8938850176753,173.64433394026386
3.578839178461009,1333.2530346432134,173.696418514016
3.579508242635876,1202.4465118523708,173.74855494495128
3.5801773017589835,1229.4842771512133,173.80073195696403
3.580846360882091,967.7166522236728,173.85295942429082
3.581515420005198,1139.1184634199658,173.90523271978378
3.5821844240482097,1517.1172742413698,173.9575525087072
3.5828534201258866,1300.2606382758584,174.00991517506338
3.5835224162035635,1354.4043413193087,174.06232490051764
3.5841914122812404,1106.919651190684,174.11478232232122
3.5848604481800903,1129.6437872375095,174.1672919250789
3.585529484590983,1172.4361681619102,174.21984792049824
3.5861985210018754,1212.5548242582227,174.27245273764686
3.5868675512272747,1435.0722036084221,174.3251062800883
3.5875365262924483,1134.6252287676143,174.37777546832794
3.588205501357622,1272.512871795859,174.42625392986912
3.5888744764227956,1014.0594293617413,174.43737247573685
3.589543442480528,1512.6091486565908,174.44823955867633
3.590212375524655,1108.0578985382122,174.45911197465767
3.590881308568782,1101.5471294399904,174.46998435834075
3.591550241612909,1068.0965327067197,174.48086083997802
3.5922191677738655,1342.9075899561562,174.4917394682999
3.5928880798094482,890.7671520585319,174.502617899396
3.5935569918450314,1321.2779800074986,174.51349558154328
3.5942259038806146,1392.3525925648512,174.52438156620994
3.5948947881382476,1237.3507174678753,174.53526338907136
3.5955636371561157,997.0252590927331,174.54615050405602
3.5962324861739843,1037.9370949379215,174.55704093530915
3.5969013351918524,1353.677402129225,174.5679288370448
3.5975702065353885,1232.3257812951715,174.57882204196588
3.598239095882225,1295.1129361910384,174.5897136043716
3.598907985229061,1249.5404188441548,174.60061461021323
3.5995768745758974,1424.1165059710831,174.6115123252101
3.6002457230595333,1128.2139367240354,174.62241168531602
3.600914551074135,1206.8751091276918,174.63331351927735
3.6015833790887375,1063.0424863591659,174.64421736550705
3.6022522071033394,1071.2308350536623,174.65512333835852
3.602921002400847,1059.189123521932,174.66602920582292
3.603589788412873,1293.4507118142685,174.67694081323873
3.6042585744249,1382.6750612713904,174.68785123726516
3.604927360436926,1115.5871454934575,174.69876573584702
3.6055961277310615,1382.05941695789,174.70968151706478
3.6062648927437784,1326.1997029376482,174.72059972664889
3.6069336577564948,1161.8523061446747,174.7315183261143
3.6076024226154226,1233.9941689766422,174.742438974538
3.6082711456334757,1077.282993908469,174.75336126968344
3.6089398686515293,1281.4092500071763,174.76428767418764
3.609608591669583,1315.9927316693565,174.77525228062353
3.6102773098285126,1562.6579879242277,174.79203690929998
3.6109459908571764,1145.5187075371814,174.85185113375277
3.61161467188584,1119.7086723392367,174.9120102144738
3.612283352914504,1212.0745339156995,174.97223228401214
3.6129520383416773,1178.1097426146396,175.03251938537116
3.6136207387011297,1181.8908614111895,175.0928670967481
3.614289439060582,950.0692941223654,175.1532788106385
3.6149581394200347,1285.6787884657224,175.21375337625082
3.6156268189869083,1105.98401132333,175.27428640139965
3.616295458031455,1059.8790568805325,175.33488235521082
3.616964097076002,1183.0469552491793,175.39553579074718
3.617632736120549,1183.7216740183715,175.45625583415531
3.6183013657052108,1371.1277880954656,175.51703859457143
3.6189699837596763,1553.2720711434363,175.57788138849745
3.6196386018141418,1051.0716076617741,175.63878699940705
3.6203072198686073,1019.4290991095501,175.69975923256584
3.6209758143268274,1387.546732951483,175.76078959334723
3.6216443904050832,933.2171111847996,175.8218821172077
3.622312966483339,1112.0788700671721,175.8830382187106
3.622981542561595,976.4424571295017,175.94426065051925
3.623650076250123,1000.8270403411449,176.00554111308148
3.624318589373946,1638.5184309737313,176.06688129050858
3.624987102497769,1547.3710817105862,176.1282893083827
3.625655615621592,1313.5624137304426,176.18976109379645
3.626324160362958,1500.0507872994626,176.25129791506328
3.6269927138060387,1491.662239952395,176.31290070408974
3.6276612672491195,1211.877994728406,176.37456953648237
3.628329820692201,1033.3215948310174,176.43630312566032
3.6289983192767834,1364.6641260758931,176.49809241973497
3.62966681141843,1321.9856901311796,176.55995044215692
3.6303353035600767,1442.5102156043745,176.62187133592144
3.6310037955839105,983.6666015462325,176.68385724740514
3.631672266744698,1287.7118138165422,176.74589102137574
3.632340737905485,1040.283588517933,176.80553033106776
3.6330092090662722,1221.7767486559962,176.84785081729507
3.6336776753511075,1016.5948524080502,176.89008561580755
3.634346104554127,1288.921312996621,176.93235188327935
3.635014533757146,1262.84292078775,176.9746471143112
3.635682962960165,1128.7825713251182,177.01697289330392
3.636351377906336,1101.7778299770935,177.05933091647648
3.637019744182578,1142.3342286696588,177.10171220804935
3.6376881104588197,1298.325109277999,177.1441257856908
3.6383564767350616,1177.7060471437906,177.1865700252406
3.6390248565792334,1251.2312864222556,177.2290471308314
3.639693263170485,1199.7075839379916,177.27155324868818
3.6403616697617363,1286.443699001396,177.314093063809
3.6410300763529877,1254.6098783292043,177.35666058754992
3.6416984555846073,1087.349998603768,177.39926189252608
3.6423668008878898,1193.2061524250955,177.4418890485979
3.643035146191172,1461.7159763246182,177.4845486862894
3.6437034914944544,1305.3701380799168,177.52723796819745
3.644371825131748,1013.532416889701,177.56995951469966
3.645040149463387,1156.102291507763,177.6127050876946
3.645708473795026,889.1256066635735,177.65548694951315
3.6463767981266644,1040.5790364756633,177.69830160609936
3.6470450945260486,1620.326755658846,177.74113996375317
3.647713376918349,1256.3449592346149,177.7840117196252
3.648381659310649,1218.2456527257975,177.8269125009306
3.649049941702949,1304.858741616191,177.86984952172185
3.6497181753161683,1282.9382083859987,177.912809690627
3.6503863948093285,1119.2561539792757,177.95580250817545
3.651054614302489,1033.0864575587848,177.99882819814775
3.6517228337956498,1119.0048457695814,178.0418819140823
3.6523910889494653,1141.0313390787555,178.08497268961864
3.653059348753387,1499.2481501329466,178.12809219229757
3.6537276085573085,1197.6071110334683,178.17122240768595
3.65439586836123,866.4125125381652,178.21114166267978
3.655064067279591,966.1608761102265,178.22629909825588
3.6557322658090032,1201.5888949403768,178.24129476995657
3.656400464338415,1416.877464171899,178.25629019198442
3.657068658563907,1527.9637186329624,178.27129127066974
3.657736815169767,1097.69537115295,178.28629600033986
3.6584049717756275,1298.0890040912293,178.30129916468493
3.6590731283814875,1233.0147288364778,178.3163113587828
3.6597412805559046,1252.8858507349034,178.3313294615577
3.6604094162019614,1064.518426881185,178.34634392799566
3.661077551848018,1169.5738567179903,178.36136736540917
3.6617456874940753,1279.7954222727028,178.3763949185286
3.662413816431983,1101.7844320744643,178.39142063949353
3.6630819311195517,1096.5019531541352,178.40645535828463
3.66375004580712,1134.3623706920773,178.4214920780118
3.664418160494689,1133.4907932950225,178.4365307999945
3.6650862482379143,1167.9459251252865,178.45157722546926
3.6657543000579067,939.020532300099,178.46662172806745
3.666422351877899,1417.1975347187608,178.4816716673798
3.6670904036978915,1433.152029105649,178.49672414479787
3.6677584659049747,1120.6920487325153,178.51178523149014
3.668426537077036,1463.997358804047,178.52684482119446
3.669094608249097,1223.0562699845857,178.54190990594194
3.6697626794211584,1151.5861671390176,178.55698061627606
3.6704307111035535,1317.9438788781324,178.57205358620982
3.671098721018401,726.6760151394801,178.58712647714665
3.6717667309332485,1096.613804267008,178.60220664910034
3.672434740848096,1410.1122773280429,178.61728919486941
3.6731027349962866,1308.7681112953753,178.6323769237196
3.673770723960533,1361.5249835437248,178.64746669169463
3.6744387129247795,1148.346919407152,178.6625619976023
3.675106701889026,1079.4461975624668,178.67765758728595
3.6757746548068995,1195.8201179032844,178.69277981904827
3.676442601873886,1316.3410208458843,178.7113576592147
3.6771105489408726,948.8395277241887,178.7623946017664
3.677778496007859,1099.0452788756993,178.81369510386833
3.678446382256128,1604.1445624555288,178.86503068430986
3.6791142664870784,1138.4174421341922,178.9164123436137
3.6797821507180286,1081.985051017575,178.96783988924543
3.6804500379745093,1489.9209710681453,179.0193081263313
3.6811179625065087,1086.5830842665025,179.07082651557113
3.6817858870385085,1341.340309593591,179.1223905070461
3.6824538115705083,1172.2538550993993,179.17399773172747
3.683121724948247,1266.7303704410594,179.22564332835506
3.683789588236479,867.4613207490851,179.2773373224256
3.684457451524711,1204.1912437380483,179.32907455175783
3.6851253148129426,1496.6564060803871,179.3808539555998
3.6857931659896916,1026.1468899176,179.43267677134023
3.6864609873964267,1116.3744622123515,179.48454209429283
3.6871288088031617,941.5819461488242,179.5364559302991
3.687796630209897,1478.8791460626599,179.58840968584352
3.6884644433249574,1418.8663742435956,179.640413006252
3.6891322437929137,1212.6414098030612,179.6924565659491
3.68980004426087,991.8716086105704,179.74454387692217
3.6904678447288264,1009.4709960127178,179.79668297095512
3.6911356136238784,955.288964881381,179.84886175206168
3.6918033512833763,1133.548395801505,179.90108077989402
3.692471088942874,1333.6354008764843,179.95334834422619
3.6931388266023717,1312.3237831216766,180.0056599331217
3.693806588802975,1107.6105300206834,180.05801858220966
3.694474366759273,912.7082801698273,180.11042508676482
3.6951421447155717,1562.5512887484147,180.1628754679036
3.6958099226718697,1125.3144416866908,180.21537465215715
3.6964776568356275,1131.2510013177662,180.26791282993148
3.6971453735615976,1317.6081435262124,180.32049832383652
3.697813090287568,1346.7235697781,180.37321496818424
3.698480807013538,1300.5530926078254,180.440372490482
3.6991484893526776,925.6836631443009,180.71878353622552
3.6998161642155303,1309.7396013754453,180.99869229863987
3.700483839078383,1191.6162552057383,181.09753724882813
3.7011515139412356,1155.8292809598622,181.1263409793063
3.7018191693946525,1321.4395390785219,181.1547012371731
3.7024868233279147,1000.7928730578958,181.18307306242272
3.7031544772611773,967.7026839620511,181.21145781537413
3.703822129109917,1208.473288743785,181.23985829435503
3.7044897202622806,1329.5413981534123,181.26826494117236
3.705157311414644,938.9596074475669,181.29668676894184
3.705824902567007,914.2287086567251,181.3251256976717
3.7064924964051125,621.1731966375252,181.35357379196154
3.7071601069250772,1323.8420669323582,181.3820396865221
3.707827717445042,1257.8809450369938,181.4105151729744
3.708495327965007,1213.2216372794328,181.43900801069327
3.7091629235548544,1320.625299727703,181.4675104364179
3.7098304728598444,1133.2049860339619,181.49602603052097
3.710498022164834,1229.1225997715335,181.5245514266043
3.7111655714698237,1134.7186342369173,181.55309453300612
3.7118331134705995,930.802720871421,181.58165067300456
3.71250064185387,1292.1762986676242,181.61022074605893
3.71316817023714,1408.7704709770878,181.63880074620107
3.71383569862041,1313.6156051414587,181.66739749122328
3.714503207999188,1180.11004205912,181.69600588811048
3.7151706945429535,1218.8466983408719,181.72462790294153
3.7158381810867183,989.8527216334937,181.75326032393818
3.7165056676304835,1447.0866847178102,181.78191139862676
3.7171731424794903,1023.240679768148,181.81056862712964
3.71784060810547,1132.9069474306314,181.8392473041594
3.718508073731449,1240.9234079771572,181.8679317662669
3.7191755393574284,1372.7761837613918,182.50581322078267
3.719842963331798,-6997.260440462108,3699.8676484032876
3.720510366212286,7580477729.758303,8662228655.266832
3.7211777690927734,-20013547551.70056,17177596938.0097
3.721845171973261,-2650049902.025728,5465672256.16527
3.7225125897365845,8570800711.157808,7016830244.124539
3.7231800119910106,546779883.5296999,8459429871.011274
3.723847434245436,827820907.2493495,6282948201.1013
3.7245148564998622,4600595708.870243,6370211820.806156
3.725182225370639,826575492.1152736,8657990617.77898
3.7258495864273518,5007364145.9797535,17844869479.68974
3.726516947484065,-29340796033.352615,43320783540.693634
3.72851898932699,-42044972702.7849,25838952396.038445
3.7291863294737815,10991369053.295933,18263582872.01714
3.730520964587599,-20159783094.96571,11742398655.791006
3.731188262918478,10301610585.73258,10331867311.484577
3.731855561249357,2956440293.791045,8865094225.213722
3.732522851878539,-6858949303.081718,12689833061.159664
3.733190108398746,-5085467258.781892,26049058449.465954
3.733857364918953,50200134165.2335,73284016545.69783
3.7351918835350464,-278547464063.1928,204102090076.02182
3.7358591594341126,27746597999.247734,147061019363.2808
3.7365264353331793,-27068386475.697838,20795470415.954247
3.737193711232246,-62414502333.888306,84794927683.99268
3.7378609632087914,33553225586.73362,26290378556.91013
3.7405298014076083,-9551844176.543621,21854186564.909195
3.741864147236765,75105884839.56026,52318025849.65015
3.7458670447566282,-41354900059.14877,32769089697.537865
3.746534134086527,-3670975281.508259,26297491771.527794
3.7472012234164254,34487407647.018654,45928294474.702995
3.747868312746324,-930705938.4435905,12063212963.104574
3.7485354344087427,23668655310.736477,48021484576.980705
3.7492025640166227,-34944633070.32587,22422055402.194702
3.7498696936245026,3736953810.1989098,12574669016.75188
3.7505368232323826,7541719869.93713,18588790600.11491
3.751203878561307,8191801712.275263,9220282098.715103
3.751870926106719,-5127646929.512645,6991299932.899655
3.7525379736521307,-172287792.7163945,7175254430.044144
3.7532050210419876,-644922087.7918348,6698117147.1347
3.753872047697119,-20554911272.44298,11369151352.997812
3.7545390743522504,-8961875698.556103,7343280711.239674
3.755206101007382,-1264969383.49918,6575380059.318518
3.7558731230829943,6519236228.524252,9304073889.804096
3.7565401079614897,-24710801859.974117,30223561961.0708
3.7572070928399857,5422391110.675248,11907522913.460264
3.757874077718481,9921994527.283314,18683700777.82886
3.758541053760326,-49416695010.80847,46291299070.404045
3.759207996867419,125225374075.60583,226560690596.79965
3.7765463304213656,-16986783679.54774,36796485166.8575
3.777213101783169,-483445731.3560472,25364277848.14253
3.7785466509755565,-2210510003.896787,11631346664.441229
3.7792134243477893,4755865268.806103,23647265543.72196
3.7798801378056557,-1363431970.0298107,13505434385.602755
3.780546851263522,15827554398.144314,11845924956.952124
3.7812135647213885,-1464949615.428688,7310655863.005258
3.7818802731556844,-4043588875.773419,4920822743.956227
3.7825469448761364,6113394831.247551,4270665154.6221137
3.7832136165965884,1209452748.8334036,4253572921.794149
3.7838802883170404,1407083047.0933611,3993729973.9224725
3.7845469554372304,-1146143168.55528,3009713331.625746
3.7852136062909345,-662067171.8827112,2767772498.146287
3.785880257144639,2624487526.092482,3495918225.3356843
3.786546907998343,-326133606.1862838,3187448336.9069343
3.787213538795277,3544001149.0236034,2938230113.6096334
3.787880127056575,-4626296287.537842,3278224190.2845573
3.788546715317873,-2787134692.2589808,2533415482.7269597
3.7892133035791713,1168208819.919129,1972158554.116242
3.7898798999898595,29967074.01586862,2167700761.347164
3.790546507652437,3792369019.7307887,2178160700.9488974
3.7912131153150144,-1865389977.1458027,2755743587.785905
3.791879722977592,5928248865.291849,4626484273.486108
3.7925462988923115,1590236235.8160698,4788160172.943125
3.793212845431868,8626939550.831255,4593133952.825175
3.793879391971425,4212405170.8458037,4208339061.250037
3.794545938510982,-7844420851.607546,4034904039.9369526
3.795212472143578,6390661007.49473,6830319065.751091
3.7958789978242224,6981081844.7946,5549608947.053451
3.796545523504867,1666574837.3257396,6879707842.23881
3.7972120491855117,-3467309105.0053988,4609393920.662251
3.797878544914837,2404809701.7457027,3857618693.9766498
3.7985450288815734,3538890781.9624686,5128543709.137178
3.79921151284831,759396080.5408074,2725856334.6445556
3.7998779968150465,-4094078368.9645915,2829122410.5308366
3.800544429668348,-2126677245.902192,2554621527.7516127
3.801210851074011,1770221247.9238942,2461237756.1851068
3.8018772724796746,876950808.1364099,2762824406.6862903
3.8025436938853376,2073448690.507383,2872432834.9879265
3.803210152153721,1979820723.592924,2832399946.085093
3.8038766138179367,4085679216.047805,2694088492.8949394
3.8045430754821523,1517931733.5268188,2594700576.0418615
3.8052095362810463,-1716410766.2562065,2352105846.8700533
3.8058759368356285,-3686336050.3554173,1664183054.1019063
3.8065423373902108,-799531963.8465204,1644282510.2387016
3.807208737944793,337974642.55645305,1590033024.4082334
3.807875133801196,-1321754551.4554117,1639415882.4248917
3.80854149265753,256725973.6856423,1791701021.8963425
3.8092078515138637,-768793871.7069025,1790600709.234329
3.8098742103701975,-1792541881.752985,1732101781.539007
3.8105405604319076,-720808372.7594728,1819759146.4125059
3.8112068775952115,-182139846.9457166,1828331776.5990822
3.811873194758515,-522320587.95125467,1903165704.177183
3.812539511921819,2469459388.921555,2128773938.9695303
3.813205809765929,1227692687.9648864,2063455029.8464866
3.813872064399469,3078688560.8190184,2043901762.9513574
3.814538319033008,-3535406085.6371646,1797775707.4437606
3.815204573666548,730848340.7078061,1611162131.370384
3.815870844667893,355692778.78627026,1629828641.284029
3.8165371395551273,671050967.7616704,1634076653.8420124
3.8172034344423618,-413081017.9685232,1552329202.1471899
3.8178697293295962,-198598096.54874125,1847447203.6736338
3.818535993416095,-3703837662.2805386,1751022034.4393494
3.819202227208988,2526995744.090982,1766045487.8861227
3.819868461001881,2122835334.825953,1571320474.6608546
3.820534694794774,913019186.6734982,1474620425.441344
3.8212009035110293,776573691.996198,1781732670.5201135
3.8218670956265406,-552859161.642403,1665753697.8599284
3.8225332877420515,6213.50265730092,3899.694840986566
3.8231994798575624,1375.3892119361146,188.496684909736
3.823865657408724,1146.5503792987163,187.9089445251469
3.824531828687499,1291.6831004934259,187.9512611188876
3.8251979999662744,1399.5758145183836,187.9936028114492
3.8258641712450494,1190.3500653334536,188.03597657738464
3.8265303093489127,948.4238952432336,188.07837360720416
3.827196438958126,1328.2671404527428,188.12080063434834
3.82786256856734,1108.3099896054039,188.16325467870323
3.828528698176554,1340.5443669755934,188.20573766661593
3.8291947719739676,924.1558855860451,188.248248971109
3.8298608390886124,1596.5928782256387,188.29078667258236
3.830526906203257,1454.4556250928845,188.33346098718044
3.8311929733179024,1091.4215494289174,188.39233501792057
3.831859080263162,1058.7227541944176,188.4628590387583
3.8325251876260364,978.8881871426373,188.53354272222506
3.833191294988911,1097.6844482623228,188.6042992833174
3.833857395303097,1094.4427637894144,188.67513606441298
3.83452342076121,1378.9629836727977,188.74604534874263
3.835189446219323,1157.483180860381,188.81703281720303
3.8358554716774362,1286.1171814227068,188.8881046454096
3.8365214933373917,987.0620519048456,188.95925171250906
3.8371874979691927,1001.759058216971,189.03048204624415
3.8378535026009937,1390.332525382085,189.10179063231345
3.8385195072327947,1142.016353970216,189.17318360767712
3.8391855002627437,1177.385178475423,189.24465370639464
3.8398514632458283,1198.8066727041085,189.31619818850163
3.8405174262289123,1163.9702443541335,189.38782637223747
3.8411833892119964,989.9372339699772,189.45953508590756
3.8418493288018394,1243.6677531083058,189.53132564707454
3.8425152293216143,1195.1053564181523,189.60318871940927
3.843181129841389,888.8357755607527,189.67514034947416
3.843847030361164,1168.6929550235257,189.74716685155622
3.844512949799057,1062.5808010568398,189.81928461909862
3.8451788905622037,1319.8704468889193,189.89147819475932
3.84584483132535,1221.9175811973537,189.96375837151538
3.846510772088496,1121.264129790132,190.03612197313387
3.8471766783179944,1270.152732694356,190.10856892789508
3.84784255801927,914.3505450700598,190.18109088420698
3.8485084377205454,1277.338292257027,190.25369559894676
3.849174317421821,1035.298831610866,190.32638316926528
3.8498401696031745,1343.982273042543,190.3991496969913
3.850506007671356,975.0018569248299,190.4720023346317
3.851171845739538,1004.7818366952304,190.54493575231334
3.85183768380772,993.5897621892276,190.61795313970643
3.8525034903958275,1549.3693735407949,190.69093873025662
3.8531692868361214,1520.6917770512844,190.74664526119864
3.853835083276415,1178.0269525892359,190.78193195379217
3.854500879716709,1414.2879000602356,190.81710238068956
3.855166623015054,1241.8554454054267,190.8522944307366
3.8558323570232744,1282.4894874951033,190.88749960581953
3.856498091031495,1368.2014000417207,190.92273070918793
3.8571638250397156,1333.8367955621404,190.95797507244174
3.857829597105553,1147.056791091883,190.99324524535277
3.858495371352287,1469.073814593983,191.02852863243652
3.8591611455990207,1528.8548381957457,191.06383855305444
3.8598269173866018,1217.642546389488,191.09916545556732
3.8604926305867333,1130.349432502924,191.13450998513665
3.8611583437868644,1121.0158247429226,191.16987175442546
3.861824056986996,1437.8209081023622,191.20525265583646
3.8624897645792227,1164.5957208737177,191.2406539436517
3.8631554361670775,1248.1843938949198,191.27607466817318
3.8638211077549323,1559.630584821434,191.31151540499604
3.8644867793427866,1205.6763156955626,191.34697357898582
3.8651524461664013,1267.5116793510492,191.3824538475007
3.8658180969500684,1460.1521428488686,191.41795318717408
3.866483747733736,1115.577068986202,191.45347063288744
3.867149398517403,1228.4634903020572,191.48900579238983
3.8678150291368367,1347.9570921036413,191.52456479363497
3.868480617515743,1009.4826095703164,191.5601383420045
3.869146205894649,1061.9292143941545,191.59573035879643
3.8698117942735553,1136.1871275129831,191.63134610883017
3.8704773907541936,1081.9744927211398,191.6669799385991
3.871142998567768,1246.9532520507964,191.70263227212052
3.871808606381342,1048.9945108339457,191.73830826654444
3.8724742141949164,1227.9089490315976,191.77400265884773
3.8731397802455834,1609.061018266746,191.80971315111182
3.873805306231428,1086.602848430996,191.84544512942998
3.8744708322172734,1009.904432561908,191.88123079367662
3.8751363582031186,1160.5781730568858,191.92225708491185
3.875801871633726,1251.303954700426,191.97441457154784
3.876467376824484,1041.8910402796046,192.02668916059505
3.8771328820152413,975.923829794573,192.0790080428649
3.8777983872059987,1016.2158911017397,192.1313675608388
3.8784638634102273,1135.468986098563,192.18376863711526
3.879129327014708,1204.5881276314155,192.23621359198893
3.8797947906191883,1301.4902991942313,192.28869567258292
3.8804602542236686,823.8734201468335,192.3412263779608
3.881125717828149,976.9651084416057,192.39379469511752
3.8817911814326296,1118.622660525382,192.4464114776006
3.88245664503711,1097.1609888615537,192.49906516926612
3.88312210864159,1079.8024760214971,192.5517693179514
3.8837874988137613,1150.2421330335503,192.60450759372182
3.884452879261278,1331.3524839310392,192.65728525217781
3.8851182597087943,1478.6727805871928,192.71011014605614
3.8857836401563106,1210.387616905407,192.76297882069528
3.8864490395707665,1386.1484583079612,192.81589047852364
3.8871144394598707,1147.5165091754939,192.86884730604515
3.887779839348975,1053.234900589275,192.92184821684765
3.888445235097109,1257.2560418201024,192.9748845048507
3.8891105739739364,1207.1424101495745,193.02797081699188
3.8897759128507636,1441.681745494384,193.08109476426438
3.8904412517275913,1198.0864801143955,193.13426221453292
3.891106583947445,1426.6776653119134,193.187473150449
3.8917718812587774,1018.8091234267869,193.24072812858176
3.89243717857011,735.660131612429,193.29402593629482
3.8931024758814425,1090.3985108726758,193.34736888871444
3.893767773192775,1064.8743393082486,193.40075460808038
3.8944330705041077,1063.273959775451,193.45418133212803
3.8950983678154403,972.4186171947312,193.50765563323816
3.895763665126773,932.411985658564,193.561174486312
3.896428933826599,1335.2832885955922,193.61473129802002
3.8970941480225196,987.6485311163174,193.66780278724235
3.8977593622184408,1275.4893869904129,193.71832269135422
3.898424576414362,1304.5370534243164,193.7688649871951
3.8990897990851607,1283.1795435582826,193.8194478489143
3.8997550327281965,1220.810240058337,193.87006928911487
3.900420266371232,1244.974408965387,193.92073668715375
3.9010855000142675,1288.133632669933,193.97143877526372
3.901750701505791,763.710970721028,194.0221795411196
3.9024158741517936,1440.3236128700873,194.07295370737742
3.9030810467977957,1161.0275090352213,194.12377327863078
3.903746219443798,1153.5097735351487,194.17462778059044
3.9044113663982,1552.0758991110881,194.22552640274034
3.9050764974994743,1120.2522958892123,194.27646000885596
3.9057416286007482,1083.6854871321007,194.3274349023428
3.9064067597020222,1293.4882097609568,194.37844966904765
3.9070718613321294,1337.509192278943,194.42950184981436
3.9077369508938644,910.405218558804,194.4805951264986
3.908402040455599,1242.805476230999,194.5317232504364
3.909067130017334,981.9011562727594,194.58289896118072
3.9097321863394203,1346.5227186493678,194.63411145054383
3.9103972343668043,1435.8836597209072,194.68536072088753
3.9110622823941883,1545.0597591617432,194.73665070534796
3.9117273304215723,1056.7743775017022,194.78798021134318
3.912392395778707,816.8229074179602,194.83935611875035
3.9130574632587245,1496.2141390607992,194.89076830957674
3.9137225307387418,1326.6345667248138,194.94222563550227
3.9143875982187595,748.8004937758805,194.9937237889233
3.915052605863366,1401.731626988562,195.0452512774514
3.915717612361586,1075.3140560256388,195.09682533981325
3.9163826188598065,1142.345112694653,195.1484393843145
3.917047622387684,1108.558827040535,195.20009405854913
3.917712587361927,1177.2029387894795,195.25178968220723
3.9183775523361697,1059.7458481552278,195.30352199381662
3.9190425173104124,1050.0563984161558,195.35546554138392
3.919707475574343,1000.1837194994673,195.43275801594805
3.9203723990297936,1185.0140667678731,195.51039960275602
3.9210373224852444,923.0920784070215,195.58813469845518
3.921702245940695,1196.2728962610533,195.6659617178568
3.9223671589569333,1331.0140702906995,195.7438829828078
3.9230320408987764,1507.7964572285966,195.8218949411419
3.923696922840619,1091.9542276945406,195.89999519929611
3.924361804782462,1388.0267733687804,195.97819270574598
3.925026693360787,1470.59666758264,196.05648549557793
3.9256915947607744,1373.064879130205,196.1348717146795
3.926356496160762,1245.3538903666051,196.21334865226345
3.927021397560749,954.540235634458,196.29192437113255
3.927686272719511,1445.6453882105916,196.37059206699988
3.92835111315293,1434.7566701526925,196.44934928858757
3.9290159535863483,1198.4037067087957,196.52819978377002
3.929680794019767,1140.7040433418024,196.60714684960715
3.9303456128808216,1537.2305621262035,196.68618139668746
3.9310104118109983,1141.6945962164698,196.765315696665
3.931675210741175,1153.612662508883,196.84454233509493
3.9323400096713517,1274.7388528095416,196.92386228208576
3.9330047833339106,1014.939132335363,197.0032780840554
3.9336695407660267,1308.894456150192,197.08278953172095
3.934334298198143,1123.3999227333245,197.1623970239384
3.934999055630259,1070.6707257428702,197.24210160694483
3.935663813062375,1035.401534322714,197.32190048040152
3.9363285704944913,1167.2052803807044,197.40179787245913
3.9369933279266074,1203.649557823447,197.48178849399935
3.937658085358723,1187.9103117462723,197.56187950744652
3.9383227775165643,1304.374049167507,197.6420601653706
3.9389874519680994,1364.7890429916608,197.72233849659665
3.939652126419635,941.0172675387106,197.8027083212963
3.9403168008711704,1144.4961437766774,197.88318269518226
3.9409814923546,879.0683151606391,197.96358026788536
3.9416461862711576,1520.8010997002527,198.01838224387515
3.942310880187715,1406.3582511139073,198.0671420196452
3.9429755741042722,796.4790970202209,198.11590050714403
3.9436402093201313,966.2816229872565,198.16468394387658
3.9443048422891445,1534.0907836034778,198.2135088489069
3.9449694752581577,738.7860699512247,198.26237041750025
3.945634106100647,1200.428658184456,198.3112609337419
3.946298697592316,979.5635366180496,198.36019373448508
3.9469632890839845,874.5269547064711,198.4091565287993
3.9476278805756535,1140.8507623788403,198.45815539668524
3.948292466296049,1105.665166069425,198.50719087439822
3.9489570163155494,1173.865745054969,198.55626071213072
3.9496215663350505,780.412866111865,198.60536880244499
3.950286116354551,1177.8312290843025,198.6545118792012
3.9509506569690624,1060.7135538376265,198.7036916275365
3.951615165521571,1453.1225392194697,198.75290708258694
3.9522796740740795,1592.9501392941188,198.8021537139074
3.9529441826265876,1642.3881059114015,198.85144240819653
3.953608697296907,1273.8390653024364,198.90076223572208
3.954273225319931,1081.2554875062297,198.95012562819184
3.9549377533429544,746.5230340090002,198.99952378305196
3.955602281365978,1060.5426823326166,199.04895998657298
3.9562667849327626,1141.5379886499184,199.09842638931548
3.956931252023453,988.2301136317008,199.14792949895167
3.957595719114144,1049.9582003162398,199.19746997639905
3.9582601862048348,1547.071429372366,199.24705069238337
3.958924633042902,1462.5042608319945,199.29666457505652
3.959589058676949,1373.6516769227992,199.3463084099138
3.9602534843109956,1307.6621461785362,199.39599641616417
3.9609179099450422,1379.875008686717,199.44571967151518
3.9615823117262767,1248.0870458150398,199.49548086153345
3.9622466959088523,1095.250227638714,199.54527245750663
3.9629110800914273,1315.2158092824516,199.5952834959707
3.963575464274003,1047.9273414600839,199.6720863693982
3.9642398210145946,1123.097596174693,199.76576788512563
3.9649041637508704,1100.8998761343457,199.8596935817212
3.965568506487146,1160.7823415167682,199.95374938257018
3.966232849223422,1383.902553923207,200.04793695973083
3.9668972065381687,1203.2398202764114,200.14226379744457
3.967561568750445,894.3188105540298,200.2367230701138
3.968225930962721,1233.017511686874,200.33131443940894
3.968890293174997,961.5047454756831,200.4260429879493
3.9695546045387227,1350.0161065406835,200.5208984247683
3.9702189058338693,1073.3758182909392,200.6158817536619
3.9708832071290163,1447.488180229342,200.71100705780728
3.9715475084241634,1427.8848136736926,200.8062661384916
3.972211771561,1375.6455346765024,200.90165418507698
3.972876031420188,1174.3821804045137,200.99717729377377
3.973540291279376,1353.8357431799016,201.09283777978555
3.9742045508553456,1097.6876646691048,201.18863514462788
3.974868769283743,981.895724290614,201.28456188204837
3.975532987712141,1016.5054654486275,201.38062522086096
3.9761972061405384,1107.5999456165982,201.476831776104
3.9768614207358524,1325.0092910459216,201.57317134579992
3.977525597738628,1220.7995059770267,201.6696460054854
3.978189774741403,1315.6438801088802,201.76625544186882
3.9788539517441786,1230.1541981796477,201.86300821478068
3.9795181322142383,1358.7451392688035,201.95990115262694
3.9801823286984916,1237.7847086052213,202.05693410863623
3.980846525182745,1124.901283482613,202.1541083104436
3.981510721666998,1146.6857313732053,202.25142047086538
3.9821749021228614,1298.9872348974861,202.34887402543822
3.9828390377051814,1370.8319732515265,202.44646076797693
3.9835031732875015,1425.4748053612223,202.5441876061673
3.9841673088698215,1325.3121681931984,202.64205678728024
3.9848314300235237,972.6820312666226,202.73996784735434
3.985495524190554,937.0396642803655,202.82326936839237
3.9861596183575845,957.8573192421318,202.88517224129168
3.9868237125246146,1248.3804866640298,202.94699394963968
3.987487788746584,1140.0873784432458,203.00886476635446
3.98815184150349,1255.3924104723706,203.07079280554007
3.9888158942603957,1040.6984766882792,203.13277725740133
3.9894799470173017,991.3323912768184,203.19481804890208
3.9901439783236885,1184.9211810411216,203.25691561716994
3.9908079896756337,1139.1111930922623,203.3190674456685
3.9914720010275793,1224.6971472105288,203.38127271076533
3.9921360123795244,1215.6877880577006,203.44354162613016
3.99279997384459,1323.612430011038,203.50585964231155
3.9934639024021026,1561.1562351780608,203.56823181026775
3.994127830959615,1041.940307628087,203.6306593304
3.9947917595171276,1030.5267631383692,203.69314682435868
3.9954557298722113,1214.9910424615086,203.75569502708447
3.9961197193126727,1291.5811241118631,203.81830730508779
3.996783708753134,991.4607557191971,203.88097220765567
3.997447698193595,1110.1233366789872,203.94369941611944
3.998111593812481,1019.7722733984227,204.00647177290924
3.9987754614870448,1367.032490773429,204.06929796806338
3.9994393291616084,1144.365217887009,204.13217304904808
4.0001031968361715,1007.0058676308386,204.19305333528325
4.000767062461295,1411.9899514813465,204.24319444546123
4.001430927737428,996.6090624725862,204.29330267577552
4.002094793013561,1003.2292331911815,204.34344609621454
4.002758658289694,1162.5533254513016,204.3936226586868
4.003422562372445,1363.4080023646222,204.44384305490317
4.004086469031527,1177.8662322297023,204.4941042451407
4.00475037569061,949.901023093012,204.54439787270513
4.005414278884857,1195.9666568743924,204.5947312522006
4.006078022417861,1212.118964200486,204.64508864853718
4.006741765950866,932.2345325427901,204.69548493055288
4.007405509483871,1564.1879552017926,204.7462221710741
4.008069261414426,1264.151424606996,204.7983471445312
4.008733085312769,1314.000811772087,204.85052807582778
4.009396909211111,1346.0116455526502,204.90274880973521
4.010060733109452,1214.7514403179603,204.9550055982328
4.010724526426435,916.5099157972024,205.00730472373868
4.011388187224191,1248.3240249350458,205.05963002014292
4.012051848021947,1445.020853388272,205.1119945266135
4.012715508819704,1573.9843217512005,205.1644051275565
4.013379180157245,1200.9373340188242,205.21685042752358
4.0140428799531565,1134.8042082708628,205.2693439684495
4.014706579749069,954.4951072437336,205.32187512721435
4.015370279544981,980.2157174225699,205.3744421275058
4.0160339939227265,1158.0047429494534,205.42705527907347
4.016697735080959,991.1574263620176,205.4797086534621
4.017361476239191,1436.793510993593,205.53240414939495
4.018025217397424,1110.409271872388,205.5851387747176
4.018688887608432,1206.1810893038044,205.63791320984018
4.019352465691563,1259.6852622223348,205.69071305091794
4.020016043774694,1205.212255909707,205.74356003136512
4.020679621857825,1437.0002474825578,205.7964413647108
4.021343241511646,1107.707366122761,205.8493699027266
4.022006899950393,1214.372804589338,205.90234766405095
4.022670558389139,882.9912680541457,205.95535805430708
4.023334216827885,1351.3273829722982,206.00841086557512
4.023997777540354,1203.6682425359766,206.06150137644133
4.0246612729294755,1133.9292808344248,206.11462409824824
4.025324768318596,1113.1619264214426,206.16778928657178
4.025988263707717,736.9466982917236,206.22099536162892
4.026651785667942,1131.9015216290697,206.27424402664167
4.02731532006611,1556.8771991669087,206.3275328934301
4.027978854464278,1199.1574654916535,206.38086313243977
4.028642388862447,1413.9621295759566,206.434235833999
4.029305923260615,1265.4619655345218,206.4878875669017
4.029969457658783,1060.6644030577636,206.57667111272383
4.030632992056952,1488.8943483001726,206.66811770661124
4.031296526455121,1022.8358350041625,206.75970092207638
4.031959923312399,1105.7337989625769,206.85139087262996
4.032623294699142,1243.3362955800858,206.94319724716348
4.033286666085885,1345.2476342017137,207.03512837339264
4.033950037472628,969.7279259054158,207.12717992069295
4.03461352138486,1362.850345340757,207.2193690896772
4.035277014446472,325.76633199324715,207.31168374776053
4.0359405075080845,1295.2623434684344,207.40412122314575
4.036603999614626,1062.8775285384854,207.4966834271942
4.037267329677543,1249.7942874119738,207.58934782148722
4.03793065974046,1023.4613932146377,207.68213685358248
4.038593989803376,1385.803717089306,207.77504294238574
4.039257319667295,1128.9262841882135,207.8680792475924
4.039920647434174,737.8642726052136,207.96124224456378
4.040583975201052,884.458600973352,208.05453013533736
4.041247302967931,1234.1975507992656,208.14793665932316
4.041910637624165,1088.6843822181975,208.24147646532498
4.042574006707005,1268.2064051948605,208.3351436857231
4.043237375789846,1145.9964125244703,208.42894307945866
4.043900744872686,1017.8970985863684,208.52286370435016
4.04456407369282,1284.844419098047,208.6169077464461
4.045227279815141,1469.1740330427847,208.71106196187927
4.045890485937464,1006.0635815366136,208.80534225188836
4.046553692059786,1148.9662337080786,208.89975060973634
4.047216924463165,1062.8500152769457,208.99428813227576
4.047880210919228,1019.8391293869662,209.08896928887768
4.048543497375291,1118.2002358793104,209.1837736194446
4.0492067838313535,1505.185198913004,209.27870674006866
4.0498700039757045,1115.7482136399847,209.37375964826472
4.05053312749669,1388.502239236083,209.46892975265848
4.051196251017677,1138.9220682429925,209.56424311156402
4.0518593745386635,1463.132186318831,209.66171628098456
4.0525225170522665,1332.6279398601077,209.76029092361466
4.0531856796067505,1111.6571785529065,209.85901093371288
4.0538488421612335,1005.2873361051512,209.95786857188955
4.054512004715717,1166.4846230707585,210.05687289357454
4.055175190629917,1527.1630756410725,210.15601383350588
4.055838394479783,1471.3449942743919,210.25530113525727
4.056501598329649,1276.218786364099,210.35472916612753
4.057164802179515,1294.398184460362,210.45429858923987
4.057827900949481,842.1120379042281,210.55399206402112
4.058490941889705,1296.5157256921948,210.65381560411723
4.059153982829929,829.8050414340611,210.75378778407176
4.059817023770153,1337.6528686347551,210.85389644185688
4.060480122874694,1181.3135893180863,210.95416301180228
4.061143244138936,894.5130472504189,211.0545706550507
4.061806365403179,1190.1640013526762,211.15512409218883
4.062469486667421,1044.405230751995,211.2558243985553
4.063132477139138,1405.1256652268808,211.35664048224547
4.0637954355191654,1287.8982346207947,211.45760530438767
4.064458393899193,1518.0536880579073,211.55870863870084
4.0651213522792204,1324.867491038446,211.65995747857917
4.065784345080416,1368.3510996523728,211.76135913319297
4.06644734250478,1116.995217977586,211.8629084538055
4.067110339929146,1104.1003396543938,211.9646039659174
4.06777333735351,1530.5377511003614,212.0664443043853
4.068436334777876,1182.8157065287373,212.16843177975343
4.06909933220224,1089.1577359834932,212.27056753906894
4.069762329626606,802.3063340711735,212.37284983148902
4.0704253208885826,895.0895922909439,212.4752756504454
4.071088155466858,1392.5274892004516,212.57782934779075
4.071750990045134,1527.2311268048686,212.68052733791737
4.07241382462341,1512.591900555198,212.78338133029033
4.073076668495587,1207.7220946939083,212.88634527182234
4.073739583385728,939.247860400829,212.9836089063548
4.074402498275869,1057.0866614807946,213.07264668191578
4.075065413166009,1547.1232102841989,213.16174732018092
4.075728304549675,1381.5126599348507,213.2509473312308
4.0763910978709745,1337.668585922781,213.34025218415496
4.077053891192274,1144.222383762734,213.42967080054524
4.077716684513574,1187.6373355952953,213.51919637415853
4.078379499598417,1266.2118790407644,213.6088402480863
4.07904237322915,826.035174427992,213.69860724090034
4.079705246859884,1172.0476704006685,213.78848140383894
4.080368120490618,1307.872121169019,213.8784766362775
4.081030937400896,1011.1200678794448,213.96857280282677
4.081693648223649,1061.8401861258603,214.0587721684059
4.082356359046402,1050.3044437359104,214.14908005801493
4.083019069869156,1646.9592069296023,214.23950837476306
4.083681779764961,1537.2158435695014,214.33004623200353
4.084344488409414,1225.0264928672743,214.4207026039678
4.085007197053867,950.0061390879555,214.51147665081123
4.085669905698319,1448.2410575820054,214.6023573825651
4.086332635042752,1501.4086796566137,214.6933626266915
4.086995384926075,1275.3579400344433,214.78448403861282
4.087658134809398,729.171182665385,214.8757216232886
4.088320884692721,1287.3254380964438,214.96707583207944
4.088983540395224,958.3899683872455,215.05853445098023
4.089646127508659,1242.6085934440039,215.15009945912084
4.0903087146220924,1079.1104348170634,215.2417821116031
4.090971301735527,1204.9355195696112,215.33358183378178
4.091633941446032,1213.152196839991,215.42550739334104
4.0922966088567465,1443.1912633102825,215.5175556840082
4.09295927626746,1320.863041147485,215.60971898964377
4.0936219436781744,1043.8354290092739,215.70200119446662
4.094284492089917,550.3426109340601,215.79438870854682
4.094946996756128,877.0402361541059,215.88683156693543
4.095609501422338,1304.034998990452,215.97101649620856
4.096272006088548,1244.6961483458235,215.99819723951944
4.09693454229257,1347.1350604729546,216.02500271995555
4.09759708603285,974.7139721513911,216.05182029051522
4.098259629773129,992.2318832317088,216.07865370455855
4.09892217351341,1062.3027880554105,216.105491025599
4.0995847536317,966.9656098348645,216.1323379255719
4.100247338590329,1659.9014193422704,216.15920150557727
4.100909923548958,913.4799463459906,216.18607023416942
4.101572508507586,1102.2484837268585,216.21294778044185
4.1022349375402944,1056.0969871640002,216.23983263058804
4.102897359779797,1436.7755558835029,216.26672668772576
4.103559782019299,1236.7321484388808,216.29363150435472
4.104222206963803,898.2573215889574,216.32054121950603
4.104884709490861,938.4616948092975,216.34746816304383
4.10554721201792,1183.8517144560278,216.37440348388895
4.106209714544979,877.5550580343001,216.40135066708243
4.106872199356848,1269.492703643755,216.42830607163032
4.107534539190151,916.7806820077326,216.45526981249978
4.1081968790234535,1397.167046746886,216.48223723463587
4.108859218856756,1042.3832970512722,216.50921633025268
4.109521565875334,1094.1447050582626,216.5362087125189
4.110183944793489,1133.5642232811135,216.5632082504525
4.110846323711643,964.0992596904937,216.59022218335934
4.111508702629797,1317.7516963300438,216.61724151434692
4.112171081547951,1186.3008514740252,216.64427772943887
4.112833460466105,1112.8869317043507,216.67131550644282
4.113495839384259,934.8490387771212,216.69837186890234
4.114158218302413,1323.886826163276,216.72543013926213
4.114820543094654,1195.8231327745677,216.75250573637385
4.115482759357092,872.3599627054135,216.77957623177414
4.116144975619529,1251.2001678603083,216.80666446730078
4.116807191881968,707.5696017871647,216.83376003284627
4.117469440815083,1342.661348110078,216.86096664721703
4.118131737352923,1069.1079636877976,216.9025118737441
4.1187940338907625,992.3192533214618,216.94730716606423
4.119456330428601,1092.2354106642215,216.99214833122656
4.1201185487482235,1071.202561832646,217.0370083097504
4.120780682655698,1251.620607273691,217.08189351809207
4.121442816563172,937.2503253185654,217.1268087583719
4.122104950470646,1218.034871977086,217.17174812246986
4.122767106065463,1383.116820836391,217.21671879054367
4.123429279071245,1390.7158250746852,217.2617159950318
4.124091452077027,552.8239128383011,217.30674900264322
4.12475362508281,1408.0889810997016,217.3518035129039
4.125415823941858,1306.2742811033781,217.39688664463782
4.126078038119872,1106.8541475884883,217.44200586646366
4.126740252297886,1281.9111275539442,217.4871449560176
4.127402466475901,1470.1935689829966,217.53231847237595
4.128064566600147,1108.077528820642,217.57750530075228
4.12872661817314,995.5846876076879,217.62272466014153
4.129388669746131,1232.4981564104767,217.66796444119697
4.130050721319123,1500.4336771364226,217.71324013096594
4.130712835070581,1178.0826068571346,217.75853991258833
4.1313749669092505,1236.9241104921064,217.8038757189019
4.13203709874792,1066.9673009732567,217.8492369078981
4.1326992305865895,1172.049013864547,217.8946297635846
4.133361224613571,890.0028428139933,217.94003855936833
4.1340231938725545,1312.4254874058777,217.98547585874627
4.134685163131538,1083.612080643284,218.03094137929713
4.13534713239052,1088.8768527996192,218.0764355981144
4.136009137645875,1114.887576364432,218.12195876465958
4.136671146013914,1147.1114997943307,218.16751173482763
4.137333154381952,1236.545285417311,218.21308973915527
4.13799516274999,1506.2536746265846,218.25870620724018
4.138657171118028,1170.3865090349555,218.3043434070644
4.139319179486066,818.4831619140956,218.3504592311988
4.139981187854104,794.548858162302,218.46431195064773
4.140643185666456,940.9683062485575,218.64533656903248
4.141305031492798,864.0766438362278,218.8272144679648
4.141966877319138,1109.3686940801863,219.00954698393176
4.14262872314548,1436.0835992662815,219.1923356561472
4.143290579963575,1437.353262663256,219.3755921520051
4.143952506043438,1139.9538035161308,219.55932345218974
4.144614432123301,1220.9445714496749,219.74351798930158
4.145276358203165,1130.6199226826052,219.92817617259726
4.145938250359321,1405.0786066898106,220.1132885519037
4.146600013922804,1355.7630100394454,220.2988404192215
4.147261777486286,1278.568538609902,220.48485614447884
4.147923541049769,1266.6436887361008,220.6713473726403
4.14858531557824,1176.4060812580556,220.8583160279122
4.14924711826419,1505.106272959131,221.045766768433
4.149908920950141,1116.0328774489492,221.23369670307065
4.150570723636092,1071.5395459354597,221.42210791021876
4.151232540770428,1525.7802894597492,221.61100267331716
4.151894384582571,1581.5896718712136,221.80039015726308
4.1525562283947135,1242.5214973180655,221.99026663931258
4.153218072206856,1495.4078201793184,222.18062692324372
4.153879847349066,1064.2936986469867,222.3714655340957
4.154541528670137,1307.1728096434438,222.56276296102638
4.155203209991209,1122.809466289695,222.7545552093452
4.15586489131228,1201.5096975906386,222.94684421856653
4.15652661224589,1044.6374497857707,223.13964697566743
4.157188373810759,1369.5013812450943,223.33296119445575
4.157850135375628,1210.2099645639641,223.52678007376937
4.158511896940497,1121.969244701447,223.72110272484372
4.159173566801054,1178.8749421644102,223.9159077469692
4.159835165900153,1097.282689502367,224.1111980204466
4.160496764999253,1319.4847991107736,224.30700485696354
4.161158364098351,1594.3024328118534,224.5031199915782
4.161819961948089,1460.586912483656,224.66826235995754
4.16248155907972,1456.3883562436265,224.68216142186498
4.163143156211351,1417.5956783933366,224.69505465009345
4.1638047533429825,1047.8999672569942,224.70795229329414
4.1644663794437475,1359.7586685305482,224.72085001691264
4.165128017676027,1448.5423551057488,224.73375257498955
4.1657896559083065,1256.0353547639368,224.74665477551662
4.166451294140585,1718.2052174624928,224.7595613250727
4.167112806507157,1775.9891370614225,224.77246473547194
4.167774282311605,1028.9067636015504,224.78537386015378
4.168435758116053,753.7851671511288,224.79828051870714
4.169097233920501,906.1723202396399,224.81119071131852
4.169758777498747,1433.4422033373419,224.82410636497866
4.170420333534836,1803.0605162534523,224.8370252685909
4.171081889570925,1484.6385359102258,224.84994208624295
4.171743445607015,935.1017263889619,224.86286622834766
4.172404853157375,775.3591691971981,224.8757877341648
4.173066246790915,1022.0365202437843,224.88871158565397
4.173727640424456,1086.6767709542828,224.9016380805364
4.174389034057996,913.995201500001,224.91456590403905
4.175050506606012,1177.831250702997,224.92749638117024
4.175711980466332,1439.397813876424,224.94043268011927
4.176373454326651,1728.968637457787,224.95336579520526
4.177034919624106,1409.7167298565494,224.96630276646596
4.177696231107151,1594.3074292988736,224.97924251806555
4.178357542590197,1383.155208611061,224.99218458480073
4.1790188540732425,1254.3030099229263,225.00512474009815
4.179680170316455,1033.8408650154827,225.01806944757826
4.18034152095139,1104.6805636811503,225.03101787062727
4.181002871586325,926.842203028986,225.04396489405585
4.1816642222212606,1208.0503149502808,225.05691781536936
4.182325572856196,1466.4971421058103,225.0698715044271
4.182986923491131,882.2357194367867,225.08282904845754
4.183648274126067,1115.1442779717158,225.09622985598313
4.184309624761003,1299.3689291252472,225.17653338900402
4.1849709440687075,1048.4766330367304,225.2723029871283
4.185632173421664,1154.4508544603038,225.36828391125817
4.186293402774619,1478.8166913652994,225.4643852482772
4.186954632127575,1457.4919671798539,225.56061026017875
4.187615887684246,828.15051261736,225.6569660780826
4.188277197254256,1105.7496886493313,225.75344945698174
4.188938506824265,1297.2135381403327,225.85005512050387
4.189599816394274,957.0734589006398,225.94678824269846
4.190261061881679,980.6327231874459,226.04363306857005
4.190922209124943,1350.6763343929556,226.1405950580827
4.191583356368206,1164.874242338198,226.23767488540918
4.1922445036114695,887.9954019548373,226.3348816560311
4.192905649984043,1386.8597357663014,226.4322139593458
4.193566795345332,726.9280220636907,226.529671776472
4.194227940706621,1165.4340751774655,226.62725921461143
4.19488908606791,1643.833486508353,226.72496739581914
4.195550253173984,1423.288202584441,226.8228063636115
4.196211439579806,1378.9072497955203,226.92077588402393
4.1968726259856295,1401.3820016614761,227.01887231602478
4.197533812391453,1134.5333472270981,227.11709944656405
4.198194901883562,950.0946989080016,227.21543352338236
4.1988559260005145,1042.1721213849205,227.31389217420528
4.199516950117468,885.436702005094,227.41247148554785
4.200177974234421,1233.8638633501184,227.51118651811507
4.20083905163202,817.9922326201771,227.61003673184933
4.20150015595387,821.5769549079741,227.70901767151153
4.2021612602757195,1310.0115716362873,227.80812655501646
4.202822364597569,1096.0256428561258,227.9073668078991
4.203483350272063,1424.1684206095142,228.0067203883287
4.204144292330285,1064.0494200374628,228.10619596573636
4.204805234388505,1219.6487082233805,228.2057995698339
4.205466176446727,1003.1875776127107,228.3051874710649
4.206127149761482,1279.7633505391473,228.35173325452263
4.206788130995578,969.7378744600509,228.3340204444967
4.207449112229675,1593.9088402217794,228.31588284348098
4.208110093463771,1337.0778050023491,228.29775370292145
4.208771074697868,750.61846580022,228.27962454886028
4.209432055931965,1332.712617414795,228.26149986015312
4.210093037166062,1076.2880261245728,228.24338153514034
4.210754018400158,1449.9984761047551,228.22527033771098
4.211414848735762,1162.0981042349904,228.20716335889438
4.212075667744078,970.2180278150912,228.18906039126878
4.2127364867523935,750.8428363334069,228.17096304979296
4.21339730576071,974.982700130867,228.15286894635483
4.214058204648512,1249.4079113742573,228.134782412282
4.214719103849567,1298.313387108945,228.11669574155772
4.215380003050622,1381.8938975301642,228.09861200638883
4.21604089223294,1635.786626051054,228.08053268154308
4.216701629233437,949.0879947224869,228.06246522046308
4.2173623662339335,1066.8189965477848,228.04440088262615
4.21802310323443,1220.205525568805,228.0263384210531
4.218683845219681,1162.8429607969279,228.0082844019337
4.219344621409345,1074.1093433167905,227.99022862848392
4.220005397599008,1072.436892985567,227.97218080703888
4.220666173788673,1216.0509982202302,227.9541339840973
4.221326949978336,1175.2378661459993,227.936096472901
4.221987726168,1261.211602111613,227.918058336254
4.222648502357663,1017.3384365639927,227.90002934319827
4.223309278547328,1053.7649660694422,227.8819991618693
4.223970013048182,1021.8347960137298,227.86397916118594
4.224630627075106,1191.371829872165,227.84596433237292
4.225291241102031,1302.1908196133381,227.8279513623209
4.225951855128955,1389.978077644675,227.80994463065855
4.226612494956175,1382.1489041649186,227.79194380880546
4.227273189163681,1049.5978996816953,227.7739692708542
4.227933883371188,1348.9217673116357,227.7602831035776
4.2285945775786935,1276.524933104703,227.80046278453918
4.229255209163743,963.6746989458666,227.84102075386662
4.2299157412337145,1381.6526618439927,227.88159293770192
4.230576273303686,1247.4087783060174,227.92218681236056
4.231236805373656,1175.1874088351235,227.9627987844197
4.2318973551019505,1565.6823851305946,228.0034380824574
4.232557926374357,1084.0941335584348,228.0441025871285
4.233218497646762,1376.7573076412255,228.0847856500667
4.233879068919168,1378.7992786461805,228.12549058134988
4.234539661258403,1348.2261678963346,228.16621887830573
4.235200273504093,1256.5315463160953,228.2069718314028
4.235860885749782,1516.5041864804214,228.24774553183005
4.236521497995471,1228.6417233664056,228.2885380742043
4.237182016519964,1632.013498860356,228.32935006034808
4.237842466653314,1087.3667208458978,228.3701781311516
4.238502916786664,1682.9059461067066,228.4110304573205
4.239163366920014,1521.4899100867538,228.4519044776014
4.239823868510682,1349.530749361224,228.492804012847
4.240484398814887,1314.8766653857883,228.53372816762231
4.241144929119092,1166.3799818305774,228.57466689719183
4.241805459423297,1286.4140593524608,228.61563484333726
4.242465875403826,1498.6460642415318,228.65661674580383
4.24312624362088,1453.8891663562329,228.69761500909465
4.243786611837934,614.1748265362763,228.73863764936291
4.244446980054988,1381.9190677624192,228.77968587382966
4.245107346938716,1432.2362259464464,228.8207504573785
4.245767713420921,1101.1877239192104,228.86183922796044
4.246428079903126,1366.9280167646143,228.9029504885736
4.24708844638533,1042.383390190434,228.94408153077816
4.247748846897464,1208.353323313564,228.98524118318488
4.248409254327551,957.469328193021,229.0264189363492
4.249069661757637,1133.6508609804089,229.0676247483684
4.249730069187723,1211.7922155872313,229.12835015330393
4.250390331778261,1310.0120276391817,232.15238779880286
4.251050577158966,774.3450827531913,232.41610230127873
4.25171082253967,1742.2647551039843,232.66162933885775
4.252371067920374,1051.39273141838,232.90793460435094
4.253031389956747,1229.2445867594092,233.15505149030588
4.2536917154961476,1194.2100840427458,233.40296423059834
4.254352041035549,1332.9221727083623,233.6516676748541
4.255012363568641,1043.2632562894996,233.90116683076198
4.2556725270838305,546.9293848133002,234.15140799383843
4.256332690599019,1194.2219404055113,234.40245702146413
4.256992854114208,1590.441478439133,234.65431508589018
4.257653017492737,1308.8279739332381,234.90698472796086
4.2583131793116795,1101.6683336080885,235.16047652728517
4.2589733411306225,1238.7976967082782,235.41479188399217
4.259633502949565,1096.8798671460052,235.66992900887843
4.260293670573189,1335.9463593206833,235.9259089138129
4.260953873314634,986.369253740723,236.18273090299175
4.2616140760560794,1494.1479098102232,236.4404011556552
4.262274278797525,1080.3106040197251,236.69891699580444
4.262934448595921,921.1184997328062,236.95826595758498
4.263594489350895,1594.6281472706253,237.21842506118958
4.26425453010587,1309.5895449416728,237.47943962059026
4.264914570860844,1003.0483659239889,237.74132078702243
4.265574632826475,1553.5933077224688,238.0040786655525
4.2662347537279866,1669.794984257673,238.2677366037519
4.266894874629499,1314.2893582292984,238.5322707780632
4.267554995531011,1236.963225980474,238.79768889310347
4.268215063684379,1498.7704129804122,239.06397414881232
4.268875022624571,733.6756354901073,239.33110916327595
4.269534981564763,1255.819514245363,239.59914619488788
4.270194940504956,930.9821040482534,239.868082568045
4.270854914610202,845.6995995526739,240.13793652878962
4.271514912789851,1422.8091692350433,240.40819734563868
4.2721749109694995,938.5566100617706,240.60076617778088
4.272834909149149,1491.9320637825479,240.561834503949
4.273494907328798,1146.4668853937926,240.52137082861623
4.274154905508448,1100.7909984775029,240.48093222184065
4.274814903688097,1226.2135640875726,240.44050981617482
4.275474901867746,1269.3874588904694,240.40010863527235
4.27613481793916,584.4557309038431,240.35973426573128
4.276794654195202,1878.86520352288,240.31939031976427
4.277454490451243,1372.848961844738,240.27906034998168
4.278114326707285,1403.4567840432242,240.2387509325502
4.278774208410631,1397.867911871241,240.19846149285692
4.279434124801052,1133.931826687893,240.15819084254503
4.280094041191473,1161.6746039769268,240.11793940365064
4.280753957581894,1486.837822171373,240.0777091347884
4.28141377246956,1234.895360846584,240.03750444573797
4.282073526961505,1475.6748381167831,239.99732573195013
4.28273328145345,1882.779904532404,239.95716648669062
4.283393035945396,2155.139072603336,239.91702811874177
4.284052845448132,1150.3549872764138,239.87690720757274
4.2847126800695925,1455.9144341708864,239.83680244985587
4.285372514691054,1481.736167382744,239.79671791959768
4.2860323493125145,1415.833988935907,239.75666025417755
4.2866920632008005,1701.1246045622236,239.7166242180565
4.287351735948911,1096.7146554398823,239.67661244994562
4.288011408697021,1263.882596184574,239.63662075294775
4.288671081445131,1021.1728986060026,239.59664780580837
4.289330785793166,1024.063491540976,239.5566950134195
4.289990497799175,1323.3575595423542,239.51676248308812
4.290650209805183,1069.5708946292064,239.47684899126622
4.291309921811192,1629.1802735862495,239.4369568297803
4.2919696338172,1153.6788460609448,239.39708493516542
4.292629345823209,952.2478937975161,239.35723167937013
4.293289057829217,1289.8787067811716,239.3173978606264
4.293948769835225,1116.7059554407676,239.2780718092187
4.294608332609458,956.6435280051575,239.31150796707135
4.29526788277979,1242.0581850555925,239.3618133360777
4.295927432950121,1378.652355620563,239.41225961429402
4.296586983120452,1306.6146089711651,239.46273361928326
4.297246611843348,1326.8207587333854,239.51325260084113
4.2979062421310354,1304.4031237172926,239.5638013867508
4.298565872418722,813.1066226521725,239.61438219865101
4.299225496464693,1278.8889068626422,239.664990767718
4.29988496494181,1117.5320277936328,239.71562182090827
4.300544433418926,1024.6675385241845,239.7662843051001
4.301203901896043,898.9026002950476,239.81698581235477
4.301863374160284,1057.3279946148264,239.86771299014458
4.302522881908441,1566.3506091964678,239.91847498516867
4.303182389656599,1641.364546714818,239.96927012170957
4.303841897404757,1465.6766976092117,240.02009603584034
4.304501405152915,937.4957101107799,240.07095678496734
4.305160912901073,1199.8442091408413,240.1218470785857
4.305820420649231,1291.667424170943,240.1727703119606
4.306479928397388,792.2148981427067,240.2237296820924
4.307139401982075,1021.081250331446,240.2747149348903
4.307798747957307,1292.558571002674,240.3257251048735
4.308458093932539,993.2038485988394,240.37676765910706
4.309117439907771,1080.2912288777513,240.42783649552987
4.309776807376072,917.0593533937871,240.47894383699335
4.3104362334565005,1055.1590224679067,240.53009147236875
4.311095659536929,1484.4556342998217,240.58126897199773
4.311755085617357,1331.1230937563405,240.63247638968167
4.3124144590981475,954.5716829503705,240.68371489134375
4.313073723430738,1437.5687810976347,240.73497849236995
4.313732987763328,1535.1194920478329,240.7862727450161
4.314392252095918,1141.0560550632244,240.83760127541436
4.315051531428613,1287.4134075982188,240.88896571544248
4.315710835045365,1549.352755285312,240.94071064597642
4.316370138662116,1407.818523811179,241.04507486885265
4.317029442278867,938.3119414417831,241.24144408902532
4.317688745895618,1202.9744605723436,241.43891101585416
4.31834804951237,1619.360368306167,241.6368632158885
4.319007353129121,1318.9489204289341,241.83530743885584
4.319666656745872,1247.5495412038604,242.03423549210598
4.320325880455034,969.1084844415149,242.23363183499364
4.3209850223615645,1011.9284448669233,242.43349562930945
4.321644164268094,1042.6127242536973,242.63385947915074
4.322303306174625,806.9637110555178,242.83471838943635
4.322962492136236,1253.3198002155893,243.03608978465712
4.323621714135803,1569.058102138208,243.23797541537985
4.32428093613537,1245.0239494422942,243.44036736229165
4.324940158134936,1788.4304488338134,243.6432608409035
4.325599282199723,1250.270063498879,243.846631955776
4.326258342514137,1107.6579980211961,244.0504982936086
4.326917402828552,1052.2595601016956,244.254874119554
4.327576463142967,1403.9776307084953,244.45976207959495
4.328235549438087,1554.9126771592946,244.6651807611874
4.328894649049759,1417.9074957332555,244.8711195143005
4.32955374866143,1049.5624005941497,245.07757867782058
4.330212848273102,1159.707634205438,245.28455680319175
4.3308719478847735,1531.0737562398688,245.4920642896515
4.331531047496445,1545.4949770661244,245.70009952847744
4.332190147108117,1193.2212808561517,245.90866509240885
4.332849246719788,1137.1747349688583,246.1177615922513
4.333508221701821,1363.7871694944831,246.32735485715546
4.334167159665929,1117.8898769681327,246.53747099031676
4.334826097630038,714.0222513292962,246.74812993114688
4.335485035594147,1191.5691058372788,246.95932352260186
4.336144039679722,1103.4212059461768,247.1710810158742
4.3368030577247065,882.4224335514648,247.3833896206415
4.337462075769691,1690.9433115042718,247.59625256881182
4.338121093814676,1723.821689431929,247.8100622416091
4.338779969611331,1206.87338719078,248.08527756031907
4.3394388260338035,1219.7217774944043,248.36905011549675
4.3400976824562765,867.0769717732525,248.65385075324747
4.340756538878749,1375.0327015502198,248.93963415827716
4.3414154320298906,1161.3464158158765,249.2264128767328
4.342074327762692,1536.0633189127634,249.5141942420961
4.342733223495493,1553.0422339636764,249.80296667435437
4.3433921192282945,1632.5757088541934,250.09274713667523
4.344051014961096,970.4150214155732,250.38354057513286
4.344709910693897,1405.4159667941365,250.6753400074023
4.345368806426698,855.5427015374491,250.96816834884322
4.346027695413643,1313.30465209059,251.26201869523854
4.346686429561493,1251.7462359592573,251.55683315309503
4.347345163709344,1614.3054900967243,251.85268749034276
4.348003897857194,784.2868433377383,252.1495888476014
4.348662639628775,1065.0169209570558,252.44754212104021
4.349321453845341,1248.4139881113126,252.74658695403303
4.3499802680619055,1553.8087935699969,253.04669857952564
4.350639082278471,1365.9665202830226,253.34787557416433
4.351297872513487,872.3327153684324,253.6501205815169
4.351956525170133,1539.2293761480894,253.95338870196494
4.352615177826779,1197.591456891007,254.2577378909396
4.353273830483426,1131.0454871932502,254.56319376042558
4.353932491060429,1373.1140532901397,254.86975012044766
4.354591183040453,1096.815202840488,255.17742923361862
4.355249875020476,1391.1108920560212,255.48622182167526
4.3559085670005,1408.7114140531967,255.7961447266768
4.356567258980523,565.7154499574508,256.1071923087088
4.357225950960547,929.5586029607729,256.41937575589907
4.35788464294057,575.6110555982383,256.73270229405114
4.358543334920594,858.5773852225317,257.0471851995112
4.359201977410726,1001.744667313708,257.3627951903971
4.359860507868364,888.1730945282877,257.67899579718704
4.360519038326002,1077.7234136594154,257.91714772078353
4.361177568783639,1572.4589666489755,258.0409500599455
4.361836127952966,1377.7673622106404,258.1641698602582
4.3624947384671575,1367.8790081896789,258.28758190959996
4.36315334898135,1002.7848753118257,258.4111674069821
4.363811959495542,1458.5115962571263,258.53492525726955
4.364470503691721,1147.579594898143,258.6588571866671
4.36512895270854,952.4190792238793,258.7829430976207
4.36578740172536,1093.274361490387,258.9072113920158
4.366445850742179,1590.958506908426,259.03165752068116
4.367104299123726,988.8027104466245,259.15628101933595
4.367762746766693,1330.7424739945511,259.28108790080427
4.3684211944096605,952.5032020772461,259.4060736488954
4.369079642052628,1207.4025619544009,259.53124095991404
4.369738110597369,1319.9054290690501,259.6565927737033
4.370396598950591,1074.4241269855665,259.7821235663287
4.371055087303811,1055.7461681837897,259.9078444757103
4.371713575657033,1185.0401201055497,260.03374713337564
4.3723719728343085,979.897086434486,260.15981309407886
4.373030299727662,1237.3785088720222,260.2860464779375
4.373688626621016,704.0096839159322,260.41246698192435
4.374346953514371,1071.2169307508552,260.53907639496674
4.375005329692871,1600.5869088096363,260.6658694156627
4.375663736630618,836.8457697401607,260.7928592775642
4.376322143568365,1242.074343450021,260.9200393289011
4.376980550506112,1385.5916355965494,261.0474007657597
4.377638849846886,868.3714533719881,261.17492773091146
4.378297095349761,1272.120794965998,261.3026283601437
4.378955340852635,1095.5075606033288,261.4305191845942
4.37961358635551,895.2457244079683,261.5585948472324
4.380271830900638,1348.2123498659955,261.68686795728826
4.38093007506782,888.9469959727732,261.81532066599743
4.381588319235001,495.9725288597634,261.94396264369186
4.382246563402183,1481.6673714354104,262.0715144233149
4.382904838768556,1011.8534186364526,262.0062906608313
4.383563123620833,882.8654995977722,261.9185980014934
4.384221408473111,1057.1856723263052,261.8308385706319
4.384879693325389,992.2196143031298,261.7431794412895
4.385537846333017,1366.8776578772038,261.65561826926097
4.3861959697879,1230.8056213081627,261.56814842661805
4.386854093242782,1118.0301701205562,261.480777943108
4.387512216697664,883.3373650407239,261.3934830996937
4.3881704095164205,759.8852352507365,261.3062656522196
4.388828613003534,1487.0700042042893,261.219139277703
4.389486816490649,1191.5955400334751,261.13210137086156
4.390145019977764,1426.0868005054188,261.0451451318982
4.390803075605823,1002.017415330275,260.95830097630153
4.391461117720518,892.6007613987133,260.87154078006705
4.392119159835214,850.8110918663986,260.78486948061493
4.392777201949909,954.2996576915992,260.6982840807781
4.393435321337123,703.5731116443081,260.6117727028732
4.3940934434791865,1034.2327291276067,260.52534444438805
4.394751565621249,1324.449709424314,260.43900778328185
4.395409684804328,1404.027240531813,260.3527526548236
4.396067604946435,1294.0050601259404,260.2666123496755
4.3967255250885415,1114.4646326646466,260.1805607684675
4.397383445230648,1200.6726236038498,260.0945916173693
4.398041367862225,1151.0470002373115,260.0087029411058
4.398699327374488,840.2184415679887,259.92289675670065
4.399357286886752,1085.2536478948173,259.83717353336175
4.400015246399015,1261.9191320498803,259.75153832911565
4.400673205911278,1411.5109984123608,259.665987116466
4.4013311654235405,1197.9298400918024,259.5805236380261
4.401989124935803,1364.0618359974574,259.4951404977195
4.402647084448066,890.0862835301326,259.4098373836852
4.403305018245659,1552.8629160608643,259.3246284867619
4.4039628164603855,915.008114929789,259.23986585114403
4.404620614675112,1127.1135182466871,259.2072711465998
4.40527841288984,1183.7930037971873,259.2598783845671
4.405936227689245,1646.2344557398703,259.31308327350393
4.406594105916745,1456.1458435485772,259.36632436730054
4.407251984144246,857.2167459235832,259.419601804747
4.407909862371746,912.4860481142279,259.4729084356408
4.408567699493634,1262.3719366435334,259.52624796627975
4.409225416448545,1483.477222252715,259.5796114510479
4.409883133403455,1555.6276530048547,259.63300742620794
4.410540850358366,1387.3860775593887,259.6864345058272
4.411198579216663,1271.161302042341,259.73989173149425
4.41185633555467,676.6770606299957,259.79339585544903
4.4125140918926755,1374.6172236142797,259.84692390721904
4.413171848230682,1246.7259997424324,259.90048600013915
4.413829604568689,1451.1628151896773,259.9540836474128
4.414487360906695,1135.03375024081,260.00770921132516
4.415145117244702,1182.2446874206585,260.06137074451135
4.415802873582708,1318.862987167313,260.1150652524889
4.416460566072211,1354.5332568983326,260.16879256864735
4.417118161175034,756.3073254805134,260.2225389176126
4.417775756277856,900.7229964204369,260.2763214427287
4.418433351380678,1487.4187315416877,260.3301398751293
4.419090981893927,1473.8900862259907,260.3839898547151
4.41974865699736,739.6406660372934,260.43787587742
4.420406332100794,1096.6714855454782,260.49180329567525
4.421064007204227,901.3471443094505,260.5457562018562
4.421721603473641,1224.855099927183,260.59973924532335
4.422379117366818,1097.4727422039193,260.65375284683233
4.423036631259995,1519.0624184582643,260.70779693687035
4.4236941451531715,571.4374184293722,260.7618720401978
4.424351658404852,908.9931154203257,260.8159836374851
4.425009171099321,1339.6354148127332,260.87012618828993
4.425666683793789,1117.618636908701,260.92430577657336
4.426324196488258,1451.0852757716425,260.97894834913933
4.426981732750657,1234.1095946339703,261.09798223360394
4.427639286039847,1274.6167232071898,261.2302403284461
4.428296839329036,1282.3951990446408,261.36278518404197
4.428954392618225,1232.2469822721066,261.495530416945
4.429611844977622,1321.0594112540866,261.6284601996999
4.430269237093932,1270.811755334345,261.76157948792513
4.4309266292102425,1067.3787972645432,261.89490168362676
4.431584021326553,1155.9034754022443,262.0284284397285
4.432241467165575,1233.317594078351,262.16217073076183
4.432898939270334,1038.7281668229703,262.2961163690597
4.433556411375093,965.0828746079351,262.43027834630277
4.4342138834798535,1142.2335121504696,262.5646369946122
4.434871240074252,1367.2162430899002,262.6991802033172
4.435528551031042,1176.7092790856689,262.8339264163116
4.436185861987832,924.74294399597,262.96887175593844
4.436843172944623,1258.9379050682242,263.1040277390369
4.437500483017236,1579.0508829391292,263.2393945788946
4.438157792813262,1335.5914185524891,263.3749705213159
4.438815102609287,748.1355862951467,263.51075001011617
4.439472412405313,1451.4245673894277,263.6467480620467
4.440129722201338,1214.4892161587745,263.78295109742675
4.440787031997363,1169.6856760397873,263.9193623474404
4.441444341793389,1365.8561681989136,264.0559927495825
4.4421016515894145,1524.7139812463872,264.19282843409974
4.44275882443626,1219.1524892817552,264.32985575811625
4.443415973134113,1313.1457625546955,264.4670845195745
4.444073121831965,1780.886904820749,264.60452659426204
4.444730270529817,1539.9786100341507,264.74218851627097
4.4453874907277315,1612.6242866365926,264.8800727880222
4.4460447193994375,1295.263310548293,265.01818160686554
4.446701948071144,1079.4011880207472,265.1565032316871
4.44735917674285,1232.2251025680068,265.2950439616256
4.448016254369026,1040.4317166115675,265.4344571056985
4.448673321967447,1272.3294261583228,265.67944322058327
4.449330389565867,1586.2515850039392,266.19881568531383
4.449987457164288,1572.1616161255677,266.72307822783745
4.450644563445922,1366.3402396205802,267.25048348991527
4.451301670468689,1174.2625836009113,267.7810254564854
4.4519587774914555,984.3011393319742,268.31474794116656
4.4526158845142225,1385.084701861358,268.85166094406856
4.453272991536989,1570.3486316640365,269.3918190398673
4.453930098559756,1038.4683464408865,269.93524151196607
4.454587205582522,1187.6134301009165,270.4819609001714
4.455244301793547,1203.8443940033205,271.03201153983366
4.455901247780345,1613.4065732662764,271.58530295116736
4.456558193767142,1190.5437346318213,272.14199066165696
4.45721513975394,1399.255195109198,272.702116387962
4.457872094525591,1783.2292234833208,273.2657242501757
4.458529120474079,845.6506596191309,273.83289841464693
4.459186146422568,1037.8067241173285,274.4036198741433
4.459843172371056,1111.3949860254247,274.97792062497706
4.460500173790511,1335.1988724471717,275.55582139392925
4.461157038727898,1148.7804976188095,276.1372585920989
4.461813903665287,1331.2210242630765,276.72238655057066
4.4624707686026746,1259.392256465241,277.31124905955255
4.463127633330412,1012.5251614569286,277.90389173694774
4.463784497190348,1553.9919297265217,278.50034144104086
4.464441361050284,670.4093021864951,279.10064653236327
4.46509822491022,799.503022056749,279.70484791734594
4.465755098335014,1284.8040778341574,280.3130010876209
4.466412002709589,789.2929248754413,280.92516601918425
4.467068907084165,1249.9753245063048,281.5413536320365
4.467725811458742,1729.6190078957106,282.1616124499744
4.4683826598568235,1154.2049538987271,282.78593144095015
4.469039362755375,1426.8185564473265,283.41427936243724
4.469696065653926,979.2583972015007,284.0468226649713
4.470352768552476,1232.4942199653447,284.68126048675714
4.471009496961489,1487.7513599459137,284.9629911197869
4.471666279807136,974.9000816247473,285.0870253243936
4.472323062652782,963.138118602952,285.21017585338126
4.472979845498428,861.0902751125794,285.3334847489045
4.473636570389632,1533.7991859259987,285.4569498964439
4.47429319229874,952.357414848665,285.5805493169516
4.474949814207847,726.1169962402457,285.7043124310425
4.475606436116956,1199.49886683785,285.82823434141767
4.476263073841765,1372.0650778274646,285.95231743449057
4.47691973520344,970.4304515611502,286.0765662080951
4.477576396565114,1798.2718789387332,286.20098425728156
4.478233057926789,998.9686888040427,286.32555302798846
4.478889719288463,900.6178294265748,286.4502957662066
4.479546380650138,1072.6746006842402,286.5751934855235
4.480203042011812,1177.2785235576796,286.700260262672
4.480859703373487,1212.9511426574904,286.82548462154153
4.481516287270956,1407.274176656199,286.9508645743263
4.482172787733348,1582.0066213615423,287.0763875192536
4.482829288195741,1015.6184942094646,287.2020798769824
4.4834857886581325,1461.281595182978,287.3279336310128
4.484142330805343,976.4678640151182,287.4539599278979
4.484798911202668,1606.338994681709,287.5801587294204
4.485455491599992,1432.6938535692107,287.70652840075303
4.486112071997316,1002.5124914152809,287.8330578897397
4.48676856209914,854.9122610055356,287.95974005787986
4.48742498162201,1535.7398808571215,288.0865738151631
4.48808140114488,1009.4122094675374,288.2135802888393
4.488737820667751,1783.0231114925932,288.3407493521562
4.489394239593176,1872.7006695676523,288.46808528161756
4.490050658121682,1683.1473272285916,288.59559073980654
4.490707076650187,1184.9283470667788,288.7232731456306
4.4913634951786925,738.4974177076774,288.85111679759524
4.4920199395871965,955.8450844919051,288.9788028519476
4.492676398575424,778.7428581449284,289.05412287225965
4.493332857563651,1034.0119599205445,288.6673962945178
4.493989316551878,1197.4435163699036,288.2791626275056
4.494645638926086,1280.1347192175242,287.89256137072675
4.495301896629771,998.5396571622323,287.5075505639082
4.495958154333456,1062.638431808105,287.12408195752084
4.496614412037141,1157.1778372198046,286.74214051132515
4.497270727066498,1330.878782447909,286.3616843368716
4.497927064690519,1231.1267585343599,285.9827168274848
4.498583402314542,1256.0547545522597,285.6052528299317
4.499239739938563,1135.240728674731,285.22928061374967
4.499895956059644,1073.5899324531722,284.8567289864177
4.500552132883652,1105.1320424972018,284.76634409924276
4.5012083097076605,1215.9716266564658,284.7307865121172
4.501864486531669,1539.0130611937313,284.69559361624255
4.502520726784679,928.6863118053398,284.6604097893439
4.503176983524158,1260.4621929661098,284.6252397803402
4.503833240263637,1210.9010297630623,284.59008399708557
4.5044894970031155,1007.2283270581581,284.554939030425
4.505145620051095,1043.2441638137639,284.5198116502373
4.505801716015358,939.862423066283,284.4846999749809
4.5064578119796215,1540.1389545772017,284.4496065226765
4.507113907943886,904.2660287165156,284.4145198111502
4.5077700030963035,1022.1060249381918,284.3794471567152
4.508426098126489,964.1824618632157,284.3443928102375
4.509082193156675,1707.7354603645801,284.3093431924655
4.50973828818686,1018.5505220818677,284.27430942497324
4.5103944198376675,1604.8330028984853,284.2392953972697
4.511050555287705,762.6457681175077,284.20428364013816
4.511706690737742,920.1437572943204,284.16928493075017
4.512362826187779,1296.137529556053,284.1343011449299
4.51301881004333,1303.1992863547632,284.0993392854924
4.513674784755336,1246.6034340772153,284.06438724259675
4.514330759467343,1439.7718323702225,284.03123936473446
4.51498673417935,1403.8823113855535,284.2678834714118
4.515642787195036,952.3873080229362,284.80074817155406
4.51629884181035,1117.3918694986835,285.3386002031171
4.516954896425664,964.1706561272204,285.8795032609662
4.517610947702224,1266.151680669957,286.42348669594406
4.5182668012067815,1865.9378935909376,286.9704189478379
4.518922654711339,1337.7286458745082,287.52049920784907
4.519578508215897,1255.1427121959366,288.07374453521544
4.520234363803518,937.4796660591902,288.63019267357697
4.520890256809122,490.65765083907905,289.1899074138666
4.521546149814727,1321.788878221072,289.75289512259116
4.5222020428203304,1229.7575124011785,290.3191705376443
4.522857935825935,1291.2728153386547,290.8887831055641
4.523513828831539,1397.12037654047,291.46175198958156
4.524169721837143,1065.6422604812399,292.0381213220176
4.524825614842747,1357.28345320074,292.6179119782411
4.525481487922286,1110.1217609238333,293.201149989736
4.526137220264179,1276.988040119171,293.7877644622521
4.526792952606072,1169.7569327580109,294.37790152566214
4.527448684947965,889.9364700683402,294.9716132744346
4.528104430026022,830.3291618045821,295.5689346352906
4.528760242256625,1575.206514504445,296.1699589887609
4.529416054487228,1371.6759763141376,296.77465789960553
4.530071866717832,1288.7083950662845,297.3830734089917
4.530727647691295,1076.9662112570068,297.9952095093426
4.531383299282946,854.1616765357646,298.6110151511253
4.532038950874597,1342.2727410084406,299.23065173608916
4.532694602466248,1599.0081953007277,299.8541545429022
4.533350253862514,1451.0872144509087,300.4815683436205
4.534005904602787,903.0609509420393,301.11293036161885
4.53466155534306,1885.0578160412065,301.7482839553363
4.5353172060833336,1500.4037074978082,302.3876729730875
4.535972856823607,1078.4605873899272,303.0311337967882
4.53662850756388,1056.4341632073522,303.6729035655288
4.537284158304154,1087.0112813983512,303.4442193731194
4.537939809044428,761.8424823189029,303.0440260992356
4.53859541195288,1106.3817495807511,302.6443308434219
4.539250902103695,1402.2679254888121,302.24628265764926
4.539906392254511,1140.598929696296,301.84980092108555
4.540561882405327,1567.1907108705018,301.4548720952505
4.541217399057343,1409.8157676248215,301.0614724410793
4.541872969082273,1070.8586251297222,300.6695802399247
4.5425285391072014,968.2853530970226,300.2792047643503
4.543184109132131,1325.2447732844835,299.8903441411536
4.543839620474104,1630.8153901106139,299.5030326234151
4.544495029934312,1217.0065585180523,299.1172675201889
4.54515043939452,1107.5020996260876,298.73299366117914
4.545805848854728,1017.012265200097,298.3501854936693
4.546461257993258,1058.5947123141584,297.96885323056614
4.547116666647104,1048.2950834727737,297.5889778460086
4.5477720753009505,1337.6694378952036,297.2105426343711
4.5484274839547965,1369.4513540110977,296.8335561627174
4.549082910019006,1195.1027124193643,296.4579842783525
4.549738359008175,1017.9463865448283,296.08381665769804
4.550393807997343,999.671061104059,295.7110627669462
4.551049256986512,1844.3107964986496,295.3397162008032
4.551704631394607,382.7873912756422,294.96979853361677
4.552359919856145,1630.9333341642025,294.60132175498217
4.553015208317683,1082.8372700745233,294.23421316263426
4.553670496779222,1453.0204648687752,293.8684801303227
4.55432580490286,1322.7057595285203,293.504093012645
4.554981132900952,1207.2092170049893,293.1410436929856
4.555636460899045,572.2198171759411,292.77933647621074
4.556291788897138,1201.5873554733691,292.4189680396708
4.556947031908899,1130.095561395299,292.05997023104004
4.5576021994164355,808.8780916728933,291.7023275479526
4.558257366923972,1279.8618747887408,291.3463766923753
4.55891253443151,1448.30544612544,291.0497721690115
4.559567724144007,1365.989422303905,291.00920221695316
4.560222931195685,1000.9249316411348,290.97034504199087
4.560878138247361,1529.1186471659607,290.93150237624235
4.561533345299037,616.3558857673937,290.892683597768
4.5621885523507135,1175.0792467148553,290.8538730260692
4.56284375940239,1341.404437782043,290.81508041228784
4.563498966454066,1375.0832004564973,290.7763065541017
4.5641541735057425,902.3616566560166,290.7375425403444
4.564809280352329,1276.6517313777122,290.6988066679991
4.565464326950509,1252.0165024677951,290.6600793764688
4.566119373548688,1856.3149639749638,290.6213768356748
4.566774420146867,848.9995963453435,290.5826876482877
4.567429519105883,833.0769111359799,290.5440113210971
4.568084645551414,1431.3939604463205,290.5053451405052
4.568739771996945,843.474259799987,290.46669972027485
4.569394898442477,1477.4301716624082,290.42806190713105
4.5700498870454505,1022.7588416462721,290.389452637556
4.5707048127788905,862.8129219479733,290.3508609495562
4.571359738512331,1134.3592530815224,290.312286230015
4.572014664245771,1519.9173228878562,290.27373314556297
4.572669618354499,1036.307545801864,290.2351871568304
4.573324583647223,1284.2072659540804,290.19665666392103
4.573979548939948,1348.5888460170354,290.15813957913036
4.574634514232673,1136.2664629468889,290.11963967657545
4.575289479525398,955.8799578150163,290.0811529539193
4.5759444448181235,864.3139981300695,290.0426838053638
4.576599410110848,1455.5378571881004,290.0042219458425
4.577254375403573,613.4894846708954,289.9657813117532
4.577909216026351,989.1173953115473,289.927370059804
4.578564020939645,1269.1912580486933,289.8889670543531
4.57921882585294,536.8576427335371,289.8505862381984
4.579873630766235,749.4638216696643,289.81221591582073
4.580528500114854,1018.0010080983748,289.77478601172186
4.5811833848609025,1006.432493051642,289.8772000891463
4.581838269606952,1424.9702167803355,290.11828786951014
4.582493154353001,1118.2804125342348,290.3608877254005
4.58314790493505,1288.6152390205766,290.6040539418269
4.583802629326343,1309.0108884588346,290.8478195466007
4.584457353717637,840.7183815445276,291.0921995883553
4.5851120781089305,1746.3153495512886,291.3371939033265
4.585766801912079,1825.8210585999605,291.5828074689961
4.586421525624196,1054.5396163661749,291.8290519218161
4.587076249336312,1438.5273723933817,292.07591062394044
4.587730973048429,1366.9150146906416,292.32339560123125
4.588385696760546,625.40839179755,292.5715123122585
4.589040420472662,1354.9813532370201,292.82025851498776
4.589695144184779,707.9753626605221,293.06963946223635
4.5903498678968955,1875.0937574705945,293.31965985959886
4.59100444363176,1335.9229610666769,293.5702570307335
4.591659007038448,1652.8497232380241,293.82150358763903
4.592313570445135,1367.23191477575,294.073385237082
4.592968133851824,1103.2375998803368,294.32591988882456
4.593622773198784,1196.2405484214673,294.5791337615133
4.594277416423629,1076.3305550576008,294.83300122710585
4.594932059648474,1753.3906744524704,295.08752534762027
4.595586702873319,1189.2472608094733,295.3427070972286
4.596241189104395,1203.4996890790874,295.59849900656076
4.596895672048465,681.6894409010979,295.85494650328536
4.5975501549925335,1740.4556379123026,296.1120611593496
4.598204637931955,1192.2696336824686,296.36985256283964
4.59885912024161,1186.6725104481902,296.6283106191437
4.599513602551264,788.4091123816838,296.88744582868543
4.600168084860917,1553.0970468682556,297.14725845446105
4.600822567170572,1102.1437959023212,297.4077633478242
4.601477049480225,827.9316406028029,297.66894486991515
4.60213153178988,1228.9569455137923,297.93081301136135
4.602786014099534,815.5612277429532,298.19229826985963
4.603440486551196,1290.4077782587174,298.2925609719065
4.604094808629357,1355.934966349437,298.3521562462411
4.604749130707519,1076.9726868162197,298.4115198886442
4.60540345278568,1666.0923983840028,298.4709213335676
4.6060577819167925,1336.5464657536763,298.5303548450463
4.606712183798513,1338.1424177720862,298.589827701723
4.607366585680234,1156.842661901984,298.6493363826004
4.608020987561954,1567.332332240209,298.7088899375144
4.60867537102145,1092.2457176295436,298.76846949595387
4.609329612696309,1136.616667072628,298.8280692681733
4.609983854371167,915.5437602755002,298.88771425792544
4.610638096046026,1032.184735354121,298.9473871240929
4.6112923490010225,1679.3626544378692,299.0071062279534
4.611946670474573,962.5420946608656,299.0668617374572
4.612600991948125,1159.6599032509107,299.12665238182814
4.613255313421677,1085.5301080525571,299.18646921970947
4.613909601337736,1258.8303443328934,299.2463335842439
4.614563722444683,1560.893138464348,299.3062160849937
4.615217843551631,1171.467089483058,299.36613491507507
4.615871964658579,759.0064315955626,299.42608076488784
4.6165260934147305,884.0786894320089,299.48607102815635
4.61718025413121,1104.4887867259924,299.5460972709133
4.617834414847689,1375.057680133348,299.6061629656742
4.618488575564168,1225.0947441283904,299.66626147121616
4.619142736280647,1465.0585350244614,299.72639897596235
4.619796896997127,1228.9685366844155,299.78656451185446
4.620451057713606,1177.1304818599306,299.84677134010605
4.621105218430086,1213.8744367041,299.9070152784504
4.621759340168876,1135.2584415713088,299.9672966559973
4.622413340752343,1305.9636718178056,300.0275988083398
4.623067341335809,1238.9923302145223,300.0879372635667
4.623721341919275,1350.5285932527042,300.1483115579312
4.624375363909656,712.745433626479,300.2087035120308
4.625029444277217,1832.4971996966865,300.26614502690006
4.625683524644778,1696.8441984819638,300.2928380403557
4.626337605012339,1664.5954106746576,300.31933775415064
4.62699162670905,940.9042458524135,300.3458345598629
4.62764550681344,1531.9918301399161,300.37233773229457
4.628299386917831,878.7488627590916,300.39884857447885
4.628953267022221,1185.4837594407038,300.4253657594566
4.629607159693085,1421.1824913245466,300.45188805976744
4.630261079422009,1468.7057255131615,300.4784276252347
4.630914999150934,1468.2538066318862,300.5049640516977
4.631568918879859,1405.4366643437759,300.53151263715813
4.632222838608784,1329.731256462168,300.55806552373923
4.632876758337709,1088.62352835613,300.58462505550335
4.633530678066633,1181.4061867881735,300.611197720522
4.634184597795559,1133.5245745517145,300.63777494343583
4.634838459182582,1511.8289323710435,300.664353620197
4.635492218852277,1389.9824944965833,300.6909301574305
4.636145978521973,677.0877484251374,300.7175232169526
4.636799738191669,1027.4589295736332,300.744122560091
4.637453528807098,1277.9218185068419,300.77073224598445
4.638107368246291,1430.5834163970112,300.79733810468235
4.638761207685483,1361.351086561312,300.8239616449492
4.639415047124675,1181.4267614080966,300.85058945694266
4.640068804271591,1139.9817186976854,300.8772247533243
4.640722443550947,1500.7737933907624,300.9038562510614
4.641376082830305,1115.9300393420726,300.9304966521533
4.642029722109661,669.8830560365691,300.9571503938764
4.6426833785861366,1181.0485742977717,300.9838057800754
4.643337057504998,1142.5769760419957,301.01046638180605
4.643990736423858,1328.7871595103536,301.0371435169799
4.644644415342719,1596.3456165007628,301.0638174117962
4.64529809426158,1042.5919319952618,301.0905090241145
4.645951773180441,460.7820551107142,301.1171977356903
4.646605452099302,1113.7549685962333,301.1444699381427
4.647259131018163,1119.1077856585096,301.25836398569226
4.647912733420515,814.3874371627336,301.5372466565498
4.648566252353866,1038.7790784776744,301.81795303528816
4.649219771287215,752.7670691905894,302.09945305232895
4.649873290220564,1397.3462610280544,302.381739619406
4.650526828987083,1125.3607686628916,302.6648234445993
4.6511803875674085,1051.0501963261968,302.94871404979204
4.651833946147735,1790.0867345616464,303.2334051544706
4.652487504728062,742.0329816177771,303.5188890088667
4.653140979858603,1778.0372119702588,303.80515288965796
4.653794378490253,1263.0042190175652,304.09218797375115
4.654447777121902,1308.1783676808782,304.3800402957386
4.655101175753552,1315.0589631845294,304.6687065822928
4.655754595916325,607.1411750999912,304.9582036301102
4.656408034202416,995.1387168718651,305.2485338035619
4.6570614724885075,1394.1551354068336,305.53969785881895
4.657714910774598,1107.0914989004689,305.8316922785034
4.65836834906069,937.5966007260876,306.12452219819215
4.659021787346781,940.9642595527489,306.4181981111978
4.6596752256328715,1041.9436935004092,306.71271707153414
4.660328663918963,1357.528149581639,307.0080829407678
4.6609820087409455,942.9263514937434,307.30426153315733
4.661635287115179,857.6300198488836,307.6012682721249
4.662288565489412,2151.3179646661383,307.8991336408313
4.662941843863646,1262.3461117029824,308.1978628200386
4.663595146232551,1645.446615824192,308.4974772705337
4.664248464268682,1170.0951132441432,308.7979723470113
4.6649017823048124,1125.939567550271,309.09934643393746
4.665555100340943,1554.165393498384,309.40159492649684
4.666208318455164,932.6606318798098,309.7046932771636
4.666861476616239,795.3246109881651,310.00865103613705
4.667514634777313,1494.8920804217141,310.3135042045455
4.668167792938387,1559.3275427075757,310.61925672205393
4.6688209508483896,590.4831886535114,310.9266696447227
4.669474108620069,838.1397697551384,311.3495261232564
4.670127266391748,944.8343610657103,311.8576818199763
4.670780424163428,611.7669349707488,312.3688830439737
4.671433608526834,1269.1553438282692,312.8826256368907
4.672086806357254,648.1733089554901,313.3989177923848
4.672740004187674,1574.1977656921053,313.917772646652
4.673393202018095,1022.705276318623,314.4392085706803
4.674046263306147,1313.5806097869358,314.9631410362828
4.674699261251814,692.4926602028736,315.4896396168797
4.675352259197482,1188.1912234645006,316.01879182801866
4.676005257143149,1010.1007106918402,316.5506035765918
4.676658311046921,961.1697027582557,317.0851539213014
4.677311388715856,1318.9544815189556,317.6224389307422
4.677964466384792,954.8335247214206,318.1624632122183
4.678617544053727,1397.050288643952,318.70524232278336
4.679270506592236,798.677101931123,319.25070952775
4.6799234244596715,502.86058121251153,319.79894589758425
4.6805763423271065,982.3271432985281,320.35001198563134
4.681229260194542,1322.0802643491559,320.90392954266525
4.681882177807058,1375.5889236643534,321.46072925374426
4.682535095329435,1667.8215592309384,322.0204346746878
4.683188012851811,927.7744176362467,322.58306753919084
4.683840930374187,1000.8036928558449,323.14865207876227
4.6844938478965625,1000.9280654095429,323.71722086171724
4.685146765418939,1491.85378468055,324.28879356075663
4.685799682941315,2205.718688056101,324.86340205836495
4.686452600463691,1064.0732264300743,325.44106936265473
4.68710539434949,805.2729085001586,326.0217221218256
4.6877581521193665,656.5485117524289,326.6054465317498
4.688410909889243,926.6329626797924,327.1923187930042
4.68906366765912,1028.7108831985493,327.7823600999744
4.6897164884992595,1302.2357618896676,328.37565173508193
4.690369325977806,1231.805956570736,328.97219498492814
4.691022163456352,883.9625258315567,329.56761883229035
4.6916750009348975,672.0456416106783,329.5082084153966
4.69232770929737,1247.102729775835,329.2758364239421
4.692980387047906,1294.379364236982,329.042839813559
4.693633064798442,1061.750781102061,328.8103415818827
4.694285742548979,1692.1662844459297,328.5783294877145
4.694938420051306,1024.4169187855075,328.3468097819777
4.6955910975010555,1443.5225981638248,328.1157750005632
4.696243774950804,1546.8662077362244,327.8852311570817
4.696896452400552,1171.7108840934761,327.6551669784287
4.697549129850302,600.6662683644978,327.4255912704873
4.69820180730005,1371.8474913344176,327.1964940903472
4.698854484749798,1333.8563025347814,326.9678733021571
4.699507162199548,1589.0863269835138,326.7397356684742
4.700159702736984,1220.1279191257,326.5121182476509
4.7008122205076805,709.703520013685,326.28498361323693
4.701464738278378,1200.6906410737367,326.0583255931013
4.702117256049075,1332.9030063744997,325.8321342925215
4.702769843415886,1430.2378541342562,325.6063856958965
4.7034224408806535,581.3532273898302,325.3811073790573
4.704075038345421,932.3946731202109,325.15628734663227
4.704727635810189,1187.5119181727025,324.93193724581624
4.70538005582288,1225.1316030694904,324.70811025584504
4.706032453660155,828.1400374747816,324.48475699461596
4.70668485149743,1781.4505230916036,324.261855040474
4.707337249334705,682.4266678323785,324.03941918756163
4.707989683077634,1001.2227128781777,323.8174198117111
4.708642120631236,620.3452308730834,323.59587521780736
4.709294558184838,707.1122826689877,323.37478860330395
4.70994699573844,1830.3184034594035,323.1541491206231
4.7105994332920424,1491.803911048955,322.93396528759524
4.711251870845644,1149.9750306003477,322.71422471228846
4.711904308399246,746.7311197713583,322.4949332309487
4.712556745952848,1005.6629261088071,322.2760918889629
4.713208997248143,1720.4804936453238,322.05957195109903
4.713861235242753,1074.8556812730226,322.1162791001233
4.714513473237362,735.2703943396264,322.1778132478305
4.715165711231973,1379.6452881615146,322.23939290347334
4.715818024721354,1444.8355409465184,322.3010244217389
4.716470342393002,867.571791213945,322.36268297557723
4.717122660064651,1276.3571421662148,322.4243854172687
4.7177749777362985,1523.1012946754024,322.48611574210315
4.718427141994194,1102.4997787122754,322.54787133808844
4.71907930009684,1276.6244278842244,322.6096602090992
4.719731458199486,1635.1752951244955,322.6714844797871
4.720383616302131,1410.175622124553,322.73334676967227
4.721035852092926,1327.776588391606,322.7952486476564
4.721688089867743,733.3843571557328,322.8571880813873
4.722340327642561,1052.1227906983033,322.9191609396293
4.722992565417379,949.8754297095214,322.98116922249545
4.723644606007649,1268.2485889931565,323.0431936185834
4.724296644309039,1536.0858503263196,323.10526243353604
4.724948682610428,1022.8632239269407,323.1673607955328
4.7256007209700295,733.1483009261979,323.2294921572811
4.726252799009887,1330.9595787689352,323.2916653520895
4.726904877049745,985.4322546724269,323.35387729421274
4.727556955089603,1183.096370127214,323.41612185193776
4.728209033129461,1172.9380176647214,323.47840522695003
4.728861111169319,733.4567732143482,323.54073007559685
4.729513189209177,1231.6880391175193,323.6030832138273
4.730165267249035,1717.1458504667369,323.6654745569753
4.730817340031143,719.2090616166382,323.7278913034999
4.731469218665977,1233.4947114379502,323.79034100086386
4.732121097300809,568.5440626425277,323.8528205234898
4.732772975935642,1519.0640283727835,323.9153306127115
4.733424857623664,983.8169547423522,323.9778829276408
4.734076815913636,773.7420927511762,324.04047735311684
4.734728774203609,667.6483281951799,324.1030483521476
4.735380732493582,1254.3139260957053,324.15565843097687
4.736032682802815,987.8063451045922,324.1577577701414
4.73668448163369,1328.2730874849049,324.15952586647677
4.7373362804645645,940.804231087281,324.1612935589889
4.737988079295439,1243.5827989434845,324.1630585953604
4.738639878117761,1029.8500093881103,324.1648232310848
4.739291676809621,1069.6705059682822,324.16659031474455
4.739943475501482,1146.3146470255965,324.1683564282376
4.740595274193343,1319.193510649349,324.17012170049037
4.741247072885203,854.2281138260986,324.1718897624095
4.741898871577063,1074.6701896321224,324.17365461993234
4.7425506702689235,768.2578893943113,324.1754261155301
4.743202468960784,1280.9544905064784,324.1771937736742
4.743854254420344,734.4622879024022,324.1789589359292
4.7445058937019065,1285.049529150985,324.18072743263593
4.745157532983468,1010.8429176735084,324.1824884108996
4.745809172265029,1354.2899038619225,324.1842586576212
4.746460818993449,1275.0588061061865,324.1860255006672
4.747112537915551,1624.1684758965107,324.1877911872328
4.7477642568376535,1460.1360066617904,324.18955959350836
4.748415975759756,894.4363919204778,324.191325769158
4.749067674007593,1339.3366530803287,324.1930942631629
4.749719193678421,1083.70616836167,324.1949052221105
4.750370713349247,1494.6208042276469,324.2038889077578
4.751022233020075,1206.1548408534147,324.2183222414778
4.751673757205843,1050.1010129838385,324.232795771494
4.752325316646991,1118.0745363972915,324.2472728383101
4.752976876088138,832.405027202499,324.2617498772777
4.753628435529286,999.0793480487215,324.27623119118164
4.7542799949704335,1330.4964027161764,324.29071190001497
4.7549315544115816,1289.5285948426697,324.30519707575434
4.75558311385273,820.182411031838,324.31968217480517
4.756234673293877,838.706916805157,324.3341715309303
4.756886206426917,1217.885905392207,324.3491661994977
4.757537566685053,1130.8797095966863,324.4412045725355
4.758188926943188,781.1312418601962,324.7047745734338
4.758840287201323,987.0823486739573,324.9701353435792
4.759491658675954,1449.8502323061236,325.2361499323785
4.760143098557599,1195.0966970845025,325.5028446595859
4.760794538439242,1106.5066447701313,325.77019733810715
4.761445978320887,718.4064344095539,326.03820445422207
4.76209739440078,1090.3812081920055,326.30686176020583
4.76274867498182,2102.5910774856047,326.57613498305653
4.76339995556286,1065.1609002793948,326.8460682035356
4.764051236143899,1286.4299821210766,327.11667078650396
4.764702516718027,775.9652929740697,327.3879451243998
4.765353797255237,1067.4828264239627,327.6598999142382
4.766005077792447,1909.4409325855613,327.9325253890005
4.766656358329658,1890.1676796512043,328.2058377003426
4.767307638866868,1159.786047029654,328.4798216864236
4.767958919404078,1687.8561542562031,328.75450348565806
4.768610199941288,1532.2717053948068,329.0298678710138
4.769261480478499,1008.3407101937765,329.30592665799816
4.76991273348877,997.9010174470098,329.5826677389944
4.770563854774083,692.8586352810416,329.86005188935894
4.771214976059395,888.7276848684568,330.1381257181535
4.771866097344708,2020.7108992317392,330.4169132721567
4.772517232973617,1868.6273535326236,330.69641356683434
4.7731684338678395,959.694760883786,330.9766487659142
4.773819634762061,1150.2296720526238,331.2575949444197
4.774470835656283,858.2117551173669,331.53925753647275
4.77512199928105,666.8014215626013,331.82161899880793
4.775773001145696,1585.1009608831464,332.10463081082725
4.776424003010341,767.4793813674588,332.38837189158795
4.777075004874986,1152.5918275248139,332.67283505951434
4.777726006741045,813.0928358430854,332.95803322550654
4.778377008612989,1728.9466900015366,333.2439597048034
4.779028010484933,1589.687821401952,333.5315236404632
4.779679012356877,1101.5852419827331,333.9563584922031
4.7803300221761065,524.2137059368218,334.56173935125514
4.780981063842773,986.0746087291586,335.17164598508907
4.78163210550944,1180.5306521029734,335.7848985662134
4.7822831471761065,1367.3343716527215,336.4015212116155
4.782934147894408,1271.1114191493662,337.02151079486066
4.783584990599621,1470.8770842421222,337.64478279281394
4.784235833304836,862.0386565288878,338.2715163885505
4.784886676010049,1225.6661132828528,338.90175768116677
4.785537535543037,1462.2630913352066,339.53553572858135
4.786188457840128,896.4301861816267,340.1729435294628
4.786839380137219,1714.2495634394807,340.8139453654115
4.78749030243431,1352.50862901406,341.45858360832176
4.7881411902298225,1489.085811520281,342.10684409612725
4.788791953384501,747.8637090023266,342.7586863674356
4.789442716539179,1028.4996666121942,343.4142650545627
4.790093479693858,1677.322116310056,344.07361093732004
4.790744242859866,724.5102692826678,344.7367583147283
4.791395006065597,1189.151263741652,345.40375216621055
4.792045769271328,1288.2229503879905,346.07462200091004
4.79269653247706,1736.255358145039,346.7494068651231
4.793347295682791,586.7781288557585,347.42815909965327
4.793998058888523,1164.2784869692912,348.1108965467022
4.7946488220942545,882.2819209622172,348.7976715561704
4.795299585299985,1341.7766979304924,349.4885152452928
4.795950311800727,1239.491297271975,350.18343085726303
4.796600915912659,1139.0533044712283,350.8823750063104
4.7972515200245915,1381.5106464658982,351.5855092716344
4.797902124136524,935.8306811587704,352.29288073179293
4.7985527376021935,875.4407131536154,353.00454857215317
4.799203381540431,1616.8866786447304,353.72055992092976
4.799854025478667,1113.7161410500225,354.4409478576601
4.800504669416904,1188.2001345558695,355.1657466990899
4.801155275415923,784.7154589802586,355.89317519305416
4.801805760296802,725.7044536852742,356.35605344643255
4.802456245177682,1005.219373937505,356.5872256386746
4.803106730058562,1049.6455975932631,356.817305873515
4.803757214964124,703.4762180711887,357.0478261015212
4.804407699947022,1897.9609614444903,357.2787866380938
4.805058184929922,1099.931695120432,357.51020628205083
4.80570866991282,1741.1381938863442,357.74207386582447
4.806359154895719,1415.0441719599337,357.9743885399519
4.8070096398786175,1159.142482369265,358.20715168293475
4.807660124861516,1995.165736584086,358.44037533629887
4.808310609844415,1003.937452808705,358.6740498549329
4.808961055502141,1103.2959673421085,358.9081690549421
4.8096113814762465,1097.3133707084405,359.14269810323543
4.810261707450351,1701.829021113914,359.37768980453944
4.810912033424457,1200.5721620189656,359.6131467177502
4.811562369349647,678.8402188852663,359.84906387833985
4.812212735167002,1375.7056175516707,360.0854545433072
4.812863100984356,1098.811476940501,360.3223149551369
4.8135134668017105,1536.327064983561,360.5596374520305
4.814163792604287,1357.0080388720355,360.79741197720654
4.814813999449252,1149.7873808358027,361.0356151664606
4.815464206294218,1021.5358937523463,361.2742931212996
4.816114413139183,1136.519127019655,361.5134409760527
4.816764620022896,1237.1556193442352,361.7530695333942
4.817414827020759,1710.0420934509896,361.99316671364465
4.818065034018622,1837.5869249316002,362.2337414761505
4.818715241016486,1404.371366319283,362.47479797629035
4.819365448014349,1332.514543140251,362.716331878493
4.820015655012212,1260.866622953754,362.9583559609376
4.820665862010076,1571.9102413696726,363.2008566942553
4.821316069007938,502.5939054562464,363.4438426804878
4.821966235421238,716.2525627425305,363.6873015843051
4.822616283495226,661.6018542913108,363.93120274540297
4.823266331569214,724.4745160028192,364.17230058361605
4.823916379643203,1018.5074502248606,363.91721679431436
4.824566448088487,568.7109177498296,363.3486238314249
4.8252165757056895,944.0812432158201,362.7805700365393
4.825866703322891,1080.4927082031024,362.2151690896695
4.8265168309400925,1465.7416370943922,361.6523907930049
4.827166907605715,760.7329848820953,361.09227343889
4.827816836652346,1391.8510981682389,360.534863748211
4.828466765698977,1537.0172413485705,359.9800252367776
4.829116694745608,877.5820852384628,359.4277300534137
4.829766644200502,676.840512718419,358.8779529116704
4.830416652783047,1051.2577709398452,358.3306369549264
4.8310666613655915,945.663457767586,357.78580885937515
4.831716669948137,1636.646482724118,357.24345305301944
4.832366627640624,1073.9365265347976,356.7035890948744
4.833016437703479,1427.2833063764156,356.16628310838297
4.833666247766334,1380.0985319396925,355.63139339759
4.834316057829189,1284.8647885479827,355.0989003739179
4.834965878084599,1081.213179818442,354.56878326002385
4.8356157280220575,723.4223080323727,354.04099989358974
4.836265577959515,1109.3257643995398,353.5155585799066
4.836915427896973,887.8721958789458,352.9924480547523
4.837565277834432,709.5757323758,352.471651650247
4.83821512777189,1339.4074912178294,351.953149973983
4.838864977709347,1464.5972033910612,351.4369195862301
4.839514827646806,1245.415222805194,350.92295029761306
4.84016462734144,611.7468352739485,350.4112663172119
4.840814278827011,1565.226329719105,349.90192049531345
4.841463930312583,742.953867621212,349.3947892362676
4.842113581798154,1158.0738909382328,348.8898475008126
4.842763253279928,1137.0836400098644,348.38707988904315
4.843412984284382,1079.708109833628,347.8864172500465
4.844062715288835,1496.6184123387457,347.3879113079695
4.844712446293289,966.994423629309,346.8915317690965
4.845362127794352,1051.1585515374295,346.3988467858339
4.8460116603977434,1654.3341199783813,346.1386707874926
4.846661193001135,943.4905438532946,345.9947853294737
4.847310725604527,1187.0171727540483,345.85184263390454
4.847960268063905,843.748725766003,345.70907359787395
4.84860984055872,1560.5367226025737,345.56646897194304
4.849259413053536,1192.1286408776677,345.4240507622704
4.849908985548352,1414.9764681507663,345.28180210828555
4.850558558043168,1423.125483761801,345.13973210066746
4.851208130537984,937.6184732171936,344.99783020763294
4.8518577030328,1096.8223414299466,344.85610592791056
4.852507275527615,1195.8478414629424,344.71456214368806
4.853156800182262,660.1769416732066,344.5731915816031
4.853806174343745,1354.9573225058157,344.43203610809576
4.8544555485052285,1803.0778567909551,344.2910562215355
4.855104922666712,1404.0358534485986,344.1502433270709
4.855754315733176,776.1620782847324,344.00959513330713
4.8564037693965085,981.9306607841871,343.8691086623843
4.857053223059841,1151.5955643273392,343.72879709844716
4.857702676723175,703.7211611096152,343.58865316992586
4.858352083962441,1600.5820168584057,343.4486911432156
4.8590013393432105,1063.081287309156,343.3089324957132
4.85965059472398,1176.7839053558143,343.1693470028412
4.86029985010475,1037.3352536100756,343.0299243903175
4.860949114663626,375.44909355444884,342.8906747329417
4.861598409952597,993.0247818771973,342.7515845622773
4.862247705241569,1200.956932040005,342.61266569612496
4.86289700053054,991.5537106835537,342.473912665486
4.8635462958195115,1363.4686212444042,342.33533584282685
4.8641955911084835,1245.3898444360025,342.19691848906064
4.864844886397455,1776.2096722023157,342.0586717596117
4.865494181686427,1176.1705295957934,341.9205889412058
4.866143433228748,1120.7936552095457,341.7826854860063
4.866792530302811,993.2351359289548,341.6449826617987
4.8674416273768735,1233.6363336203449,341.5095406204356
4.868090724450936,1397.7278051233002,341.6902002102249
4.868739838660032,1624.9104362711012,342.0103858769948
4.869389015218913,1801.6169204763798,342.33242977706686
4.870038191777794,1671.6012310200947,342.6553874384054
4.870687368336675,1089.3786500131716,342.97924664478137
4.871336503240435,1178.928119519533,343.3040136698338
4.871985481635121,338.6801392708432,343.62962046044225
4.872634460029807,831.5860813442611,343.95615502804816
4.873283438424492,1544.1836802978285,344.2836218322704
4.873932416896252,1137.1250470373786,344.61202098625955
4.874581395668112,948.0942001065719,344.94136605826895
4.8752303744399725,1114.7510557920605,345.2716531857811
4.8758793532118325,1190.8290762109953,345.6028891763336
4.876528339804418,1501.206278602705,345.9350831235224
4.877177358124039,831.3425553961716,346.2682521951214
4.877826376443662,1149.931235084143,346.6023922858305
4.878475394763284,1243.2677798985628,346.93748737222444
4.879124375165976,1196.3022435791254,347.2735418509185
4.879773195388983,1376.9258588574598,347.61048525967334
4.880422015611991,1341.9105388695916,347.9484147507286
4.881070835834999,1453.8866257441052,348.28732843737896
4.8817196707254,1199.6847783035346,348.6272355082381
4.882368570416194,1302.1250058331043,348.968176509506
4.883017470106989,1386.9173882821306,349.31011942333845
4.8836663697977825,1337.1130458383109,349.65306707536547
4.884315234337353,1358.5507883938456,349.9970113070725
4.8849639359821895,1051.7626652516587,350.3418829636742
4.885612637627027,1001.1632346650687,350.6877683833306
4.886261339271864,877.8745644622344,351.0346884376086
4.886910040989356,1349.3407034125598,351.3826288447371
4.887558743061777,1667.8405437552867,351.7316102124139
4.8882074451341975,1397.320310340428,352.0816291363084
4.888856147206618,1168.892331200622,352.4326920504061
4.889504849279039,1532.7984232214365,352.78329834561606
4.890153551351459,1129.785679646958,352.90831806023533
4.89080225342388,1738.249042578995,352.93616940044444
4.891450955496301,1537.6135759442782,352.9633961400901
4.892099633272909,1669.078015276709,352.9906224515853
4.892748176880923,1295.356815524964,353.0178472941655
4.893396720488939,1478.2611351001276,353.04507846329784
4.894045264096954,1222.728807376265,353.072316672546
4.894693819207483,1716.0761155281796,353.09956873950335
4.895342442266253,1487.120541447676,353.1268250574997
4.895991065325022,1243.7820852614532,353.1540855087904
4.896639688383792,1522.6316579713682,353.18134613792046
4.897288284527081,1038.2661681274758,353.2086225220869
4.897936709658003,1083.6728464456987,353.23589484041946
4.898585134788925,856.5591496489308,353.2631728011315
4.899233559919847,1137.4523907987216,353.29045775726473
4.899881985111324,1648.6570655704654,353.3177516485507
4.900530410720152,1003.7105743974876,353.3450520884215
4.90117883632898,1849.7030237413628,353.3723562900841
4.901827261937807,957.1730528252182,353.39966619645924
4.9024756875466355,1366.2122228571413,353.4269826210285
4.903124113155464,1434.5719374008554,353.454298135891
4.903772538764292,524.5302094776205,353.48163311467704
4.90442096437312,1257.2956814529887,353.5089658598974
4.905069373084467,1013.6576739256708,353.5363033966972
4.905717640313251,974.4942325279901,353.5636476487195
4.9063659075420345,994.9444554795375,353.5909949872019
4.9070141747708185,850.6373182171544,353.6183523135982
4.907662445853916,933.4069939639625,353.64570837298214
4.90831075305047,1138.152913713937,353.67307772492717
4.908959060247025,1243.006511889124,353.7004539588633
4.90960736744358,919.7365316182152,353.7278358813972
4.910255661071113,628.3772843059439,353.75522133409754
4.9109038099237505,1447.5136775563099,353.7826086271282
4.911551958776389,1548.9191840473836,353.8099425826836
4.912200107629028,1614.2961194084942,353.82819752963434
4.912848256521123,1344.1536330038361,353.8421340431784
4.913496405901904,1582.606426466316,353.8560514486414
4.914144555282686,1328.0336393017728,353.86997042041605
4.914792704663467,1520.7483360422414,353.8838910800241
4.915440854044248,1040.6150316209564,353.89780919703543
4.9160890034250295,1472.7968894822031,353.9117331510171
4.916737152805811,1426.8889056545452,353.9256556166945
4.9173853021865925,1382.2748124079749,353.9395795971104
4.9180334414300715,1131.1412521917246,353.9535076475629
4.918681393085176,1010.9443118849421,353.96742477055375
4.919329344740282,1656.8038771139795,353.98135324786176
4.919977296395387,808.0350733133115,353.995279482653
4.920625251152612,974.7060503381908,354.0092109880971
4.921273282221976,1209.2570745449234,354.0231483572571
4.921921313291341,1980.209939284462,354.0370728315328
4.922569344360705,1674.1239384825215,354.0510095890242
4.923217371218568,1030.466532458424,354.06495208723635
4.923865244028255,996.7105217955801,354.0788848802882
4.92451311683794,1553.1639519675757,354.09282195319
4.925160989647626,1308.4443738862838,354.1067619127353
4.92580886246536,457.3052956751338,354.1207000016839
4.92645673585334,1290.1540496931786,354.1346394856329
4.9271046092413195,1323.3574426655014,354.14858978071123
4.927752482629299,568.561270010423,354.1625298655639
4.9284003560172795,1513.9309485182248,354.17647864900675
4.929048229405259,1680.6752543132077,354.19042366358457
4.929696102793239,1024.3057593023668,354.2043782358649
4.930343976181219,1705.490163830113,354.21832639269934
4.930991849569199,1361.8718411643779,354.2322785383634
4.931639527906199,1511.2570035125643,354.24623132656706
4.932287203686261,1575.347968622776,354.2601810817614
4.932934879466323,1299.0655144730017,354.2741343278826
4.933582555246385,696.1892806492823,354.2889892777322
4.934230308291425,1177.4774506355388,354.43840489512866
4.934878063468715,1450.1573452648765,354.66613422668536
4.9355258186460045,902.3834952525089,354.89482791506356
4.936173573823295,1227.3093280972762,355.12395507629475
4.936821139546039,1094.23276745099,355.3534603697076
4.93746869716584,840.7557593310344,355.58340548063416
4.9381162547856405,1391.5158614446273,355.81380481710903
4.9387638124054405,1454.201151832726,356.0446482246458
4.939411444996004,1175.2029386929783,356.275964972562
4.9400590820057335,1467.331756987455,356.50772805066697
4.940706719015463,1423.690674700851,356.73995790508445
4.941354356025192,1696.9961156347997,356.97263843617395
4.942001809463274,1264.5502338540166,357.20569847279864
4.942649248965918,1588.9356753146665,357.43921553088603
4.943296688468563,1293.6818745117675,357.67319372611115
4.943944127971208,1138.0100258721106,357.90762593353634
4.944591568074328,1219.3443538949914,358.14251620579824
4.945239008233902,1472.4554633652035,358.37787270770144
4.945886448393477,1691.295456732067,358.6136998521932
4.946533888553051,1753.4831575749267,358.8499807849364
4.947181328712626,757.6880718837858,359.08673444480524
4.9478287688722,661.3679801700156,359.3239585202265
4.948476209031774,571.9274892826513,359.56165264341524
4.949123649191349,1264.231389989653,359.7998111695313
4.949770949950777,1648.3363441837555,360.0384009669937
4.950418232030893,1288.002593667386,360.27744615792
4.9510655141110105,1336.9416171557475,360.5169780955487
4.951712796191127,1112.9992708602326,360.7569835933331
4.952360112913574,1530.6191339687607,360.99748134702685
4.953007435020484,1150.0452187686612,361.2384636355008
4.953654757127395,1751.2345266899524,361.47992403355823
4.9543020792343055,1453.6887977509182,361.7218719211932
4.954949267220349,1361.5409956545393,361.96425591776654
4.955596431283799,1469.200127272019,362.2267293558288
4.956243595347249,821.3075121973276,365.4914864311381
4.956890759410698,655.5778726937252,371.2989526495745
4.957537924061933,1382.6654677051176,377.40881808589205
4.958185088832243,1027.4242788796337,383.8297276135629
4.958832253602554,756.8572057682937,390.58891622838917
4.959479418372864,1457.5283418988206,397.71710564288526
4.960126583143175,870.2208803596598,405.24901834586785
4.9607737479134855,1476.6379597321077,413.22414842961587
4.9614209126837965,571.9651902090623,421.68759238626615
4.962068077454107,1325.2341249031253,430.69111466871954
4.962715085189117,638.9547096278261,440.2921123557067
4.963362052653727,1713.8157928400826,450.5613752539214
4.964009020118335,594.9565915336672,461.5805788038255
4.964655987582945,1797.7024037122833,473.44524110549276
4.9653030167518235,1669.182600461304,486.269962920476
4.965950063569867,1383.5209533941845,500.1898561387278
4.966597110387911,1869.163402628943,515.368748929575
4.967244157205955,1576.7530930046294,532.0072112867982
4.96789105430059,1424.3005297090015,550.3489809078508
4.9685379038632185,1916.7416572724085,570.7069024084841
4.969184753425847,842.201610438557,593.4777603626081
4.969831602988476,1206.2398324003066,619.1738357051971
4.970478453116326,716.6494356321764,648.4722132887737
4.971125303442776,375.0127365555665,682.2890760546802
4.971772153769225,1400.8150838817612,721.8991886006116
4.972419004095676,827.5683150797109,769.1367344193704
4.973065854422126,1009.4875216802093,826.7508548999449
4.973712704748576,1294.599609153482,899.0788414682099
4.974359555075026,-567.6963118473495,993.4301063411024
4.975006405401476,1571.710832615862,1123.2598992060698
4.975653145128795,1553.6462882689912,1316.5855559152515
4.976299837555613,2108.462073435474,1644.1640851983082
4.976946529982433,-1370.6002563507025,2356.1492757998376
4.977593222409252,-3743.392958321386,5509.268075343008
4.978239942095017,705586.743007263,723660.4335220506
4.978886674583784,-202765565.9629977,814055171.9446168
4.97953340707255,974499625.5716344,833457375.9155091
4.980180139561315,1702738553.0010993,967506601.0059553
4.980826741967262,-395865726.22854257,1109176947.9030292
4.981473277334596,-1287460646.0011344,1111835403.6654382
4.9821198127019315,1308513981.4390292,1089466508.8188193
4.982766348069266,-766279028.9003358,1129169262.9842105
4.9834128839609395,84595931.11793159,1097456010.1234863
4.984059420148944,2028343117.8623712,1150504138.9907875
4.984705956336949,-1283235069.5235128,1139037286.2844424
4.985352492524953,-474252904.98073983,1061219913.9655079
4.985999028712958,1396810799.5222523,1142864386.4037654
4.986645564900963,-175564424.6519698,1160101557.127326
4.9872921010889675,1633750419.076501,1141029203.891619
4.987938637276971,-558176955.9333704,1044932017.2959262
4.988585079499236,-1680756249.1830313,1230772625.0432014
4.989231457883356,1453915584.8046527,1367431835.9458601
4.9898778362674765,1541943830.6043644,1407292253.2551231
4.990524214651597,-855328465.5166651,1377058800.5437791
4.991170616021403,336194630.1489069,1550400430.1948721
4.9918170344861394,-3377084111.78219,1502102287.5382726
4.992463452950876,483515855.1281375,1431898262.3990722
4.993109871415613,448868014.16548073,1477363120.9565988
4.993756202946171,-440549097.8931787,1388806547.9199958
4.9944024636429,438588796.8936485,1387596438.6841574
4.995048724339629,1115402464.5737958,1418483385.226844
4.995694985036358,365739872.07601666,1359977896.9521558
4.996341246192895,-2670189574.375346,1380395279.5805306
4.996987507759946,-1484023735.5011141,1329275515.1063285
4.997633769326997,-1464956642.175784,1230261432.4614115
4.998280030894048,1005962778.799145,1294224194.616028
4.998926292461099,1284879071.213919,1225027523.832242
4.99957255402815,487127018.5689095,1285469849.5817142
5.0002188155952005,1053820538.1368164,1218939228.5620625
5.000865077162252,-827617832.8186294,1068707034.883615
5.001511243922721,433510778.4622906,911646456.909657
5.002157308569002,745958244.6982766,901123281.0499152
5.002803373215283,-497101023.063879,881431427.6723154
5.003449437861564,-460305456.06879413,937602183.9581224
5.00409553878799,1213773778.0072312,914135993.2275027
5.00474168273175,1204349877.1559565,921616583.8730165
5.00538782667551,549459500.7988856,932228913.4677775
5.006033970619271,-379569759.5818982,965546600.5736467
5.006680029249206,568988836.6630685,929958169.040242
5.007325976322303,-247423029.18595818,968651997.9217464
5.0079719233954,745401933.9845432,963329659.7431128
5.008617870468496,-242238798.0100088,918998280.0535961
5.009263817920435,405617767.38869166,1049823461.6893439
5.009909765920495,64813997.750754826,1010103958.2542971
5.0105557139205565,573386780.1681575,960444081.3251688
5.011201661920617,1451121319.3525076,944468380.5768279
5.011847609920678,19717276.93751513,846394508.4511534
5.012493557920738,119004013.75511874,857770502.4853063
5.013139505920799,-1543679343.2587032,862799297.9502712
5.0137854539208595,-1268599071.7910304,798239939.1580895
5.014431331488781,-112894533.88847926,755355667.6953492
5.015077082701637,364008862.17534626,746552219.3376774
5.015722833914493,-64601342.97519133,726768596.44523
5.01636858512735,273721879.0010664,718345425.3214401
5.0170143626629855,-273086103.06826174,687012279.89649
5.017660193153859,-1231240262.3609827,696441135.2677797
5.018306023644733,-487354071.85146517,722397336.031455
5.018951854135607,497073221.03907055,725085199.275367
5.019597624442969,205352966.58244732,809626264.1784434
5.020243258196683,1248933383.0294378,799400887.6676363
5.020888891950397,-1593349687.0389776,819926524.6897999
5.02153452570411,152782168.28434005,790028425.8292869
5.022180159732511,369063126.54825056,700658004.2635278
5.02282579446972,744985954.2819422,696805126.6951671
5.023471429206929,876836502.7327074,690590806.4287401
5.024117063944138,414115936.2693351,674925711.2114757
5.024762698681347,259921963.00014377,705620042.7259146
5.025408333418556,-1527091143.6741228,697735356.1639974
5.026053968155765,291997322.3837264,721155169.1257061
5.0266996028929745,-152258907.03047165,760447194.7993275
5.027345193459896,-2210049547.643531,717753857.126801
5.027990631543299,-617657812.0327505,734890010.4754392
5.028636069626703,323119810.25186914,767118066.5281899
5.029281507710108,497799629.0638094,785040027.8607311
5.0299269613897994,-280243059.70129704,826619371.5363177
5.03057247873176,232090473.57601067,812538853.3851317
5.03121799607372,-1022955028.4288188,809346833.2555361
5.03186351341568,-62410527.35358703,901640346.7091503
5.0325089975903445,-249479064.41991478,912495930.2234503
5.033154318328482,-933591897.158832,867738628.2865515
5.033799639066619,1891069531.0188289,868306321.2280077
5.034444959804756,-1266324195.4420588,848387923.5223222
5.035090280688624,-32471396.59872524,862108225.3672947
5.035735602466677,-504537994.1036258,916649344.1897354
5.036380924244732,112084110.95678774,934477222.3740766
5.037026246022785,-623186603.1058486,942409161.3712761
5.037671567800839,-406979841.9284216,890934823.7356393
5.038316889578892,-107342147.49225126,878282408.0340072
5.038962211356947,-434903355.71350926,861926386.4946773
5.039607533135,-6885668.505013255,797176207.0809879
5.0402528388881835,-1008126152.7221569,834698645.6092016
5.040897964145666,260274645.4074171,808414639.999527
5.041543089403148,745659477.4070842,768054887.0039843
5.04218821466063,-782789243.7562166,759733955.887267
5.042833344019354,737728333.0096,791510677.3384653
5.043478548515932,626828482.9254347,778233719.8604124
5.044123753012508,1296179256.643841,769353742.415419
5.044768957509086,405245487.9712793,788266842.8531712
5.045414157736647,-677536783.928905,848672030.9933089
5.046059165762572,365691632.63701445,848629217.789721
5.0467041737884974,-1131478391.194126,858529721.5680748
5.047349181814423,195009873.79075792,897796314.3181016
5.047994189840348,-540291481.4350498,781011009.3657559
5.048639276401698,-705187852.2643332,784267038.1567909
5.04928436365942,251290428.39234558,761977946.632507
5.049929450917143,-230145813.81420168,764918512.7619369
5.050574538174866,128018901.37507808,796015195.2982645
5.051219436780427,1421069994.1308396,784670010.1260141
5.051864327617394,509085301.1916503,773515453.5556943
5.052509218454361,-215920200.26116273,761765893.5944014
5.053154109291328,429677069.0112121,690430694.0619574
5.053799001166505,763372370.0658393,700466510.905276
5.054443893120789,692384766.2306079,719672161.5695472
5.055088785075073,-962585948.5598334,692445710.9125072
5.055733677029357,-743577313.3480508,733909307.9236469
5.056378568983641,667330484.5492302,722243217.3677512
5.057023460937925,545122813.1461971,695912577.6096907
5.057668352892209,-374326339.9990923,655537503.8322824
5.058313244846493,465802271.49123734,590608881.6278993
5.058957966922696,135417625.1533897,599323349.0774717
5.0596026625393336,-633698303.4820323,611904089.2967756
5.060247358155971,22210187.029926866,650437995.2471199
5.0608920537726085,668060208.0206283,684442742.1433666
5.061536782849707,-110727895.72009087,692980269.4564335
5.062181518646366,551551752.1162043,709274196.4795674
5.062826254443024,228761142.73574018,713066252.767474
5.063470990239683,726031069.7412385,661197494.4801257
5.064115600262658,469758195.00352085,642459334.6543314
5.06476017880382,-227754352.72419417,639026110.9311838
5.065404757344982,643965262.9783506,604475698.4138064
5.066049335886145,-818849077.256641,641130123.2605666
5.066693915326897,-805692514.6776431,673155490.9387064
5.067338495041537,195213536.58674157,680500759.0920744
5.067983074756177,600609741.8846561,673201907.0153974
5.068627654470817,-451562548.1691088,631498954.8456591
5.0692722341854575,-1120926675.9705446,625295588.3683819
5.069916813900098,37768047.18968192,636092786.6586846
5.070561393614738,-69730502.27997683,608803906.6912754
5.071205973329379,-291894934.7883502,588217101.9650191
5.071850415949742,-580217553.8047003,590082448.0440009
5.072494799459576,556338232.1583902,589465705.311798
5.07313918296941,-116648911.9895038,586620589.1483339
5.073783566479243,-322778916.54513353,549986331.3050687
5.0744279766931015,1366481759.234057,545922018.3636214
5.075072400401276,698662677.5695394,546118079.546067
5.07571682410945,754393120.582663,549298067.6081651
5.0763612478176245,-776924348.0656332,549197014.8800561
5.077005572609841,518526892.3279739,532891459.7367568
5.077649839157518,45395005.526046574,531819056.4699952
5.0782941057051945,-938575448.9184574,544780332.2745289
5.078938372252871,-56301202.376737334,529571448.421902
5.07958261637315,-233688435.2911562,528913263.5068753
5.080226845179405,-1718607014.8465352,515399223.0357739
5.0808710739856595,1096509390.8678007,509185340.59504867
5.081515302791914,-303901457.17712456,515483472.0492829
5.082159531598168,-450711922.5204861,525269014.65136915
5.082803760404423,499312896.10571873,531916517.117951
5.083447989210677,434090228.62838113,552522639.3785263
5.084092218016932,-13776314.975869734,597734638.6886169
5.0847363648206665,863086824.726695,589701516.3420125
5.085380436525742,28180296.640360937,600885521.4773123
5.086024508230816,451369619.80769485,607483339.7287302
5.086668579935891,-1714292712.5999086,589071739.7166036
5.087312671169976,-378097774.23711663,587331525.0249199
5.087956783091657,-304433236.55087006,601775737.857102
5.0886008950133395,-184233906.22615236,562161007.9094564
5.089245006935021,-426884471.0854713,536106373.15968144
5.089889030902902,-45407922.00979126,529119468.4895696
5.090532946818727,-825521313.4431261,515123872.3127303
5.091176862734552,-661847629.5074288,513897810.11848354
5.091820778650377,-316407968.6183796,559536006.0778214
5.09246469509789,442699592.6416388,586021785.5942441
5.093108612306173,491235278.1079983,584629355.3958775
5.093752529514456,156918730.45414507,581585678.6292365
5.0943964467227385,-162247516.59488735,534823977.7543233
5.095040363931021,696668030.2633334,520510230.0583801
5.095684281139304,815339042.0824674,519185314.3642403
5.096328198347588,-33615881.746880494,529155501.7771502
5.096972115555871,-336454444.49751776,537926408.6624188
5.097615967089745,263457051.16210297,554980942.6397476
5.098259688374959,590016642.6145829,555066726.9101567
5.098903409660172,-168191134.92725143,559057063.4196967
5.0995471309453855,-51280655.13166371,576212483.3404471
5.100190875709385,-603706405.7591184,579233199.450481
5.100834676146126,1051246436.67169,579639441.069999
5.101478476582866,-700041382.9496646,613321902.9450303
5.102122277019607,1048977391.222212,633794197.3697635
5.102766026957729,99359104.91864271,611284698.8592377
5.103409631521041,972527378.3026973,601296419.9967866
5.104053236084353,-422399392.79694927,603870175.7687881
5.104696840647666,-448879020.85161424,660215365.5718362
5.105340445505584,186165974.01002517,685365569.479388
5.105984051417175,-769466313.9417441,678187584.0282161
5.106627657328765,-458322639.2792376,667134479.0781958
5.107271263240356,827556386.1143324,657558871.4324864
5.107914862211207,-1232505896.351098,619944039.4687281
5.1085584292318735,-231005717.86100724,637959066.6479722
5.10920199625254,1111943469.0414844,630450475.7352136
5.109845563273206,-403261379.1085161,595496921.8004451
5.1104891086128905,-229451357.6589879,622522419.015484
5.111132518733736,-711121892.6970049,613059060.7063545
5.111775928854582,211821868.45699257,637530538.2066613
5.112419338975428,-256823697.80967838,644647123.0301981
5.11306275302745,10691587.705216449,628491065.9843577
5.113706203403537,-1109863129.590815,654945009.0953693
5.114349653779625,-788956239.1411597,651924598.7414147
5.114993104155713,-853976051.6138959,648987487.4922613
5.1156365434458335,-198765178.37660617,658592056.1686609
5.116279798097278,703127041.897697,677324635.4735774
5.116923052748721,364750899.521008,682286856.1565688
5.117566307400165,-310377925.25461185,704988992.8360509
5.118209562072966,594575293.8070273,699838497.0053478
5.118852818135356,-726014752.752514,709495151.8541846
5.119496074197747,666506778.1128212,720586238.7158595
5.1201393302601375,885475266.3392764,723635807.1690642
5.120782586322528,52200028.16117912,718360055.7463987
5.121425804589045,2262322122.537539,720627926.796016
5.122069021802779,-545807116.3735011,756785778.8642846
5.122712239016512,369594180.5371245,746961589.09558
5.123355456230246,-642446626.6906197,738392346.8301115
5.123998527560259,-25366233.712093014,749734380.9083391
5.124641587980574,668045869.393766,728529461.5690116
5.125284648400889,888480218.5909398,730026051.2836338
5.125927708821205,-801360667.057071,745898452.9319731
5.126570804993978,-138342886.79820448,750715812.8428209
5.12721390568989,-518641848.1145794,790299443.2879713
5.127857006385803,-331880783.54588646,787383390.3761562
5.128500107081715,375197829.91844183,755507816.5481611
5.129143042617076,-331271327.74485713,773989239.4623754
5.129785947736922,-575927051.4323896,824321446.2053457
5.130428852856768,227861317.46933684,774433463.4101351
5.1310717579766125,-127697065.21117158,770869763.2445086
5.131714664276392,167960775.63447094,770060179.0924758
5.132357570869716,911986557.0555426,746760537.3462176
5.13300047746304,-968348806.6066393,834735310.973364
5.133643384056363,643210147.7731434,860718085.5494293
5.134286290649687,88557582.67853151,864586090.7856438
5.13492919724301,-1095014041.0364223,905035537.7132182
5.135572103836334,-1199187619.5334222,838862919.1039002
5.136215010429658,535439439.2073256,818407751.4023501
5.136857777848329,1695495812.1948345,829447184.0601243
5.13750048894804,282550171.38099045,847871809.5266068
5.138143200047749,-1106348229.4687417,799388240.3795674
5.13878591114746,-341854171.0587847,774330661.958441
5.13942864912421,-1229549052.8940432,800753333.9372498
5.140071400519805,-1186375957.9644504,777432525.3757077
5.1407141519153985,34551965.33289725,802912246.1579322
5.141356903310993,1630864327.0836174,791485089.5183629
5.1419995332322435,403568188.4811834,781885727.4753429
5.142642089200141,-219457849.95159215,802450713.744774
5.1432846451680385,-2170501775.1703334,865123100.1718903
5.143927201135936,893016030.2560651,979123614.7993338
5.144569757988011,329063574.73303366,979123764.980029
5.145212315491781,-143384077.64757216,948710428.1952577
5.145854872995552,-785316505.766746,924797328.1567832
5.1464974304993225,-676164791.1538233,895688342.3785233
5.147139988003094,1801471833.4950516,892155517.8999121
5.147782545506864,-5869989.031416225,997975725.1442587
5.148425103010635,1849342585.6321962,1023099416.893875
5.1490676605144055,1227086432.335342,1064650455.031745
5.149710123779302,583210901.3427857,1026253565.5388292
5.150352485937715,-283072024.75335896,1057302106.0151939
5.1509948480961265,-1272299688.2826076,1144902049.6144457
5.151637210254539,-153019530.79180312,1139245776.942795
5.152279589962662,-1460972810.1981485,1155181938.7194362
5.152921992437178,1307467656.6300495,1257816061.936942
5.153564394911694,207923303.90298763,1118368432.0904515
5.15420679738621,-1949741529.1654224,1084972854.7231464
5.154849124151766,1265502401.3440418,1114887788.1173403
5.155491331346748,-428796498.74998134,1097002792.9263685
5.15613353854173,2709530226.884924,1124967594.4607656
5.156775745736712,-119873604.57589698,1123890170.4652097
5.157417979779311,803633568.0356975,1199012064.2613587
5.15806026603097,109475526.88442107,1300053742.330567
5.1587025522826275,-1908884041.8193681,1125695475.9941547
5.159344838534286,1605674155.1067476,1168166607.6290293
5.159987067923245,-560979026.2884971,1088582669.746834
5.160629158944711,-204813625.1680862,1037963895.724623
5.161271249966178,-396869102.6092958,1128871916.7792122
5.161913340987644,68307973.99535649,1085056415.9883187
5.162555432401572,1025263768.6292342,1066580428.8187948
5.163197525041893,-347825609.7121138,1116829480.128977
5.163839617682213,-2335285902.083877,1142800174.4759026
5.1644817103225344,1538330437.8174622,1189375756.1510382
5.16512379549715,-1700963866.7572732,1205854799.6827073
5.165765849429209,1924790590.8283143,1196751928.2035537
5.166407903361269,-438617098.9511736,1176666272.7375565
5.167049957293328,1754983637.3808384,1103144846.689222
5.1676919888441155,-105219547.72273047,1089938012.5571723
5.16833388633643,-2276345786.7386394,1347294449.0176651
5.168975783828744,26493440.91163956,1449111002.078132
5.169617681321058,1118411713.1311522,1593878510.7527888
5.1702595825659765,-16177472.978973836,1763555297.5424051
5.170901520401248,-276399140.14958274,1754177102.1746657
5.1715434582365205,-1228347263.5085998,1509507071.038119
5.172185396071793,1461251210.0552375,1431955194.7551832
5.172827325619877,1405433827.4714181,1404073273.2047389
5.173469068372845,1235728832.1223223,1532822209.0717387
5.174110811125813,-526150273.8975538,1891815483.6232393
5.174752553878782,2871689420.790707,2107551214.5406969
5.175394296631749,397863794.1243628,2133431821.2847278
5.176036041051286,-2385348570.541553,1859060003.3388467
5.176677785485186,-2168766029.8316402,1794939638.3119879
