# Wavelength(micron)   Transit_Depth(rp^2/r*^2)
  0.610000        nan
  0.610878        nan
  0.611756        nan
  0.612635        nan
  0.613513        nan
  0.614391        nan
  0.615269        nan
  0.616147        nan
  0.617025        nan
  0.617904        nan
  0.618782        nan
  0.619660        nan
  0.620538        nan
  0.621416        nan
  0.622294        nan
  0.623173        nan
  0.624051        nan
  0.624929        nan
  0.625807        nan
  0.626685        nan
  0.627564        nan
  0.628442        nan
  0.629320        nan
  0.630198        nan
  0.631076        nan
  0.631954        nan
  0.632833        nan
  0.633711        nan
  0.634589        nan
  0.635467        nan
  0.636345        nan
  0.637223        nan
  0.638102        nan
  0.638980        nan
  0.639858        nan
  0.640736        nan
  0.641614        nan
  0.642492        nan
  0.643371        nan
  0.644249        nan
  0.645127        nan
  0.646005        nan
  0.646883        nan
  0.647762        nan
  0.648640        nan
  0.649518        nan
  0.650396        nan
  0.651274        nan
  0.652152        nan
  0.653031        nan
  0.653909        nan
  0.654787        nan
  0.655665        nan
  0.656543        nan
  0.657421        nan
  0.658300        nan
  0.659178        nan
  0.660056        nan
  0.660934        nan
  0.661812        nan
  0.662691        nan
  0.663569        nan
  0.664447        nan
  0.665325        nan
  0.666203        nan
  0.667081        nan
  0.667960        nan
  0.668838        nan
  0.669716        nan
  0.670594        nan
  0.671472        nan
  0.672350        nan
  0.673229        nan
  0.674107        nan
  0.674985        nan
  0.675863        nan
  0.676741        nan
  0.677620        nan
  0.678498        nan
  0.679376        nan
  0.680254        nan
  0.681132        nan
  0.682010        nan
  0.682889        nan
  0.683767        nan
  0.684645        nan
  0.685523        nan
  0.686401        nan
  0.687279        nan
  0.688158        nan
  0.689036        nan
  0.689914        nan
  0.690792        nan
  0.691670        nan
  0.692549        nan
  0.693427        nan
  0.694305        nan
  0.695183        nan
  0.696061        nan
  0.696939        nan
  0.697818        nan
  0.698696        nan
  0.699574        nan
  0.700452        nan
  0.701330        nan
  0.702208        nan
  0.703087        nan
  0.703965        nan
  0.704843        nan
  0.705721        nan
  0.706599        nan
  0.707477        nan
  0.708356        nan
  0.709234        nan
  0.710112        nan
  0.710990        nan
  0.711868        nan
  0.712747        nan
  0.713625        nan
  0.714503        nan
  0.715381        nan
  0.716259        nan
  0.717137        nan
  0.718016        nan
  0.718894        nan
  0.719772        nan
  0.720650        nan
  0.721528        nan
  0.722406        nan
  0.723285        nan
  0.724163        nan
  0.725041        nan
  0.725919        nan
  0.726797        nan
  0.727676        nan
  0.728554        nan
  0.729432        nan
  0.730310        nan
  0.731188        nan
  0.732066        nan
  0.732945        nan
  0.733823        nan
  0.734701        nan
  0.735579        nan
  0.736457        nan
  0.737335        nan
  0.738214        nan
  0.739092        nan
  0.739970        nan
  0.740848        nan
  0.741726        nan
  0.742605        nan
  0.743483        nan
  0.744361        nan
  0.745239        nan
  0.746117        nan
  0.746995        nan
  0.747874        nan
  0.748752        nan
  0.749630        nan
  0.750508        nan
  0.751386        nan
  0.752264        nan
  0.753143        nan
  0.754021        nan
  0.754899        nan
  0.755777        nan
  0.756655        nan
  0.757534        nan
  0.758412        nan
  0.759290        nan
  0.760168        nan
  0.761046        nan
  0.761924        nan
  0.762803        nan
  0.763681        nan
  0.764559        nan
  0.765437        nan
  0.766315        nan
  0.767193        nan
  0.768072        nan
  0.768950        nan
  0.769828        nan
  0.770706        nan
  0.771584        nan
  0.772462        nan
  0.773341        nan
  0.774219        nan
  0.775097        nan
  0.775975        nan
  0.776853        nan
  0.777732        nan
  0.778610        nan
  0.779488        nan
  0.780366        nan
  0.781244        nan
  0.782122        nan
  0.783001        nan
  0.783879        nan
  0.784757        nan
  0.785635        nan
  0.786513        nan
  0.787391        nan
  0.788270        nan
  0.789148        nan
  0.790026        nan
  0.790904        nan
  0.791782        nan
  0.792661        nan
  0.793539        nan
  0.794417        nan
  0.795295        nan
  0.796173        nan
  0.797051        nan
  0.797930        nan
  0.798808        nan
  0.799686        nan
  0.800564        nan
  0.801442        nan
  0.802320        nan
  0.803199        nan
  0.804077        nan
  0.804955        nan
  0.805833        nan
  0.806711        nan
  0.807590        nan
  0.808468        nan
  0.809346        nan
  0.810224        nan
  0.811102        nan
  0.811980        nan
  0.812859        nan
  0.813737        nan
  0.814615        nan
  0.815493        nan
  0.816371        nan
  0.817249        nan
  0.818128        nan
  0.819006        nan
  0.819884        nan
  0.820762        nan
  0.821640        nan
  0.822519        nan
  0.823397        nan
  0.824275        nan
  0.825153        nan
  0.826031        nan
  0.826909        nan
  0.827788        nan
  0.828666        nan
  0.829544        nan
  0.830422        nan
  0.831300        nan
  0.832178        nan
  0.833057        nan
  0.833935        nan
  0.834813        nan
  0.835691        nan
  0.836569        nan
  0.837447        nan
  0.838326        nan
  0.839204        nan
  0.840082        nan
  0.840960        nan
  0.841838        nan
  0.842717        nan
  0.843595        nan
  0.844473        nan
  0.845351        nan
  0.846229        nan
  0.847107        nan
  0.847986        nan
  0.848864        nan
  0.849742        nan
  0.850620        nan
  0.851498        nan
  0.852376        nan
  0.853255        nan
  0.854133        nan
  0.855011        nan
  0.855889        nan
  0.856767        nan
  0.857646        nan
  0.858524        nan
  0.859402        nan
  0.860280        nan
  0.861158        nan
  0.862036        nan
  0.862915        nan
  0.863793        nan
  0.864671        nan
  0.865549        nan
  0.866427        nan
  0.867305        nan
  0.868184        nan
  0.869062        nan
  0.869940        nan
  0.870818        nan
  0.871696        nan
  0.872575        nan
  0.873453        nan
  0.874331        nan
  0.875209        nan
  0.876087        nan
  0.876965        nan
  0.877844        nan
  0.878722        nan
  0.879600        nan
  0.880478        nan
  0.881356        nan
  0.882234        nan
  0.883113        nan
  0.883991        nan
  0.884869        nan
  0.885747        nan
  0.886625        nan
  0.887504        nan
  0.888382        nan
  0.889260        nan
  0.890138        nan
  0.891016        nan
  0.891894        nan
  0.892773        nan
  0.893651        nan
  0.894529        nan
  0.895407        nan
  0.896285        nan
  0.897163        nan
  0.898042        nan
  0.898920        nan
  0.899798        nan
  0.900676        nan
  0.901554        nan
  0.902432        nan
  0.903311        nan
  0.904189        nan
  0.905067        nan
  0.905945        nan
  0.906823        nan
  0.907702        nan
  0.908580        nan
  0.909458        nan
  0.910336        nan
  0.911214        nan
  0.912092        nan
  0.912971        nan
  0.913849        nan
  0.914727        nan
  0.915605        nan
  0.916483        nan
  0.917361        nan
  0.918240        nan
  0.919118        nan
  0.919996        nan
  0.920874        nan
  0.921752        nan
  0.922631        nan
  0.923509        nan
  0.924387        nan
  0.925265        nan
  0.926143        nan
  0.927021        nan
  0.927900        nan
  0.928778        nan
  0.929656        nan
  0.930534        nan
  0.931412        nan
  0.932290        nan
  0.933169        nan
  0.934047        nan
  0.934925        nan
  0.935803        nan
  0.936681        nan
  0.937560        nan
  0.938438        nan
  0.939316        nan
  0.940194        nan
  0.941072        nan
  0.941950        nan
  0.942829        nan
  0.943707        nan
  0.944585        nan
  0.945463        nan
  0.946341        nan
  0.947219        nan
  0.948098        nan
  0.948976        nan
  0.949854        nan
  0.950732        nan
  0.951610        nan
  0.952488        nan
  0.953367        nan
  0.954245        nan
  0.955123        nan
  0.956001        nan
  0.956879        nan
  0.957758        nan
  0.958636        nan
  0.959514        nan
  0.960392        nan
  0.961270        nan
  0.962148        nan
  0.963027        nan
  0.963905        nan
  0.964783        nan
  0.965661        nan
  0.966539        nan
  0.967417        nan
  0.968296        nan
  0.969174        nan
  0.970052        nan
  0.970930        nan
  0.971808        nan
  0.972687        nan
  0.973565        nan
  0.974443        nan
  0.975321        nan
  0.976199        nan
  0.977077        nan
  0.977956        nan
  0.978834        nan
  0.979712        nan
  0.980590        nan
  0.981468        nan
  0.982346        nan
  0.983225        nan
  0.984103        nan
  0.984981        nan
  0.985859        nan
  0.986737        nan
  0.987616        nan
  0.988494        nan
  0.989372        nan
  0.990250        nan
  0.991128        nan
  0.992006        nan
  0.992885        nan
  0.993763        nan
  0.994641        nan
  0.995519        nan
  0.996397        nan
  0.997275        nan
  0.998154        nan
  0.999032        nan
  0.999910        nan
  1.000788        nan
  1.001666        nan
  1.002545        nan
  1.003423        nan
  1.004301        nan
  1.005179        nan
  1.006057        nan
  1.006935        nan
  1.007814        nan
  1.008692        nan
  1.009570        nan
  1.010448        nan
  1.011326        nan
  1.012204        nan
  1.013083        nan
  1.013961        nan
  1.014839        nan
  1.015717        nan
  1.016595        nan
  1.017473        nan
  1.018352        nan
  1.019230        nan
  1.020108        nan
  1.020986        nan
  1.021864        nan
  1.022743        nan
  1.023621        nan
  1.024499        nan
  1.025377        nan
  1.026255        nan
  1.027133        nan
  1.028012        nan
  1.028890        nan
  1.029768        nan
  1.030646        nan
  1.031524        nan
  1.032402        nan
  1.033281        nan
  1.034159        nan
  1.035037        nan
  1.035915        nan
  1.036793        nan
  1.037672        nan
  1.038550        nan
  1.039428        nan
  1.040306        nan
  1.041184        nan
  1.042062        nan
  1.042941        nan
  1.043819        nan
  1.044697        nan
  1.045575        nan
  1.046453        nan
  1.047331        nan
  1.048210        nan
  1.049088        nan
  1.049966        nan
  1.050844        nan
  1.051722        nan
  1.052601        nan
  1.053479        nan
  1.054357        nan
  1.055235        nan
  1.056113        nan
  1.056991        nan
  1.057870        nan
  1.058748        nan
  1.059626        nan
  1.060504        nan
  1.061382        nan
  1.062260        nan
  1.063139        nan
  1.064017        nan
  1.064895        nan
  1.065773        nan
  1.066651        nan
  1.067530        nan
  1.068408        nan
  1.069286        nan
  1.070164        nan
  1.071042        nan
  1.071920        nan
  1.072799        nan
  1.073677        nan
  1.074555        nan
  1.075433        nan
  1.076311        nan
  1.077189        nan
  1.078068        nan
  1.078946        nan
  1.079824        nan
  1.080702        nan
  1.081580        nan
  1.082458        nan
  1.083337        nan
  1.084215        nan
  1.085093        nan
  1.085971        nan
  1.086849        nan
  1.087728        nan
  1.088606        nan
  1.089484        nan
  1.090362        nan
  1.091240        nan
  1.092118        nan
  1.092997        nan
  1.093875        nan
  1.094753        nan
  1.095631        nan
  1.096509        nan
  1.097387        nan
  1.098266        nan
  1.099144        nan
  1.100022        nan
  1.100900        nan
  1.101778        nan
  1.102657        nan
  1.103535        nan
  1.104413        nan
  1.105291        nan
  1.106169        nan
  1.107047        nan
  1.107926        nan
  1.108804        nan
  1.109682        nan
  1.110560        nan
  1.111438        nan
  1.112316        nan
  1.113195        nan
  1.114073        nan
  1.114951        nan
  1.115829        nan
  1.116707        nan
  1.117586        nan
  1.118464        nan
  1.119342        nan
  1.120220        nan
  1.121098        nan
  1.121976        nan
  1.122855        nan
  1.123733        nan
  1.124611        nan
  1.125489        nan
  1.126367        nan
  1.127245        nan
  1.128124        nan
  1.129002        nan
  1.129880        nan
  1.130758        nan
  1.131636        nan
  1.132515        nan
  1.133393        nan
  1.134271        nan
  1.135149        nan
  1.136027        nan
  1.136905        nan
  1.137784        nan
  1.138662        nan
  1.139540        nan
  1.140418        nan
  1.141296        nan
  1.142174        nan
  1.143053        nan
  1.143931        nan
  1.144809        nan
  1.145687        nan
  1.146565        nan
  1.147443        nan
  1.148322        nan
  1.149200        nan
  1.150078        nan
  1.150956        nan
  1.151834        nan
  1.152713        nan
  1.153591        nan
  1.154469        nan
  1.155347        nan
  1.156225        nan
  1.157103        nan
  1.157982        nan
  1.158860        nan
  1.159738        nan
  1.160616        nan
  1.161494        nan
  1.162372        nan
  1.163251        nan
  1.164129        nan
  1.165007        nan
  1.165885        nan
  1.166763        nan
  1.167642        nan
  1.168520        nan
  1.169398        nan
  1.170276        nan
  1.171154        nan
  1.172032        nan
  1.172911        nan
  1.173789        nan
  1.174667        nan
  1.175545        nan
  1.176423        nan
  1.177301        nan
  1.178180        nan
  1.179058        nan
  1.179936        nan
  1.180814        nan
  1.181692        nan
  1.182571        nan
  1.183449        nan
  1.184327        nan
  1.185205        nan
  1.186083        nan
  1.186961        nan
  1.187840        nan
  1.188718        nan
  1.189596        nan
  1.190474        nan
  1.191352        nan
  1.192230        nan
  1.193109        nan
  1.193987        nan
  1.194865        nan
  1.195743        nan
  1.196621        nan
  1.197499        nan
  1.198378        nan
  1.199256        nan
  1.200134        nan
  1.201012        nan
  1.201890        nan
  1.202769        nan
  1.203647        nan
  1.204525        nan
  1.205403        nan
  1.206281        nan
  1.207159        nan
  1.208038        nan
  1.208916        nan
  1.209794        nan
  1.210672        nan
  1.211550        nan
  1.212428        nan
  1.213307        nan
  1.214185        nan
  1.215063        nan
  1.215941        nan
  1.216819        nan
  1.217698        nan
  1.218576        nan
  1.219454        nan
  1.220332        nan
  1.221210        nan
  1.222088        nan
  1.222967        nan
  1.223845        nan
  1.224723        nan
  1.225601        nan
  1.226479        nan
  1.227357        nan
  1.228236        nan
  1.229114        nan
  1.229992        nan
  1.230870        nan
  1.231748        nan
  1.232627        nan
  1.233505        nan
  1.234383        nan
  1.235261        nan
  1.236139        nan
  1.237017        nan
  1.237896        nan
  1.238774        nan
  1.239652        nan
  1.240530        nan
  1.241408        nan
  1.242286        nan
  1.243165        nan
  1.244043        nan
  1.244921        nan
  1.245799        nan
  1.246677        nan
  1.247556        nan
  1.248434        nan
  1.249312        nan
  1.250190        nan
  1.251068        nan
  1.251946        nan
  1.252825        nan
  1.253703        nan
  1.254581        nan
  1.255459        nan
  1.256337        nan
  1.257215        nan
  1.258094        nan
  1.258972        nan
  1.259850        nan
  1.260728        nan
  1.261606        nan
  1.262484        nan
  1.263363        nan
  1.264241        nan
  1.265119        nan
  1.265997        nan
  1.266875        nan
  1.267754        nan
  1.268632        nan
  1.269510        nan
  1.270388        nan
  1.271266        nan
  1.272144        nan
  1.273023        nan
  1.273901        nan
  1.274779        nan
  1.275657        nan
  1.276535        nan
  1.277413        nan
  1.278292        nan
  1.279170        nan
  1.280048        nan
  1.280926        nan
  1.281804        nan
  1.282683        nan
  1.283561        nan
  1.284439        nan
  1.285317        nan
  1.286195        nan
  1.287073        nan
  1.287952        nan
  1.288830        nan
  1.289708        nan
  1.290586        nan
  1.291464        nan
  1.292342        nan
  1.293221        nan
  1.294099        nan
  1.294977        nan
  1.295855        nan
  1.296733        nan
  1.297612        nan
  1.298490        nan
  1.299368        nan
  1.300246        nan
  1.301124        nan
  1.302002        nan
  1.302881        nan
  1.303759        nan
  1.304637        nan
  1.305515        nan
  1.306393        nan
  1.307271        nan
  1.308150        nan
  1.309028        nan
  1.309906        nan
  1.310784        nan
  1.311662        nan
  1.312541        nan
  1.313419        nan
  1.314297        nan
  1.315175        nan
  1.316053        nan
  1.316931        nan
  1.317810        nan
  1.318688        nan
  1.319566        nan
  1.320444        nan
  1.321322        nan
  1.322200        nan
  1.323079        nan
  1.323957        nan
  1.324835        nan
  1.325713        nan
  1.326591        nan
  1.327469        nan
  1.328348        nan
  1.329226        nan
  1.330104        nan
  1.330982        nan
  1.331860        nan
  1.332739        nan
  1.333617        nan
  1.334495        nan
  1.335373        nan
  1.336251        nan
  1.337129        nan
  1.338008        nan
  1.338886        nan
  1.339764        nan
  1.340642        nan
  1.341520        nan
  1.342398        nan
  1.343277        nan
  1.344155        nan
  1.345033        nan
  1.345911        nan
  1.346789        nan
  1.347668        nan
  1.348546        nan
  1.349424        nan
  1.350302        nan
  1.351180        nan
  1.352058        nan
  1.352937        nan
  1.353815        nan
  1.354693        nan
  1.355571        nan
  1.356449        nan
  1.357327        nan
  1.358206        nan
  1.359084        nan
  1.359962        nan
  1.360840        nan
  1.361718        nan
  1.362597        nan
  1.363475        nan
  1.364353        nan
  1.365231        nan
  1.366109        nan
  1.366987        nan
  1.367866        nan
  1.368744        nan
  1.369622        nan
  1.370500        nan
  1.371378        nan
  1.372256        nan
  1.373135        nan
  1.374013        nan
  1.374891        nan
  1.375769        nan
  1.376647        nan
  1.377526        nan
  1.378404        nan
  1.379282        nan
  1.380160        nan
  1.381038        nan
  1.381916        nan
  1.382795        nan
  1.383673        nan
  1.384551        nan
  1.385429        nan
  1.386307        nan
  1.387185        nan
  1.388064        nan
  1.388942        nan
  1.389820        nan
  1.390698        nan
  1.391576        nan
  1.392454        nan
  1.393333        nan
  1.394211        nan
  1.395089        nan
  1.395967        nan
  1.396845        nan
  1.397724        nan
  1.398602        nan
  1.399480        nan
  1.400358        nan
  1.401236        nan
  1.402114        nan
  1.402993        nan
  1.403871        nan
  1.404749        nan
  1.405627        nan
  1.406505        nan
  1.407383        nan
  1.408262        nan
  1.409140        nan
  1.410018        nan
  1.410896        nan
  1.411774        nan
  1.412653        nan
  1.413531        nan
  1.414409        nan
  1.415287        nan
  1.416165        nan
  1.417043        nan
  1.417922        nan
  1.418800        nan
  1.419678        nan
  1.420556        nan
  1.421434        nan
  1.422312        nan
  1.423191        nan
  1.424069        nan
  1.424947        nan
  1.425825        nan
  1.426703        nan
  1.427582        nan
  1.428460        nan
  1.429338        nan
  1.430216        nan
  1.431094        nan
  1.431972        nan
  1.432851        nan
  1.433729        nan
  1.434607        nan
  1.435485        nan
  1.436363        nan
  1.437241        nan
  1.438120        nan
  1.438998        nan
  1.439876        nan
  1.440754        nan
  1.441632        nan
  1.442511        nan
  1.443389        nan
  1.444267        nan
  1.445145        nan
  1.446023        nan
  1.446901        nan
  1.447780        nan
  1.448658        nan
  1.449536        nan
  1.450414        nan
  1.451292        nan
  1.452170        nan
  1.453049        nan
  1.453927        nan
  1.454805        nan
  1.455683        nan
  1.456561        nan
  1.457439        nan
  1.458318        nan
  1.459196        nan
  1.460074        nan
  1.460952        nan
  1.461830        nan
  1.462709        nan
  1.463587        nan
  1.464465        nan
  1.465343        nan
  1.466221        nan
  1.467099        nan
  1.467978        nan
  1.468856        nan
  1.469734        nan
  1.470612        nan
  1.471490        nan
  1.472368        nan
  1.473247        nan
  1.474125        nan
  1.475003        nan
  1.475881        nan
  1.476759        nan
  1.477638        nan
  1.478516        nan
  1.479394        nan
  1.480272        nan
  1.481150        nan
  1.482028        nan
  1.482907        nan
  1.483785        nan
  1.484663        nan
  1.485541        nan
  1.486419        nan
  1.487297        nan
  1.488176        nan
  1.489054        nan
  1.489932        nan
  1.490810        nan
  1.491688        nan
  1.492567        nan
  1.493445        nan
  1.494323        nan
  1.495201        nan
  1.496079        nan
  1.496957        nan
  1.497836        nan
  1.498714        nan
  1.499592        nan
  1.500470        nan
  1.501348        nan
  1.502226        nan
  1.503105        nan
  1.503983        nan
  1.504861        nan
  1.505739        nan
  1.506617        nan
  1.507495        nan
  1.508374        nan
  1.509252        nan
  1.510130        nan
  1.511008        nan
  1.511886        nan
  1.512765        nan
  1.513643        nan
  1.514521        nan
  1.515399        nan
  1.516277        nan
  1.517155        nan
  1.518034        nan
  1.518912        nan
  1.519790        nan
  1.520668        nan
  1.521546        nan
  1.522424        nan
  1.523303        nan
  1.524181        nan
  1.525059        nan
  1.525937        nan
  1.526815        nan
  1.527694        nan
  1.528572        nan
  1.529450        nan
  1.530328        nan
  1.531206        nan
  1.532084        nan
  1.532963        nan
  1.533841        nan
  1.534719        nan
  1.535597        nan
  1.536475        nan
  1.537353        nan
  1.538232        nan
  1.539110        nan
  1.539988        nan
  1.540866        nan
  1.541744        nan
  1.542623        nan
  1.543501        nan
  1.544379        nan
  1.545257        nan
  1.546135        nan
  1.547013        nan
  1.547892        nan
  1.548770        nan
  1.549648        nan
  1.550526        nan
  1.551404        nan
  1.552282        nan
  1.553161        nan
  1.554039        nan
  1.554917        nan
  1.555795        nan
  1.556673        nan
  1.557552        nan
  1.558430        nan
  1.559308        nan
  1.560186        nan
  1.561064        nan
  1.561942        nan
  1.562821        nan
  1.563699        nan
  1.564577        nan
  1.565455        nan
  1.566333        nan
  1.567211        nan
  1.568090        nan
  1.568968        nan
  1.569846        nan
  1.570724        nan
  1.571602        nan
  1.572480        nan
  1.573359        nan
  1.574237        nan
  1.575115        nan
  1.575993        nan
  1.576871        nan
  1.577750        nan
  1.578628        nan
  1.579506        nan
  1.580384        nan
  1.581262        nan
  1.582140        nan
  1.583019        nan
  1.583897        nan
  1.584775        nan
  1.585653        nan
  1.586531        nan
  1.587409        nan
  1.588288        nan
  1.589166        nan
  1.590044        nan
  1.590922        nan
  1.591800        nan
  1.592679        nan
  1.593557        nan
  1.594435        nan
  1.595313        nan
  1.596191        nan
  1.597069        nan
  1.597948        nan
  1.598826        nan
  1.599704        nan
  1.600582        nan
  1.601460        nan
  1.602338        nan
  1.603217        nan
  1.604095        nan
  1.604973        nan
  1.605851        nan
  1.606729        nan
  1.607608        nan
  1.608486        nan
  1.609364        nan
  1.610242        nan
  1.611120        nan
  1.611998        nan
  1.612877        nan
  1.613755        nan
  1.614633        nan
  1.615511        nan
  1.616389        nan
  1.617267        nan
  1.618146        nan
  1.619024        nan
  1.619902        nan
  1.620780        nan
  1.621658        nan
  1.622537        nan
  1.623415        nan
  1.624293        nan
  1.625171        nan
  1.626049        nan
  1.626927        nan
  1.627806        nan
  1.628684        nan
  1.629562        nan
  1.630440        nan
  1.631318        nan
  1.632196        nan
  1.633075        nan
  1.633953        nan
  1.634831        nan
  1.635709        nan
  1.636587        nan
  1.637465        nan
  1.638344        nan
  1.639222        nan
  1.640100        nan
  1.640978        nan
  1.641856        nan
  1.642735        nan
  1.643613        nan
  1.644491        nan
  1.645369        nan
  1.646247        nan
  1.647125        nan
  1.648004        nan
  1.648882        nan
  1.649760        nan
  1.650638        nan
  1.651516        nan
  1.652394        nan
  1.653273        nan
  1.654151        nan
  1.655029        nan
  1.655907        nan
  1.656785        nan
  1.657664        nan
  1.658542        nan
  1.659420        nan
  1.660298        nan
  1.661176        nan
  1.662054        nan
  1.662933        nan
  1.663811        nan
  1.664689        nan
  1.665567        nan
  1.666445        nan
  1.667323        nan
  1.668202        nan
  1.669080        nan
  1.669958        nan
  1.670836        nan
  1.671714        nan
  1.672593        nan
  1.673471        nan
  1.674349        nan
  1.675227        nan
  1.676105        nan
  1.676983        nan
  1.677862        nan
  1.678740        nan
  1.679618        nan
  1.680496        nan
  1.681374        nan
  1.682252        nan
  1.683131        nan
  1.684009        nan
  1.684887        nan
  1.685765        nan
  1.686643        nan
  1.687522        nan
  1.688400        nan
  1.689278        nan
  1.690156        nan
  1.691034        nan
  1.691912        nan
  1.692791        nan
  1.693669        nan
  1.694547        nan
  1.695425        nan
  1.696303        nan
  1.697181        nan
  1.698060        nan
  1.698938        nan
  1.699816        nan
  1.700694        nan
  1.701572        nan
  1.702450        nan
  1.703329        nan
  1.704207        nan
  1.705085        nan
  1.705963        nan
  1.706841        nan
  1.707720        nan
  1.708598        nan
  1.709476        nan
  1.710354        nan
  1.711232        nan
  1.712110        nan
  1.712989        nan
  1.713867        nan
  1.714745        nan
  1.715623        nan
  1.716501        nan
  1.717379        nan
  1.718258        nan
  1.719136        nan
  1.720014        nan
  1.720892        nan
  1.721770        nan
  1.722649        nan
  1.723527        nan
  1.724405        nan
  1.725283        nan
  1.726161        nan
  1.727039        nan
  1.727918        nan
  1.728796        nan
  1.729674        nan
  1.730552        nan
  1.731430        nan
  1.732308        nan
  1.733187        nan
  1.734065        nan
  1.734943        nan
  1.735821        nan
  1.736699        nan
  1.737578        nan
  1.738456        nan
  1.739334        nan
  1.740212        nan
  1.741090        nan
  1.741968        nan
  1.742847        nan
  1.743725        nan
  1.744603        nan
  1.745481        nan
  1.746359        nan
  1.747237        nan
  1.748116        nan
  1.748994        nan
  1.749872        nan
  1.750750        nan
  1.751628        nan
  1.752507        nan
  1.753385        nan
  1.754263        nan
  1.755141        nan
  1.756019        nan
  1.756897        nan
  1.757776        nan
  1.758654        nan
  1.759532        nan
  1.760410        nan
  1.761288        nan
  1.762166        nan
  1.763045        nan
  1.763923        nan
  1.764801        nan
  1.765679        nan
  1.766557        nan
  1.767435        nan
  1.768314        nan
  1.769192        nan
  1.770070        nan
  1.770948        nan
  1.771826        nan
  1.772705        nan
  1.773583        nan
  1.774461        nan
  1.775339        nan
  1.776217        nan
  1.777095        nan
  1.777974        nan
  1.778852        nan
  1.779730        nan
  1.780608        nan
  1.781486        nan
  1.782364        nan
  1.783243        nan
  1.784121        nan
  1.784999        nan
  1.785877        nan
  1.786755        nan
  1.787634        nan
  1.788512        nan
  1.789390        nan
  1.790268        nan
  1.791146        nan
  1.792024        nan
  1.792903        nan
  1.793781        nan
  1.794659        nan
  1.795537        nan
  1.796415        nan
  1.797293        nan
  1.798172        nan
  1.799050        nan
  1.799928        nan
  1.800806        nan
  1.801684        nan
  1.802563        nan
  1.803441        nan
  1.804319        nan
  1.805197        nan
  1.806075        nan
  1.806953        nan
  1.807832        nan
  1.808710        nan
  1.809588        nan
  1.810466        nan
  1.811344        nan
  1.812222        nan
  1.813101        nan
  1.813979        nan
  1.814857        nan
  1.815735        nan
  1.816613        nan
  1.817491        nan
  1.818370        nan
  1.819248        nan
  1.820126        nan
  1.821004        nan
  1.821882        nan
  1.822761        nan
  1.823639        nan
  1.824517        nan
  1.825395        nan
  1.826273        nan
  1.827151        nan
  1.828030        nan
  1.828908        nan
  1.829786        nan
  1.830664        nan
  1.831542        nan
  1.832420        nan
  1.833299        nan
  1.834177        nan
  1.835055        nan
  1.835933        nan
  1.836811        nan
  1.837690        nan
  1.838568        nan
  1.839446        nan
  1.840324        nan
  1.841202        nan
  1.842080        nan
  1.842959        nan
  1.843837        nan
  1.844715        nan
  1.845593        nan
  1.846471        nan
  1.847349        nan
  1.848228        nan
  1.849106        nan
  1.849984        nan
  1.850862        nan
  1.851740        nan
  1.852619        nan
  1.853497        nan
  1.854375        nan
  1.855253        nan
  1.856131        nan
  1.857009        nan
  1.857888        nan
  1.858766        nan
  1.859644        nan
  1.860522        nan
  1.861400        nan
  1.862278        nan
  1.863157        nan
  1.864035        nan
  1.864913        nan
  1.865791        nan
  1.866669        nan
  1.867548        nan
  1.868426        nan
  1.869304        nan
  1.870182        nan
  1.871060        nan
  1.871938        nan
  1.872817        nan
  1.873695        nan
  1.874573        nan
  1.875451        nan
  1.876329        nan
  1.877207        nan
  1.878086        nan
  1.878964        nan
  1.879842        nan
  1.880720        nan
  1.881598        nan
  1.882476        nan
  1.883355        nan
  1.884233        nan
  1.885111        nan
  1.885989        nan
  1.886867        nan
  1.887746        nan
  1.888624        nan
  1.889502        nan
  1.890380        nan
  1.891258        nan
  1.892136        nan
  1.893015        nan
  1.893893        nan
  1.894771        nan
  1.895649        nan
  1.896527        nan
  1.897405        nan
  1.898284        nan
  1.899162        nan
  1.900040        nan
  1.900918        nan
  1.901796        nan
  1.902675        nan
  1.903553        nan
  1.904431        nan
  1.905309        nan
  1.906187        nan
  1.907065        nan
  1.907944        nan
  1.908822        nan
  1.909700        nan
  1.910578        nan
  1.911456        nan
  1.912334        nan
  1.913213        nan
  1.914091        nan
  1.914969        nan
  1.915847        nan
  1.916725        nan
  1.917604        nan
  1.918482        nan
  1.919360        nan
  1.920238        nan
  1.921116        nan
  1.921994        nan
  1.922873        nan
  1.923751        nan
  1.924629        nan
  1.925507        nan
  1.926385        nan
  1.927263        nan
  1.928142        nan
  1.929020        nan
  1.929898        nan
  1.930776        nan
  1.931654        nan
  1.932533        nan
  1.933411        nan
  1.934289        nan
  1.935167        nan
  1.936045        nan
  1.936923        nan
  1.937802        nan
  1.938680        nan
  1.939558        nan
  1.940436        nan
  1.941314        nan
  1.942192        nan
  1.943071        nan
  1.943949        nan
  1.944827        nan
  1.945705        nan
  1.946583        nan
  1.947461        nan
  1.948340        nan
  1.949218        nan
  1.950096        nan
  1.950974        nan
  1.951852        nan
  1.952731        nan
  1.953609        nan
  1.954487        nan
  1.955365        nan
  1.956243        nan
  1.957121        nan
  1.958000        nan
  1.958878        nan
  1.959756        nan
  1.960634        nan
  1.961512        nan
  1.962390        nan
  1.963269        nan
  1.964147        nan
  1.965025        nan
  1.965903        nan
  1.966781        nan
  1.967660        nan
  1.968538        nan
  1.969416        nan
  1.970294        nan
  1.971172        nan
  1.972050        nan
  1.972929        nan
  1.973807        nan
  1.974685        nan
  1.975563        nan
  1.976441        nan
  1.977319        nan
  1.978198        nan
  1.979076        nan
  1.979954        nan
  1.980832        nan
  1.981710        nan
  1.982589        nan
  1.983467        nan
  1.984345        nan
  1.985223        nan
  1.986101        nan
  1.986979        nan
  1.987858        nan
  1.988736        nan
  1.989614        nan
  1.990492        nan
  1.991370        nan
  1.992248        nan
  1.993127        nan
  1.994005        nan
  1.994883        nan
  1.995761        nan
  1.996639        nan
  1.997518        nan
  1.998396        nan
  1.999274        nan
  2.000152        nan
  2.001030        nan
  2.001908        nan
  2.002787        nan
  2.003665        nan
  2.004543        nan
  2.005421        nan
  2.006299        nan
  2.007177        nan
  2.008056        nan
  2.008934        nan
  2.009812        nan
  2.010690        nan
  2.011568        nan
  2.012446        nan
  2.013325        nan
  2.014203        nan
  2.015081        nan
  2.015959        nan
  2.016837        nan
  2.017716        nan
  2.018594        nan
  2.019472        nan
  2.020350        nan
  2.021228        nan
  2.022106        nan
  2.022985        nan
  2.023863        nan
  2.024741        nan
  2.025619        nan
  2.026497        nan
  2.027375        nan
  2.028254        nan
  2.029132        nan
  2.030010        nan
  2.030888        nan
  2.031766        nan
  2.032645        nan
  2.033523        nan
  2.034401        nan
  2.035279        nan
  2.036157        nan
  2.037035        nan
  2.037914        nan
  2.038792        nan
  2.039670        nan
  2.040548        nan
  2.041426        nan
  2.042304        nan
  2.043183        nan
  2.044061        nan
  2.044939        nan
  2.045817        nan
  2.046695        nan
  2.047574        nan
  2.048452        nan
  2.049330        nan
  2.050208        nan
  2.051086        nan
  2.051964        nan
  2.052843        nan
  2.053721        nan
  2.054599        nan
  2.055477        nan
  2.056355        nan
  2.057233        nan
  2.058112        nan
  2.058990        nan
  2.059868        nan
  2.060746        nan
  2.061624        nan
  2.062503        nan
  2.063381        nan
  2.064259        nan
  2.065137        nan
  2.066015        nan
  2.066893        nan
  2.067772        nan
  2.068650        nan
  2.069528        nan
  2.070406        nan
  2.071284        nan
  2.072162        nan
  2.073041        nan
  2.073919        nan
  2.074797        nan
  2.075675        nan
  2.076553        nan
  2.077431        nan
  2.078310        nan
  2.079188        nan
  2.080066        nan
  2.080944        nan
  2.081822        nan
  2.082701        nan
  2.083579        nan
  2.084457        nan
  2.085335        nan
  2.086213        nan
  2.087091        nan
  2.087970        nan
  2.088848        nan
  2.089726        nan
  2.090604        nan
  2.091482        nan
  2.092360        nan
  2.093239        nan
  2.094117        nan
  2.094995        nan
  2.095873        nan
  2.096751        nan
  2.097630        nan
  2.098508        nan
  2.099386        nan
  2.100264        nan
  2.101142        nan
  2.102020        nan
  2.102899        nan
  2.103777        nan
  2.104655        nan
  2.105533        nan
  2.106411        nan
  2.107289        nan
  2.108168        nan
  2.109046        nan
  2.109924        nan
  2.110802        nan
  2.111680        nan
  2.112559        nan
  2.113437        nan
  2.114315        nan
  2.115193        nan
  2.116071        nan
  2.116949        nan
  2.117828        nan
  2.118706        nan
  2.119584        nan
  2.120462        nan
  2.121340        nan
  2.122218        nan
  2.123097        nan
  2.123975        nan
  2.124853        nan
  2.125731        nan
  2.126609        nan
  2.127487        nan
  2.128366        nan
  2.129244        nan
  2.130122        nan
  2.131000        nan
  2.131878        nan
  2.132757        nan
  2.133635        nan
  2.134513        nan
  2.135391        nan
  2.136269        nan
  2.137147        nan
  2.138026        nan
  2.138904        nan
  2.139782        nan
  2.140660        nan
  2.141538        nan
  2.142416        nan
  2.143295        nan
  2.144173        nan
  2.145051        nan
  2.145929        nan
  2.146807        nan
  2.147686        nan
  2.148564        nan
  2.149442        nan
  2.150320        nan
  2.151198        nan
  2.152076        nan
  2.152955        nan
  2.153833        nan
  2.154711        nan
  2.155589        nan
  2.156467        nan
  2.157345        nan
  2.158224        nan
  2.159102        nan
  2.159980        nan
  2.160858        nan
  2.161736        nan
  2.162615        nan
  2.163493        nan
  2.164371        nan
  2.165249        nan
  2.166127        nan
  2.167005        nan
  2.167884        nan
  2.168762        nan
  2.169640        nan
  2.170518        nan
  2.171396        nan
  2.172274        nan
  2.173153        nan
  2.174031        nan
  2.174909        nan
  2.175787        nan
  2.176665        nan
  2.177544        nan
  2.178422        nan
  2.179300        nan
  2.180178        nan
  2.181056        nan
  2.181934        nan
  2.182813        nan
  2.183691        nan
  2.184569        nan
  2.185447        nan
  2.186325        nan
  2.187203        nan
  2.188082        nan
  2.188960        nan
  2.189838        nan
  2.190716        nan
  2.191594        nan
  2.192472        nan
  2.193351        nan
  2.194229        nan
  2.195107        nan
  2.195985        nan
  2.196863        nan
  2.197742        nan
  2.198620        nan
  2.199498        nan
  2.200376        nan
  2.201254        nan
  2.202132        nan
  2.203011        nan
  2.203889        nan
  2.204767        nan
  2.205645        nan
  2.206523        nan
  2.207401        nan
  2.208280        nan
  2.209158        nan
  2.210036        nan
  2.210914        nan
  2.211792        nan
  2.212671        nan
  2.213549        nan
  2.214427        nan
  2.215305        nan
  2.216183        nan
  2.217061        nan
  2.217940        nan
  2.218818        nan
  2.219696        nan
  2.220574        nan
  2.221452        nan
  2.222330        nan
  2.223209        nan
  2.224087        nan
  2.224965        nan
  2.225843        nan
  2.226721        nan
  2.227600        nan
  2.228478        nan
  2.229356        nan
  2.230234        nan
  2.231112        nan
  2.231990        nan
  2.232869        nan
  2.233747        nan
  2.234625        nan
  2.235503        nan
  2.236381        nan
  2.237259        nan
  2.238138        nan
  2.239016        nan
  2.239894        nan
  2.240772        nan
  2.241650        nan
  2.242529        nan
  2.243407        nan
  2.244285        nan
  2.245163        nan
  2.246041        nan
  2.246919        nan
  2.247798        nan
  2.248676        nan
  2.249554        nan
  2.250432        nan
  2.251310        nan
  2.252188        nan
  2.253067        nan
  2.253945        nan
  2.254823        nan
  2.255701        nan
  2.256579        nan
  2.257457        nan
  2.258336        nan
  2.259214        nan
  2.260092        nan
  2.260970        nan
  2.261848        nan
  2.262727        nan
  2.263605        nan
  2.264483        nan
  2.265361        nan
  2.266239        nan
  2.267117        nan
  2.267996        nan
  2.268874        nan
  2.269752        nan
  2.270630        nan
  2.271508        nan
  2.272386        nan
  2.273265        nan
  2.274143        nan
  2.275021        nan
  2.275899        nan
  2.276777        nan
  2.277656        nan
  2.278534        nan
  2.279412        nan
  2.280290        nan
  2.281168        nan
  2.282046        nan
  2.282925        nan
  2.283803        nan
  2.284681        nan
  2.285559        nan
  2.286437        nan
  2.287315        nan
  2.288194        nan
  2.289072        nan
  2.289950        nan
  2.290828        nan
  2.291706        nan
  2.292585        nan
  2.293463        nan
  2.294341        nan
  2.295219        nan
  2.296097        nan
  2.296975        nan
  2.297854        nan
  2.298732        nan
  2.299610        nan
  2.300488        nan
  2.301366        nan
  2.302244        nan
  2.303123        nan
  2.304001        nan
  2.304879        nan
  2.305757        nan
  2.306635        nan
  2.307514        nan
  2.308392        nan
  2.309270        nan
  2.310148        nan
  2.311026        nan
  2.311904        nan
  2.312783        nan
  2.313661        nan
  2.314539        nan
  2.315417        nan
  2.316295        nan
  2.317173        nan
  2.318052        nan
  2.318930        nan
  2.319808        nan
  2.320686        nan
  2.321564        nan
  2.322442        nan
  2.323321        nan
  2.324199        nan
  2.325077        nan
  2.325955        nan
  2.326833        nan
  2.327712        nan
  2.328590        nan
  2.329468        nan
  2.330346        nan
  2.331224        nan
  2.332102        nan
  2.332981        nan
  2.333859        nan
  2.334737        nan
  2.335615        nan
  2.336493        nan
  2.337371        nan
  2.338250        nan
  2.339128        nan
  2.340006        nan
  2.340884        nan
  2.341762        nan
  2.342641        nan
  2.343519        nan
  2.344397        nan
  2.345275        nan
  2.346153        nan
  2.347031        nan
  2.347910        nan
  2.348788        nan
  2.349666        nan
  2.350544        nan
  2.351422        nan
  2.352300        nan
  2.353179        nan
  2.354057        nan
  2.354935        nan
  2.355813        nan
  2.356691        nan
  2.357570        nan
  2.358448        nan
  2.359326        nan
  2.360204        nan
  2.361082        nan
  2.361960        nan
  2.362839        nan
  2.363717        nan
  2.364595        nan
  2.365473        nan
  2.366351        nan
  2.367229        nan
  2.368108        nan
  2.368986        nan
  2.369864        nan
  2.370742        nan
  2.371620        nan
  2.372498        nan
  2.373377        nan
  2.374255        nan
  2.375133        nan
  2.376011        nan
  2.376889        nan
  2.377768        nan
  2.378646        nan
  2.379524        nan
  2.380402        nan
  2.381280        nan
  2.382158        nan
  2.383037        nan
  2.383915        nan
  2.384793        nan
  2.385671        nan
  2.386549        nan
  2.387427        nan
  2.388306        nan
  2.389184        nan
  2.390062        nan
  2.390940        nan
  2.391818        nan
  2.392697        nan
  2.393575        nan
  2.394453        nan
  2.395331        nan
  2.396209        nan
  2.397087        nan
  2.397966        nan
  2.398844        nan
  2.399722        nan
  2.400600        nan
  2.401478        nan
  2.402356        nan
  2.403235        nan
  2.404113        nan
  2.404991        nan
  2.405869        nan
  2.406747        nan
  2.407626        nan
  2.408504        nan
  2.409382        nan
  2.410260        nan
  2.411138        nan
  2.412016        nan
  2.412895        nan
  2.413773        nan
  2.414651        nan
  2.415529        nan
  2.416407        nan
  2.417285        nan
  2.418164        nan
  2.419042        nan
  2.419920        nan
  2.420798        nan
  2.421676        nan
  2.422555        nan
  2.423433        nan
  2.424311        nan
  2.425189        nan
  2.426067        nan
  2.426945        nan
  2.427824        nan
  2.428702        nan
  2.429580        nan
  2.430458        nan
  2.431336        nan
  2.432214        nan
  2.433093        nan
  2.433971        nan
  2.434849        nan
  2.435727        nan
  2.436605        nan
  2.437483        nan
  2.438362        nan
  2.439240        nan
  2.440118        nan
  2.440996        nan
  2.441874        nan
  2.442753        nan
  2.443631        nan
  2.444509        nan
  2.445387        nan
  2.446265        nan
  2.447143        nan
  2.448022        nan
  2.448900        nan
  2.449778        nan
  2.450656        nan
  2.451534        nan
  2.452412        nan
  2.453291        nan
  2.454169        nan
  2.455047        nan
  2.455925        nan
  2.456803        nan
  2.457682        nan
  2.458560        nan
  2.459438        nan
  2.460316        nan
  2.461194        nan
  2.462072        nan
  2.462951        nan
  2.463829        nan
  2.464707        nan
  2.465585        nan
  2.466463        nan
  2.467341        nan
  2.468220        nan
  2.469098        nan
  2.469976        nan
  2.470854        nan
  2.471732        nan
  2.472611        nan
  2.473489        nan
  2.474367        nan
  2.475245        nan
  2.476123        nan
  2.477001        nan
  2.477880        nan
  2.478758        nan
  2.479636        nan
  2.480514        nan
  2.481392        nan
  2.482270        nan
  2.483149        nan
  2.484027        nan
  2.484905        nan
  2.485783        nan
  2.486661        nan
  2.487540        nan
  2.488418        nan
  2.489296        nan
  2.490174        nan
  2.491052        nan
  2.491930        nan
  2.492809        nan
  2.493687        nan
  2.494565        nan
  2.495443        nan
  2.496321        nan
  2.497199        nan
  2.498078        nan
  2.498956        nan
  2.499834        nan
  2.500712        nan
  2.501590        nan
  2.502468        nan
  2.503347        nan
  2.504225        nan
  2.505103        nan
  2.505981        nan
  2.506859        nan
  2.507738        nan
  2.508616        nan
  2.509494        nan
  2.510372        nan
  2.511250        nan
  2.512128        nan
  2.513007        nan
  2.513885        nan
  2.514763        nan
  2.515641        nan
  2.516519        nan
  2.517397        nan
  2.518276        nan
  2.519154        nan
  2.520032        nan
  2.520910        nan
  2.521788        nan
  2.522667        nan
  2.523545        nan
  2.524423        nan
  2.525301        nan
  2.526179        nan
  2.527057        nan
  2.527936        nan
  2.528814        nan
  2.529692        nan
  2.530570        nan
  2.531448        nan
  2.532326        nan
  2.533205        nan
  2.534083        nan
  2.534961        nan
  2.535839        nan
  2.536717        nan
  2.537596        nan
  2.538474        nan
  2.539352        nan
  2.540230        nan
  2.541108        nan
  2.541986        nan
  2.542865        nan
  2.543743        nan
  2.544621        nan
  2.545499        nan
  2.546377        nan
  2.547255        nan
  2.548134        nan
  2.549012        nan
  2.549890        nan
  2.550768        nan
  2.551646        nan
  2.552525        nan
  2.553403        nan
  2.554281        nan
  2.555159        nan
  2.556037        nan
  2.556915        nan
  2.557794        nan
  2.558672        nan
  2.559550        nan
  2.560428        nan
  2.561306        nan
  2.562184        nan
  2.563063        nan
  2.563941        nan
  2.564819        nan
  2.565697        nan
  2.566575        nan
  2.567453        nan
  2.568332        nan
  2.569210        nan
  2.570088        nan
  2.570966        nan
  2.571844        nan
  2.572723        nan
  2.573601        nan
  2.574479        nan
  2.575357        nan
  2.576235        nan
  2.577113        nan
  2.577992        nan
  2.578870        nan
  2.579748        nan
  2.580626        nan
  2.581504        nan
  2.582382        nan
  2.583261        nan
  2.584139        nan
  2.585017        nan
  2.585895        nan
  2.586773        nan
  2.587652        nan
  2.588530        nan
  2.589408        nan
  2.590286        nan
  2.591164        nan
  2.592042        nan
  2.592921        nan
  2.593799        nan
  2.594677        nan
  2.595555        nan
  2.596433        nan
  2.597311        nan
  2.598190        nan
  2.599068        nan
  2.599946        nan
  2.600824        nan
  2.601702        nan
  2.602581        nan
  2.603459        nan
  2.604337        nan
  2.605215        nan
  2.606093        nan
  2.606971        nan
  2.607850        nan
  2.608728        nan
  2.609606        nan
  2.610484        nan
  2.611362        nan
  2.612240        nan
  2.613119        nan
  2.613997        nan
  2.614875        nan
  2.615753        nan
  2.616631        nan
  2.617510        nan
  2.618388        nan
  2.619266        nan
  2.620144        nan
  2.621022        nan
  2.621900        nan
  2.622779        nan
  2.623657        nan
  2.624535        nan
  2.625413        nan
  2.626291        nan
  2.627169        nan
  2.628048        nan
  2.628926        nan
  2.629804        nan
  2.630682        nan
  2.631560        nan
  2.632438        nan
  2.633317        nan
  2.634195        nan
  2.635073        nan
  2.635951        nan
  2.636829        nan
  2.637708        nan
  2.638586        nan
  2.639464        nan
  2.640342        nan
  2.641220        nan
  2.642098        nan
  2.642977        nan
  2.643855        nan
  2.644733        nan
  2.645611        nan
  2.646489        nan
  2.647367        nan
  2.648246        nan
  2.649124        nan
  2.650002        nan
  2.650880        nan
  2.651758        nan
  2.652637        nan
  2.653515        nan
  2.654393        nan
  2.655271        nan
  2.656149        nan
  2.657027        nan
  2.657906        nan
  2.658784        nan
  2.659662        nan
  2.660540        nan
  2.661418        nan
  2.662296        nan
  2.663175        nan
  2.664053        nan
  2.664931        nan
  2.665809        nan
  2.666687        nan
  2.667566        nan
  2.668444        nan
  2.669322        nan
  2.670200        nan
  2.671078        nan
  2.671956        nan
  2.672835        nan
  2.673713        nan
  2.674591        nan
  2.675469        nan
  2.676347        nan
  2.677225        nan
  2.678104        nan
  2.678982        nan
  2.679860        nan
  2.680738        nan
  2.681616        nan
  2.682494        nan
  2.683373        nan
  2.684251        nan
  2.685129        nan
  2.686007        nan
  2.686885        nan
  2.687764        nan
  2.688642        nan
  2.689520        nan
  2.690398        nan
  2.691276        nan
  2.692154        nan
  2.693033        nan
  2.693911        nan
  2.694789        nan
  2.695667        nan
  2.696545        nan
  2.697423        nan
  2.698302        nan
  2.699180        nan
  2.700058        nan
  2.700936        nan
  2.701814        nan
  2.702693        nan
  2.703571        nan
  2.704449        nan
  2.705327        nan
  2.706205        nan
  2.707083        nan
  2.707962        nan
  2.708840        nan
  2.709718        nan
  2.710596        nan
  2.711474        nan
  2.712352        nan
  2.713231        nan
  2.714109        nan
  2.714987        nan
  2.715865        nan
  2.716743        nan
  2.717622        nan
  2.718500        nan
  2.719378        nan
  2.720256        nan
  2.721134        nan
  2.722012        nan
  2.722891        nan
  2.723769        nan
  2.724647        nan
  2.725525        nan
  2.726403        nan
  2.727281        nan
  2.728160        nan
  2.729038        nan
  2.729916        nan
  2.730794        nan
  2.731672        nan
  2.732551        nan
  2.733429        nan
  2.734307        nan
  2.735185        nan
  2.736063        nan
  2.736941        nan
  2.737820        nan
  2.738698        nan
  2.739576        nan
  2.740454        nan
  2.741332        nan
  2.742210        nan
  2.743089        nan
  2.743967        nan
  2.744845        nan
  2.745723        nan
  2.746601        nan
  2.747479        nan
  2.748358        nan
  2.749236        nan
  2.750114        nan
  2.750992        nan
  2.751870        nan
  2.752749        nan
  2.753627        nan
  2.754505        nan
  2.755383        nan
  2.756261        nan
  2.757139        nan
  2.758018        nan
  2.758896        nan
  2.759774        nan
  2.760652        nan
  2.761530        nan
  2.762408        nan
  2.763287        nan
  2.764165        nan
  2.765043        nan
  2.765921        nan
  2.766799        nan
  2.767678        nan
  2.768556        nan
  2.769434        nan
  2.770312        nan
  2.771190        nan
  2.772068        nan
  2.772947        nan
  2.773825        nan
  2.774703        nan
  2.775581        nan
  2.776459        nan
  2.777337        nan
  2.778216        nan
  2.779094        nan
  2.779972        nan
  2.780850        nan
  2.781728        nan
  2.782607        nan
  2.783485        nan
  2.784363        nan
  2.785241        nan
  2.786119        nan
  2.786997        nan
  2.787876        nan
  2.788754        nan
  2.789632        nan
  2.790510        nan
  2.791388        nan
  2.792266        nan
  2.793145        nan
  2.794023        nan
  2.794901        nan
  2.795779        nan
  2.796657        nan
  2.797536        nan
  2.798414        nan
  2.799292        nan
  2.800170        nan
  2.801048        nan
  2.801926        nan
  2.802805        nan
  2.803683        nan
  2.804561        nan
  2.805439        nan
  2.806317        nan
  2.807195        nan
  2.808074        nan
  2.808952        nan
  2.809830        nan
  2.810708        nan
  2.811586        nan
  2.812464        nan
  2.813343        nan
  2.814221        nan
  2.815099        nan
  2.815977        nan
  2.816855        nan
  2.817734        nan
  2.818612        nan
  2.819490        nan
  2.820368        nan
  2.821246        nan
  2.822124        nan
  2.823003        nan
  2.823881        nan
  2.824759        nan
  2.825637        nan
  2.826515        nan
  2.827393        nan
  2.828272        nan
  2.829150        nan
  2.830028        nan
  2.830906        nan
  2.831784        nan
  2.832663        nan
  2.833541        nan
  2.834419        nan
  2.835297        nan
  2.836175        nan
  2.837053        nan
  2.837932        nan
  2.838810        nan
  2.839688        nan
  2.840566        nan
  2.841444        nan
  2.842322        nan
  2.843201        nan
  2.844079        nan
  2.844957        nan
  2.845835        nan
  2.846713        nan
  2.847592        nan
  2.848470        nan
  2.849348        nan
  2.850226        nan
  2.851104        nan
  2.851982        nan
  2.852861        nan
  2.853739        nan
  2.854617        nan
  2.855495        nan
  2.856373        nan
  2.857251        nan
  2.858130        nan
  2.859008        nan
  2.859886        nan
  2.860764        nan
  2.861642        nan
  2.862521        nan
  2.863399        nan
  2.864277        nan
  2.865155        nan
  2.866033        nan
  2.866911        nan
  2.867790        nan
  2.868668        nan
  2.869546        nan
  2.870424        nan
  2.871302        nan
  2.872180        nan
  2.873059        nan
  2.873937        nan
  2.874815        nan
  2.875693        nan
  2.876571        nan
  2.877449        nan
  2.878328        nan
  2.879206        nan
  2.880084        nan
  2.880962        nan
  2.881840        nan
  2.882719        nan
  2.883597        nan
  2.884475        nan
  2.885353        nan
  2.886231        nan
  2.887109        nan
  2.887988        nan
  2.888866        nan
  2.889744        nan
  2.890622        nan
  2.891500        nan
  2.892378        nan
  2.893257        nan
  2.894135        nan
  2.895013        nan
  2.895891        nan
  2.896769        nan
  2.897648        nan
  2.898526        nan
  2.899404        nan
  2.900282        nan
  2.901160        nan
  2.902038        nan
  2.902917        nan
  2.903795        nan
  2.904673        nan
  2.905551        nan
  2.906429        nan
  2.907307        nan
  2.908186        nan
  2.909064        nan
  2.909942        nan
  2.910820        nan
  2.911698        nan
  2.912577        nan
  2.913455        nan
  2.914333        nan
  2.915211        nan
  2.916089        nan
  2.916967        nan
  2.917846        nan
  2.918724        nan
  2.919602        nan
  2.920480        nan
  2.921358        nan
  2.922236        nan
  2.923115        nan
  2.923993        nan
  2.924871        nan
  2.925749        nan
  2.926627        nan
  2.927506        nan
  2.928384        nan
  2.929262        nan
  2.930140        nan
  2.931018        nan
  2.931896        nan
  2.932775        nan
  2.933653        nan
  2.934531        nan
  2.935409        nan
  2.936287        nan
  2.937165        nan
  2.938044        nan
  2.938922        nan
  2.939800        nan
  2.940678        nan
  2.941556        nan
  2.942434        nan
  2.943313        nan
  2.944191        nan
  2.945069        nan
  2.945947        nan
  2.946825        nan
  2.947704        nan
  2.948582        nan
  2.949460        nan
  2.950338        nan
  2.951216        nan
  2.952094        nan
  2.952973        nan
  2.953851        nan
  2.954729        nan
  2.955607        nan
  2.956485        nan
  2.957363        nan
  2.958242        nan
  2.959120        nan
  2.959998        nan
  2.960876        nan
  2.961754        nan
  2.962633        nan
  2.963511        nan
  2.964389        nan
  2.965267        nan
  2.966145        nan
  2.967023        nan
  2.967902        nan
  2.968780        nan
  2.969658        nan
  2.970536        nan
  2.971414        nan
  2.972292        nan
  2.973171        nan
  2.974049        nan
  2.974927        nan
  2.975805        nan
  2.976683        nan
  2.977562        nan
  2.978440        nan
  2.979318        nan
  2.980196        nan
  2.981074        nan
  2.981952        nan
  2.982831        nan
  2.983709        nan
  2.984587        nan
  2.985465        nan
  2.986343        nan
  2.987221        nan
  2.988100        nan
  2.988978        nan
  2.989856        nan
  2.990734        nan
  2.991612        nan
  2.992490        nan
  2.993369        nan
  2.994247        nan
  2.995125        nan
  2.996003        nan
  2.996881        nan
  2.997760        nan
  2.998638        nan
  2.999516        nan
  3.000394        nan
  3.001272        nan
  3.002150        nan
  3.003029        nan
  3.003907        nan
  3.004785        nan
  3.005663        nan
  3.006541        nan
  3.007419        nan
  3.008298        nan
  3.009176        nan
  3.010054        nan
  3.010932        nan
  3.011810        nan
  3.012689        nan
  3.013567        nan
  3.014445        nan
  3.015323        nan
  3.016201        nan
  3.017079        nan
  3.017958        nan
  3.018836        nan
  3.019714        nan
  3.020592        nan
  3.021470        nan
  3.022348        nan
  3.023227        nan
  3.024105        nan
  3.024983        nan
  3.025861        nan
  3.026739        nan
  3.027618        nan
  3.028496        nan
  3.029374        nan
  3.030252        nan
  3.031130        nan
  3.032008        nan
  3.032887        nan
  3.033765        nan
  3.034643        nan
  3.035521        nan
  3.036399        nan
  3.037277        nan
  3.038156        nan
  3.039034        nan
  3.039912        nan
  3.040790        nan
  3.041668        nan
  3.042547        nan
  3.043425        nan
  3.044303        nan
  3.045181        nan
  3.046059        nan
  3.046937        nan
  3.047816        nan
  3.048694        nan
  3.049572        nan
  3.050450        nan
  3.051328        nan
  3.052206        nan
  3.053085        nan
  3.053963        nan
  3.054841        nan
  3.055719        nan
  3.056597        nan
  3.057475        nan
  3.058354        nan
  3.059232        nan
  3.060110        nan
  3.060988        nan
  3.061866        nan
  3.062745        nan
  3.063623        nan
  3.064501        nan
  3.065379        nan
  3.066257        nan
  3.067135        nan
  3.068014        nan
  3.068892        nan
  3.069770        nan
  3.070648        nan
  3.071526        nan
  3.072404        nan
  3.073283        nan
  3.074161        nan
  3.075039        nan
  3.075917        nan
  3.076795        nan
  3.077674        nan
  3.078552        nan
  3.079430        nan
  3.080308        nan
  3.081186        nan
  3.082064        nan
  3.082943        nan
  3.083821        nan
  3.084699        nan
  3.085577        nan
  3.086455        nan
  3.087333        nan
  3.088212        nan
  3.089090        nan
  3.089968        nan
  3.090846        nan
  3.091724        nan
  3.092603        nan
  3.093481        nan
  3.094359        nan
  3.095237        nan
  3.096115        nan
  3.096993        nan
  3.097872        nan
  3.098750        nan
  3.099628        nan
  3.100506        nan
  3.101384        nan
  3.102262        nan
  3.103141        nan
  3.104019        nan
  3.104897        nan
  3.105775        nan
  3.106653        nan
  3.107532        nan
  3.108410        nan
  3.109288        nan
  3.110166        nan
  3.111044        nan
  3.111922        nan
  3.112801        nan
  3.113679        nan
  3.114557        nan
  3.115435        nan
  3.116313        nan
  3.117191        nan
  3.118070        nan
  3.118948        nan
  3.119826        nan
  3.120704        nan
  3.121582        nan
  3.122460        nan
  3.123339        nan
  3.124217        nan
  3.125095        nan
  3.125973        nan
  3.126851        nan
  3.127730        nan
  3.128608        nan
  3.129486        nan
  3.130364        nan
  3.131242        nan
  3.132120        nan
  3.132999        nan
  3.133877        nan
  3.134755        nan
  3.135633        nan
  3.136511        nan
  3.137389        nan
  3.138268        nan
  3.139146        nan
  3.140024        nan
  3.140902        nan
  3.141780        nan
  3.142659        nan
  3.143537        nan
  3.144415        nan
  3.145293        nan
  3.146171        nan
  3.147049        nan
  3.147928        nan
  3.148806        nan
  3.149684        nan
  3.150562        nan
  3.151440        nan
  3.152318        nan
  3.153197        nan
  3.154075        nan
  3.154953        nan
  3.155831        nan
  3.156709        nan
  3.157588        nan
  3.158466        nan
  3.159344        nan
  3.160222        nan
  3.161100        nan
  3.161978        nan
  3.162857        nan
  3.163735        nan
  3.164613        nan
  3.165491        nan
  3.166369        nan
  3.167247        nan
  3.168126        nan
  3.169004        nan
  3.169882        nan
  3.170760        nan
  3.171638        nan
  3.172517        nan
  3.173395        nan
  3.174273        nan
  3.175151        nan
  3.176029        nan
  3.176907        nan
  3.177786        nan
  3.178664        nan
  3.179542        nan
  3.180420        nan
  3.181298        nan
  3.182176        nan
  3.183055        nan
  3.183933        nan
  3.184811        nan
  3.185689        nan
  3.186567        nan
  3.187445        nan
  3.188324        nan
  3.189202        nan
  3.190080        nan
  3.190958        nan
  3.191836        nan
  3.192715        nan
  3.193593        nan
  3.194471        nan
  3.195349        nan
  3.196227        nan
  3.197105        nan
  3.197984        nan
  3.198862        nan
  3.199740        nan
  3.200618        nan
  3.201496        nan
  3.202374        nan
  3.203253        nan
  3.204131        nan
  3.205009        nan
  3.205887        nan
  3.206765        nan
  3.207644        nan
  3.208522        nan
  3.209400        nan
  3.210278        nan
  3.211156        nan
  3.212034        nan
  3.212913        nan
  3.213791        nan
  3.214669        nan
  3.215547        nan
  3.216425        nan
  3.217303        nan
  3.218182        nan
  3.219060        nan
  3.219938        nan
  3.220816        nan
  3.221694        nan
  3.222573        nan
  3.223451        nan
  3.224329        nan
  3.225207        nan
  3.226085        nan
  3.226963        nan
  3.227842        nan
  3.228720        nan
  3.229598        nan
  3.230476        nan
  3.231354        nan
  3.232232        nan
  3.233111        nan
  3.233989        nan
  3.234867        nan
  3.235745        nan
  3.236623        nan
  3.237502        nan
  3.238380        nan
  3.239258        nan
  3.240136        nan
  3.241014        nan
  3.241892        nan
  3.242771        nan
  3.243649        nan
  3.244527        nan
  3.245405        nan
  3.246283        nan
  3.247161        nan
  3.248040        nan
  3.248918        nan
  3.249796        nan
  3.250674        nan
  3.251552        nan
  3.252430        nan
  3.253309        nan
  3.254187        nan
  3.255065        nan
  3.255943        nan
  3.256821        nan
  3.257700        nan
  3.258578        nan
  3.259456        nan
  3.260334        nan
  3.261212        nan
  3.262090        nan
  3.262969        nan
  3.263847        nan
  3.264725        nan
  3.265603        nan
  3.266481        nan
  3.267359        nan
  3.268238        nan
  3.269116        nan
  3.269994        nan
  3.270872        nan
  3.271750        nan
  3.272629        nan
  3.273507        nan
  3.274385        nan
  3.275263        nan
  3.276141        nan
  3.277019        nan
  3.277898        nan
  3.278776        nan
  3.279654        nan
  3.280532        nan
  3.281410        nan
  3.282288        nan
  3.283167        nan
  3.284045        nan
  3.284923        nan
  3.285801        nan
  3.286679        nan
  3.287558        nan
  3.288436        nan
  3.289314        nan
  3.290192        nan
  3.291070        nan
  3.291948        nan
  3.292827        nan
  3.293705        nan
  3.294583        nan
  3.295461        nan
  3.296339        nan
  3.297217        nan
  3.298096        nan
  3.298974        nan
  3.299852        nan
  3.300730        nan
  3.301608        nan
  3.302486        nan
  3.303365        nan
  3.304243        nan
  3.305121        nan
  3.305999        nan
  3.306877        nan
  3.307756        nan
  3.308634        nan
  3.309512        nan
  3.310390        nan
  3.311268        nan
  3.312146        nan
  3.313025        nan
  3.313903        nan
  3.314781        nan
  3.315659        nan
  3.316537        nan
  3.317415        nan
  3.318294        nan
  3.319172        nan
  3.320050        nan
  3.320928        nan
  3.321806        nan
  3.322685        nan
  3.323563        nan
  3.324441        nan
  3.325319        nan
  3.326197        nan
  3.327075        nan
  3.327954        nan
  3.328832        nan
  3.329710        nan
  3.330588        nan
  3.331466        nan
  3.332344        nan
  3.333223        nan
  3.334101        nan
  3.334979        nan
  3.335857        nan
  3.336735        nan
  3.337614        nan
  3.338492        nan
  3.339370        nan
  3.340248        nan
  3.341126        nan
  3.342004        nan
  3.342883        nan
  3.343761        nan
  3.344639        nan
  3.345517        nan
  3.346395        nan
  3.347273        nan
  3.348152        nan
  3.349030        nan
  3.349908        nan
  3.350786        nan
  3.351664        nan
  3.352543        nan
  3.353421        nan
  3.354299        nan
  3.355177        nan
  3.356055        nan
  3.356933        nan
  3.357812        nan
  3.358690        nan
  3.359568        nan
  3.360446        nan
  3.361324        nan
  3.362202        nan
  3.363081        nan
  3.363959        nan
  3.364837        nan
  3.365715        nan
  3.366593        nan
  3.367471        nan
  3.368350        nan
  3.369228        nan
  3.370106        nan
  3.370984        nan
  3.371862        nan
  3.372741        nan
  3.373619        nan
  3.374497        nan
  3.375375        nan
  3.376253        nan
  3.377131        nan
  3.378010        nan
  3.378888        nan
  3.379766        nan
  3.380644        nan
  3.381522        nan
  3.382400        nan
  3.383279        nan
  3.384157        nan
  3.385035        nan
  3.385913        nan
  3.386791        nan
  3.387670        nan
  3.388548        nan
  3.389426        nan
  3.390304        nan
  3.391182        nan
  3.392060        nan
  3.392939        nan
  3.393817        nan
  3.394695        nan
  3.395573        nan
  3.396451        nan
  3.397329        nan
  3.398208        nan
  3.399086        nan
  3.399964        nan
  3.400842        nan
  3.401720        nan
  3.402599        nan
  3.403477        nan
  3.404355        nan
  3.405233        nan
  3.406111        nan
  3.406989        nan
  3.407868        nan
  3.408746        nan
  3.409624        nan
  3.410502        nan
  3.411380        nan
  3.412258        nan
  3.413137        nan
  3.414015        nan
  3.414893        nan
  3.415771        nan
  3.416649        nan
  3.417528        nan
  3.418406        nan
  3.419284        nan
  3.420162        nan
  3.421040        nan
  3.421918        nan
  3.422797        nan
  3.423675        nan
  3.424553        nan
  3.425431        nan
  3.426309        nan
  3.427187        nan
  3.428066        nan
  3.428944        nan
  3.429822        nan
  3.430700        nan
  3.431578        nan
  3.432456        nan
  3.433335        nan
  3.434213        nan
  3.435091        nan
  3.435969        nan
  3.436847        nan
  3.437726        nan
  3.438604        nan
  3.439482        nan
  3.440360        nan
  3.441238        nan
  3.442116        nan
  3.442995        nan
  3.443873        nan
  3.444751        nan
  3.445629        nan
  3.446507        nan
  3.447385        nan
  3.448264        nan
  3.449142        nan
  3.450020        nan
  3.450898        nan
  3.451776        nan
  3.452655        nan
  3.453533        nan
  3.454411        nan
  3.455289        nan
  3.456167        nan
  3.457045        nan
  3.457924        nan
  3.458802        nan
  3.459680        nan
  3.460558        nan
  3.461436        nan
  3.462314        nan
  3.463193        nan
  3.464071        nan
  3.464949        nan
  3.465827        nan
  3.466705        nan
  3.467584        nan
  3.468462        nan
  3.469340        nan
  3.470218        nan
  3.471096        nan
  3.471974        nan
  3.472853        nan
  3.473731        nan
  3.474609        nan
  3.475487        nan
  3.476365        nan
  3.477243        nan
  3.478122        nan
  3.479000        nan
  3.479878        nan
  3.480756        nan
  3.481634        nan
  3.482513        nan
  3.483391        nan
  3.484269        nan
  3.485147        nan
  3.486025        nan
  3.486903        nan
  3.487782        nan
  3.488660        nan
  3.489538        nan
  3.490416        nan
  3.491294        nan
  3.492172        nan
  3.493051        nan
  3.493929        nan
  3.494807        nan
  3.495685        nan
  3.496563        nan
  3.497441        nan
  3.498320        nan
  3.499198        nan
  3.500076        nan
  3.500954        nan
  3.501832        nan
  3.502711        nan
  3.503589        nan
  3.504467        nan
  3.505345        nan
  3.506223        nan
  3.507101        nan
  3.507980        nan
  3.508858        nan
  3.509736        nan
  3.510614        nan
  3.511492        nan
  3.512370        nan
  3.513249        nan
  3.514127        nan
  3.515005        nan
  3.515883        nan
  3.516761        nan
  3.517640        nan
  3.518518        nan
  3.519396        nan
  3.520274        nan
  3.521152        nan
  3.522030        nan
  3.522909        nan
  3.523787        nan
  3.524665        nan
  3.525543        nan
  3.526421        nan
  3.527299        nan
  3.528178        nan
  3.529056        nan
  3.529934        nan
  3.530812        nan
  3.531690        nan
  3.532569        nan
  3.533447        nan
  3.534325        nan
  3.535203        nan
  3.536081        nan
  3.536959        nan
  3.537838        nan
  3.538716        nan
  3.539594        nan
  3.540472        nan
  3.541350        nan
  3.542228        nan
  3.543107        nan
  3.543985        nan
  3.544863        nan
  3.545741        nan
  3.546619        nan
  3.547497        nan
  3.548376        nan
  3.549254        nan
  3.550132        nan
  3.551010        nan
  3.551888        nan
  3.552767        nan
  3.553645        nan
  3.554523        nan
  3.555401        nan
  3.556279        nan
  3.557157        nan
  3.558036        nan
  3.558914        nan
  3.559792        nan
  3.560670        nan
  3.561548        nan
  3.562426        nan
  3.563305        nan
  3.564183        nan
  3.565061        nan
  3.565939        nan
  3.566817        nan
  3.567696        nan
  3.568574        nan
  3.569452        nan
  3.570330        nan
  3.571208        nan
  3.572086        nan
  3.572965        nan
  3.573843        nan
  3.574721        nan
  3.575599        nan
  3.576477        nan
  3.577355        nan
  3.578234        nan
  3.579112        nan
  3.579990        nan
  3.580868        nan
  3.581746        nan
  3.582625        nan
  3.583503        nan
  3.584381        nan
  3.585259        nan
  3.586137        nan
  3.587015        nan
  3.587894        nan
  3.588772        nan
  3.589650        nan
  3.590528        nan
  3.591406        nan
  3.592284        nan
  3.593163        nan
  3.594041        nan
  3.594919        nan
  3.595797        nan
  3.596675        nan
  3.597554        nan
  3.598432        nan
  3.599310        nan
  3.600188        nan
  3.601066        nan
  3.601944        nan
  3.602823        nan
  3.603701        nan
  3.604579        nan
  3.605457        nan
  3.606335        nan
  3.607213        nan
  3.608092        nan
  3.608970        nan
  3.609848        nan
  3.610726        nan
  3.611604        nan
  3.612482        nan
  3.613361        nan
  3.614239        nan
  3.615117        nan
  3.615995        nan
  3.616873        nan
  3.617752        nan
  3.618630        nan
  3.619508        nan
  3.620386        nan
  3.621264        nan
  3.622142        nan
  3.623021        nan
  3.623899        nan
  3.624777        nan
  3.625655        nan
  3.626533        nan
  3.627411        nan
  3.628290        nan
  3.629168        nan
  3.630046        nan
  3.630924        nan
  3.631802        nan
  3.632681        nan
  3.633559        nan
  3.634437        nan
  3.635315        nan
  3.636193        nan
  3.637071        nan
  3.637950        nan
  3.638828        nan
  3.639706        nan
  3.640584        nan
  3.641462        nan
  3.642340        nan
  3.643219        nan
  3.644097        nan
  3.644975        nan
  3.645853        nan
  3.646731        nan
  3.647610        nan
  3.648488        nan
  3.649366        nan
  3.650244        nan
  3.651122        nan
  3.652000        nan
  3.652879        nan
  3.653757        nan
  3.654635        nan
  3.655513        nan
  3.656391        nan
  3.657269        nan
  3.658148        nan
  3.659026        nan
  3.659904        nan
  3.660782        nan
  3.661660        nan
  3.662539        nan
  3.663417        nan
  3.664295        nan
  3.665173        nan
  3.666051        nan
  3.666929        nan
  3.667808        nan
  3.668686        nan
  3.669564        nan
  3.670442        nan
  3.671320        nan
  3.672198        nan
  3.673077        nan
  3.673955        nan
  3.674833        nan
  3.675711        nan
  3.676589        nan
  3.677467        nan
  3.678346        nan
  3.679224        nan
  3.680102        nan
  3.680980        nan
  3.681858        nan
  3.682737        nan
  3.683615        nan
  3.684493        nan
  3.685371        nan
  3.686249        nan
  3.687127        nan
  3.688006        nan
  3.688884        nan
  3.689762        nan
  3.690640        nan
  3.691518        nan
  3.692396        nan
  3.693275        nan
  3.694153        nan
  3.695031        nan
  3.695909        nan
  3.696787        nan
  3.697666        nan
  3.698544        nan
  3.699422        nan
  3.700300        nan
  3.701178        nan
  3.702056        nan
  3.702935        nan
  3.703813        nan
  3.704691        nan
  3.705569        nan
  3.706447        nan
  3.707325        nan
  3.708204        nan
  3.709082        nan
  3.709960        nan
  3.710838        nan
  3.711716        nan
  3.712595        nan
  3.713473        nan
  3.714351        nan
  3.715229        nan
  3.716107        nan
  3.716985        nan
  3.717864        nan
  3.718742        nan
  3.719620        nan
  3.720498        nan
  3.721376        nan
  3.722254        nan
  3.723133        nan
  3.724011        nan
  3.724889        nan
  3.725767        nan
  3.726645        nan
  3.727524        nan
  3.728402        nan
  3.729280        nan
  3.730158        nan
  3.731036        nan
  3.731914        nan
  3.732793        nan
  3.733671        nan
  3.734549        nan
  3.735427        nan
  3.736305        nan
  3.737183        nan
  3.738062        nan
  3.738940        nan
  3.739818        nan
  3.740696        nan
  3.741574        nan
  3.742452        nan
  3.743331        nan
  3.744209        nan
  3.745087        nan
  3.745965        nan
  3.746843        nan
  3.747722        nan
  3.748600        nan
  3.749478        nan
  3.750356        nan
  3.751234        nan
  3.752112        nan
  3.752991        nan
  3.753869        nan
  3.754747        nan
  3.755625        nan
  3.756503        nan
  3.757381        nan
  3.758260        nan
  3.759138        nan
  3.760016        nan
  3.760894        nan
  3.761772        nan
  3.762651        nan
  3.763529        nan
  3.764407        nan
  3.765285        nan
  3.766163        nan
  3.767041        nan
  3.767920        nan
  3.768798        nan
  3.769676        nan
  3.770554        nan
  3.771432        nan
  3.772310        nan
  3.773189        nan
  3.774067        nan
  3.774945        nan
  3.775823        nan
  3.776701        nan
  3.777580        nan
  3.778458        nan
  3.779336        nan
  3.780214        nan
  3.781092        nan
  3.781970        nan
  3.782849        nan
  3.783727        nan
  3.784605        nan
  3.785483        nan
  3.786361        nan
  3.787239        nan
  3.788118        nan
  3.788996        nan
  3.789874        nan
  3.790752        nan
  3.791630        nan
  3.792509        nan
  3.793387        nan
  3.794265        nan
  3.795143        nan
  3.796021        nan
  3.796899        nan
  3.797778        nan
  3.798656        nan
  3.799534        nan
  3.800412        nan
  3.801290        nan
  3.802168        nan
  3.803047        nan
  3.803925        nan
  3.804803        nan
  3.805681        nan
  3.806559        nan
  3.807437        nan
  3.808316        nan
  3.809194        nan
  3.810072        nan
  3.810950        nan
  3.811828        nan
  3.812707        nan
  3.813585        nan
  3.814463        nan
  3.815341        nan
  3.816219        nan
  3.817097        nan
  3.817976        nan
  3.818854        nan
  3.819732        nan
  3.820610        nan
  3.821488        nan
  3.822366        nan
  3.823245        nan
  3.824123        nan
  3.825001        nan
  3.825879        nan
  3.826757        nan
  3.827636        nan
  3.828514        nan
  3.829392        nan
  3.830270        nan
  3.831148        nan
  3.832026        nan
  3.832905        nan
  3.833783        nan
  3.834661        nan
  3.835539        nan
  3.836417        nan
  3.837295        nan
  3.838174        nan
  3.839052        nan
  3.839930        nan
  3.840808        nan
  3.841686        nan
  3.842565        nan
  3.843443        nan
  3.844321        nan
  3.845199        nan
  3.846077        nan
  3.846955        nan
  3.847834        nan
  3.848712        nan
  3.849590        nan
  3.850468        nan
  3.851346        nan
  3.852224        nan
  3.853103        nan
  3.853981        nan
  3.854859        nan
  3.855737        nan
  3.856615        nan
  3.857493        nan
  3.858372        nan
  3.859250        nan
  3.860128        nan
  3.861006        nan
  3.861884        nan
  3.862763        nan
  3.863641        nan
  3.864519        nan
  3.865397        nan
  3.866275        nan
  3.867153        nan
  3.868032        nan
  3.868910        nan
  3.869788        nan
  3.870666        nan
  3.871544        nan
  3.872422        nan
  3.873301        nan
  3.874179        nan
  3.875057        nan
  3.875935        nan
  3.876813        nan
  3.877692        nan
  3.878570        nan
  3.879448        nan
  3.880326        nan
  3.881204        nan
  3.882082        nan
  3.882961        nan
  3.883839        nan
  3.884717        nan
  3.885595        nan
  3.886473        nan
  3.887351        nan
  3.888230        nan
  3.889108        nan
  3.889986        nan
  3.890864        nan
  3.891742        nan
  3.892621        nan
  3.893499        nan
  3.894377        nan
  3.895255        nan
  3.896133        nan
  3.897011        nan
  3.897890        nan
  3.898768        nan
  3.899646        nan
  3.900524        nan
  3.901402        nan
  3.902280        nan
  3.903159        nan
  3.904037        nan
  3.904915        nan
  3.905793        nan
  3.906671        nan
  3.907550        nan
  3.908428        nan
  3.909306        nan
  3.910184        nan
  3.911062        nan
  3.911940        nan
  3.912819        nan
  3.913697        nan
  3.914575        nan
  3.915453        nan
  3.916331        nan
  3.917209        nan
  3.918088        nan
  3.918966        nan
  3.919844        nan
  3.920722        nan
  3.921600        nan
  3.922478        nan
  3.923357        nan
  3.924235        nan
  3.925113        nan
  3.925991        nan
  3.926869        nan
  3.927748        nan
  3.928626        nan
  3.929504        nan
  3.930382        nan
  3.931260        nan
  3.932138        nan
  3.933017        nan
  3.933895        nan
  3.934773        nan
  3.935651        nan
  3.936529        nan
  3.937407        nan
  3.938286        nan
  3.939164        nan
  3.940042        nan
  3.940920        nan
  3.941798        nan
  3.942677        nan
  3.943555        nan
  3.944433        nan
  3.945311        nan
  3.946189        nan
  3.947067        nan
  3.947946        nan
  3.948824        nan
  3.949702        nan
  3.950580        nan
  3.951458        nan
  3.952336        nan
  3.953215        nan
  3.954093        nan
  3.954971        nan
  3.955849        nan
  3.956727        nan
  3.957606        nan
  3.958484        nan
  3.959362        nan
  3.960240        nan
  3.961118        nan
  3.961996        nan
  3.962875        nan
  3.963753        nan
  3.964631        nan
  3.965509        nan
  3.966387        nan
  3.967265        nan
  3.968144        nan
  3.969022        nan
  3.969900        nan
  3.970778        nan
  3.971656        nan
  3.972535        nan
  3.973413        nan
  3.974291        nan
  3.975169        nan
  3.976047        nan
  3.976925        nan
  3.977804        nan
  3.978682        nan
  3.979560        nan
  3.980438        nan
  3.981316        nan
  3.982194        nan
  3.983073        nan
  3.983951        nan
  3.984829        nan
  3.985707        nan
  3.986585        nan
  3.987463        nan
  3.988342        nan
  3.989220        nan
  3.990098        nan
  3.990976        nan
  3.991854        nan
  3.992733        nan
  3.993611        nan
  3.994489        nan
  3.995367        nan
  3.996245        nan
  3.997123        nan
  3.998002        nan
  3.998880        nan
  3.999758        nan
  4.000636        nan
  4.001514        nan
  4.002392        nan
  4.003271        nan
  4.004149        nan
  4.005027        nan
  4.005905        nan
  4.006783        nan
  4.007662        nan
  4.008540        nan
  4.009418        nan
  4.010296        nan
  4.011174        nan
  4.012052        nan
  4.012931        nan
  4.013809        nan
  4.014687        nan
  4.015565        nan
  4.016443        nan
  4.017321        nan
  4.018200        nan
  4.019078        nan
  4.019956        nan
  4.020834        nan
  4.021712        nan
  4.022591        nan
  4.023469        nan
  4.024347        nan
  4.025225        nan
  4.026103        nan
  4.026981        nan
  4.027860        nan
  4.028738        nan
  4.029616        nan
  4.030494        nan
  4.031372        nan
  4.032250        nan
  4.033129        nan
  4.034007        nan
  4.034885        nan
  4.035763        nan
  4.036641        nan
  4.037520        nan
  4.038398        nan
  4.039276        nan
  4.040154        nan
  4.041032        nan
  4.041910        nan
  4.042789        nan
  4.043667        nan
  4.044545        nan
  4.045423        nan
  4.046301        nan
  4.047179        nan
  4.048058        nan
  4.048936        nan
  4.049814        nan
  4.050692        nan
  4.051570        nan
  4.052448        nan
  4.053327        nan
  4.054205        nan
  4.055083        nan
  4.055961        nan
  4.056839        nan
  4.057718        nan
  4.058596        nan
  4.059474        nan
  4.060352        nan
  4.061230        nan
  4.062108        nan
  4.062987        nan
  4.063865        nan
  4.064743        nan
  4.065621        nan
  4.066499        nan
  4.067377        nan
  4.068256        nan
  4.069134        nan
  4.070012        nan
  4.070890        nan
  4.071768        nan
  4.072647        nan
  4.073525        nan
  4.074403        nan
  4.075281        nan
  4.076159        nan
  4.077037        nan
  4.077916        nan
  4.078794        nan
  4.079672        nan
  4.080550        nan
  4.081428        nan
  4.082306        nan
  4.083185        nan
  4.084063        nan
  4.084941        nan
  4.085819        nan
  4.086697        nan
  4.087576        nan
  4.088454        nan
  4.089332        nan
  4.090210        nan
  4.091088        nan
  4.091966        nan
  4.092845        nan
  4.093723        nan
  4.094601        nan
  4.095479        nan
  4.096357        nan
  4.097235        nan
  4.098114        nan
  4.098992        nan
  4.099870        nan
  4.100748        nan
  4.101626        nan
  4.102505        nan
  4.103383        nan
  4.104261        nan
  4.105139        nan
  4.106017        nan
  4.106895        nan
  4.107774        nan
  4.108652        nan
  4.109530        nan
  4.110408        nan
  4.111286        nan
  4.112164        nan
  4.113043        nan
  4.113921        nan
  4.114799        nan
  4.115677        nan
  4.116555        nan
  4.117433        nan
  4.118312        nan
  4.119190        nan
  4.120068        nan
  4.120946        nan
  4.121824        nan
  4.122703        nan
  4.123581        nan
  4.124459        nan
  4.125337        nan
  4.126215        nan
  4.127093        nan
  4.127972        nan
  4.128850        nan
  4.129728        nan
  4.130606        nan
  4.131484        nan
  4.132362        nan
  4.133241        nan
  4.134119        nan
  4.134997        nan
  4.135875        nan
  4.136753        nan
  4.137632        nan
  4.138510        nan
  4.139388        nan
  4.140266        nan
  4.141144        nan
  4.142022        nan
  4.142901        nan
  4.143779        nan
  4.144657        nan
  4.145535        nan
  4.146413        nan
  4.147291        nan
  4.148170        nan
  4.149048        nan
  4.149926        nan
  4.150804        nan
  4.151682        nan
  4.152561        nan
  4.153439        nan
  4.154317        nan
  4.155195        nan
  4.156073        nan
  4.156951        nan
  4.157830        nan
  4.158708        nan
  4.159586        nan
  4.160464        nan
  4.161342        nan
  4.162220        nan
  4.163099        nan
  4.163977        nan
  4.164855        nan
  4.165733        nan
  4.166611        nan
  4.167489        nan
  4.168368        nan
  4.169246        nan
  4.170124        nan
  4.171002        nan
  4.171880        nan
  4.172759        nan
  4.173637        nan
  4.174515        nan
  4.175393        nan
  4.176271        nan
  4.177149        nan
  4.178028        nan
  4.178906        nan
  4.179784        nan
  4.180662        nan
  4.181540        nan
  4.182418        nan
  4.183297        nan
  4.184175        nan
  4.185053        nan
  4.185931        nan
  4.186809        nan
  4.187688        nan
  4.188566        nan
  4.189444        nan
  4.190322        nan
  4.191200        nan
  4.192078        nan
  4.192957        nan
  4.193835        nan
  4.194713        nan
  4.195591        nan
  4.196469        nan
  4.197347        nan
  4.198226        nan
  4.199104        nan
  4.199982        nan
  4.200860        nan
  4.201738        nan
  4.202617        nan
  4.203495        nan
  4.204373        nan
  4.205251        nan
  4.206129        nan
  4.207007        nan
  4.207886        nan
  4.208764        nan
  4.209642        nan
  4.210520        nan
  4.211398        nan
  4.212276        nan
  4.213155        nan
  4.214033        nan
  4.214911        nan
  4.215789        nan
  4.216667        nan
  4.217546        nan
  4.218424        nan
  4.219302        nan
  4.220180        nan
  4.221058        nan
  4.221936        nan
  4.222815        nan
  4.223693        nan
  4.224571        nan
  4.225449        nan
  4.226327        nan
  4.227205        nan
  4.228084        nan
  4.228962        nan
  4.229840        nan
  4.230718        nan
  4.231596        nan
  4.232474        nan
  4.233353        nan
  4.234231        nan
  4.235109        nan
  4.235987        nan
  4.236865        nan
  4.237744        nan
  4.238622        nan
  4.239500        nan
  4.240378        nan
  4.241256        nan
  4.242134        nan
  4.243013        nan
  4.243891        nan
  4.244769        nan
  4.245647        nan
  4.246525        nan
  4.247403        nan
  4.248282        nan
  4.249160        nan
  4.250038        nan
  4.250916        nan
  4.251794        nan
  4.252673        nan
  4.253551        nan
  4.254429        nan
  4.255307        nan
  4.256185        nan
  4.257063        nan
  4.257942        nan
  4.258820        nan
  4.259698        nan
  4.260576        nan
  4.261454        nan
  4.262332        nan
  4.263211        nan
  4.264089        nan
  4.264967        nan
  4.265845        nan
  4.266723        nan
  4.267602        nan
  4.268480        nan
  4.269358        nan
  4.270236        nan
  4.271114        nan
  4.271992        nan
  4.272871        nan
  4.273749        nan
  4.274627        nan
  4.275505        nan
  4.276383        nan
  4.277261        nan
  4.278140        nan
  4.279018        nan
  4.279896        nan
  4.280774        nan
  4.281652        nan
  4.282531        nan
  4.283409        nan
  4.284287        nan
  4.285165        nan
  4.286043        nan
  4.286921        nan
  4.287800        nan
  4.288678        nan
  4.289556        nan
  4.290434        nan
  4.291312        nan
  4.292190        nan
  4.293069        nan
  4.293947        nan
  4.294825        nan
  4.295703        nan
  4.296581        nan
  4.297459        nan
  4.298338        nan
  4.299216        nan
  4.300094        nan
  4.300972        nan
  4.301850        nan
  4.302729        nan
  4.303607        nan
  4.304485        nan
  4.305363        nan
  4.306241        nan
  4.307119        nan
  4.307998        nan
  4.308876        nan
  4.309754        nan
  4.310632        nan
  4.311510        nan
  4.312388        nan
  4.313267        nan
  4.314145        nan
  4.315023        nan
  4.315901        nan
  4.316779        nan
  4.317658        nan
  4.318536        nan
  4.319414        nan
  4.320292        nan
  4.321170        nan
  4.322048        nan
  4.322927        nan
  4.323805        nan
  4.324683        nan
  4.325561        nan
  4.326439        nan
  4.327317        nan
  4.328196        nan
  4.329074        nan
  4.329952        nan
  4.330830        nan
  4.331708        nan
  4.332587        nan
  4.333465        nan
  4.334343        nan
  4.335221        nan
  4.336099        nan
  4.336977        nan
  4.337856        nan
  4.338734        nan
  4.339612        nan
  4.340490        nan
  4.341368        nan
  4.342246        nan
  4.343125        nan
  4.344003        nan
  4.344881        nan
  4.345759        nan
  4.346637        nan
  4.347516        nan
  4.348394        nan
  4.349272        nan
  4.350150        nan
  4.351028        nan
  4.351906        nan
  4.352785        nan
  4.353663        nan
  4.354541        nan
  4.355419        nan
  4.356297        nan
  4.357175        nan
  4.358054        nan
  4.358932        nan
  4.359810        nan
  4.360688        nan
  4.361566        nan
  4.362444        nan
  4.363323        nan
  4.364201        nan
  4.365079        nan
  4.365957        nan
  4.366835        nan
  4.367714        nan
  4.368592        nan
  4.369470        nan
  4.370348        nan
  4.371226        nan
  4.372104        nan
  4.372983        nan
  4.373861        nan
  4.374739        nan
  4.375617        nan
  4.376495        nan
  4.377373        nan
  4.378252        nan
  4.379130        nan
  4.380008        nan
  4.380886        nan
  4.381764        nan
  4.382643        nan
  4.383521        nan
  4.384399        nan
  4.385277        nan
  4.386155        nan
  4.387033        nan
  4.387912        nan
  4.388790        nan
  4.389668        nan
  4.390546        nan
  4.391424        nan
  4.392302        nan
  4.393181        nan
  4.394059        nan
  4.394937        nan
  4.395815        nan
  4.396693        nan
  4.397572        nan
  4.398450        nan
  4.399328        nan
  4.400206        nan
  4.401084        nan
  4.401962        nan
  4.402841        nan
  4.403719        nan
  4.404597        nan
  4.405475        nan
  4.406353        nan
  4.407231        nan
  4.408110        nan
  4.408988        nan
  4.409866        nan
  4.410744        nan
  4.411622        nan
  4.412501        nan
  4.413379        nan
  4.414257        nan
  4.415135        nan
  4.416013        nan
  4.416891        nan
  4.417770        nan
  4.418648        nan
  4.419526        nan
  4.420404        nan
  4.421282        nan
  4.422160        nan
  4.423039        nan
  4.423917        nan
  4.424795        nan
  4.425673        nan
  4.426551        nan
  4.427429        nan
  4.428308        nan
  4.429186        nan
  4.430064        nan
  4.430942        nan
  4.431820        nan
  4.432699        nan
  4.433577        nan
  4.434455        nan
  4.435333        nan
  4.436211        nan
  4.437089        nan
  4.437968        nan
  4.438846        nan
  4.439724        nan
  4.440602        nan
  4.441480        nan
  4.442358        nan
  4.443237        nan
  4.444115        nan
  4.444993        nan
  4.445871        nan
  4.446749        nan
  4.447628        nan
  4.448506        nan
  4.449384        nan
  4.450262        nan
  4.451140        nan
  4.452018        nan
  4.452897        nan
  4.453775        nan
  4.454653        nan
  4.455531        nan
  4.456409        nan
  4.457287        nan
  4.458166        nan
  4.459044        nan
  4.459922        nan
  4.460800        nan
  4.461678        nan
  4.462557        nan
  4.463435        nan
  4.464313        nan
  4.465191        nan
  4.466069        nan
  4.466947        nan
  4.467826        nan
  4.468704        nan
  4.469582        nan
  4.470460        nan
  4.471338        nan
  4.472216        nan
  4.473095        nan
  4.473973        nan
  4.474851        nan
  4.475729        nan
  4.476607        nan
  4.477485        nan
  4.478364        nan
  4.479242        nan
  4.480120        nan
  4.480998        nan
  4.481876        nan
  4.482755        nan
  4.483633        nan
  4.484511        nan
  4.485389        nan
  4.486267        nan
  4.487145        nan
  4.488024        nan
  4.488902        nan
  4.489780        nan
  4.490658        nan
  4.491536        nan
  4.492414        nan
  4.493293        nan
  4.494171        nan
  4.495049        nan
  4.495927        nan
  4.496805        nan
  4.497684        nan
  4.498562        nan
  4.499440        nan
  4.500318        nan
  4.501196        nan
  4.502074        nan
  4.502953        nan
  4.503831        nan
  4.504709        nan
  4.505587        nan
  4.506465        nan
  4.507343        nan
  4.508222        nan
  4.509100        nan
  4.509978        nan
  4.510856        nan
  4.511734        nan
  4.512613        nan
  4.513491        nan
  4.514369        nan
  4.515247        nan
  4.516125        nan
  4.517003        nan
  4.517882        nan
  4.518760        nan
  4.519638        nan
  4.520516        nan
  4.521394        nan
  4.522272        nan
  4.523151        nan
  4.524029        nan
  4.524907        nan
  4.525785        nan
  4.526663        nan
  4.527542        nan
  4.528420        nan
  4.529298        nan
  4.530176        nan
  4.531054        nan
  4.531932        nan
  4.532811        nan
  4.533689        nan
  4.534567        nan
  4.535445        nan
  4.536323        nan
  4.537201        nan
  4.538080        nan
  4.538958        nan
  4.539836        nan
  4.540714        nan
  4.541592        nan
  4.542470        nan
  4.543349        nan
  4.544227        nan
  4.545105        nan
  4.545983        nan
  4.546861        nan
  4.547740        nan
  4.548618        nan
  4.549496        nan
  4.550374        nan
  4.551252        nan
  4.552130        nan
  4.553009        nan
  4.553887        nan
  4.554765        nan
  4.555643        nan
  4.556521        nan
  4.557399        nan
  4.558278        nan
  4.559156        nan
  4.560034        nan
  4.560912        nan
  4.561790        nan
  4.562669        nan
  4.563547        nan
  4.564425        nan
  4.565303        nan
  4.566181        nan
  4.567059        nan
  4.567938        nan
  4.568816        nan
  4.569694        nan
  4.570572        nan
  4.571450        nan
  4.572328        nan
  4.573207        nan
  4.574085        nan
  4.574963        nan
  4.575841        nan
  4.576719        nan
  4.577598        nan
  4.578476        nan
  4.579354        nan
  4.580232        nan
  4.581110        nan
  4.581988        nan
  4.582867        nan
  4.583745        nan
  4.584623        nan
  4.585501        nan
  4.586379        nan
  4.587257        nan
  4.588136        nan
  4.589014        nan
  4.589892        nan
  4.590770        nan
  4.591648        nan
  4.592527        nan
  4.593405        nan
  4.594283        nan
  4.595161        nan
  4.596039        nan
  4.596917        nan
  4.597796        nan
  4.598674        nan
  4.599552        nan
  4.600430        nan
  4.601308        nan
  4.602186        nan
  4.603065        nan
  4.603943        nan
  4.604821        nan
  4.605699        nan
  4.606577        nan
  4.607455        nan
  4.608334        nan
  4.609212        nan
  4.610090        nan
  4.610968        nan
  4.611846        nan
  4.612725        nan
  4.613603        nan
  4.614481        nan
  4.615359        nan
  4.616237        nan
  4.617115        nan
  4.617994        nan
  4.618872        nan
  4.619750        nan
  4.620628        nan
  4.621506        nan
  4.622384        nan
  4.623263        nan
  4.624141        nan
  4.625019        nan
  4.625897        nan
  4.626775        nan
  4.627654        nan
  4.628532        nan
  4.629410        nan
  4.630288        nan
  4.631166        nan
  4.632044        nan
  4.632923        nan
  4.633801        nan
  4.634679        nan
  4.635557        nan
  4.636435        nan
  4.637313        nan
  4.638192        nan
  4.639070        nan
  4.639948        nan
  4.640826        nan
  4.641704        nan
  4.642583        nan
  4.643461        nan
  4.644339        nan
  4.645217        nan
  4.646095        nan
  4.646973        nan
  4.647852        nan
  4.648730        nan
  4.649608        nan
  4.650486        nan
  4.651364        nan
  4.652242        nan
  4.653121        nan
  4.653999        nan
  4.654877        nan
  4.655755        nan
  4.656633        nan
  4.657512        nan
  4.658390        nan
  4.659268        nan
  4.660146        nan
  4.661024        nan
  4.661902        nan
  4.662781        nan
  4.663659        nan
  4.664537        nan
  4.665415        nan
  4.666293        nan
  4.667171        nan
  4.668050        nan
  4.668928        nan
  4.669806        nan
  4.670684        nan
  4.671562        nan
  4.672440        nan
  4.673319        nan
  4.674197        nan
  4.675075        nan
  4.675953        nan
  4.676831        nan
  4.677710        nan
  4.678588        nan
  4.679466        nan
  4.680344        nan
  4.681222        nan
  4.682100        nan
  4.682979        nan
  4.683857        nan
  4.684735        nan
  4.685613        nan
  4.686491        nan
  4.687369        nan
  4.688248        nan
  4.689126        nan
  4.690004        nan
  4.690882        nan
  4.691760        nan
  4.692639        nan
  4.693517        nan
  4.694395        nan
  4.695273        nan
  4.696151        nan
  4.697029        nan
  4.697908        nan
  4.698786        nan
  4.699664        nan
  4.700542        nan
  4.701420        nan
  4.702298        nan
  4.703177        nan
  4.704055        nan
  4.704933        nan
  4.705811        nan
  4.706689        nan
  4.707568        nan
  4.708446        nan
  4.709324        nan
  4.710202        nan
  4.711080        nan
  4.711958        nan
  4.712837        nan
  4.713715        nan
  4.714593        nan
  4.715471        nan
  4.716349        nan
  4.717227        nan
  4.718106        nan
  4.718984        nan
  4.719862        nan
  4.720740        nan
  4.721618        nan
  4.722496        nan
  4.723375        nan
  4.724253        nan
  4.725131        nan
  4.726009        nan
  4.726887        nan
  4.727766        nan
  4.728644        nan
  4.729522        nan
  4.730400        nan
  4.731278        nan
  4.732156        nan
  4.733035        nan
  4.733913        nan
  4.734791        nan
  4.735669        nan
  4.736547        nan
  4.737425        nan
  4.738304        nan
  4.739182        nan
  4.740060        nan
  4.740938        nan
  4.741816        nan
  4.742695        nan
  4.743573        nan
  4.744451        nan
  4.745329        nan
  4.746207        nan
  4.747085        nan
  4.747964        nan
  4.748842        nan
  4.749720        nan
  4.750598        nan
  4.751476        nan
  4.752354        nan
  4.753233        nan
  4.754111        nan
  4.754989        nan
  4.755867        nan
  4.756745        nan
  4.757624        nan
  4.758502        nan
  4.759380        nan
  4.760258        nan
  4.761136        nan
  4.762014        nan
  4.762893        nan
  4.763771        nan
  4.764649        nan
  4.765527        nan
  4.766405        nan
  4.767283        nan
  4.768162        nan
  4.769040        nan
  4.769918        nan
  4.770796        nan
  4.771674        nan
  4.772553        nan
  4.773431        nan
  4.774309        nan
  4.775187        nan
  4.776065        nan
  4.776943        nan
  4.777822        nan
  4.778700        nan
  4.779578        nan
  4.780456        nan
  4.781334        nan
  4.782212        nan
  4.783091        nan
  4.783969        nan
  4.784847        nan
  4.785725        nan
  4.786603        nan
  4.787481        nan
  4.788360        nan
  4.789238        nan
  4.790116        nan
  4.790994        nan
  4.791872        nan
  4.792751        nan
  4.793629        nan
  4.794507        nan
  4.795385        nan
  4.796263        nan
  4.797141        nan
  4.798020        nan
  4.798898        nan
  4.799776        nan
  4.800654        nan
  4.801532        nan
  4.802410        nan
  4.803289        nan
  4.804167        nan
  4.805045        nan
  4.805923        nan
  4.806801        nan
  4.807680        nan
  4.808558        nan
  4.809436        nan
  4.810314        nan
  4.811192        nan
  4.812070        nan
  4.812949        nan
  4.813827        nan
  4.814705        nan
  4.815583        nan
  4.816461        nan
  4.817339        nan
  4.818218        nan
  4.819096        nan
  4.819974        nan
  4.820852        nan
  4.821730        nan
  4.822609        nan
  4.823487        nan
  4.824365        nan
  4.825243        nan
  4.826121        nan
  4.826999        nan
  4.827878        nan
  4.828756        nan
  4.829634        nan
  4.830512        nan
  4.831390        nan
  4.832268        nan
  4.833147        nan
  4.834025        nan
  4.834903        nan
  4.835781        nan
  4.836659        nan
  4.837538        nan
  4.838416        nan
  4.839294        nan
  4.840172        nan
  4.841050        nan
  4.841928        nan
  4.842807        nan
  4.843685        nan
  4.844563        nan
  4.845441        nan
  4.846319        nan
  4.847197        nan
  4.848076        nan
  4.848954        nan
  4.849832        nan
  4.850710        nan
  4.851588        nan
  4.852466        nan
  4.853345        nan
  4.854223        nan
  4.855101        nan
  4.855979        nan
  4.856857        nan
  4.857736        nan
  4.858614        nan
  4.859492        nan
  4.860370        nan
  4.861248        nan
  4.862126        nan
  4.863005        nan
  4.863883        nan
  4.864761        nan
  4.865639        nan
  4.866517        nan
  4.867395        nan
  4.868274        nan
  4.869152        nan
  4.870030        nan
  4.870908        nan
  4.871786        nan
  4.872665        nan
  4.873543        nan
  4.874421        nan
  4.875299        nan
  4.876177        nan
  4.877055        nan
  4.877934        nan
  4.878812        nan
  4.879690        nan
  4.880568        nan
  4.881446        nan
  4.882324        nan
  4.883203        nan
  4.884081        nan
  4.884959        nan
  4.885837        nan
  4.886715        nan
  4.887594        nan
  4.888472        nan
  4.889350        nan
  4.890228        nan
  4.891106        nan
  4.891984        nan
  4.892863        nan
  4.893741        nan
  4.894619        nan
  4.895497        nan
  4.896375        nan
  4.897253        nan
  4.898132        nan
  4.899010        nan
  4.899888        nan
  4.900766        nan
  4.901644        nan
  4.902523        nan
  4.903401        nan
  4.904279        nan
  4.905157        nan
  4.906035        nan
  4.906913        nan
  4.907792        nan
  4.908670        nan
  4.909548        nan
  4.910426        nan
  4.911304        nan
  4.912182        nan
  4.913061        nan
  4.913939        nan
  4.914817        nan
  4.915695        nan
  4.916573        nan
  4.917451        nan
  4.918330        nan
  4.919208        nan
  4.920086        nan
  4.920964        nan
  4.921842        nan
  4.922721        nan
  4.923599        nan
  4.924477        nan
  4.925355        nan
  4.926233        nan
  4.927111        nan
  4.927990        nan
  4.928868        nan
  4.929746        nan
  4.930624        nan
  4.931502        nan
  4.932380        nan
  4.933259        nan
  4.934137        nan
  4.935015        nan
  4.935893        nan
  4.936771        nan
  4.937650        nan
  4.938528        nan
  4.939406        nan
  4.940284        nan
  4.941162        nan
  4.942040        nan
  4.942919        nan
  4.943797        nan
  4.944675        nan
  4.945553        nan
  4.946431        nan
  4.947309        nan
  4.948188        nan
  4.949066        nan
  4.949944        nan
  4.950822        nan
  4.951700        nan
  4.952579        nan
  4.953457        nan
  4.954335        nan
  4.955213        nan
  4.956091        nan
  4.956969        nan
  4.957848        nan
  4.958726        nan
  4.959604        nan
  4.960482        nan
  4.961360        nan
  4.962238        nan
  4.963117        nan
  4.963995        nan
  4.964873        nan
  4.965751        nan
  4.966629        nan
  4.967508        nan
  4.968386        nan
  4.969264        nan
  4.970142        nan
  4.971020        nan
  4.971898        nan
  4.972777        nan
  4.973655        nan
  4.974533        nan
  4.975411        nan
  4.976289        nan
  4.977167        nan
  4.978046        nan
  4.978924        nan
  4.979802        nan
  4.980680        nan
  4.981558        nan
  4.982436        nan
  4.983315        nan
  4.984193        nan
  4.985071        nan
  4.985949        nan
  4.986827        nan
  4.987706        nan
  4.988584        nan
  4.989462        nan
  4.990340        nan
  4.991218        nan
  4.992096        nan
  4.992975        nan
  4.993853        nan
  4.994731        nan
  4.995609        nan
  4.996487        nan
  4.997365        nan
  4.998244        nan
  4.999122        nan
  5.000000        nan
