Wavelength_um,Model_Depth,Transit_Depth,Error,Num_Transits
0.8309,0.0014509999999999638,0.0010079100769991292,0.00020531132473501247,1.0
0.8318,0.0014515694578339264,0.0013512306382945523,0.0001892992555323468,1.0
0.8328,0.001452707589423903,0.0014191858613186333,0.00018725008949312084,1.0
0.8338,0.00145215373823038,0.0014252837142562239,0.0001841037684250465,1.0
0.8348,0.001452985199270066,0.0012832718075109838,0.00018034557765431584,1.0
0.8357,0.0014619284414190345,0.0013647750566782545,0.00017708013698609882,1.0
0.8367,0.001454701543916614,0.0013873657950765174,0.00017512814901202373,1.0
0.8377,0.0014527121622912368,0.0014198469743276437,0.00017423101056922413,1.0
0.8386,0.0014557445996920622,0.0013347648071746494,0.000173730015671282,1.0
0.8396,0.0014590383910219652,0.0016486281033140267,0.00017250267414554044,1.0
0.8406,0.001452410007137986,0.001342935452444485,0.00017036384451372082,1.0
0.8415,0.0014790607148433528,0.0011092998003842081,0.00016883445711920816,1.0
0.8425,0.0014628637757110963,0.0014603310955937636,0.000167975862768826,1.0
0.8435,0.001454675460546059,0.0011568407944688257,0.00016711415452304044,1.0
0.8445,0.0014539692423175222,0.0016851981290145134,0.0001662328756020895,1.0
0.8454,0.0014529442189331592,0.0016458656774813105,0.00016642085349098524,1.0
0.8464,0.0014519999999999468,0.0015698381123254374,0.00016800186559819008,1.0
0.8474,0.00145233334429166,0.0013272675125635043,0.00016878069801046314,1.0
0.8483,0.0014529999999999576,0.0016629217659701553,0.0001687315847246877,1.0
0.8493,0.0014529999999999396,0.0014857473501453194,0.00017136047413250825,1.0
0.8503,0.0014530000000000773,0.001845829864553813,0.0001725376926757089,1.0
0.8512,0.0014530000000000437,0.0014614400914899984,0.00016819057784591326,1.0
0.8522,0.001453799512159275,0.0015052805281294073,0.00016339256910458924,1.0
0.8532,0.0014540000000001071,0.0012982774839344878,0.00016183733717373803,1.0
0.8542,0.0014557710517153195,0.0018118977095178826,0.00016192987038631305,1.0
0.8551,0.0014530000000001972,0.0014994058561316288,0.00016091103591419598,1.0
0.8561,0.001453000000000023,0.0013966628413069804,0.00015864876976625928,1.0
0.8571,0.001453000000000083,0.0013392206738527131,0.0001567735427453593,1.0
0.858,0.0014525968332008668,0.0014328517528122127,0.00015562929178302044,1.0
0.859,0.0014525421721863652,0.0015179068266431683,0.00015474620355608622,1.0
0.86,0.0014530000000000584,0.0012902322476522586,0.00015400290899596417,1.0
0.861,0.0014521799528126548,0.0013626370057761839,0.00015356902743456758,1.0
0.8619,0.0014528450705716773,0.0013850267281976672,0.00015327494210061132,1.0
0.8629,0.0014530000000000356,0.0011881755020695622,0.0001530468123301686,1.0
0.8639,0.0014530000000000987,0.0014871239130080133,0.00015342348094912148,1.0
0.8648,0.0014529999999999027,0.0014258133256021164,0.00015568208228176054,1.0
0.8658,0.0014530000000000788,0.001581123482369138,0.00015982073756730354,1.0
0.8668,0.0014529999999999606,0.0012615030729561545,0.00016100262154181965,1.0
0.8677,0.0014530000000001044,0.0012126303708163305,0.0001584493394311323,1.0
0.8687,0.0014535877305990868,0.0016409654841603215,0.00015705767808288503,1.0
0.8697,0.001453999999999918,0.001541930052011748,0.00015434836403401472,1.0
0.8707,0.0014539999999999959,0.0012631576479183837,0.00015041569937414867,1.0
0.8716,0.001453999999999958,0.0013490026875685307,0.00014826220433094382,1.0
0.8726,0.00145402849541918,0.001495843982355461,0.00014763360386878328,1.0
0.8736,0.0014548325670802056,0.0014353357480369209,0.00014769632650456544,1.0
0.8745,0.0014541924563040427,0.001697852590393282,0.00014742523068315657,1.0
0.8755,0.001454337076617191,0.0016973178797260553,0.00014633752022970767,1.0
0.8765,0.0014530000000000922,0.0016905942197826226,0.0001453960026510337,1.0
0.8774,0.0014534948589554903,0.0013975670703117791,0.00014518605288392302,1.0
0.8784,0.001453999999999762,0.001554377677829991,0.00014560235823953184,1.0
0.8794,0.0014539999999999894,0.0015521351258986817,0.00014610688296817377,1.0
0.8803,0.0014539999999999941,0.001427632416219326,0.00014535569679984903,1.0
0.8813,0.0014558723747933537,0.0014600171811911262,0.0001438798708166073,1.0
0.8823,0.0014560751072402278,0.0014204340596018013,0.00014276895927018798,1.0
0.8833,0.0014569999999999885,0.001485095618827106,0.00014198146369583483,1.0
0.8842,0.0014567619852835284,0.0013065283000272532,0.00014113680823586575,1.0
0.8852,0.0014571310603114518,0.0013864391323999586,0.00014017474274826715,1.0
0.8862,0.001460031915208444,0.0013922644424244934,0.00013936904439834608,1.0
0.8871,0.0014647825587667017,0.0013741996343104163,0.0001387732999334077,1.0
0.8881,0.0014727519319660005,0.0015921513775644194,0.00013834344185496852,1.0
0.8891,0.0014839956341658527,0.0016737251060403632,0.0001379476992058404,1.0
0.89,0.0014859999999998921,0.0014192479345861676,0.00013762670926035803,1.0
0.891,0.001501707932943699,0.0016530436838430738,0.00013737125907843824,1.0
0.892,0.0015097587723542124,0.001385968110242028,0.0001370580265858975,1.0
0.893,0.0015082585497447907,0.0014518538328607633,0.00013664433857155737,1.0
0.8939,0.0014973735017146605,0.0014513403339495503,0.00013613606565453378,1.0
0.8949,0.001466309685935115,0.0015556340610395018,0.00013562871452733015,1.0
0.8959,0.0014679306121165854,0.001445979210937138,0.00013516382625081017,1.0
0.8968,0.001469240381796945,0.0015701203658593569,0.00013485456188473848,1.0
0.8978,0.0014730730355733647,0.0014681698026547043,0.0001346711065983317,1.0
0.8988,0.0015164404801563235,0.0015624676198981034,0.0001344069263089419,1.0
0.8998,0.0015049817533037589,0.001644049268129795,0.00013404312036930993,1.0
0.9007,0.0014964812197935436,0.0015201344518843795,0.00013406169763749244,1.0
0.9017,0.001476004284695586,0.001343619990506109,0.000134804103724353,1.0
0.9027,0.0014647804006287647,0.0013128919245077456,0.0001348723970674481,1.0
0.9036,0.0014633165261652174,0.0014591198531688314,0.00013344960292459377,1.0
0.9046,0.0014842573402161258,0.0013633453806131297,0.00013205137568526374,1.0
0.9056,0.0014813240972661134,0.001433981629033107,0.00013141603931101736,1.0
0.9065,0.0014622074131193721,0.0014788270003455357,0.00013120202503305814,1.0
0.9075,0.0014630809038008617,0.0014808677615148556,0.00013106583523863705,1.0
0.9085,0.0014749068209880072,0.0013879172996668393,0.0001307552177455997,1.0
0.9095,0.0014625262317439797,0.0012726279118241146,0.0001303779783334861,1.0
0.9104,0.0014733643131689576,0.001503723711411291,0.00013006546045907257,1.0
0.9114,0.0014754575837468724,0.0018493244752208582,0.0001297321784244348,1.0
0.9124,0.0014737089413587963,0.0012271687678734342,0.0001292928271478857,1.0
0.9133,0.001478632751156408,0.0015563750867759703,0.00012884872350460043,1.0
0.9143,0.0014619726093179418,0.00149202897629408,0.0001284324616895908,1.0
0.9153,0.0014649157970488917,0.0014461738212087454,0.00012800903486496346,1.0
0.9162,0.0014669999999999317,0.001599568126038039,0.0001276827991556236,1.0
0.9172,0.0014596500454817011,0.0015994962889359092,0.00012762691012392182,1.0
0.9182,0.001456090976059822,0.0013598591840602576,0.00012772649336363395,1.0
0.9192,0.0014828244794963324,0.001721780080404418,0.000127645612492285,1.0
0.9201,0.0014525921052311725,0.001471805463012897,0.00012708261130878047,1.0
0.9211,0.0014788812468492685,0.0015747487441758207,0.0001264550864799623,1.0
0.9221,0.0015083473943204675,0.001798005219612084,0.00012618862152884912,1.0
0.923,0.0014548987581690894,0.001293354656710483,0.00012616582416423411,1.0
0.924,0.0014525592537534028,0.0014221036143158823,0.00012623689886210416,1.0
0.925,0.0014571891475234045,0.0015825243152281857,0.00012624427078078527,1.0
0.9259,0.0014561071414469723,0.0014873650635181864,0.0001259768363968828,1.0
0.9269,0.0014524133399233812,0.0013285218749038122,0.00012560188943305635,1.0
0.9279,0.001455000520067486,0.0014337987680341452,0.00012572642107949375,1.0
0.9288,0.0014830250419581514,0.0014780779802363562,0.00012612493393036254,1.0
0.9298,0.0014789166367819306,0.0015196353652347438,0.00012578688932284358,1.0
0.9308,0.0014533029848459763,0.0013174169753549447,0.0001248638768305411,1.0
0.9318,0.0014827249525151479,0.0016611887387977464,0.00012394710833023062,1.0
0.9327,0.0014924143731048205,0.0014164488306270928,0.00012309904332421669,1.0
0.9337,0.0014722818068197043,0.0014975821605376404,0.0001223798457824634,1.0
0.9347,0.0014663562556723963,0.0014048204427136626,0.00012183691840431752,1.0
0.9356,0.0014535434964425577,0.0015938186317696486,0.00012146490778202994,1.0
0.9366,0.0014618933412556356,0.001533566886116267,0.00012123699519688306,1.0
0.9376,0.0015194048054809905,0.001511345632178994,0.0001211929056819252,1.0
0.9385,0.0014843761914759015,0.001551820432884085,0.00012139656504419477,1.0
0.9395,0.0014961069836280003,0.0015237303617599543,0.00012153071019434438,1.0
0.9405,0.0015652330786634697,0.0016536141730325773,0.00012132719156053328,1.0
0.9415,0.0014980485376691465,0.0013546559917430672,0.00012095469123313991,1.0
0.9424,0.0014945105495689564,0.0016708774338941809,0.00012067043120343495,1.0
0.9434,0.0014839170466011725,0.001666680949875417,0.00012055758189689852,1.0
0.9444,0.0014629025202989902,0.0014721200851379548,0.00012028497145371725,1.0
0.9453,0.0014530000000000354,0.0015268650226866124,0.00011981084444044522,1.0
0.9463,0.0016026738855105843,0.001461190815515496,0.00011938914315116859,1.0
0.9473,0.0014519078306256743,0.0017332652025477077,0.00011920759050543703,1.0
0.9482,0.0014512323175660722,0.001432565959919666,0.00011913330455654761,1.0
0.9492,0.001453000000000183,0.00167794281110673,0.00011914115075061147,1.0
0.9502,0.0014526058983292953,0.0013958151851122783,0.00011900752722647754,1.0
0.9512,0.0014520000000000843,0.0013467856246395405,0.00011849562657708161,1.0
0.9521,0.0014799031277788553,0.0013298001270515907,0.00011778709681940578,1.0
0.9531,0.0014943409758905151,0.0014063599274455405,0.00011731630375428712,1.0
0.9541,0.0014592750733360487,0.001341918954134729,0.00011731825811190425,1.0
0.955,0.0014538598898753787,0.0014937126679572636,0.00011741076684552259,1.0
0.956,0.001454998827376052,0.0013649100402540611,0.00011713373255281866,1.0
0.957,0.0014562028153108197,0.0013255697908743753,0.00011676935203716874,1.0
0.958,0.0014716537878695813,0.001508116027228202,0.00011649392842254724,1.0
0.9589,0.0014729934530411347,0.0014006242075053463,0.00011602499507751844,1.0
0.9599,0.0014677586403326146,0.0015090477007309031,0.0001155401262231756,1.0
0.9609,0.0014624782314125316,0.0015788509732287917,0.00011521149410698308,1.0
0.9618,0.0014576036209680543,0.0015146880667659785,0.0001150497419844453,1.0
0.9628,0.001488413041567407,0.0013910189280569247,0.00011504972006318948,1.0
0.9638,0.0014972391501929048,0.0015449622016608614,0.00011527240067103402,1.0
0.9647,0.0014607820684828525,0.0013093891717999456,0.00011575880412356815,1.0
0.9657,0.00145499999999984,0.001502622849723375,0.00011639961501545627,1.0
0.9667,0.00145555017352719,0.0014884545175150154,0.00011650466292879469,1.0
0.9677,0.0014683027832585347,0.0015013221695934795,0.0001156748952145044,1.0
0.9686,0.0014820370985087973,0.0014577975846562766,0.00011493660256045226,1.0
0.9696,0.0014631182520352384,0.0014817567370742693,0.00011468924789777815,1.0
0.9706,0.001458375844003947,0.0017048726191378647,0.00011468386884310562,1.0
0.9715,0.0014573508206196385,0.001458692344592272,0.000114539906520889,1.0
0.9725,0.0014577872880844097,0.0012236533943185105,0.0001138834813166974,1.0
0.9735,0.001467259833160034,0.0015295381767499846,0.0001132465785473129,1.0
0.9744,0.0014680000000001105,0.0015584053142290565,0.00011316977413297237,1.0
0.9754,0.001459359776803159,0.0015552665774473083,0.00011326466138323773,1.0
0.9764,0.001465747395057153,0.00117716112521431,0.00011297916587451687,1.0
0.9773,0.001472463159615435,0.001478685646702349,0.00011234600191457311,1.0
0.9783,0.0014622575993549452,0.0014868678232442508,0.00011182944475923683,1.0
0.9793,0.0014680847612525878,0.001447195019280474,0.00011161806968973875,1.0
0.9803,0.001502449147521997,0.0016004691835394796,0.00011135518804433785,1.0
0.9812,0.0014802631103585633,0.001464185396972631,0.00011096474509659172,1.0
0.9822,0.0014750049181615113,0.0015686708886658478,0.00011069620967101179,1.0
0.9832,0.0014653411107502343,0.0014805958167644377,0.00011058215285800649,1.0
0.9841,0.0014669931302254279,0.0013534649216314029,0.00011039265357458636,1.0
0.9851,0.0014660514817074813,0.0014928224784253345,0.00011008389362816937,1.0
0.9861,0.0014605490160011093,0.0012835772061144442,0.00010987305192637258,1.0
0.987,0.0014691805749051433,0.0016130700619342612,0.00010984737094937837,1.0
0.988,0.0014829386904679363,0.0015951101313426833,0.00010974923777383191,1.0
0.989,0.0014674732935913795,0.0014267967338423505,0.00010951436980845862,1.0
0.99,0.0014797429118059238,0.0013348075861273018,0.00010924850719480046,1.0
0.9909,0.001467271706253215,0.0014182273518664687,0.00010901211255387124,1.0
0.9919,0.0014582413968150126,0.0015916675116972217,0.00010883844130646638,1.0
0.9929,0.0014692907023939716,0.0014483448581334433,0.00010869132556975232,1.0
0.9938,0.0014850311589208237,0.0015538411425638978,0.00010853242078381264,1.0
0.9948,0.0014633621220510459,0.0014292990856206258,0.00010869513450114623,1.0
0.9958,0.0014646799335872728,0.0013585875701191748,0.00010935620927118559,1.0
0.9968,0.0014644590039134399,0.0015570106965922114,0.00010969439636418398,1.0
0.9977,0.0014640330467179969,0.0014151437653457026,0.00010940930773279791,1.0
0.9987,0.001463621893733048,0.001589923848628261,0.0001090593608942666,1.0
0.9997,0.001460956675066697,0.0016247653532928915,0.00010876142044826306,1.0
1.0006,0.0014584282907646087,0.0015028613138285297,0.00010825720688777121,1.0
1.0016,0.001461699440019825,0.0015569066367348153,0.0001077105398540982,1.0
1.0026,0.001480561865335414,0.0013751512978948611,0.00010734275829263871,1.0
1.0035,0.0014737369541871963,0.0013748080213468804,0.00010702977901793299,1.0
1.0045,0.001471680061974657,0.0016276243321739796,0.0001067077537380725,1.0
1.0055,0.0014718066583690335,0.0016343103385938389,0.000106508336712472,1.0
1.0065,0.0014659817506970064,0.001568891535563576,0.00010632663756815413,1.0
1.0074,0.001463470948966881,0.0015318731706355697,0.00010607505542654305,1.0
1.0084,0.0014629999999998232,0.0013945988157219053,0.00010588566238407726,1.0
1.0094,0.0014621936103542288,0.0014811853255122457,0.00010575409144417041,1.0
1.0103,0.0014619999999999822,0.001501538608702225,0.00010564036422159948,1.0
1.0113,0.001461999999999902,0.001344152296209953,0.00010547174366771627,1.0
1.0123,0.0014589999999999796,0.0014853506967110785,0.00010537826497270097,1.0
1.0132,0.0014595332329472657,0.0011835017789715767,0.00010562893940041066,1.0
1.0142,0.0014638165335514924,0.001546227899564328,0.0001060811054249851,1.0
1.0152,0.0014688782826643443,0.0013805075918961044,0.00010615282589059568,1.0
1.0162,0.001466949418634921,0.001550486836614012,0.00010569954862255465,1.0
1.0171,0.001460849711754823,0.0013659931044866524,0.00010516896542712841,1.0
1.0181,0.0014600000000001179,0.0015400813160898696,0.00010488215298515712,1.0
1.0191,0.001460851880171122,0.001542097777814197,0.00010476518343585935,1.0
1.02,0.0014610000000000781,0.001545380882039888,0.0001047042698700429,1.0
1.021,0.0014589680463402322,0.001500899260471459,0.0001047476068767136,1.0
1.022,0.0014576186811254867,0.0016186742377268526,0.00010468547861604467,1.0
1.0229,0.0014606424024751407,0.0012779724336010629,0.00010419858643643216,1.0
1.0239,0.0014586821958502607,0.0014302817752143671,0.00010366239590369218,1.0
1.0249,0.0014579999999999706,0.0013694759133089614,0.0001034614337944957,1.0
1.0258,0.0014589635300689635,0.0015795180171062225,0.0001035497371046036,1.0
1.0268,0.0014624830816872359,0.0014832172785174005,0.00010367042872348768,1.0
1.0278,0.001461723672521814,0.0014961629518658655,0.0001035450206460897,1.0
1.0288,0.0014574099741177522,0.0014183931685824661,0.00010322301316584999,1.0
1.0297,0.0014560774022583575,0.0014280093919827033,0.00010293897321455258,1.0
1.0307,0.001457122934710662,0.0014437940409137758,0.00010289430624042295,1.0
1.0317,0.0014596014182280458,0.001447653646086083,0.00010320394047617764,1.0
1.0326,0.0014615493852008078,0.00153493938514599,0.00010390454782477124,1.0
1.0336,0.0014596367053246648,0.0015464434553064206,0.00010441711734565178,1.0
1.0346,0.0014584976999373923,0.0013222540397025036,0.00010399205396244293,1.0
1.0356,0.0014573588303237977,0.0014227025043455665,0.00010300411479202322,1.0
1.0365,0.0014556674781051515,0.0014018931515755702,0.000102266440540647,1.0
1.0375,0.0014558043502182422,0.0014088597139172154,0.00010191843406308574,1.0
1.0385,0.0014559999999999027,0.0016284488555736289,0.00010179018417012601,1.0
1.0394,0.0014560000000000725,0.0012092554131643268,0.00010165929579474689,1.0
1.0404,0.0014548929063453984,0.0012726900873510287,0.00010135124265879856,1.0
1.0414,0.0014537540367317654,0.0013961573969744627,0.00010107794361219939,1.0
1.0423,0.0014532707461726193,0.0016429411010637097,0.00010102683051365935,1.0
1.0433,0.0014539999999999618,0.0013566271091300472,0.00010105397346467342,1.0
1.0443,0.001454000000000148,0.001479527883810524,0.00010095365802436214,1.0
1.0452,0.0014545728818593504,0.0013965396005596658,0.00010074337950666461,1.0
1.0462,0.00146140698521989,0.0013988098199028953,0.00010058701787012171,1.0
1.0472,0.0014648507568602708,0.0015047843890217956,0.00010044747380555597,1.0
1.0482,0.0014521477289036932,0.0014255561883593163,0.00010021718850071548,1.0
1.0491,0.0014519999999999852,0.001572272378811658,0.00010004101123851308,1.0
1.0501,0.0014520000000000828,0.0014923087304758314,0.00010005209624879895,1.0
1.0511,0.0014519999999998514,0.0013367870277809918,0.00010021847938049057,1.0
1.052,0.00145168367943533,0.0013824463802575957,0.00010054220745437264,1.0
1.053,0.0014514544115000172,0.0014282571485258757,0.00010078664924928647,1.0
1.054,0.0014531868337747307,0.00137828311094274,0.00010048497300325842,1.0
1.0549,0.0014552370163172536,0.001408245002563197,9.996624358756288e-05,1.0
1.0559,0.0014522131111388537,0.001293346250096963,9.982975286850512e-05,1.0
1.0569,0.0014509999999999452,0.001276809534357986,0.00010042599670620424,1.0
1.0579,0.0014510341138209326,0.0014475597334618472,0.00010214253944434552,1.0
1.0588,0.0014519999999999167,0.001361734896637818,0.00010339334052088862,1.0
1.0598,0.0014518017895205784,0.0014067706536244453,0.00010223227945262309,1.0
1.0608,0.0014509999999999636,0.0015345788386471875,0.00010049094039554984,1.0
1.0617,0.0014513621713642445,0.001517293273859834,9.952437465872342e-05,1.0
1.0627,0.0014514993934153205,0.0016050507985456062,9.895258211705872e-05,1.0
1.0637,0.0014509999999999968,0.0016254478705939488,9.850900183976903e-05,1.0
1.0647,0.0014509999999999363,0.001552705595472323,9.82223132469787e-05,1.0
1.0656,0.0014518030040714099,0.0013420407087120076,9.817999940845421e-05,1.0
1.0666,0.0014510581263149868,0.0014492482903707433,9.836999571603048e-05,1.0
1.0676,0.0014509202598796513,0.0014311735034074555,9.872069385208824e-05,1.0
1.0685,0.001449999999999928,0.0015018376144507206,9.909149292027251e-05,1.0
1.0695,0.0014500000000000225,0.0013153596003670338,9.912679794908104e-05,1.0
1.0705,0.0014503827063923642,0.001523141794087693,9.868448423072264e-05,1.0
1.0714,0.001451407797663537,0.0013996750664302736,9.821631275690514e-05,1.0
1.0724,0.0014514539546423883,0.0015604591791701639,9.801559477563177e-05,1.0
1.0734,0.0014509999999998547,0.0016091021840875818,9.819840535273221e-05,1.0
1.0743,0.001451000000000012,0.0013976005120859493,9.872286233031637e-05,1.0
1.0753,0.0014510000000001178,0.0014392934663131065,9.895477693963737e-05,1.0
1.0763,0.0014500125000156787,0.0015335313750537694,9.837832797617905e-05,1.0
1.0773,0.0014500000000000203,0.0014527117378227662,9.774711729030096e-05,1.0
1.0782,0.0014501503219169363,0.0015157171507041791,9.773616020718063e-05,1.0
1.0792,0.001450999999999984,0.0014507341596621958,9.792211693317225e-05,1.0
1.0802,0.0014510000000000536,0.0013129106721517312,9.784902979080076e-05,1.0
1.0811,0.001451000000000013,0.0015304510078290323,9.768811952304096e-05,1.0
1.0821,0.0014515922935764015,0.0014099315481111614,9.735681424687969e-05,1.0
1.0831,0.0014519999999999722,0.001507290773277185,9.685721087340318e-05,1.0
1.0841,0.0014520000000000318,0.001369699979787954,9.645590826873247e-05,1.0
1.085,0.001451105879103727,0.0016629592954882835,9.619001583317877e-05,1.0
1.086,0.0014519670094900864,0.0014696418897610357,9.596602661060263e-05,1.0
1.087,0.0014511718002250332,0.0012697971486089156,9.585085401432352e-05,1.0
1.0879,0.0014525878446487882,0.0014185983237069702,9.582374018773202e-05,1.0
1.0889,0.0014543303643403179,0.0014660546188364435,9.574009590236129e-05,1.0
1.0899,0.0014525261767828913,0.0013930520290897383,9.557090824183284e-05,1.0
1.0908,0.0014524989144883696,0.001342451113287442,9.5425821400527e-05,1.0
1.0918,0.001463842329733568,0.0013883999212496812,9.535032441302853e-05,1.0
1.0928,0.0014591373192241626,0.0014566179644492528,9.530345055560985e-05,1.0
1.0938,0.001455085479849256,0.0014156161273493305,9.535578849672678e-05,1.0
1.0947,0.0014587584456876679,0.0014195553791297158,9.565887268757737e-05,1.0
1.0957,0.001481270430197678,0.0015068286904318475,9.604021146586246e-05,1.0
1.0967,0.0014592601086176858,0.00124066513410461,9.635270313597921e-05,1.0
1.0976,0.0014527576982761182,0.0013325145115990946,9.672797020361616e-05,1.0
1.0986,0.0014523804441290776,0.001447742737915197,9.666827362165354e-05,1.0
1.0996,0.0014555965687138032,0.0013524118784441236,9.603477018552836e-05,1.0
1.1005,0.0014683436952646618,0.001262325641761532,9.564302380327655e-05,1.0
1.1015,0.0014633317919755472,0.0014577530215876787,9.551388435799472e-05,1.0
1.1025,0.0014553573109145556,0.001490849390218009,9.541232889522021e-05,1.0
1.1034,0.0014744633436789847,0.001510105091915182,9.532315325771935e-05,1.0
1.1044,0.0015440109273175023,0.0014672316801986184,9.516082864041207e-05,1.0
1.1054,0.0015032696386349253,0.001612899317731405,9.492194224822483e-05,1.0
1.1064,0.0014805795346132652,0.0015525442143559506,9.464248944647076e-05,1.0
1.1073,0.0014695606194193387,0.0014818861515181465,9.431227006512548e-05,1.0
1.1083,0.0014694074772374551,0.0016102610256563195,9.409625412180745e-05,1.0
1.1093,0.0014694804796639555,0.0014074201641162006,9.41343154429667e-05,1.0
1.1102,0.0014642299060602746,0.0014521260520483589,9.441041149068515e-05,1.0
1.1112,0.0014695601083411533,0.0015288244417674091,9.486861609422236e-05,1.0
1.1122,0.001465924655801396,0.0014543059235115356,9.504440983826205e-05,1.0
1.1132,0.0014640056369755632,0.0013470556843950016,9.446014164318214e-05,1.0
1.1141,0.0014655531084413465,0.0013800918351636806,9.368861106697164e-05,1.0
1.1151,0.0014875828081187313,0.0014273150479322842,9.32800845267252e-05,1.0
1.1161,0.0015149376519623533,0.0015540228525072702,9.317348328131976e-05,1.0
1.117,0.0015286665191128887,0.0015280427645753608,9.317337570801477e-05,1.0
1.118,0.0015278697075985165,0.0015865054798380482,9.317035213790943e-05,1.0
1.119,0.0015185582777297447,0.0014439208575628055,9.309652583242131e-05,1.0
1.1199,0.001529074914936486,0.001567948288733887,9.296002482219975e-05,1.0
1.1209,0.001489528366436532,0.0014774328990592711,9.286926806924163e-05,1.0
1.1219,0.0014750866031602204,0.0014989978894444553,9.294435094934199e-05,1.0
1.1228,0.0014918735678090857,0.0015211392163921233,9.315518048684849e-05,1.0
1.1238,0.001499618227270064,0.0015328185727293332,9.360519917200762e-05,1.0
1.1248,0.0014926325342443341,0.0015522489406272215,9.441599966885548e-05,1.0
1.1258,0.0014818746227186373,0.0014233834707590414,9.473641386643867e-05,1.0
1.1267,0.0014779999999999613,0.001363629108522935,9.40847777064557e-05,1.0
1.1277,0.0014805880045450958,0.0015331895413323597,9.344757869595009e-05,1.0
1.1287,0.0014869363412010883,0.0014423899876906707,9.344085800431163e-05,1.0
1.1296,0.0014862754074478407,0.0014748937057167454,9.363898647452361e-05,1.0
1.1306,0.0014759798047319608,0.0014682095516698375,9.336801963315784e-05,1.0
1.1316,0.0014634507454718392,0.0014994271556577864,9.279799593374215e-05,1.0
1.1326,0.001503321459020808,0.0014806517653504698,9.257535372494267e-05,1.0
1.1335,0.001554218450715585,0.0014353954054839209,9.263369082405164e-05,1.0
1.1345,0.001542392813749945,0.0017211720133354733,9.262950105346923e-05,1.0
1.1355,0.001483600279927476,0.0013899465298339952,9.259904897350017e-05,1.0
1.1364,0.001497868397028374,0.0015898632532639204,9.290936904490846e-05,1.0
1.1374,0.0015168736493975088,0.001476200050155839,9.350420369077119e-05,1.0
1.1384,0.0015068798838987992,0.001490467274325527,9.369456084034441e-05,1.0
1.1393,0.0014979135293548137,0.0015056745800870258,9.343343680799677e-05,1.0
1.1403,0.0014908061356946687,0.00147621189504615,9.308407807522432e-05,1.0
1.1413,0.0014819684043483696,0.0016199599897503574,9.300941201148009e-05,1.0
1.1422,0.0014754435688317002,0.0015907543932289965,9.317592060739064e-05,1.0
1.1432,0.0014903349427417222,0.0015272050430950427,9.29537571938832e-05,1.0
1.1442,0.0014953697508288204,0.0014907879322711719,9.223020759258291e-05,1.0
1.1452,0.001538182363366785,0.0016524554495377592,9.162805798469735e-05,1.0
1.1461,0.001546246739137771,0.0014875500289402005,9.154331353428985e-05,1.0
1.1471,0.0014962510838952895,0.0015877607349214444,9.19605665110228e-05,1.0
1.1481,0.0014937373066057245,0.0014056835313547011,9.252343454757453e-05,1.0
1.149,0.0015119898291828231,0.001624558047544117,9.256295552635445e-05,1.0
1.15,0.0015352226915293981,0.0017683732468486552,9.193613165903927e-05,1.0
1.151,0.0014994011197100813,0.0015506816901683046,9.126634894546873e-05,1.0
1.1519,0.0015083526216579225,0.0013985718974261192,9.090522507037245e-05,1.0
1.1529,0.0015271296189641329,0.0014637072416694495,9.071530790143134e-05,1.0
1.1539,0.0015448550839433778,0.0015467653725730675,9.062826701249862e-05,1.0
1.1549,0.0015796884545085752,0.0016336860633651446,9.067792554220086e-05,1.0
1.1558,0.0016042229943589394,0.0015157978719329108,9.076931005687207e-05,1.0
1.1568,0.0015998661295515216,0.0016876327916836497,9.087712233065707e-05,1.0
1.1578,0.0015678342968937057,0.00164385422925648,9.146013477924905e-05,1.0
1.1587,0.0015708130658612337,0.0013922250785056555,9.270138483883587e-05,1.0
1.1597,0.001559605347739896,0.0014628755652990957,9.356913239911286e-05,1.0
1.1607,0.0015188252195735994,0.0015433160572420588,9.304994137074654e-05,1.0
1.1617,0.001553122912986936,0.001586522896646047,9.22695656125213e-05,1.0
1.1626,0.0015348067116242618,0.0014948033857069332,9.262512627163528e-05,1.0
1.1636,0.0014988076265722698,0.0015492095997577027,9.383124228621213e-05,1.0
1.1646,0.0014959270736069417,0.0016710603678245614,9.371262527712087e-05,1.0
1.1655,0.0015337472582753302,0.0014172549217801352,9.203658999333018e-05,1.0
1.1665,0.0015121686179785244,0.001430841805186542,9.07566816906283e-05,1.0
1.1675,0.0014866461020546565,0.0013914422982970384,9.050992635611632e-05,1.0
1.1684,0.0014972239632399615,0.0016023234058216691,9.09659945328069e-05,1.0
1.1694,0.0015150315196183935,0.001540646533411123,9.130880466484912e-05,1.0
1.1704,0.0015291412567886415,0.0014445989701671856,9.085813030873433e-05,1.0
1.1713,0.0015303326961196371,0.0016423653639554077,9.022314612592442e-05,1.0
1.1723,0.0015377925383705836,0.0015482146351401128,8.99421566137722e-05,1.0
1.1733,0.0015470122430231844,0.0015275528220283661,8.993477838706815e-05,1.0
1.1743,0.0015367624165005958,0.001623612320273125,9.006600503338801e-05,1.0
1.1752,0.0015281436400532812,0.001480456557162827,9.030499180775204e-05,1.0
1.1762,0.001525746050380615,0.0014864497412886604,9.10199990485157e-05,1.0
1.1772,0.0015206904800346148,0.0015680499307388891,9.242936142030288e-05,1.0
1.1781,0.0015081833121915085,0.001496142282366244,9.359315196920488e-05,1.0
1.1791,0.001505000000000061,0.0015267901793848682,9.333437001916624e-05,1.0
1.1801,0.0015036927688007898,0.0013401502912240865,9.193506458357702e-05,1.0
1.1811,0.0014963712364927367,0.0015296558596814911,9.087266090069431e-05,1.0
1.182,0.001491948665501675,0.001432042108884854,9.07887401254586e-05,1.0
1.183,0.0015017257912187231,0.0016318679766639487,9.113243983628752e-05,1.0
1.184,0.0015278067604708946,0.0013396769003138171,9.101346966737581e-05,1.0
1.1849,0.0015346946574148694,0.0015778933059398064,9.039006829863897e-05,1.0
1.1859,0.0015134199364385441,0.0014648689266610838,8.989917061176015e-05,1.0
1.1869,0.0014903196204234857,0.0015061412261658093,9.013950351094427e-05,1.0
1.1878,0.00149186365113244,0.0016167404078312505,9.116189287129134e-05,1.0
1.1888,0.0014911867364522755,0.0015228138448881373,9.182022449284277e-05,1.0
1.1898,0.001495323736134207,0.001399498123570771,9.098057059313248e-05,1.0
1.1908,0.0015107961077679137,0.0016452188740156144,8.980640713022065e-05,1.0
1.1917,0.0015168659790315783,0.0016584498738385527,8.925602945700442e-05,1.0
1.1927,0.0015054652691472866,0.001604210087710194,8.913630627615191e-05,1.0
1.1937,0.0015016346472650662,0.0014968933210286262,8.918615673636477e-05,1.0
1.1946,0.001491622058182081,0.0014011964778356542,8.934017400295577e-05,1.0
1.1956,0.0014871628327945891,0.0013256354584197248,8.975285651046434e-05,1.0
1.1966,0.0014850479263618505,0.0015110386703009566,9.068719081864434e-05,1.0
1.1975,0.0014799988731931698,0.0015228529412506097,9.192310249081803e-05,1.0
1.1985,0.001480250950728665,0.0015445870403707096,9.273383177847034e-05,1.0
1.1995,0.0014885557282779392,0.0014224209815136132,9.265715004338005e-05,1.0
1.2004,0.0014896970445896834,0.0016421666988165836,9.176850041261745e-05,1.0
1.2014,0.001485022352822617,0.0016764395053128422,9.084373662719072e-05,1.0
1.2024,0.001477099151871753,0.0016797242728342743,9.037869805252535e-05,1.0
1.2034,0.0014764373936924653,0.0014418033418890912,9.01714300303587e-05,1.0
1.2043,0.0014762562118825762,0.0016255954281181638,8.990495089277472e-05,1.0
1.2053,0.0014724693690757959,0.0014708422990278391,8.95253872962731e-05,1.0
1.2063,0.0014670216631182138,0.001557960733656922,8.927919544747824e-05,1.0
1.2072,0.0014680934023981952,0.0015065355562512777,8.938758955422296e-05,1.0
1.2082,0.0014692620597959662,0.0016111904475520629,8.985369890125426e-05,1.0
1.2092,0.0014653530191234897,0.0014437956359634769,9.039442064505187e-05,1.0
1.2102,0.0014639999999999805,0.0015387596082944949,9.066728161356502e-05,1.0
1.2111,0.0014649749026461186,0.0014137924200764837,9.02992413286041e-05,1.0
1.2121,0.0014866730714420979,0.001613179229679599,8.949455898583934e-05,1.0
1.2131,0.0014829464314430865,0.0013745283796751102,8.898543548124517e-05,1.0
1.214,0.001467739377641082,0.0015091884207496706,8.882989256810615e-05,1.0
1.215,0.0014622151479091136,0.001485830392942893,8.876683127810959e-05,1.0
1.216,0.0014612014609318297,0.001374825832618861,8.869640434105373e-05,1.0
1.2169,0.001463723580083734,0.0015243644717734266,8.865746519501469e-05,1.0
1.2179,0.001460079554599053,0.0014027293058567066,8.868809021223581e-05,1.0
1.2189,0.0014570000000001283,0.001601632731578588,8.876778550372017e-05,1.0
1.2198,0.0014573940722349583,0.001487248117108423,8.88141398660739e-05,1.0
1.2208,0.0014670623195796573,0.0015312103379474073,8.877236641460113e-05,1.0
1.2218,0.0014709683165844986,0.0013468045237974955,8.87134950749831e-05,1.0
1.2228,0.001459279639546772,0.0014509459916097298,8.869807801001338e-05,1.0
1.2237,0.0014728631939031093,0.0015186253804306273,8.869990317614567e-05,1.0
1.2247,0.0014983968147851347,0.0015097128678946412,8.883862437000849e-05,1.0
1.2257,0.0014576616601705565,0.0013912004520641856,8.944836417913287e-05,1.0
1.2266,0.0014547242575713775,0.001337366445312313,9.038379957538946e-05,1.0
1.2276,0.001453552851984082,0.0015133660854671186,9.069436201165531e-05,1.0
1.2286,0.0014570730363153877,0.0015773562624182128,8.991530812704249e-05,1.0
1.2296,0.0014561256618631161,0.0013848728726352404,8.907730135000575e-05,1.0
1.2305,0.0014529999999999721,0.0015204285882290316,8.878476560958221e-05,1.0
1.2315,0.001453000000000048,0.0013823664393515823,8.885645568005631e-05,1.0
1.2325,0.0014529999999999383,0.00151169599777393,8.901500951131197e-05,1.0
1.2334,0.0014530000000000166,0.0014881296617912027,8.908712350859208e-05,1.0
1.2344,0.001453000000000016,0.0013834716576836238,8.90221842633986e-05,1.0
1.2354,0.001453158270468831,0.001419011465988911,8.889817746172865e-05,1.0
1.2363,0.0014538166382600686,0.0016144608890926054,8.879640662040795e-05,1.0
1.2373,0.0014526779996157097,0.0014776436184139835,8.866982017487684e-05,1.0
1.2383,0.0014520000000000568,0.0015489166226879004,8.854871373474636e-05,1.0
1.2392,0.0014519999999999499,0.001309842330209495,8.851561810194303e-05,1.0
1.2402,0.0014513758055528236,0.0015179169411782712,8.857657141390138e-05,1.0
1.2412,0.0014510000000000091,0.0015276518146485933,8.86767061908948e-05,1.0
1.2422,0.0014509999999999833,0.0015873230130140842,8.873799809395944e-05,1.0
1.2431,0.001451000000000067,0.0014765955011145273,8.869778866723972e-05,1.0
1.2441,0.0014539999999999905,0.0014220125217045596,8.861130435571082e-05,1.0
1.2451,0.0014535922064639918,0.0014115085774408726,8.856491526546554e-05,1.0
1.246,0.0014517710119608222,0.0013543388396610272,8.856793351991935e-05,1.0
1.247,0.0014510000000000774,0.0015836713476232833,8.859089830219582e-05,1.0
1.248,0.0014509999999999807,0.0016246651344920037,8.859917096260789e-05,1.0
1.2489,0.0014509999999999506,0.0013118391325343572,8.861242984469514e-05,1.0
1.2499,0.0014509999999998955,0.0014452521556668838,8.87433197764658e-05,1.0
1.2509,0.0014509999999999718,0.001494766648314811,8.906282657543365e-05,1.0
1.2519,0.0014509999999998944,0.0012921044056754987,8.940345257777765e-05,1.0
1.2528,0.001450999999999901,0.0014223355164508452,8.95013448017251e-05,1.0
1.2538,0.0014511105176800568,0.0012466311504399838,8.932376423562423e-05,1.0
1.2548,0.001452000000000027,0.00141204141657798,8.905080568597495e-05,1.0
1.2557,0.001451725521435206,0.0013595307598513243,8.891144147571639e-05,1.0
1.2567,0.0014510000000000356,0.0016283594625285552,8.891695227113872e-05,1.0
1.2577,0.0014515517251771498,0.0016011982852669087,8.891335900717981e-05,1.0
1.2587,0.0014513097799992605,0.0015168363016842595,8.886112108799257e-05,1.0
1.2596,0.0014502846887279898,0.0015090507742242143,8.883920602132376e-05,1.0
1.2606,0.001449999999999916,0.0014341013415356623,8.886994581945473e-05,1.0
1.2616,0.001449999999999989,0.0015344086445113763,8.891549376448329e-05,1.0
1.2625,0.001450000000000016,0.0014279872854343302,8.901073132730433e-05,1.0
1.2635,0.001450156008205552,0.0013188830120664913,8.923202402009069e-05,1.0
1.2645,0.001450999999999944,0.0014352806531542927,8.936138039700154e-05,1.0
1.2654,0.001450999999999967,0.001332862705602632,8.921521954196958e-05,1.0
1.2664,0.0014509999999999849,0.00141141836067261,8.901830369097575e-05,1.0
1.2674,0.001451597299569351,0.0013198775902469588,8.892192740594835e-05,1.0
1.2683,0.0014513780678160374,0.0013488466745459153,8.888379310939963e-05,1.0
1.2693,0.0014502391982023246,0.0015077947003746216,8.887030133331685e-05,1.0
1.2703,0.0014508998071848577,0.0014450282843984051,8.886872130417886e-05,1.0
1.2713,0.0014519613232016127,0.001544244424438049,8.888142136312033e-05,1.0
1.2722,0.0014509999999999673,0.0013679075350606083,8.891803984595217e-05,1.0
1.2732,0.0014509999999998853,0.0015230487894830412,8.901680775295182e-05,1.0
1.2742,0.001450999999999901,0.0013561496973499036,8.915666093054929e-05,1.0
1.2751,0.0014510000000000371,0.0015487192434297955,8.925037872038716e-05,1.0
1.2761,0.0014509999999999226,0.0014262873354947852,8.928243702273215e-05,1.0
1.2771,0.0014509999999999382,0.001575366616202419,8.92753629486355e-05,1.0
1.2781,0.0014509999999999315,0.0015944567349343544,8.924829309881107e-05,1.0
1.279,0.0014510000000000217,0.001344458596803503,8.926694232734347e-05,1.0
1.28,0.0014509999999999341,0.0014948582114321385,8.943196737588185e-05,1.0
1.281,0.001451084303097794,0.0014105745458292305,8.982743532686423e-05,1.0
1.2819,0.0014521092699156227,0.0013173960480503944,9.060152317453573e-05,1.0
1.2829,0.0014530000000000285,0.0014094865423264968,9.172862809905821e-05,1.0
1.2839,0.0014529999999999858,0.001487348031697942,9.253074494436453e-05,1.0
1.2848,0.0014525887783110503,0.0016212390165172975,9.235630708362428e-05,1.0
1.2858,0.0014525500913024516,0.0016785256613966117,9.146090199526484e-05,1.0
1.2868,0.0014530000000000554,0.0015732001550427498,9.052336935510813e-05,1.0
1.2878,0.0014530000000001248,0.001466797827307963,9.012482416153078e-05,1.0
1.2887,0.001453000000000101,0.0013804147505588112,9.032869621601383e-05,1.0
1.2897,0.0014530000000000335,0.0014086674923846933,9.069323743574596e-05,1.0
1.2907,0.0014538702063765772,0.0014192410069045658,9.0818268812938e-05,1.0
1.2916,0.0014528451151056697,0.001530615660476233,9.059264416025881e-05,1.0
1.2926,0.0014519999999999627,0.0014299508538351535,9.04194209835814e-05,1.0
1.2936,0.0014528632418865264,0.001514834510798778,9.051441717010852e-05,1.0
1.2945,0.0014539999999999748,0.0012622904129103109,9.04944154982595e-05,1.0
1.2955,0.0014617443288224754,0.0015693249864934817,9.018962334048334e-05,1.0
1.2965,0.0014581849534157957,0.001541123349884186,8.991120087731289e-05,1.0
1.2974,0.0014549999999998926,0.0013500658538203305,8.978636175145954e-05,1.0
1.2984,0.0014576926347649529,0.0013922473478654685,8.976494315386355e-05,1.0
1.2994,0.001460927170929513,0.0013747163175822973,8.979315211351976e-05,1.0
1.3004,0.0014595262597676048,0.0014027592768614241,8.983950281132866e-05,1.0
1.3013,0.0014624010223875015,0.0014283200628831204,8.990456566314339e-05,1.0
1.3023,0.0014629830158743057,0.0014738078781812334,9.00209909652468e-05,1.0
1.3033,0.00146243174172751,0.0015172288644612383,9.016051622083533e-05,1.0
1.3042,0.0014665116925685613,0.0014033511978605044,9.019055555677791e-05,1.0
1.3052,0.0014619467105995898,0.0015447170428596513,9.01527396347743e-05,1.0
1.3062,0.00145565935945606,0.0014453120347007779,9.027675471425318e-05,1.0
1.3072,0.0014550000000000565,0.0013185840180724086,9.067182860071632e-05,1.0
1.3081,0.0014568862005066507,0.0014852239883558272,9.104462479891491e-05,1.0
1.3091,0.0014590000000000594,0.0016086000132975082,9.105577594741795e-05,1.0
1.3101,0.0014585581791037713,0.0014751929486732586,9.105890624423469e-05,1.0
1.311,0.0014572460017192785,0.0015645337821778888,9.150281249612383e-05,1.0
1.312,0.0014599228455040795,0.001251327169768086,9.222778931490349e-05,1.0
1.313,0.00146613642660847,0.0013751203111566706,9.238102066546327e-05,1.0
1.3139,0.0014739304613534511,0.0016740208412754243,9.188448114492255e-05,1.0
1.3149,0.0014697579868811065,0.001346057181028521,9.147995750164698e-05,1.0
1.3159,0.001459394367678564,0.0013430125272910548,9.115742498174283e-05,1.0
1.3168,0.0014605523859341815,0.0014353826587991437,9.082964550827255e-05,1.0
1.3178,0.0014708867464553656,0.0014517807172999826,9.067180190986921e-05,1.0
1.3188,0.0014734898745595538,0.0014527814758584885,9.069337273853437e-05,1.0
1.3198,0.0014692003897577852,0.0015891449836957171,9.08013506862699e-05,1.0
1.3207,0.001466999999999921,0.001456098007317938,9.087711642687804e-05,1.0
1.3217,0.0014661390047355487,0.0013212753913422583,9.08385263087168e-05,1.0
1.3227,0.0014644311448792293,0.0014397529878690733,9.074164491389037e-05,1.0
1.3236,0.0014651869106770956,0.0012131778983053637,9.069051848649515e-05,1.0
1.3246,0.0014711262746650213,0.0015815136705422228,9.072260446558139e-05,1.0
1.3256,0.001474742660678866,0.0014625368817317173,9.081472789032362e-05,1.0
1.3266,0.0014760101999531075,0.0013819317939427341,9.101766605815058e-05,1.0
1.3275,0.0014769647489250469,0.0014312314548850609,9.14448559790486e-05,1.0
1.3285,0.0014770389459561393,0.0015061252908190109,9.198913323665641e-05,1.0
1.3295,0.0014848082454568977,0.0013029342779264353,9.215757368287056e-05,1.0
1.3304,0.0014930227112650261,0.0015266682947735505,9.180558504997454e-05,1.0
1.3314,0.0015012851153831865,0.0015712490146572073,9.140220274620927e-05,1.0
1.3324,0.0015115286450435048,0.001458402608477983,9.121000328979968e-05,1.0
1.3333,0.001517555783456421,0.0014846322010283182,9.111439157206992e-05,1.0
1.3343,0.0015057748287260887,0.0016875905314665315,9.106128059958763e-05,1.0
1.3353,0.0014864140452948036,0.0015684539923703012,9.107379953880924e-05,1.0
1.3362,0.0014840580878638162,0.0016412446173207722,9.114202362331232e-05,1.0
1.3372,0.001491919174532783,0.001550334126953362,9.127505262347831e-05,1.0
1.3382,0.0014925305372945974,0.0015058280641512618,9.148622621476072e-05,1.0
1.3392,0.0015126637964617794,0.0015800241275109378,9.165957878784946e-05,1.0
1.3401,0.0015455066623384286,0.0015228057984531702,9.16825618518779e-05,1.0
1.3411,0.001546610939773229,0.0017820944953895609,9.163666648624216e-05,1.0
1.3421,0.0015115752062266502,0.0013391480848554222,9.161411852978524e-05,1.0
1.343,0.0014925205519050193,0.0015021202001757237,9.16115855377896e-05,1.0
1.344,0.0015031750684315753,0.0014475006174787261,9.160379669054857e-05,1.0
1.345,0.001511774682985537,0.0014479855852295963,9.161075359694369e-05,1.0
1.3459,0.0015297756918383784,0.0015551480991357182,9.164152724426478e-05,1.0
1.3469,0.0015824949430394534,0.0015119808587143362,9.168392070992601e-05,1.0
1.3479,0.0015758287061896465,0.0016246122033702637,9.176975003122289e-05,1.0
1.3489,0.0015549056770655025,0.0014495909217576077,9.195657749985971e-05,1.0
1.3498,0.001531861175571946,0.001510851574996284,9.215124012416207e-05,1.0
1.3508,0.001553362037815049,0.0016627588327511114,9.215745022303545e-05,1.0
1.3518,0.0016131299599754928,0.0017194337436524326,9.203506303665513e-05,1.0
1.3527,0.001624617781290867,0.0015821681106425968,9.200963615945715e-05,1.0
1.3537,0.0016177855915426277,0.001533688924816065,9.208974942929041e-05,1.0
1.3547,0.0015606348662670743,0.0016170640833834406,9.216359650446485e-05,1.0
1.3557,0.0015276371046339058,0.0015920855962822456,9.218383490665256e-05,1.0
1.3566,0.0016226763278900398,0.0014864320183686445,9.217589502386622e-05,1.0
1.3576,0.00167700140813102,0.001670871259753427,9.218883995725286e-05,1.0
1.3586,0.0015489467249111277,0.0013608379265391546,9.227476629041628e-05,1.0
1.3595,0.001527526138331774,0.00148631307074675,9.245871174431502e-05,1.0
1.3605,0.0015300636564093513,0.0015555360588724086,9.264694971099043e-05,1.0
1.3615,0.0015410208400301376,0.001582908590758128,9.265659360635675e-05,1.0
1.3624,0.001537792446583371,0.0015834317906751939,9.258116399212164e-05,1.0
1.3634,0.0015359999999999098,0.0014364877066731395,9.255631637921318e-05,1.0
1.3644,0.001566107127978191,0.001641300490846413,9.25489855395043e-05,1.0
1.3654,0.0015570312846450878,0.0016437266175399357,9.257112632132108e-05,1.0
1.3663,0.0015099123756303777,0.0016268857399089347,9.26857248107233e-05,1.0
1.3673,0.0015305726010059694,0.0014185561875398258,9.295302937115827e-05,1.0
1.3683,0.001618494961193253,0.0016564060531856978,9.327981649238827e-05,1.0
1.3692,0.0016152195981662054,0.0016297361006055978,9.338291538051795e-05,1.0
1.3702,0.0015512492725659342,0.0015542881954442927,9.33264221327784e-05,1.0
1.3712,0.0015633223614530312,0.0015165547512916361,9.334174646978349e-05,1.0
1.3721,0.001594491872444364,0.0015872462548551466,9.331106407839298e-05,1.0
1.3731,0.0015625510223180082,0.0016199608369059577,9.318096424388783e-05,1.0
1.3741,0.0015132971635439022,0.0015262071854698228,9.307735826843433e-05,1.0
1.3751,0.0015217134376473737,0.0014908210591687142,9.3051734989296e-05,1.0
1.376,0.0015423683605585558,0.001435594326044824,9.306834500265364e-05,1.0
1.377,0.00154779530972429,0.001505762071507875,9.30954406377504e-05,1.0
1.378,0.001543300563890564,0.001515027223292443,9.31322563193764e-05,1.0
1.3789,0.001535915193562129,0.0015712876261837088,9.320926565770229e-05,1.0
1.3799,0.0015277769113597552,0.0015221516759951386,9.335763410412977e-05,1.0
1.3809,0.0015251571465061016,0.0015944978338767169,9.356470014413337e-05,1.0
1.3818,0.0015267358895303892,0.001666159364029534,9.37031855354548e-05,1.0
1.3828,0.0015230000000000532,0.0014935988064837967,9.36646138468798e-05,1.0
1.3838,0.0015258936162788153,0.0016821470365803405,9.35814455495265e-05,1.0
1.3848,0.0015498052102611581,0.001508390435315694,9.359065420493484e-05,1.0
1.3857,0.001565765433205004,0.0015198817254140056,9.363728205069057e-05,1.0
1.3867,0.0015553899995373738,0.0016862295975353483,9.367792009423934e-05,1.0
1.3877,0.0015401415055484875,0.0014897208058311886,9.37828218936667e-05,1.0
1.3886,0.001534168592944016,0.0015952793844605678,9.403470428456662e-05,1.0
1.3896,0.0015307515767820467,0.001380451938149906,9.452688024168493e-05,1.0
1.3906,0.0015264466239217895,0.0015879124470625993,9.521778865670524e-05,1.0
1.3915,0.0015250865647092986,0.0016097839970897658,9.562946623342668e-05,1.0
1.3925,0.0015323666671301927,0.0015778399515519155,9.53483775976817e-05,1.0
1.3935,0.0015380491433023037,0.0014351579425174712,9.482623359908965e-05,1.0
1.3944,0.0015327084243358501,0.0014870580884401112,9.463417334033693e-05,1.0
1.3954,0.00153047987598593,0.0015588896554856403,9.477310764605877e-05,1.0
1.3964,0.001541410788951032,0.00158558522133327,9.498098713951004e-05,1.0
1.3974,0.0015505256953494639,0.0014220317135592575,9.49675087171642e-05,1.0
1.3983,0.0015716828595379643,0.0015292368474924677,9.481046461426996e-05,1.0
1.3993,0.001611413702467458,0.0014120399171344434,9.485753695019099e-05,1.0
1.4003,0.0015797732466085992,0.0015815632634580245,9.51496380728527e-05,1.0
1.4012,0.0015635731377394723,0.001782008827060208,9.538059414364636e-05,1.0
1.4022,0.001544532703126323,0.0015616007069093867,9.534774447806499e-05,1.0
1.4032,0.0015324147858326706,0.0013912352095473786,9.514492976200921e-05,1.0
1.4042,0.0015561080298717401,0.0016161031997762325,9.49551274468856e-05,1.0
1.4051,0.0016027910653725686,0.0015712313067956893,9.496204489118073e-05,1.0
1.4061,0.0016244612360889748,0.0017442613219283204,9.51796839082023e-05,1.0
1.4071,0.0016043486277899255,0.0016880784813320037,9.541464750599582e-05,1.0
1.408,0.001551480629149517,0.0015618698124347384,9.550936430591953e-05,1.0
1.409,0.0015321594087693324,0.0015726132773115113,9.550353994805768e-05,1.0
1.41,0.0015280821566224225,0.0015571714665263124,9.559909652120711e-05,1.0
1.4109,0.0015240136563467886,0.0015444585904667032,9.594975978566261e-05,1.0
1.4119,0.0015358904393947034,0.0015825329008113092,9.642700478332074e-05,1.0
1.4129,0.0016098153241619324,0.0016864988369227627,9.664056651906739e-05,1.0
1.4139,0.0016625797064483449,0.0014929511580188915,9.668291815191383e-05,1.0
1.4148,0.0016566553821261319,0.0015730360554802438,9.708490033292038e-05,1.0
1.4158,0.0016202030237411616,0.0016342801756595753,9.772963486735469e-05,1.0
1.4168,0.0015678998275791556,0.0014838637111219961,9.776503508308352e-05,1.0
1.4177,0.0015679599956560024,0.0017111047719233754,9.706070030913563e-05,1.0
1.4187,0.0015914937986403746,0.0015887900281643208,9.63674363672517e-05,1.0
1.4197,0.001631128921465368,0.0016860950265175905,9.615205468905503e-05,1.0
1.4206,0.0016765053524460637,0.0015749374782038383,9.631770207907483e-05,1.0
1.4216,0.0017044328559144763,0.0016384296790694804,9.672077312060441e-05,1.0
1.4226,0.001699706238574066,0.0016806275240473483,9.744523627693507e-05,1.0
1.4236,0.0016432979674283871,0.0016057565594302,9.827614320725587e-05,1.0
1.4245,0.001556510980488856,0.0014517585897012159,9.842393776713393e-05,1.0
1.4255,0.001519811550435832,0.001511954089093091,9.786701065554065e-05,1.0
1.4265,0.0015088499972054357,0.0016437290577299827,9.74012750920433e-05,1.0
1.4274,0.0015014494304896554,0.001392290733002672,9.723844313225007e-05,1.0
1.4284,0.0014972048758330107,0.0015188881077396273,9.719451401060126e-05,1.0
1.4294,0.0014944234660154902,0.001576254116182904,9.722791916439978e-05,1.0
1.4303,0.0015019133788089201,0.0015073747373268863,9.720389633182003e-05,1.0
1.4313,0.0015228160919329593,0.0014753728206998234,9.696163757591265e-05,1.0
1.4323,0.0015357311897669379,0.0014516252162266163,9.669762999713709e-05,1.0
1.4332,0.0015423974962603928,0.0016356000321412947,9.657970499472839e-05,1.0
1.4342,0.001533879471989863,0.0014542108209926,9.677404868429629e-05,1.0
1.4352,0.0015192462873870511,0.0015355085768271471,9.724400834575275e-05,1.0
1.4362,0.0015355450395658145,0.0016641042617130462,9.775705056936404e-05,1.0
1.4371,0.0015660235055126631,0.0016703840558377953,9.806653715480114e-05,1.0
1.4381,0.0015993395111205432,0.0016857093433664029,9.803062812790899e-05,1.0
1.4391,0.0016263731444409355,0.0014719852238222126,9.775246182559383e-05,1.0
1.44,0.0016026963808238183,0.001515564935658082,9.759752505285506e-05,1.0
1.441,0.0015264355489605342,0.0012909169939977637,9.767156987243737e-05,1.0
1.442,0.0015036504530488107,0.0015342536731877653,9.774810420336393e-05,1.0
1.4429,0.0014998859735717558,0.0014486910716078603,9.777164924593513e-05,1.0
1.4439,0.0014986720313069767,0.0014774256809480405,9.77586892793503e-05,1.0
1.4449,0.0015085359609687367,0.0013617221523849463,9.760117201797752e-05,1.0
1.4459,0.0015241782732640888,0.0014900155792400057,9.74939270266758e-05,1.0
1.4468,0.0015233451246639883,0.0015525403371288357,9.754758080652155e-05,1.0
1.4478,0.0015215477971313688,0.001541766243720394,9.770477585966042e-05,1.0
1.4488,0.0015517911687517461,0.0015730418412549974,9.797169870507496e-05,1.0
1.4497,0.0015858792854084789,0.0016551581137957292,9.824251439282072e-05,1.0
1.4507,0.0015634072777610268,0.0016135671053062084,9.835977077368617e-05,1.0
1.4517,0.0015358285545576372,0.0016307843286971506,9.819043520079255e-05,1.0
1.4527,0.001528513597724972,0.001561126913962937,9.795321827636161e-05,1.0
1.4536,0.0015295523694501302,0.0015082652339348478,9.805959967315758e-05,1.0
1.4546,0.0015584616664113566,0.001567958926009937,9.863565057100053e-05,1.0
1.4556,0.0015930702976757788,0.0014585269256566214,9.936750408617234e-05,1.0
1.4565,0.0016108893559136645,0.0014924253032171154,9.971714799952665e-05,1.0
1.4575,0.0015780574903955025,0.0016925426273787837,9.946235762057381e-05,1.0
1.4585,0.0015468169801664813,0.0016405530495277522,9.890832872672794e-05,1.0
1.4594,0.0015223517587091351,0.0014404136561354938,9.862148530840443e-05,1.0
1.4604,0.0015021733381839718,0.0014015318610345827,9.886691172697102e-05,1.0
1.4614,0.0014888971293456539,0.001532054968136782,9.93244509284808e-05,1.0
1.4624,0.001478812654705741,0.0015855862284774192,9.940556368657368e-05,1.0
1.4633,0.0014753268910018792,0.001451148338112723,9.911505895721058e-05,1.0
1.4643,0.0014733757712291312,0.0013111891633650957,9.901269918325173e-05,1.0
1.4653,0.0014729999999998902,0.0015142877907049982,9.929577991264689e-05,1.0
1.4662,0.0014749521505403721,0.0014689775464217243,9.946797136488431e-05,1.0
1.4672,0.001477609296293202,0.001526520872972867,9.917608877397863e-05,1.0
1.4682,0.0015056743017730534,0.001575507524475341,9.876995239277622e-05,1.0
1.4691,0.0015595033699332037,0.001467113412949245,9.880155882240471e-05,1.0
1.4701,0.0015756647361807635,0.001574741822381446,9.939955153003241e-05,1.0
1.4711,0.001562663336134828,0.0017638245935205025,0.0001001072269952987,1.0
1.4721,0.001522650417041133,0.0015443376078653724,0.00010030560682367702,1.0
1.473,0.001484271175762067,0.0015376862380403734,9.991977952127207e-05,1.0
1.474,0.0014732847901780513,0.0014647972847632012,9.948466817334377e-05,1.0
1.475,0.001481969492684238,0.0013735963483747847,9.931430456401564e-05,1.0
1.4759,0.0014899131937224463,0.0013550589779442372,9.923403990187563e-05,1.0
1.4769,0.0014879246620985707,0.0014783861203789986,9.909464380698115e-05,1.0
1.4779,0.0015132203185270422,0.0014703311367295047,9.894829935198244e-05,1.0
1.4788,0.0015716470222560052,0.0014187669287150427,9.888418909462849e-05,1.0
1.4798,0.0016435071206583347,0.0016811074093432247,9.89705591076601e-05,1.0
1.4808,0.0016671887688778399,0.0016655940869113378,9.924772832436651e-05,1.0
1.4818,0.0016580778119687674,0.0017474866899573835,9.964128378430658e-05,1.0
1.4827,0.0016101303568244383,0.0017677449865325715,0.00010000214661113272,1.0
1.4837,0.001533677046495559,0.0015210988206232588,0.00010026873189568029,1.0
1.4847,0.001483578991761824,0.0015232907607595056,0.00010059774312753897,1.0
1.4856,0.0014734624632398116,0.0015277985543314366,0.00010135559183448182,1.0
1.4866,0.001470536344610664,0.0015196977735252078,0.00010311142341681829,1.0
1.4876,0.0015093698207435122,0.0015027001893585382,0.00010547483096711542,1.0
1.4885,0.0015647607765980139,0.0017659964226674457,0.00010635941345421389,1.0
1.4895,0.0015610425862721473,0.001481763317848949,0.00010523967459583404,1.0
1.4905,0.0015006552792072895,0.0015484592614715474,0.00010388488251967679,1.0
1.4914,0.001470904257633253,0.0014584522944803499,0.00010259789075860093,1.0
1.4924,0.0014617597262195656,0.0014429640973850676,0.0001012665492830465,1.0
1.4934,0.001461000000000142,0.0014615666986948768,0.000100415750495715,1.0
1.4944,0.0014770004460155472,0.0014947126725905098,0.00010030751569556481,1.0
1.4953,0.0015288871816056741,0.0015527044642248485,0.00010063710708016274,1.0
1.4963,0.0015171774156609908,0.0015801921254532392,0.0001008185100345857,1.0
1.4973,0.0014764145237528535,0.0016333065868370832,0.00010062492870725157,1.0
1.4982,0.0014646585828568541,0.0015332920233959064,0.00010049823627071991,1.0
1.4992,0.001470874607294559,0.0013838235831557808,0.00010078853769211339,1.0
1.5002,0.0014760775621453215,0.0014334461763555386,0.00010201242821406562,1.0
1.5012,0.0014761686096711264,0.0014249910838908509,0.00010492963783134525,1.0
1.5021,0.0014751435184000307,0.0017076842783195132,0.00010919605273552766,1.0
1.5031,0.0014670451642796272,0.0015125660110990296,0.00011223377888341354,1.0
1.5041,0.0014615328705946907,0.0014234102847886499,0.0001115616996485248,1.0
1.505,0.0014724405192330103,0.0014354403464600905,0.00010859255875374795,1.0
1.506,0.0015325146871927827,0.0015388811045796765,0.00010541037980218828,1.0
1.507,0.0015836171035244933,0.001611811291659275,0.0001030489388495191,1.0
1.5079,0.0015823924958075445,0.0014434425503910874,0.00010184478197842325,1.0
1.5089,0.001571008583729204,0.0016806866407567702,0.00010153662429222071,1.0
1.5099,0.0015603578988338095,0.0015384060239691441,0.0001015461038967588,1.0
1.5109,0.0015492298337204567,0.0014649078130973292,0.00010146131922818657,1.0
1.5118,0.00153717470520987,0.0015033331434718329,0.00010150737315254077,1.0
1.5128,0.0015214820987119008,0.0014786824880220163,0.00010211740697723164,1.0
1.5138,0.0015022039299794183,0.0015991191746353925,0.0001034072860462757,1.0
1.5147,0.001468144906932489,0.001506832761518324,0.00010517071529797565,1.0
1.5157,0.0014559715855018568,0.0015293673667903975,0.00010678272153662791,1.0
1.5167,0.0014535181897799758,0.0014192482042423209,0.00010694308134973658,1.0
1.5176,0.0014524936751884566,0.001504962726239086,0.00010567670006322391,1.0
1.5186,0.0014526446321526103,0.0012131557252110711,0.00010400493584779135,1.0
1.5196,0.0014537836375399281,0.0017221831671474916,0.0001027511212315147,1.0
1.5206,0.0014604575500750136,0.001566694504064282,0.00010240402546571887,1.0
1.5215,0.001465737992123742,0.001448755292009224,0.00010284244543588879,1.0
1.5225,0.001471653978853429,0.001496781327776325,0.00010317913038423307,1.0
1.5235,0.001465980989738658,0.0014803559915817085,0.00010276957577325681,1.0
1.5244,0.0014580022970212294,0.001433037870246912,0.00010222786071284401,1.0
1.5254,0.0014546115688679364,0.0015227933410742155,0.00010203931878603815,1.0
1.5264,0.0014539999999999228,0.0014854056017843853,0.00010209550117712858,1.0
1.5273,0.0014540000000000197,0.001298715976310285,0.00010219243015275452,1.0
1.5283,0.0014553805169038817,0.0013523924486725572,0.000102359612459725,1.0
1.5293,0.0014634621525897405,0.0013211808264857003,0.00010254611745203469,1.0
1.5302,0.001463291561326558,0.001395988247550595,0.00010251379744755147,1.0
1.5312,0.0014550542022079651,0.0013305591520420147,0.00010244360255942374,1.0
1.5322,0.0014530000000000777,0.0015755319149670115,0.0001025557700807917,1.0
1.5332,0.0014529999999999361,0.0013977914495107472,0.00010281062092692466,1.0
1.5341,0.0014532950520441195,0.0013423925060081579,0.00010295848513930082,1.0
1.5351,0.0014544339216575346,0.001687214044843788,0.00010286100008566531,1.0
1.5361,0.001462448051582969,0.0015438783762492985,0.00010295156627054444,1.0
1.537,0.0014835449461014054,0.0014745893620601558,0.00010351421924732944,1.0
1.538,0.0015035686448566542,0.001557436622044346,0.00010439707253753895,1.0
1.539,0.0015192465611068608,0.0017093918841646404,0.00010511505123238877,1.0
1.5399,0.0015290973887607002,0.0014133071452014007,0.00010506426269416534,1.0
1.5409,0.001539038715249459,0.0014751720334436583,0.0001041376987915072,1.0
1.5419,0.0015305915220518611,0.0017231060170052929,0.0001031547296230667,1.0
1.5429,0.0014781673636470407,0.0013878922200631517,0.00010261397269473035,1.0
1.5438,0.0014576378297219827,0.0015391797000801743,0.00010233984918870026,1.0
1.5448,0.001459795479568034,0.0013415813628793463,0.00010231576029766883,1.0
1.5458,0.001479223604119809,0.0016076785147974473,0.0001025249772714591,1.0
1.5467,0.0014854259646335422,0.0014318816067343412,0.00010276870065001108,1.0
1.5477,0.001472275640051554,0.0015389644056921442,0.00010295553608000749,1.0
1.5487,0.0014607177959867657,0.0014053825561178522,0.00010317982368623373,1.0
1.5497,0.0014600592502777435,0.0013126214233983118,0.00010344996623940142,1.0
1.5506,0.0014608313169023363,0.0012614088164997674,0.00010352170690637584,1.0
1.5516,0.00145766073302522,0.0015308120092208462,0.00010341768995537663,1.0
1.5526,0.0014522763910564936,0.0014871731242397602,0.00010358951921207291,1.0
1.5535,0.0014513861688687068,0.001308307045862778,0.00010419021461404593,1.0
1.5545,0.0014530500769647106,0.0014911042305548496,0.00010481578783995349,1.0
1.5555,0.0014586483070876826,0.0014862367173119671,0.00010492995844486428,1.0
1.5564,0.001458933001898397,0.0017816490114153855,0.00010470210617733697,1.0
1.5574,0.001454691748921771,0.0013516593519175642,0.00010455841306915748,1.0
1.5584,0.0014520682576207007,0.001482743553994241,0.00010451599788912525,1.0
1.5594,0.0014522094816062207,0.001645398693902381,0.00010433293801515239,1.0
1.5603,0.0014541298320743655,0.0013952840983597653,0.0001040477412807042,1.0
1.5613,0.0014547311625382746,0.0014289861697541503,0.00010408843096878568,1.0
1.5623,0.0014539999999998276,0.001493193089714635,0.00010455967343152892,1.0
1.5632,0.0014548633187886184,0.0014057694741744133,0.0001050104348938874,1.0
1.5642,0.0014565706647816055,0.0015888058759955233,0.00010486793518216799,1.0
1.5652,0.0014591286031857655,0.0013989685322575096,0.00010433131124125457,1.0
1.5661,0.0014570614973341365,0.0015384513897208206,0.00010403175124150429,1.0
1.5671,0.0014533791068388306,0.0015051139535538084,0.00010414857248353873,1.0
1.5681,0.0014530113617152779,0.001299541675605436,0.0001044963067249335,1.0
1.5691,0.0014539999999999803,0.001384435819968468,0.00010467854591518434,1.0
1.57,0.0014541754583737168,0.0013750355942806086,0.0001045343436486252,1.0
1.571,0.0014550000000000526,0.0013296668428001233,0.00010431709827309448,1.0
1.572,0.0014554533333746263,0.0010738236100632835,0.00010440886038932927,1.0
1.5729,0.0014564778803628448,0.001304158915879012,0.00010505080251389646,1.0
1.5739,0.0014576161553071234,0.0014880695641085588,0.00010647508549658813,1.0
1.5749,0.0014723480531957855,0.0015396950036709574,0.0001082094383239091,1.0
1.5758,0.0014887017428805225,0.0015086103911572226,0.00010975032126829163,1.0
1.5768,0.001468102838937683,0.001310896271445934,0.0001103409961630375,1.0
1.5778,0.0014569999999999958,0.001551283452620637,0.00010936801199286055,1.0
1.5788,0.001458371003396427,0.0014712988107281888,0.00010784338862702736,1.0
1.5797,0.0014681980290858594,0.0014367978808501986,0.0001070102653932155,1.0
1.5807,0.00147688077712855,0.0015214828816558364,0.00010715907650310648,1.0
1.5817,0.0014645035282995372,0.0014860336659526902,0.00010788344318445261,1.0
1.5826,0.0014671865530872408,0.0013376347396140268,0.00010821014894631588,1.0
1.5836,0.0014670293103611596,0.0016605397422993129,0.00010780494664968896,1.0
1.5846,0.0014617973951195783,0.0015724337407892212,0.0001071709810982294,1.0
1.5855,0.0014626514849825237,0.001530244992762806,0.00010700839778745955,1.0
1.5865,0.001457211512728565,0.0016442296486194933,0.00010774472772293662,1.0
1.5875,0.0014661384957220234,0.0014685936495842582,0.00010912763762962629,1.0
1.5884,0.0014733210339644273,0.0014272836849650603,0.00011031489751938058,1.0
1.5894,0.0014547334248015747,0.0014210105419115988,0.00011028767680456218,1.0
1.5904,0.0014544054448121298,0.0015617150325676838,0.0001090232231757448,1.0
1.5914,0.001455544450199357,0.0013650121912695452,0.0001075754927543185,1.0
1.5923,0.0014577066805842457,0.0014443467253866871,0.00010651600422670169,1.0
1.5933,0.0014597072721320775,0.0012527903632154295,0.00010601791454770005,1.0
1.5943,0.0014566148899226737,0.0015420467250982805,0.00010600954476374448,1.0
1.5952,0.001455128766983378,0.0012821269740395174,0.00010626674027600384,1.0
1.5962,0.0014550307152124103,0.001394434203074458,0.00010647948810857656,1.0
1.5972,0.0014584472220100118,0.0012876059663119827,0.00010637807106989356,1.0
1.5982,0.0014615739489057889,0.0016743590208129005,0.00010624737802750855,1.0
1.5991,0.0014633120657241378,0.0014099022624447157,0.00010648769045247991,1.0
1.6001,0.0014649021422227777,0.001529712131855535,0.0001071632469101554,1.0
1.6011,0.0014683597628998835,0.0014509261260049512,0.00010785176472005515,1.0
1.602,0.0014749202559694473,0.0015787397717027143,0.00010802861051520839,1.0
1.603,0.0014847786159319562,0.001466566338950695,0.00010817203128987178,1.0
1.604,0.0014861082319549894,0.0014239939791741989,0.0001083957666082345,1.0
1.6049,0.0014850831406837855,0.0013833073900743286,0.00010798448812872824,1.0
1.6059,0.0014856648117796188,0.001555530525788477,0.00010742593054563653,1.0
1.6069,0.0014790274361184631,0.0013375808196090945,0.00010735238307922708,1.0
1.6079,0.0014779934067694427,0.0015197766192530807,0.00010737548709528051,1.0
1.6088,0.0014843576920234305,0.0015954567936720945,0.00010727743168439736,1.0
1.6098,0.0014969174792871037,0.0014099892443887225,0.00010730434495686441,1.0
1.6108,0.001526160309654841,0.0015604581853484213,0.00010744683225148125,1.0
1.6117,0.0015241081506818788,0.0015471648679831575,0.000107647195073199,1.0
1.6127,0.0015012290152590733,0.0013749795987211938,0.00010793582232940124,1.0
1.6137,0.0014791895074604518,0.0014803375468846092,0.0001085996812595308,1.0
1.6146,0.001480887049525222,0.0015400548246042602,0.00011001435794139833,1.0
1.6156,0.0014843040656870546,0.0013945799157038165,0.00011111624115320115,1.0
1.6166,0.0014896439667790287,0.0014565838058218164,0.00011052842289483358,1.0
1.6176,0.0015029243843504554,0.0016348341767600417,0.00010963388579940638,1.0
1.6185,0.001515838190587039,0.0016926334740923637,0.0001097313060569754,1.0
1.6195,0.001526253127617288,0.001556466263017542,0.00011039440871977089,1.0
1.6205,0.001533767402848712,0.001660699420048149,0.00011059726220343228,1.0
1.6214,0.001540943041747078,0.0014599947710193608,0.00011000508560474272,1.0
1.6224,0.0015480651562791627,0.001705190425547373,0.00010940573090830182,1.0
1.6234,0.0015548973092183857,0.001559936423344273,0.00010916127149846043,1.0
1.6243,0.0015609441670131805,0.0013459145716834633,0.0001090723582781379,1.0
1.6253,0.001553118110830551,0.0015674611518793216,0.00010883007304605633,1.0
1.6263,0.0015459990420070924,0.001748264259942936,0.00010852016491807953,1.0
1.6272,0.001540689411332658,0.0014102509053703313,0.00010837808474371434,1.0
1.6282,0.0015395511911518514,0.0013442212290325367,0.00010848910646443644,1.0
1.6292,0.0015389999999999657,0.0014855572812744239,0.00010891988899348057,1.0
1.6302,0.0015331865292072693,0.0013012183944058147,0.00010958772038840006,1.0
1.6311,0.001526489349278403,0.0015669363918477865,0.00011022958132643262,1.0
1.6321,0.0015196561315967336,0.001568790932557193,0.0001105682286043917,1.0
1.6331,0.001528256600521209,0.0017687422021114,0.00011042995369774593,1.0
1.634,0.0015375881333318004,0.0017635895397371672,0.00011012584877071024,1.0
1.635,0.0015476150558924658,0.0016089181274107302,0.00011010205081935199,1.0
1.636,0.001545337045117953,0.0015237938448538705,0.00011046980770790421,1.0
1.6369,0.001543287134122979,0.0013990448384449301,0.00011117774204755887,1.0
1.6379,0.0015390307518761423,0.001578996409167466,0.00011213842103267651,1.0
1.6389,0.001531566866672431,0.0016241198003915606,0.00011273446836465254,1.0
1.6399,0.0015243669537520089,0.0016707364758450501,0.00011271983610137106,1.0
1.6408,0.001542931641146318,0.0014322014247166914,0.00011234058932598725,1.0
1.6418,0.0015788969440937804,0.0015672365869928264,0.00011165596391884135,1.0
1.6428,0.0016134459644135757,0.0016229814389990811,0.00011098591971023349,1.0
1.6437,0.0015901353743340947,0.001407775314398122,0.00011073847989945803,1.0
1.6447,0.0015461903609361135,0.00141529308092323,0.00011094743736137912,1.0
1.6457,0.0015146072882997953,0.0013791335098068266,0.00011152261695452095,1.0
1.6467,0.0015105479200619519,0.0017145603421045387,0.00011232361601773406,1.0
1.6476,0.001514161796318059,0.0016949161507387397,0.00011289885106850244,1.0
1.6486,0.0015153212047134353,0.0016914357870928104,0.00011284087285707057,1.0
1.6496,0.0015125465979782446,0.0014220309290167404,0.00011226215933163697,1.0
1.6505,0.001513685783890084,0.0013699157273858692,0.00011171859745814561,1.0
1.6515,0.0015179270462347962,0.0017451829873161634,0.00011161976655630464,1.0
1.6525,0.0015310507024302448,0.0015378697147029378,0.00011193350184312259,1.0
1.6534,0.0015467229174568325,0.0015337851951391515,0.00011236606918217575,1.0
1.6544,0.0015473133445774816,0.0015783262711802685,0.00011267389876934307,1.0
1.6554,0.001532506274542802,0.0015971409042714912,0.00011287295804772691,1.0
1.6564,0.0015188238973248328,0.0016000761213388497,0.00011332912594732218,1.0
1.6573,0.0015110705607375556,0.0015616277638992807,0.00011413546882648241,1.0
1.6583,0.001505377892070362,0.001479555764475591,0.00011486760644489197,1.0
1.6593,0.001501410126401553,0.0012788125432283094,0.000114939595343718,1.0
1.6602,0.0015045535298830106,0.001306479543120359,0.00011452859145516777,1.0
1.6612,0.001509191715005886,0.0015961709571124625,0.00011430572042103157,1.0
1.6622,0.0015158339316723236,0.001365540317594687,0.00011456140349579505,1.0
1.6631,0.001515190209790628,0.0015565710377967563,0.00011531900485373803,1.0
1.6641,0.0015169876455336712,0.0016314768173830492,0.00011646228071690603,1.0
1.6651,0.001520872339166159,0.0014644395651630985,0.0001173605033622367,1.0
1.6661,0.0015266425410728791,0.0016290813759204212,0.00011731457280657384,1.0
1.667,0.0015327930886999952,0.0016158230548573242,0.00011635859131944404,1.0
1.668,0.0015411613909793562,0.0014773979591283628,0.0001154187804866894,1.0
1.669,0.0015520891749875169,0.0015009990580211806,0.00011511146315105598,1.0
1.6699,0.0015623387299627078,0.0014694523891900172,0.00011550440390330595,1.0
1.6709,0.0015679271216165213,0.0016188812191749089,0.00011620693177573244,1.0
1.6719,0.0015669999999999432,0.001654098339660987,0.00011667848302393842,1.0
1.6728,0.001566999999999963,0.0017386908730315982,0.00011682239173815232,1.0
1.6738,0.001566999999999933,0.0016832300481066996,0.00011700395605958446,1.0
1.6748,0.0015675137110907564,0.0015838533012521344,0.0001176233101489383,1.0
1.6758,0.0015673474192955644,0.0013842725404282664,0.00011820912821290642,1.0
1.6767,0.001560223280244086,0.0015506503096425763,0.00011810423197319152,1.0
1.6777,0.001549658265618542,0.0015890824522975147,0.00011730504900107574,1.0
1.6787,0.0015394103277812776,0.001493954748051362,0.00011646658832814466,1.0
1.6796,0.0015360615021135504,0.0016217168160268726,0.00011618045734523718,1.0
1.6806,0.0015326444859516109,0.0013872826867196183,0.00011640786158180488,1.0
1.6816,0.0015320589943714012,0.0015061417100236628,0.00011677239187818085,1.0
1.6825,0.0015411035864074,0.0016238286174406048,0.00011691707226663664,1.0
1.6835,0.0015540439840330904,0.0016455275315027857,0.00011683946523137625,1.0
1.6845,0.001567710419396332,0.0013628938509454534,0.00011676253374561516,1.0
1.6854,0.0015794272217633054,0.0016171761385876382,0.0001167552241125611,1.0
1.6864,0.0015926795792981906,0.0013759504166375054,0.00011690538088008991,1.0
1.6874,0.001599444748150534,0.00185254854161012,0.00011730649806275687,1.0
1.6884,0.0015819994164992174,0.001723219373017788,0.00011783606821377512,1.0
1.6893,0.001564575173041271,0.0016506886982883841,0.00011827746440141817,1.0
1.6903,0.0015468520335411317,0.0014179876926121147,0.00011854032480961727,1.0
1.6913,0.0015391819964258294,0.0017006675607088707,0.00011838305824893749,1.0
1.6922,0.0015330345020489252,0.001629220756694963,0.00011784628666205759,1.0
1.6932,0.0015290000000000917,0.0016226969916553315,0.00011742331154262506,1.0
1.6942,0.0015308144837468535,0.0015580898190221406,0.0001173374001431056,1.0
1.6952,0.0015342310925877093,0.0016010444200341492,0.0001175110682601005,1.0
1.6961,0.0015403815216030211,0.001616096855629291,0.00011782104120360449,1.0
1.6971,0.0015538013244402247,0.0016851785411867567,0.00011817162840207064,1.0
1.6981,0.0015683641987931673,0.0015307632123381142,0.00011853723403020099,1.0
1.699,0.001575011374315004,0.0016230396380302597,0.00011902782943524776,1.0
1.7,0.001559274920400287,0.001590652859958298,0.00011975078814310712,1.0
1.701,0.0015441211243021932,0.0017372108571515601,0.00012037935486488929,1.0
1.7019,0.001537241494354488,0.0013458165767352033,0.00012037642719379122,1.0
1.7029,0.0015456080416787262,0.0016888685265301988,0.00011985157932654102,1.0
1.7039,0.0015552025475295075,0.001425055791166023,0.00011941318265026384,1.0
1.7049,0.0015595786476570045,0.0015876078847041118,0.0001193620283794473,1.0
1.7058,0.0015583711698005324,0.0017173621728192316,0.00011973712570487859,1.0
1.7068,0.0015560934305734707,0.0014246652658586024,0.00012037120508471905,1.0
1.7078,0.0015524530931095375,0.001610299221018175,0.00012114682459791538,1.0
1.7087,0.0015464194667702408,0.001561808904437096,0.00012234524498124473,1.0
1.7097,0.0015409795518671102,0.001285404132464262,0.00012466745438806067,1.0
1.7107,0.001534847060635904,0.0015998485508526704,0.0001272746442249545,1.0
1.7116,0.0015266474166557734,0.001717905785986196,0.00012740056890592192,1.0
1.7126,0.0015186553395763523,0.0015061445463266242,0.0001249533282941186,1.0
1.7136,0.0015180878342214278,0.0015874455724194149,0.00012271364578170577,1.0
1.7146,0.0015298525866028012,0.001275138330625151,0.00012179161751113354,1.0
1.7155,0.0015440386787534512,0.0015444603441209762,0.00012185028682870218,1.0
1.7165,0.0015539912881004925,0.00145880990142051,0.00012219454210472957,1.0
1.7175,0.001542623761208378,0.0015378468508349156,0.00012224545575903478,1.0
1.7184,0.0015325444034931979,0.0015813013284098742,0.0001221989330777672,1.0
1.7194,0.0015243985233350096,0.0015557866115194178,0.00012240557807236858,1.0
1.7204,0.0015221207841078343,0.001542711018975203,0.00012277702675080447,1.0
1.7213,0.0015205353007828632,0.0012927809139135359,0.00012296037971100586,1.0
1.7223,0.0015181909466114852,0.001532936668640998,0.00012308649228160847,1.0
1.7233,0.0015140342589357472,0.0014254785026639896,0.00012349409672209914,1.0
1.7242,0.0015114669469255865,0.00157098285579919,0.0001238075839391905,1.0
1.7252,0.001529110638490276,0.0014046369073198932,0.00012364521893597452,1.0
1.7262,0.0015369324323007481,0.0014555629536890954,0.00012341131095861246,1.0
1.7272,0.0015617631550551073,0.0017327040954703782,0.00012344733166638286,1.0
1.7281,0.0015811349887631836,0.0014728184607712858,0.0001235829807282164,1.0
1.7291,0.0015674216516968482,0.0016954701743989414,0.00012367465262034635,1.0
1.7301,0.0015457805493383355,0.0015236906295668343,0.0001238451475379335,1.0
1.731,0.0015324286718000108,0.0013644613616091371,0.00012440933519035092,1.0
1.732,0.0015393871220824955,0.0018042700795603407,0.00012572523731078805,1.0
1.733,0.0015575968610570077,0.0015667616818259454,0.0001272971332354445,1.0
1.7339,0.0015748042900676524,0.001497919573125014,0.00012768383895490318,1.0
1.7349,0.0015760979550998087,0.0014776076402944812,0.00012706509538535615,1.0
1.7359,0.0015728199443251752,0.001511898482156376,0.00012650956827475312,1.0
1.7369,0.0015696281777339992,0.0016594851939546133,0.0001261908098149961,1.0
1.7378,0.0015624715022996324,0.0014403333694460675,0.0001259500504497524,1.0
1.7388,0.0015514733035842583,0.001452894456372355,0.00012592187660835663,1.0
1.7398,0.0015460000000000252,0.0016541816492554981,0.00012625002213049582,1.0
1.7407,0.0015437767358314279,0.0016201698898056008,0.00012673898424603956,1.0
1.7417,0.0015406103571410784,0.0016803601288335314,0.00012687692023205307,1.0
1.7427,0.0015391672574109278,0.0015285570809598875,0.00012656822779545857,1.0
1.7437,0.0015370568850436596,0.001622236131309715,0.00012617452367784477,1.0
1.7446,0.0015340100537519572,0.0015730828272177806,0.0001262106014828675,1.0
1.7456,0.001530999999999886,0.0012809788714372085,0.00012684720809481707,1.0
1.7466,0.0015348433325034921,0.0014576105920330526,0.0001276880375198772,1.0
1.7475,0.0015494870781491434,0.001422876994050222,0.00012782354985851237,1.0
1.7485,0.0015661228395604534,0.0019203461471090835,0.00012712385089754024,1.0
1.7495,0.001579187159631761,0.0016974178389285392,0.00012659772687751165,1.0
1.7504,0.00158600653283867,0.0017315613373251547,0.00012657517443418585,1.0
1.7514,0.001591701559774969,0.0014305206169283073,0.00012676203692374416,1.0
1.7524,0.0015965132679249346,0.0016824111475825447,0.00012696120499889167,1.0
1.7534,0.001592914759981228,0.0014834129369514976,0.00012715132671653603,1.0
1.7543,0.0015878314429002439,0.0014582417058617726,0.00012739742451281974,1.0
1.7553,0.0015823696980399797,0.0015995176677930602,0.0001277124488546233,1.0
1.7563,0.0015714798429659863,0.0018424562416826267,0.0001280113773084077,1.0
1.7572,0.0015602081577097107,0.0015369889202314052,0.00012814883677090535,1.0
1.7582,0.0015491362241427666,0.0014415812432234728,0.0001281928255407291,1.0
1.7592,0.0015505965743619512,0.0015569390588279954,0.00012841135723284323,1.0
1.7601,0.0015598223958025984,0.0013531959333124685,0.000128855666630831,1.0
1.7611,0.0015692875060339894,0.0016441985062441622,0.00012947847694176482,1.0
1.7621,0.0015728496157358107,0.001617996206359621,0.00012984826890405254,1.0
1.7631,0.0015698746513940337,0.001653749573112165,0.0001296284418601137,1.0
1.764,0.0015676489377032328,0.00177189787275974,0.00012930416750825565,1.0
1.765,0.0015601472018075043,0.0015606209364959114,0.00012920470753882953,1.0
1.766,0.001541515391373708,0.0015834776323995932,0.00012926124577931808,1.0
1.7669,0.001531218807854805,0.001480138409821747,0.00012948956852080042,1.0
1.7679,0.0015278840041783846,0.0014425173429587178,0.00012986063829970937,1.0
1.7689,0.0015199927889448382,0.0015248556049694748,0.00013023593277150752,1.0
1.7698,0.0015204621169626208,0.0014586112812390523,0.0001305891335299439,1.0
1.7708,0.0015261571438991623,0.0017742094807516747,0.00013099133333395493,1.0
1.7718,0.0015405860783397369,0.0014871671947129482,0.00013145968114531593,1.0
1.7728,0.0015565143075999223,0.00154882446997704,0.00013169397878743573,1.0
1.7737,0.0015692665121995347,0.0017262742226025773,0.00013142757201459686,1.0
1.7747,0.0015658270317460967,0.0016210139150681716,0.00013110598125692303,1.0
1.7757,0.0015445996401881497,0.0014055412817346907,0.00013105162658004325,1.0
1.7766,0.0015261479973064697,0.00150867632999111,0.00013113533655893068,1.0
1.7776,0.0015154254266524128,0.0014828732169124682,0.00013121314222140556,1.0
1.7786,0.0015192777505235644,0.0017468415671425218,0.00013129479890079386,1.0
1.7795,0.0015291185466098204,0.0015070813469826242,0.00013144974320659233,1.0
1.7805,0.001539893495711796,0.0014733804186315507,0.00013193086858780153,1.0
1.7815,0.0015229203765364842,0.0015378613136581135,0.00013276305039531836,1.0
1.7824,0.0015179999999999643,0.0012791133009914502,0.00013341493612399112,1.0
1.7834,0.001517463352803017,0.0015009551102740878,0.00013349521349603744,1.0
1.7844,0.0015130934879242603,0.0013827367841441106,0.00013338831939022511,1.0
1.7854,0.0015062594556005198,0.0013463761518151787,0.00013318854263425568,1.0
1.7863,0.0015001097226153806,0.0015549512253663416,0.0001328556910328876,1.0
1.7873,0.0015075402060499763,0.0016353422746075573,0.0001326290126321843,1.0
1.7883,0.0015299302791169126,0.0016139912458666664,0.00013250707739263415,1.0
1.7892,0.0015553720456516916,0.001549374921323327,0.00013246159956173493,1.0
1.7902,0.0015776058208840102,0.0017532197764273904,0.00013257327584971967,1.0
1.7912,0.0015696306940481952,0.0016031297604713341,0.00013288579099836594,1.0
1.7922,0.0015631992296169482,0.0016290507380878267,0.00013333584092746676,1.0
1.7931,0.0015584293895278588,0.0019371452522721614,0.0001337806468569065,1.0
1.7941,0.0015504563518168076,0.0015421809018724567,0.0001340650700214632,1.0
1.7951,0.0015429865124469712,0.001551366495968133,0.0001341344448379558,1.0
1.796,0.001537363304016507,0.0015802443736970104,0.0001342142952763567,1.0
1.797,0.001537665378335844,0.0013055704011492926,0.00013436033816136226,1.0
1.798,0.0015422171925619232,0.001796481320578677,0.00013441825035870805,1.0
1.7989,0.001546316666066473,0.0014045419845926262,0.00013450711933824905,1.0
1.7999,0.0015460318280961117,0.0016553221019198572,0.00013484676485977804,1.0
1.8009,0.0015328225433071802,0.0015287753871488612,0.00013543414882797962,1.0
1.8019,0.0015202965631323894,0.0015271405092263258,0.00013623087991001683,1.0
1.8028,0.0015109200031046073,0.0014267688672919678,0.00013718391921683628,1.0
1.8038,0.001508408868837484,0.0015221088497452977,0.00013773895424971596,1.0
1.8048,0.0015089999999999889,0.0016313460361962674,0.00013735496943228926,1.0
1.8057,0.0015101456594444342,0.0014057823261115815,0.00013678320291429853,1.0
1.8067,0.0015117118351095603,0.001701999606072953,0.00013696622691608402,1.0
1.8077,0.0015136997450654645,0.0014298222359544108,0.00013758324322088816,1.0
1.8086,0.001515749314084439,0.0014438246333043003,0.0001378927313013909,1.0
1.8096,0.0015179863375704467,0.001692322817702118,0.00013784201082245437,1.0
1.8106,0.0015171526678169059,0.00160271760519399,0.000137682133855193,1.0
1.8116,0.0015217899865952028,0.0013720290043585492,0.00013744806755552782,1.0
1.8125,0.0015316325369737513,0.0015373895843165412,0.00013723869335014477,1.0
1.8135,0.001524364592402346,0.0015564932096851307,0.00013730555230846223,1.0
1.8145,0.0015098464467477206,0.0015808422388228173,0.00013787262181181003,1.0
1.8154,0.0015051446319352718,0.00141912197250915,0.000138653889146569,1.0
1.8164,0.0015032425385912436,0.0015019031667021776,0.0001391538281157465,1.0
1.8174,0.0015083779861345904,0.0017421341861296566,0.00013916664710651307,1.0
1.8183,0.0015375315949806335,0.001354660627030161,0.00013884827583196088,1.0
1.8193,0.001619830042202584,0.0016013218644856824,0.00013838498164705997,1.0
1.8203,0.0016347834250812184,0.0014814938671424997,0.00013798609830212785,1.0
1.8212,0.00164378599690864,0.0014858623067019357,0.00013781462036260085,1.0
1.8222,0.0016481914637005474,0.001510595153171482,0.00013788483727024756,1.0
1.8232,0.0016090010323142573,0.0015505596876898824,0.00013800423960598962,1.0
1.8242,0.0015487183401154485,0.0016185661492032735,0.00013810832036166015,1.0
1.8251,0.0015303523741701543,0.0015424244527009708,0.00013829618814561892,1.0
1.8261,0.001526394096131351,0.0016129899878897572,0.00013862013773150052,1.0
1.8271,0.0015212902133915863,0.0014892698212194023,0.00013912764652174807,1.0
1.828,0.00151617093597688,0.001581003771729402,0.00013974598985550202,1.0
1.829,0.0015110000000000685,0.0015675106228705787,0.00014014728860246194,1.0
1.83,0.0015117313539249788,0.0015199672328573602,0.0001401489911824301,1.0
1.8309,0.0015158811809738706,0.001561388325110019,0.00013994382203440567,1.0
1.8319,0.0015324168747400148,0.0015841139378122756,0.00013971561678870732,1.0
1.8329,0.001547361613302934,0.0017188064194563466,0.0001396416899515381,1.0
1.8339,0.001533679331646816,0.0014299350468999722,0.0001398690155029421,1.0
1.8348,0.0015159372616117752,0.0013923639202737042,0.00014045509795942754,1.0
1.8358,0.0014999684829624118,0.0013787251267687285,0.0001414292828992184,1.0
1.8368,0.001494050208610925,0.0015661217607611142,0.00014261379745056916,1.0
1.8377,0.001496022800332712,0.001464353194216649,0.00014343768590478897,1.0
1.8387,0.0014984512166607957,0.0016029514235129639,0.0001434515618722012,1.0
1.8397,0.0014995536241639387,0.0014180669451603907,0.0001430813845378103,1.0
1.8407,0.0014938585972274266,0.001409340653490428,0.00014295493225544137,1.0
1.8416,0.0014896402918440025,0.001359171019488643,0.00014309729945554683,1.0
1.8426,0.0014885915676719668,0.0016064215324416411,0.00014314881661851676,1.0
1.8436,0.001492650539372091,0.0015095069360126206,0.00014282353219688903,1.0
1.8445,0.0014970202534877464,0.0015861996005715505,0.0001424097552891322,1.0
1.8455,0.0015024703437960805,0.0017523654604484917,0.0001421814630422991,1.0
1.8465,0.0015083307414651172,0.0014040900655523858,0.00014227398696157453,1.0
1.8474,0.0015185796362624422,0.0014605252584057977,0.00014240228386550903,1.0
1.8484,0.0015299589607916716,0.0017733951882221138,0.00014239057873722023,1.0
1.8494,0.0015400094087987292,0.0015642300738918959,0.00014243925391886714,1.0
1.8504,0.0015435262289200083,0.001578448365128275,0.00014272549769704768,1.0
1.8513,0.0015430000000001324,0.001390484384553178,0.0001432956365305912,1.0
1.8523,0.0015442742841285735,0.0016699964425542994,0.00014400024965920304,1.0
1.8533,0.0015395708112000525,0.00166935130313356,0.00014438199305506446,1.0
1.8542,0.001526790344603286,0.0012924672507873066,0.00014445095482195706,1.0
1.8552,0.0015136633543566575,0.0016127091414357955,0.0001446147561253084,1.0
1.8562,0.0015015286119673657,0.0017545505517441587,0.00014482556910901958,1.0
1.8571,0.0014960000000000448,0.0012228163959075366,0.00014489183825647288,1.0
1.8581,0.0014969660895135096,0.0013261146724773299,0.00014496890934503358,1.0
1.8591,0.0015030431359361349,0.001478205784509428,0.00014493168255963815,1.0
1.8601,0.0015095581921379287,0.0016466002753259266,0.000144768629924603,1.0
1.861,0.0015120887057536035,0.001803397651721756,0.00014478665543556036,1.0
1.862,0.001517783507848824,0.0016298249247014385,0.0001449185189479564,1.0
1.863,0.0015306785650937432,0.0016700388881914715,0.00014496863386955855,1.0
1.8639,0.0015228458376386903,0.0016600033805991997,0.00014497893555691515,1.0
1.8649,0.001502281473902647,0.0015867434396548547,0.00014512510049966864,1.0
1.8659,0.0014855097083436733,0.001310490557676381,0.00014539623884833749,1.0
1.8668,0.0014760428375399288,0.0014280121714221365,0.0001455776945039975,1.0
1.8678,0.0014863051935599262,0.0014055850416244842,0.00014562373958402371,1.0
1.8688,0.0015042423109519329,0.0014719722950677398,0.00014579300256584437,1.0
1.8698,0.0015241679822882346,0.0016618538019462516,0.00014631986795767473,1.0
1.8707,0.0015319999999998495,0.0014914389609895949,0.00014740040325571715,1.0
1.8717,0.0015298130463098638,0.0011354955433534972,0.0001492527873297861,1.0
1.8727,0.0015255325325715305,0.0015048254501749563,0.0001512400585266234,1.0
1.8736,0.0015214327740157992,0.0015835481936956365,0.00015259959540537646,1.0
1.8746,0.0015127535049335094,0.0015404811681898499,0.00015388114111534613,1.0
1.8756,0.001503642548024476,0.0014296019374048542,0.00015457711072352871,1.0
1.8765,0.0014954418178549714,0.0014190358244458214,0.00015354552496448694,1.0
1.8775,0.0014996687497777998,0.0012382559258453918,0.00015128028189568407,1.0
1.8785,0.001547404493744698,0.0014024397603783314,0.00014917881447878007,1.0
1.8795,0.0016154623948621569,0.0017567505790859804,0.00014790767010302363,1.0
1.8804,0.0016825764700121892,0.0016700057780305872,0.0001474044251635862,1.0
1.8814,0.0016535612188612822,0.0015717735916371944,0.00014742179415951293,1.0
1.8824,0.0015548732766605118,0.0015032474373815618,0.00014773922346100795,1.0
1.8833,0.0014954447404169485,0.0016372453622853214,0.00014827067878197978,1.0
1.8843,0.0014750000000000817,0.0017018284718165843,0.00014909264944751763,1.0
1.8853,0.0014767224623693752,0.0013020452895889931,0.00014993763343631894,1.0
1.8862,0.0014880455291678366,0.0015547958581875808,0.0001501830921566373,1.0
1.8872,0.0015187746509381513,0.0013165664228665301,0.00014990950784985472,1.0
1.8882,0.001549205621393507,0.0016304187510364644,0.00015008885250887734,1.0
1.8892,0.0015536879905405907,0.0016838009680692613,0.00015120886413306313,1.0
1.8901,0.0015509567119970408,0.0016177929194203923,0.00015252844785204955,1.0
1.8911,0.0015475396958353617,0.0016629444289068495,0.0001530434382221648,1.0
1.8921,0.0015508358840073528,0.0018012241949457945,0.00015319854025823838,1.0
1.893,0.0015598464847342492,0.001819427041575733,0.00015339774905801572,1.0
1.894,0.001571219287081214,0.001639336840510209,0.00015318351996190287,1.0
1.895,0.0015734800419558586,0.0014015804986951433,0.00015255941917551906,1.0
1.8959,0.0015418490787237412,0.001817939950287978,0.00015196929050064327,1.0
1.8969,0.0014954033606317597,0.0014287205580911227,0.00015213657123847211,1.0
1.8979,0.0014702425213186203,0.0010048189670282509,0.00015311601556756155,1.0
1.8988,0.0014638245661741562,0.001433146117513067,0.0001539960388202544,1.0
1.8998,0.0014629999999999392,0.0016168536791652563,0.000153761964141597,1.0
1.9008,0.001462134408086236,0.0015494024676220041,0.00015294192356913995,1.0
1.9018,0.0014619999999997873,0.0013278751653285669,0.00015259460737723836,1.0
1.9027,0.0014620284138464874,0.0011819764058410202,0.00015277477947699258,1.0
1.9037,0.001463167419233651,0.0014138096893552556,0.0001529139527515729,1.0
1.9047,0.0014646128492419885,0.001597884380178348,0.00015262436675224467,1.0
1.9056,0.001466994140355523,0.001507767672916884,0.0001521989522447908,1.0
1.9066,0.0014713519275292226,0.0016857738493772701,0.00015210951286369464,1.0
1.9076,0.0014782608833096634,0.0017676193618427216,0.00015235045616888125,1.0
1.9086,0.001487724093991162,0.0014133356161074168,0.00015276342512513305,1.0
1.9095,0.0014969499154319497,0.001411858211704903,0.00015295059750050974,1.0
1.9105,0.0014953551271478184,0.0016424746669187584,0.000152932490411874,1.0
1.9115,0.0014908497365200874,0.0014589456407378303,0.00015287896502965383,1.0
1.9124,0.001487849812860125,0.0015266349737287279,0.00015280205068181137,1.0
1.9134,0.0014864260910659886,0.0014497207676461158,0.00015277394156631332,1.0
1.9144,0.001489407660586458,0.0013721670149121831,0.00015291236909762727,1.0
1.9153,0.0014935080256713276,0.0014810191423365968,0.0001532080185500095,1.0
1.9163,0.0014985800590254313,0.0014114103444040464,0.00015355159156977955,1.0
1.9173,0.0015088496366637858,0.0015723435911208568,0.00015384264913723554,1.0
1.9182,0.0015516935230508433,0.0012147536045638225,0.00015417692395555105,1.0
1.9192,0.0016419578949183437,0.0013556585132359356,0.00015470547488855574,1.0
1.9202,0.0017517574563861663,0.0016159604864598534,0.00015522336617553278,1.0
1.9212,0.001732854302651866,0.001843588467343702,0.00015543006507889973,1.0
1.9221,0.0016261520891416989,0.0016021790611696228,0.00015538491232512279,1.0
1.9231,0.0015309707643686933,0.0019723676577012407,0.00015527664321952922,1.0
1.9241,0.0014762540881910625,0.0014894247464672836,0.0001552753546447331,1.0
1.925,0.0014634224969434682,0.0011682585487762139,0.00015550815757099038,1.0
1.926,0.001465123004661395,0.0013387505274539257,0.00015595412048164303,1.0
1.927,0.0014674010154360256,0.0016213415036870102,0.00015633153392064942,1.0
1.928,0.0014713536896342678,0.0015919997293864176,0.00015660557496861304,1.0
1.9289,0.0014797699668552436,0.0014317028138564438,0.000157156372544856,1.0
1.9299,0.0014930490357956672,0.0017833299589670336,0.00015830087886114727,1.0
1.9309,0.0015189421628026309,0.001790237754930944,0.0001598045695052544,1.0
1.9318,0.0015460100787686925,0.0016960010298341386,0.00016035672889446947,1.0
1.9328,0.0015230917786964824,0.001480161043875686,0.0001593662234451102,1.0
1.9338,0.0014956963285997597,0.0014968210389430237,0.0001582252591086597,1.0
1.9347,0.0014774462746029598,0.0012142932430219977,0.00015767401673738953,1.0
1.9357,0.00146575009959063,0.001873608465421171,0.00015744112338828768,1.0
1.9367,0.0014615080035129007,0.001469942708288307,0.00015746085774779212,1.0
1.9377,0.0014601160031993078,0.0015611053265520308,0.00015754346730577037,1.0
1.9386,0.0014599999999998952,0.0012020901340587262,0.00015780019914783642,1.0
1.9396,0.0014600478255634864,0.0014387879683684871,0.00015817587858024706,1.0
1.9406,0.0014617473238030731,0.001337171861338245,0.00015863033893898809,1.0
1.9415,0.0014688121560689652,0.0016188672762676045,0.00015940493315290294,1.0
1.9425,0.0014945629609143828,0.0014952738008397882,0.0001609160546801276,1.0
1.9435,0.0014993856187964362,0.0015515777849772522,0.00016322252051080173,1.0
1.9444,0.001476350248549666,0.0015013774771118942,0.00016607352704289282,1.0
1.9454,0.0014781788107106246,0.0013937803464184164,0.00016821038757122359,1.0
1.9464,0.0015017906135698378,0.0017651082202671594,0.00016735648471812693,1.0
1.9473,0.0015314974012092632,0.0016154087265540411,0.00016469003182503395,1.0
1.9483,0.001564680450691286,0.0015100834117402736,0.000162881264198483,1.0
1.9493,0.0015999904596072315,0.0013093285929556885,0.0001630151198778838,1.0
1.9503,0.001626212142283814,0.0016782568005647056,0.0001644683271894504,1.0
1.9512,0.001599495933167807,0.0011304246635609593,0.00016487917414244134,1.0
1.9522,0.0015288056754935461,0.0017709821835839208,0.00016333454462631047,1.0
1.9532,0.0014819755361118662,0.001697044190053184,0.0001618003687920568,1.0
1.9541,0.0014624075993253053,0.001539666982440989,0.00016116691490064404,1.0
1.9551,0.0014621894727286262,0.001499270862161714,0.00016086837424967215,1.0
1.9561,0.0014773938410938617,0.0017349556702588352,0.00016070884801493778,1.0
1.9571,0.0015092836136699074,0.0015006195084879771,0.00016094580011791047,1.0
1.958,0.0015529972941254525,0.0014620389312186947,0.0001616704172461535,1.0
1.959,0.001549193748951941,0.001711505694035147,0.00016263919779138715,1.0
1.96,0.0015427251121850414,0.0014722402909798497,0.00016320300078422412,1.0
1.9609,0.0015677219374706309,0.001576424872634372,0.0001631845529761609,1.0
1.9619,0.001603186721245731,0.0016491997129645536,0.00016323351423533773,1.0
1.9629,0.001581407088478272,0.0015018151652213382,0.0001637376897106277,1.0
1.9638,0.0015346013150921171,0.001506244337647413,0.00016419897276422838,1.0
1.9648,0.001497175392550573,0.001590276317367729,0.00016401875833017108,1.0
1.9658,0.0014767588794854017,0.0016355778554730392,0.00016326493318212875,1.0
1.9668,0.0014812590367441324,0.0016344127161550762,0.00016285762463132366,1.0
1.9677,0.0014936834495039603,0.0014583279851330482,0.00016293137854725244,1.0
1.9687,0.0015113222363760115,0.0014070176038980973,0.00016325071921717224,1.0
1.9697,0.001527940629807152,0.0015626337244484935,0.00016370639249526208,1.0
1.9706,0.0015309544112829124,0.0018487810684044404,0.00016438415256774135,1.0
1.9716,0.0015270498601613496,0.0013633627545385338,0.00016537838555394447,1.0
1.9726,0.0015231229241797382,0.0016925466320410212,0.00016633890323482185,1.0
1.9735,0.0015161467879693657,0.0011745452496784178,0.00016656419317808145,1.0
1.9745,0.0014822201662694787,0.0014638972933845504,0.0001663311086407658,1.0
1.9755,0.0014600765216019915,0.0015267591194474237,0.00016695938665919378,1.0
1.9765,0.0014560000000000315,0.0015288126319432534,0.000169749600860861,1.0
1.9774,0.0014560920878941858,0.0016026696138422229,0.00017467774472561633,1.0
1.9784,0.0014574601184263777,0.0018812261971323332,0.0001783087280712902,1.0
1.9794,0.0014601071938013758,0.0012918134964041087,0.0001773130114414912,1.0
1.9803,0.0014635760803917482,0.00130736487983874,0.0001739487502808939,1.0
1.9813,0.0014691981529115063,0.0014531340143339349,0.0001706996121080413,1.0
1.9823,0.0014713287336676976,0.001666859020700409,0.0001684705996045666,1.0
1.9832,0.0014709999999998789,0.0017123965334951692,0.00016774095772862643,1.0
1.9842,0.0014709999999999268,0.0015400335329490815,0.0001686047398729111,1.0
1.9852,0.001471973858192553,0.0015154969273889051,0.00017035394121392753,1.0
1.9862,0.001467774544387768,0.0015489386740738936,0.00017138637647752894,1.0
1.9871,0.001466275324573041,0.0013209550848763485,0.00017068668518940752,1.0
1.9881,0.0014696541130743935,0.0014832951661551458,0.00016900853675375243,1.0
1.9891,0.0014769018858820906,0.0012901462536291605,0.00016786532694400567,1.0
1.99,0.001479241414411088,0.0013187674979687897,0.00016778939761951428,1.0
1.991,0.0014752640446465863,0.0014160609129498908,0.00016878806170176128,1.0
1.992,0.001472564957203569,0.0017122075996590309,0.00017047843840363157,1.0
1.9929,0.0014697746965061074,0.0011308366829304718,0.00017198991842045478,1.0
1.9939,0.0014751624033152693,0.0015061485956172225,0.00017269823187020245,1.0
1.9949,0.0014893289282064295,0.0017828979913171558,0.00017210619012469195,1.0
1.9958,0.00150679991980615,0.001400732148021458,0.00017153622724290065,1.0
1.9968,0.0015263803137736968,0.001510873925147597,0.00017110262384579448,1.0
1.9978,0.0015312188313163996,0.001710247843481526,0.00017002747606367953,1.0
1.9988,0.0015116370971957741,0.0015258689464628693,0.000169000874687713,1.0
1.9997,0.001495237809235599,0.0016686082390887217,0.00016857331999029244,1.0
2.0007,0.0014795102922792913,0.0015891488609073867,0.00016862840730866318,1.0
2.0017,0.001475763011923779,0.001398476566287966,0.0001690071666138932,1.0
2.0026,0.0014846592726463544,0.001267132344571713,0.00016944053580811625,1.0
2.0036,0.001504590843270308,0.0016205273918454323,0.00016960206721985838,1.0
2.0046,0.0015361441755707382,0.0013336523731819505,0.00016955919442500323,1.0
2.0056,0.001565369242952446,0.0016823070301454433,0.00016955966236524033,1.0
2.0065,0.001557397448685294,0.001524489653254492,0.00016963792208700226,1.0
2.0075,0.001549428290444166,0.001469217737698233,0.00016986979544732474,1.0
2.0085,0.0015419651536528673,0.0017284387949977444,0.00017036906274779204,1.0
2.0094,0.0015246730588941886,0.0013375121275902469,0.0001709089983789597,1.0
2.0104,0.0014885580986736186,0.0012962597706340925,0.00017102243719605237,1.0
2.0114,0.0014656790648788706,0.001496811497748843,0.00017082374192495595,1.0
2.0123,0.0014613325410116423,0.0015539097609196101,0.0001707545172459571,1.0
2.0133,0.0014629429852483283,0.0013530270909627093,0.000170865384986,1.0
2.0143,0.0014678848105326293,0.0015614168080800804,0.00017099335999591321,1.0
2.0152,0.001478520947050182,0.001526746083997421,0.00017107643072753614,1.0
2.0162,0.001515002672269233,0.0015765937767594764,0.0001712474176811111,1.0
2.0172,0.001571822150637163,0.0014530017687294197,0.00017155544345753878,1.0
2.0182,0.0015845674506600735,0.001737263932298734,0.0001719129424617634,1.0
2.0191,0.001557017402562145,0.0016028610398022968,0.00017226487026907305,1.0
2.0201,0.0015302613120111088,0.001613783481927848,0.00017264752164038714,1.0
2.0211,0.001511186032167002,0.0013376375094240394,0.00017308058559786373,1.0
2.022,0.0014993270862727007,0.0011404813099965439,0.00017321484837426479,1.0
2.023,0.0015011879510032585,0.0015416101946411592,0.00017334342890637508,1.0
2.024,0.0015141833849582175,0.0015787289197299425,0.00017349411147152963,1.0
2.025,0.0015301313612120292,0.0015217099010170782,0.00017355276746995683,1.0
2.0259,0.0015361609965608585,0.0014589658966674332,0.00017355443979587054,1.0
2.0269,0.0015220322445154968,0.0016920054637311979,0.00017364520746861932,1.0
2.0279,0.0015072357826103344,0.0015399080319445707,0.0001738831057500922,1.0
2.0288,0.0014945374394377347,0.0016144207068381688,0.0001742739640922127,1.0
2.0298,0.0014793495047535489,0.001193468105488948,0.00017475985477597363,1.0
2.0308,0.0014634015284996963,0.0013799626276750265,0.00017503601247510574,1.0
2.0317,0.0014601505789094498,0.0013657118724927579,0.0001749858419458972,1.0
2.0327,0.0014740695208851973,0.0013211345454234912,0.00017490785429500407,1.0
2.0337,0.0015062094942062435,0.0013832158842470889,0.00017496208034761053,1.0
2.0347,0.0015031696044296716,0.0013844752260174144,0.0001750988096093913,1.0
2.0356,0.001481785764707197,0.0016110132073282062,0.0001752682633339208,1.0
2.0366,0.0014669625246921648,0.001871748243092648,0.00017549857799759445,1.0
2.0376,0.0014630000000000767,0.0013451455925661989,0.00017581237365517884,1.0
2.0385,0.001465002519038353,0.001333031357849737,0.00017609870982141952,1.0
2.0395,0.0014684191278792763,0.001484903479265234,0.00017623020177357478,1.0
2.0405,0.0014718357367200974,0.0015033007491368116,0.0001762905478292174,1.0
2.0414,0.0014749110105338984,0.00157333617627794,0.00017634839191945934,1.0
2.0424,0.0014792181644373802,0.001255595985240254,0.0001763753406976769,1.0
2.0434,0.0014817416260008848,0.0011546827159361278,0.00017645289881287795,1.0
2.0443,0.001484816899814452,0.0014350159355298608,0.00017661753676180005,1.0
2.0453,0.001488644678207139,0.0014941788307135902,0.00017677830582649287,1.0
2.0463,0.0014915500391655396,0.0015746183726108045,0.0001768855834021543,1.0
2.0473,0.0014926883962759513,0.0013389814039868463,0.00017701289451436185,1.0
2.0482,0.0014972771665882451,0.0015334223249295932,0.0001772779117783894,1.0
2.0492,0.0015075200225899556,0.0018154867311836816,0.00017742361714884146,1.0
2.0502,0.0015189087187261537,0.0011246781725358015,0.00017760351490777739,1.0
2.0511,0.0015208882579933565,0.0017647921123656728,0.0001778649084294809,1.0
2.0521,0.001513072060334364,0.0017453749556817623,0.00017824246771667415,1.0
2.0531,0.0015062429902027137,0.0014457094692736697,0.00017862743850090653,1.0
2.0541,0.0015011365908402447,0.0014219086004738173,0.00017892649517011041,1.0
2.055,0.0014990864082979089,0.001882865408162562,0.00017918282784302276,1.0
2.056,0.001497404334535303,0.0019260768199749383,0.00017944639153730888,1.0
2.057,0.0014992036052347104,0.0013403132345427547,0.00017972013988592125,1.0
2.0579,0.0015037938107783442,0.0016731991697971744,0.0001800688067178117,1.0
2.0589,0.0015121810284660013,0.0016688191100363494,0.00018053412204869834,1.0
2.0599,0.001478525523765789,0.0013003884151221838,0.00018107026124077115,1.0
2.0608,0.0014658152316706968,0.001313603361536571,0.00018156443152874953,1.0
2.0618,0.0014630000000000313,0.0014892500433294111,0.0001821489901745533,1.0
2.0628,0.0014629999999999856,0.001102022919759123,0.00018313654386055284,1.0
2.0638,0.0014696826323071467,0.0016202947270744356,0.00018386631794285873,1.0
2.0647,0.0014895537650732671,0.0015943989299379477,0.00018369571660333298,1.0
2.0657,0.0015212387529169081,0.0017116385480334514,0.0001831976879487088,1.0
2.0667,0.0015569651640803806,0.0011648796160278294,0.00018294752036833548,1.0
2.0676,0.0015792823944090915,0.0018986090297670741,0.0001829804848245054,1.0
2.0686,0.0015603684005563699,0.0014885223138368143,0.0001833912270121052,1.0
2.0696,0.0015341111371640907,0.0014093781377361844,0.00018430641110547537,1.0
2.0705,0.0015108611161007953,0.001511384109425514,0.00018504035910501477,1.0
2.0715,0.0014900469757287579,0.0014789275360524504,0.00018487138395003653,1.0
2.0725,0.001479461931907748,0.0016597907264127355,0.00018427315656115455,1.0
2.0735,0.0014749092574759337,0.0015393025398498547,0.00018379218714803346,1.0
2.0744,0.0014713566692933684,0.0015657742717883492,0.0001835404092534411,1.0
2.0754,0.0014679392458105275,0.0012244078247837247,0.00018337801738706858,1.0
2.0764,0.0014661742123232015,0.0012156890969620832,0.00018353190234453475,1.0
2.0773,0.001466850878948034,0.0013589526624733005,0.000183751093861133,1.0
2.0783,0.001468977245135561,0.0015611159694735208,0.00018373246926301482,1.0
2.0793,0.0014738923545611704,0.0016933268226025898,0.0001836428139216977,1.0
2.0802,0.0014809154229653125,0.001311614341904388,0.00018374458177811186,1.0
2.0812,0.0014871657604312012,0.0013650823375670538,0.00018405360039806576,1.0
2.0822,0.001491720365661101,0.0013230980817469278,0.00018450408011619408,1.0
2.0831,0.0014962726679391364,0.001466933120600356,0.00018502032447744607,1.0
2.0841,0.001501967016007065,0.0012790212408610444,0.0001853791556084719,1.0
2.0851,0.0014988740902946152,0.0014231941914038858,0.0001853780343173908,1.0
2.0861,0.0014891572742158584,0.0013813020516029125,0.00018523187770790842,1.0
2.087,0.0014933774021990878,0.001811421431136421,0.0001852280878002019,1.0
2.088,0.0015159586054427194,0.0017960111597167113,0.00018547508704622897,1.0
2.089,0.0015402303116435014,0.0017852383265378748,0.00018598578230258683,1.0
2.0899,0.001519666718641602,0.001677868280429476,0.00018681808736028822,1.0
2.0909,0.0014829216054511704,0.0015739721250507838,0.00018809165079255902,1.0
2.0919,0.0014661427545916723,0.0014590203119775578,0.0001894263573264753,1.0
2.0929,0.001463614377435052,0.001658635577648919,0.00018971476729417804,1.0
2.0938,0.0014652780590013981,0.001162648565700625,0.00018892309650158664,1.0
2.0948,0.0014675557982286606,0.0015224107272314219,0.00018826594497988917,1.0
2.0958,0.001469833537455772,0.0018379396134147559,0.00018844541485420955,1.0
2.0967,0.0014728255799973647,0.0016143897717095864,0.0001888014571944024,1.0
2.0977,0.0014753993110395787,0.0014473897126820374,0.00018842238377217473,1.0
2.0987,0.0014815311227506713,0.0011347509227486615,0.00018774557126303098,1.0
2.0996,0.0014889505847418027,0.0015200633776792235,0.0001873955830693148,1.0
2.1006,0.001498061541650671,0.0015226864108119592,0.00018742612559720874,1.0
2.1016,0.0015087371855195357,0.001497424614937551,0.00018758428042786954,1.0
2.1026,0.0015133400481726399,0.0013497510731770683,0.00018779665410950807,1.0
2.1035,0.0015082093102318397,0.001632526559789597,0.00018798504932373132,1.0
2.1045,0.0015002353221051643,0.001699004118046112,0.00018821697146021712,1.0
2.1055,0.001493225629836924,0.0014729150968081884,0.00018857775642282154,1.0
2.1064,0.0014860875959113089,0.0016265863224799474,0.00018914160745219487,1.0
2.1074,0.0014839999999999864,0.0015807528515380006,0.0001900536049282352,1.0
2.1084,0.0014845287162417176,0.001443885571105283,0.00019152467492829478,1.0
2.1093,0.0014877350670677398,0.0016809607103296458,0.00019314204830022443,1.0
2.1103,0.0014967115090615832,0.001767611264439019,0.00019333803313860916,1.0
2.1113,0.0015075375089535967,0.0015200699563338643,0.00019195141138071535,1.0
2.1122,0.0015104083939207673,0.0017730932482370142,0.00019078196744204133,1.0
2.1132,0.0015092699894481713,0.0014270095246288312,0.000190401768852768,1.0
2.1142,0.001508999999999983,0.0016421256834380628,0.00019070572680094936,1.0
2.1152,0.0015090401066321097,0.0013377056044136602,0.0001919136862523969,1.0
2.1161,0.0015143311259762518,0.0016149327845286275,0.0001938852985211177,1.0
2.1171,0.0015260614386548752,0.0015903180284723166,0.0001949495225901936,1.0
2.1181,0.001539716554472239,0.0014088593435609073,0.00019405629845237253,1.0
2.119,0.0015523524538705845,0.0017240362039876544,0.00019290756194585988,1.0
2.12,0.0015581579574550286,0.0014401718192650894,0.00019252639453478916,1.0
2.121,0.001532325848016601,0.001487706900632033,0.00019262434600315602,1.0
2.122,0.0015059730474868273,0.0015154550811277197,0.00019306148083841025,1.0
2.1229,0.001497344647404328,0.0016534540835360769,0.00019381525295848463,1.0
2.1239,0.0014941709870705596,0.001470998251719574,0.00019480322840634807,1.0
2.1249,0.001494160942877043,0.001284818283667656,0.00019598706739998341,1.0
2.1258,0.001497313869398151,0.0014875531855645437,0.0001971727835199922,1.0
2.1268,0.0015018704340419107,0.001527543586377381,0.00019760128146071101,1.0
2.1278,0.0015064242902978527,0.0014380074622081162,0.0001969289687359129,1.0
2.1287,0.001510521721772626,0.0013551879713534897,0.00019570166719512638,1.0
2.1297,0.001517154400453798,0.0015099543028125135,0.00019462374682022672,1.0
2.1307,0.0015269259709594573,0.001522974245738511,0.00019404284408689878,1.0
2.1316,0.0015361493484739703,0.0015747277212906162,0.0001938714630452104,1.0
2.1326,0.0015463931984234039,0.0014623043121475164,0.00019392131550809751,1.0
2.1336,0.001556641194875759,0.0017022700694439344,0.00019407483789354253,1.0
2.1346,0.0015412179572033087,0.0015415891925099371,0.00019433644204342994,1.0
2.1355,0.0015228904079705114,0.0015312366697025127,0.00019467204825140576,1.0
2.1365,0.0015037925878016083,0.001589873934295613,0.00019489511548814053,1.0
2.1375,0.0014867785894330983,0.0013327602443091416,0.00019488800561951215,1.0
2.1384,0.0014772957730304565,0.001211696851467733,0.00019480050817249672,1.0
2.1394,0.0014755649263560812,0.001572063854735159,0.0001948091173648211,1.0
2.1404,0.0014774075919390963,0.0011277412304295177,0.00019497454417704925,1.0
2.1414,0.001478842937130587,0.0014067034570527462,0.00019528498490913948,1.0
2.1423,0.001480735513708905,0.0013296966296021504,0.00019570870898607138,1.0
2.1433,0.001481999999999945,0.0013196213378924863,0.000196131095620217,1.0
2.1443,0.0014820000000000386,0.0013009286926269445,0.00019640733791932073,1.0
2.1452,0.0014821697199481133,0.001198219544549579,0.00019657106257265166,1.0
2.1462,0.0014833085895616402,0.0017049165950480223,0.00019664853342682943,1.0
2.1472,0.0014840000000000875,0.0014622815996252893,0.0001966939195072956,1.0
2.1481,0.0014844714114942757,0.0013440890472202155,0.0001968742278083062,1.0
2.1491,0.0014850000000000165,0.0015340218355461399,0.00019720768481156235,1.0
2.1501,0.001484999999999983,0.001586243933546883,0.0001975635554465908,1.0
2.1511,0.0014858882918824007,0.0019318131946680654,0.00019787567991398495,1.0
2.152,0.0014869133831536573,0.0012869233151158884,0.0001980868229290852,1.0
2.153,0.0014923596975375555,0.0015015141638196259,0.00019817723846014492,1.0
2.154,0.0015007122947849432,0.0017257407515271935,0.0001981537898375088,1.0
2.1549,0.0015101534624729763,0.0014242865193120583,0.00019806501683334717,1.0
2.1559,0.0015211879427481931,0.001300309625037231,0.00019804288055866282,1.0
2.1569,0.0015289723418981278,0.0013906941453643146,0.00019817122090007983,1.0
2.1578,0.001531517587238482,0.0013542631647795,0.00019842051079627633,1.0
2.1588,0.001531999999999996,0.001382758589453013,0.00019870727835496842,1.0
2.1598,0.0015327950485681551,0.0014560178205932268,0.00019892280937848215,1.0
2.1608,0.001533933918181691,0.0017616200055314017,0.0001990893447776307,1.0
2.1617,0.0015320819810940543,0.00168762409466696,0.00019930713390485966,1.0
2.1627,0.001525419559313783,0.0014099574661472132,0.00019965455749956416,1.0
2.1637,0.0015188205936230103,0.0015782813972411447,0.00020017575988723533,1.0
2.1646,0.0015136964950040958,0.0014785339411775985,0.000200878877597652,1.0
2.1656,0.0015088004735195899,0.0016848147899811874,0.00020162752792651892,1.0
2.1666,0.001509154847095051,0.0017995730128995218,0.00020205074582268291,1.0
2.1675,0.0015143789697850615,0.00157499683566587,0.00020204574592945214,1.0
2.1685,0.0015219107359449268,0.001470132128313362,0.00020192380822287294,1.0
2.1695,0.0015290440492044738,0.0016267781392670679,0.00020188099157070278,1.0
2.1705,0.0015378363558479868,0.0017016933037505497,0.00020188011295639612,1.0
2.1714,0.0015339629139823983,0.0014576778314737897,0.00020191911776896868,1.0
2.1724,0.0015248532631519786,0.0014377116740095616,0.0002020947685200395,1.0
2.1734,0.001516031347809251,0.001720264965959792,0.0002024552457827074,1.0
2.1743,0.0015085493816125045,0.0014106675187176947,0.0002030031550274172,1.0
2.1753,0.0015007740154396568,0.0018365450280153567,0.00020383313311904917,1.0
2.1763,0.001497999999999957,0.0016094242938751373,0.00020508547237482755,1.0
2.1772,0.0014986087360229746,0.0014827535627861157,0.00020678579540460386,1.0
2.1782,0.001499747160005638,0.0013497164952493332,0.00020820844271481065,1.0
2.1792,0.0015008860296193151,0.001315268602333122,0.0002082386945532603,1.0
2.1801,0.0015009999999999735,0.0014233903375547694,0.00020703084356821404,1.0
2.1811,0.0015009500094958935,0.00181763442380694,0.00020569159466783874,1.0
2.1821,0.0014998110835019076,0.0014523400556782774,0.000204834573911426,1.0
2.1831,0.0014990000000000684,0.001796326238414162,0.00020440896344357633,1.0
2.184,0.00149864804640228,0.0014690661034141288,0.00020422400419505855,1.0
2.185,0.0014989816464225957,0.0011849267510521714,0.0002043195652291794,1.0
2.186,0.0015037797862337704,0.0017113203168888232,0.0002047226716181957,1.0
2.1869,0.0015099287045769354,0.0015659151034914903,0.00020529042635217813,1.0
2.1879,0.0015167581322575803,0.0014200493534469324,0.00020574154748758506,1.0
2.1889,0.0015245215914298004,0.0012494408844595498,0.00020586511527326888,1.0
2.1899,0.0015315642042572763,0.0015863712460835076,0.00020576885457449195,1.0
2.1908,0.0015397649344267568,0.0016464558191920413,0.00020563754355454035,1.0
2.1918,0.0015488780637145274,0.001485970123849053,0.00020559644583261245,1.0
2.1928,0.0015579856201448506,0.0014922502252716335,0.00020572284593141802,1.0
2.1937,0.0015665782190725846,0.0016361775628761248,0.00020599344672600703,1.0
2.1947,0.0015725364495106089,0.0019364926948768919,0.0002062660123742824,1.0
2.1957,0.0015702987235031672,0.0018277028820213642,0.00020641739694683532,1.0
2.1966,0.0015654979480231182,0.0018569971010709571,0.00020650721328433004,1.0
2.1976,0.001560646699213039,0.001704867252334982,0.00020666923965199474,1.0
2.1986,0.001556090871128789,0.0013573566153708733,0.00020696193790439195,1.0
2.1996,0.0015528130628201368,0.0013110297417575254,0.000207310206938449,1.0
2.2005,0.0015598474586155991,0.001710352175040448,0.00020753958918308973,1.0
2.2015,0.0015669607890136934,0.0018703389342330826,0.00020775347222818676,1.0
2.2025,0.0015749314383722648,0.0018290203344532158,0.0002080523145179288,1.0
2.2034,0.0015816576078931585,0.0016024879761374357,0.00020846799722012486,1.0
2.2044,0.0015849999999999747,0.00155347486658399,0.00020897970137874223,1.0
2.2054,0.0015806743274593142,0.0016335424244758915,0.00020957392330092146,1.0
2.2063,0.0015737777431374365,0.0017275924394533173,0.00021009853680723758,1.0
2.2073,0.0015666905621504305,0.0013687970461428666,0.0002103630390570925,1.0
2.2083,0.0015598625488976053,0.001999488933639568,0.00021049259807616127,1.0
2.2092,0.0015538090870365624,0.0017588980994673734,0.00021051819054617073,1.0
2.2102,0.0015492525223925805,0.0017754381917977214,0.00021035269677287642,1.0
2.2112,0.0015450227829534983,0.0018001171676082523,0.00021019215192559078,1.0
2.2122,0.0015411436797435226,0.0015466759551897356,0.00021011529381017934,1.0
2.2131,0.0015375343171556797,0.0016283495062460233,0.00021008569468782923,1.0
2.2141,0.0015353725694383087,0.0012104927487588935,0.00021015677580766157,1.0
2.2151,0.0015388328586133247,0.0017394240781291028,0.00021029800138759188,1.0
2.216,0.0015439583149694431,0.001734957876648124,0.00021045575687303255,1.0
2.217,0.00154965266303781,0.0015246062282140715,0.0002106145129234471,1.0
2.218,0.0015543413163447435,0.0016793848838129437,0.00021076163989938528,1.0
2.219,0.001558792595570132,0.0014323540321030408,0.00021092298170790198,1.0
2.2199,0.001557535551692474,0.0019057168230941863,0.00021110827691526654,1.0
2.2209,0.0015548859040558272,0.0016077168806535914,0.00021133699327500346,1.0
2.2219,0.0015524897650716954,0.0014295480410629017,0.00021161651038455325,1.0
2.2228,0.0015525347171824184,0.0013701627209957877,0.00021199429736819332,1.0
2.2238,0.0015577113980267748,0.0018607894212914033,0.00021254016068883956,1.0
2.2248,0.0015559390098903267,0.0010055204973542546,0.00021321531992227587,1.0
2.2257,0.001554999999999976,0.0012098187184107305,0.00021402227564571648,1.0
2.2267,0.0015569523178136251,0.0017006066697592896,0.00021471115739697658,1.0
2.2277,0.0015603416687046039,0.0016606949348802692,0.00021504836761571813,1.0
2.2286,0.0015618881532845816,0.0014866050314088933,0.0002149609220164812,1.0
2.2296,0.0015505543927516769,0.0009516400145463898,0.0002145651107899617,1.0
2.2306,0.0015323281341763223,0.0015910216441369874,0.00021420198867508098,1.0
2.2316,0.0015152179428134886,0.0015442912788012273,0.0002140477111078803,1.0
2.2325,0.0015008759179576127,0.0015260363877480586,0.00021407974235523408,1.0
2.2335,0.0014863758020769956,0.001553307220740796,0.0002142731176133208,1.0
2.2345,0.0014872877638694927,0.001467591617252407,0.00021460907944659575,1.0
2.2354,0.0014950611523604426,0.0014545513741146222,0.0002151201644587316,1.0
2.2364,0.0015041936229279647,0.0014474603901099912,0.00021587904006746745,1.0
2.2374,0.001514604720496366,0.001465770654861666,0.00021680428482540826,1.0
2.2384,0.0015256854693297807,0.0014560565184809666,0.00021756146861259574,1.0
2.2393,0.0015336173837613282,0.0016670881546637039,0.00021778332293017317,1.0
2.2403,0.0015393117318294675,0.0014547771886861804,0.00021746109688144846,1.0
2.2413,0.001545608925161158,0.0011282018245842933,0.00021704863430297021,1.0
2.2422,0.0015511279736412265,0.001590971424825687,0.0002169033190447046,1.0
2.2432,0.001557585856756946,0.001682924239215353,0.00021690993212649745,1.0
2.2442,0.0015626127162923632,0.0015932236921325045,0.00021701109564963928,1.0
2.2451,0.0015657848110328157,0.0020360042682307307,0.0002172994278273189,1.0
2.2461,0.0015692014198736305,0.0013646172811974215,0.00021782362415230925,1.0
2.2471,0.0015726181393255268,0.0018208786251675455,0.00021846677831766377,1.0
2.2481,0.0015760320353410452,0.0018767042344105434,0.00021876278040562527,1.0
2.249,0.0015791073091545713,0.001416893894966438,0.00021848988245046309,1.0
2.25,0.0015820159453304068,0.0017388466633752367,0.0002182523984516627,1.0
2.251,0.0015849405268363685,0.0017892179005291706,0.0002182837445109242,1.0
2.2519,0.0015880158006497704,0.0013923290032179637,0.00021848686815873554,1.0
2.2529,0.0015914296422442516,0.002360295928814554,0.00021876530422382308,1.0
2.2539,0.0015948464161170482,0.0012406370736592473,0.00021905347392814738,1.0
2.2548,0.0015969477932871897,0.0016172087807625759,0.0002192493184930858,1.0
2.2558,0.001599225532514392,0.001553956662671506,0.00021933906318921366,1.0
2.2568,0.0016015032717415772,0.0016416051484591794,0.00021942555700522326,1.0
2.2578,0.0016037806649234901,0.0013021343192658064,0.0002195874623244305,1.0
2.2587,0.0016058289156068938,0.001506962773341807,0.00021983792015437892,1.0
2.2597,0.0016070000000000324,0.0018878905972785093,0.00022026960574410233,1.0
2.2607,0.0016070000000000689,0.0016851380066834868,0.0002210714762188237,1.0
2.2616,0.0016070000000000658,0.0017143010374272435,0.00022229044957438996,1.0
2.2626,0.001607000000000026,0.001285649701207078,0.00022331395598104912,1.0
2.2636,0.001606005568328405,0.0017159224683135387,0.00022345537802457535,1.0
2.2645,0.0016059999999999605,0.0017126195296647904,0.00022324404492785375,1.0
2.2655,0.00160599999999998,0.0017230483574246108,0.0002232879594279015,1.0
2.2665,0.0016059999999999827,0.0012250440247272378,0.000223341721943807,1.0
2.2675,0.0016055643643844934,0.001562212500232807,0.00022314689820477092,1.0
2.2684,0.0016049999999998947,0.001461012863805209,0.00022292157151296906,1.0
2.2694,0.0016038020925673937,0.0016128225688161108,0.00022293546566002007,1.0
2.2704,0.0016000476204908376,0.0017629160984061589,0.00022315778310483917,1.0
2.2713,0.001596710441554691,0.0014736294660495054,0.00022339208302981004,1.0
2.2723,0.0015923917769516435,0.0013249967501947199,0.00022344648040830643,1.0
2.2733,0.0015878408543059483,0.001543585911620852,0.00022351257919489014,1.0
2.2742,0.0015839351223053692,0.0020365124053055737,0.00022368683098729526,1.0
2.2752,0.0015830000000000395,0.0010704614082042837,0.0002240074886135587,1.0
2.2762,0.0015829999999997925,0.001302479345399347,0.00022447890475840623,1.0
2.2771,0.001582999999999798,0.0020017209958805853,0.00022518878093310025,1.0
2.2781,0.0015829999999999792,0.001550524701476373,0.00022647068924147156,1.0
2.2791,0.0015829999999999605,0.0012763847606760085,0.00022880085906974652,1.0
2.2801,0.001587702327059179,0.0020060022156086353,0.00023198731721847904,1.0
2.281,0.0015962768681032945,0.0017616777344335427,0.00023443518703321036,1.0
2.282,0.0016055814564909067,0.0014638160161088256,0.00023450436954451285,1.0
2.283,0.001615683301782379,0.0015730800111270306,0.00023260202582086765,1.0
2.2839,0.0016239945359459189,0.00142098874915458,0.00023017208260526579,1.0
2.2849,0.001631999999999898,0.0018388134145840619,0.00022823544326201065,1.0
2.2859,0.0016308344556942521,0.0014416354222212505,0.00022728185328410502,1.0
2.2869,0.0016279452312356556,0.0016367640924810206,0.00022705037135140944,1.0
2.2878,0.0016253444586224605,0.0015328381311064034,0.00022708546429865342,1.0
2.2888,0.001621929381055595,0.0015222415315960616,0.00022730732102198606,1.0
2.2898,0.0016193418481431489,0.0017989044759400758,0.0002278941509041704,1.0
2.2907,0.0016164374984010545,0.0017926073481348676,0.0002291428796889968,1.0
2.2917,0.0016120278527469965,0.0013615481286224907,0.00023134058336241278,1.0
2.2927,0.0016084758439117125,0.0015994592789853259,0.00023451249250243123,1.0
2.2936,0.0016045316091204398,0.0015173953500838705,0.00023802098177266864,1.0
2.2946,0.0016008200003726342,0.0017577390098591239,0.00024092965716815138,1.0
2.2956,0.0016032064342456967,0.001775756051773945,0.00024345282290483733,1.0
2.2966,0.0016185951602214956,0.0012480630866530573,0.0002455077096029947,1.0
2.2975,0.001634554404474656,0.0013815354512413938,0.00024439646111344644,1.0
2.2985,0.001652037489210972,0.001525242948616451,0.00024084067573464348,1.0
2.2995,0.0016699952356429015,0.0018500807105011486,0.00023951941935544864,1.0
2.3004,0.0016863966959821497,0.0015912591518879035,0.00024169183527951007,1.0
2.3014,0.00167742005331253,0.0017760599148016738,0.0002446519894226675,1.0
2.3024,0.0016605135720940125,0.0018813339342330319,0.00024644308852259236,1.0
2.3033,0.001645977724322954,0.0018033763374483665,0.00024695180262118965,1.0
2.3043,0.0016292312331145965,0.0012166220611683023,0.0002460380844516955,1.0
2.3053,0.001612807562704216,0.0015661519626438906,0.00024306965344482546,1.0
2.3062,0.0016004587161818642,0.001764660601476762,0.00023870049625527944,1.0
2.3072,0.0015908582026251,0.0016514728196133227,0.00023530602164964753,1.0
2.3082,0.0015817505010722358,0.0012390759544516174,0.00023435195861369322,1.0
2.3092,0.0015735577003114576,0.0018310664751114358,0.00023542614481273272,1.0
2.3101,0.0015654366416148824,0.0013842313928398707,0.00023649057618356118,1.0
2.3111,0.0015576743152940344,0.001648597782251765,0.00023609590138251723,1.0
2.3121,0.001568343577205967,0.0022343327852405934,0.0002355944351366841,1.0
2.313,0.0015837066701659,0.0015246307381330709,0.00023604831897251283,1.0
2.314,0.0016011756953281592,0.0015933064249203917,0.00023683643896755957,1.0
2.315,0.001619401953903745,0.0016626426091948228,0.00023754899496638312,1.0
2.316,0.001636959875988963,0.0010634261463633363,0.00023793352790394003,1.0
2.3169,0.0016447563320152827,0.00172956980250333,0.0002375641398075048,1.0
2.3179,0.0016418649465411248,0.0014655058581112598,0.00023679106363088672,1.0
2.3189,0.0016361702258687288,0.0015481491810539888,0.00023623710229829013,1.0
2.3198,0.0016310461272500102,0.0017588477412156106,0.0002364214662470026,1.0
2.3208,0.0016263504214450563,0.001693444528372861,0.0002375128692087382,1.0
2.3218,0.0016206560733768673,0.0016802859477069991,0.00023988643730374885,1.0
2.3227,0.0016158258309391775,0.0011348662257586871,0.00024324715409190724,1.0
2.3237,0.0016108419637137763,0.0016748494495502052,0.0002454025627574138,1.0
2.3247,0.0016057170063271736,0.0017080336950424438,0.00024543196167813383,1.0
2.3256,0.001601022159289758,0.0012059656804161074,0.00024525715606219856,1.0
2.3266,0.001595326453484954,0.0017512776547649747,0.00024629842553215676,1.0
2.3276,0.0015922548298321392,0.0018988478296049576,0.0002488438125960636,1.0
2.3286,0.0015940113095780986,0.0014549077089755164,0.0002508763140992908,1.0
2.3295,0.0015950728016986013,0.0017649726685797285,0.000249377238090929,1.0
2.3305,0.00159735054092582,0.0016592530130784744,0.0002454319794933701,1.0
2.3315,0.001602772939486601,0.0017346128245907747,0.0002423421437260174,1.0
2.3324,0.0016235473163244973,0.001856359046021964,0.00024124952768289894,1.0
2.3334,0.0016408414966523656,0.0016451991158744183,0.00024158006114967061,1.0
2.3344,0.0016403932380415268,0.0016660307102827152,0.0002421893989365449,1.0
2.3354,0.001660104886622037,0.0015206125419063967,0.0002424269828509526,1.0
2.3363,0.001680601281098883,0.0022570644110914803,0.00024235111999145202,1.0
2.3373,0.001705222514749853,0.0013396425646941385,0.000242124789819185,1.0
2.3383,0.0017268612824528596,0.0021417905232994873,0.00024194755106476238,1.0
2.3392,0.0017061133755834328,0.0015366412847621698,0.00024174763705439554,1.0
2.3402,0.0016799193744702528,0.0014870807122479368,0.00024150336863174151,1.0
2.3412,0.0016540791656912313,0.0017530002196202551,0.00024145293017457258,1.0
2.3421,0.0016319271839649325,0.0018723170837797402,0.0002413942739083509,1.0
2.3431,0.0016074970831729005,0.0015572125904346145,0.0002413003335938766,1.0
2.3441,0.001600308647346883,0.0020803552032206893,0.00024144825557670543,1.0
2.3451,0.0016148095853279361,0.0019710563139742655,0.00024176728089427002,1.0
2.346,0.0016312110456671014,0.0015223723334363603,0.000242010499561923,1.0
2.347,0.0016503975194526205,0.0015497974399520742,0.00024240889774953116,1.0
2.348,0.001668743557002465,0.0019601071782493562,0.00024326673715975705,1.0
2.3489,0.0016846382672390827,0.0020657211707732328,0.0002446877245191328,1.0
2.3499,0.001685535200201653,0.0016979691216797998,0.0002468131785558673,1.0
2.3509,0.0016707298952248623,0.0013812481597913833,0.0002500949848606234,1.0
2.3518,0.001657403708699129,0.0015930469653633148,0.00025483437886821193,1.0
2.3528,0.0016431755300268544,0.0018781986585379657,0.0002595378388226524,1.0
2.3538,0.0016295117307763972,0.0019571030762134583,0.0002617114264508009,1.0
2.3548,0.0016166915207952606,0.0014562281988179605,0.000261271719478547,1.0
2.3557,0.0016176139499604228,0.0015561112920442785,0.00025935526394449697,1.0
2.3567,0.0016210203493572401,0.0014056331489513318,0.00025689499852901606,1.0
2.3577,0.0016234445654276868,0.0019358091079880201,0.00025532875803917964,1.0
2.3586,0.001626519024599049,0.0014197078784285513,0.00025468443389050087,1.0
2.3596,0.001629624298721307,0.0019418893052058255,0.00025385172004650276,1.0
2.3606,0.0016273918482059345,0.0017387757549352908,0.0002523477432457278,1.0
2.3615,0.001618238897545242,0.0014679470442391274,0.00025035232375911323,1.0
2.3625,0.001606242917543644,0.0019419609045157628,0.00024863231456314245,1.0
2.3635,0.001594470179321105,0.0016836151891785286,0.0002482927928364009,1.0
2.3645,0.0015830814831849474,0.001495896849032764,0.00024967512099573425,1.0
2.3654,0.0015728305704729834,0.0018661231143773807,0.00025138272608248306,1.0
2.3664,0.0015693348753978847,0.0014925251874993092,0.0002518934458636115,1.0
2.3674,0.0015763612248892854,0.001749972617265408,0.00025182620849472796,1.0
2.3683,0.0015833118069937117,0.0010373429162054246,0.0002521510046007198,1.0
2.3693,0.0015905025287880584,0.0012365321417097013,0.0002528897015817356,1.0
2.3703,0.001597979871640999,0.0016629639480024306,0.00025480839005131924,1.0
2.3712,0.001604130419268452,0.0012404807526834667,0.00025890774259039955,1.0
2.3722,0.0016050181815249656,0.0016521978261745851,0.00026330209282724235,1.0
2.3732,0.0016016043012703912,0.0014922704064614335,0.0002639397838465307,1.0
2.3741,0.0015985297157270213,0.0014364481061871508,0.0002615490939615245,1.0
2.3751,0.0015951131068862334,0.0013061771505477658,0.0002589054016566346,1.0
2.3761,0.0015916956834033215,0.001525534373149705,0.00025647059340940713,1.0
2.3771,0.0015887599649092978,0.0014619113652532035,0.00025447278521885397,1.0
2.378,0.0015882642607982819,0.0014551763669015552,0.0002533010379884316,1.0
2.379,0.001589403130411935,0.0017218276127214615,0.00025290493556567504,1.0
2.38,0.0015905422715728112,0.0013339503871396675,0.0002528764214946517,1.0
2.3809,0.001592134182593321,0.0014411139620242415,0.0002537971881391951,1.0
2.3819,0.0015937062324576296,0.0015849085635001557,0.00025702177284627175,1.0
2.3829,0.0015939999999999672,0.001959211582843334,0.00026089388233578375,1.0
2.3839,0.0015871201708712883,0.0016933509030805057,0.0002621156566465729,1.0
2.3848,0.0015809524559768624,0.0014456606615267445,0.00026178144629821236,1.0
2.3858,0.0015741192382951557,0.001686390231345859,0.00026127686594473964,1.0
2.3868,0.0015672843913294074,0.001712952694703057,0.00025951587545586246,1.0
2.3877,0.0015611359667468284,0.0011944683596487474,0.0002570909152467976,1.0
2.3887,0.001557897513422179,0.000996821160526796,0.0002558395529889787,1.0
2.3897,0.0015625257579483154,0.0010988916004283922,0.0002564161550783521,1.0
2.3906,0.001568063587979527,0.0017932901300658,0.00025792896997127717,1.0
2.3916,0.001573757936047449,0.0015770251124166254,0.0002590693670056771,1.0
2.3926,0.0015803382901657928,0.001978651381104305,0.00025919941325750715,1.0
2.3936,0.0015861422951596266,0.0014054136056650566,0.00025918568133165016,1.0
2.3945,0.0015910000000000251,0.0017282117901179402,0.00026002184703377643,1.0
2.3955,0.0015911924199167754,0.0019182732042502964,0.0002601915879845994,1.0
2.3965,0.0015920000000000367,0.0019134850279527841,0.0002586577786685673,1.0
2.3974,0.0015923559753627068,0.0018287377162845356,0.00025734732976676966,1.0
2.3984,0.001592999999999872,0.0018845469749678863,0.000257032989572999,1.0
2.3994,0.0015936332526239902,0.0018347685612073532,0.0002572988812811275,1.0
2.4003,0.0015946583438950787,0.0018879640408951941,0.0002579050166534952,1.0
2.4013,0.001594999999999934,0.001655855504980332,0.00025824047021368154,1.0
2.4023,0.0015959360831223326,0.0015193910457123865,0.00025815385196070663,1.0
2.4032,0.0015969600809072233,0.0013214136093099588,0.0002581410069284064,1.0
2.4042,0.0015980000000000072,0.001609569443911636,0.0002582663004063406,1.0
2.4052,0.0015982380462159654,0.0013956441894810742,0.00025826399410743873,1.0
2.4062,0.0015978692525113272,0.0016450494250123356,0.00025821102521501264,1.0
2.4071,0.0015951969004904414,0.001401628435904745,0.00025844629269455654,1.0
2.4081,0.0015923807867133945,0.0019060009210776613,0.000259464232013001,1.0
2.4091,0.001588963363230475,0.001484158016602957,0.00026136460835758023,1.0
2.41,0.0015865920596112469,0.001476707440993036,0.00026322873440896307,1.0
2.411,0.001583471480575875,0.0012140398500204313,0.0002640838216941047,1.0
2.412,0.0015839817094216524,0.0017038687431828747,0.00026564580922702204,1.0
2.413,0.001589478846521722,0.0019703691973641025,0.00026941720980203955,1.0
2.4139,0.0015937226567714748,0.0012810298270037996,0.00027373726867488206,1.0
2.4149,0.0015994183625762436,0.0015175852988274085,0.00027623214830947246,1.0
2.4159,0.0016051127106444052,0.0016346229805826115,0.000276810727802007,1.0
2.4168,0.0016102381670001313,0.0011490149278398183,0.00027541476294342754,1.0
2.4178,0.0016088991495768737,0.0017231694965596958,0.0002722177161958944,1.0
2.4188,0.0016002039582202609,0.0015479080553780923,0.0002690093894605837,1.0
2.4197,0.0015912560754831847,0.001621477289489802,0.0002672356828060275,1.0
2.4207,0.0015818922711418168,0.0012564729053337366,0.00026768206137623443,1.0
2.4217,0.0015727542583999147,0.0019187221755561092,0.0002700114772435057,1.0
2.4226,0.0015637948478403182,0.0016036196789436087,0.00027148828983195153,1.0
2.4236,0.001563042522456482,0.001466451409581985,0.0002701536773512907,1.0
2.4246,0.0015812644362742394,0.0019757951697904653,0.0002684036435763215,1.0
2.4256,0.0015999588632779386,0.0018447162067223178,0.00026891001969482273,1.0
2.4265,0.001617385414888305,0.0014513724997331358,0.00027095050647453896,1.0
2.4275,0.001636733972837993,0.002172313382778783,0.0002721461883393234,1.0
2.4285,0.0016560876195643147,0.0015904911353454322,0.0002713808068214148,1.0
2.4294,0.0016623848537366597,0.0011585904912499918,0.00026953526727533945,1.0
2.4304,0.0016499265079715673,0.0015444171474071776,0.00026789964631843686,1.0
2.4314,0.0016329785317179878,0.0022474524272185145,0.00026703262804239565,1.0
2.4324,0.0016168261403680239,0.0020291706440385845,0.000267008581740898,1.0
2.4333,0.0016016990246609504,0.0017775336571898962,0.0002674346615209246,1.0
2.4343,0.0015861295036368708,0.0018240895865740902,0.0002680864904791134,1.0
2.4353,0.001575431026363097,0.0019285179798135441,0.0002685009106361417,1.0
2.4362,0.0015730000000001188,0.0016088770325083748,0.00026880814166889655,1.0
2.4372,0.0015723222443879538,0.001340157595113182,0.0002696119068017948,1.0
2.4382,0.001572000000000056,0.0019537841239150805,0.0002712903256813889,1.0
2.4391,0.0015711594224551953,0.001502576893297131,0.0002734416269773534,1.0
2.4401,0.0015700205528416087,0.0012148686595424708,0.0002751359698035959,1.0
2.4411,0.0015704732670882467,0.0016258209581669094,0.000275455853457845,1.0
2.4421,0.001575542990205944,0.0015972562015726716,0.00027444421650850653,1.0
2.443,0.0015822512820164204,0.0016105539097158803,0.00027328454083476434,1.0
2.444,0.0015934636382534167,0.0016921713731145158,0.00027350400974338095,1.0
2.445,0.0016121829895852239,0.0017670636074322702,0.00027609376903357563,1.0
2.4459,0.0016367745002623204,0.0017093309199294954,0.00028009532656026007,1.0
2.4469,0.0016624622072815571,0.0017549153721592439,0.000282304450973525,1.0
2.4479,0.0016240752004683021,0.0012195684127713647,0.0002810352592061263,1.0
2.4488,0.0015957311077421613,0.0017124375905559388,0.0002780976115413547,1.0
2.4498,0.0015838746327116705,0.001564056775696979,0.0002757484369338532,1.0
2.4508,0.0015783442277148153,0.001847737498543257,0.0002747117486084849,1.0
2.4518,0.0015737876630709628,0.0015972167224259579,0.0002750861102054357,1.0
2.4527,0.0015716550618281465,0.0016160454401213519,0.00027701768673462366,1.0
2.4537,0.0015809204048034403,0.001595508054239387,0.0002805505076236482,1.0
2.4547,0.0016002811882349492,0.001571011856758483,0.0002851210784592065,1.0
2.4556,0.0016183376068949265,0.001415727753871661,0.0002885194346712516,1.0
2.4566,0.0016388372599400003,0.001727757666861868,0.00029071886062526005,1.0
2.4576,0.0016593232094827338,0.0016045945267630574,0.000291914445877562,1.0
2.4585,0.0016786996133235184,0.0017715774899943059,0.0002914019326931092,1.0
2.4595,0.0016819395036456475,0.0016472192312325942,0.00028889961062116026,1.0
2.4605,0.0016648564594416995,0.0017405359854479727,0.00028508955980348046,1.0
2.4615,0.0016474249762532072,0.0018160227052504661,0.00028155702895169135,1.0
2.4624,0.0016317765257122074,0.0022249868488058663,0.00027898479901409775,1.0
2.4634,0.0016153310862479205,0.0013212955428063367,0.0002780903907731355,1.0
2.4644,0.0015982439688332207,0.002009607251801491,0.0002788393961628918,1.0
2.4653,0.0015869205598591572,0.0016843210798904251,0.00027949714568735473,1.0
2.4663,0.0015807425481496559,0.0013463286165055794,0.0002796254602690886,1.0
2.4673,0.0015752338371188273,0.001301842672098296,0.000280541319044998,1.0
2.4682,0.0015710911565960507,0.0019235721298968816,0.0002825952199795477,1.0
2.4692,0.0015655357819646064,0.0015733494380876483,0.0002844283038432576,1.0
2.4702,0.0015609792173206611,0.0013816996110361706,0.0002846772339198409,1.0
2.4711,0.001556878852235999,0.0013984090186627313,0.000283685918098491,1.0
2.4721,0.001552743960904568,0.001522542741749393,0.0002825172865869407,1.0
2.4731,0.0015498862255679323,0.0016073334644858637,0.0002815861022268051,1.0
2.4741,0.001548303971622925,0.0011913325246348495,0.000280921795454257,1.0
2.475,0.0015487208481008421,0.0015045403273731734,0.0002805949606135143,1.0
2.476,0.0015567399033566208,0.001078261132158715,0.00028099944164770315,1.0
2.477,0.0015769783186336704,0.0016467725455417276,0.0002835951408994909,1.0
2.4779,0.0015767034544717012,0.001507941503289662,0.00028874717277731834,1.0
2.4789,0.0015623831919190844,0.0012585643919113024,0.00029585311043994305,1.0
2.4799,0.0015518961470479134,0.001575897544361988,0.00030186014938527844,1.0
2.4809,0.0015448015420865813,0.001500070838009239,0.0003034414216899494,1.0
2.4818,0.0015406056514382835,0.0014116077196530223,0.00030174367974153583,1.0
2.4828,0.001537794068563309,0.0016576643231561573,0.0003000058587634793,1.0
2.4838,0.00154144829877364,0.0017116584549789321,0.0002996684720137068,1.0
2.4847,0.001550664744001306,0.001642370044359648,0.00030195753773703794,1.0
2.4857,0.0015629587841513263,0.001294223424998778,0.0003067329292605448,1.0
2.4867,0.0015755332147904138,0.0012629831505752255,0.0003097739795720446,1.0
2.4876,0.0015877528124311297,0.0015933133412277883,0.00030760311627246896,1.0
2.4886,0.0016004876852883688,0.0010741360511937427,0.0003028313117111096,1.0
2.4896,0.0016096538232792349,0.001998651955977865,0.00029977914581551246,1.0
2.4906,0.001604146821180578,0.0018889800726523327,0.0002995022900052145,1.0
2.4915,0.0015938986239422083,0.001492962981876371,0.00030015420070390403,1.0
2.4925,0.0015825145988942139,0.0014907555254289407,0.00030032352124487736,1.0
2.4935,0.0015719169151462574,0.001615253330622319,0.00030035344776861624,1.0
2.4944,0.0015618789930061498,0.0018144853733363972,0.00030041977337811216,1.0
2.4954,0.0015514412671829396,0.001540154378997596,0.00030022703100447364,1.0
2.4964,0.0015437296655779317,0.0011429253593151626,0.00030019717062421906,1.0
2.4973,0.0015405407982176128,0.001283591567088374,0.0003008520202910513,1.0
2.4983,0.0015359882663736155,0.0012486220323318648,0.00030271710989649797,1.0
2.4993,0.0015318245909393157,0.0014694871063125078,0.00030546017988199403,1.0
2.5002,0.0015283324228343856,0.001717576347086847,0.00030573941056883595,1.0
2.5012,0.0015248884721900825,0.001312127320871873,0.0003036641370220246,1.0
2.5022,0.001523999999999997,0.0011373311770316711,0.0003023843693160872,1.0
2.5032,0.0015256656522606854,0.0014905728172940995,0.0003027641163665331,1.0
2.5041,0.0015268577269986262,0.0019530259658474573,0.00030290347035340866,1.0
2.5051,0.0015289931932245548,0.0013356245040537912,0.00030151161813821105,1.0
2.5061,0.0015302709324517172,0.0014795248916289047,0.0002997677098672355,1.0
2.507,0.0015321603748378895,0.0014285255120023211,0.0002988596387854017,1.0
2.508,0.0015329999999998988,0.0014924799097992562,0.00029859171448053394,1.0
2.509,0.0015308128534026306,0.0013379354793735061,0.00029879019610842665,1.0
2.51,0.001525694804267604,0.0023326023150021607,0.00029964355560094746,1.0
2.5109,0.0015215944391828821,0.002116515549176921,0.00030084734655540685,1.0
2.5119,0.0015170389607284348,0.001525291470463209,0.0003020151170968933,1.0
2.5129,0.0015133647984318529,0.0017583190778830667,0.0003033053611931459,1.0
2.5138,0.0015093876729978088,0.0018653622151347208,0.0003044955391157512,1.0
2.5148,0.0015059577770885671,0.0014040953548741342,0.00030513853435277816,1.0
2.5158,0.0015049999999999755,0.0009790866278193999,0.00030577445612910945,1.0
2.5167,0.0015050000000000057,0.001725126917031681,0.0003062940357132219,1.0
2.5177,0.0015049999999999886,0.001438995344999046,0.00030574030059735797,1.0
2.5187,0.001505000000000137,0.0014675358982825673,0.0003045994429786786,1.0
2.5196,0.0015055078753425375,0.0018101561549657957,0.00030353985558288494,1.0
2.5206,0.0015059999999999427,0.0009838282444924783,0.0003026834894873379,1.0
2.5216,0.0015059999999999503,0.0012048870383669706,0.0003022144651960668,1.0
2.5226,0.0015060000000001225,0.0015263776613406678,0.0003033437832728598,1.0
2.5235,0.001506000000000134,0.0012251219866883543,0.00030625112803932947,1.0
2.5245,0.0015069999999999953,0.0014783782803481622,0.0003095774201951942,1.0
2.5255,0.0015070000000001016,0.0013637507448467433,0.00031100532609389087,1.0
2.5264,0.001506999999999981,0.001509303374156638,0.0003105660227065491,1.0
2.5274,0.0015077804704998236,0.0011840935405640406,0.0003099311273550839,1.0
2.5284,0.001511113641482516,0.0012495852716753288,0.00030974148399995127,1.0
2.5294,0.0015156702061263334,0.0018973346811922912,0.0003105096941467886,1.0
2.5303,0.0015197694850217463,0.0014998350993718813,0.00031241770234277975,1.0
2.5313,0.0015243260496657066,0.0008759419439903275,0.0003130598725671189,1.0
2.5323,0.0015288815281201886,0.0016394734890898494,0.0003103256631778108,1.0
2.5332,0.0015329773631783147,0.0017796736135738274,0.0003064770618477951,1.0
2.5342,0.0015330675722613765,0.0012622273484391036,0.00030410870640643485,1.0
2.5352,0.0015259106195053814,0.0012496037643274054,0.0003038917194644607,1.0
2.5361,0.0015230000000000011,0.0012745904158707484,0.0003055417044467342,1.0
2.5371,0.001526050667494826,0.0014082580674603653,0.0003072179832709107,1.0
2.5381,0.0015391845867182984,0.002164874164504233,0.00030739397778815653,1.0
2.5391,0.001560971031953573,0.0016385411079324354,0.0003069492451648514,1.0
2.54,0.0015854499388676052,0.0017228896406249626,0.00030674187855024316,1.0
2.541,0.001576216390970253,0.0018758426812780851,0.00030682508631228955,1.0
2.542,0.001553712177888586,0.002037884088282155,0.0003067001641728186,1.0
2.5429,0.001535360629627008,0.0016404683216067679,0.000306088374426523,1.0
2.5439,0.0015173175460711328,0.001494795472895126,0.00030518408239614976,1.0
2.5449,0.001501505301369025,0.001640274190746752,0.00030531400921475255,1.0
2.5458,0.0014909148796792989,0.0016342017144605008,0.0003069933067908114,1.0
2.5468,0.0014854816607602986,0.0009749502059152376,0.00031015579750254935,1.0
2.5478,0.0014897205739721634,0.001890565361192849,0.00031321155856933194,1.0
2.5488,0.0014965511954966265,0.0017926538126943512,0.00031449803773788023,1.0
2.5497,0.0015034853669776069,0.00198810830721371,0.0003153227335609001,1.0
2.5507,0.0015114574542729685,0.0018615211383711202,0.0003164569233899444,1.0
2.5517,0.0015204309515663504,0.0018556477784312027,0.00031638857006839323,1.0
2.5526,0.0015275972078014287,0.00199084890647149,0.00031520321700054504,1.0
2.5536,0.0015337755434388736,0.001725952085477032,0.0003140042816374622,1.0
2.5546,0.0015333633261749718,0.0016761802558043432,0.00031327398740311916,1.0
2.5555,0.0015367189221220114,0.0015039944844397087,0.0003128563312399776,1.0
2.5565,0.0015483820188344495,0.0014854386414087208,0.0003122698195785818,1.0
2.5575,0.0015709695715788964,0.0007218821944108645,0.00031192060726703,1.0
2.5585,0.0016047330842245398,0.0020778048442326074,0.000312154486808738,1.0
2.5594,0.0016416822556690996,0.002212006485887357,0.0003121628421299586,1.0
2.5604,0.0016615536767355904,0.0013850911730972253,0.0003121440060565319,1.0
2.5614,0.0016665349469022614,0.0015774730980256382,0.00031293243679075177,1.0
2.5623,0.0016716596519460209,0.001263725845100005,0.0003137351768131134,1.0
2.5633,0.0016770792452524281,0.001618002918394546,0.00031392632503762476,1.0
2.5643,0.0016820447623703077,0.0015457863670167442,0.00031473233300496797,1.0
2.5652,0.0016871702187262526,0.001785054011797921,0.0003154358245181768,1.0
2.5662,0.0016854166931289767,0.0012066710918012715,0.00031498559858236325,1.0
2.5672,0.0016535286811011221,0.0015936374391567264,0.00031327615964443187,1.0
2.5681,0.001614766670443984,0.0015339156288401035,0.0003110496355738392,1.0
2.5691,0.0015761380381311817,0.0018393404010836243,0.0003092712698319427,1.0
2.5701,0.0015477525708105736,0.0014793135381962498,0.0003083630223392852,1.0
2.5711,0.0015281686118437162,0.0020491907519158727,0.0003080286263487563,1.0
2.572,0.0015164024569671024,0.0016471542073032874,0.00030835102470108303,1.0
2.573,0.0015093154376121757,0.0011234516756612402,0.0003097563194053341,1.0
2.574,0.0015118172289036156,0.0012580106492319062,0.0003121146048276761,1.0
2.5749,0.001515917593988655,0.0010664606694989972,0.0003146810532216319,1.0
2.5759,0.0015210926982906188,0.0012276281688051352,0.0003165089856391986,1.0
2.5769,0.0015260296370871748,0.0015725265685645345,0.0003168104710204066,1.0
2.5779,0.0015305810369115752,0.0011078477175902731,0.00031573186984857607,1.0
2.5788,0.0015356011560217965,0.0017693973222032253,0.00031445577046385715,1.0
2.5798,0.001537527193456198,0.0012917459122975333,0.00031462185647178163,1.0
2.5808,0.001528414064168439,0.0007693925621378098,0.00031674776511615764,1.0
2.5817,0.0015202133339988963,0.002030744238500598,0.0003188085330142751,1.0
2.5827,0.001511105673589311,0.0019154905229735138,0.00031889505549427576,1.0
2.5837,0.0015025004653234498,0.0016253974812794776,0.00031802424581727607,1.0
2.5846,0.001495849851221573,0.001794375758647848,0.000317407061745078,1.0
2.5856,0.0014890166335398798,0.001804961083858659,0.0003168039984067097,1.0
2.5866,0.0014878030355710901,0.0013037933043021134,0.0003159378888049344,1.0
2.5876,0.0014936450017206658,0.0018048954854436737,0.0003163039018654159,1.0
2.5885,0.0015017268600289655,0.0014725535486904198,0.0003174318848702991,1.0
2.5895,0.001511942544055214,0.0023334638102967707,0.0003176946344645169,1.0
2.5905,0.0015221948145037495,0.0011940083042971813,0.0003166107575916084,1.0
2.5914,0.0015316868800205564,0.0012484580232068948,0.00031488253070940036,1.0
2.5924,0.0015430736519354375,0.0013785146858065055,0.00031320930577237395,1.0
2.5934,0.0015500911196489056,0.002001733303560634,0.0003117953094379612,1.0
2.5943,0.0015538532554783436,0.0009131414064551159,0.00031103236265635025,1.0
2.5953,0.0015630952070926581,0.0015543727289959114,0.00031107046619090217,1.0
2.5963,0.0015787258548434274,0.0009641921908527151,0.00031122210813902475,1.0
2.5972,0.0015975961502876655,0.001537779368814623,0.0003111594338694124,1.0
2.5982,0.0016212526436634013,0.0019055881941590657,0.0003114189782593427,1.0
2.5992,0.0016437517670823448,0.0018322929872232989,0.0003122784598738445,1.0
2.6002,0.0016361418557654926,0.0015240347816256844,0.00031295188147210636,1.0
2.6011,0.0015953703708517172,0.0014763210470007738,0.0003126209465083029,1.0
2.6021,0.0015564199495803376,0.0012440783326975887,0.00031212779587617474,1.0
2.6031,0.0015275850914019953,0.0015261365626015706,0.0003128998722961811,1.0
2.604,0.0015116046712611126,0.0015836337892966524,0.00031448598148676456,1.0
2.605,0.0015024691179488163,0.00152354779104955,0.0003157051356842508,1.0
2.606,0.0014974239335113267,0.0019595587788648573,0.00031693451314876355,1.0
2.607,0.0014971324802436957,0.0012665220989827868,0.00031800788640066357,1.0
2.6079,0.0015012273542193235,0.0015845411299995013,0.0003185988845886194,1.0
2.6089,0.0015057839188631628,0.0017299386604554086,0.0003189700781754399,1.0
2.6099,0.0015103393973174269,0.0019946726324753094,0.00031855931009863465,1.0
2.6108,0.0015144397624021501,0.001256859337163067,0.0003171611778249238,1.0
2.6118,0.001519494051070898,0.001762662016678501,0.000316537841240599,1.0
2.6128,0.0015245478174688199,0.001667774769259889,0.00031666725186069817,1.0
2.6137,0.0015266616321466112,0.0020328702328851365,0.00031700651624621233,1.0
2.6147,0.0015269999999997963,0.0017582252685945088,0.0003180874687303892,1.0
2.6157,0.001526999999999796,0.0014083575475761756,0.00032022425782637047,1.0
2.6166,0.0015279647341926814,0.002242569005122248,0.00032302261248637917,1.0
2.6176,0.001527999999999926,0.0011986650283505682,0.00032505625001543555,1.0
2.6186,0.0015282413344676266,0.0014496707574069433,0.0003254431621110083,1.0
2.6196,0.0015289999999999679,0.0017734547415476144,0.0003251248883195733,1.0
2.6205,0.0015281888662002868,0.0022618224501208244,0.0003251762884583748,1.0
2.6215,0.001526999999999941,0.0014873146181722406,0.0003265433578557336,1.0
2.6225,0.001528365057518802,0.0016685738232635776,0.00032932374550675536,1.0
2.6234,0.0015339508091226552,0.001564641262026409,0.0003316976869264963,1.0
2.6244,0.0015469996647759466,0.000887907174323637,0.00033176401327430214,1.0
2.6254,0.0015696906536337254,0.0016790538394496984,0.00032955006827714323,1.0
2.6264,0.001601724165027689,0.0015538816751042117,0.000326716466312591,1.0
2.6273,0.0016302359049932202,0.001574460460374735,0.00032465804652867086,1.0
2.6283,0.001647591372270464,0.0017593333275442021,0.0003237324192922723,1.0
2.6293,0.0016658176308459998,0.0018369339384192033,0.0003241103974656349,1.0
2.6302,0.0016822147464274025,0.0022112125064864376,0.00032512606206572416,1.0
2.6312,0.0017004410050029996,0.0008612810484469558,0.00032630146005026354,1.0
2.6322,0.0017193918512470078,0.001358835084183065,0.0003271107219179693,1.0
2.6331,0.001736050654041185,0.0018573021281447298,0.0003279776505171947,1.0
2.6341,0.0017435670174357613,0.0016182258264983407,0.00032850842482539565,1.0
2.6351,0.00171717315274111,0.0016596179046622903,0.00032802302061847333,1.0
2.6361,0.0016865861065284713,0.0015051091358108375,0.00032788854069181817,1.0
2.637,0.001660134131873218,0.001592862411804131,0.00032979402878560016,1.0
2.638,0.0016320179104119229,0.0012203039798940499,0.00033392312275281493,1.0
2.639,0.0016046850396853598,0.001796389492108852,0.00033799610561299336,1.0
2.6399,0.0015810759450787402,0.001261202659148854,0.00033845647849390227,1.0
2.6409,0.0015636458243541808,0.0017687944259791545,0.0003353063959089277,1.0
2.6419,0.0015654219110788593,0.0018533093737409737,0.00033166359491213957,1.0
2.6428,0.001574188662428221,0.0020597700956286754,0.00032916906257290446,1.0
2.6438,0.001583499045265568,0.0015661219079791816,0.00032778928131832886,1.0
2.6448,0.0015936862524462748,0.0015591018484172393,0.0003272654540028471,1.0
2.6458,0.001603938522894877,0.001181335534976501,0.0003272579897955781,1.0
2.6467,0.00161340211156606,0.0017867007730330072,0.000327459742339646,1.0
2.6477,0.001616831871805167,0.0017639628227077858,0.0003278517094106229,1.0
2.6487,0.0015913850127548708,0.002252828849253822,0.00032859615740988196,1.0
2.6496,0.0015582769467433605,0.0016882159214561938,0.000330099037584,1.0
2.6506,0.0015320601665870512,0.0013551588822292686,0.00033308295219023747,1.0
2.6516,0.00151698095174794,0.0009282644757324277,0.0003360897628533382,1.0
2.6525,0.001511623826305881,0.001905934323927282,0.00033718688195072497,1.0
2.6535,0.0015110000000000288,0.0018316647841640477,0.00033684023818902626,1.0
2.6545,0.0015141218765711343,0.0011724861616847178,0.00033742438197395877,1.0
2.6555,0.0015142177614459887,0.001239948980516795,0.00033899340396835003,1.0
2.6564,0.0015117141625440769,0.0020233678979154615,0.00033991903566033807,1.0
2.6574,0.001511848447797478,0.001574395831034407,0.00034051705274308164,1.0
2.6584,0.0015163762556698755,0.002014709317959886,0.00034259103382930123,1.0
2.6593,0.0015266414071433668,0.0011510887804641015,0.00034642898746791123,1.0
2.6603,0.0015465334032619205,0.001807888446699532,0.00035058693821531475,1.0
2.6613,0.0015762351137480577,0.0015748182142049023,0.00035284505116915514,1.0
2.6622,0.00159335946571876,0.002166779838941986,0.00035151539641247657,1.0
2.6632,0.0015765178509410515,0.0015900035416255868,0.00034808048765369294,1.0
2.6642,0.0015573199540748878,0.0009513831190142485,0.00034590325768975105,1.0
2.6651,0.001541303682018783,0.001727509629758861,0.0003457451962775695,1.0
2.6661,0.0015263538986935827,0.0016612089537529347,0.00034483274069596875,1.0
2.6671,0.0015152416136723155,0.0019555169118166092,0.0003412355471278332,1.0
2.6681,0.001509174993267275,0.0015595504140734288,0.0003371223421386001,1.0
2.669,0.0015098994659040641,0.0016558250354861638,0.0003348139568747912,1.0
2.67,0.0015225844469352716,0.0014222217416388879,0.0003340779761218437,1.0
2.671,0.00154331215544342,0.0018686295768475755,0.0003342910269374159,1.0
2.6719,0.0015655976616374074,0.001670273656108304,0.00033486577086728954,1.0
2.6729,0.001594997676232349,0.0018799767130570028,0.0003361515005113732,1.0
2.6739,0.001626172871044428,0.0019442691434686157,0.00033789051429290577,1.0
2.6749,0.0016592079647124824,0.002532135486291445,0.00033938449554420666,1.0
2.6758,0.0016878043414140615,0.0011255989119065704,0.0003397270433127314,1.0
2.6768,0.0016993563629879894,0.0019235304293660532,0.00033886541139626204,1.0
2.6778,0.0016897673255131345,0.001977779514537632,0.0003377394330242451,1.0
2.6787,0.001681569747194923,0.0022426747754683545,0.0003369176238389735,1.0
2.6797,0.001673276441500286,0.0010421995104726387,0.0003364110441576093,1.0
2.6807,0.0016643456609983847,0.0018707885263373344,0.0003361988573370402,1.0
2.6816,0.0016571268144751701,0.0017396830551122692,0.0003362311373350769,1.0
2.6826,0.0016502763046941451,0.001578806632988006,0.0003364194376947593,1.0
2.6836,0.0016416397090206465,0.002015659128394934,0.00033673118141358966,1.0
2.6846,0.001626433248845756,0.002079041157690993,0.0003371827116457531,1.0
2.6855,0.0016129306623246225,0.0019034069552492545,0.00033797350322914134,1.0
2.6865,0.0015986993824257437,0.0018529253027046502,0.000339327963408777,1.0
2.6875,0.001584604095563168,0.0021747271826497673,0.00034039382060852707,1.0
2.6884,0.0015723071052012533,0.0015731367062234696,0.0003400373088057003,1.0
2.6894,0.001558640669837916,0.001484914900200366,0.0003389710977284742,1.0
2.6904,0.001545972087347504,0.0016580225828089538,0.00033842018104836226,1.0
2.6913,0.0015326731392202712,0.0014292606734034013,0.0003384756146919918,1.0
2.6923,0.0015195042875113993,0.0012932620205195705,0.00033921770778447627,1.0
2.6933,0.0015098712284548797,0.0011329856593314818,0.00034023551033101604,1.0
2.6942,0.0015030247910485443,0.0012395194884008305,0.0003416859893406095,1.0
2.6952,0.0014971277155779762,0.001687387529872946,0.0003433977865406177,1.0
2.6962,0.0014925722371233285,0.0016077314992780341,0.000345031141591394,1.0
2.6972,0.001489507836239691,0.0016779758377310835,0.0003461154625699486,1.0
2.6981,0.0014905405916426308,0.0018328009505387142,0.0003464767022368217,1.0
2.6991,0.0014982712305022339,0.0008892940217171851,0.00034646442493004617,1.0
2.7001,0.0015116688279692941,0.0019001754431861705,0.0003463152230049571,1.0
2.701,0.0015262386998586646,0.0016025833199729556,0.0003463306587289525,1.0
2.702,0.0015470758423269883,0.0020893291866840554,0.0003473846800545336,1.0
2.703,0.0015761423590795454,0.0018577473894111518,0.0003495611314880094,1.0
2.704,0.0016116126085425,0.0021071181178621773,0.000351613182006642,1.0
2.7049,0.001641842435119952,0.001587464060752649,0.00035266350099129106,1.0
2.7059,0.0016324652883926343,0.0018433079983306126,0.00035240128286425775,1.0
2.7069,0.0015964654644074722,0.0018177797612401662,0.00035057956218165464,1.0
2.7078,0.001566347629725005,0.0016159163510148667,0.00034820884212499167,1.0
2.7088,0.001537136747199457,0.0018195605595121992,0.0003468138377228573,1.0
2.7098,0.0015134122046642343,0.0007182472476011436,0.00034679610475738903,1.0
2.7107,0.0014965781080380374,0.0018600524585798684,0.00034749840201329094,1.0
2.7117,0.0014841984757268973,0.0009124635831854342,0.00034812815619784346,1.0
2.7127,0.0014793957794501798,0.000981131538303402,0.0003486648247597899,1.0
2.7136,0.0014808403650862722,0.0017432490704959106,0.00034962787238313793,1.0
2.7146,0.001483118647408053,0.0018506436809514032,0.00035007663304874884,1.0
2.7156,0.0014860945799527422,0.002175464725883741,0.00035000435676010036,1.0
2.7166,0.0014895111887938432,0.0017446756042628286,0.0003502887169209649,1.0
2.7175,0.0014925835201015582,0.0020109906228521655,0.00035077078563982325,1.0
2.7185,0.00149599965459174,0.0015518476345423508,0.00035049695945598217,1.0
2.7195,0.0015004170780746255,0.0014639055712023356,0.00034945778326486135,1.0
2.7204,0.0015033282345922024,0.001563932177380171,0.00034808316529633414,1.0
2.7214,0.0015059089607290562,0.0007966268919740302,0.00034692382956933614,1.0
2.7224,0.0015106481230544111,0.0010703541503814047,0.00034632913891983525,1.0
2.7234,0.0015186388698568583,0.0014186898234736479,0.00034622623950527904,1.0
2.7243,0.0015286514630154866,0.0020271303415054015,0.00034635188397977843,1.0
2.7253,0.0015434134746368676,0.001545807709791969,0.0003464937851019398,1.0
2.7263,0.0015628884061496802,0.0020148861261081786,0.00034681592576106676,1.0
2.7272,0.0015858789515398324,0.0018251200795497836,0.00034742932929597906,1.0
2.7282,0.0015723173325523467,0.0018415970295646204,0.0003482012600366989,1.0
2.7292,0.0015557874306783629,0.001978062598496453,0.0003492358835221963,1.0
2.7301,0.0015441147515683135,0.0013840943456610748,0.0003504643634678135,1.0
2.7311,0.0015352569339553456,0.0013900206429267531,0.00035105607347284855,1.0
2.7321,0.0015315130717654304,0.001786937613408542,0.00035065432744435494,1.0
2.7331,0.0015322504269682602,0.001130085915694799,0.0003502092206007797,1.0
2.734,0.0015369018285313612,0.0007282055728685995,0.00035053261751308306,1.0
2.735,0.001542156697475179,0.0015373136979109732,0.00035103750215572836,1.0
2.736,0.0015429999999999773,0.0017625120343766883,0.00035183340170496895,1.0
2.7369,0.00154204659319898,0.001367828941896259,0.00035253115359978795,1.0
2.7379,0.001542000000000104,0.0010670809870552125,0.0003527686589008435,1.0
2.7389,0.001541999999999981,0.0015669496627452445,0.000352965937934434,1.0
2.7398,0.001542000000000005,0.0016061697372591604,0.00035345797752478296,1.0
2.7408,0.0015420000000000266,0.002733258527855739,0.0003539889441865286,1.0
2.7418,0.001542000000000067,0.0009531072061472288,0.0003546561217778153,1.0
2.7428,0.0015393151429819799,0.0018497992508154184,0.00035536307507357494,1.0
2.7437,0.0015352162757821834,0.0019366144722127708,0.00035513882829004984,1.0
2.7447,0.0015306607973278445,0.0013205316168935655,0.0003542027687121623,1.0
2.7457,0.0015251316485915668,0.001888761199737786,0.0003538111065363586,1.0
2.7466,0.0015210049537884606,0.001052413459632231,0.0003543821455794758,1.0
2.7476,0.0015163112708602262,0.0010862879859701905,0.0003555079455753428,1.0
2.7486,0.001510897466498844,0.0013124064456679016,0.0003562540413643119,1.0
2.7495,0.0015073985507070978,0.0018363259484957001,0.0003560073120252565,1.0
2.7505,0.0015060000000000416,0.0015704837873324236,0.00035544735071131643,1.0
2.7515,0.0015065784638738455,0.001547947278137335,0.00035564728092668063,1.0
2.7525,0.0015084335772935502,0.0018421324552034546,0.0003563754166131055,1.0
2.7534,0.00151196622941482,0.0021168584517045684,0.00035667772238558295,1.0
2.7544,0.0015182825618040782,0.0008386629849088874,0.00035692686316941786,1.0
2.7554,0.0015261736692285157,0.0017536180020370751,0.00035722262978013617,1.0
2.7563,0.001535488266373439,0.0015937434417677301,0.00035765904484529525,1.0
2.7573,0.0015438034122194008,0.0015755352891861586,0.0003580594436833936,1.0
2.7583,0.0015282173258580167,0.0024510513757315697,0.0003583167163813191,1.0
2.7592,0.0015118437886511035,0.001587410106921042,0.00035847003246688113,1.0
2.7602,0.0015001182355249903,0.0010441930057822012,0.0003588198775470987,1.0
2.7612,0.0014928795491350201,0.001477760564742033,0.00035929723593218965,1.0
2.7621,0.001489701637111637,0.0017820458394431655,0.00035957591107146073,1.0
2.7631,0.0014874256909473478,0.001846944194924744,0.0003598360273652363,1.0
2.7641,0.0014851478934667442,0.0011125915784675978,0.0003604390713685934,1.0
2.7651,0.0014854544601612739,0.001663083031738901,0.00036155098233513395,1.0
2.766,0.0014927201132113514,0.0015744714434489562,0.0003631494274362941,1.0
2.767,0.0015022862337393725,0.0018461088193181684,0.00036460488163362465,1.0
2.768,0.0015140327586909623,0.0010408001673909355,0.00036517601180461305,1.0
2.7689,0.001526092174069604,0.0011557537281883,0.00036525821044335993,1.0
2.7699,0.0015409010091620517,0.0016617528368577774,0.0003656127737656697,1.0
2.7709,0.0015563760306112312,0.0015154065463849923,0.00036618703320347,1.0
2.7719,0.0015723202052018664,0.0010202577499628792,0.00036663735516591806,1.0
2.7728,0.0015849927470236755,0.001446165317399671,0.0003669216974615715,1.0
2.7738,0.0015928284481109153,0.0015079076874309953,0.00036715904981450396,1.0
2.7748,0.0015986632950767713,0.0017365043804011867,0.0003675812403143254,1.0
2.7757,0.0016048138427039308,0.0014437587156784781,0.00036772594308423056,1.0
2.7767,0.001611647060385718,0.002403295547067712,0.0003679385970780493,1.0
2.7777,0.0016184774563632262,0.0015297192303258388,0.0003682892152700308,1.0
2.7786,0.0016246239919814318,0.002064373133567862,0.0003689140743244421,1.0
2.7796,0.0016320334112736254,0.0010325170547784862,0.0003697555590251216,1.0
2.7806,0.0016321386289141378,0.0013775764639271507,0.0003704305800020127,1.0
2.7816,0.0016190410266085228,0.001177199451478293,0.00037079905287097957,1.0
2.7825,0.0016047037536484122,0.0019081908689060388,0.00037108114316191114,1.0
2.7835,0.001589795588187127,0.0015965588956635649,0.00037128597105565213,1.0
2.7845,0.0015762850567550297,0.0015609455996255482,0.000371578084247362,1.0
2.7854,0.0015651900479745177,0.001795198431868287,0.0003719560046351965,1.0
2.7864,0.001554438909091803,0.0017295832875598282,0.0003723375160767411,1.0
2.7874,0.0015462490972837511,0.0019799059453676866,0.0003727328437749788,1.0
2.7883,0.0015454147914808465,0.001687271399225363,0.0003731315714216856,1.0
2.7893,0.0015567055907369082,0.0021219745004067976,0.0003736879658923856,1.0
2.7903,0.0015772139504680307,0.0019347948680988642,0.00037486451210773185,1.0
2.7912,0.0016008589310700138,0.000968745337610048,0.0003761494393402382,1.0
2.7922,0.00162912324888861,0.001637271546069432,0.00037639142613374034,1.0
2.7932,0.0016597544972764588,0.001509901324408398,0.00037583857883800425,1.0
2.7942,0.0016916428464573347,0.0009721227763746035,0.0003757350054800431,1.0
2.7951,0.0017205720235524333,0.0014594245890615432,0.00037667364862887663,1.0
2.7961,0.0017375176332687326,0.0015812045972450777,0.000377597099386316,1.0
2.7971,0.0017153985455439528,0.0016397886601477128,0.00037853985813485376,1.0
2.798,0.0016903139697097864,0.0018178831072502583,0.00037932971100498533,1.0
2.799,0.0016629810989831448,0.0019443141951807597,0.00037997252537006723,1.0
2.8,0.0016364545520789675,0.002489090993307766,0.0003807019293193344,1.0
2.801,0.0016102543053767592,0.001567193344374606,0.0003821458948202367,1.0
2.8019,0.0015876537364360014,0.001682160027522441,0.0003841671735603769,1.0
2.8029,0.0015639425485909886,0.0013107917770123433,0.00038755110474861124,1.0
2.8039,0.0015489772522389977,0.0019566308316116836,0.0003908975263978586,1.0
2.8048,0.0015585392214139025,0.0017622039898946011,0.00039320541106390073,1.0
2.8058,0.0015733445263908603,0.0014196108712047385,0.00039515122129710564,1.0
2.8068,0.0015881498313677035,0.0006868741522024019,0.00040223102299924576,1.0
2.8077,0.001602616360869424,0.0015430410961371338,0.00040863957689043806,1.0
2.8087,0.001618983127116017,0.0012817708716651168,0.0004770584517338552,1.0
