Wavelength_um,Model_Depth,Transit_Depth,Error,Num_Transits
0.8309,0.0012999999999999017,0.0014386191564848601,0.00013280477066940596,1.0
0.8318,0.0013000000000000362,0.001479105445297549,0.0001222878239435449,1.0
0.8328,0.0013000000000001589,0.0012785466396534092,0.00012074384686392266,1.0
0.8338,0.001299999999999911,0.0013232929901272781,0.00011879197545370693,1.0
0.8348,0.0012999999999999538,0.0012527992700783577,0.00011660691540718448,1.0
0.8357,0.0013019897773456565,0.001207228642206376,0.00011462400251265186,1.0
0.8367,0.001300850771958245,0.001286934469413888,0.00011337764589769421,1.0
0.8377,0.0013000000000001639,0.0012296975650285234,0.00011267159439351739,1.0
0.8386,0.0013009361499230008,0.00105718647348753,0.00011207101747105363,1.0
0.8396,0.0013016468339152828,0.0011694221417856091,0.00011127068559953518,1.0
0.8406,0.0012999999999998776,0.0014026436714241594,0.00011028629509628616,1.0
0.8415,0.0013067651787108656,0.001372513877802768,0.00010961110220182797,1.0
0.8425,0.001302715943927896,0.0013328504628305475,0.00010906386114790119,1.0
0.8435,0.0013008918201820234,0.0013692741795161153,0.00010836452630200748,1.0
0.8445,0.0012999999999999548,0.0012031071819808992,0.0001077057867155385,1.0
0.8454,0.0013000000000000103,0.00121471105167851,0.00010770070890837572,1.0
0.8464,0.001300000000000001,0.0013377833232692848,0.00010845860869535863,1.0
0.8474,0.0013000000000001487,0.0014546927711227985,0.00010894037428708982,1.0
0.8483,0.0012999999999999971,0.001305540920048331,0.00010945323017426727,1.0
0.8493,0.0012999999999999629,0.001287745417195481,0.00011189730598549091,1.0
0.8503,0.0013000000000002497,0.0012988966632552946,0.00011285209869360049,1.0
0.8512,0.0013000000000000307,0.0011689520242019274,0.00010955189180289108,1.0
0.8522,0.00130000000000011,0.0011413680756156978,0.0001060854463681998,1.0
0.8532,0.0013009374498360938,0.0013063521149306136,0.0001050314077010101,1.0
0.8542,0.0013009236839051249,0.001367532811420863,0.00010519470763680135,1.0
0.8551,0.0012999999999998922,0.00130403190396834,0.00010468769225612346,1.0
0.8561,0.001299999999999846,0.001055572704255009,0.00010329725780738827,1.0
0.8571,0.0012999999999999965,0.001455376027836186,0.00010206480240525401,1.0
0.858,0.0012999999999999986,0.0011270186858343759,0.00010129585119829732,1.0
0.859,0.0012999999999998707,0.0013739313765694615,0.00010069584638065875,1.0
0.86,0.0012999999999998724,0.0013574786654014107,0.00010017616838058129,1.0
0.861,0.0012999999999999034,0.001488264759284976,9.986801633113721e-05,1.0
0.8619,0.001299999999999899,0.0013296444252732147,9.967661173070227e-05,1.0
0.8629,0.001299999999999868,0.0012519420057694344,9.956952698284397e-05,1.0
0.8639,0.0012999999999999978,0.0012840684963093382,9.989025626059808e-05,1.0
0.8648,0.0012999999999998891,0.0011310617256054456,0.00010125609585329608,1.0
0.8658,0.0013000000000001081,0.0012529077192976082,0.0001033935527189564,1.0
0.8668,0.0012999999999999145,0.001283711831957616,0.00010376409204902935,1.0
0.8677,0.0012999999999999217,0.0015914738770855417,0.00010220734218720462,1.0
0.8687,0.001300000000000017,0.0012991543304755732,0.00010126263129559468,1.0
0.8697,0.0013007266680992247,0.001255525619369741,9.971168961398738e-05,1.0
0.8707,0.001300999999999913,0.0012155393666559457,9.761325557752213e-05,1.0
0.8716,0.001301000000000086,0.0012124120196231188,9.645202565929804e-05,1.0
0.8726,0.0013009999999999834,0.001237035098697854,9.616963273344857e-05,1.0
0.8736,0.001300999999999903,0.0014037380120192453,9.637983019006603e-05,1.0
0.8745,0.0013010000000000025,0.0012947997351113467,9.632016440970731e-05,1.0
0.8755,0.0013006685383085694,0.0012619984802926933,9.554775454353762e-05,1.0
0.8765,0.0012999999999998948,0.0013780059324410977,9.476760569587366e-05,1.0
0.8774,0.0013004948589554757,0.0012058128994692583,9.453832480745099e-05,1.0
0.8784,0.0013010000000000463,0.0012846266564933966,9.48124193485257e-05,1.0
0.8794,0.0013009999999999396,0.0014285764215322438,9.514650295107671e-05,1.0
0.8803,0.0013002027501039413,0.0012180288681467612,9.46341237165198e-05,1.0
0.8813,0.0013009361873965104,0.0011295191997351063,9.367795186666137e-05,1.0
0.8823,0.0013010000000000875,0.001267185158769215,9.299538373741599e-05,1.0
0.8833,0.001300999999999936,0.00134123850594463,9.252959250685058e-05,1.0
0.8842,0.001300999999999944,0.0013121877258344785,9.203519793899725e-05,1.0
0.8852,0.0013009999999999385,0.0011874830148054624,9.146144814324612e-05,1.0
0.8862,0.0013015159576042579,0.0014538134803202955,9.09656416453813e-05,1.0
0.8871,0.0013030807310762333,0.0011794620843787733,9.056423793067798e-05,1.0
0.8881,0.001305357694847454,0.0014449433572229322,9.025779561311249e-05,1.0
0.8891,0.0013084533547724306,0.0012597458467382163,9.001639952726946e-05,1.0
0.89,0.0013089999999999194,0.0013475055743489707,8.98121734553715e-05,1.0
0.891,0.0013148904748538578,0.0010981749991670227,8.960263054562922e-05,1.0
0.892,0.0013188793861770246,0.0013052753311382907,8.939108410990578e-05,1.0
0.893,0.0013182585497446245,0.0013074938999208304,8.917333310023343e-05,1.0
0.8939,0.0013147464030663061,0.0013786165819618726,8.88709581918736e-05,1.0
0.8949,0.0013035774214837665,0.0013037581621595414,8.852347091289413e-05,1.0
0.8959,0.0013041230320333089,0.0013100992365214172,8.819934183688379e-05,1.0
0.8968,0.0013044134605989294,0.0012253248353235086,8.796740224474071e-05,1.0
0.8978,0.0013054494387352417,0.0013132514058521918,8.777752617711163e-05,1.0
0.8988,0.0013215401800585906,0.0013236092026193504,8.758086329278476e-05,1.0
0.8998,0.0013169908766518929,0.0013788889225526872,8.741782184532501e-05,1.0
0.9007,0.0013128361746716488,0.001397488131035111,8.74682968595718e-05,1.0
0.9017,0.0013063347615652411,0.001149779182480958,8.788235876666072e-05,1.0
0.9027,0.0013026951001571768,0.001413961933483888,8.79235470146667e-05,1.0
0.9036,0.0013026582630825026,0.0014383914546226902,8.71290672186296e-05,1.0
0.9046,0.0013100857800719121,0.0011750765047280998,8.630884016000034e-05,1.0
0.9056,0.0013091080324219326,0.001231814275773028,8.588842235776647e-05,1.0
0.9065,0.0013027358043730406,0.0011564209354769793,8.56903908613427e-05,1.0
0.9075,0.001302770225950459,0.0012102683933838108,8.556490306663103e-05,1.0
0.9085,0.0013066356069961077,0.0012740407238704282,8.53969378217258e-05,1.0
0.9095,0.0013031435177484096,0.0013068965788999912,8.521774755339491e-05,1.0
0.9104,0.001306072862633753,0.001191523394183781,8.503033290099912e-05,1.0
0.9114,0.001306364395936662,0.0013722489016055794,8.480388579297888e-05,1.0
0.9124,0.0013057520321270006,0.001306213690110786,8.459701321537735e-05,1.0
0.9133,0.001306751860277481,0.0012579112249189526,8.448281186194278e-05,1.0
0.9143,0.0013024863046590994,0.0013582150565939488,8.43626918154972e-05,1.0
0.9153,0.0013026526328414245,0.0013107480289366537,8.405831223044022e-05,1.0
0.9162,0.0013030000000000895,0.001497002624431375,8.368742178787794e-05,1.0
0.9172,0.0013013666767736768,0.0012380703660649288,8.352543201240691e-05,1.0
0.9182,0.0013009999999999342,0.001353128016479723,8.360705849239348e-05,1.0
0.9192,0.0013081594210430755,0.0013155411360748822,8.362722240173162e-05,1.0
0.9201,0.0013001184210462073,0.00119296031844784,8.330256184817857e-05,1.0
0.9211,0.0013084653665722014,0.0013857872485979385,8.292222433404678e-05,1.0
0.9221,0.0013185185227682168,0.0015007841727169597,8.279785253925713e-05,1.0
0.923,0.0013005797516337742,0.0013111729471655508,8.293234761418838e-05,1.0
0.924,0.0013000000000001435,0.0013222080777936824,8.321456196950666e-05,1.0
0.925,0.0013013963825077811,0.0013686658517202287,8.32971084684908e-05,1.0
0.9259,0.001301276785361637,0.0012170573829574157,8.297454391285873e-05,1.0
0.9269,0.0013001377799744317,0.0012884458636244374,8.250424828431224e-05,1.0
0.9279,0.0013010000928691957,0.0013090412870191087,8.2360880719295e-05,1.0
0.9288,0.0013060250419582582,0.0012133695351983418,8.243387449652584e-05,1.0
0.9298,0.0013058521437894586,0.001254575350624293,8.227267619612981e-05,1.0
0.9308,0.0012999999999996432,0.0012420149199739053,8.197273785936168e-05,1.0
0.9318,0.00131016421396707,0.0011681218981444363,8.157137750448433e-05,1.0
0.9327,0.0013132052953543846,0.0012820233803777677,8.10048136327457e-05,1.0
0.9337,0.0013044192486634865,0.0013958809309129847,8.044987712926665e-05,1.0
0.9347,0.00130302500133474,0.0012868718085882267,8.001936532433863e-05,1.0
0.9356,0.001300462453898569,0.0013619757947600794,7.973573014061269e-05,1.0
0.9366,0.0013018155568758657,0.001335348893116085,7.957015219096338e-05,1.0
0.9376,0.00132045307616488,0.0013030750180205012,7.9523627446034e-05,1.0
0.9385,0.0013085057974055198,0.0012707571409181911,7.963217436621987e-05,1.0
0.9395,0.0013149913480059916,0.0013467121446272678,7.972977130215926e-05,1.0
0.9405,0.0013423903179821924,0.0013704171984200773,7.964516236869107e-05,1.0
0.9415,0.0013141870189700504,0.0013464301593677389,7.946010717347706e-05,1.0
0.9424,0.0013131781305825395,0.001315592548888243,7.933390927183348e-05,1.0
0.9434,0.0013084548175177151,0.0013371293530877592,7.926784755189786e-05,1.0
0.9444,0.0013027389949764035,0.001246996233869303,7.905008517536521e-05,1.0
0.9453,0.0012999999999997842,0.0012565992292209126,7.873028114179749e-05,1.0
0.9463,0.00135434020047203,0.0014404100628793853,7.85037440912219e-05,1.0
0.9473,0.0013000000000001374,0.001536504460938742,7.846580154541496e-05,1.0
0.9482,0.001300000000000136,0.0013413087791705562,7.85387685372102e-05,1.0
0.9492,0.0012999999999999707,0.0014868429555010016,7.857583442163075e-05,1.0
0.9502,0.001299999999999787,0.0013678120028170614,7.83424480453356e-05,1.0
0.9512,0.0013000000000001563,0.0012522614897902665,7.784418523173437e-05,1.0
0.9521,0.0013078128757781308,0.001273193274952549,7.73525784907623e-05,1.0
0.9531,0.0013112149003238669,0.0012368859296336358,7.709499761735448e-05,1.0
0.9541,0.001301651335088363,0.0013428993096379616,7.712134901894838e-05,1.0
0.955,0.0012999999999999496,0.0012558473324443206,7.71915257406749e-05,1.0
0.956,0.001300998827376036,0.001425631673274265,7.706648950781194e-05,1.0
0.957,0.0013005507038277347,0.0012272082984854532,7.691435557109899e-05,1.0
0.958,0.0013042756313115527,0.0010776363154403128,7.684047968099042e-05,1.0
0.9589,0.0013043986906082147,0.0013731514848318868,7.658096390540046e-05,1.0
0.9599,0.0013034396600832899,0.0013206875316726942,7.618098509816793e-05,1.0
0.9609,0.0013022642072491094,0.0013406801299737277,7.585174452043753e-05,1.0
0.9618,0.0013010000000000126,0.001285786847903326,7.567165458923561e-05,1.0
0.9628,0.0013099013780197629,0.0012137906703518593,7.561431919172337e-05,1.0
0.9638,0.001312119575096321,0.0013341076369381092,7.565202559778764e-05,1.0
0.9647,0.001302040068832713,0.00133756280834943,7.574583071324492e-05,1.0
0.9657,0.001301000000000005,0.0013077739621139544,7.584747627872987e-05,1.0
0.9667,0.0013009999999999838,0.001314243638807241,7.580529187395469e-05,1.0
0.9677,0.001303575695814587,0.0012481892785355764,7.550208539202794e-05,1.0
0.9686,0.0013069227213501054,0.0013291943493103254,7.524298872706396e-05,1.0
0.9696,0.0013025147815044253,0.0012738193451122017,7.511379633989084e-05,1.0
0.9706,0.0013013758440039355,0.0012672584629871053,7.497176665606227e-05,1.0
0.9715,0.001301000000000125,0.001288321805595249,7.47463643247879e-05,1.0
0.9725,0.0013010000000000708,0.0011589019387091214,7.450618769688239e-05,1.0
0.9735,0.0013028519666320178,0.0014045567101357809,7.449708905372863e-05,1.0
0.9744,0.001303000000000031,0.0013194620291526668,7.485986655135541e-05,1.0
0.9754,0.001301089944200764,0.0011888860081476036,7.518391970328438e-05,1.0
0.9764,0.0013026868487643936,0.0013324345055809926,7.48841539557025e-05,1.0
0.9773,0.0013044926319232856,0.0012627960453402928,7.417754115746971e-05,1.0
0.9783,0.0013022164569586492,0.0012236195689329353,7.367108631641663e-05,1.0
0.9793,0.001303653884540181,0.0012415598274387568,7.348669008003037e-05,1.0
0.9803,0.0013140365729016961,0.0013870508213498132,7.334208317304619e-05,1.0
0.9812,0.0013075789331077742,0.0013868657635180586,7.314736587280636e-05,1.0
0.9822,0.0013046674863601755,0.0013055495554841455,7.299898880763184e-05,1.0
0.9832,0.0013030568517918095,0.0013971767433483542,7.291882822098707e-05,1.0
0.9841,0.0013030000000001673,0.001274915072356527,7.282258642403707e-05,1.0
0.9851,0.00130286449738666,0.0013285645424462589,7.266893535763575e-05,1.0
0.9861,0.0013020000000000006,0.001290563006726015,7.255151101989786e-05,1.0
0.987,0.0013037951437263537,0.0013686073985788457,7.25461675371472e-05,1.0
0.988,0.0013075626700668381,0.0012589801951327802,7.249493313471086e-05,1.0
0.989,0.0013035419880772971,0.0012641247263205427,7.235358457978188e-05,1.0
0.99,0.001306722182567063,0.0011711300295766662,7.2197151619874e-05,1.0
0.9909,0.0013038179265632878,0.0012202143065990954,7.203933346239612e-05,1.0
0.9919,0.001301120698407566,0.0012808372068998958,7.189443784078647e-05,1.0
0.9929,0.0013040684005633145,0.0012246923723884995,7.176857092186849e-05,1.0
0.9938,0.0013077472588488624,0.001388968389793227,7.164201934647888e-05,1.0
0.9948,0.0013021810610255628,0.0013360926046057417,7.164420354170489e-05,1.0
0.9958,0.0013030000000000177,0.0014362596058721672,7.184788995662842e-05,1.0
0.9968,0.0013029999999999925,0.0013143788963923537,7.18905280387958e-05,1.0
0.9977,0.0013030000000001428,0.0012738713906649446,7.172437368639615e-05,1.0
0.9987,0.0013030000000000545,0.0012825887066341224,7.168030920236206e-05,1.0
0.9997,0.0013022391687666727,0.0012701474190659166,7.170508191559631e-05,1.0
1.0006,0.0013012141453823266,0.0013274866238431413,7.156189637956224e-05,1.0
1.0016,0.0013019248600049677,0.0012119270665362117,7.132477954742102e-05,1.0
1.0026,0.0013068748186671369,0.0013630167945223965,7.109828294790376e-05,1.0
1.0035,0.0013049999999999217,0.001139208330904074,7.084385354988584e-05,1.0
1.0045,0.001305226687324919,0.0011825035821397825,7.059487686506253e-05,1.0
1.0055,0.0013052688861230055,0.0013397752607316894,7.043659256672187e-05,1.0
1.0065,0.001303495437674338,0.001430011907385097,7.028980768716238e-05,1.0
1.0074,0.0013030000000000366,0.0013657263882686157,7.011331038343976e-05,1.0
1.0084,0.001303000000000031,0.001380373863431017,6.998910279720326e-05,1.0
1.0094,0.0013021936103542514,0.001332110045257973,6.989458083223373e-05,1.0
1.0103,0.001301999999999999,0.001262124754772685,6.979812964897512e-05,1.0
1.0113,0.0013020000000000264,0.001222025068855784,6.968134877086108e-05,1.0
1.0123,0.0013020000000000954,0.0013901230324548104,6.962566139023163e-05,1.0
1.0132,0.0013021333082368577,0.0013323128934476273,6.977365014062167e-05,1.0
1.0142,0.0013030000000000476,0.001293658475004189,7.012079027766015e-05,1.0
1.0152,0.0013042335497132412,0.0012920246363487473,7.033865411863384e-05,1.0
1.0162,0.0013043498414459732,0.0013974457440789941,7.012124756656911e-05,1.0
1.0171,0.0013024248558774667,0.0012609630254106364,6.96725519473179e-05,1.0
1.0181,0.0013019999999999516,0.0012598283944822678,6.933902489743722e-05,1.0
1.0191,0.0013020000000000535,0.0013266067331328363,6.917585997616518e-05,1.0
1.02,0.0013019999999999352,0.0012775038334172757,6.91329742566155e-05,1.0
1.021,0.0013019840231703553,0.001229941180900914,6.919625148830846e-05,1.0
1.022,0.0013011546702812872,0.0013794710291187343,6.917810717886372e-05,1.0
1.0229,0.001302000000000053,0.0012599786477319077,6.887821434602498e-05,1.0
1.0239,0.0013016821958502962,0.0013267960306528742,6.855369269471587e-05,1.0
1.0249,0.0013014566737634045,0.0012537572632015518,6.842054072566269e-05,1.0
1.0258,0.0013020000000000065,0.00133853034421057,6.840112898191419e-05,1.0
1.0268,0.0013026207704219521,0.0012336497032921394,6.836514279167764e-05,1.0
1.0278,0.001302241224174073,0.0012542698435947337,6.824551050497208e-05,1.0
1.0288,0.001301102493529516,0.001309097566179435,6.807462491544284e-05,1.0
1.0297,0.0013009999999999233,0.001405481400526217,6.79490565594539e-05,1.0
1.0307,0.0013010614673552921,0.0014045184493243382,6.792896235260681e-05,1.0
1.0317,0.0013020000000000024,0.0013485377066283235,6.806808334370847e-05,1.0
1.0326,0.0013020000000001117,0.001372203485211863,6.844609561270585e-05,1.0
1.0336,0.0013020000000001258,0.001218146010016321,6.874891822146475e-05,1.0
1.0346,0.0013019999999999369,0.0012897752801763812,6.853198004940468e-05,1.0
1.0356,0.0013013588303237968,0.0011589435824834783,6.798894365239237e-05,1.0
1.0365,0.0013009999999999068,0.0012195366560948753,6.757572380274208e-05,1.0
1.0375,0.0013009999999999981,0.0012108706267118226,6.738829492179623e-05,1.0
1.0385,0.0013009999999999144,0.0013297520298440734,6.732026931480899e-05,1.0
1.0394,0.0013010000000000805,0.0012648195265015144,6.725058136390601e-05,1.0
1.0404,0.001300892906345336,0.0013086573396455209,6.710582011602091e-05,1.0
1.0414,0.0013000000000000483,0.001266199014546214,6.69846986854998e-05,1.0
1.0423,0.0013002707461725045,0.0013799155849572667,6.698862481882917e-05,1.0
1.0433,0.0013010000000000413,0.0013167851551352172,6.703667190926142e-05,1.0
1.0443,0.0013010000000000048,0.0012977174045199972,6.697230634339281e-05,1.0
1.0452,0.0013010000000000328,0.001256977765867146,6.680986506090162e-05,1.0
1.0462,0.0013024237744933397,0.0013130927082437166,6.66926278751554e-05,1.0
1.0472,0.0013030000000000548,0.0012577006465696562,6.660200284642845e-05,1.0
1.0482,0.0013000340912854935,0.0013062516623138214,6.645326926078313e-05,1.0
1.0491,0.0012999999999998967,0.0012641182967446452,6.632313103600515e-05,1.0
1.0501,0.001299999999999951,0.0013740171611002828,6.62812414840815e-05,1.0
1.0511,0.0013000000000000563,0.0012194370014781103,6.630379785044862e-05,1.0
1.052,0.0012999999999999579,0.0012470439483433335,6.642116172267187e-05,1.0
1.053,0.0012999999999998774,0.001263098790495369,6.65742989889108e-05,1.0
1.054,0.001300593416887297,0.0012575091460911292,6.645590143415009e-05,1.0
1.0549,0.0013010000000000153,0.001232790695757093,6.613420284534576e-05,1.0
1.0559,0.0013002426222276722,0.0012746374151654544,6.597754506541421e-05,1.0
1.0569,0.001300000000000007,0.001382855661554537,6.621008907973815e-05,1.0
1.0579,0.0013000000000000494,0.0012828142669140362,6.693491177735875e-05,1.0
1.0588,0.0013000000000000544,0.001314695775473397,6.759183398619939e-05,1.0
1.0598,0.0012999999999999986,0.0012164308753264158,6.751860815036234e-05,1.0
1.0608,0.0012999999999998885,0.0012932901356551157,6.705041092991919e-05,1.0
1.0617,0.00129999999999994,0.0013165051800987939,6.646409725324619e-05,1.0
1.0627,0.001300000000000054,0.0012273343752964697,6.59116172516144e-05,1.0
1.0637,0.0013000000000000286,0.0013958106449781633,6.556746105358994e-05,1.0
1.0647,0.0013000000000000294,0.0015050562575133692,6.540441436627232e-05,1.0
1.0656,0.001299999999999907,0.001276522914817468,6.535923829439176e-05,1.0
1.0666,0.0012999999999999672,0.0012375153769400402,6.538374258410481e-05,1.0
1.0676,0.00130000000000003,0.0012873597230122192,6.559189767186526e-05,1.0
1.0685,0.0013000000000000273,0.001313431970270453,6.603859342692128e-05,1.0
1.0695,0.0013000000000000353,0.0012559059856193,6.625374049325516e-05,1.0
1.0705,0.0013000000000000542,0.0012572927732011942,6.58585985569377e-05,1.0
1.0714,0.0012999999999999611,0.0011936130072909615,6.536688563072633e-05,1.0
1.0724,0.0012999999999998815,0.0013870465033495039,6.522586194453991e-05,1.0
1.0734,0.001300000000000013,0.0012928236770172376,6.54775171554436e-05,1.0
1.0743,0.0013000000000000331,0.0012804238523885893,6.596832604483644e-05,1.0
1.0753,0.0012999999999999841,0.0014598839688521282,6.614739842478141e-05,1.0
1.0763,0.0013000000000000266,0.0013427454892331703,6.562571387294556e-05,1.0
1.0773,0.001299999999999967,0.001327721978360116,6.50546762680235e-05,1.0
1.0782,0.0012999999999999635,0.0011601017225279044,6.4962059327896e-05,1.0
1.0792,0.0012999999999998891,0.0013773852681534709,6.500736201164037e-05,1.0
1.0802,0.0012999999999998915,0.001350318790611351,6.486528874195233e-05,1.0
1.0811,0.0012999999999998933,0.0012894909503833058,6.470661020707961e-05,1.0
1.0821,0.001299999999999988,0.001306664328332308,6.450744883612147e-05,1.0
1.0831,0.0012999999999999548,0.001255576071822318,6.425867821378187e-05,1.0
1.0841,0.0012999999999999626,0.0013009576109207104,6.407833553874047e-05,1.0
1.085,0.0013000000000000448,0.001225630138908558,6.395543891562563e-05,1.0
1.086,0.0013000000000000075,0.0012030294637688276,6.386110319515491e-05,1.0
1.087,0.0013000000000000067,0.0012535316609625445,6.381889790400476e-05,1.0
1.0879,0.0013001959482161949,0.0013494386301920653,6.381696274716842e-05,1.0
1.0889,0.001300665182170021,0.0012780457797722136,6.379361666011599e-05,1.0
1.0899,0.0012999999999999733,0.001273364671800581,6.37127500328525e-05,1.0
1.0908,0.0013000000000000286,0.0013379912338925461,6.362169081467029e-05,1.0
1.0918,0.0013031889205098912,0.0012084889283846907,6.357422355153796e-05,1.0
1.0928,0.001301896376921068,0.0012620404053569527,6.358239019822359e-05,1.0
1.0938,0.001300999999999957,0.001337145321094049,6.363179088862496e-05,1.0
1.0947,0.001300999999999957,0.0013534417370311095,6.376070708192026e-05,1.0
1.0957,0.0013056855327633,0.0013549064453785556,6.389088965329076e-05,1.0
1.0967,0.00130156502715446,0.0012721014111715628,6.399275763277575e-05,1.0
1.0976,0.0013000000000000236,0.00127512354869622,6.421148699046979e-05,1.0
1.0986,0.0013000000000000292,0.0013261456253701649,6.430370027620249e-05,1.0
1.0996,0.0013005193137427813,0.0012102111001170567,6.414457327027721e-05,1.0
1.1005,0.0013042664300835474,0.0013294168652430124,6.408427952011713e-05,1.0
1.1015,0.001302899537592672,0.0013728777857785906,6.402252335264863e-05,1.0
1.1025,0.0013009999999999476,0.0013354308701855424,6.379270618520848e-05,1.0
1.1034,0.0013052311616693578,0.001272232469006376,6.353089664238555e-05,1.0
1.1044,0.0013316161807501938,0.0014102829859496862,6.342837527693304e-05,1.0
1.1054,0.0013121312486565851,0.001323880583976233,6.352040253363357e-05,1.0
1.1064,0.0013054737745559354,0.001298327367284197,6.350527083051659e-05,1.0
1.1073,0.0013037121238839158,0.0013650754590509683,6.320646628778713e-05,1.0
1.1083,0.0013038518693095015,0.001331491112907863,6.292501901196535e-05,1.0
1.1093,0.0013038701199161041,0.0014148220561535263,6.288648018911588e-05,1.0
1.1102,0.0013024099686867667,0.0014120743478151247,6.304118294969445e-05,1.0
1.1112,0.001303457801853647,0.001361391389100226,6.329249116235137e-05,1.0
1.1122,0.001303132093685988,0.001388337853568149,6.334165501323324e-05,1.0
1.1132,0.0013029999999999852,0.0013236171376018913,6.299297119262024e-05,1.0
1.1141,0.0013031536412338425,0.001294518611631106,6.259897933392118e-05,1.0
1.1151,0.0013093578690720777,0.001216612537891852,6.237675396131339e-05,1.0
1.1161,0.001317543016238141,0.0013078137798726351,6.222008787142449e-05,1.0
1.117,0.001322666574445564,0.0013614278854093772,6.209401089601024e-05,1.0
1.118,0.0013231706342762724,0.001301184952851243,6.203490801329844e-05,1.0
1.119,0.001319389569432414,0.001292442830139175,6.205241399277522e-05,1.0
1.1199,0.0013247196965489483,0.0012991779542542593,6.207943300019173e-05,1.0
1.1209,0.0013109604010267336,0.0013555030169015146,6.201083799971965e-05,1.0
1.1219,0.0013050866031602557,0.0014076748923853885,6.18953297148415e-05,1.0
1.1228,0.0013106245226029846,0.0011976605332352302,6.188815516610368e-05,1.0
1.1238,0.0013138472909080168,0.0012969061247699364,6.213021858063355e-05,1.0
1.1248,0.001311354327521106,0.0012232840228695735,6.260340051036261e-05,1.0
1.1258,0.0013082915409062118,0.0013867853822372967,6.28050782955884e-05,1.0
1.1267,0.001306999999999941,0.0011956223721395055,6.246783924916005e-05,1.0
1.1277,0.0013075176009090489,0.0013753303703750363,6.205051178021974e-05,1.0
1.1287,0.0013093121137335783,0.001331287417538877,6.189575897581514e-05,1.0
1.1296,0.0013086377037238885,0.0013635367797321498,6.190656820989052e-05,1.0
1.1306,0.0013055399467450917,0.001396058603546641,6.191564971038786e-05,1.0
1.1316,0.0013021229305832246,0.0012757288970858698,6.188041516551178e-05,1.0
1.1326,0.0013141285836082168,0.0013929263522097074,6.184315490408627e-05,1.0
1.1335,0.001334731070429281,0.001370766701748317,6.17954680333187e-05,1.0
1.1345,0.0013316527853163935,0.0013637379974554946,6.170739054009752e-05,1.0
1.1355,0.0013080000000000144,0.0013457297002986287,6.159277292447128e-05,1.0
1.1364,0.0013135225474676698,0.0013129394759824168,6.161911707330624e-05,1.0
1.1374,0.0013193104740963088,0.0012614243082684634,6.182903070119825e-05,1.0
1.1384,0.0013151938104303917,0.0012455030488227807,6.200960961910615e-05,1.0
1.1393,0.0013125467226728204,0.0013785015521957746,6.209281999379678e-05,1.0
1.1403,0.0013111343559490927,0.0013408542810457841,6.209859875964096e-05,1.0
1.1413,0.001307990972670987,0.001281960321122482,6.20454021043415e-05,1.0
1.1422,0.001306088713766398,0.001373356661915824,6.193752124888241e-05,1.0
1.1432,0.0013093349427417019,0.001247199458960848,6.1722882814483e-05,1.0
1.1442,0.0013122253639377035,0.001355928424334301,6.143913284366557e-05,1.0
1.1452,0.0013288057375236827,0.001334247173091665,6.123146158263499e-05,1.0
1.1461,0.0013318868707123258,0.0013052386865207077,6.119062983516878e-05,1.0
1.1471,0.001312953463717187,0.0012721605568904262,6.131725634798693e-05,1.0
1.1481,0.0013117474613210654,0.001282280666217709,6.150766467377576e-05,1.0
1.149,0.0013174058547399295,0.001352758274994053,6.149712327880581e-05,1.0
1.15,0.001326289076611637,0.001322665317026258,6.123661357024434e-05,1.0
1.151,0.001313150419891396,0.0013645532576471262,6.10027627953699e-05,1.0
1.1519,0.0013166011651810654,0.001321030732829487,6.08774021004939e-05,1.0
1.1529,0.0013246388856893814,0.0014458835826923607,6.075598084382751e-05,1.0
1.1539,0.0013308716401205212,0.0013015097864961358,6.0688237428276996e-05,1.0
1.1549,0.0013453625534594383,0.0013345991952916447,6.071189021435557e-05,1.0
1.1558,0.0013555796408428692,0.0013654891065370527,6.072723203764414e-05,1.0
1.1568,0.001353415465109525,0.0014318009603474676,6.0738560101068593e-05,1.0
1.1578,0.0013398993986821072,0.0013972203422315498,6.098353087637578e-05,1.0
1.1587,0.0013427242884191195,0.0013267954839330865,6.154461948567624e-05,1.0
1.1597,0.00133921619562139,0.0013561720541484423,6.20274611614133e-05,1.0
1.1607,0.0013216257183187852,0.0012602031648514876,6.191178621237248e-05,1.0
1.1617,0.0013360614564934291,0.0012068823369864956,6.161365613429905e-05,1.0
1.1626,0.001328070798316384,0.0013437401789211435,6.188953365816397e-05,1.0
1.1636,0.0013132050843815675,0.0012209153434815064,6.266049165108187e-05,1.0
1.1646,0.0013120000000000143,0.0011740754267671172,6.265708377417355e-05,1.0
1.1655,0.0013277235250972051,0.0013605580269966226,6.167156267042131e-05,1.0
1.1665,0.0013189872775590367,0.001375649874308018,6.087345153042791e-05,1.0
1.1675,0.001309161525513655,0.0012350283696993813,6.071071912007476e-05,1.0
1.1684,0.001312453527150827,0.0013524231225759884,6.097844996948591e-05,1.0
1.1694,0.0013200135084077314,0.001332189278143447,6.114517320215254e-05,1.0
1.1704,0.0013258587432115989,0.0013014648232831433,6.0830241157405174e-05,1.0
1.1713,0.0013253326961196806,0.0013098689790018172,6.042849071432208e-05,1.0
1.1723,0.0013294389635244606,0.0012544531967875743,6.026588815062062e-05,1.0
1.1733,0.001333227663565468,0.001264033197388365,6.0274139565648236e-05,1.0
1.1743,0.0013286721851112906,0.001341292987330972,6.033951786492585e-05,1.0
1.1752,0.001325178865019931,0.0014126585236898523,6.041331143255365e-05,1.0
1.1762,0.001324000000000026,0.0013367255263369447,6.0606997141930355e-05,1.0
1.1772,0.0013213452400176024,0.0012701579198088945,6.102287487452448e-05,1.0
1.1781,0.0013155461440883661,0.0012539343938054066,6.137838964423556e-05,1.0
1.1791,0.001315047877700626,0.0014032726350695728,6.1275840208638e-05,1.0
1.1801,0.0013154397580574177,0.001327871237966783,6.080900202773071e-05,1.0
1.1811,0.0013123484945968885,0.0012883943198156076,6.0524733841051286e-05,1.0
1.182,0.0013106495551671344,0.0014031623098683206,6.0687829439961914e-05,1.0
1.183,0.0013139085970729839,0.001356370672719407,6.103496725905288e-05,1.0
1.184,0.0013230206401712238,0.001367181378314595,6.105872764583922e-05,1.0
1.1849,0.0013273053425853015,0.0013949730439571694,6.071064993720414e-05,1.0
1.1859,0.0013192930500317938,0.0014186779454518886,6.043363668477316e-05,1.0
1.1869,0.001309555629652031,0.0013981684757049231,6.065161579345449e-05,1.0
1.1878,0.0013099545503774499,0.0012666787394070627,6.129556497413582e-05,1.0
1.1888,0.0013110933682261008,0.001175965711853356,6.158727793846764e-05,1.0
1.1898,0.0013126971208400843,0.0012794605119010604,6.0991139221354564e-05,1.0
1.1908,0.0013179699458163296,0.0012867497547273312,6.026767093372621e-05,1.0
1.1917,0.0013202256585122354,0.0012577855425306432,5.99304120925355e-05,1.0
1.1927,0.0013154652691474602,0.0013147888373273567,5.985094918239967e-05,1.0
1.1937,0.0013136538589059552,0.001209461251112599,5.987841383481732e-05,1.0
1.1946,0.0013109055145454213,0.0012877535024732546,5.996032602033069e-05,1.0
1.1956,0.0013099999999999258,0.0012421979020594946,6.0179505164064416e-05,1.0
1.1966,0.001309023963181005,0.0012879814397757162,6.072102411554532e-05,1.0
1.1975,0.0013069999999999683,0.001208129331240773,6.151154845025779e-05,1.0
1.1985,0.0013072779890507267,0.0013228015036543359,6.215180450605265e-05,1.0
1.1995,0.0013095557282778957,0.0013524392246059987,6.221736191646766e-05,1.0
1.2004,0.0013106970445898123,0.0013858141851967015,6.1573705639549e-05,1.0
1.2014,0.0013086741176074473,0.001349931421000275,6.0799627580896524e-05,1.0
1.2024,0.0013064198303746157,0.0013559767849530468,6.0477550375024456e-05,1.0
1.2034,0.0013060000000000476,0.0013410979481539662,6.047828715161676e-05,1.0
1.2043,0.0013060000000001386,0.0012881308643590105,6.038441982023239e-05,1.0
1.2053,0.0013042346845375662,0.001333250325075163,6.015102422262339e-05,1.0
1.2063,0.0013039999999997927,0.0012381946439188867,6.002637771125872e-05,1.0
1.2072,0.0013039999999999595,0.0013182422781685276,6.014821553049851e-05,1.0
1.2082,0.0013038155149488215,0.0012612046578769445,6.047856530726485e-05,1.0
1.2092,0.0013030000000000114,0.0012910986701757303,6.083522323039558e-05,1.0
1.2102,0.001302537639948125,0.0015058540113515454,6.101540478893313e-05,1.0
1.2111,0.001302487451323166,0.0013057262019672714,6.075274274413138e-05,1.0
1.2121,0.0013092645671036352,0.0013114441921495226,6.01680926091312e-05,1.0
1.2131,0.0013076488104809673,0.0013377608924779938,5.977761769455838e-05,1.0
1.214,0.001303632164071177,0.0012368030105570644,5.964619070030539e-05,1.0
1.215,0.0013020717159695277,0.0013727546224936568,5.96101564905055e-05,1.0
1.216,0.0013020671536438334,0.0013196175761981234,5.959827291807763e-05,1.0
1.2169,0.0013029078600277767,0.0013437017429522424,5.9610872982895296e-05,1.0
1.2179,0.001301769888649837,0.0012104309636514089,5.965457234820261e-05,1.0
1.2189,0.0013010000000000632,0.0013578090985793393,5.969347965040825e-05,1.0
1.2198,0.0013009999999999517,0.0013435906095037684,5.969280669009326e-05,1.0
1.2208,0.0013031323104893374,0.001333748491081888,5.967756186218193e-05,1.0
1.2218,0.0013036561055280104,0.0013256704510803098,5.9678776884154616e-05,1.0
1.2228,0.0013013799399245332,0.0012443313186566184,5.968924945880361e-05,1.0
1.2237,0.0013043396197691764,0.0012919050134129985,5.970088179311368e-05,1.0
1.2247,0.0013137639710030051,0.001209411894923486,5.9806773194045725e-05,1.0
1.2257,0.0013010000000000692,0.0012270204208528728,6.0233916562829415e-05,1.0
1.2266,0.0013008621287855882,0.0012438672737237807,6.0892105275485675e-05,1.0
1.2276,0.0013002764259922644,0.0013659941581284254,6.112677058820534e-05,1.0
1.2286,0.0013014146072631307,0.0012879852727696102,6.061140538467522e-05,1.0
1.2296,0.0013008930462468638,0.0012729876778820562,6.00593902075696e-05,1.0
1.2305,0.0013000000000000255,0.001221840617890623,5.987741259882184e-05,1.0
1.2315,0.0012999999999997564,0.0013929428325803802,5.991950835666002e-05,1.0
1.2325,0.0012999999999999804,0.001213964641210518,5.99913174754453e-05,1.0
1.2334,0.0012999999999999384,0.001311842048542442,5.999869133036298e-05,1.0
1.2344,0.0012999999999998484,0.0012922567740319465,5.9939925631896215e-05,1.0
1.2354,0.0012999999999998488,0.0012721050442538711,5.986262120848262e-05,1.0
1.2363,0.0013000000000000205,0.0013122687033610063,5.9800857516187314e-05,1.0
1.2373,0.0013000000000000192,0.0013437257738689752,5.9736389488746606e-05,1.0
1.2383,0.0012999999999999525,0.0012837087750302587,5.969827206924494e-05,1.0
1.2392,0.0012999999999999433,0.0013552562037247723,5.9711677067856965e-05,1.0
1.2402,0.0013000000000000663,0.001460165916926708,5.9742545645763596e-05,1.0
1.2412,0.0012999999999999963,0.0013324085923338558,5.975620586110501e-05,1.0
1.2422,0.001299999999999814,0.0012927235208029801,5.975788395389168e-05,1.0
1.2431,0.0013000000000001465,0.001333434374247235,5.974975149040677e-05,1.0
1.2441,0.0012999999999997929,0.001346990432004052,5.9731780355852996e-05,1.0
1.2451,0.0012999999999999954,0.0012418960352605674,5.971632222155188e-05,1.0
1.246,0.0012999999999999867,0.0013283863431118403,5.973034623185598e-05,1.0
1.247,0.0012999999999998998,0.0012534514272638738,5.977585758382243e-05,1.0
1.248,0.0013000000000000424,0.0012700390071807052,5.980496638190208e-05,1.0
1.2489,0.0012999999999999902,0.0012297659292507253,5.980529653092882e-05,1.0
1.2499,0.0013000000000001385,0.001350890746374661,5.986905839211606e-05,1.0
1.2509,0.0012999999999999616,0.0013219390213952125,6.007274577061834e-05,1.0
1.2519,0.0012999999999999858,0.0013205750225186782,6.0311358226720686e-05,1.0
1.2528,0.0013000000000000064,0.0012901721849429228,6.039252269339364e-05,1.0
1.2538,0.0013000000000000112,0.001245970255066469,6.027393588204813e-05,1.0
1.2548,0.001299999999999978,0.0012871709404172252,6.008204406484496e-05,1.0
1.2557,0.0012999999999999332,0.0012484712846150406,5.996998670667878e-05,1.0
1.2567,0.0012999999999999375,0.0013407032661169826,5.994887204919524e-05,1.0
1.2577,0.0012999999999999015,0.0012959568263645684,5.9946098502298107e-05,1.0
1.2587,0.001300000000000106,0.0013406497963362994,5.993934006965581e-05,1.0
1.2596,0.0012999999999999028,0.0012409598447489024,5.993938677169763e-05,1.0
1.2606,0.0013000000000000784,0.001241908892372636,5.993972727667742e-05,1.0
1.2616,0.0012999999999997749,0.0013871576293418848,5.994959615262665e-05,1.0
1.2625,0.001299999999999905,0.0012117798234151773,6.0019643597072354e-05,1.0
1.2635,0.0012999999999999665,0.001326337061894836,6.017435595815911e-05,1.0
1.2645,0.0012999999999997736,0.0012021123813484216,6.0267072839916564e-05,1.0
1.2654,0.0012999999999997807,0.0012244198068628428,6.0188234290052223e-05,1.0
1.2664,0.0012999999999999767,0.0012999812286810864,6.007237955921128e-05,1.0
1.2674,0.0012999999999999405,0.0013178973228325592,6.001858755160189e-05,1.0
1.2683,0.0012999999999999097,0.0011686511827346095,6.000656398584612e-05,1.0
1.2693,0.0012999999999999004,0.0013441321996213315,6.00177612162751e-05,1.0
1.2703,0.0012999999999999047,0.0013114369407416107,6.0045198531102885e-05,1.0
1.2713,0.001300000000000173,0.0013511434013045347,6.008336729328522e-05,1.0
1.2722,0.0013000000000001272,0.0013081553472412627,6.0127243230672415e-05,1.0
1.2732,0.0012999999999997746,0.0013105098226446296,6.0190297519710784e-05,1.0
1.2742,0.0012999999999997848,0.0012225972821258346,6.025190170817346e-05,1.0
1.2751,0.001299999999999954,0.0013934098212794912,6.0260450258708446e-05,1.0
1.2761,0.0012999999999998505,0.0013712728613499078,6.0221686952052817e-05,1.0
1.2771,0.001299999999999911,0.0012745418366276109,6.020063811860724e-05,1.0
1.2781,0.0013000000000000054,0.0012963056027372026,6.022719186499356e-05,1.0
1.279,0.0013000000000000372,0.0013569314470132836,6.0282742850311927e-05,1.0
1.28,0.001299999999999606,0.0013658508544318992,6.0391610685626015e-05,1.0
1.281,0.0012999999999999286,0.0012046139845337304,6.058790230983613e-05,1.0
1.2819,0.0012999999999998115,0.0013283815426325142,6.09066628796384e-05,1.0
1.2829,0.0013000000000000544,0.0013628030949746272,6.133651229597993e-05,1.0
1.2839,0.0012999999999998959,0.001305309789257574,6.170206910657673e-05,1.0
1.2848,0.001299999999999987,0.0012477683317579458,6.174454231258798e-05,1.0
1.2858,0.0013000000000000468,0.0013261151664505008,6.142208229906514e-05,1.0
1.2868,0.001300000000000037,0.001194232773241014,6.099665001983779e-05,1.0
1.2878,0.0012999999999997844,0.0011945895035903348,6.081570193554243e-05,1.0
1.2887,0.0013000000000001613,0.0013077848960310072,6.0953126877776423e-05,1.0
1.2897,0.0012999999999996187,0.0013610505657317992,6.118079294623155e-05,1.0
1.2907,0.0012999999999997944,0.0012965088370221402,6.12731718432775e-05,1.0
1.2916,0.0012999999999999455,0.0013342725200536111,6.114035806270674e-05,1.0
1.2926,0.0013000000000001205,0.001374571943402325,6.095936162752619e-05,1.0
1.2936,0.0013000000000001782,0.001324295755977151,6.0862849952564935e-05,1.0
1.2945,0.0013000000000000602,0.0012589021789760225,6.0825519407268424e-05,1.0
1.2955,0.001301787152805418,0.0011753351622823364,6.078957853277866e-05,1.0
1.2965,0.0013015308255693093,0.0012999671206476893,6.075875203984746e-05,1.0
1.2974,0.0013010000000000617,0.001296351753770799,6.074426536262983e-05,1.0
1.2984,0.0013010000000001063,0.0013494112120152504,6.07543718593083e-05,1.0
1.2994,0.00130200000000008,0.0012916037529456489,6.079365963508567e-05,1.0
1.3004,0.001301999999999852,0.0011791257279296153,6.085124221153863e-05,1.0
1.3013,0.00130200000000016,0.0012656582164256823,6.091746378124935e-05,1.0
1.3023,0.001301999999999879,0.0012454905366706065,6.102184326825708e-05,1.0
1.3033,0.0013024772472424848,0.0013005172580624245,6.115407977220543e-05,1.0
1.3042,0.0013035023385137533,0.0013510889808838879,6.11853939970229e-05,1.0
1.3052,0.0013020763756180684,0.0014178856481382388,6.111012624932038e-05,1.0
1.3062,0.0013009999999998468,0.0012534967058274906,6.10796426770562e-05,1.0
1.3072,0.0013009999999997366,0.001247326880607258,6.11419477943661e-05,1.0
1.3081,0.0013010000000000055,0.0012198405981495596,6.122481211276264e-05,1.0
1.3091,0.0013020000000000772,0.0013161551581139378,6.129557999866612e-05,1.0
1.3101,0.0013017790895518226,0.0013573612090185664,6.142877668620799e-05,1.0
1.311,0.0013010000000000749,0.0013761224554087216,6.173990750999994e-05,1.0
1.312,0.0013013845691007444,0.00127361808290453,6.218259336534874e-05,1.0
1.313,0.0013030454755360923,0.0013221638745873584,6.232277006952605e-05,1.0
1.3139,0.001305095658078546,0.0013050480306503929,6.209676602623486e-05,1.0
1.3149,0.0013039394967202852,0.0013240913809644528,6.189405615033423e-05,1.0
1.3159,0.001301348591919654,0.001279627322349332,6.171773247540469e-05,1.0
1.3168,0.001301850795311392,0.0013140513117925817,6.154814000078257e-05,1.0
1.3178,0.0013039773492910642,0.0012932543060107018,6.151831053250173e-05,1.0
1.3188,0.0013048724686399405,0.0014630059763752355,6.166191438803036e-05,1.0
1.3198,0.0013037334632526266,0.0013713360572798134,6.189062009885733e-05,1.0
1.3207,0.0013029999999999767,0.0014584847750024376,6.197203923225393e-05,1.0
1.3217,0.0013030000000000535,0.0012745435674111152,6.180916012709509e-05,1.0
1.3227,0.0013030000000000333,0.001374111300361289,6.162918121099e-05,1.0
1.3236,0.0013030000000000053,0.0013686115588586894,6.156051507002729e-05,1.0
1.3246,0.00130446464990433,0.0012997104653835775,6.155667396028662e-05,1.0
1.3256,0.001305871330339495,0.001271487473338647,6.159168487895e-05,1.0
1.3266,0.0013060000000000495,0.0013620677834725095,6.170904823914222e-05,1.0
1.3275,0.0013060000000000474,0.0013392937466236298,6.195795719247546e-05,1.0
1.3285,0.001306173157659293,0.0013507787450596374,6.228316785242692e-05,1.0
1.3295,0.001308248109091915,0.0013454723462290213,6.244798255513176e-05,1.0
1.3304,0.0013116742370883178,0.001347074323065483,6.235455372491032e-05,1.0
1.3314,0.0013139522478629612,0.0013791563750232118,6.219504642246541e-05,1.0
1.3324,0.001316842881681174,0.001247965811984055,6.21492003525606e-05,1.0
1.3333,0.0013199168375924162,0.0011880426194609893,6.218264372443843e-05,1.0
1.3343,0.0013155543412401187,0.0013422480238402313,6.212575243985599e-05,1.0
1.3353,0.0013084990748098526,0.0014085161821872254,6.200664590504514e-05,1.0
1.3362,0.0013080000000000153,0.001314136522977148,6.195336044611605e-05,1.0
1.3372,0.0013100000000000544,0.0012209621501436663,6.197790282473902e-05,1.0
1.3382,0.001310437296369851,0.0013736158556739385,6.206700472918228e-05,1.0
1.3392,0.0013177224571558352,0.0012972335127486151,6.215852298630765e-05,1.0
1.3401,0.0013306792139039954,0.001415963470861532,6.21846385204599e-05,1.0
1.3411,0.0013308270843435533,0.0013926693137396365,6.21766329467202e-05,1.0
1.3421,0.0013170907023348699,0.0012941074872187032,6.219194648867014e-05,1.0
1.343,0.0013106301379763091,0.001276320720083329,6.222825081254004e-05,1.0
1.344,0.0013149406506619047,0.0012638792632103817,6.224932157326597e-05,1.0
1.345,0.001318887341492756,0.0013020240187579634,6.225308501953398e-05,1.0
1.3459,0.0013239376921772498,0.001346394051670138,6.226012929534912e-05,1.0
1.3469,0.0013437474715197414,0.0013498276483264473,6.228685805132695e-05,1.0
1.3479,0.0013409429020630691,0.001325566951586015,6.235938890905411e-05,1.0
1.3489,0.0013327591267284435,0.00131551947523893,6.250934752647782e-05,1.0
1.3498,0.0013232870585239572,0.0013515935336078679,6.266671486119117e-05,1.0
1.3508,0.001332344815126072,0.0013576902722274994,6.268082470198597e-05,1.0
1.3518,0.0013558283177681498,0.0014151041502618834,6.258046018685226e-05,1.0
1.3527,0.0013612696302151028,0.0013930540178073482,6.252866400340641e-05,1.0
1.3537,0.001360130931923695,0.0014327052193830812,6.254549432101138e-05,1.0
1.3547,0.001335849183892859,0.0012573012699818751,6.259028063748395e-05,1.0
1.3557,0.0013221430076999462,0.0013639714260852889,6.264004190645729e-05,1.0
1.3566,0.0013607737517650506,0.0013372130637215758,6.26711614660315e-05,1.0
1.3576,0.001383435333616532,0.0013482391017665277,6.269074708927212e-05,1.0
1.3586,0.0013332684440439447,0.0012696453798562762,6.272428485451442e-05,1.0
1.3595,0.0013245261383318288,0.0013658967413745398,6.278050827968113e-05,1.0
1.3605,0.0013246127312819226,0.001288236960008446,6.284089670506646e-05,1.0
1.3615,0.0013280069466766321,0.0012977881406954635,6.287165188648131e-05,1.0
1.3624,0.0013282240558228479,0.0012021242499894468,6.289309593658596e-05,1.0
1.3634,0.0013279999999999197,0.0012549469416366344,6.292717935573988e-05,1.0
1.3644,0.0013390000000000205,0.0013638671255563704,6.295445207944347e-05,1.0
1.3654,0.0013345740271374737,0.0013861397076066902,6.299026719040914e-05,1.0
1.3663,0.0013157824751260797,0.0013700195678466773,6.309689889795392e-05,1.0
1.3673,0.001324615365610866,0.001266259273570383,6.334483960415569e-05,1.0
1.3683,0.0013602876541380926,0.0013731219644559298,6.364499687816884e-05,1.0
1.3692,0.00135978396882782,0.0013666211427917532,6.369870666212855e-05,1.0
1.3702,0.0013347580666074727,0.0013317535375063048,6.353582282977722e-05,1.0
1.3712,0.0013405667263369394,0.001325004805984166,6.34389945928737e-05,1.0
1.3721,0.0013536901400571799,0.0013158615593953284,6.341646185689088e-05,1.0
1.3731,0.0013396760866513343,0.001371983231100429,6.34113844066025e-05,1.0
1.3741,0.0013180990545146637,0.0014002751422173589,6.342165400787799e-05,1.0
1.3751,0.0013216186589215776,0.0012528306207736065,6.3430571520878e-05,1.0
1.376,0.001331052604692657,0.0012905642989056477,6.342966767683666e-05,1.0
1.377,0.001333598436574814,0.0013370352247071202,6.343016522322945e-05,1.0
1.378,0.0013319202255561058,0.0012063338839678902,6.345130127974857e-05,1.0
1.3789,0.0013287400860276164,0.0013251734165605526,6.35143704329407e-05,1.0
1.3799,0.0013241846075730298,0.0013116974073110474,6.36489330477045e-05,1.0
1.3809,0.0013230000000000206,0.0014426082778555528,6.388537942118858e-05,1.0
1.3818,0.0013238679447652123,0.0013261275729724105,6.414659369863384e-05,1.0
1.3828,0.0013220056754267738,0.0012300041895527516,6.420708272655143e-05,1.0
1.3838,0.001324157446511484,0.0012652612580298533,6.405009686595825e-05,1.0
1.3848,0.0013338355042754946,0.001384779718054626,6.393332824664773e-05,1.0
1.3857,0.0013406913583013547,0.001474949904407872,6.390721845576246e-05,1.0
1.3867,0.0013368664703977953,0.0013485929766723424,6.390487905589131e-05,1.0
1.3877,0.0013300707527741915,0.0012669648452423281,6.396237726751873e-05,1.0
1.3886,0.0013273895309812778,0.0013769026783072866,6.407832482115347e-05,1.0
1.3896,0.0013255010511880375,0.0013891297682851178,6.420070593861227e-05,1.0
1.3906,0.0013241116559805218,0.0013239056259412459,6.431785776139532e-05,1.0
1.3915,0.0013230865647091707,0.0014122882175721292,6.43972618801177e-05,1.0
1.3925,0.0013261571430557683,0.0012861019024307464,6.440025088529478e-05,1.0
1.3935,0.0013286196573210275,0.001370962206575393,6.441882205949017e-05,1.0
1.3944,0.001326354212167783,0.0012548916837493073,6.451617231340874e-05,1.0
1.3954,0.001325062803994075,0.001356135770267161,6.460490233631944e-05,1.0
1.3964,0.0013299588256696713,0.001328333089627846,6.46200351976349e-05,1.0
1.3974,0.0013336314238373036,0.001387511112996143,6.460037759117547e-05,1.0
1.3983,0.001340560953179354,0.0013987517506125742,6.460310293823277e-05,1.0
1.3993,0.0013567194389048332,0.001447943633982775,6.468016882726339e-05,1.0
1.4003,0.0013441225045796913,0.0014256471339194718,6.479305663496966e-05,1.0
1.4012,0.0013391637536398322,0.0013342896853741112,6.48610511881824e-05,1.0
1.4022,0.0013314130812504769,0.0012944444374124262,6.485555543003102e-05,1.0
1.4032,0.001326471595277519,0.001353938025040271,6.481801838373956e-05,1.0
1.4042,0.0013354933450477114,0.0013902180367751055,6.482701426652445e-05,1.0
1.4051,0.0013539963778536872,0.0012772046949143501,6.498791537378395e-05,1.0
1.4061,0.0013630000000000502,0.0014130202640019063,6.526639193355403e-05,1.0
1.4071,0.0013548683977062357,0.0013413842097180842,6.543762235342694e-05,1.0
1.408,0.0013334518665925985,0.0012950600732169013,6.539454755654579e-05,1.0
1.409,0.0013260000000000762,0.001346412868635171,6.52573052267613e-05,1.0
1.41,0.001325020539155599,0.0012601843448678163,6.52331087137973e-05,1.0
1.4109,0.0013230045521154638,0.001225283117680216,6.543714026650458e-05,1.0
1.4119,0.0013272980662271516,0.0013651894567205571,6.575366137796878e-05,1.0
1.4129,0.0013554386449304886,0.0013915971355049246,6.588196452665475e-05,1.0
1.4139,0.0013774202935516616,0.0014078025374554253,6.579311181101125e-05,1.0
1.4148,0.0013766638455315148,0.001363027783328716,6.578277060673232e-05,1.0
1.4158,0.0013621464023982359,0.0012539749901572552,6.591506322872883e-05,1.0
1.4168,0.0013399813231726836,0.001360726688337866,6.590576619049305e-05,1.0
1.4177,0.0013402324980994187,0.0014440766551573573,6.573600840804437e-05,1.0
1.4187,0.0013508608175638375,0.0014709826356857465,6.563461383372388e-05,1.0
1.4197,0.0013664515685861077,0.0013938471012464374,6.56978154910486e-05,1.0
1.4206,0.0013845519625636743,0.0014814775404417156,6.586968885315194e-05,1.0
1.4216,0.0013946219039429378,0.0013672382736250935,6.607311565727061e-05,1.0
1.4226,0.0013916892791851151,0.0014449015638618356,6.643476828479557e-05,1.0
1.4236,0.0013685055006023932,0.0012254258148007603,6.698467027078598e-05,1.0
1.4245,0.001335182493031835,0.0013758517767935416,6.725384735583281e-05,1.0
1.4255,0.0013218505963215102,0.0013032882644732294,6.710088043678006e-05,1.0
1.4265,0.0013169249986027735,0.00146968863511759,6.68485030156777e-05,1.0
1.4274,0.001314414122997008,0.0013468646691664114,6.66834155647193e-05,1.0
1.4284,0.0013130682919442669,0.0012863288995333454,6.66091842157444e-05,1.0
1.4294,0.001311141155338515,0.0013038527261033332,6.656621915973684e-05,1.0
1.4303,0.0013135740136428285,0.0013244135189016527,6.652222540662794e-05,1.0
1.4313,0.0013201733716387662,0.0013662190963785984,6.643740113213261e-05,1.0
1.4323,0.0013262387138602393,0.0012819944546081782,6.633291783111352e-05,1.0
1.4332,0.00133039749626041,0.0013154343694651855,6.621472340734703e-05,1.0
1.4342,0.0013267079868185879,0.0012828850171554913,6.619423852590797e-05,1.0
1.4352,0.0013189477724322596,0.0013869413424153847,6.630560467152271e-05,1.0
1.4362,0.0013243293898372267,0.0013200611374724982,6.650877669497753e-05,1.0
1.4371,0.001336913082957068,0.0014753756200111244,6.668546983808082e-05,1.0
1.4381,0.0013507266942567773,0.0013078333577888847,6.67955403084378e-05,1.0
1.4391,0.0013633027761890276,0.0014750811679351673,6.689273715397551e-05,1.0
1.44,0.0013533372570897386,0.0014228869308830154,6.696891895496418e-05,1.0
1.441,0.0013224785163202428,0.0012318627132882245,6.69807064998178e-05,1.0
1.442,0.0013147439198933145,0.0012979738138861445,6.700403987656085e-05,1.0
1.4429,0.0013129999999999906,0.0013132836592160697,6.710095418639775e-05,1.0
1.4439,0.001312418007826854,0.0013093389888883394,6.716624498437704e-05,1.0
1.4449,0.0013163259853631803,0.0013266947243212692,6.709534484975706e-05,1.0
1.4459,0.0013222993358707705,0.0013621665917382933,6.700547621536605e-05,1.0
1.4468,0.0013212300831093435,0.0013391889207052226,6.693066926325221e-05,1.0
1.4478,0.0013202054239242562,0.001203740454560689,6.691892887076203e-05,1.0
1.4488,0.0013317488063995934,0.001371305739512273,6.701516798544882e-05,1.0
1.4497,0.001345439642704185,0.0013123073380022134,6.710394267833556e-05,1.0
1.4507,0.0013358325946433967,0.0012514101717462894,6.713220231376952e-05,1.0
1.4517,0.001326111268428021,0.0013681194969986377,6.710237438274335e-05,1.0
1.4527,0.0013235582885568237,0.0013627127601709014,6.708501370642265e-05,1.0
1.4536,0.001323020947780173,0.0013419274518684792,6.723728833851552e-05,1.0
1.4546,0.0013351978570333904,0.0013341640227002287,6.762455286760126e-05,1.0
1.4556,0.0013497714151542944,0.001336740992624235,6.809647668930734e-05,1.0
1.4565,0.0013575140932121056,0.0013865821526293533,6.837946407055902e-05,1.0
1.4575,0.0013442368712269339,0.0012843428408884211,6.829768616403694e-05,1.0
1.4585,0.0013317194712731148,0.001324298663864187,6.79722471476574e-05,1.0
1.4594,0.0013211407034836634,0.0013091587188603909,6.7734800852399e-05,1.0
1.4604,0.0013135148732874053,0.001426758017841499,6.77241002959861e-05,1.0
1.4614,0.0013094691388036758,0.0013183906407173312,6.777046476905644e-05,1.0
1.4624,0.0013067031636764474,0.0012820857948264387,6.770032988605106e-05,1.0
1.4633,0.0013053268910019433,0.001344879249594858,6.762864302400936e-05,1.0
1.4643,0.0013050000000000036,0.001306092846370033,6.772013556514333e-05,1.0
1.4653,0.0013049999999999431,0.0012163863958805407,6.78901089096265e-05,1.0
1.4662,0.0013050000000000587,0.0012869032797692757,6.79225384100292e-05,1.0
1.4672,0.0013063448492057277,0.0013229214109664025,6.780872295982976e-05,1.0
1.4682,0.0013150674716541158,0.0012463387505540593,6.773136756877809e-05,1.0
1.4691,0.0013357790259011502,0.0013927657608921729,6.791601035755549e-05,1.0
1.4701,0.0013417492760677066,0.0013908017959169323,6.837035122447784e-05,1.0
1.4711,0.0013366653344539473,0.0013972178295425385,6.8723313037334e-05,1.0
1.4721,0.0013194095574553736,0.0013488732145436496,6.871082417641947e-05,1.0
1.473,0.0013065285024806373,0.0012779757904286654,6.845678340190189e-05,1.0
1.474,0.001304857604910936,0.0013884345701996707,6.824929752319125e-05,1.0
1.475,0.0013079898308947817,0.0012047259961688482,6.82275393755372e-05,1.0
1.4759,0.0013109348952916363,0.0012882464148366096,6.828761348222209e-05,1.0
1.4769,0.0013084811655245615,0.0012178999521434545,6.829862160428342e-05,1.0
1.4779,0.0013166703147454192,0.0013201233962429773,6.825642546513019e-05,1.0
1.4788,0.0013393823377918918,0.0013190236300566938,6.821064252822191e-05,1.0
1.4798,0.0013691727670655405,0.0013690236215786954,6.818850286334347e-05,1.0
1.4808,0.0013791957883290493,0.0014607691632257955,6.826101392332781e-05,1.0
1.4818,0.001375779179488439,0.0013065098816726676,6.847587532537812e-05,1.0
1.4827,0.0013566521427297064,0.001325741198744443,6.871416728766333e-05,1.0
1.4837,0.001324806294904006,0.001298863351044219,6.888893839021275e-05,1.0
1.4847,0.001306873697528395,0.0013774007329753432,6.918508435449273e-05,1.0
1.4856,0.0013038656158100188,0.0012377672789986038,6.98814429996614e-05,1.0
1.4866,0.001303030987411642,0.0013893831176309502,7.109847778353072e-05,1.0
1.4876,0.0013149275141467148,0.0013602049094305645,7.237121029845771e-05,1.0
1.4885,0.0013366423494691805,0.0012522163396207742,7.258561577568229e-05,1.0
1.4895,0.0013363154295484268,0.0012423055386351165,7.167401255153442e-05,1.0
1.4905,0.0013133559005145295,0.0013207248087028266,7.074790806731585e-05,1.0
1.4914,0.0013043120572517753,0.0013053939039150981,7.001918631481902e-05,1.0
1.4924,0.0013021899315548567,0.001196331180802782,6.93787853035637e-05,1.0
1.4934,0.0013019999999999384,0.0013335704846555206,6.902444945077199e-05,1.0
1.4944,0.001305754542461452,0.0013311468144690229,6.905954351561806e-05,1.0
1.4953,0.0013238871816057469,0.0013783407275450076,6.93173425862125e-05,1.0
1.4963,0.0013189729918737176,0.00139014499470876,6.946587250256049e-05,1.0
1.4973,0.00130504875539843,0.001318262560628602,6.93851572084054e-05,1.0
1.4982,0.0013020000000000009,0.0011960582446064263,6.935552679145473e-05,1.0
1.4992,0.001303107030655606,0.0013619140874352802,6.957668843984349e-05,1.0
1.5002,0.0013039999999999291,0.0014077233045956218,7.038750805957675e-05,1.0
1.5012,0.0013039999999999155,0.0013787199890103624,7.233032467756963e-05,1.0
1.5021,0.0013039999999998947,0.0015459730676149481,7.517261474197226e-05,1.0
1.5031,0.0013030056455350346,0.001437453812502376,7.71754312523066e-05,1.0
1.5041,0.0013019999999999829,0.0011735585052692577,7.66878230596718e-05,1.0
1.505,0.0013040580159581101,0.0014262701503860256,7.466270228311726e-05,1.0
1.506,0.0013233248006000206,0.0013008293969549612,7.254006580612603e-05,1.0
1.507,0.0013447447356830604,0.001228235275649497,7.101709195135582e-05,1.0
1.5079,0.0013456177487421975,0.0013358455379749727,7.026502460430806e-05,1.0
1.5089,0.0013416034334916905,0.0013020958537653352,7.005331131594531e-05,1.0
1.5099,0.001337047955037344,0.0013875293984864814,7.001524828105937e-05,1.0
1.5109,0.0013316149168600682,0.0012575852492178973,6.995152534905677e-05,1.0
1.5118,0.0013255873526050244,0.0014566049257938192,6.98977352441375e-05,1.0
1.5128,0.00131876096863628,0.0012815637397665623,6.992118861145519e-05,1.0
1.5138,0.0013112115605208481,0.0013408405754072675,7.008543710472482e-05,1.0
1.5147,0.001302592129561778,0.0012828236895103128,7.0591138758887e-05,1.0
1.5157,0.0013006571951673265,0.0013903659441562644,7.156752081055052e-05,1.0
1.5167,0.0012999999999999184,0.0012451308519830764,7.232173599393003e-05,1.0
1.5176,0.0012999999999999806,0.001217502025118784,7.223229368633501e-05,1.0
1.5186,0.0012999999999999097,0.0013080754053712913,7.152540791623717e-05,1.0
1.5196,0.00129999999999993,0.0012951454249219172,7.089592507757005e-05,1.0
1.5206,0.0013009225071536094,0.0012889791607364972,7.076034260593838e-05,1.0
1.5215,0.0013019475984247185,0.0013968170381786636,7.100267705534768e-05,1.0
1.5225,0.001303000000000047,0.0013904296156572215,7.113036059177719e-05,1.0
1.5235,0.0013025513310530306,0.0013145581566375954,7.08714999604526e-05,1.0
1.5244,0.0013010000000000332,0.0012351193270126043,7.059359083320734e-05,1.0
1.5254,0.001300611568868014,0.0011382799861344405,7.051651843718268e-05,1.0
1.5264,0.0012999999999998894,0.0012998044634703234,7.053665453326114e-05,1.0
1.5273,0.001300000000000058,0.0011985965860392919,7.055282061336849e-05,1.0
1.5283,0.0013006902584518766,0.0011938546986846937,7.061368021594685e-05,1.0
1.5293,0.0013018291280654755,0.0013499535346209828,7.074048371211663e-05,1.0
1.5302,0.0013019999999999505,0.0012685008102519108,7.080381973016536e-05,1.0
1.5312,0.001301006775275905,0.001339234040420273,7.086113706618152e-05,1.0
1.5322,0.0012999999999999507,0.001230260317515775,7.10085223078718e-05,1.0
1.5332,0.001300000000000055,0.001209842045520083,7.120822212467958e-05,1.0
1.5341,0.001300000000000004,0.0013965547512036383,7.130109243437451e-05,1.0
1.5351,0.0013004339216576666,0.0013017830409134852,7.115738828978693e-05,1.0
1.5361,0.0013021458540896983,0.0012940479250663594,7.104275625918391e-05,1.0
1.537,0.0013071851777965477,0.0014077628187418852,7.127621027075785e-05,1.0
1.538,0.0013136802480217525,0.0012996013980194538,7.198587599204324e-05,1.0
1.539,0.0013219980349182508,0.0012934344642564185,7.29344418576484e-05,1.0
1.5399,0.0013256991295866616,0.0013289730777782517,7.337595110767367e-05,1.0
1.5409,0.00132900000000012,0.001411141980716101,7.283237324322171e-05,1.0
1.5419,0.0013254496309629605,0.0011873081229100693,7.195658872862613e-05,1.0
1.5429,0.001306476389613361,0.0013678017207105061,7.140725029004416e-05,1.0
1.5438,0.001300999999999985,0.0012860265129952168,7.115051087923565e-05,1.0
1.5448,0.0013019590959136445,0.0012153411962101263,7.111364904190312e-05,1.0
1.5458,0.0013060920878521886,0.001352704813896342,7.125818218791833e-05,1.0
1.5467,0.0013067129823167397,0.0013378789662942942,7.146382764752874e-05,1.0
1.5477,0.0013036551280102746,0.00125835432553263,7.16451125961775e-05,1.0
1.5487,0.0013011595102193495,0.0013425533451059688,7.179604336585349e-05,1.0
1.5497,0.0013010592502776665,0.0014043348139001705,7.191221032023094e-05,1.0
1.5506,0.0013019156584512402,0.001218887793913868,7.191119665260858e-05,1.0
1.5516,0.0013007767888375934,0.0012656352627197047,7.184080809405631e-05,1.0
1.5526,0.001299999999999969,0.0012415553940901627,7.197552268800911e-05,1.0
1.5535,0.0012999999999998768,0.0012031204241116354,7.237063725099512e-05,1.0
1.5545,0.00130052503848241,0.001322615755831568,7.27117583772337e-05,1.0
1.5555,0.0013016640438697658,0.0012866332165296518,7.269454747543843e-05,1.0
1.5564,0.0013013110006326598,0.0012371546446154566,7.247628898830966e-05,1.0
1.5574,0.0013001729372303903,0.0012785301221125759,7.235494971578375e-05,1.0
1.5584,0.001299999999999792,0.0012776726367843309,7.237663252800481e-05,1.0
1.5594,0.0012999999999998618,0.0012263421825354753,7.239615065161358e-05,1.0
1.5603,0.0013001298320744164,0.0014034055791221224,7.235830747887405e-05,1.0
1.5613,0.0013009999999999563,0.0012193935834022044,7.242679554211907e-05,1.0
1.5623,0.001300999999999965,0.001392098264042215,7.26776231134324e-05,1.0
1.5632,0.0013010000000000465,0.0012745721743652632,7.289968600425993e-05,1.0
1.5642,0.0013010000000000896,0.0013328256485581544,7.277374622199917e-05,1.0
1.5652,0.001301709534395185,0.0012916560222155991,7.244086212412113e-05,1.0
1.5661,0.0013012653743335516,0.0012666382138088353,7.228339187927584e-05,1.0
1.5671,0.0013001263689463105,0.0012732329168559386,7.237761688395256e-05,1.0
1.5681,0.0013000000000000793,0.00130713701573379,7.26125132934851e-05,1.0
1.5691,0.0012999999999999282,0.0012671751582502989,7.278851950176431e-05,1.0
1.57,0.0013001754583737255,0.0012024393440728787,7.280368012149275e-05,1.0
1.571,0.001301000000000049,0.001462410088096663,7.27534345261343e-05,1.0
1.572,0.0013009999999999413,0.0012391720904278334,7.28363053737872e-05,1.0
1.5729,0.001300999999999873,0.0013931334091528051,7.322842896682588e-05,1.0
1.5739,0.0013010000000001638,0.0013307380014345963,7.407855767430672e-05,1.0
1.5749,0.0013047758034725001,0.0013380378471792634,7.504095737870112e-05,1.0
1.5758,0.0013099005809601477,0.0013702705281615163,7.588582917527751e-05,1.0
1.5768,0.0013036470273654905,0.0012425932271656673,7.629159095077058e-05,1.0
1.5778,0.0013009999999999756,0.001423330083156061,7.579677804751638e-05,1.0
1.5788,0.001301195857628069,0.0014323640694551406,7.487022630146592e-05,1.0
1.5797,0.0013026628466977627,0.0013642213120584289,7.434281754610539e-05,1.0
1.5807,0.0013039201371403874,0.0013028597594222943,7.447359344886949e-05,1.0
1.5817,0.0013020000000000611,0.0014252752799124237,7.498681940781862e-05,1.0
1.5826,0.0013030466382718963,0.0012044683393154154,7.523567579830944e-05,1.0
1.5836,0.0013033382183936086,0.0013709041082563417,7.50579436103551e-05,1.0
1.5846,0.001302199348779973,0.0013218440748389837,7.483501500008861e-05,1.0
1.5855,0.0013019999999998547,0.0012050719236034058,7.493383091145432e-05,1.0
1.5865,0.0013010352521213096,0.0013614167836705105,7.549342579282574e-05,1.0
1.5875,0.0013023104988332756,0.0013381562181055563,7.633725996925376e-05,1.0
1.5884,0.0013044897207551396,0.0013051198688063491,7.703929061473871e-05,1.0
1.5894,0.0013007334248014996,0.0013284921490450163,7.701097981204181e-05,1.0
1.5904,0.0012999999999999884,0.0013067938461791598,7.619978741214e-05,1.0
1.5914,0.0013005444501996634,0.0012988736405018892,7.523329293084919e-05,1.0
1.5923,0.0013009999999999634,0.0013699139349014876,7.448115197797943e-05,1.0
1.5933,0.0013017072721321881,0.0013635878314350572,7.410156444223294e-05,1.0
1.5943,0.0013011537224806916,0.001357470599283738,7.407605944260968e-05,1.0
1.5952,0.0013001287669831406,0.0013063994499720047,7.422938416252942e-05,1.0
1.5962,0.0013009999999999678,0.0012773327150477653,7.436315816571083e-05,1.0
1.5972,0.0013011490740032646,0.001237188373117007,7.435611851200422e-05,1.0
1.5982,0.0013020000000000481,0.0013266248138333117,7.434873727037519e-05,1.0
1.5991,0.0013019999999999698,0.0011001816409606656,7.44848937364505e-05,1.0
1.6001,0.0013024510711115139,0.0013176929044822255,7.475228473734998e-05,1.0
1.6011,0.001303589940725071,0.001272708693478659,7.498268163437829e-05,1.0
1.602,0.0013046150319962107,0.0013195991234606662,7.49444091397264e-05,1.0
1.603,0.0013072595386440225,0.001316963100982641,7.48254436475285e-05,1.0
1.604,0.0013079999999999921,0.0013348147503935478,7.481732601857565e-05,1.0
1.6049,0.0013080000000000925,0.0013214589063254294,7.480198000084113e-05,1.0
1.6059,0.0013078882705931823,0.0012272313084299982,7.48568109405034e-05,1.0
1.6069,0.0013058054872237003,0.0012430416949318326,7.506313865761892e-05,1.0
1.6079,0.0013056652015043632,0.001321205968196952,7.521277317448879e-05,1.0
1.6088,0.0013073576920232333,0.0012676776814017328,7.522608203568302e-05,1.0
1.6098,0.001312469054732593,0.001275670497535616,7.524457904795512e-05,1.0
1.6108,0.0013246268042912935,0.001273033927596905,7.529790471282489e-05,1.0
1.6117,0.0013230540753410352,0.001241262943415013,7.536795838382423e-05,1.0
1.6127,0.001312812435110904,0.0012704324085539558,7.544997448918973e-05,1.0
1.6137,0.001305375633935119,0.0012536522928361538,7.571219199870481e-05,1.0
1.6146,0.0013059623498416686,0.0013020181023064988,7.639209308928816e-05,1.0
1.6156,0.001307101355228973,0.001312728097019443,7.7016436043373e-05,1.0
1.6166,0.0013089614424649483,0.0012037116164537983,7.692170064595986e-05,1.0
1.6176,0.0013135151951847235,0.0013580908490103511,7.668082309053605e-05,1.0
1.6185,0.0013180159127444712,0.0013601838331891395,7.686168261315417e-05,1.0
1.6195,0.0013226265638085777,0.001358616915849187,7.723497400137046e-05,1.0
1.6205,0.001325362115099648,0.0012609606778033796,7.72778713851579e-05,1.0
1.6214,0.0013281184464631111,0.0014456141883820892,7.685234068041093e-05,1.0
1.6224,0.0013315325781395686,0.0012793744877526915,7.638682918850849e-05,1.0
1.6234,0.0013349486546092354,0.0013866204664873187,7.608843929913336e-05,1.0
1.6243,0.001338976071577015,0.001225176537821827,7.596920923241246e-05,1.0
1.6253,0.0013355590554153245,0.0013184573902723959,7.587298514237879e-05,1.0
1.6263,0.0013321424465744956,0.0013112236279159057,7.579544658123266e-05,1.0
1.6272,0.001329689411332403,0.0014501052332431003,7.58104274445089e-05,1.0
1.6282,0.0013289999999998618,0.0014493617537961903,7.593858162560035e-05,1.0
1.6292,0.0013284123215382892,0.001399918990356863,7.62319831242924e-05,1.0
1.6302,0.0013258199484528623,0.0013031456361781374,7.672564974352864e-05,1.0
1.6311,0.0013227446746390658,0.0013293010442075276,7.728391038673912e-05,1.0
1.6321,0.001320218710532208,0.0014005085922782316,7.759668810895956e-05,1.0
1.6331,0.0013231140446759405,0.00126965735917601,7.74372551288543e-05,1.0
1.634,0.0013272673333325177,0.0012874912537301497,7.710651393709487e-05,1.0
1.635,0.0013318075279462563,0.001298987807505691,7.70479043841213e-05,1.0
1.636,0.0013306685225589676,0.0013636507321145852,7.738086872137945e-05,1.0
1.6369,0.0013296435670615014,0.0015013197711567393,7.807896355220606e-05,1.0
1.6379,0.0013280102506253182,0.0012730962162849162,7.900681084810971e-05,1.0
1.6389,0.001325100085716911,0.0014484874596232713,7.96308069845563e-05,1.0
1.6399,0.0013216834768761518,0.0013994556352545475,7.967029404971928e-05,1.0
1.6408,0.0013297699221044281,0.0014770092873566602,7.925973490972153e-05,1.0
1.6418,0.001345107794463676,0.0013428928852386906,7.858855871663712e-05,1.0
1.6428,0.001359407986443121,0.0013947612803991366,7.800627065371577e-05,1.0
1.6437,0.0013504145125474048,0.0013966950346856715,7.7770226606787e-05,1.0
1.6447,0.001332190426350436,0.0012977971197415568,7.784327117674174e-05,1.0
1.6457,0.0013184921281331379,0.0013104425371951152,7.810147033488774e-05,1.0
1.6467,0.001316515973354061,0.0012871844895007475,7.848121092634872e-05,1.0
1.6476,0.0013175404490795455,0.0012449381942609271,7.883128096852979e-05,1.0
1.6486,0.0013180000000000203,0.0012132330678847486,7.895435519676153e-05,1.0
1.6496,0.001317182199326034,0.0012963454411738162,7.878673049874323e-05,1.0
1.6505,0.0013178428919450882,0.001269994003509561,7.853443844380934e-05,1.0
1.6515,0.0013199635231176674,0.001374264547544397,7.852526691935015e-05,1.0
1.6525,0.00132484440688307,0.001311371162344914,7.888859079666851e-05,1.0
1.6534,0.0013314337504741825,0.0011781946090358047,7.941180319372487e-05,1.0
1.6544,0.001332298466728012,0.001277593649699384,7.970638821819439e-05,1.0
1.6554,0.0013258870286702066,0.0014806994696590049,7.960159841854228e-05,1.0
1.6564,0.00132019268060242,0.0012458311056122637,7.94049867272654e-05,1.0
1.6573,0.0013168282242949384,0.0012063027265014163,7.935550422268618e-05,1.0
1.6583,0.0013145511568281173,0.0013707040852033853,7.941242985023993e-05,1.0
1.6593,0.0013131367088004854,0.0013331355887346414,7.942937091758693e-05,1.0
1.6602,0.0013138883824705108,0.0013057070474214734,7.942181517939486e-05,1.0
1.6612,0.0013151095514318707,0.0013319008553177186,7.95094170227788e-05,1.0
1.6622,0.0013188339316724457,0.0013110089401250945,7.969350597219113e-05,1.0
1.6631,0.0013181902097906349,0.0014476531896644362,7.994239074336876e-05,1.0
1.6641,0.0013193292151779232,0.0014945872868527155,8.020763458732938e-05,1.0
1.6651,0.0013209361695830691,0.001189948769304973,8.039310282086552e-05,1.0
1.6661,0.001323821270536564,0.001335690980453832,8.047749960880739e-05,1.0
1.667,0.001326264362900263,0.0014495473279096717,8.039340749016133e-05,1.0
1.668,0.0013300806954896402,0.0012817321716736762,8.030530903470842e-05,1.0
1.669,0.0013337267524962386,0.0013706937295820097,8.033357631128967e-05,1.0
1.6699,0.00133773549198498,0.0013829396003603792,8.055752503801031e-05,1.0
1.6709,0.0013400000000000916,0.001217548370028139,8.094573597975258e-05,1.0
1.6719,0.0013397883572801102,0.001278416969333103,8.130340425513676e-05,1.0
1.6728,0.0013389999999999169,0.00133469117204304,8.145832118182229e-05,1.0
1.6738,0.0013393747057032683,0.0012543733475529827,8.153192193203012e-05,1.0
1.6748,0.0013400000000000193,0.0013298908318743448,8.180101758078637e-05,1.0
1.6758,0.001339999999999949,0.00130769200150439,8.208995477475842e-05,1.0
1.6767,0.0013379669840733197,0.0012544972928899875,8.212896506722685e-05,1.0
1.6777,0.0013337370069414973,0.0013592480337386117,8.197568803898906e-05,1.0
1.6787,0.0013291823679026041,0.0014713331030118215,8.188568885187134e-05,1.0
1.6796,0.001327041001408955,0.0013697029133243,8.203037057892831e-05,1.0
1.6806,0.001325881495317121,0.0012589448107654094,8.23295731987902e-05,1.0
1.6816,0.0013257721228892307,0.0013785623719454205,8.252008734799767e-05,1.0
1.6825,0.0013294107210941686,0.0012049200005648773,8.24134905203959e-05,1.0
1.6835,0.0013351016600135705,0.0012570038378678105,8.213820115235986e-05,1.0
1.6845,0.0013407960080818453,0.0014297013729564051,8.196621891064174e-05,1.0
1.6854,0.0013459214644378934,0.0014593845509469855,8.198266049404645e-05,1.0
1.6864,0.0013516164913744693,0.0012583978187578468,8.21633239466578e-05,1.0
1.6874,0.0013547223740753716,0.001313873727273722,8.24128768353026e-05,1.0
1.6884,0.001346999759734908,0.0013468815896058247,8.261843818628131e-05,1.0
1.6893,0.0013398000814312358,0.001300757620268251,8.275685483458858e-05,1.0
1.6903,0.0013315080143748495,0.001344274772206488,8.284267307483053e-05,1.0
1.6913,0.0013280909982128916,0.0012326860015398735,8.277744719922182e-05,1.0
1.6922,0.0013253448340162942,0.001341832787157046,8.256404687269415e-05,1.0
1.6932,0.001324000000000032,0.0012205449608452886,8.242416878364394e-05,1.0
1.6942,0.0013246048279155216,0.0013363314453328856,8.245803435739292e-05,1.0
1.6952,0.0013264873950585006,0.0012607956806540922,8.262343104460178e-05,1.0
1.6961,0.0013293063664013198,0.0012584412489826018,8.284355174740637e-05,1.0
1.6971,0.0013354467651262995,0.0014232259308074242,8.305277460055997e-05,1.0
1.6981,0.001342136574547434,0.0013322144571541099,8.325063072415623e-05,1.0
1.699,0.0013445763032776939,0.001424417951247439,8.351484743984585e-05,1.0
1.7,0.0013377422709540756,0.0013118332937446986,8.388303418652077e-05,1.0
1.701,0.0013309090532723938,0.0012506561541891113,8.418069288487125e-05,1.0
1.7019,0.0013281207471773128,0.0014600401345367777,8.415703695715727e-05,1.0
1.7029,0.0013315360138928488,0.0012203120567184614,8.3885966945692e-05,1.0
1.7039,0.0013356012737648546,0.0012770726031292156,8.367968883838172e-05,1.0
1.7049,0.0013377893238284608,0.0013903945900906982,8.37018961725097e-05,1.0
1.7058,0.00133718558490037,0.001395459022447527,8.396649783321053e-05,1.0
1.7068,0.00133604671528668,0.001241022429757238,8.432041740597071e-05,1.0
1.7078,0.0013338176977031706,0.001369569496516509,8.47041123392055e-05,1.0
1.7087,0.0013317677867079629,0.001453866545193935,8.532654650357626e-05,1.0
1.7097,0.0013294897759336885,0.0011344851505079058,8.65891786478665e-05,1.0
1.7107,0.001326817647738419,0.0013471390849865996,8.80613472873361e-05,1.0
1.7116,0.0013237427812459656,0.001284188778673063,8.826304526461849e-05,1.0
1.7126,0.0013203276697882327,0.001338231471615106,8.703076183151894e-05,1.0
1.7136,0.0013196959447406456,0.0012243411892502501,8.585004275936602e-05,1.0
1.7146,0.001325008886124267,0.0013723361472104466,8.538376672128102e-05,1.0
1.7155,0.001332019339376751,0.0012661522230034022,8.542252271874802e-05,1.0
1.7165,0.0013359967330378035,0.0012548951631318889,8.556297675134379e-05,1.0
1.7175,0.0013313118806042722,0.0012674548188035546,8.553226690627962e-05,1.0
1.7184,0.0013263530682190905,0.001191979525178,8.548427049808867e-05,1.0
1.7194,0.0013226992616675423,0.001207659698651141,8.561295866860523e-05,1.0
1.7204,0.0013215603920539317,0.0013375253401363679,8.587104502397847e-05,1.0
1.7213,0.0013205353007828633,0.001305269999539003,8.60600468315649e-05,1.0
1.7223,0.001319396982203888,0.0012347070118173787,8.618722782131153e-05,1.0
1.7233,0.0013175171294677213,0.0012034009221577571,8.63747338072696e-05,1.0
1.7242,0.001316999999999949,0.0013757847104385358,8.650373774714209e-05,1.0
1.7252,0.0013242442553959767,0.0013746727028371422,8.65048746738645e-05,1.0
1.7262,0.0013283996138430134,0.0013578207003295917,8.652521181404669e-05,1.0
1.7272,0.001339198379256421,0.0016171571478170537,8.662925444176235e-05,1.0
1.7281,0.0013481711061173562,0.001459073140852787,8.672490527004272e-05,1.0
1.7291,0.0013418839402775716,0.0012967696261895866,8.679897079031457e-05,1.0
1.7301,0.001332118126037113,0.0014372053550713408,8.6959828828649e-05,1.0
1.731,0.00132646943077147,0.001335578716503971,8.738478507180904e-05,1.0
1.732,0.0013295443659111445,0.0014495759558337104,8.832002513685712e-05,1.0
1.733,0.001336723822896369,0.0013504455601916895,8.947959063200526e-05,1.0
1.7339,0.0013436841194396842,0.0014717183041238486,8.997301626594892e-05,1.0
1.7349,0.0013450000000000744,0.0014875300794173626,8.989879537427726e-05,1.0
1.7359,0.0013429099721625735,0.0013420904176161133,8.98163722328827e-05,1.0
1.7369,0.0013413140888668843,0.0012342877802692797,8.967214144801142e-05,1.0
1.7378,0.0013379886009197495,0.0012618962832744,8.930812725359631e-05,1.0
1.7388,0.0013334325793706964,0.0014196083729090634,8.891309098303775e-05,1.0
1.7398,0.0013309999999998948,0.0013287292897426384,8.874421947490632e-05,1.0
1.7407,0.0013298883679157447,0.0012952169997680859,8.876487333884405e-05,1.0
1.7417,0.0013283051785706,0.0013077990736788624,8.870776918667042e-05,1.0
1.7427,0.0013280000000000561,0.001265146336895959,8.856212310951046e-05,1.0
1.7437,0.0013270284425219098,0.0013316348225995561,8.85031404673948e-05,1.0
1.7446,0.0013260033512506044,0.0014196655849814984,8.873358845490312e-05,1.0
1.7456,0.0013250000000000698,0.0012635276376354702,8.92602378577952e-05,1.0
1.7466,0.0013266471425015776,0.0012689301363210679,8.979890123841171e-05,1.0
1.7475,0.0013330939698027928,0.0012863391457634747,8.981579665043431e-05,1.0
1.7485,0.0013406240740974293,0.001298257503316138,8.930983033026529e-05,1.0
1.7495,0.0013457290532105388,0.0013779181448626973,8.893074937533006e-05,1.0
1.7504,0.0013488039197030255,0.0013358534378245918,8.886346588344905e-05,1.0
1.7514,0.0013514806239099373,0.0013065595266481917,8.891489070738729e-05,1.0
1.7524,0.0013528783169812037,0.0013427360875860764,8.89691390687211e-05,1.0
1.7534,0.0013509829519961825,0.0013678725184155733,8.902655470247064e-05,1.0
1.7543,0.0013499157214501064,0.0014412576094751878,8.912681701695767e-05,1.0
1.7553,0.0013472754213511968,0.001333108523684506,8.930078695711128e-05,1.0
1.7563,0.001342719942896619,0.0012738864735771615,8.952411479074641e-05,1.0
1.7572,0.001338621148258166,0.0011734265345721131,8.97089748796557e-05,1.0
1.7582,0.0013345510840536137,0.0012567632264295836,8.986945960220847e-05,1.0
1.7592,0.0013348655247873737,0.0015148781617926926,9.008930614735426e-05,1.0
1.7601,0.0013385877314678143,0.0011705777938985698,9.03646832738581e-05,1.0
1.7611,0.0013423578147627223,0.0012955507991043724,9.072030956478083e-05,1.0
1.7621,0.0013439248078679082,0.0013679080015785274,9.09628080278068e-05,1.0
1.7631,0.0013429373256970383,0.0014186547956118103,9.086867410644906e-05,1.0
1.764,0.0013419122344258856,0.0013884872480658319,9.069664249348727e-05,1.0
1.765,0.001339186918497732,0.0013382798926605544,9.065109765778919e-05,1.0
1.766,0.0013304405159744017,0.0013090868818570439,9.068455081744592e-05,1.0
1.7669,0.0013252188078548917,0.00138162605897,9.081221547500126e-05,1.0
1.7679,0.001323471001044588,0.0013037445845129488,9.103259531128347e-05,1.0
1.7689,0.0013203301284199504,0.001098882065548395,9.126761683703134e-05,1.0
1.7698,0.0013203848467850346,0.0013307126141632536,9.152590146697911e-05,1.0
1.7708,0.0013234942863395447,0.0012829586042157268,9.188296149468958e-05,1.0
1.7718,0.0013298226050027678,0.0012248498913297002,9.229583693872782e-05,1.0
1.7728,0.0013367571537999346,0.0014090042157566774,9.24814956835263e-05,1.0
1.7737,0.0013429999999998944,0.0014215156139557518,9.227610060528839e-05,1.0
1.7747,0.0013408219081035124,0.0013552338609353382,9.203429112959617e-05,1.0
1.7757,0.0013317109511946346,0.0013349393815572062,9.201639625501091e-05,1.0
1.7766,0.001323510221024971,0.0013240295071639096,9.213039468374155e-05,1.0
1.7776,0.0013184254266524202,0.0011742226019592782,9.22389072579221e-05,1.0
1.7786,0.001319425916841121,0.001298256943404492,9.232329904350294e-05,1.0
1.7795,0.001322952198767254,0.0012509276198300824,9.237346853734758e-05,1.0
1.7805,0.0013275082203162978,0.001319007346568869,9.24690426827276e-05,1.0
1.7815,0.001320984075307383,0.001616677297575378,9.26650157245128e-05,1.0
1.7824,0.0013200409693017556,0.001474494623669214,9.295143226179623e-05,1.0
1.7834,0.001320642235202063,0.0013365080421937716,9.32532598300768e-05,1.0
1.7844,0.0013180467439620474,0.0013206421531292679,9.345202637939377e-05,1.0
1.7854,0.0013150864852001735,0.0015741316225352227,9.342203602091162e-05,1.0
1.7863,0.0013125548613076748,0.0012666346614758155,9.32358117026957e-05,1.0
1.7873,0.0013147200727235573,0.0012786330669971532,9.308220772277792e-05,1.0
1.7883,0.0013230686777588865,0.0013793878792309798,9.300706161431486e-05,1.0
1.7892,0.001333618942391176,0.0013817031849585014,9.301087101696375e-05,1.0
1.7902,0.0013424578192325345,0.0014234006332708735,9.311144700601408e-05,1.0
1.7912,0.0013408768980160764,0.001309297641543161,9.328857596234062e-05,1.0
1.7922,0.0013387998074042013,0.0012840052672143658,9.350874124008495e-05,1.0
1.7931,0.001337326881226084,0.0012547491417133976,9.372832560753726e-05,1.0
1.7941,0.0013339098650643464,0.0013635464664650176,9.387289963260261e-05,1.0
1.7951,0.0013309955041491256,0.001331798535467158,9.39193255305299e-05,1.0
1.796,0.0013284179824099844,0.0013228729031288685,9.404191224815023e-05,1.0
1.797,0.0013283326891679692,0.0012675367243475553,9.433412640953371e-05,1.0
1.798,0.0013306085962810556,0.001399542138818835,9.467166444164869e-05,1.0
1.7989,0.0013318291665166538,0.0010950400768699022,9.49436480827099e-05,1.0
1.7999,0.001331999999999954,0.0014134249998319867,9.518458237442493e-05,1.0
1.8009,0.0013264647924122604,0.0012941111419156634,9.548106806264855e-05,1.0
1.8019,0.0013207711650601208,0.0014540510936267405,9.591245849632688e-05,1.0
1.8028,0.0013167300007761388,0.0014431427108356277,9.637566381390407e-05,1.0
1.8038,0.0013160000000000708,0.00126460245074771,9.650226828294407e-05,1.0
1.8048,0.0013159999999999888,0.0012671590304297387,9.61236502550693e-05,1.0
1.8057,0.001316572829722374,0.0014548520171371764,9.564953902791489e-05,1.0
1.8067,0.0013177118351097325,0.0013278622778373998,9.548799470712547e-05,1.0
1.8077,0.0013188498725325356,0.0014268753730485384,9.560226189472212e-05,1.0
1.8086,0.0013198746570422248,0.0013339252646132826,9.581732550869273e-05,1.0
1.8096,0.0013209863375704231,0.0012516669031303453,9.605259025892914e-05,1.0
1.8106,0.0013200000000000785,0.0012726449346860003,9.627007299908431e-05,1.0
1.8116,0.0013214576871519311,0.0013140082781844468,9.639447678960029e-05,1.0
1.8125,0.0013253162684869378,0.0013220352158362586,9.649383039539329e-05,1.0
1.8135,0.001322364038906321,0.0011580029238521708,9.674511327965571e-05,1.0
1.8145,0.0013168132704994475,0.0012584172707546684,9.725962839281169e-05,1.0
1.8154,0.0013147630879569313,0.0012779292314012594,9.780928509455792e-05,1.0
1.8164,0.0013140000000000749,0.0013514877585987135,9.810201506360773e-05,1.0
1.8174,0.0013166889930673383,0.0013322585480105413,9.807668038595648e-05,1.0
1.8183,0.001328964862411273,0.0015186390460134,9.781826389978492e-05,1.0
1.8193,0.0013612964436437829,0.0011720587797219848,9.741894582014818e-05,1.0
1.8203,0.0013665944750271514,0.0013453759402342464,9.705345078423227e-05,1.0
1.8212,0.0013694464992270686,0.0014540968459432002,9.688744883791587e-05,1.0
1.8222,0.0013699148782203015,0.0015980589591316902,9.693825509863757e-05,1.0
1.8232,0.0013540004014556853,0.0014329003984726624,9.704453756463177e-05,1.0
1.8242,0.001331693116355305,0.0012729600481071494,9.712147398811453e-05,1.0
1.8251,0.0013256721069058103,0.0012464136990261523,9.725045681103757e-05,1.0
1.8261,0.001324197048065672,0.001422615270104659,9.750154133417243e-05,1.0
1.8271,0.0013221160853566303,0.0015089703847436606,9.78748989398379e-05,1.0
1.828,0.001319102561586094,0.001264446130123691,9.827488052099721e-05,1.0
1.829,0.001317000000000054,0.0013397429228976777,9.848001892386477e-05,1.0
1.83,0.0013174875692833275,0.0012205119913114746,9.83978882488036e-05,1.0
1.8309,0.0013195374802781631,0.0011521851410100296,9.821812853520273e-05,1.0
1.8319,0.0013250774552643098,0.0014671045803498796,9.808352127195002e-05,1.0
1.8329,0.0013304538711009471,0.0013247711602565884,9.806768767420368e-05,1.0
1.8339,0.001325208628973734,0.001341666317000445,9.823608367403383e-05,1.0
1.8348,0.0013187425629217668,0.0012752382807231853,9.862879001963671e-05,1.0
1.8358,0.0013127571088316261,0.001284434170557593,9.926910086292561e-05,1.0
1.8368,0.0013110125521526741,0.0012879939686665804,0.00010003618950558973,1.0
1.8377,0.0013110228003326324,0.0011794113296948205,0.00010056341169107378,1.0
1.8387,0.0013131504055535594,0.0013314565731754767,0.0001005481856321374,1.0
1.8397,0.0013134214496655263,0.0013753356825463906,0.00010023440756064642,1.0
1.8407,0.0013111434388910729,0.0013219336405457353,0.00010007165722896325,1.0
1.8416,0.0013090935278959864,0.001298736693534047,0.00010013323460717266,1.0
1.8426,0.001307999999999926,0.001290896863777017,0.00010019210223784412,1.0
1.8436,0.0013094602157487866,0.0013955456413867941,0.00010005625550850391,1.0
1.8445,0.0013115101267438848,0.0013463662410354291,9.989161023486192e-05,1.0
1.8455,0.0013137881375185371,0.0013452852769652926,9.983133086876324e-05,1.0
1.8465,0.0013161322965860901,0.0012800936768352167,9.994685243473957e-05,1.0
1.8474,0.0013202898181311985,0.0013390252132119706,0.00010006894184688434,1.0
1.8484,0.001325783584316738,0.0013306718334014118,0.00010007678962341723,1.0
1.8494,0.0013300047043993343,0.0013427759214945118,0.00010007074553251719,1.0
1.8504,0.0013315262289198874,0.0012455041085595543,0.00010018993809338433,1.0
1.8513,0.0013310000000000407,0.0012658006004550245,0.0001004863503575643,1.0
1.8523,0.001331000000000065,0.0015623437081405472,0.00010088439290403974,1.0
1.8533,0.0013286732048000153,0.0014626515443918555,0.0001011507281256023,1.0
1.8542,0.0013231958619727296,0.0012972106666349753,0.00010124519440697107,1.0
1.8552,0.0013173015247074594,0.0011564624286379231,0.00010133399975920049,1.0
1.8562,0.0013128428706558398,0.0013535308068226262,0.00010139336262660932,1.0
1.8571,0.0013109999999999604,0.0011962909776311941,0.00010135863976037502,1.0
1.8581,0.0013114830447568404,0.0012450576834594383,0.00010135570748729864,1.0
1.8591,0.0013145215679681347,0.0013094770506461675,0.00010134154021682054,1.0
1.8601,0.0013170000000001082,0.0011703807909886274,0.00010128301973385893,1.0
1.861,0.00131754435287695,0.001449358737017869,0.00010133310959939369,1.0
1.862,0.0013193667165281298,0.0013193678948871055,0.00010148798861581135,1.0
1.863,0.0013241071404205924,0.0013365200264187568,0.0001016137318136704,1.0
1.8639,0.0013216152792129368,0.0014703345103469893,0.00010169384781818088,1.0
1.8649,0.0013131185153274529,0.0012672584204427957,0.0001018444128835785,1.0
1.8659,0.001307627427085921,0.001465800874469759,0.00010206940426215868,1.0
1.8668,0.0013052979535827112,0.0013460041209997706,0.00010223590766670346,1.0
1.8678,0.0013081480516159449,0.0013302676420149891,0.00010230880397880501,1.0
1.8688,0.0013135561097476793,0.0013590399201945734,0.00010240637440380614,1.0
1.8698,0.0013203893274293592,0.0011492420006098346,0.00010268567034021309,1.0
1.8707,0.0013235899791759996,0.001270816807323785,0.00010337835030025607,1.0
1.8717,0.00132327101543666,0.0013861345804210194,0.00010466291124543102,1.0
1.8727,0.00132300000000002,0.0013421423255060602,0.00010618920344122328,1.0
1.8736,0.0013221081935039746,0.001134390908313628,0.00010763677035350814,1.0
1.8746,0.0013188767524667097,0.001237929263312891,0.00010923869414146486,1.0
1.8756,0.0013144909555089838,0.0014137072412493566,0.00011008138244228324,1.0
1.8765,0.0013114156816956114,0.001385839366711049,0.00010906808042924529,1.0
1.8775,0.0013126673827361557,0.0009553829513047872,0.0001069285841468565,1.0
1.8785,0.001330373193971135,0.0012730393717121364,0.00010508699823806163,1.0
1.8795,0.001357262855103928,0.0015672227275941994,0.00010405454387424905,1.0
1.8804,0.0013835222122435984,0.0013132173852801177,0.00010365907176107694,1.0
1.8814,0.0013720891725979496,0.0013358008777318328,0.00010363934883542336,1.0
1.8824,0.0013340281833307845,0.0014597890755568127,0.00010379131853999234,1.0
1.8833,0.0013113152645229562,0.0013357114650655337,0.00010400217651900111,1.0
1.8843,0.0013049999999998657,0.001188115831681416,0.00010432037536474838,1.0
1.8853,0.00130543061559235,0.0011726971435870237,0.00010473510084599058,1.0
1.8862,0.0013086818430557512,0.0013031145749625888,0.00010499498536614554,1.0
1.8872,0.001319682558053256,0.0012733678841058142,0.00010503796659007357,1.0
1.8882,0.0013315856755805324,0.0013456943510211602,0.0001052622589676042,1.0
1.8892,0.0013326879905405519,0.0014505259619829443,0.00010593730998300292,1.0
1.8901,0.0013306378079982436,0.0013361282935885634,0.00010668769505613118,1.0
1.8911,0.001329179898611631,0.0012487720671090342,0.00010696338482717963,1.0
1.8921,0.001329958971001994,0.0012752046591560293,0.00010699539470877244,1.0
1.893,0.0013329488282447569,0.0013694257323282086,0.00010704251176895719,1.0
1.894,0.0013374877148326547,0.001306436068676674,0.00010693758308144892,1.0
1.895,0.0013381312184604366,0.0013214786102238984,0.0001066584053264174,1.0
1.8959,0.001325139876919533,0.0014755801056160825,0.00010638773618437308,1.0
1.8969,0.001309175945177682,0.0013009458183712774,0.00010650926286198411,1.0
1.8979,0.0013028737535532152,0.0012915474621317674,0.00010710714305395261,1.0
1.8988,0.001302000000000014,0.0010632901106879134,0.00010767480956647431,1.0
1.8998,0.0013020000000001993,0.0011829906244486073,0.00010754310326131169,1.0
1.9008,0.001302000000000203,0.001297450666978218,0.00010701248356394995,1.0
1.9018,0.0013020000000000028,0.00135148597026315,0.00010677937465592228,1.0
1.9027,0.0013020000000001225,0.0013118898767812933,0.00010689392024602793,1.0
1.9037,0.0013021674192335985,0.0012913151520632295,0.00010701373024449619,1.0
1.9047,0.0013030000000000806,0.0012208613139414657,0.00010691077319440068,1.0
1.9056,0.0013033313801185393,0.0013051031373159932,0.00010676026287350026,1.0
1.9066,0.001304470385505817,0.0013886139465093372,0.0001068371677566299,1.0
1.9076,0.001306217395231378,0.0011098303605050004,0.00010706528013205913,1.0
1.9086,0.0013092413646637346,0.0012859153137208114,0.00010733284012137861,1.0
1.9095,0.0013115444256516012,0.001196998477057222,0.00010744145744255316,1.0
1.9105,0.0013110887817869212,0.0013561580108787297,0.0001074270418024788,1.0
1.9115,0.0013109499121733276,0.0013701259901508155,0.00010739850020461107,1.0
1.9124,0.0013099249064300919,0.0014835141506208105,0.00010738197197844302,1.0
1.9134,0.0013092130455329145,0.0012261194044304673,0.00010742115535272691,1.0
1.9144,0.0013107038302931381,0.0012853156714720943,0.00010758658912037981,1.0
1.9153,0.00131237700641784,0.0014349164712148643,0.00010786567843819436,1.0
1.9163,0.0013140320236099895,0.001422469658593244,0.00010814756697247723,1.0
1.9173,0.0013169624091657446,0.0012774148983100268,0.00010832763808961607,1.0
1.9182,0.00133157667475435,0.0012517552775674035,0.0001084843325626301,1.0
1.9192,0.0013674373206484236,0.0012545905006749794,0.00010876687755466248,1.0
1.9202,0.0014113116408068062,0.0013147426630142527,0.00010909020197231173,1.0
1.9212,0.001402980006711049,0.0013024302333040814,0.0001092452228122982,1.0
1.9221,0.0013607813679994848,0.0014003038598644217,0.00010921253759161224,1.0
1.9231,0.001324312206711533,0.0012135319225280816,0.00010909534284663078,1.0
1.9241,0.0013056147513248715,0.0013592926562009475,0.00010903218869627331,1.0
1.925,0.0013019999999999501,0.0012571050436001603,0.00010913490797268201,1.0
1.926,0.0013019999999999993,0.0010624112675934323,0.00010938123062120275,1.0
1.927,0.001302700507717865,0.0014512417576457003,0.00010957755019890922,1.0
1.928,0.001303000000000035,0.001374002202093872,0.00010968701907465284,1.0
1.9289,0.0013047266593012323,0.0013756291441098358,0.00010990421355182452,1.0
1.9299,0.001309016345265142,0.0013605052276594231,0.00011040405612179753,1.0
1.9309,0.001318118069772503,0.001275536745344163,0.00011111477298449296,1.0
1.9318,0.0013296711461193232,0.0013714092250736566,0.00011144390467183272,1.0
1.9328,0.0013199583764220385,0.0013789446931835305,0.00011111147217556586,1.0
1.9338,0.001310341808171516,0.0014072320722851744,0.00011070982665984266,1.0
1.9347,0.00130512750702942,0.0014004765068856362,0.00011053477051991924,1.0
1.9357,0.0013023928713701439,0.0013898699873173335,0.00011046293253171661,1.0
1.9367,0.0013020000000000147,0.0013359292969969067,0.00011050928088005954,1.0
1.9377,0.0013020000000000282,0.001217738041460986,0.00011056431939640412,1.0
1.9386,0.0013019999999998688,0.0013386458666573133,0.00011072599925534502,1.0
1.9396,0.0013020000000000503,0.001334408420226535,0.00011096895780485531,1.0
1.9406,0.0013021868309509186,0.00118655766057968,0.00011128201686059118,1.0
1.9415,0.0013038471457931505,0.001391380444118598,0.00011182793149615708,1.0
1.9425,0.0013108543203048217,0.0012685619877047748,0.00011285522630504173,1.0
1.9435,0.00131213610075164,0.001235601658151825,0.00011435474726755985,1.0
1.9444,0.0013044591586953108,0.001322422848272386,0.00011605069114137165,1.0
1.9454,0.0013043052383110668,0.0013897709564973475,0.0001171841967517015,1.0
1.9464,0.0013113329963425125,0.001308683175611705,0.00011665901448258533,1.0
1.9473,0.0013219823804432218,0.001164407545346032,0.00011516811628038358,1.0
1.9483,0.0013364084778961954,0.0012272379361742119,0.00011409820057650667,1.0
1.9493,0.0013502148742155593,0.0012585830166273173,0.00011401388097835358,1.0
1.9503,0.0013610707140944496,0.0012407545429225586,0.00011459938537529163,1.0
1.9512,0.0013510498558165674,0.0012560704144891901,0.00011472193405556232,1.0
1.9522,0.001323476624203828,0.001315490218587077,0.00011398830394039635,1.0
1.9532,0.0013071926608334763,0.001249364367318863,0.00011332420080698718,1.0
1.9541,0.0013018815198652537,0.0013406546721941607,0.00011310776586162183,1.0
1.9551,0.0013016982454548734,0.0013213638909216543,0.00011301825390103498,1.0
1.9561,0.0013053484602734416,0.001402554285152267,0.00011294493398386553,1.0
1.9571,0.001316737325012219,0.0013793953158722123,0.0001130438435005946,1.0
1.958,0.0013339989302354617,0.0014683649595245557,0.00011339238004608605,1.0
1.959,0.0013321663456704296,0.0013601597442377538,0.00011388863469740615,1.0
1.96,0.0013289456344290668,0.0012466792246637768,0.0001142175383705828,1.0
1.9609,0.0013397551621888212,0.0013065068586488235,0.00011430414999195197,1.0
1.9619,0.0013556514519624829,0.0012777968434251577,0.00011447085990685313,1.0
1.9629,0.0013468146834910905,0.001350506443974578,0.00011485487315422428,1.0
1.9638,0.001327719579918229,0.001584031095888926,0.00011511232834077104,1.0
1.9648,0.0013120751682357832,0.001174876552433506,0.00011498246440369866,1.0
1.9658,0.0013045862931619274,0.001308157896265066,0.00011458023106885848,1.0
1.9668,0.0013050647591862543,0.001348804168311635,0.00011442821694879469,1.0
1.9677,0.0013081822532010708,0.0013440104445275529,0.0001145528690064822,1.0
1.9687,0.001313107412125294,0.0011047818299140643,0.00011478786311031241,1.0
1.9697,0.0013189703149035638,0.0012198715015678209,0.00011503790613495734,1.0
1.9706,0.0013206514704275855,0.0013287316501586152,0.00011537454684721701,1.0
1.9716,0.0013195124650404284,0.0012660860913709033,0.0001159302494792808,1.0
1.9726,0.0013183743080597624,0.0013748285023298821,0.00011654715809130724,1.0
1.9735,0.0013160489293232386,0.0011450397065529778,0.00011677034029609523,1.0
1.9745,0.0013063185084348102,0.0012899561598996967,0.00011668734106385126,1.0
1.9755,0.001301215304320222,0.0015367135264787637,0.00011706097621446043,1.0
1.9765,0.0013010000000001959,0.001408172046612735,0.00011877161475989413,1.0
1.9774,0.0013010000000001768,0.0012815414922002207,0.0001220173249985667,1.0
1.9784,0.0013009999999997754,0.00128795573983928,0.00012492851237593886,1.0
1.9794,0.0013013690646003126,0.0013511375928876408,0.00012512623397467309,1.0
1.9803,0.001302394020098172,0.0011083640637597116,0.00012321065778560112,1.0
1.9813,0.0013035330254854297,0.001265620639176212,0.00012067936073685902,1.0
1.9823,0.0013039999999998194,0.0013540714151420179,0.00011865292667576553,1.0
1.9832,0.001304000000000016,0.00118263811747198,0.00011778245280626712,1.0
1.9842,0.0013040000000000109,0.0012957788529980546,0.00011808150772772508,1.0
1.9852,0.0013039999999999196,0.0013088162590265116,0.00011893883424142455,1.0
1.9862,0.001302999999999894,0.0013707688391665193,0.00011935675879993963,1.0
1.9871,0.0013029999999999283,0.001408521550976659,0.00011893083272244967,1.0
1.9881,0.0013032756855125402,0.0014362639254738765,0.00011814650652084052,1.0
1.9891,0.0013048291102520117,0.0014722191061898268,0.00011767884343277209,1.0
1.99,0.0013055603536030486,0.001361723563395515,0.00011773794743349323,1.0
1.991,0.0013044213482155842,0.0011816633912666136,0.0001183516845333982,1.0
1.992,0.0013032824786017516,0.0014075132024682652,0.00011936303275980309,1.0
1.9929,0.0013030000000001066,0.001162392110293693,0.00012033571153267426,1.0
1.9939,0.001303880343330698,0.0016442578151270666,0.00012083188331216218,1.0
1.9949,0.0013070773948720513,0.0013092088356829222,0.00012045301184797051,1.0
1.9958,0.0013113110799244415,0.001375275010193401,0.00012005074594521062,1.0
1.9968,0.0013190986063570645,0.0012964122442624241,0.00011979426035665525,1.0
1.9978,0.001322072943772211,0.001299131084297709,0.00011923326006582585,1.0
1.9988,0.0013156990928737417,0.0013273348512715148,0.00011868930659976843,1.0
1.9997,0.0013110594523089486,0.001316767663423552,0.0001184671525912019,1.0
2.0007,0.0013071275730698688,0.0010441764570755829,0.00011853255785593894,1.0
2.0017,0.0013060000000000315,0.0012861739799966162,0.00011880872096699709,1.0
2.0026,0.001307574413208384,0.0012869476290041529,0.00011912170334367376,1.0
2.0036,0.0013135550031380845,0.0012884962132036026,0.00011927153862087035,1.0
2.0046,0.001325909650242089,0.0010721757786215464,0.00011930152940567845,1.0
2.0056,0.0013381846214765613,0.0012448996860964091,0.00011934682392709528,1.0
2.0065,0.0013343131922938696,0.001185709916104839,0.00011941273337961894,1.0
2.0075,0.0013308978387617841,0.0012373440001720829,0.00011953921240482659,1.0
2.0085,0.0013274825768264293,0.0014125472607604593,0.00011978435960057127,1.0
2.0094,0.0013201630980679763,0.0010606008806402726,0.00012003022259966421,1.0
2.0104,0.0013076325452974554,0.0013588801127975185,0.00012006259786523375,1.0
2.0114,0.001302382723554159,0.0014777086983415115,0.00011997391224723784,1.0
2.0123,0.0013011662705058955,0.0013360122733916504,0.00012000393744865148,1.0
2.0133,0.0013009999999997772,0.0012869715789253632,0.00012016153874129114,1.0
2.0143,0.0013022212026332287,0.001432774409930615,0.0001203256589418154,1.0
2.0152,0.001304947947282623,0.0013858560234263641,0.00012044653936646797,1.0
2.0162,0.0013167658062285402,0.0013704109595305868,0.00012058848992578563,1.0
2.0172,0.0013406721909036171,0.0013399529215476515,0.00012077524053810286,1.0
2.0182,0.0013463860502828076,0.0012183010411225288,0.00012097483888011388,1.0
2.0191,0.0013340849550284957,0.001232203915036667,0.00012118187630222149,1.0
2.0201,0.0013225614458228948,0.0012950700549131254,0.00012142958601610864,1.0
2.0211,0.0013148744128668236,0.001180365318707269,0.00012173677693530143,1.0
2.022,0.0013104825768263195,0.0013164705935599743,0.00012184437260956512,1.0
2.023,0.0013110683458193348,0.0014433894858197664,0.00012191665481190093,1.0
2.024,0.0013159357364108464,0.0011819561435119125,0.00012196758994979102,1.0
2.025,0.0013227705833764934,0.00128891779216654,0.00012196007537021909,1.0
2.0259,0.0013254004152336916,0.0012934208387488171,0.00012196227571905029,1.0
2.0269,0.0013197047094289248,0.0011845558598870807,0.00012205593750516537,1.0
2.0279,0.0013140137625424287,0.0015022064940134192,0.00012222634927604224,1.0
2.0288,0.0013095124798125585,0.0014726376503808748,0.00012246662618272685,1.0
2.0298,0.001304957001358065,0.0012511622245160604,0.0001227586410645699,1.0
2.0308,0.001302200218357231,0.001187175495758245,0.00012293830477552657,1.0
2.0317,0.0013010752894545812,0.0012088081261291518,0.00012294080581178827,1.0
2.0327,0.001303689840294851,0.001346279315682284,0.00012293984840983902,1.0
2.0337,0.0013144031647354798,0.001285930850102625,0.00012303245450585008,1.0
2.0347,0.0013132763841497267,0.0014453865000749865,0.00012316602584168374,1.0
2.0356,0.0013065378269899244,0.0012481410558720337,0.00012330108039081432,1.0
2.0366,0.0013029906311730606,0.0014536520090649926,0.00012348361696027545,1.0
2.0376,0.0013019999999998575,0.0012409423642585418,0.0001237273864354674,1.0
2.0385,0.0013019999999998408,0.0013552168714894436,0.00012392941498038523,1.0
2.0395,0.0013028063759596854,0.0013344847918597205,0.00012400189575675983,1.0
2.0405,0.0013030000000000222,0.0015237096036790957,0.0001240114740006407,1.0
2.0414,0.0013039703368444785,0.0014105044961522785,0.00012402676155724045,1.0
2.0424,0.0013050000000000368,0.0013580312591457827,0.00012403452646037462,1.0
2.0434,0.0013052472086670062,0.0011186670965884441,0.0001240543645054307,1.0
2.0443,0.001306272299938248,0.0014561999912028295,0.00012413377075534487,1.0
2.0453,0.0013074111695517514,0.0014234765284121158,0.0001242696716136617,1.0
2.0463,0.0013079999999996551,0.001483077529194778,0.00012441484845931368,1.0
2.0473,0.0013086883962760256,0.0013127613688944284,0.00012455234004510096,1.0
2.0482,0.0013104257221959786,0.0015149160960925441,0.0001247463029655184,1.0
2.0492,0.0013135560067770765,0.0012524248487769474,0.00012483229104943487,1.0
2.0502,0.0013179634874906914,0.0015351092540112005,0.00012492870434098404,1.0
2.0511,0.001317968073712426,0.001373486969836277,0.00012506189323806298,1.0
2.0521,0.0013155360301672853,0.001256758848155787,0.00012523705879025768,1.0
2.0531,0.0013124143300675907,0.0013044615645105082,0.00012540109016006022,1.0
2.0541,0.0013105682954202005,0.0011116189689979717,0.000125528349781525,1.0
2.055,0.001309543204148976,0.00149785465074376,0.00012564895432356162,1.0
2.056,0.0013090000000000645,0.001312126974750473,0.00012581227787099427,1.0
2.057,0.0013089999999999554,0.0015810249222840984,0.00012605133546338208,1.0
2.0579,0.0013105175243111643,0.001493310814919365,0.00012638578145130172,1.0
2.0589,0.0013136928856746952,0.0011088612751317306,0.00012680484578183053,1.0
2.0599,0.001304890505484439,0.0012448630441116643,0.00012723738044719332,1.0
2.0608,0.0013020000000001045,0.0013959468305100467,0.00012756604316022154,1.0
2.0618,0.0013020000000000627,0.0013694413341335157,0.00012786737322792024,1.0
2.0628,0.0013019999999999633,0.0012910747461849805,0.0001283561767882799,1.0
2.0638,0.0013029546617582405,0.0012468660154390148,0.00012866485352393178,1.0
2.0647,0.0013080172048234226,0.00117298884814276,0.00012845211583972178,1.0
2.0657,0.0013196955011667165,0.0012420144125394957,0.00012809762268619067,1.0
2.0667,0.001334922259285026,0.0015072668653049993,0.0001279627717337784,1.0
2.0676,0.0013444346923827944,0.0014907506017245746,0.0001280638789106428,1.0
2.0686,0.0013365701668985577,0.0012515288545611306,0.00012842225738691161,1.0
2.0696,0.0013242608797598865,0.0011931365361578957,0.00012907009354182162,1.0
2.0705,0.0013152513906353467,0.0012312164462504986,0.00012960407799983995,1.0
2.0715,0.0013080156585763042,0.0013187947362994217,0.00012961313690054276,1.0
2.0725,0.0013046154829768754,0.001316044595176895,0.00012933253861812364,1.0
2.0735,0.0013039999999999222,0.0011168279460311938,0.00012906754911867375,1.0
2.0744,0.0013034522230978135,0.0014665903115119682,0.0001289580737374721,1.0
2.0754,0.001302313081936812,0.001216603629509347,0.00012890323589598356,1.0
2.0764,0.0013019999999999588,0.0013557487109592265,0.00012899825223065576,1.0
2.0773,0.001301999999999985,0.0014534206013906426,0.00012913330154139087,1.0
2.0783,0.0013029886225678303,0.0012893772544593065,0.00012917528620671627,1.0
2.0793,0.0013042549584460596,0.001290742322125677,0.00012919281854011945,1.0
2.0802,0.0013061525704943166,0.0014080309402232202,0.00012932285785302846,1.0
2.0812,0.0013075828802156062,0.0012009060230183484,0.00012961022783787964,1.0
2.0822,0.0013094300914153019,0.001154557338004038,0.00013004016563679318,1.0
2.0831,0.0013109090671756338,0.0013344704198517787,0.0001305217771557667,1.0
2.0841,0.0013131868064028354,0.0013711375739063549,0.00013083383192807844,1.0
2.0851,0.0013125354543698738,0.0014068546968722913,0.00013079919858225358,1.0
2.0861,0.001308514344095868,0.0013922454333249019,0.00013059592137172266,1.0
2.087,0.0013088962336998747,0.0015892172508095378,0.00013050045784283163,1.0
2.088,0.001316410830903888,0.0013765206381380441,0.0001306281321228006,1.0
2.089,0.0013269613668663452,0.0013421549554464582,0.00013095408597244126,1.0
2.0899,0.001319225244891391,0.001244378003991112,0.00013143741147761116,1.0
2.0909,0.0013063146679646491,0.0012641410270364532,0.00013212352197668895,1.0
2.0919,0.0013025237924319583,0.0011755336018022388,0.00013282911838615035,1.0
2.0929,0.0013020000000000425,0.0013285716543656686,0.00013292349343546828,1.0
2.0938,0.0013026390295007078,0.0014705078216764597,0.00013241746984060955,1.0
2.0948,0.0013030000000000222,0.0013878044691291243,0.00013201927527339193,1.0
2.0958,0.0013039167687279268,0.0013860864427645632,0.00013207664052501968,1.0
2.0967,0.0013049418599990086,0.0015246984332534064,0.00013226818305957618,1.0
2.0977,0.0013051597244158387,0.0012699154940413687,0.0001321689699790912,1.0
2.0987,0.0013074374636429834,0.0013129357346179885,0.00013193991017130096,1.0
2.0996,0.0013094876461853691,0.0013000753819008694,0.000131852724602673,1.0
2.1006,0.0013121480781189247,0.00117418458074384,0.00013196064263619272,1.0
2.1016,0.0013155646869599626,0.0013074373528454322,0.00013211028245141247,1.0
2.1026,0.0013169999999999502,0.0011385684584836494,0.00013227052605560932,1.0
2.1035,0.0013156312314948479,0.0010038187788949965,0.00013243222298724687,1.0
2.1045,0.001312529423759238,0.0012523530904100847,0.00013268237118100137,1.0
2.1055,0.0013100752099456175,0.0012633278254454133,0.0001330426971900033,1.0
2.1064,0.0013080250274033279,0.0013669352979432032,0.00013344756974387176,1.0
2.1074,0.0013078737878376458,0.0013492322515047189,0.00013391748980107508,1.0
2.1084,0.0013072643581207434,0.0011703212522353459,0.00013463762079809406,1.0
2.1093,0.0013082891778445585,0.0013981347339675023,0.00013545881580937335,1.0
2.1103,0.0013102849570168257,0.0015598619751234207,0.00013552302961178218,1.0
2.1113,0.0013131343772384517,0.0014897534549010505,0.00013473123649603163,1.0
2.1122,0.0013140000000001148,0.001201202995803002,0.0001340834429886526,1.0
2.1132,0.0013140000000000803,0.001387542512446987,0.00013390119312486364,1.0
2.1142,0.0013140000000000775,0.0011031271222595308,0.00013409682045608648,1.0
2.1152,0.0013150080213264017,0.0012165225309110847,0.0001347892024223841,1.0
2.1161,0.0013161655629880954,0.0014392555128968636,0.00013591355064668616,1.0
2.1171,0.001321858932773003,0.0013518708622826275,0.00013655689924566735,1.0
2.1181,0.0013275485643635017,0.0012016118524685075,0.00013613758564295756,1.0
2.119,0.0013330088248633676,0.0015207310557387168,0.00013556183630683135,1.0
2.12,0.001335578978727469,0.0013941536628981753,0.00013540802025851617,1.0
2.121,0.0013241949613045645,0.0013894347161855134,0.00013556334195103414,1.0
2.122,0.0013134898928076203,0.0013203666058375608,0.00013594718868535164,1.0
2.1229,0.0013112241079006521,0.0013090905890461278,0.00013644873353110652,1.0
2.1239,0.0013100854935353193,0.0014379328808363124,0.00013690189946766475,1.0
2.1249,0.0013100536476256443,0.0012337738131112505,0.00013726263759103295,1.0
2.1258,0.0013111569346989241,0.0012928478291164196,0.0001375743242859835,1.0
2.1268,0.0013132176085105481,0.0013637219584606089,0.00013762747582863127,1.0
2.1278,0.001314712145148922,0.0012008890756517482,0.0001373412071467714,1.0
2.1287,0.0013167608608862127,0.001483897561797051,0.00013691376540706402,1.0
2.1297,0.001320077200227055,0.0015683630503723598,0.00013656484428533909,1.0
2.1307,0.0013239753236531987,0.0010776723247873784,0.00013638904846503892,1.0
2.1316,0.0013277330437661806,0.0014023505685887374,0.00013636524727648035,1.0
2.1326,0.0013322858659659713,0.0014761626824381564,0.00013644784833452412,1.0
2.1336,0.001336840531055977,0.0014019031250221907,0.00013659577722247989,1.0
2.1346,0.001329207980979295,0.001349721011999293,0.00013681276972260037,1.0
2.1355,0.0013211313444585467,0.0012424164620148492,0.00013705857049625613,1.0
2.1365,0.0013134222204256119,0.0014239395340234539,0.00013720262481103874,1.0
2.1375,0.0013073934121332763,0.0015771431363626543,0.00013719608805670195,1.0
2.1384,0.0013045739432576355,0.001339824825379433,0.00013716237581114983,1.0
2.1394,0.0013045649263559883,0.0013804994983638852,0.00013718614130862588,1.0
2.1404,0.0013049999999999123,0.0008219567995052654,0.00013726914994166052,1.0
2.1414,0.0013058429371307094,0.0014066495580428607,0.00013741383768679265,1.0
2.1423,0.0013060000000000708,0.0013876891049193305,0.00013761767841179146,1.0
2.1433,0.0013060000000000979,0.0013949572217842336,0.00013783744496866272,1.0
2.1443,0.0013060000000000428,0.001028217055002683,0.0001380209316349755,1.0
2.1452,0.0013059999999999966,0.0009582610910057424,0.00013819036375860966,1.0
2.1462,0.0013060000000000536,0.0010281389455401985,0.00013833902029186765,1.0
2.1472,0.0013064472213588478,0.001217668438693832,0.00013846676130713654,1.0
2.1481,0.0013069999999999885,0.0013994876482208809,0.00013864773675618307,1.0
2.1491,0.0013069999999998747,0.0014180314750842256,0.0001388794572445571,1.0
2.1501,0.0013069999999999705,0.0012014099448761594,0.0001390752634642337,1.0
2.1511,0.0013069999999999404,0.0013031894488083325,0.0001392193334835537,1.0
2.152,0.0013070000000000098,0.0012277549774170776,0.00013933195017195855,1.0
2.153,0.0013091541560873604,0.001181050560289633,0.00013942705385972442,1.0
2.154,0.001312570764928349,0.0013790991161960816,0.0001394828766374851,1.0
2.1549,0.0013158613849891436,0.0015166929109953365,0.0001394945982491715,1.0
2.1559,0.0013204168634436094,0.0013219443710147808,0.0001395282126686433,1.0
2.1569,0.0013239861709491833,0.0013995336802383267,0.00013964559612372567,1.0
2.1578,0.0013249999999999707,0.0012490008444699674,0.0001398379329513714,1.0
2.1588,0.0013256559074071239,0.0012263700616518076,0.00014005338607161297,1.0
2.1598,0.0013267950485680753,0.001074506773922262,0.00014022412352863263,1.0
2.1608,0.0013279339181816899,0.0012120490957796767,0.0001403601800876332,1.0
2.1617,0.001327040990547033,0.001280901533260134,0.00014052843563822496,1.0
2.1627,0.0013237097796568356,0.0014325501234263888,0.000140798769633537,1.0
2.1637,0.0013202923561738372,0.001274065537017146,0.00014122473101829677,1.0
2.1646,0.001317478598001611,0.0011965370605376367,0.00014182667024202863,1.0
2.1656,0.0013156001578398951,0.0014177887070769121,0.00014247559200084646,1.0
2.1666,0.0013155387117737892,0.0014024693090127088,0.00014284106225331255,1.0
2.1675,0.0013171263232616146,0.001128938762104645,0.00014280356796852325,1.0
2.1685,0.0013201046011193556,0.0010383948235510435,0.00014258626606000705,1.0
2.1695,0.001323522024602103,0.0013582096679041894,0.00014240273008791587,1.0
2.1705,0.0013269386334429823,0.0013420076603539262,0.00014231849925831414,1.0
2.1714,0.0013249860927434954,0.001340160504736389,0.00014233900665842184,1.0
2.1724,0.001321569973682015,0.001166773000998528,0.00014247385542365856,1.0
2.1734,0.0013178750558908098,0.0013501935530271646,0.00014269208961096782,1.0
2.1743,0.001314387345402953,0.001150943966583429,0.00014297083170676625,1.0
2.1753,0.0013121096061759934,0.00138363108695092,0.00014338596407860237,1.0
2.1763,0.0013110000000000161,0.0010575477526736797,0.00014404809124995177,1.0
2.1772,0.001310999999999956,0.0013017136740884035,0.00014500807836368283,1.0
2.1782,0.001311747160005638,0.001368735832589054,0.00014584415615301918,1.0
2.1792,0.00131199999999995,0.001399774397952694,0.0001459077105747812,1.0
2.1801,0.001311999999999931,0.0014332226984809743,0.00014528979651466317,1.0
2.1811,0.0013119999999999601,0.0013091206187235663,0.00014461423852171735,1.0
2.1821,0.0013120000000000499,0.0013884895813131497,0.000144210474650363,1.0
2.1831,0.001311673137673536,0.001309151836381717,0.0001440188684875825,1.0
2.184,0.0013109999999999227,0.001336479234914679,0.0001439210185189977,1.0
2.185,0.00131149082321126,0.0007838281228441711,0.00014396247583938558,1.0
2.186,0.0013132599287445446,0.0012462635892905051,0.0001441732587741509,1.0
2.1869,0.0013153095681922179,0.0013383191740716646,0.0001445047045032573,1.0
2.1879,0.001317586044085731,0.0012767804513167582,0.00014481522197640838,1.0
2.1889,0.0013207949677556058,0.0013027398794236917,0.00014493635883012292,1.0
2.1899,0.0013232821021287194,0.0012364617071328663,0.00014491018132482947,1.0
2.1908,0.0013272868504099983,0.0012573917646830086,0.00014486225613096038,1.0
2.1918,0.0013309390318572228,0.0014242343505797496,0.00014486446689606123,1.0
2.1928,0.0013351196075543463,0.0013737966987510534,0.00014495244560092818,1.0
2.1937,0.0013385903195878741,0.0013426909482466074,0.0001451228822377337,1.0
2.1947,0.0013409999999999503,0.0013618252221788325,0.00014531638845831902,1.0
2.1957,0.0013403246808758064,0.0011957774237764357,0.00014546026429044793,1.0
2.1966,0.001338599179209183,0.0014653284367268584,0.00014556277612703863,1.0
2.1976,0.0013363233496065986,0.0015351107221581268,0.00014568315569045632,1.0
2.1986,0.0013350227177822674,0.0009939164685657494,0.00014584495324705536,1.0
2.1996,0.0013333484554942578,0.0010670965480751179,0.0001460272556355941,1.0
2.2005,0.0013364237293077604,0.001345329671291719,0.00014616787027686834,1.0
2.2015,0.0013398403381485896,0.0012163621683541886,0.0001463335330117128,1.0
2.2025,0.001343256330730993,0.0015008299229524332,0.0001465427285975916,1.0
2.2034,0.0013463288039466082,0.0013265072491502304,0.0001468205994234214,1.0
2.2044,0.0013474179241900503,0.0014434597446740134,0.00014717199547985448,1.0
2.2054,0.0013455581091532192,0.0010291763624295236,0.00014757461476002856,1.0
2.2063,0.0013427618899160057,0.0013153680277033777,0.00014792167441531325,1.0
2.2073,0.001339345281075274,0.0011915037312912639,0.00014809526333842387,1.0
2.2083,0.0013359312744488563,0.0011398600875804996,0.00014817873241570326,1.0
2.2092,0.0013329045435181576,0.0012021453603100222,0.00014820456489474053,1.0
2.2102,0.0013308131305982789,0.0008988375643741792,0.00014812092000815227,1.0
2.2112,0.0013293485219690703,0.001270109185281991,0.00014804378713250722,1.0
2.2122,0.0013275359199359444,0.001319695290695055,0.00014802953871156284,1.0
2.2131,0.0013260228781036395,0.0013481671793588075,0.00014804857645804294,1.0
2.2141,0.0013250000000000603,0.0011415622361684136,0.00014812211738525035,1.0
2.2151,0.001326533143445545,0.0013329308028876248,0.00014823886922313265,1.0
2.216,0.001329374988981811,0.0013852739667468044,0.00014836676997235246,1.0
2.217,0.0013318610652149749,0.001427981045113231,0.00014849100838123573,1.0
2.218,0.0013341365265378603,0.001369234045351605,0.00014860506600193144,1.0
2.219,0.0013359999999998677,0.001420651828895669,0.00014872960911175277,1.0
2.2199,0.0013357677758461957,0.001345578516577261,0.0001488761522463385,1.0
2.2209,0.0013342572693706295,0.0012456764936178038,0.0001490464089394453,1.0
2.2219,0.001332489765071674,0.001362522294770937,0.00014922855128393344,1.0
2.2228,0.001332534717182286,0.0012966795525905495,0.00014945403531315974,1.0
2.2238,0.0013343461137219285,0.0013875450260173883,0.00014977052616129002,1.0
2.2248,0.0013333756039561003,0.001244974230711304,0.00015014622913344194,1.0
2.2257,0.0013330000000000301,0.0016547165620989875,0.00015059698108453397,1.0
2.2267,0.0013339761589066974,0.001445722381088856,0.00015097673588897707,1.0
2.2277,0.0013361138895682922,0.0014128880674949182,0.00015115261763314888,1.0
2.2286,0.0013364440766424012,0.0014854495577464372,0.00015111346941965682,1.0
2.2296,0.001330499345922613,0.0014499720116513486,0.00015095180178546023,1.0
2.2306,0.0013210810587022334,0.0014436337678307846,0.00015083025020084907,1.0
2.2316,0.00131366483263449,0.0011750727015111405,0.0001508174641073065,1.0
2.2325,0.0013080985421278198,0.0010959178767770976,0.00015089158813228983,1.0
2.2335,0.001303843950519371,0.00144887346012943,0.00015102907857758794,1.0
2.2345,0.0013047151055477013,0.0013417499872526008,0.00015120851900500822,1.0
2.2354,0.0013067652880900554,0.001223404072397215,0.00015145754276954206,1.0
2.2364,0.001310086054634718,0.001531457447403717,0.00015181788419486037,1.0
2.2374,0.0013148023602481593,0.0014099730555519395,0.00015225227872105632,1.0
2.2384,0.0013204919274054075,0.001418190263197547,0.00015263844079489318,1.0
2.2393,0.0013249704302567787,0.0014128248575267582,0.0001528215438190177,1.0
2.2403,0.0013279246927317416,0.0013295899346038456,0.00015278141905701486,1.0
2.2413,0.0013302029750536786,0.0011457712875502695,0.00015271050429335436,1.0
2.2422,0.0013322511894564772,0.0011626141265356047,0.00015275476917503446,1.0
2.2432,0.001334528618919269,0.0011463967433225856,0.00015283908520165302,1.0
2.2442,0.001336806358146292,0.0012063408423845995,0.00015294133256629294,1.0
2.2451,0.0013379282703445562,0.0013897300430346377,0.00015313256945747762,1.0
2.2461,0.0013390671399578563,0.001167652906452925,0.0001534692145983418,1.0
2.2471,0.001340412092883707,0.0012555652765598691,0.0001538920934535991,1.0
2.2481,0.001342344011780302,0.0013771688771677143,0.00015410802755806154,1.0
2.249,0.001343369103051531,0.001224261119545587,0.00015397198330119528,1.0
2.25,0.0013445079726650717,0.001393863801171136,0.00015387356363478664,1.0
2.251,0.001346293684557535,0.0012382616482940298,0.00015395378628960138,1.0
2.2519,0.0013476719335500974,0.0012660510645886272,0.00015414892867582418,1.0
2.2529,0.0013488098807482327,0.0014230578851742602,0.000154398304536693,1.0
2.2539,0.0013508976107446497,0.0015055337381030425,0.00015464188419719567,1.0
2.2548,0.0013519738966433891,0.0012595255123271218,0.0001547841636921039,1.0
2.2558,0.0013521127662573388,0.0015792549453980396,0.00015481495408221525,1.0
2.2568,0.0013532516358708648,0.001254228191877939,0.00015483678603926741,1.0
2.2578,0.0013543903324616997,0.0012398777019097973,0.000154929009584039,1.0
2.2587,0.0013554144578034923,0.001244537106826148,0.00015509024289954863,1.0
2.2597,0.0013560000000001687,0.0011754425428035513,0.00015535113690685212,1.0
2.2607,0.001355307531421875,0.0011941474731339858,0.00015578733645029726,1.0
2.2616,0.0013550000000001222,0.0012408028465787013,0.0001564240206351745,1.0
2.2626,0.001355000000000074,0.001568760062250941,0.00015700663985914056,1.0
2.2636,0.001355000000000046,0.0013544488756147082,0.0001572376347118466,1.0
2.2645,0.0013550000000000471,0.001520596395775372,0.00015733944297958668,1.0
2.2655,0.0013551583925565777,0.0013537886345021026,0.00015752403661911004,1.0
2.2665,0.0013559999999999085,0.0011776775752581476,0.0001575975786468133,1.0
2.2675,0.0013559999999998552,0.001294775119211653,0.00015744403017950827,1.0
2.2684,0.001356460084102739,0.0012480639703264804,0.0001572338528164598,1.0
2.2694,0.0013564010462837413,0.0014953305547136383,0.0001571656640910771,1.0
2.2704,0.0013545238102454715,0.0013874358915401998,0.00015726210267230843,1.0
2.2713,0.0013524736277030452,0.001319715322144629,0.00015741452315387385,1.0
2.2723,0.0013501958884759044,0.0013724395739936966,0.00015749325047106387,1.0
2.2733,0.001347920427153029,0.0014452715013253236,0.00015760276752219452,1.0
2.2742,0.0013459999999998829,0.0010563532665493504,0.00015776436321314865,1.0
2.2752,0.0013459999999998649,0.0016092184099887777,0.00015799846832571495,1.0
2.2762,0.0013459999999999085,0.0011390896520650678,0.00015832487315533563,1.0
2.2771,0.001346000000000086,0.0013754763466058448,0.00015882208731756535,1.0
2.2781,0.001345999999999978,0.0015205160059015926,0.00015972127212014379,1.0
2.2791,0.0013459999999998944,0.001213888744195308,0.00016129028775413014,1.0
2.2801,0.0013475674423532116,0.0015203987910479097,0.00016334212005837822,1.0
2.281,0.001351234163601504,0.001499035970128129,0.0001648591941419519,1.0
2.282,0.0013557907282452644,0.001263936519025423,0.00016483345823259708,1.0
2.283,0.001359341650891322,0.0014625711714944532,0.0001635573710622064,1.0
2.2839,0.0013634420159757599,0.0013925809560535265,0.00016200594786150172,1.0
2.2849,0.001366999999999983,0.00111655762010406,0.0001608410339457892,1.0
2.2859,0.0013666114852314392,0.0012672377083900628,0.00016032247557756974,1.0
2.2869,0.0013654726156177833,0.001491225735615485,0.00016025458203280658,1.0
2.2878,0.00136444815287408,0.0013639161506637262,0.00016036108038598257,1.0
2.2888,0.0013626195873703791,0.001814681743705554,0.00016065792153251957,1.0
2.2898,0.00136117092407151,0.0015075662404583422,0.00016143037804593186,1.0
2.2907,0.0013601458328003871,0.001285098546692078,0.0001631311288431363,1.0
2.2917,0.001358013926373645,0.0015909907144066352,0.00016604901091500494,1.0
2.2927,0.001356737921956206,0.0009656783655715463,0.0001697703385922295,1.0
2.2936,0.0013546877394132902,0.0013887655222972683,0.00017300124756813973,1.0
2.2946,0.0013527050000932065,0.0014493479106541087,0.00017443648523544344,1.0
2.2956,0.0013541693476023181,0.0009579647833088741,0.00017421956917603913,1.0
2.2966,0.0013604380640885529,0.001295364673792432,0.00017327154421831195,1.0
2.2975,0.0013671800519576402,0.0015586829178585735,0.00017126730547276667,1.0
2.2985,0.0013744149956842987,0.0014569433273587723,0.00016869239807434117,1.0
2.2995,0.0013821229155938518,0.0014485836668118204,0.00016738904314684113,1.0
2.3004,0.0013892985544919575,0.0012480147104998258,0.0001678638224754924,1.0
2.3014,0.0013857680213249987,0.0014792909857237327,0.00016876201016732437,1.0
2.3024,0.0013789343880403241,0.0013389614631112558,0.00016903903651445718,1.0
2.3033,0.0013725896046840361,0.0014789711754141296,0.0001688256182866665,1.0
2.3043,0.0013649562427633538,0.001370137198383966,0.00016828112237477727,1.0
2.3053,0.0013581230250814629,0.0014910538815609473,0.00016721493919105045,1.0
2.3062,0.0013529816516365083,0.0011757793341511517,0.00016576600620328352,1.0
2.3072,0.00134907182598454,0.0012929949070695772,0.00016466134015350974,1.0
2.3082,0.0013448752505361276,0.0013218717729764746,0.00016439599982393983,1.0
2.3092,0.0013412390144191962,0.0014192492499921874,0.0001648190023595833,1.0
2.3101,0.0013372183208073078,0.0013640626767318083,0.00016525451387389763,1.0
2.3111,0.0013342528682352339,0.0012044177990524483,0.00016530160265087863,1.0
2.3121,0.001338560336029424,0.0016017217444955563,0.0001654731606176024,1.0
2.313,0.0013454826680662692,0.0012842344857138723,0.00016605354311698763,1.0
2.314,0.001352701866705929,0.0014659225421402157,0.00016661296216591664,1.0
2.315,0.0013601507327138617,0.0012806891142507495,0.00016697075368282403,1.0
2.316,0.0013676479421280685,0.0014266657044480187,0.00016716091959944324,1.0
2.3169,0.0013706890830037812,0.0016757969228360645,0.0001669693763699133,1.0
2.3179,0.0013701729893081105,0.0016502790209736876,0.00016655280715473583,1.0
2.3189,0.0013680680903476595,0.0016875085564159661,0.00016630556339217945,1.0
2.3198,0.0013660184508999253,0.0012650249367154994,0.00016652635065934497,1.0
2.3208,0.001363740168577865,0.0014388074652040232,0.00016707394086710623,1.0
2.3218,0.0013614624293507504,0.0015909037185691652,0.00016797578066185913,1.0
2.3227,0.0013594129154695836,0.001332732103010037,0.00016930928520414085,1.0
2.3237,0.0013571367854854192,0.0015751033347062844,0.0001704209413725422,1.0
2.3247,0.0013548585031636588,0.001587826136527845,0.00017092743075266734,1.0
2.3256,0.0013528088637158517,0.0012320840415590713,0.0001713749992727165,1.0
2.3266,0.001350530581394083,0.0013179767766428516,0.0001721245039085818,1.0
2.3276,0.0013491274149162575,0.0015009667948655788,0.00017314207317377145,1.0
2.3286,0.001349011309577927,0.0015702821662062461,0.00017376524068698156,1.0
2.3295,0.0013500364008495987,0.0015783090809430183,0.0001730890639931253,1.0
2.3305,0.0013509999999999924,0.0014846983358357208,0.0001714450272021926,1.0
2.3315,0.0013525720581194869,0.0012828790186674805,0.00017009766024944281,1.0
2.3324,0.001360747633203752,0.0015465826804025107,0.00016980845438102404,1.0
2.3334,0.0013676138322173933,0.001317515592328403,0.00017046920057309307,1.0
2.3344,0.0013686966190208797,0.0015489971959559124,0.0001712829456991989,1.0
2.3354,0.0013770419546487924,0.0011661229046573806,0.00017150416554683988,1.0
2.3363,0.0013852405124396491,0.0013595995071930384,0.00017134281856201702,1.0
2.3373,0.0013952728469430675,0.0014305638012652954,0.0001713125773479354,1.0
2.3383,0.0014035445129811635,0.001457265161472231,0.0001713823726841786,1.0
2.3392,0.001395261755663261,0.0013437798030110676,0.0001711611039608861,1.0
2.3402,0.0013850119291406715,0.0011389928702864318,0.000170614747551621,1.0
2.3412,0.001374759658692014,0.0015472942735523026,0.00017018053924723186,1.0
2.3421,0.001365540221699385,0.0015985176948745696,0.0001699743910022271,1.0
2.3431,0.001355817121153796,0.0017739492068968316,0.00016996195904954333,1.0
2.3441,0.001353323458938999,0.0013832953553522085,0.00017015788290150426,1.0
2.3451,0.001358803594497954,0.001132292727161592,0.0001704502612451942,1.0
2.346,0.001365779832479367,0.001300989177820617,0.00017068332536560827,1.0
2.347,0.001373751919774436,0.0011647435779295746,0.00017104034274610238,1.0
2.348,0.0013817179352362526,0.0014397984563484447,0.0001717725747039589,1.0
2.3489,0.0013882553068955137,0.0011057083171690115,0.00017281937532682423,1.0
2.3499,0.0013886673846929536,0.0012292678887924136,0.00017387216669716206,1.0
2.3509,0.0013825676439499222,0.0013165116599365082,0.00017510692435280276,1.0
2.3518,0.00137684758026888,0.0015090941341738887,0.00017717974879090734,1.0
2.3528,0.001371156470844424,0.0015971763344293569,0.0001796999861186717,1.0
2.3538,0.0013654632211568484,0.0014477597197186246,0.00018142894702212679,1.0
2.3548,0.0013606150984710353,0.001220344474694787,0.00018223266111820692,1.0
2.3557,0.0013608713166534379,0.0015759584459906547,0.00018236318278131596,1.0
2.3567,0.0013620101746785241,0.0017132263563129403,0.00018172484217294585,1.0
2.3577,0.001363148188476033,0.0016277923936949433,0.00018076386847978604,1.0
2.3586,0.0013641730081996983,0.001367376898171095,0.00017972706365696584,1.0
2.3596,0.0013653121493606372,0.0014199734815969138,0.00017847015393348577,1.0
2.3606,0.0013646469430771396,0.0012817242173717583,0.00017710882850086602,1.0
2.3615,0.001360619448772472,0.0013127572552531083,0.0001758468771479036,1.0
2.3625,0.0013555428791068205,0.0013007096438564852,0.0001749639823429191,1.0
2.3635,0.0013502350896604002,0.0012568529060887055,0.00017485953110657918,1.0
2.3645,0.001345432593274249,0.0010546415318696198,0.00017561455585875295,1.0
2.3654,0.0013413322281892802,0.0015598002933884367,0.00017653859153002503,1.0
2.3664,0.0013391674376989431,0.0015175431601912007,0.0001768724613321312,1.0
2.3674,0.0013425833820954575,0.001429843533005048,0.00017692086426042858,1.0
2.3683,0.001345655903496965,0.0012230057712312831,0.00017751511514338853,1.0
2.3693,0.0013487150082252771,0.0012421979395178223,0.00017904532301230708,1.0
2.3703,0.0013514899358207618,0.0014556969724402761,0.00018168670164925074,1.0
2.3712,0.0013545652096342304,0.0012883378606158703,0.0001854539057682377,1.0
2.3722,0.0013553393938417013,0.001461754766464794,0.000189178522054792,1.0
2.3732,0.0013534028675135613,0.0014882947062938138,0.00019074133434440117,1.0
2.3741,0.0013521765719089187,0.0012596600274665255,0.0001901653501235303,1.0
2.3751,0.0013500754045908236,0.0016469820792904496,0.00018843001149632964,1.0
2.3761,0.0013488985611345057,0.0009111056789866488,0.0001857380551105534,1.0
2.3771,0.0013477599649092567,0.001309722475651553,0.0001827950112212401,1.0
2.378,0.0013472642607982076,0.0016414705198816901,0.00018043165015327255,1.0
2.379,0.0013479999999997964,0.0013100425993301603,0.00017901801098176077,1.0
2.38,0.001348542271572866,0.0013493185213084222,0.0001785245360850573,1.0
2.3809,0.0013490000000001953,0.0014058918519881186,0.00017899495116891804,1.0
2.3819,0.001349706232457541,0.0011737652998260878,0.00018075061198682588,1.0
2.3829,0.001350000000000023,0.0015287622529819626,0.00018303748124827543,1.0
2.3839,0.0013470515018020688,0.00148869679159864,0.0001843088424840591,1.0
2.3848,0.001343984151992366,0.0012012424791427523,0.00018459161131238332,1.0
2.3858,0.0013415596191475754,0.0013475259516067533,0.00018422535051308014,1.0
2.3868,0.0013384281304431012,0.0015246148768331413,0.00018288831345827396,1.0
2.3877,0.001336067983373274,0.0015035268105173059,0.0001812142174063314,1.0
2.3887,0.0013344487567111352,0.0013799827370511242,0.00018022028942137384,1.0
2.3897,0.0013361752526494105,0.0013354824403376303,0.00018021084834931144,1.0
2.3906,0.0013388381527877275,0.0014411307264560879,0.0001807112161068455,1.0
2.3916,0.0013415031744192318,0.0014154036685484817,0.00018112083052746768,1.0
2.3926,0.0013446691450829452,0.0012474319996065501,0.00018117550518715413,1.0
2.3936,0.001347056918063798,0.0011266154660399634,0.00018124619769300005,1.0
2.3945,0.0013490000000000708,0.0014018591503497787,0.00018160501821285025,1.0
2.3955,0.0013490000000000405,0.0015035336758597937,0.00018170936718935873,1.0
2.3965,0.001349331561077676,0.0013084083878014585,0.00018145024053021314,1.0
2.3974,0.0013500000000000066,0.0014669643831883095,0.0001814497335398485,1.0
2.3984,0.0013499999999999884,0.0013655551034125577,0.00018155870118383694,1.0
2.3994,0.0013499999999999413,0.001243078796321927,0.00018160225355339781,1.0
2.4003,0.0013499999999998886,0.0014884489058906317,0.00018187002036201694,1.0
2.4013,0.001350797213508802,0.001309352668363123,0.00018216711735616264,1.0
2.4023,0.0013509999999999672,0.0013412320667186839,0.00018234231520640777,1.0
2.4032,0.0013510000000000058,0.0016329089983503518,0.00018265431684714076,1.0
2.4042,0.0013510000000000035,0.0012698105262820402,0.0001829260508762471,1.0
2.4052,0.0013509999999999957,0.0011899414154023795,0.00018277348029331603,1.0
2.4062,0.0013509999999999974,0.0014978060969737335,0.000182439563837871,1.0
2.4071,0.0013505984502451163,0.0013504394871886546,0.0001823450660868242,1.0
2.4081,0.0013494602622377643,0.0012943641914193722,0.00018273546841440465,1.0
2.4091,0.0013483211210769013,0.001336528082435369,0.00018365163032075708,1.0
2.41,0.0013472960298055773,0.0015094273932557741,0.00018491354685412853,1.0
2.411,0.00134615716019199,0.0013143727365207626,0.00018627713842820596,1.0
2.412,0.0013459999999999113,0.0011780747908343601,0.00018860146043287278,1.0
2.413,0.0013482394232608322,0.0015743148985857451,0.0001923828074392487,1.0
2.4139,0.0013502890627085549,0.0015453669316761976,0.00019614439169766593,1.0
2.4149,0.0013525673450304778,0.0010640690978441997,0.00019763102662348063,1.0
2.4159,0.001354845084257665,0.0011771249520214004,0.00019653061686190668,1.0
2.4168,0.0013568952668000177,0.0014032926173814665,0.0001940324837866287,1.0
2.4178,0.001356242492675826,0.0010011299047630385,0.00019129451095199645,1.0
2.4188,0.0013521019791101288,0.0012807034685076873,0.00018923147338478205,1.0
2.4197,0.0013487520251611272,0.0012554552655582956,0.00018815490013554266,1.0
2.4207,0.0013444461355710086,0.0011016899912702407,0.0001880978109418526,1.0
2.4217,0.001339918086133374,0.0008600313465836644,0.00018887540133754569,1.0
2.4226,0.0013368974239202588,0.0013539073600905504,0.0001895831618671875,1.0
2.4236,0.0013363311035747207,0.0015736018460959743,0.00018947664387316762,1.0
2.4246,0.0013443031908699566,0.0010587149119662283,0.00018935347563565482,1.0
2.4256,0.0013522771789967849,0.0015614636114134547,0.00019036024973751782,1.0
2.4265,0.0013594528178952365,0.0016264204092026721,0.00019212251550270698,1.0
2.4275,0.001367419871168613,0.0013751822827948882,0.00019315167208062091,1.0
2.4285,0.001376158879794889,0.0014772527775736431,0.0001924804759003802,1.0
2.4294,0.0013787949512456686,0.0017493527834948367,0.00019075466782687126,1.0
2.4304,0.0013733970748450086,0.001986721438231339,0.00018922719640221527,1.0
2.4314,0.0013666351898993963,0.0012953515707853122,0.00018841509306723642,1.0
2.4324,0.0013607304561471256,0.001320758550151348,0.00018831184319096034,1.0
2.4333,0.0013545852962833045,0.0016645473692065487,0.00018855648550496356,1.0
2.4343,0.001347752078601628,0.001545485575679587,0.0001888741873063817,1.0
2.4353,0.001342972410545296,0.001169443746707258,0.0001889407605207116,1.0
2.4362,0.001341999999999945,0.0013539453020473566,0.00018898590597107794,1.0
2.4372,0.0013419999999999797,0.001301192484974688,0.00018943904713235492,1.0
2.4382,0.0013419999999998745,0.0015707042457711324,0.00019045910754015912,1.0
2.4391,0.001342000000000003,0.0014332175010834027,0.00019171588002622658,1.0
2.4401,0.0013419999999999825,0.0013325172228683228,0.0001926502772782291,1.0
2.4411,0.0013412366335440859,0.0011333525643507816,0.00019282530344501156,1.0
2.4421,0.0013435143300686483,0.0015765237949367638,0.00019232489646278734,1.0
2.443,0.0013455628205040957,0.0014218940167289858,0.00019188912133412777,1.0
2.444,0.0013491013993282449,0.0015172831975960284,0.00019252169587722726,1.0
2.445,0.001355914046355014,0.001614787197183972,0.00019481067059614829,1.0
2.4459,0.0013648424075045705,0.0011015471358452637,0.00019815703399981348,1.0
2.4469,0.0013740617725485622,0.0012684613303797917,0.00020054845075066858,1.0
2.4479,0.0013604971295769076,0.001255636101849906,0.00020026849635966783,1.0
2.4488,0.0013500241654033466,0.0015459718442811438,0.00019795063825755603,1.0
2.4498,0.0013459498530845634,0.0014271376180563227,0.00019545373614343896,1.0
2.4508,0.0013436721138575089,0.0013137140052346603,0.00019388340793745432,1.0
2.4518,0.0013413938315354193,0.0013998404090900878,0.00019351220105410103,1.0
2.4527,0.001340327530913978,0.0014426596890139444,0.00019426277513451745,1.0
2.4537,0.0013442613431545064,0.0015677449690774128,0.00019611029715351573,1.0
2.4547,0.0013522334304497115,0.0013404142147898565,0.00019909189506896676,1.0
2.4556,0.0013594090693480555,0.0015912443617143485,0.0002022343888914612,1.0
2.4566,0.0013681498933065296,0.001405570882900326,0.00020485406728947353,1.0
2.4576,0.0013763479147986951,0.0015575731795952916,0.00020582655411835116,1.0
2.4585,0.0013844524687677382,0.0013693351260877663,0.000204503914186132,1.0
2.4595,0.0013855758014582914,0.001217929195645762,0.00020155899971342954,1.0
2.4605,0.001378742583776668,0.0010719532015837586,0.00019831474211942272,1.0
2.4615,0.0013719093660949219,0.0010691203025964956,0.0001959959849502186,1.0
2.4624,0.0013661344734687542,0.0010505228823605762,0.00019485177257774262,1.0
2.4634,0.0013599324344992024,0.001443436636044542,0.00019492296347165336,1.0
2.4644,0.0013530975875333195,0.0010662576238260465,0.0001959934683172088,1.0
2.4653,0.0013482980266040943,0.0013412911467355698,0.00019711228898460604,1.0
2.4663,0.0013453712740749244,0.0015699129265066736,0.00019787378378272012,1.0
2.4673,0.0013430935348475606,0.0012429623888901638,0.00019864872346480087,1.0
2.4682,0.0013410455782981257,0.001261693269823806,0.0001995499192262805,1.0
2.4692,0.0013387678909823173,0.0013118769641839384,0.00020015901619281528,1.0
2.4702,0.0013364896086604044,0.0010840043007332154,0.00019991739863849806,1.0
2.4711,0.0013344394261180404,0.0011957874606582353,0.0001989559042705696,1.0
2.4721,0.0013325813203015659,0.0014719327088566173,0.00019801937913150146,1.0
2.4731,0.0013314431127839051,0.0014159064784777624,0.00019742796029144347,1.0
2.4741,0.0013309999999999596,0.0011236863568241731,0.00019700973522562295,1.0
2.475,0.0013310000000000038,0.0009379475848951819,0.00019680701062233687,1.0
2.476,0.0013335799677854474,0.001064519766444632,0.00019719125271596297,1.0
2.477,0.0013419908710036975,0.001202300941200371,0.00019894460339824302,1.0
2.4779,0.0013418859440275871,0.0015991000892789002,0.0002022089176609117,1.0
2.4789,0.001336353276767674,0.0015794417978176353,0.00020686713270376783,1.0
2.4799,0.0013320983487350093,0.001083061693059889,0.0002111966440381479,1.0
2.4809,0.0013291206168347459,0.0012699611735622358,0.000212919126669252,1.0
2.4818,0.0013270704342923246,0.0013654668679146714,0.0002121419800889733,1.0
2.4828,0.0013253970342817394,0.0015171633883923827,0.00021046071606384249,1.0
2.4838,0.0013272241493868242,0.0012465347813032854,0.00020883309355885075,1.0
2.4847,0.0013310658976006349,0.0010523775953459988,0.0002083528557340564,1.0
2.4857,0.001336526720068704,0.0013303300620343865,0.0002092395936778856,1.0
2.4867,0.0013422221728292827,0.001540591339592639,0.0002094255986776495,1.0
2.4876,0.0013473421874687643,0.0016545075518880205,0.00020739149501452952,1.0
2.4886,0.0013530365355367013,0.001827499495145154,0.00020466325846502697,1.0
2.4896,0.001356653823279049,0.0013376924788221969,0.00020312534261313073,1.0
2.4906,0.001354058728472259,0.0015988738804126662,0.0002030350539965588,1.0
2.4915,0.001349959449576914,0.0016082533855095865,0.00020363529631178712,1.0
2.4925,0.0013454058395576825,0.0011844521766997296,0.00020425200931933066,1.0
2.4935,0.0013408519622871904,0.0011078968776928567,0.0002046685705059253,1.0
2.4944,0.0013367515972025526,0.0017175452978748177,0.0002047692094417285,1.0
2.4954,0.0013321961187480079,0.0013542682908380943,0.0002045207703500622,1.0
2.4964,0.0013298197770521415,0.0010453842964557166,0.0002043605213976224,1.0
2.4973,0.0013277703991088022,0.0011340480316643674,0.00020474219536045375,1.0
2.4983,0.0013257470665934826,0.0013431249753746973,0.00020576350228343625,1.0
2.4993,0.001324216393959505,0.0015413578987399884,0.0002069474468888832,1.0
2.5002,0.0013225831057084721,0.0014857347754428285,0.00020682316266906265,1.0
2.5012,0.0013214442360951258,0.0013367069737264918,0.00020581562644734556,1.0
2.5022,0.0013203053664813992,0.0010468372310104665,0.00020510944958504335,1.0
2.5032,0.0013208328261305464,0.0014247008404623643,0.00020502984857235634,1.0
2.5041,0.0013210000000001072,0.0013971880222592985,0.00020508698434437125,1.0
2.5051,0.001321996596612189,0.0017193695147364994,0.00020490792065333357,1.0
2.5061,0.0013221354662259683,0.001203457088786317,0.00020480503381103336,1.0
2.507,0.0013229999999999928,0.00126751951680741,0.00020507458754663135,1.0
2.508,0.001322999999999867,0.0011245885709137474,0.0002053987325624464,1.0
2.509,0.0013225625706805746,0.0014617153223965148,0.0002055660293103286,1.0
2.51,0.001320847402133688,0.0012539592189460837,0.0002058748452431383,1.0
2.5109,0.0013193986097956908,0.0012426478312586781,0.00020627961496932334,1.0
2.5119,0.0013175194803641305,0.0015546300781902156,0.00020649858558108728,1.0
2.5129,0.0013161215994771864,0.001010935813698078,0.0002067711168774623,1.0
2.5138,0.001315096918249383,0.0014698617229266452,0.00020724569850346356,1.0
2.5148,0.001313957777088455,0.001399141807675182,0.00020762015508698985,1.0
2.5158,0.0013130000000000342,0.0014629868595446326,0.00020790089533874814,1.0
2.5167,0.001313000000000014,0.0015194941405473614,0.0002081371072615264,1.0
2.5177,0.0013129999999999923,0.0011977081227600253,0.00020808219658111364,1.0
2.5187,0.001312999999999968,0.0012227123717080473,0.00020775600195832298,1.0
2.5196,0.0013130000000000383,0.0012302760096474122,0.00020732742174716024,1.0
2.5206,0.0013130000000001075,0.0010564383041643654,0.00020715101845426363,1.0
2.5216,0.0013130000000000728,0.0011257971881194115,0.0002072730613237594,1.0
2.5226,0.0013139237036764785,0.001235805252501617,0.00020809485923363905,1.0
2.5235,0.0013140000000000191,0.0013697217081715233,0.00020957180191840815,1.0
2.5245,0.0013140000000000105,0.0016579974413455322,0.00021123149639325274,1.0
2.5255,0.0013140000000000033,0.0016149779358658012,0.00021227056938836415,1.0
2.5264,0.0013140000000001384,0.001531050512551785,0.00021252027896880368,1.0
2.5274,0.0013143902352499718,0.0012253894220129393,0.00021229139047966136,1.0
2.5284,0.0013155284103706878,0.0009887757136262173,0.00021172042036921073,1.0
2.5294,0.001317335103063306,0.0014377849068026836,0.00021112339942669343,1.0
2.5303,0.0013186923712555608,0.0012193780131406781,0.00021077873197238343,1.0
2.5313,0.0013206630248327423,0.0011960503491010531,0.000210284893664695,1.0
2.5323,0.001322940764060042,0.0012199333222787647,0.000209280389866789,1.0
2.5332,0.0013239943407947331,0.001290464571192969,0.00020831261383077768,1.0
2.5342,0.0013246003881119065,0.0015129222782443586,0.00020795161126732506,1.0
2.5352,0.0013214553097527322,0.0014704820991565714,0.0002082971560909429,1.0
2.5361,0.001320000000000014,0.0016237158701523145,0.00020924455443034658,1.0
2.5371,0.0013213074289263054,0.001340702372511186,0.0002103427538560465,1.0
2.5381,0.001326444220019457,0.001334516121895805,0.00021127583072090152,1.0
2.5391,0.0013361290628349863,0.0015659933587646993,0.00021229273357879484,1.0
2.54,0.0013471179731016523,0.0015138439035860532,0.00021341670716581702,1.0
2.541,0.0013421081954851177,0.001056615085249808,0.00021433186818199917,1.0
2.542,0.0013318720790615657,0.0010947392161285506,0.00021451055396334742,1.0
2.5429,0.0013237202754618732,0.0012638739328761008,0.00021385149788536844,1.0
2.5439,0.0013161058486903306,0.0011666639499102128,0.00021259357196920612,1.0
2.5449,0.001310729200497811,0.0011698026836547593,0.00021180587674973826,1.0
2.5458,0.0013073144177065256,0.0015134562459340087,0.00021197755003687715,1.0
2.5468,0.00130600000000009,0.0013776131503146153,0.00021304618061582576,1.0
2.5478,0.0013072401913240064,0.0015384999867766275,0.00021432475734936693,1.0
2.5488,0.001310275597748228,0.001175269336877516,0.00021523890600945586,1.0
2.5497,0.0013125672477080172,0.0015391430858740444,0.0002161369076330639,1.0
2.5507,0.0013157674804028612,0.0015670741186537916,0.0002171387550587498,1.0
2.5517,0.001320184693528441,0.0012208617926752021,0.00021758651742278553,1.0
2.5526,0.0013232559462005894,0.0017389985206000753,0.00021736891141000761,1.0
2.5536,0.0013260000000000671,0.0013003897415143839,0.00021694074464064284,1.0
2.5546,0.0013263633261747804,0.0009147011644343942,0.00021663721910971496,1.0
2.5555,0.0013285536697839732,0.0008662231517620077,0.0002163811645080874,1.0
2.5565,0.0013341637223575743,0.001423862650888663,0.00021597216682544117,1.0
2.5575,0.0013429885893421936,0.0007748767152626837,0.0002156604222224423,1.0
2.5585,0.0013556499065842341,0.0011418924640601775,0.00021583907838656363,1.0
2.5594,0.001370438752298264,0.0008786424751770134,0.00021657555638094554,1.0
2.5604,0.0013778405988341224,0.0015136591735538563,0.0002177873314003493,1.0
2.5614,0.001379106989380381,0.0013124709883967824,0.000219090532207652,1.0
2.5623,0.0013801319303890975,0.0015780574836213644,0.00021980130051060714,1.0
2.5633,0.0013815396226259892,0.0010586514936583194,0.00021966161012694778,1.0
2.5643,0.0013834089524742232,0.0014713523559401853,0.00021919107759055346,1.0
2.5652,0.001384434043745256,0.0014734527430637664,0.00021823954823419077,1.0
2.5662,0.0013832812599234255,0.001773108900960742,0.0002172757215926831,1.0
2.5672,0.0013713232554127919,0.0012036434134344643,0.00021656388076739155,1.0
2.5681,0.0013566954969248402,0.0012209389011692375,0.00021588179764103294,1.0
2.5691,0.0013416301362336504,0.0012573588096662714,0.00021533288421045197,1.0
2.5701,0.0013309037775373891,0.0011327273545626126,0.00021511719612359707,1.0
2.5711,0.0013232369216015084,0.0013787553581720382,0.000215114375087823,1.0
2.572,0.001318289980874343,0.0015884231591101671,0.0002152848022657074,1.0
2.573,0.0013153154376124188,0.0016181497738395347,0.00021561474244349203,1.0
2.574,0.0013164543072260004,0.001431621724675525,0.00021603140786130638,1.0
2.5749,0.00131795879699426,0.0015082416417407571,0.00021646446507511514,1.0
2.5759,0.0013202370793162991,0.0016299037661729925,0.00021674231570777204,1.0
2.5769,0.001322514818543425,0.0016905155408668908,0.000216745756603462,1.0
2.5779,0.001324790518455713,0.0018155819237746108,0.0002166317077656581,1.0
2.5788,0.0013268404624088507,0.0011225850574191514,0.0002167069013768411,1.0
2.5798,0.0013277635967280043,0.0012137174715623302,0.00021743060687895734,1.0
2.5808,0.0013234052740632562,0.0011373025314815402,0.00021881081372051783,1.0
2.5817,0.0013201066669994107,0.0013414744705555369,0.00021992521877529808,1.0
2.5827,0.001315914627596063,0.0012948352611180153,0.00022026211819181892,1.0
2.5837,0.0013125001994243935,0.0011927902207488305,0.00022049136794734969,1.0
2.5846,0.001309949950407199,0.0013973062855343493,0.00022102949336512566,1.0
2.5856,0.0013076722111798503,0.000973865802085696,0.00022150083859185984,1.0
2.5866,0.0013069999999998224,0.001325127174448754,0.00022124783920019492,1.0
2.5876,0.001309822500860313,0.0015754028252784609,0.00022107223154471003,1.0
2.5885,0.00131193171500717,0.0011019942982638737,0.00022126231724462918,1.0
2.5895,0.001316314181351648,0.00152938365605656,0.00022129263854051687,1.0
2.5905,0.001319975473112729,0.001652441911074303,0.0002207100594307759,1.0
2.5914,0.00132434344001032,0.0010466853835809993,0.00021970334401127806,1.0
2.5924,0.0013296294607743249,0.0010577069943382804,0.00021878750072352242,1.0
2.5934,0.0013319999999998995,0.0014341837828685821,0.00021827868794326605,1.0
2.5943,0.0013325706510957495,0.001228177379072145,0.00021820381823259817,1.0
2.5953,0.0013358380828370805,0.0011588324836113938,0.00021835451380936127,1.0
2.5963,0.0013412419516142617,0.001186577531093739,0.0002185264844081426,1.0
2.5972,0.0013489878527526101,0.0014071194091337979,0.00021871872582629703,1.0
2.5982,0.0013591033542260163,0.0016195742475939249,0.0002189244173144581,1.0
2.5992,0.0013683007068329756,0.001544360008833546,0.00021911858699474998,1.0
2.6002,0.0013647939854579444,0.0008979954782359814,0.00021924487728873312,1.0
2.6011,0.0013472852854805014,0.0015052820636215455,0.0002191221116890687,1.0
2.6021,0.0013315679798321042,0.0011519239520897473,0.00021900639442469182,1.0
2.6031,0.0013202705110102707,0.001340797594337512,0.0002193948641992979,1.0
2.604,0.0013145348904203232,0.0010540599022421091,0.00022011411490913374,1.0
2.605,0.0013114897059829462,0.001273899775906217,0.00022064159714110915,1.0
2.606,0.0013101059833777484,0.0016356243420470372,0.00022094946518709963,1.0
2.607,0.0013110331200609114,0.001295361095049219,0.00022116701190605365,1.0
2.6079,0.001312056838554784,0.0011037837412500933,0.0002215285153118343,1.0
2.6089,0.0013133919594314615,0.0011109479463208634,0.00022186367647530992,1.0
2.6099,0.0013156696986588443,0.001045067955414254,0.00022200829943544488,1.0
2.6108,0.0013173599406004189,0.0011674131262680459,0.000222060024259877,1.0
2.6118,0.0013189976204282979,0.0012480492614305675,0.00022276963926949476,1.0
2.6128,0.0013212739087345193,0.0010114654180920987,0.0002240495663377495,1.0
2.6137,0.0013226616321468413,0.0011849357643612959,0.00022533756180622945,1.0
2.6147,0.0013229999999999275,0.0012141970926976377,0.0002263817460048434,1.0
2.6157,0.0013229999999998905,0.0010816080966598854,0.00022707023003601653,1.0
2.6166,0.0013230000000000594,0.0016647727572786496,0.00022740224828550197,1.0
2.6176,0.001322999999999995,0.0008794115112810191,0.00022729562217302886,1.0
2.6186,0.001322999999999917,0.001160104414506903,0.00022686923034354465,1.0
2.6196,0.0013229999999998334,0.0008732484844158038,0.00022654248559393454,1.0
2.6205,0.0013229999999998837,0.0011387238068347432,0.0002266035039825476,1.0
2.6215,0.0013229999999999247,0.001713782232633027,0.000227360524252856,1.0
2.6225,0.0013243650575188784,0.0011487564246457584,0.00022854806234919565,1.0
2.6234,0.001327121775338341,0.0017852311170404361,0.00022915966263023298,1.0
2.6244,0.0013322306402983538,0.0016072959685064269,0.00022895367424638477,1.0
2.6254,0.0013408821537653096,0.001240374234070645,0.00022833207170348246,1.0
2.6264,0.001353365527177016,0.0015380461472771208,0.00022734309230616233,1.0
2.6273,0.001363894361997184,0.0011955250134103289,0.00022618010078271156,1.0
2.6283,0.0013707217646013565,0.0011649531807094804,0.0002253399969488418,1.0
2.6293,0.0013775566115673207,0.0011137793770701417,0.00022522057048486688,1.0
2.6302,0.0013841564515619956,0.0014199244625548411,0.0002254210394546297,1.0
2.6312,0.0013915403768759117,0.0014708662680172344,0.00022581631743295483,1.0
2.6322,0.0013983735945577542,0.0012161803048352806,0.00022619989851309897,1.0
2.6331,0.001405272161143344,0.0011892226253465382,0.0002267003861558173,1.0
2.6341,0.00140789175435901,0.0011274896987438377,0.00022723743070719404,1.0
2.6351,0.001397663136301976,0.0016049794210993241,0.00022756686402895484,1.0
2.6361,0.0013853023486646917,0.0017273352491326563,0.00022794299241600654,1.0
2.637,0.0013750536527493864,0.001271063605867574,0.00022886530906332436,1.0
2.638,0.0013640067164045807,0.0009621246326484791,0.00023066641337315288,1.0
2.639,0.0013532854332022441,0.0012147897661223999,0.00023276531439742756,1.0
2.6399,0.0013435310684410883,0.0013145955022646901,0.00023356995946769197,1.0
2.6409,0.001336458329741659,0.0016269833978059093,0.00023252755870570017,1.0
2.6419,0.0013373236761764688,0.0011024938031303434,0.000230816484478625,1.0
2.6428,0.001340396220809377,0.0005153354899867275,0.0002294385727839082,1.0
2.6438,0.001343812141974592,0.0015726969223586974,0.0002286839617440938,1.0
2.6448,0.0013472287508153131,0.001654358100927961,0.00022854814706884413,1.0
2.6458,0.0013506461742983976,0.0015785787409831422,0.00022868993750566923,1.0
2.6467,0.0013539608446265963,0.0015600019217476674,0.00022879489856966837,1.0
2.6477,0.0013554843170201106,0.0016038015749586972,0.00022890665013751627,1.0
2.6487,0.001346277921272723,0.001703385184654608,0.00022916087480379118,1.0
2.6496,0.0013345782574976754,0.0011305526889845905,0.000229714568721885,1.0
2.6506,0.0013252326929531274,0.001709461438650504,0.00023091415844465044,1.0
2.6516,0.0013197203460901638,0.0013326730049340468,0.0002322064695906094,1.0
2.6525,0.0013173119131527828,0.0014416363323876919,0.00023315200963300588,1.0
2.6535,0.0013160169930423436,0.0016280773242748855,0.0002337807409863593,1.0
2.6545,0.0013170000000000573,0.0012318709003186674,0.00023453328136861988,1.0
2.6555,0.0013167392538152697,0.0014855781630875346,0.00023520189544512805,1.0
2.6564,0.0013160000000001213,0.0008528267474938227,0.00023533027943398472,1.0
2.6574,0.0013164242238988856,0.0015346314052858316,0.00023518337038092003,1.0
2.6584,0.0013186881278350391,0.0013254508325246477,0.00023537043437277334,1.0
2.6593,0.001322939002747368,0.0014993908515566758,0.00023598817323979658,1.0
2.6603,0.0013308133613047428,0.0016313719545655463,0.0002368550063318391,1.0
2.6613,0.0013416553977670395,0.001018257783387261,0.00023784899294844716,1.0
2.6622,0.0013474531552395673,0.0016366435709000784,0.00023861385250248745,1.0
2.6632,0.0013398014680345155,0.001345065201463449,0.00023899806985665633,1.0
2.6642,0.0013319949827782006,0.0012952721333607047,0.00023943311275736345,1.0
2.6651,0.0013260370292923146,0.0012433367632600618,0.00023994549063906988,1.0
2.6661,0.0013206741449795106,0.0010294328958964198,0.000239532898178032,1.0
2.6671,0.001316590605127124,0.0013710075527497796,0.0002375421333136102,1.0
2.6681,0.0013143916644225428,0.00123049226466107,0.00023514004689492872,1.0
2.669,0.0013146331553014127,0.0013853556766678862,0.00023374988637954664,1.0
2.67,0.0013188614823116682,0.0016755691613737163,0.00023348111478979056,1.0
2.671,0.0013263781625316312,0.0013690239965138441,0.00023417428013971435,1.0
2.6719,0.001335426316124321,0.0011424361916730315,0.00023556881074446147,1.0
2.6729,0.001346813868094634,0.001647657588057915,0.0002378991352586857,1.0
2.6739,0.0013595542914668175,0.0015076920188591178,0.00024066019515133085,1.0
2.6749,0.0013732239853983246,0.0010146836460393268,0.00024278753351347548,1.0
2.6758,0.001385147990598312,0.0013406492397038886,0.00024314896382345106,1.0
2.6768,0.0013899361613279636,0.0013166287279642267,0.00024161781865429945,1.0
2.6778,0.0013860377470674334,0.001615411619555141,0.0002393856576061703,1.0
2.6787,0.0013829636551980502,0.0016464738892362726,0.00023779806255058974,1.0
2.6797,0.001379547046357246,0.001375827715870441,0.0002374555584505474,1.0
2.6807,0.001376129622874358,0.001493018053110343,0.00023811108963333387,1.0
2.6816,0.0013730543490606615,0.0012296072963157404,0.00023904975950317665,1.0
2.6826,0.001369758768231429,0.0010482228160167777,0.00023953773610609666,1.0
2.6836,0.0013667075803925554,0.0011172463398905002,0.00023919648235618083,1.0
2.6846,0.0013610118745878998,0.0014613476737881691,0.00023825953452412236,1.0
2.6855,0.0013558877759688019,0.001200853078095481,0.00023730702311140992,1.0
2.6865,0.0013501920701637956,0.001718539185561388,0.00023690379703098904,1.0
2.6875,0.0013452013651876183,0.0011041249591501197,0.00023703884675210508,1.0
2.6884,0.0013403779605003173,0.001548018803447507,0.00023715893147987873,1.0
2.6894,0.0013355468899459162,0.001235615070524329,0.00023716621724245162,1.0
2.6904,0.0013299914114915685,0.0014736972194279467,0.00023732929623242866,1.0
2.6913,0.0013258910464066282,0.0009949789550074643,0.00023764906685990936,1.0
2.6923,0.0013215014291705707,0.0013747954909465435,0.00023827359733634293,1.0
2.6933,0.0013180876693376622,0.0012788933475298377,0.0002390214266626234,1.0
2.6942,0.0013153415970160968,0.0014315374639783684,0.00024013776396651545,1.0
2.6952,0.001313531928894401,0.0015154210518171479,0.0002415553290345861,1.0
2.6962,0.0013123930592808199,0.0008138021919643218,0.00024300496767696127,1.0
2.6972,0.001311253918119963,0.001627547910934016,0.00024411108002238304,1.0
2.6981,0.0013117702958213965,0.001407809223879828,0.0002446789799423937,1.0
2.6991,0.0013147267114382362,0.0016441613262575473,0.00024484554707173166,1.0
2.7001,0.0013192866405582193,0.0012501487220631157,0.00024469421377807147,1.0
2.701,0.001325510052883142,0.0009492120803384005,0.00024412849067177858,1.0
2.702,0.0013336919474422533,0.0012561895513313267,0.00024327356549809183,1.0
2.703,0.00134349736520014,0.001628461051200881,0.00024244427589103818,1.0
2.704,0.0013563518797367867,0.001503592219904501,0.00024189053592394149,1.0
2.7049,0.0013676232766433366,0.0015381493794742577,0.00024179439398782545,1.0
2.7059,0.001363516628760755,0.0014336627646614922,0.00024202884918014708,1.0
2.7069,0.0013487113237834764,0.0015248944221229433,0.00024209660427889512,1.0
2.7078,0.001337028411274891,0.0016816262023312087,0.00024184704387400334,1.0
2.7088,0.0013254546988797607,0.0011346444635059784,0.00024159110150180453,1.0
2.7098,0.0013174396016462627,0.0009585437850573415,0.00024158399614896626,1.0
2.7107,0.0013115260360125674,0.0012998435019424064,0.00024184094265579148,1.0
2.7117,0.001307485278779114,0.0013631230975011696,0.0002421730420701746,1.0
2.7127,0.0013059999999999368,0.0006514821672992893,0.0002424877645472051,1.0
2.7136,0.0013064201825429365,0.0014939181819323393,0.00024308450859307666,1.0
2.7146,0.0013070000000001184,0.0010389049622539317,0.00024362985133578025,1.0
2.7156,0.0013076981933175206,0.0011496066114579466,0.000243995385804198,1.0
2.7166,0.0013088370629314352,0.0017080863224568316,0.00024413007578448853,1.0
2.7175,0.0013098611733671861,0.0013399965757516018,0.0002441498568123852,1.0
2.7185,0.0013109998848638577,0.0014190522006069734,0.0002440830247573647,1.0
2.7195,0.0013121390260248489,0.0010788724279953278,0.00024389319960835075,1.0
2.7204,0.001313164117296181,0.0014544716215294684,0.00024359762955800416,1.0
2.7214,0.0013146059738193615,0.0013910814068855235,0.00024331749371396975,1.0
2.7224,0.0013173240615272101,0.0014636023374242503,0.00024314189816674816,1.0
2.7234,0.0013213194349282283,0.0013864815663512102,0.00024313256429499343,1.0
2.7243,0.0013260233922795651,0.0009838393839009443,0.00024327765404983303,1.0
2.7253,0.0013324629177016818,0.0016296551430355602,0.00024350791628324615,1.0
2.7263,0.001340178824613756,0.0014131764010256891,0.00024381848827328498,1.0
2.7272,0.0013491700245156625,0.0013409727673621605,0.0002441902468929479,1.0
2.7282,0.0013437269330209849,0.0014591558527279262,0.0002445555185162103,1.0
2.7292,0.001337078096115938,0.0013060837112233296,0.0002449139637001487,1.0
2.7301,0.0013321621118081313,0.0015480620150648493,0.0002453126686605117,1.0
2.7311,0.001327954160373011,0.0010322333280487518,0.000245673065140792,1.0
2.7321,0.0013250261435309731,0.0015301268250141101,0.00024591291423783847,1.0
2.7331,0.001324625213483978,0.0011593506081389409,0.00024616303023182267,1.0
2.734,0.0013256503047553686,0.0012850495332877038,0.00024659774540778377,1.0
2.735,0.0013275783487376371,0.0008314505728541247,0.0002468003795260569,1.0
2.736,0.0013280000000000613,0.0013721634078235159,0.00024697571818695687,1.0
2.7369,0.0013280000000000438,0.0016992524815632273,0.00024722462664904916,1.0
2.7379,0.0013280000000000154,0.0016528710422068081,0.0002475292620552536,1.0
2.7389,0.0013279999999999095,0.0012183351428951474,0.00024785485012401967,1.0
2.7398,0.0013280000000000906,0.001196782803547123,0.0002481693324237499,1.0
2.7408,0.0013280000000000431,0.0013249920204652218,0.00024842912729359465,1.0
2.7418,0.0013285331091219283,0.0010478590455628512,0.00024869513870501677,1.0
2.7428,0.00132698635723647,0.0012708415929673401,0.0002489249964002078,1.0
2.7437,0.0013246081378912183,0.0014263205835478548,0.00024886442858051104,1.0
2.7447,0.0013223303986637594,0.001465233747252329,0.000248644062096879,1.0
2.7457,0.001319078989154668,0.0013211317908703084,0.0002486358280675242,1.0
2.7466,0.001317002476894281,0.0016216790089570363,0.0002489292098175013,1.0
2.7476,0.0013148622541719161,0.0014493539989153684,0.000249398817620006,1.0
2.7486,0.001313448733249519,0.0010360421098637481,0.000249773919101239,1.0
2.7495,0.0013116992753534206,0.0012184631605898705,0.00024987732443376834,1.0
2.7505,0.0013109999999999999,0.0012538495532417218,0.0002499167764869627,1.0
2.7515,0.0013115784638736453,0.0009413250082583252,0.0002501786598152786,1.0
2.7525,0.0013119999999999376,0.000980634502805809,0.00025058734338160216,1.0
2.7534,0.0013134831147075664,0.0016978507021164768,0.000250941841611977,1.0
2.7544,0.0013157608539348204,0.0013460377668015706,0.0002514840794550283,1.0
2.7554,0.001320096482904719,0.0013166375661644815,0.0002520084505719266,1.0
2.7563,0.0013252663271130065,0.0015985296973450944,0.00025255966671648505,1.0
2.7573,0.0013300847550914263,0.0013910326955901635,0.00025304797182184983,1.0
2.7583,0.0013234299226035126,0.0013764185870802949,0.00025340997979970406,1.0
2.7592,0.001316268245271363,0.001067671255540943,0.0002536301703833229,1.0
2.7602,0.0013115443383219356,0.001321449276981767,0.0002537780464040417,1.0
2.7612,0.0013087518196539618,0.000992930359047185,0.0002538495164744297,1.0
2.7621,0.0013073508185556366,0.0016733989639083078,0.00025379252460489465,1.0
2.7631,0.0013070000000000785,0.0013023257038599725,0.00025369860040631403,1.0
2.7641,0.0013060739467335009,0.001289724065477151,0.000253770980344384,1.0
2.7651,0.0013061298457604663,0.00122570574455936,0.00025410056888274337,1.0
2.766,0.0013081800283026614,0.0016700160921127782,0.00025459585413330676,1.0
2.767,0.0013106858701218266,0.0012656818520985938,0.0002551256508452506,1.0
2.768,0.0013144664577058615,0.0012725194428719212,0.0002555957443779368,1.0
2.7689,0.001318958528488275,0.0014231722885811925,0.0002560617016566,1.0
2.7699,0.0013246542342930253,0.0014638477533923948,0.0002565945137450199,1.0
2.7709,0.0013303485823611314,0.0013067402296459462,0.00025709942455578923,1.0
2.7719,0.0013360429304292455,0.001746819802957552,0.0002575132582678734,1.0
2.7728,0.001341163644593182,0.0016644922940078435,0.0002578764151434125,1.0
2.7738,0.0013449142240555302,0.001153669836971856,0.00025822111615121326,1.0
2.7748,0.0013483316475384002,0.0012004156721497883,0.0002589580305753053,1.0
2.7757,0.001351406921351944,0.0015968536103733073,0.00025921288263115413,1.0
2.7767,0.0013548235301925641,0.0016129427655198563,0.000259442161699024,1.0
2.7777,0.001358238728181549,0.001606751522830858,0.00025968737154116294,1.0
2.7786,0.0013617493279877524,0.0008987806100995599,0.00026004054262452936,1.0
2.7796,0.0013657286048316005,0.0015930918024213785,0.00026056633193268153,1.0
2.7806,0.00136556931445703,0.0018909641693915583,0.00026126436500729385,1.0
2.7816,0.0013598747256894647,0.0012406861396655122,0.0002620218172934063,1.0
2.7825,0.0013546084834456492,0.00155978344969027,0.0002626977424729753,1.0
2.7835,0.00134793186272929,0.0017183981495709872,0.000263152602500476,1.0
2.7845,0.0013432204803432346,0.0010408782344861612,0.00026350933240558866,1.0
2.7854,0.0013384570143921176,0.001543189102522732,0.0002637739223637637,1.0
2.7864,0.001335359727272924,0.0011765650107679712,0.00026382168426435684,1.0
2.7874,0.0013330830324278092,0.0014297756504051266,0.0002636252991668052,1.0
2.7883,0.0013329659165920403,0.0010729137474727755,0.000263314660830056,1.0
2.7893,0.0013364873116390097,0.0013381710787823448,0.0002630855534860155,1.0
2.7903,0.0013425641851404452,0.0016693849922879153,0.00026322555207191923,1.0
2.7912,0.0013518578879458145,0.0014615362859799472,0.00026360740611735287,1.0
2.7922,0.0013632492995553707,0.001894783792911932,0.0002638318498938806,1.0
2.7932,0.0013756892667870695,0.0012201673906396928,0.00026392978553418787,1.0
2.7942,0.0013882168325367466,0.001515472406865565,0.0002641867188789816,1.0
2.7951,0.001399492836520011,0.0013273594808590737,0.0002650964975442224,1.0
2.7961,0.0014061725444230848,0.0010980732398525156,0.0002656118170622813,1.0
2.7971,0.0013979594182177847,0.0014184437604668045,0.0002662170968335831,1.0
2.798,0.0013877141540460237,0.0012297503538217255,0.0002668274255921166,1.0
2.799,0.00137699291211905,0.0015453017718363596,0.0002675269281323013,1.0
2.8,0.0013667430855961948,0.0015400676912913378,0.00026836690148248125,1.0
2.801,0.0013555453501638433,0.0013132362208711425,0.0002695503131287612,1.0
2.8019,0.0013462674376328806,0.001232887824506793,0.0002708152196726095,1.0
2.8029,0.0013372419915861494,0.0015226072118871708,0.00027254713282730974,1.0
2.8039,0.0013317414695895539,0.0009752937441883645,0.000273965243434083,1.0
2.8048,0.0013353612390052034,0.0013148816766137212,0.0002751816012489697,1.0
2.8058,0.0013410555870734231,0.0016358931589608306,0.00027689086228628894,1.0
2.8068,0.0013467499351414675,0.0010325584925318042,0.000282296856475561,1.0
2.8077,0.0013524465443476579,0.0011297810761591585,0.00028689664870812804,1.0
2.8087,0.001359278483049591,0.0009141285194095893,0.0003352170900878956,1.0
