Wavelength_um,Model_Depth,Transit_Depth,Error_ppm
2.8705440656200856,0.0011330676499188828,0.0008863551634935339,0.0002760106790098074
2.871219918514831,0.001136188729774552,0.0010382895198511862,0.0002743645414348537
2.871895763808353,0.0011338841879689522,0.0009099702977344127,0.00027382219526997744
2.8725715630920616,0.0011315798030505529,0.0014822164906581514,0.00027328426816575365
2.87324736237577,0.0011292754181320764,0.0005393199058742574,0.00027274949706264113
2.8739231616594787,0.0011269710332140893,0.0012683914949414385,0.0002722178606252113
2.874598972880794,0.001124666607590077,0.001304487904853866,0.000271689319291109
2.87527481269201,0.001122362084478133,0.0009454198372519592,0.00027116381969261895
2.875950652503226,0.0011200575613665726,0.0010207557921571245,0.00027064136361583337
2.876626492314442,0.0011177530382548379,0.0008455212935297916,0.0002701219243104199
2.8773023092070065,0.0011154485932925672,0.0008075069000331133,0.0002696054758857175
2.8779780977695286,0.0011131442449323948,0.0012787364668557326,0.000269092008817446
2.8786538863320503,0.0011108398965717675,0.0012365322509510933,0.000268581456990747
2.879329674894572,0.0011085355482110646,0.0012048632291520092,0.0002680745805742081
2.880005450594114,0.001107486934328598,0.0014457974222703695,0.00026768603891100316
2.880681217715283,0.001108946474547045,0.0010728445925536991,0.00026752699099135124
2.881356984836452,0.0011104060147655104,0.0013408804114457833,0.0002673697432264378
2.8820327519576208,0.0011118655549840154,0.0010101354476237236,0.00026721277209153986
2.882708502945143,0.0011133250603565425,0.0011079030780441646,0.0002670560740419838
2.8833842486263195,0.0011147845542686379,0.0013126174171952014,0.00026689965500033107
2.884059994307496,0.0011162440481803835,0.0004814961606770181,0.0002667435160054791
2.884735739988672,0.0011177035420920777,0.0007603089489516862,0.00026658764303541445
2.885411437168953,0.0011191629312502262,0.0015005331207670757,0.00026643205602214
2.8860871292561,0.0011206223094084762,0.0009220609788089346,0.000266276740430554
2.886762821343247,0.0011220816875663873,0.001148813474603541,0.0002661216929703262
2.887438515745513,0.0011235410707248511,0.0012082851066873722,0.0002659669175660994
2.8881142483571396,0.001125000536408478,0.0016399393687039914,0.0002658112522774101
2.8887899809687663,0.0011247896057699305,0.0010422586050095363,0.0002654817877033406
2.8894657135803925,0.0011209493431438363,0.0005847492594701771,0.00026478214812904725
2.8901414354738035,0.0011171091414308902,0.0012669947095316969,0.00026408557760863253
2.8908171168431647,0.0011132691700206326,0.0012350402651482605,0.00026339452656378684
2.891492798212526,0.001109429198610282,0.000842584675269268,0.0002627088780015459
2.892168479581887,0.001105589227199844,0.0012001277137863532,0.0002620285635918081
2.89284415320765,0.0011017492997974388,0.0012475991798969706,0.00026135351897752613
2.8935198131424595,0.0010979094502020239,0.0007414530901289686,0.00026068369200397913
2.894195473077269,0.0010940696006066196,0.0009620667804450104,0.00026001898897361116
2.8948711330120784,0.001090229751011195,0.000980223726066909,0.00025935935196479224
2.8955467819464173,0.0010863899639326153,0.000995857688870937,0.00025870473835396
2.8962224204480354,0.0010825502361443147,0.0009707031862703603,0.00025805506653761237
2.896898058949653,0.0010787105083560505,0.0015154963375610883,0.0002574107350676581
2.897573697451271,0.0010757967173967034,0.001256190875505678,0.00025684200043646203
2.8982493003188003,0.0010751055242844462,0.0009719117992971467,0.000256443853259313
2.8989248852433875,0.0010744143495292156,0.0009797209039175147,0.0002560486661330887
2.899600470167975,0.0010737231747742616,0.0007739771103558281,0.0002556556184101844
2.9002760550925624,0.0010730320000189853,0.0015456114794225534,0.00025531203612337794
2.900951673109009,0.0010723407914082308,0.0006126774355097143,0.00025503815483743874
2.901627298555048,0.0010716495751964998,0.0011509028283678256,0.0002547656073083893
2.9023029240010874,0.001070958358984896,0.000825966891831205,0.0002544939308020365
2.9029785494471265,0.001070267142773181,0.000774883454290327,0.0002542231128314257
2.9036541252928463,0.0010695759773064616,0.0013309063104220966,0.0002539531918420681
2.904329699503047,0.0010688848135128103,0.001616490490956827,0.0002536841204206861
2.905005273713248,0.0010681936497193923,0.0010212203728595332,0.00025341590983613736
2.905680845361378,0.0010675024885469938,0.0016162563694259954,0.00025314829909797666
2.906356398143825,0.0010675239774489535,0.0012055340219890025,0.0002528438750535729
2.9070319509262723,0.0010694435977674503,0.0011054883082080086,0.0002524421602805516
2.90770750370872,0.0010713632180856863,0.0011509184982422167,0.0002520417075267872
2.9083830506860058,0.0010732828219085278,0.001601351393175318,0.0002516431516969344
2.909058582042059,0.0010752023813424161,0.0009379949940369616,0.0002512464820066712
2.909734113398112,0.0010771219407766628,0.0007498199135442165,0.0002508516879489487
2.910409644754165,0.001079041500210792,0.0011270784975812083,0.0002504587393838463
2.9110851670649933,0.001080961033942401,0.0014282883947793097,0.00025006764128579517
2.9117606769960114,0.0010828805324960234,0.0007347197622898415,0.0002496783676263884
2.9124361869270294,0.0010848000310498041,0.0008478874502019877,0.0002492909062784329
2.9131116968580475,0.0010867195296035265,0.0013315561914424873,0.00024890523712644755
2.91378718222532,0.0010886389583578356,0.0011168988844795194,0.0002485213659592002
2.9144626493103445,0.0010905583351624322,0.0010058389996450803,0.00024813973799319913
2.915138116395369,0.0010926879052321947,0.0008431693559130559,0.00024783006034388
2.9158135834803938,0.0010954518078306358,0.0009433850413808277,0.0002477292682435194
2.916489079907918,0.001098215830493826,0.0013325657907477975,0.0002476299762008976
2.917164587511064,0.0011009798988858652,0.001257823894019378,0.00024753080413442646
2.91784009511421,0.0011037439672779911,0.0012474561897114584,0.0002474317439411063
2.9185156027173558,0.0011065080356701098,0.0014905639864517103,0.0002473328042591949
2.9191910654984543,0.001109271920657396,0.0011909454096191581,0.0002472339883977925
2.91986652187283,0.0011120357794296048,0.0010122042971045316,0.00024713529819124285
2.9205419782472055,0.0011147996382018083,0.000893739940151697,0.00024703671540900196
2.9212174340698627,0.0011175634947164746,0.0015829891073338802,0.0002469382522748306
2.921892869023959,0.0011203272658401359,0.001306803204127747,0.000246839912052883
2.9225683039780557,0.0011230910369641341,0.0016193815486782973,0.00024674168909276525
2.9232437389321517,0.0011258548080878626,0.0011095105790140348,0.00024664348150427943
2.9239191701068235,0.001128257764192768,0.001365153672749181,0.00024653074373958485
2.924594583641999,0.0011294094298771877,0.0014853396937666448,0.00024636851903687057
2.9252699971771747,0.0011305610955619618,0.001061183996575213,0.0002462062795764458
2.9259454107123504,0.001131712761246393,0.0007847132636631326,0.00024604436464046437
2.9266208067380903,0.00113286439707529,0.0010119167714703779,0.0002458827651188156
2.927296166731907,0.0011340159714651034,0.0012644266643511112,0.0002457214985919294
2.927971526725724,0.0011351675458548998,0.0013287777138081454,0.0002455605434953531
2.9286468867195405,0.0011363191202448167,0.0010292210801955415,0.0002453999029709871
2.9293222660510057,0.0011374707276076454,0.0009485809773978781,0.00024523957323021835
2.9299976665599154,0.001138622371080799,0.0012757334751293571,0.0002450795550063302
2.9306730670688252,0.0011397740145540846,0.0013017184354931113,0.00024491984369686077
2.931348467577735,0.0011409256580272697,0.001577335902931163,0.0002447604482487317
2.932023835947624,0.0011420772466993257,0.001085005264702369,0.0002446014417707087
2.932699185234188,0.0011420696409086542,0.0018195198801873058,0.00024445429738696864
2.9333745345207514,0.0011373871782490216,0.0010100083129191448,0.0002443528248615785
2.934049883807315,0.0011327047155891667,0.0014728245364557906,0.00024425177467722776
2.9347252164417026,0.0011280223683856657,0.000884547946694146,0.0002441508566539506
2.9354005443147786,0.0011233400541940761,0.0011758385968777495,0.0002440500648562515
2.936075872187854,0.0011186577400023648,0.0008442576737468063,0.00024394939462118927
2.93675120006093,0.0011139754258109,0.001106487271306569,0.0002438488569469576
2.9374265080692368,0.0011092932493495871,0.001401745967234216,0.00024374844513193564
2.9381018145301825,0.0011046110836166836,0.0010400191276973114,0.00024364815914717242
2.938777120991128,0.0010999289178837566,0.001485630807004963,0.00024354799973205603
2.93945242329335,0.0010952467809849555,0.0009533253411626621,0.0002434479635789842
2.9401276762299107,0.0010905649863576679,0.001678036941454855,0.00024334805758266585
2.9408029291664715,0.0010858831917304906,0.0010068237520490199,0.00024324808022936105
2.9414781821030322,0.0010819476266439657,0.0010039570575892985,0.0002431171302715848
2.942153444250252,0.001081640584630927,0.00116651598173971,0.00024284010510800574
2.942828737698878,0.0010813335283852653,0.0009854884642640433,0.00024256304539818372
2.9435040311475036,0.0010810264721393976,0.0013010337293524862,0.00024228693538907076
2.944179324596129,0.0010807194158935847,0.0008038636108449624,0.0002420117632661017
2.944854598741878,0.0010804123684248356,0.0007699748291990474,0.00024173753624870362
2.9455298409745803,0.0010801053354668457,0.0009593468739120927,0.0002414642530615893
2.946205083207282,0.0010797983025088954,0.0010017599191045683,0.00024119189474650185
2.946880325439984,0.0010794912695510249,0.0007483528607358654,0.00024092044838191018
2.9475555564022886,0.0010791842417176545,0.000911612322121983,0.000240649930631556
2.9482307772282907,0.0010788772184934818,0.0006575443673685651,0.00024038031924638535
2.948905998054293,0.0010785701952692034,0.0010773422002533228,0.00024011161895104617
2.949581218880295,0.0010782631720450203,0.0008340315431017555,0.0002398438992941086
2.9502564180027684,0.0010777150638700277,0.0006525218484318379,0.0002395901214665373
2.950931606721266,0.001075719734626784,0.0007580668551864277,0.00023941229682753192
2.9516067954397633,0.0010737244053837152,0.0011868364897979827,0.0002392353628111661
2.952281984158261,0.0010717290761406348,0.0010859436524294213,0.0002390588312677791
2.952957137551448,0.0010697338512915652,0.0011758512211272486,0.000238882693236328
2.953632283464689,0.001067738648547189,0.0011558214022977728,0.00023870695248773882
2.9543074293779292,0.0010657434458029187,0.0009798443552231145,0.00023853159438424817
2.9549825752911696,0.0010637482430586878,0.0011529251267905303,0.0002383566293002031
2.9556577606725347,0.0010617529236774162,0.001155124733619007,0.0002381820326427898
2.956332947094812,0.0010597576012202805,0.0013754893242691937,0.00023800782703431087
2.957008133517089,0.0010577622787628818,0.0009242861220071545,0.00023783399701539842
2.9576833123102437,0.0010557669788513768,0.0013798557332211905,0.00023766055630733635
2.9583584368228912,0.001053771839350323,0.001242304198163464,0.00023748755581718214
2.9590335613355387,0.0010519570576634487,0.0013228344553465196,0.0002373230432160999
2.959708685848186,0.0010515733769900454,0.0012443994406006052,0.00023721989340121292
2.960383804536908,0.0010511896996266879,0.0008189714424870612,0.00023711728654560513
2.961058907650319,0.0010508060311148263,0.0007361874168420953,0.00023701481662099076
2.9617340107637298,0.0010504223626031203,0.000943090371275998,0.00023691247304118794
2.9624091138771407,0.0010500386940912672,0.0011635344502907144,0.00023681026848670767
2.963084207982911,0.0010496550306984943,0.0006939579565548208,0.00023670819403963502
2.963759289698442,0.0010492713743474819,0.0011106726099737625,0.00023660625518201556
2.964434371413973,0.0010488877179961721,0.001230845287210431,0.00023650444842166936
2.9651094531295037,0.0010485040616449563,0.0009146598961292739,0.0002364027769191809
2.9657845226566955,0.0010481204122205598,0.001160339971752113,0.0002363012322798054
2.966459582975703,0.001047736768029342,0.0007859092450441709,0.00023619982034748429
2.96713464329471,0.0010473531238380058,0.0011010423987173985,0.00023609849832013886
2.9678097036137174,0.0010469877904709499,0.0006446139538723653,0.00023598963098766414
2.9684847255194913,0.0010468343240834029,0.0012582866108489313,0.00023579873449460138
2.969159732353123,0.0010466808611223372,0.001002886219829795,0.00023560775549917332
2.969834739186755,0.001046527398161415,0.0005316616811661783,0.00023541723378585157
2.9705097460203866,0.001046373935200588,0.0013160049228907564,0.00023522717951545948
2.9711847879498676,0.0010462204642605977,0.0008190020412818131,0.0002350375753210313
2.971859835288599,0.0010460669920907032,0.0009461328021809535,0.00023484842700838269
2.9725348826273303,0.0010459135199210661,0.0010946085467917947,0.0002346597291585739
2.97320992921917,0.0010457600479209551,0.0009665292777087016,0.00023447149122051195
2.9738849253567436,0.0010456065873918384,0.0012127301581142543,0.00023428371828170785
2.9745599214943175,0.0010454531268626708,0.0008553194486804907,0.00023409639515504144
2.975234917631891,0.001045299666333572,0.0011610542669623436,0.00023390952141364108
2.975909910287405,0.0010451462065960908,0.0008244674859191911,0.00023372314615662334
2.97658488503388,0.0010450217447377486,0.0008665533356912896,0.0002335451554991925
2.977259859780354,0.0010454820594091203,0.0006698411048341511,0.00023350859668749767
2.9779348345268284,0.0010459423740805098,0.0008825537484844776,0.00023347299193739713
2.9786098026242573,0.0010464026842174504,0.001106712418518885,0.00023343740925368538
2.9792847559809883,0.001046862984301606,0.0010462160757689157,0.00023340184239680763
2.979959709337719,0.0010473232843858297,0.0009825356016042728,0.00023336629177829756
2.9806346626944498,0.0010477835844699824,0.0005812666584854396,0.00023333075904648202
2.981309591519798,0.001048243867824311,0.0011172304450773327,0.00023329523682637783
2.9819844914081006,0.0010487041314444486,0.0010282324401004361,0.00023325973539234778
2.9826593912964032,0.0010491643950646652,0.0011235007621616625,0.00023322425799674506
2.9833342911847063,0.00104962465868483,0.0009636522790977246,0.00023318879027844577
2.9840092156352997,0.0010500849390557379,0.0012990360965273893,0.00023315333246533553
2.984684156025674,0.0010505452302971507,0.0014835982594121147,0.00023311790103360867
2.9853590964160475,0.0010509981592779383,0.0013030783811090116,0.00023308296132142526
2.986034036806421,0.0010508447114228995,0.0008658533702514287,0.0002330737055631197
2.9867089385976358,0.001050691272343419,0.0009239657411970976,0.00023306461888904822
2.9873838277932694,0.001050537836127499,0.001223615729621954,0.00023305553874096346
2.9880587169889026,0.0010503843999116287,0.0010773198385392463,0.00023304645286758804
2.988733606184536,0.0010502309636957995,0.0009670343402570971,0.0002330373747390965
2.9894084761011284,0.0010500775318628569,0.001255021827762121,0.0002330282926905479
2.99008334391244,0.0010499241005087335,0.0009308472711645671,0.00023301921310322663
2.990758211723752,0.0010497706691545686,0.0011864833754091093,0.00023301013832192793
2.991433078487058,0.0010496172380386653,0.001107101168249884,0.0002330010594494152
2.9921079249154032,0.0010494638115458566,0.000935368321496,0.00023299198705897047
2.9927827713437485,0.0010493103850530362,0.0009337333247503149,0.0002329829102519229
2.9934576177720933,0.001049156958560344,0.0008488979012935569,0.00023297383288467007
2.9941324537052334,0.0010490035344536358,0.0012803565639192245,0.00023296413817453708
2.9948072466820896,0.0010523719141501398,0.0011416414277498786,0.0002328600700425573
2.995482039658946,0.0010558233444706256,0.0011239493294875162,0.00023275328836080833
2.996156832635802,0.0010592747747909365,0.0014881468608085918,0.00023264664365344934
2.996831639519373,0.0010627262762413034,0.0011441003927711469,0.00023254014017564994
2.9975064729952714,0.0010661779137062142,0.0013092297689220392,0.0002324337742433202
2.99818130647117,0.0010696295511710226,0.0012842635823986715,0.00023232755534603253
2.9988561399470686,0.001073081188635832,0.001029575190252199,0.00023222148366290298
2.9995309483255665,0.0010765326977325179,0.0013624777340096724,0.00023211580684095177
3.0002057306131413,0.0010799840733793466,0.0007961711537676233,0.00023204825038316006
3.0008805129007157,0.0010834354490262047,0.0006322185825436621,0.00023206626578130862
3.00155529518829,0.001086886824673024,0.001457210406172158,0.00023208485793787008
3.002230057041346,0.0010903380958014442,0.0008970951959123718,0.00023210345639930962
3.0029048072631066,0.0010937893074381443,0.0008931989966792463,0.00023212271368985274
3.003579557484868,0.0010930637436282168,0.0015135251939153817,0.0002322412458935383
3.004254307706629,0.0010920666135971566,0.0008224897311977381,0.0002323670792924164
3.004929041168754,0.0010910695083330814,0.0010118796181366534,0.00023249316090406827
3.005603770014999,0.0010900724098902611,0.0010725411691617662,0.00023261944635756898
3.0062784988612443,0.001089075311447569,0.001125820939427006,0.00023274593758275888
3.0069532277074895,0.001088078213004784,0.0008525375745821679,0.00023287262855444248
3.0076279068224263,0.0010870811880537429,0.0011520742731176011,0.0002329995247561627
3.0083025822358067,0.0010860841685728523,0.0013608101493232186,0.0002331266252771652
3.0089772576491867,0.0010850871490918014,0.0005903593850041017,0.000233253935085924
3.009651936184276,0.0010840901249976405,0.0008728524604192653,0.00023338144931907384
3.0103266520933674,0.0010830930456730999,0.0009394021825138032,0.00023350918333595188
3.011001368002458,0.00108209596634851,0.0008459001736685768,0.00023363712906551305
3.011676083911549,0.0010810988870240386,0.0005889268487037941,0.00023376506459185537
3.012350788390448,0.0010793420184848572,0.000735670816623538,0.0002338608423765194
3.0130254531182707,0.0010775016054968872,0.0009229268053543415,0.00023395295125647447
3.013700117846094,0.001075661192508969,0.0014460273702875596,0.00023404514573594076
3.0143747825739164,0.0010738207795210125,0.0011289523546991675,0.00023413744388172867
3.0150494394027327,0.0010719803880807495,0.0009707784320426724,0.00023422985553645168
3.015724082760456,0.001070140033388098,0.0012310848637014558,0.0002343223747581629
3.016398726118179,0.001068299678695563,0.0013046167358623283,0.00023441499953365678
3.017073369475902,0.0010664593240029257,0.0011070811755761578,0.0002345077357351275
3.0177480018114533,0.0010646189993777483,0.0009331417424699686,0.0002346005786960174
3.0184226238004306,0.0010627787029768064,0.0011851087232336078,0.00023469352864535293
3.019097245789408,0.0010609384065759242,0.0010013687743876641,0.00023478659576433157
3.019771867778385,0.0010590981101749415,0.0011013744034864396,0.00023487976591027657
3.020446475625029,0.0010572578523527353,0.0007523239274258428,0.00023497251691436538
3.021121076246614,0.001058120856580256,0.001524898298213407,0.00023498590957704443
3.0217956768681993,0.0010594243585768056,0.0009153717087611827,0.00023498583431452909
3.0224702774897843,0.0010607278605735378,0.0010422432231338978,0.00023498568383394837
3.0231448349646888,0.001062031279199739,0.000874304723998904,0.00023498552792288951
3.023819382173715,0.0010633346779897683,0.0011771571828427326,0.00023498537187380147
3.024493929382741,0.0010646380767795492,0.0010936378410545445,0.00023498522189939139
3.0251684765917672,0.0010659414755695494,0.0011412283664052928,0.0002349850662219802
3.0258430624071604,0.0010672449489567905,0.00076346437082047,0.00023498490726581853
3.0265176501082625,0.0010685484259878018,0.0011738225868421787,0.00023498475666363337
3.0271922378093645,0.0010698519030187955,0.0009202489765150188,0.00023498460086767087
3.027866819390684,0.0010711553682248493,0.0008985421240535941,0.00023498444467582946
3.0285413452370546,0.0010724587257365267,0.0014818572375998743,0.00023498429451802408
3.029215871083425,0.001073762083248272,0.0011700334896421012,0.0002349843330623426
3.029890396929796,0.0010745641209922226,0.0013919805931397835,0.00023501364589147605
3.0305649175544858,0.001075254206887618,0.000981234193526734,0.00023504970392204894
3.031239422039554,0.001075944276270976,0.0010396064677203386,0.00023508581617332847
3.0319139265246227,0.0010766343456544362,0.0009860874250400206,0.00023512194477840197
3.0325884310096907,0.0010773244150377608,0.0012334441577753928,0.00023515809293011498
3.0332629271679767,0.0010780144759021195,0.0010737541268213981,0.0002351942553886849
3.033937410293096,0.00107870452343271,0.0010257923665657421,0.00023523042853534597
3.0346118934182145,0.0010793945709632567,0.0011973069432821212,0.00023526662413889875
3.035286376543333,0.0010800846184937766,0.0009603300349545464,0.00023530283650079157
3.0359608310976016,0.0010807746367941158,0.0013385653690652106,0.00023533906557684467
3.0366352608287652,0.0010814646296986548,0.0010067017702095817,0.00023537530628093355
3.0373096905599284,0.0010821546226029962,0.0011271038776171454,0.00023541156756738948
3.0379841202910915,0.001082844615507382,0.0012974772965375898,0.00023544804496520728
3.038658577556775,0.0010853758925064019,0.0014230959750616747,0.00023551437582215078
3.0393330477766827,0.0010884423631583855,0.001035656926158998,0.00023558963474136938
3.0400075179965897,0.0010915088338103284,0.0009264455467124522,0.0002356650235293852
3.040681988216497,0.001094575304462302,0.0009462836860878746,0.00023574048465702238
3.041356416229646,0.0010976415832217514,0.0007628316476833266,0.00023581601754557634
3.0420308352830325,0.0011007078212458485,0.0013753850854754076,0.00023589161896372515
3.042705254336419,0.0011037740592698328,0.0007526535934915151,0.00023596729269421333
3.0433796733898055,0.0011068402972938761,0.0007017026054138143,0.00023604304730315232
3.0440540717338247,0.0011099064411630687,0.0010165311964591389,0.00023611886849412696
3.0447284694326724,0.0011129725820989132,0.0009605204791060308,0.00023619476331424025
3.0454028671315196,0.0011160387230348997,0.001094773383216529,0.00023627073376492104
3.0460772623840824,0.0011191048528486664,0.0012849751759230733,0.00023634677552038222
3.046751638729743,0.001122170896702552,0.0009017336838073717,0.0002364228702424686
3.047426015075404,0.0011221610519346935,0.001449606387676616,0.00023649655871456183
3.0481003914210643,0.0011210111547894992,0.0012037733909603136,0.00023656937186159548
3.0487747539305228,0.0011198612812369395,0.0013878565099599087,0.00023664224737846912
3.0494490768991316,0.0011187114751066247,0.0011612512292693005,0.00023671518240987328
3.050123399867741,0.0011175616689762353,0.000809481038603058,0.00023678818584012807
3.0507977228363496,0.001116411862845873,0.0011368314364672751,0.00023686125532732511
3.0514720578356247,0.001115262036201604,0.0008965073557856715,0.00023693439901700217
3.0521464106152494,0.001114112179239679,0.0010278700298333198,0.00023700760493256638
3.052820763394874,0.0011129623222775637,0.0014164351904014127,0.00023708088393728995
3.0534951161744983,0.0011118124653157972,0.001540613416662501,0.00023715423127089268
3.054169440932572,0.0011106626561339344,0.0006892184369305449,0.00023722764021927238
3.0548437425527264,0.0011095128864054297,0.0015653309544821188,0.00023730111546702912
3.0555180441728806,0.0011083631166769387,0.0009413719438949872,0.0002373752323538882
3.056192345793035,0.0011071609987851057,0.0010903893187343408,0.00023753583701536008
3.0568666326419422,0.001105934744001839,0.0007808593168683498,0.00023773722430442003
3.0575409129149933,0.001104708501177586,0.0009668444247536768,0.00023793939253705535
3.0582151931880444,0.0011034822583531824,0.0010605783386362464,0.000238142076838756
3.0588894734610954,0.0011022560155288955,0.000942204109689683,0.00023834527292255952
3.0595637358878265,0.0011010298051596494,0.0012203447320813202,0.0002385489871715732
3.060237994815126,0.0010998036011545154,0.0011010793617513036,0.00023875322028493355
3.0609122537424254,0.001098577397149452,0.0010695458335956516,0.00023895798161984087
3.061586512669725,0.0010973511931444489,0.0012962471564723068,0.0002391632680667695
3.0622607193035125,0.0010961250842399784,0.0009993109420324056,0.00023936907199493613
3.0629349248723456,0.0010948989772724203,0.0010842432716259,0.0002395754008752433
3.0636091304411783,0.0010936728703047622,0.0010081992363915957,0.000239782268201375
3.064283341018421,0.0010924467542288362,0.0009301407441911847,0.00023998951023243377
3.0649575870696366,0.0010939972800472816,0.0014259689542875044,0.00024017288344665739
3.065631833120852,0.0010971393678058067,0.0009341317544526707,0.0002403425447724006
3.0663060791720675,0.0011002814555643435,0.0010889840112376864,0.00024051247776481438
3.0669803086995597,0.001103423466319778,0.001153180635516824,0.00024068277176549522
3.0676544929273706,0.0011065652659721689,0.0013693579783180913,0.00024085341409531275
3.0683286771551814,0.0011097070656243058,0.001444797140062685,0.00024102442576380773
3.0690028613829923,0.00111284886527657,0.001415672523854225,0.00024119579975433352
3.0696770368438764,0.0011159906240736106,0.0016232456754039595,0.00024136753966035425
3.070351199732016,0.0011191323242797614,0.0013962414654882425,0.0002415396468025877
3.071025362620156,0.0011222740244858404,0.0010015045287205448,0.000241712128052086
3.0716995255082957,0.001125415724692077,0.0010304298938482255,0.00024188497780938393
3.0723736765694527,0.0011285573697825955,0.0011887444807468146,0.0002420581939523844
3.073047818119272,0.0011316989705491415,0.0014460828739282332,0.00024223187131240537
3.0737219596690917,0.0011326408233087448,0.0006550940257679964,0.00024241939651745996
3.074396101218911,0.0011320277583550147,0.0007769009532813495,0.00024261694821956764
3.075070227884684,0.0011314147069366972,0.0011940020514581023,0.0002428150395470294
3.075744348097534,0.0011308016613868989,0.0012641718974753817,0.00024301360860947384
3.0764184683103846,0.001130188615836926,0.0012457054094333203,0.0002432126713867308
3.0770925885232345,0.0011295755702869978,0.001362288663449108,0.00024341222353196971
3.077766663892915,0.0011289625655174734,0.0009674141478816115,0.0002436122573040579
3.07844073076925,0.0011283495684717825,0.0010557898530843442,0.0002438127757484666
3.0791147976455853,0.0011277365714261738,0.0011411124685192207,0.00024401378813901508
3.0797888645219205,0.0011271235743804025,0.0010470660716179433,0.00024421529992561103
3.080462971214577,0.0011265105411258456,0.0011329958360207762,0.0002444173264340451
3.0811370785693564,0.0011258975072689042,0.0011956741314000758,0.00024461985120006926
3.0818111859241357,0.0011252844734122584,0.0008887839764035308,0.00024482288861794817
3.082485285465809,0.0011247536130034794,0.0012327481099445466,0.00024502700579124166
3.0831593310099015,0.0011242939320233202,0.0011342660220452368,0.0002452321338462035
3.0838333765539936,0.0011238342510429637,0.0009898257975215067,0.00024543778006406243
3.0845074220980857,0.001123374570062676,0.0011167403137988332,0.00024564394526567723
3.0851814619006475,0.00112291489299802,0.0010309202682222854,0.00024585062039184124
3.085855486113847,0.00112245522656476,0.0013470972990813224,0.0002460578239205774
3.086529510327047,0.0011219955601315154,0.0008013735023482941,0.000246265545441949
3.0872035345402464,0.001121535893698499,0.0015382998048978733,0.0002464737922464344
3.0878775499698508,0.0011210762332555103,0.0010693099143098338,0.0002466825687569481
3.0885515528535077,0.0011206165813683233,0.0007753669750277565,0.0002468918727584142
3.0892255557371646,0.0011201569294813536,0.0008225652147566625,0.00024710170351724924
3.0898995586208216,0.0011196972775943856,0.0013452466001344107,0.0002473120779968983
3.090573531949203,0.0011192376458631604,0.001317090674982493,0.0002475220851090006
3.0912474815149085,0.001119000000000064,0.001126432718482121,0.00024759767054102256
3.0919214310806145,0.0011190000000000325,0.0008868284210693422,0.00024752909958566016
3.0925953806463204,0.0011189999999999746,0.001190739747682202,0.00024745962696876597
3.093269358404285,0.001118999999999912,0.0014561272173380007,0.0002473902121657978
3.093943348445103,0.0011189999999999252,0.0009310360097045606,0.0002473208541716184
3.0946173384859206,0.0011190000000000447,0.0010003995881251381,0.00024725155608202047
3.0952913285267383,0.0011189999999998953,0.001014600235309018,0.0002471823077352182
3.09596526674071,0.0011190000000000189,0.001345976732676521,0.0002471131330450409
3.0966391949815972,0.001119000000000051,0.0010983218306244524,0.00024704401345315675
3.0973131232224844,0.0011189999999999059,0.001148665473766684,0.0002469749485765869
3.0979870514633716,0.001119000000000032,0.0009599565960577855,0.00024690594286380023
3.098660958792058,0.0011189999999999404,0.0010300648749997279,0.0002468370035706081
3.099334865709476,0.0011190000000000232,0.001245829388642285,0.00024676624529023283
3.100008772626894,0.0011190988085793693,0.001172581510741495,0.0002464191963939465
3.1006826769285003,0.0011193286009076025,0.0011994989743068908,0.00024651265129983205
3.1013565625237987,0.0011195583868573087,0.000890880568553612,0.0002466091622179802
3.102030448119097,0.0011197881728070552,0.0007168459245877217,0.0002467057919266056
3.1027043337143954,0.0011200179587568487,0.0007043259896370183,0.00024680253035637856
3.103378205210598,0.0011202477398991348,0.0010998817245733016,0.00024689938731635864
3.1040520375064995,0.001120477507674501,0.0013238687378570614,0.000246996345571465
3.104725869802401,0.0011207072754496868,0.0010045389652705143,0.00024709342070631857
3.1053997020983024,0.0011209370432251568,0.0013061928920806072,0.0002471906141760673
3.1060735508284534,0.0011211668166043092,0.001360807769057177,0.0002472879228745676
3.106747423596134,0.0011213965981800476,0.001074455587883128,0.0002473853528241269
3.1074212963638144,0.0011216263797556726,0.0012347184736516573,0.0002474828919385474
3.108095169131495,0.0011218561613315194,0.0008929521769431482,0.00024758131129694024
3.108769008070506,0.0011235181209066315,0.0014822600487185466,0.0002477954568293621
3.1094428190490095,0.0011275772231868857,0.0012617018214501749,0.000248203146211056
3.110116630027513,0.0011316363254669634,0.0014967939200113446,0.00024861415075456554
3.1107904410060163,0.0011356954277470263,0.0009755810543353603,0.0002490272044978078
3.111464237299812,0.0011397544415651557,0.0013166716352161017,0.00024944232951481436
3.1121380269622656,0.0011438134154352895,0.0007197282533881863,0.0002498595293924275
3.1128118166247196,0.0011478723893055005,0.0009209424190024269,0.00025027884140048
3.1134856062871736,0.0011519313631757552,0.001280194721602337,0.0002507002767757973
3.114159378254159,0.0011559902304467534,0.0011411667569614055,0.0002511238410310908
3.114833146601912,0.0011600490759151874,0.0015628660697239547,0.000251549558670899
3.1155069149496653,0.0011641079213835577,0.0015253855154474592,0.0002519774580522144
3.1161806832974186,0.001168166766851905,0.0010924966221049974,0.0002524075573226264
3.1168543998895095,0.0011722253005393539,0.0009060393152403193,0.00025283761523299325
3.1175281149564102,0.0011747335154574385,0.0012097077281552984,0.0002529327855063824
3.118201830023311,0.0011738910844316477,0.0013188546067845904,0.00025231131197553993
3.118875549632538,0.0011730486477256163,0.0010330986651393287,0.00025168967907106385
3.1195493051678853,0.001172206166096835,0.001551172483588215,0.0002510725835811643
3.1202230607032324,0.0011713636844680778,0.0009931760953248228,0.00025046000557000294
3.1208968162385795,0.0011705212028391432,0.0010380292147647062,0.00024985189036825725
3.1215705561445577,0.0011696787407536023,0.0013657788848949388,0.0002492481970137288
3.1222442499014766,0.0011688363363742357,0.001368589992562715,0.0002486489047227767
3.122917943658396,0.0011679939319946815,0.0011657103141603366,0.0002480539075423204
3.123591637415315,0.0011671515276154177,0.0010131615986509865,0.00024746317000203335
3.12426532278222,0.0011663091337270298,0.0012170960481795343,0.0002468766359824206
3.124938995230506,0.0011654667559924223,0.0011494826658255079,0.0002462942662934889
3.125612667678791,0.0011646243782577402,0.0013681039674078548,0.00024571669099843316
3.126286340127077,0.0011633658917860677,0.0011185735570740049,0.00024524780829288936
3.1269600011895418,0.0011609156583240402,0.0014251191851815915,0.00024507543078907583
3.127633652330542,0.0011584654609483958,0.0009313066002904631,0.00024490537590244314
3.128307303471542,0.001156015263572638,0.0010563364320507604,0.00024473568080359654
3.128980954612542,0.001153565066196869,0.001216558968480393,0.0002445663342278389
3.129654591374895,0.0011511149211187834,0.0010809323432050338,0.00024439734798049797
3.1303282212099575,0.0011486648012369353,0.0014287448466850329,0.00024422871322821627
3.1310018510450197,0.0011462146813546955,0.0015332416483390485,0.00024406042845622058
3.131675480880082,0.0011437645614728314,0.0008640534588936849,0.00024389249427378586
3.1323490672959684,0.0011413145995145158,0.0006272244282676003,0.00024372490969318535
3.1330226438720823,0.00113886467334547,0.0012544059645180135,0.0002435576795113512
3.1336962204481957,0.0011364147471764547,0.001171394766498794,0.00024339079498870468
3.134369797024309,0.0011339648210073451,0.0012516097716794338,0.00024322433074880622
3.135043402081852,0.0011321819739662934,0.0013347312867296967,0.0002430696602809361
3.135717008471391,0.0011331008413842652,0.0008809525192910067,0.0002429604663834401
3.1363906148609297,0.0011340197088020353,0.0017508661797568626,0.0002428517136029563
3.1370642163835956,0.0011349385695809558,0.0011551691468018822,0.00024274310908830533
3.1377377716584878,0.001135857367273215,0.0008968452225886294,0.00024263466036562306
3.13841132693338,0.0011367761649653941,0.0013925770921677204,0.00024252635343006176
3.1390848822082718,0.0011376949626576809,0.0008186763100487104,0.00024241819400977726
3.1397584324741055,0.0011386137535171685,0.0014909705144259345,0.0002423101769403516
3.1404319664491234,0.0011395325221541268,0.001166265797850382,0.00024220231234044237
3.141105500424141,0.001140451290791176,0.0013119185877880787,0.00024209458516229025
3.1417790343991587,0.001141370059428245,0.0008278808270680829,0.00024198700118586877
3.1424525563939443,0.0011422888117229993,0.001528200492839274,0.00024187956825482608
3.1431260584216765,0.0011432075367807724,0.0013234304071179002,0.000241772335890211
3.1437995604494087,0.0011444629074532555,0.0013820556728614945,0.0002416753049852561
3.144473062477141,0.0011478311831090722,0.001025610357950885,0.0002416389503440976
3.1451465371056377,0.0011511993217375965,0.0007482607578516126,0.00024160301675000436
3.1458199858946276,0.0011545673311392254,0.0013406248142965981,0.00024156709886254636
3.146493434683618,0.00115793534054092,0.0012102009479582163,0.00024153119538020408
3.1471668834726083,0.001161303349942533,0.000717909172889018,0.00024149530867042764
3.1478403587226724,0.0011646714916796431,0.0012495910466964236,0.00024145943605420955
3.1485138479725343,0.0011680397034316355,0.0010514175477947458,0.0002414235804114098
3.1491873372223957,0.001171407915183481,0.0012336562035904178,0.00024138773723541678
3.1498608264722576,0.001174776126935601,0.0013346860198936495,0.0002413519124479902
3.1505342751829044,0.0011781441359454772,0.0015272156375453192,0.0002413161020237733
3.151207713325156,0.0011815120921012895,0.0011510180753915317,0.00024128031521225798
3.1518811514674083,0.0011848800482570712,0.001361805701657238,0.0002412445672501057
3.15255458960966,0.0011881352751342109,0.0009802480733669694,0.00024121439280567374
3.1532279979697004,0.0011899722608856521,0.001048760582079292,0.00024124871625846804
3.153901404173757,0.0011918092407557485,0.0015365844856692315,0.00024128348135029918
3.1545748103778135,0.0011936462206260795,0.0012765925500654845,0.00024131825525630567
3.1552482150575965,0.00119548319633803,0.0009593116114295013,0.00024135305048854578
3.155921599971206,0.0011973201181301517,0.000950483137061946,0.00024138786136145788
3.1565949848848147,0.0011991570399222183,0.0011347167544219913,0.0002414226854250403
3.157268369798424,0.0012009939617142074,0.00157196929613298,0.0002414575223380242
3.157941743505381,0.0012028308529358597,0.000719629866066837,0.00024149237823308138
3.158615075198761,0.001204667629548797,0.0012020569694999926,0.00024152724061604592
3.1592884068921414,0.0012065044061618435,0.001266052190321404,0.00024156212651432946
3.159961738585521,0.001208341182774866,0.0010664387064707017,0.0002415970226325295
3.16063508440842,0.0012101779979314937,0.0008162790019004714,0.00024163192861307298
3.1613084565593383,0.001211978910649484,0.001295538053308733,0.00024166437745521522
3.161981828710257,0.001209376358287104,0.0012745627979683257,0.00024153108839477058
3.1626552008611752,0.001206773805924726,0.0013680213788790866,0.00024139691271330576
3.1633285428941584,0.001204171369966798,0.0015269515677532432,0.00024126296394169912
3.1640018533018024,0.0012015690562394642,0.0012685573761142053,0.00024112924890939077
3.1646751637094463,0.0011989667425120916,0.0012925528207704598,0.00024099575670549075
3.1653484741170903,0.0011963644287846626,0.001269831707193938,0.00024086248132826828
3.1660217711934098,0.0011937621665823177,0.0010403981325934786,0.00024072943267246344
3.1666950603166635,0.0011911599351180253,0.001246617376807849,0.00024059660866612524
3.1673683494399167,0.0011885577036538349,0.0012757378870262175,0.0002404640110462783
3.1680416385631704,0.0011859554721896496,0.0009026181253506035,0.00024033162788167066
3.168714911409779,0.0011833533036339442,0.0009475687474653847,0.00024019946571244904
3.1693881792499874,0.0011807511544277508,0.0012092310745409544,0.00024006752746363698
3.170061447090196,0.0011781490052215943,0.0008152573364438608,0.00023993679403274803
3.1707347149304046,0.0011746814177314641,0.0015803600834732798,0.00023995456785085855
3.1714079347254023,0.0011711615142796122,0.0012945951175798867,0.000239982350586577
3.172081149363885,0.0011676416377882257,0.0012686576016626649,0.00024001020550206583
3.172754364002368,0.0011641217612969898,0.001240694273046815,0.00024003806747257707
3.1734275798655336,0.0011606018784024541,0.001368909702412241,0.00024006593520011255
3.174100824318582,0.0011570818460270981,0.0014893814204808026,0.0002400938164275863
3.1747740687716304,0.001153561813651507,0.0012056697272964855,0.00024012170708012355
3.1754473132246788,0.0011500417812759472,0.0010403023854614387,0.000240149608619691
3.1761205485375115,0.0011465217966895834,0.0011393405747630672,0.00024017751802783203
3.1767937418976584,0.0011430020314512283,0.0011917066723207464,0.00024020543823203663
3.177466935257805,0.0011394822662129315,0.0012525797085550703,0.00024023336045470573
3.1781401286179514,0.001135962500974556,0.0008342886447629534,0.00024026129991223347
3.1788133152381333,0.0011324427709758467,0.0007464250532929048,0.00024028714618100756
3.179486487321289,0.0011373517091852316,0.00119771575599003,0.00023999795548074675
3.1801596594044446,0.0011434735423844484,0.001145668525242186,0.00023966268762201352
3.1808328314876,0.0011495953755835367,0.0009677923536434409,0.00023932851265820706
3.1815059890653936,0.0011557170768707133,0.0010383091448098296,0.00023899574017098048
3.182179129235584,0.0011618386198529495,0.0010849198287353806,0.0002386643489364723
3.1828522694057746,0.0011679601628353132,0.0007450150429059395,0.00023833432500564673
3.1835254095759655,0.0011740817058175886,0.0012711377639618865,0.0002380056612925657
3.1841985371499963,0.0011802031342502248,0.0016389447459218098,0.0002376783470748362
3.184871656046558,0.0011863244837699545,0.0009609143302904087,0.0002373523819029379
3.1855447749431196,0.001192445833289664,0.0013172079034955394,0.00023702774725362354
3.186217893839681,0.0011985671828094663,0.0014521618917610396,0.00023670443461914614
3.1868909739399225,0.0012046881795150083,0.0013681866171283894,0.00023638245288815985
3.187564039658294,0.0012108090454317467,0.0012805356692915041,0.00023606260735772584
3.188237105376665,0.001208364603634415,0.0014997722077372821,0.00023586936432813517
3.1889101710950363,0.0012038509781077769,0.001387881689025466,0.00023570760606335053
3.1895832626540703,0.0011993371792919298,0.0013853777270895929,0.00023554637142699558
3.190256358187471,0.0011948233538234337,0.000980688519971805,0.00023538546935871336
3.190929453720872,0.0011903095283550772,0.0008718745009321569,0.0002352249006815122
3.1916025491061415,0.0011857957038801325,0.0008725810054078914,0.00023506465985334557
3.192275604189883,0.0011812821496699542,0.001079618689040995,0.00023490475904824754
3.1929486592736245,0.0011767685954599456,0.001381900131724144,0.00023474518735730175
3.193621714357366,0.0011722550412497682,0.0008978250702972419,0.00023458594208307498
3.1942947634544088,0.0011677415271867174,0.0007690579480660552,0.0002344270308600733
3.1949677760029913,0.0011632282582204596,0.0011226247759128945,0.00023426844582434664
3.1956407885515743,0.0011587149892539935,0.001481642902581527,0.0002341101802216568
3.1963138011001573,0.0011542017202875836,0.0015025219292324678,0.00023395264817139936
3.196986807745677,0.0011554696000010995,0.0009733475539610995,0.0002338544980450202
3.1976597990286963,0.0011588353213529091,0.0008042043886609023,0.0002337782362665598
3.198332790311716,0.0011622010427046695,0.0010310734110893435,0.0002337021979043126
3.1990057815947353,0.00116556676405641,0.0014081061495125726,0.00023362622845509617
3.199678755258497,0.0011689323972917983,0.0008799128913553223,0.00023355066878270517
3.200351704014421,0.0011722979059599127,0.0009706554487879046,0.00023352529196523158
3.201024652770345,0.001175663414627662,0.0013211660114314412,0.00023354570929776412
3.2016976015262695,0.0011790289232957187,0.0015570062786473022,0.0002335664302047005
3.2023705725594382,0.001182394543375211,0.001271916101694794,0.00023358716332214059
3.2030435617619912,0.0011857602543222485,0.0014811182905750523,0.00023360789806401079
3.2037165509645438,0.0011891259652693027,0.0010582632165093329,0.00023362864108315365
3.2043895401670968,0.0011924916762164025,0.001170823804312877,0.00023364939283897397
3.205062486967887,0.001195857175106524,0.0011103815063934822,0.00023367035386792653
3.2057354144622794,0.0011975051886577153,0.001078396776892933,0.0002337224572450694
3.206408341956671,0.0011982701397711623,0.0011863241306406778,0.00023379077437667693
3.2070812694510633,0.0011990350908844742,0.0011586321409007318,0.0002338592608768709
3.2077541794379805,0.0011998000220962534,0.0013084175686716233,0.0002339278078611204
3.2084270856721835,0.0012005649490418682,0.00125318579494648,0.0002339964152583455
3.209099991906387,0.0012013298759877224,0.001579282072707269,0.00023406507629303614
3.20977289814059,0.0012020948029334711,0.0007079941965141421,0.00023413380472660998
3.21044576357114,0.0012028596834956226,0.0012990835463743268,0.00023420258542426075
3.2111186272889958,0.0012036245621109326,0.0014305968996960908,0.00023427142869321857
3.2117914910068515,0.001204389440726155,0.0014493681466612267,0.00023434033230867793
3.2124643506562736,0.0012051543147167654,0.0012374197390824834,0.00023440929572057524
3.213137171863154,0.0012059191450075756,0.0013623467596679914,0.00023447832002124294
3.213809993070034,0.0012066839752984235,0.001553003363036599,0.00023454807658838784
3.214482814276914,0.0012052947326070434,0.0012735737777287246,0.0002347197813317338
3.2151556448441356,0.0012023886674156115,0.0009353923665188456,0.00023496419695257054
3.2158285064940073,0.0011994824679730338,0.0011416154067265692,0.00023520986128486773
3.2165013681438794,0.001196576268530709,0.0017298832230721072,0.00023545629114328978
3.2171742297937516,0.0011936700690880796,0.0011143402276699228,0.00023570350041741034
3.217847068796984,0.0011907639674600867,0.0012678930652782893,0.00023595147822316986
3.218519868750391,0.0011878580344947252,0.0017072106763376766,0.00023620021941324633
3.2191926687037977,0.0011849521015293366,0.001464915930108712,0.00023644975327206794
3.2198654686572046,0.0011820461685640362,0.0010732877170146484,0.0002367000701643566
3.2205382579274726,0.0011791402817408214,0.001124146112765923,0.0002369511792055411
3.2212110366287487,0.0011762344405669512,0.0014035061683989076,0.00023720308514609757
3.221883815330025,0.0011733285993929116,0.0011822771964198002,0.00023745579477558616
3.222556594031301,0.0011704227582189442,0.0013770475541461098,0.00023771065572943134
3.2232293591706727,0.001168063246550458,0.001238198251390151,0.0002381706434539127
3.223902116621161,0.0011662278277926835,0.0013536566042715754,0.00023883106269820026
3.224574874071649,0.0011643924090349181,0.0011365864340210786,0.00023949833066553439
3.225247631522137,0.0011625569902771454,0.0009549513085575397,0.00024017121369309514
3.2259203396626037,0.0011607217060472389,0.0016361095482298252,0.00024084974348571062
3.2265930333687813,0.001158886461196961,0.00057153471209134,0.00024153403656424296
3.227265727074959,0.001157051216346511,0.000921974422486225,0.00024222419984948131
3.227938420781137,0.0011552159714962986,0.001163829877851598,0.00024292029793865084
3.2286111512292726,0.00115338062640635,0.0009707380994270467,0.0002436224635363879
3.229283885374805,0.0011515452712293629,0.0011331059996401872,0.00024433075562927986
3.2299566195203377,0.0011497099160522651,0.001441104720611921,0.00024504525666360215
3.2306293509852333,0.0011478745681883585,0.0013398263646740463,0.0002457660568238281
3.2313020234459917,0.0011460393812999154,0.0010836454500163003,0.00024648846708668894
3.2319746959067506,0.0011459283343247452,0.0013850728522731847,0.0002465023309752149
3.232647368367509,0.001148069142337985,0.001664407920282462,0.000245594818737254
3.2333200370394986,0.001150209938293412,0.0010885679879799762,0.00024469122468991354
3.23399268825618,0.0011523506786965787,0.0010679192103323603,0.00024379755555946215
3.2346653394728615,0.0011544914190997093,0.000773258477493011,0.00024291358981559189
3.2353379906895428,0.0011566321595028314,0.0012422412945673495,0.0002420391632923931
3.2360106352549036,0.0011587728787379955,0.0013921899813760597,0.00024117411610998727
3.2366832652288497,0.0011609135515352842,0.0010587317067041664,0.00024031828868894924
3.237355895202796,0.0011630542243326418,0.0011418930146850673,0.00023947150240944022
3.2380285251767416,0.0011651948971299142,0.0013455288471211071,0.00023863359087056336
3.2387011456397707,0.001167335539658289,0.0013319559061330127,0.0002378044237490403
3.239373754372323,0.0011694761448540524,0.0013382440466808369,0.00023698384280957166
3.240046363104875,0.0011716167500496783,0.0009583345940129985,0.0002361731221542785
3.2407189718374276,0.0011722696931562296,0.0009730287184515864,0.00023558468698762618
3.241391543469644,0.001170205652002733,0.0011699896899787596,0.00023538687300418305
3.242064088486064,0.0011681416925296872,0.0018714208867695406,0.00023519212810906774
3.2427366335024836,0.0011660777330566008,0.0011675304790446136,0.000234997865263281
3.2434091785189034,0.001164013773583656,0.0013115924124077073,0.00023480408587818913
3.244081752504277,0.0011619497252084979,0.001225076777118315,0.00023461078280628746
3.2447543379558086,0.0011598856416450026,0.0014028412584359885,0.00023441794985617665
3.24542692340734,0.00115782155808146,0.0011642740929725245,0.00023422559169744873
3.2460995088588716,0.00115575747451815,0.0012699124904174078,0.0002340337146509013
3.246772041861327,0.0011536935519145977,0.0011085663757782103,0.00023384231533514263
3.247444565641718,0.0011516296576124163,0.0008220553992391907,0.00023365139282459027
3.24811708942211,0.0011495657633102123,0.0011901789203528654,0.00023346093898792605
3.248789613202501,0.001147501869007994,0.0011955293504666857,0.00023327129495638365
3.2494621160774053,0.0011460208157414097,0.0015785601848644876,0.0002331345881729508
3.2501346186231097,0.0011460972625467417,0.0012895234759175978,0.00023313616065922326
3.250807121168814,0.0011461737093519339,0.0014016735158264434,0.00023313865198915025
3.251479621200316,0.001146250155871301,0.0011767087456775133,0.00023314114331042082
3.2521521025126736,0.0011463266002629843,0.0012208223281348688,0.0002331436359221671
3.252824583825032,0.0011464030446543632,0.001215458596409908,0.00023314612745212312
3.2534970651373896,0.0011464794890459521,0.0011631276227374338,0.00023314861933228223
3.2541695303868003,0.0011465559316115588,0.0005181366259685909,0.00023315111249388792
3.2548419480071638,0.0011466323687629415,0.0013274494488510597,0.00023315360425599154
3.2555143656275267,0.0011467088059142975,0.0011618302032204513,0.0002331560964681875
3.2561867832478897,0.0011467852430654879,0.0013566034640063495,0.0002331585842955757
3.2568592164594428,0.0011468616819892213,0.0011283426629014564,0.00023316107667206874
3.25753167451128,0.0011469381237366036,0.0012487763768824476,0.00023316361180436183
3.2582041325631175,0.0011475242978259727,0.0008945761609233983,0.00023317224481153302
3.2588765906149546,0.0011502758879447963,0.0008429620630872553,0.00023320611683554681
3.2595490166704106,0.0011530273471397866,0.0008685468205483404,0.00023324017881783048
3.26022141306279,0.001155778684958,0.0016063628726662484,0.0002332742509289457
3.260893809455169,0.0011585300227763414,0.0012226891485906553,0.00023330833826975929
3.2615662058475476,0.0011612813605946218,0.001077330925871402,0.00023334244502740576
3.2622385883954497,0.001164032641763727,0.0011225031288653613,0.00023337656294863853
3.2629109635611853,0.0011667838927259904,0.0012617077306439723,0.0002334106933144058
3.2635833387269204,0.001169535143688216,0.0009624021093391287,0.00023344484133065567
3.264255713892656,0.001172286394650538,0.000771880810053403,0.000233479005396969
3.2649280723880296,0.0011750375774003858,0.0011945974098350306,0.00023351318270281547
3.2656004263284615,0.0011777887415123113,0.0010416078997183152,0.00023354737579353723
3.2662727802688933,0.0011805399056240568,0.0013902928418114474,0.00023358161640165757
3.266945134209325,0.0011831617237908038,0.001080752055781969,0.00023362079966498546
3.267617429673553,0.0011846901890952921,0.0009238787676187323,0.0002336994829355565
3.268289719946114,0.0011862186425966022,0.0011574081292812454,0.0002337785097274312
3.268962010218675,0.001187747096097974,0.0011593486262427052,0.00023385761643293803
3.269634302559017,0.0011892755543004589,0.0011448323528124797,0.0002339368087448761
3.270306633259415,0.0011908040997145274,0.001242796432029771,0.00023401607965200228
3.2709789639598124,0.0011923326451286414,0.0015236890360564152,0.00023409543721808842
3.27165129466021,0.0011938611905426613,0.001222668012167283,0.00023417487441581723
3.272323614034935,0.0011953897102078292,0.0015358737892484005,0.00023425438742252016
3.272995883087552,0.001196918115465687,0.0010397603148616652,0.00023433398143915107
3.2736681521401683,0.0011984465207233001,0.0009898368911444514,0.00023441365418326026
3.274340421192785,0.0011999749259811244,0.0014718325934080655,0.00023449341012255327
3.2750126835342925,0.00120150331598108,0.0016101914221196565,0.00023457324827203535
3.2756849313683047,0.0012029588297822248,0.0007789528931438986,0.00023465351694832486
3.2763571792023165,0.0012009721914911192,0.0012437621545781025,0.00023474670134547267
3.2770294270363283,0.0011989855532002762,0.0012885536512253976,0.00023484007894266517
3.277701665349507,0.0011969989430453264,0.0009875626441505315,0.00023493356160451517
3.2783738919662535,0.001195012367455975,0.0014490347285219837,0.0002350271595480574
3.279046118583,0.0011930257918665742,0.001509184285349904,0.00023512086445584234
3.279718345199747,0.0011910392162772304,0.0010792937994612212,0.00023521468424520715
3.2803905348359876,0.0011890527499732492,0.0014096854749819146,0.00023530860323666891
3.2810626978089736,0.0011870663624649151,0.0011343269658475863,0.00023540263872269635
3.281734860781959,0.0011850799749566297,0.0008737314457623819,0.00023549678766206317
3.282407023754945,0.001183093587448324,0.001370702262223546,0.00023559104209276086
3.2830792155508983,0.001181107114761972,0.0016105214727762376,0.0002356854162886874
3.2837514189480834,0.001179120607791454,0.0015365380337966227,0.00023577990372146288
3.284423622345268,0.0011771341008210683,0.0013976645862238295,0.00023587375320684482
3.285095825742453,0.0011742926371661184,0.0010945941625966162,0.00023585521618668364
3.2857679770664565,0.001171389505737071,0.0007628256918306136,0.00023582779395351635
3.2864401188275334,0.0011684864156119314,0.0012904030576327487,0.00023580033566667567
3.2871122605886103,0.0011655833254867898,0.0010625989314793293,0.00023577288106117725
3.2877844023496867,0.0011626802353617825,0.001279103567056075,0.00023574543939037149
3.2884565233947267,0.0011597772347124488,0.0009844613533725463,0.00023571801080639066
3.2891286439452334,0.0011568742361992633,0.0008927493326109636,0.0002356905877299538
3.2898007644957397,0.0011539712376859735,0.0009609043291554399,0.00023566317973084387
3.2904728827471987,0.0011510682491027474,0.0012594212195444225,0.00023563577640476181
3.2911449820884737,0.0011481653421958047,0.0013447681746058936,0.00023560838278795595
3.2918170814297483,0.001145262435288644,0.0009956297573242739,0.00023558100612709333
3.2924891807710233,0.0011423595283815444,0.000913789258400184,0.0002355536307285389
3.2931612699332447,0.0011394566654394495,0.001163780542663956,0.00023552628852354564
3.2938333268600717,0.001140416299979718,0.0013472700593823606,0.00023550113681128064
3.2945053837868987,0.0011420970152678667,0.0011453157529844153,0.00023547641604776523
3.2951774407137258,0.0011437777305560825,0.001300758394650495,0.00023545170624836355
3.2958494818924486,0.0011454584064606393,0.001112840581279302,0.00023542701102412394
3.2965214964101808,0.001147139015689819,0.0009852917938972063,0.0002354023169412179
3.297193510927913,0.0011488196249192072,0.0015975052029347753,0.00023537763605096246
3.297865525445645,0.0011505002341485032,0.0007866555215526001,0.00023535295844604842
3.2985375602720364,0.0011521808941666436,0.001496101479189927,0.0002353282867955146
3.2992096152097234,0.0011538616044804075,0.0009931947938527667,0.00023530362688067733
3.299881670147411,0.0011555423147940466,0.0010779662547081225,0.00023527940260392562
3.3005537250850985,0.0011572230251076588,0.0011212387321140613,0.00023532002533428856
3.301225740989689,0.0011589036378051546,0.0011325481145423879,0.00023537494313346488
3.3018977343048803,0.001160584194010026,0.0013298915117443521,0.00023543030759484222
3.302569727620072,0.0011584133049666733,0.0008823976282566776,0.0002355341789276478
3.303241720935264,0.0011549761943524355,0.0014046780166412703,0.00023565443242490263
3.3039136980441652,0.00115153916663007,0.0007585807813383635,0.00023577497570754493
3.304585670158154,0.001148102164455968,0.001125106510661243,0.00023589569460058654
3.305257642272143,0.0011446651622816974,0.0015347660089537504,0.00023601660445289526
3.3059296143861325,0.0011412281601073198,0.0009235928283643766,0.0002361376921852902
3.3066015485423814,0.0011377913520792314,0.00140080189499238,0.00023625896468358615
3.307273478257979,0.0011343545667641972,0.0013108183402826994,0.0002363804190846332
3.307945407973576,0.0011309177814491464,0.0007875952250826694,0.00023650205569519055
3.3086173365920875,0.0011274810017453524,0.0010584960161087026,0.00023662388495276196
3.309289223914643,0.0011240444332622365,0.0010681299569484236,0.00023674589166494946
3.309961111237198,0.0011206078647790737,0.0007231228539519396,0.00023686808557251503
3.310632998559753,0.001117171296295881,0.0012701135778591928,0.000236991515576139
3.311304892197358,0.0011189200576840208,0.0006239696669704263,0.00023727224459803986
3.3119768199362305,0.001123350182596388,0.001443823187298717,0.0002376364159656
3.3126487476751034,0.0011277803075089958,0.0009220938202751825,0.00023800282939058582
3.313320675413976,0.0011322104324214101,0.0011554964509998555,0.00023837094293975098
3.313992585501405,0.001136640440955153,0.0014660965251924647,0.00023874076907193372
3.314664451629445,0.0011410701596575024,0.0010820398964217306,0.00023911229924435888
3.3153363177574855,0.001145499878360012,0.0014566299830203163,0.00023948557474468045
3.3160081838855255,0.001149929597062717,0.00151543950468517,0.0002398606094117044
3.31668004118135,0.0011543592575329776,0.0008434631319778921,0.00024023741262742945
3.3173518861162123,0.0011587888365056404,0.0010114805664205577,0.00024061599673303117
3.3180237310510745,0.001163218415478304,0.001339521143639195,0.00024099637937315826
3.3186955759859367,0.0011676479944509812,0.0012618434233927017,0.00024137857743641858
3.319367397742954,0.0011720774206083078,0.0012357007055252317,0.00024176010087162032
3.320039200295471,0.0011798771584659424,0.0008345345790729364,0.00024176704770523315
3.320711002847988,0.0011902619217239712,0.0007707575489214885,0.0002414854506227301
3.321382805400505,0.001200646684981686,0.0011970247664596922,0.0002412029312831758
3.3220545792740572,0.0012110310049183583,0.0013323539338794062,0.00024092139512522673
3.322726339449576,0.0012214151131100287,0.0010910551468099573,0.00024064084244583794
3.323398099625095,0.0012317992213018666,0.001506454649016728,0.00024036126419620465
3.3240698598006135,0.0012421833294934818,0.0012780594183821044,0.0002400826402691835
3.3247416354795716,0.0012525676773383087,0.0011597452880136349,0.00023980497302290165
3.325413414880669,0.00126295208272008,0.001171290564494838,0.00023952824832241073
3.3260851942817666,0.0012733364881018314,0.001107197899114779,0.0002392524766844941
3.326756973682864,0.0012837208934837001,0.001030977396954591,0.00023897763983545084
3.3274287152667066,0.0012941047142841498,0.0014490921129215635,0.0002387037579185919
3.3281004542557313,0.0013044884949737613,0.0015305028403642391,0.00023843153553840057
3.3287721932447556,0.001307814641062844,0.0011083081801958796,0.0002382709576933899
3.329443929466763,0.001303157229202962,0.0017851606674399198,0.0002382356892142817
3.330115626086808,0.0012985000919191179,0.0009538141538721341,0.00023820126854839612
3.3307873227068527,0.0012938429546353826,0.0011018953081243187,0.00023816685558486494
3.3314590193268976,0.0012891858173516373,0.0014272629824845962,0.00023813245993130783
3.3321307118252528,0.001284528708645229,0.0011129674781051942,0.00023809807825996633
3.3328023872628116,0.0012798717182279165,0.0011115769804375458,0.00023806371311851457
3.333474062700371,0.0012752147278105236,0.0017881042680587761,0.0002380293698853202
3.33414573813793,0.0012705577373933522,0.0012975175854369086,0.0002379950359428845
3.3348174067185057,0.0012659007945181704,0.001282259801008966,0.00023796071731813098
3.3354890609749153,0.0012612439509581276,0.0010725703680826788,0.00023792642026495759
3.3361607152313244,0.001256587107398248,0.001254951727405314,0.00023789213236168435
3.336832369487734,0.0012519302638381285,0.0011069070680948497,0.00023785802882495897
3.337503994977917,0.0012484056048042596,0.0012897641428370721,0.0002378491879461357
3.338175585698892,0.0012468023985817247,0.0012088817512589357,0.00023788288014484665
3.338847176419867,0.001245199192358991,0.0012002965492345658,0.00023791687698669547
3.339518767140842,0.0012435959861364105,0.001269409638845868,0.0002379508874961357
3.340190381355773,0.0012419927238295245,0.0013980890643058473,0.00023798490705113714
3.340862012484576,0.001240389421146275,0.001229058237033008,0.0002380189463789534
3.3415336436133796,0.0012387861184628842,0.001389823499864592,0.0002380530010656543
3.342205274742183,0.0012371828157795891,0.0010258094506383165,0.0002380870707889235
3.342876862149011,0.0012355796174685592,0.0012170358978174953,0.00023812115189297253
3.343548431694179,0.0012339764617964046,0.0007552996381599536,0.00023815524934861642
3.344220001239347,0.0012323733061242173,0.0009527183282578803,0.00023818935506934213
3.3448915707845144,0.0012307701504519527,0.0007347317637348596,0.00023822348040107293
3.345563122574867,0.0012291670371635344,0.00031194000618750366,0.0002382576843314611
3.3462346709455635,0.0012273563537948079,0.0008239465237025194,0.0002383019554900502
3.3469062193162595,0.001224990134257348,0.00118474400083567,0.00023837277521221182
3.3475777676869556,0.0012226239147196992,0.0010872796683501031,0.00023844383223702023
3.348249295584945,0.0012202577673184533,0.001612126481001098,0.0002385149503806217
3.348920822782505,0.0012178916223849485,0.0013243742710516094,0.00023858613462540243
3.3495923499800644,0.0012155254774515558,0.0013046223980687432,0.00023865737905198547
3.3502638711303963,0.0012131593538255911,0.0011741411329847682,0.0002387286883311401
3.3509353348165565,0.0012107934326763372,0.0010550957688102327,0.0002388000500603922
3.3516067985027163,0.0012084275115271128,0.0012392979988752534,0.00023887148415326583
3.3522782621888765,0.0012060615903779228,0.0012776855269481585,0.00023894297446419626
3.352949734891011,0.0012036956374606388,0.001219925657753589,0.0002390145299210596
3.353621238981361,0.0012013295739462132,0.001292026048376775,0.00023908615547217795
3.3542927430717113,0.0011989635104316452,0.0014789172578894326,0.00023915791094778778
3.3549642471620613,0.0011968311682269807,0.0013408356244301765,0.000239240623646234
3.355635729643591,0.0011958388671857146,0.001211527542324143,0.00023937498706045905
3.3563071721619537,0.0011948466252011982,0.0014260269783195007,0.00023950991671024046
3.356978614680317,0.00119385438321644,0.0015789477525055664,0.00023964507277524406
3.3576500571986805,0.0011928621412318654,0.0007368627984794496,0.0002397804514829085
3.358321489583393,0.0011918699142226524,0.0015191830733235299,0.0002399160638248437
3.358992910935294,0.0011908777035171565,0.0013525081411232694,0.00024005190155343417
3.3596643322871946,0.001189885492811835,0.0006825751311252148,0.00024018797384876172
3.3603357536390956,0.0011888932821065782,0.0010890630325971365,0.0002403242716015358
3.3610071493208205,0.0011879011093361286,0.0010155444404290317,0.00024046079884255882
3.3616785283438,0.0011869089611833703,0.0013132307890654845,0.00024059755697627394
3.3623499073667795,0.001185916813030788,0.0013650325358437116,0.00024073454371812113
3.363021286389759,0.0011849246648780005,0.0009753465305132013,0.00024087169362809632
3.3636926343520215,0.0011840103738013134,0.0013575454643879642,0.00024099658414700897
3.3643639710514166,0.0011841629850083179,0.0015395051908141894,0.0002409647091671465
3.3650353077508113,0.0011843155962151994,0.0011594333564653066,0.00024093180054305608
3.365706644450206,0.0011844682074221783,0.001447344140860618,0.00024089890954243694
3.366378015937869,0.0011846208265373758,0.0010396553128982186,0.00024086602594474563
3.3670493930378154,0.0011847734469284407,0.0007303325799495351,0.00024083315694963314
3.367720770137762,0.00118492606731939,0.0010012129891480424,0.0002408003047597849
3.3683921472377083,0.0011850786877102522,0.0009674143744430662,0.0002407674614517082
3.3690634635062366,0.001185231294272924,0.0013442338625420513,0.00024073463352058461
3.36973477904584,0.0011853839006696234,0.0013688844329816574,0.0002407018245742904
3.3704060945854435,0.0011855365070664642,0.0013224381441474704,0.0002406690234396101
3.3710774052488377,0.0011856891123548919,0.0013212336708101622,0.00024063624174044314
3.37174867847286,0.0011858417091323615,0.0008895169632655825,0.0002406034676974855
3.372419951696882,0.0011859943059097128,0.00118529574114567,0.00024057096425277461
3.373091224920904,0.0011837227495113147,0.001220608351081506,0.0002405758211570567
3.373762493023841,0.0011813572486371702,0.0012335303206445498,0.00024058238038441955
3.3744337450920727,0.001178991804268026,0.0011261062155124642,0.00024058894777406406
3.375104997160305,0.001176626359898839,0.001453943109861095,0.0002405955126887055
3.3757762492285366,0.0011742609155297157,0.001383073404924326,0.00024060208558936616
3.3764474778945766,0.0011718955536282195,0.0005872768057649542,0.0002406086515215052
3.377118666503438,0.0011695303328855058,0.0007604644217158603,0.00024061522157565335
3.377789855112299,0.0011671651121425946,0.0011682983334467447,0.00024062178836713663
3.3784610437211606,0.0011647998913998498,0.0014666110487163322,0.00024062835715972275
3.379132252330928,0.001162434600175241,0.0012705879921299308,0.00024063492678515707
3.3798034813360958,0.0011600692370787,0.0008386439737820826,0.00024064150263425872
3.380474710341264,0.0011577038739821555,0.0014037670192739464,0.00024064807147322877
3.381145939346432,0.0011553385108855317,0.0010107617451935462,0.00024065506984773704
3.3818171301102633,0.0011544116650383047,0.0011381512500892729,0.00024072548809760184
3.3824882975686674,0.0011537250877337354,0.0015234557402389317,0.00024080699084467073
3.383159465027072,0.0011530385104292988,0.001072498638312872,0.00024088864408561674
3.383830632485476,0.001152351933124733,0.0013041970247141378,0.0002409703879427144
3.3845017841336706,0.0011516653719933576,0.0008158289681468972,0.00024105220752008197
3.3851729304429505,0.0011509788163233487,0.000740928722539097,0.00024113410776858054
3.385844076752231,0.0011502922606535207,0.0014211526515644911,0.00024121609352342172
3.3865152230615108,0.0011496057049837013,0.0010908894596590136,0.00024129816241902095
3.38718635089487,0.0011489191682139306,0.0011075268032500472,0.00024138031231881073
3.3878574760563582,0.0011482326341773351,0.0010734796329360118,0.00024146254703167724
3.388528601217847,0.001147546100140811,0.001336821719315683,0.00024154486746567227
3.3891997263793354,0.0011468595661042298,0.0008787780763053739,0.0002416272685975308
3.389870830402109,0.001146173053691859,0.001154007176548043,0.0002417096995838467
3.390541934417139,0.0011474262742019988,0.0014970881328751134,0.0002417846966428687
3.3912130384321686,0.0011493332531033612,0.001116426544122048,0.00024185717946182916
3.3918841344873036,0.0011512402093865743,0.0007541184827339332,0.00024192970761482762
3.3925551750709517,0.0011531470080442597,0.0010188194695557168,0.00024200229839757328
3.3932262156546003,0.0011550538067020644,0.001128144483584373,0.00024207495664842752
3.393897256238249,0.0011569606053598823,0.0014773569971643754,0.0002421476802883587
3.394568306959358,0.0011588674328237264,0.0013676603076672954,0.00024222047043721292
3.3952393879350673,0.0011607743462579135,0.0014898890212125529,0.0002422933348668994
3.395910468910777,0.0011626812596918462,0.0008721247523504831,0.0002423662589909218
3.396581549886487,0.0011645881731259043,0.0014501657570123651,0.0002424392539760311
3.397252607704625,0.0011664950207564782,0.001056678010155944,0.0002425123096912926
3.397923627147144,0.0011684017593406551,0.0011349153898385137,0.00024258542298107293
3.3985946465896633,0.0011703084979247241,0.0012353166472276452,0.00024265867676873817
3.399265666032182,0.0011726042945394226,0.0015893262712445874,0.0002427414915229344
3.399936674868675,0.0011751214357924717,0.0009628958143960572,0.0002428295163857042
3.4006076731713972,0.0011776385375306842,0.001298276425265307,0.00024286872337281196
3.401278671474119,0.0011801556392686307,0.001206608167211329,0.0002429025326582423
3.401949669776841,0.0011826727410067035,0.0012999774231645842,0.00024293632276296508
3.402620641574744,0.0011851897433177798,0.0011835253482908638,0.00024297012559073704
3.4032915976018674,0.001187706686468225,0.0013327361216881,0.00024300393670237115
3.4039625536289906,0.0011902236296188631,0.0015752975549341538,0.00024303776656082598
3.4046335096561138,0.0011927405727693455,0.0011938585860718476,0.00024307161259313204
3.405304433897974,0.0011952573966844732,0.0010247385666857852,0.0002431054715921901
3.405975347654825,0.0011977741812674004,0.0010127748606098858,0.00024313934031598494
3.4066462614116766,0.0012002909658503165,0.0010587385849431578,0.00024317322786684812
3.407317175168528,0.0012028077504331904,0.0010585126764380544,0.00024320773741056136
3.4079881058061274,0.0012032374391548254,0.0009760401624875569,0.00024333470495329273
3.408659038817656,0.001201788504485618,0.001102759034408746,0.0002435454160331862
3.409329971829184,0.001200339569816412,0.0010383124721200644,0.00024375722830123625
3.410000904765615,0.0011988906353095888,0.0007657823343895097,0.0002439695863878425
3.4106717762575203,0.0011974418334969824,0.0008695189831604977,0.0002441824852198217
3.411342647749425,0.0011959930316845782,0.0015523800628513664,0.00024439594118254906
3.4120135192413303,0.001194544229872152,0.0009536324160640934,0.0002446099564469131
3.4126843880764492,0.0011930954337972628,0.001752959426411834,0.0002448245324812389
3.413355238437878,0.0011916466776176085,0.0014904182148269495,0.0002450396663063902
3.4140260887993064,0.0011901979214381383,0.0013407242788587043,0.0002452553650723766
3.414696939160735,0.0011887491652586711,0.0009519468170238772,0.00024547164177643455
3.4153677842372985,0.001187300420492398,0.0010897359160036092,0.0002456884819091993
3.4160386134695817,0.0011858517099429342,0.0011486811989124715,0.00024590494822659216
3.4167094427018654,0.0011842458082477903,0.000923313588878486,0.0002459790648834911
3.4173802719341486,0.0011824156500602364,0.001369560134147067,0.00024585058587587335
3.418051077437822,0.0011805855566092564,0.001469547307313144,0.0002457209629959937
3.4187218432906548,0.001178755571333936,0.0005888654417074509,0.00024559155775927646
3.419392609143488,0.0011769255860584412,0.00139396435296774,0.0002454623512354783
3.4200633749963205,0.001175095600782959,0.0012960563355446566,0.0002453333534108964
3.4207341609722257,0.001173265560607796,0.0013780619294987426,0.0002452045592378796
3.4214049672092353,0.0011714354651561397,0.000643437554842597,0.0002450759602424792
3.422075773446245,0.0011696053697044526,0.0009437742036464622,0.00024494756261315894
3.4227465796832544,0.0011677752742528535,0.0015159907166422746,0.0002448193705095485
3.4234173476579635,0.0011659452831885597,0.0012049844287764704,0.00024469138739459845
3.4240880923869743,0.0011641153555429892,0.0012899965396002185,0.0002445636091746071
3.4247588371159847,0.0011622854278977633,0.0015765636305613009,0.0002444362461051445
3.425429581844995,0.0011608638905353233,0.0014593616565924607,0.00024434196911183274
3.426100310819803,0.0011604064713662439,0.0010649266968264825,0.0002443244101542872
3.426771034426322,0.0011599490558582854,0.0010329745228627306,0.000244307364469376
3.4274417580328405,0.0011594916403503774,0.0014877159841066331,0.0002442903223795335
3.428112481639359,0.001159034224842451,0.0009407000107352102,0.00024427328395393684
3.428783168517046,0.0011585768343826284,0.0009897434402367522,0.00024425624939816454
3.4294538498825715,0.0011581194476819406,0.0014152187717105962,0.0002442392181459464
3.4301245312480972,0.0011576620609810796,0.0011300382236476393,0.0002442221924865683
3.430795212613623,0.0011572046742802653,0.0008209495308602779,0.0002442051683835621
3.431465852042508,0.001156747316179185,0.0013117943585815425,0.00024418814829153086
3.432136491172361,0.0011562899582821056,0.0012200016788150192,0.00024417113972233505
3.432807130302214,0.0011558326003850252,0.0006672869354665739,0.00024415412679219725
3.433477771668413,0.0011553752409627263,0.001001240468566247,0.000244137209035751
3.434148430062355,0.0011550273766907837,0.0009577846856205132,0.0002441337536738088
3.4348190884562975,0.0011551798337022508,0.001109508260735461,0.000244190122169813
3.43548974685024,0.0011553322907138625,0.0013883104660492834,0.0002442469353937774
3.4361603955928266,0.001155484745531308,0.0013468098770567899,0.0002443037836176992
3.4368310136068376,0.0011556371933636657,0.0013503752122283087,0.0002443606680030272
3.437501631620849,0.0011557896411958962,0.0013926340943266914,0.00024441758616510476
3.4381722496348606,0.0011559420890281647,0.0015177284233632738,0.0002444745517218131
3.4388428523598895,0.0011560945333849231,0.001235177893229269,0.0002445315574989118
3.4395134281462068,0.0011562469716175647,0.0010937217828829986,0.0002445885917231666
3.4401840039325235,0.0011563994098504904,0.001340877494705047,0.00024464567538934074
3.440854579718841,0.0011565518480833373,0.0010477074303181014,0.0002447027927086045
3.441525145268795,0.0011567042839893532,0.0008715943386032959,0.00024475995644920715
3.4421956999432592,0.0011568567174228398,0.0011118404737895703,0.0002448171773560078
3.4428662546177233,0.0011570137278449956,0.0009360984873351542,0.00024487830854629623
3.4435368092921874,0.0011572424039872054,0.0008598417835940285,0.00024499440916188445
3.4442073511410802,0.001157471075755654,0.001211110692102582,0.0002451110424971309
3.4448778847050208,0.0011576997446986188,0.0011521147192092276,0.0002452278382301084
3.445548418268961,0.0011579284136418071,0.0011772725287146856,0.00024534480023459266
3.4462189518329014,0.0011581570825848896,0.0013391361615110618,0.00024546193668436054
3.446889439164123,0.0011583857357612617,0.001285485378639475,0.00024557922307473235
3.447559909404467,0.0011586143831094134,0.0010674560243149932,0.000245696684770885
3.4482303796448104,0.0011588430304575595,0.0011258822603396716,0.0002458143077740316
3.4489008498851543,0.0011590716778055229,0.0013792651569682602,0.00024593210829088904
3.4495713545374893,0.0011593003368891145,0.0013002820090321078,0.00024605007338610773
3.450241865153518,0.001159528998006208,0.0009952572210241268,0.00024616822005581564
3.450912375769547,0.0011597576591234418,0.0015630364701556183,0.00024628653393891025
3.4515828863855753,0.0011599863202406827,0.0007999933981056969,0.0002464049556717136
3.4522533370967596,0.0011618627829639869,0.0010953370234499436,0.0002465151034554069
3.4529237862318958,0.0011638441057092814,0.0011055382015440597,0.00024662481133941116
3.4535942353670315,0.0011658254284546195,0.0012803041491702533,0.00024673465754749136
3.4542646804319674,0.0011678067391716516,0.0015089730596279957,0.0002468446521213223
3.4549350873606737,0.0011697879371877274,0.0011244488151822662,0.00024695478530605426
3.4556054942893804,0.0011717691352038195,0.0015790317545281052,0.00024706506706533867
3.4562759012180866,0.0011737503332201367,0.0016415939236735446,0.00024717550393322385
3.456946303541204,0.0011757315176257348,0.0010972754432742571,0.00024728608317837786
3.457616689368688,0.001177712653283219,0.001329553847327892,0.0002473968091750651
3.4582870751961723,0.0011796937889408646,0.001755208677351877,0.00024750768393763466
3.4589574610236564,0.001181674924598189,0.001181163511565508,0.0002476187110493532
3.459627825332767,0.0011836559966641607,0.001346090089702028,0.0002477298871917502
3.460298147864554,0.0011856369452692415,0.0010597600532488876,0.0002478400644007824
3.460968470396341,0.0011879914803550671,0.0007979491451995402,0.0002477797954541734
3.461638792928128,0.0011904298480960751,0.001057693173990209,0.0002476802815796021
3.4623091340834096,0.0011928682835818283,0.0015728353669321148,0.00024758062858324303
3.462979496986635,0.001195306798177974,0.0011920551873237217,0.0002474810923259864
3.4636498598898613,0.001197745312774457,0.001355138435592848,0.00024738167556198805
3.464320222793087,0.0012001838273705623,0.0012260766398807337,0.0002472823777746994
3.4649905498903815,0.001202622211719102,0.0006021235311928341,0.0002471832073490443
3.465660851326259,0.001205060502721339,0.0010132636135449112,0.00024708415246561826
3.466331152762136,0.001207498793723748,0.0014774663748853875,0.000246985221114795
3.467001454198013,0.0012099370847261795,0.0014101917734087623,0.0002468864068162865
3.4676717407888877,0.0012123753217283602,0.0010849664301189773,0.00024678771271267267
3.4683420211301828,0.0012148135359971361,0.0015409978429319052,0.0002466891365455421
3.469012301471478,0.0012172517502656878,0.001070544549782296,0.0002465911584969065
3.4696825818127737,0.0012183168323343662,0.0016692607435865772,0.00024656625034776903
3.470352844755739,0.0012187739336820358,0.0012445191285475896,0.00024657404965931155
3.47102310400378,0.0012192310325099523,0.0013062121556813983,0.00024658206420205943
3.471693363251821,0.0012196881313379488,0.001260389013292624,0.00024659008844246384
3.472363622499862,0.0012201452301659548,0.0010901605105546137,0.0002465981066006525
3.473033821905387,0.001220602288182869,0.0009213234772365007,0.0002466061178617023
3.47370401788163,0.0012210593438611147,0.000833401669198166,0.0002466141376456608
3.474374213857873,0.0012215163995394102,0.0015408143099806416,0.00024662215866294156
3.475044411114378,0.0012219734560907328,0.000908925816082291,0.00024663017801927875
3.475714626369869,0.0012224305249170805,0.0012450457833669104,0.00024663820015701594
3.4763848416253595,0.0012228875937431417,0.0009747397982043163,0.00024664622352656406
3.47705505688085,0.0012233446625693123,0.0011309193421539239,0.00024665424564791603
3.4777252645970576,0.001223801726253994,0.0009584891491275352,0.00024666246115231255
3.4783954394853556,0.0012208516614650067,0.0012516111669734562,0.0002466998000428413
3.4790656143736536,0.0012152909923531462,0.0012918111877579376,0.00024675957185116423
3.4797357892619516,0.0012097303232413775,0.0013145808165726494,0.00024681953304226333
3.4804059511928895,0.0012041697616411936,0.0009969671013790075,0.00024687953715585856
3.481076083909279,0.0011986094424440805,0.0010894992061557932,0.00024693957493562716
3.4817462166256683,0.0011930491232468269,0.0012834307182927553,0.00024699966399280434
3.4824163493420572,0.0011874888040496992,0.0012318911474203348,0.00024705978613379776
3.4830864730452578,0.0011819285596380814,0.0014422992491333023,0.00024711995410038725
3.4837565846776832,0.0011763684153818143,0.0012968160324903063,0.0002471801698261164
3.4844266963101083,0.0011708082711254565,0.0012496251959498606,0.00024724042150488896
3.4850968079425333,0.001165248126869285,0.0015217087007938193,0.00024730071665271866
3.4857668849421115,0.0011596882699733044,0.000839042624168335,0.00024736105431502316
3.4864369333306033,0.0011541286504734355,0.001147563532301039,0.0002474214467312379
3.4871069817190956,0.0011505670384963154,0.0017704110088389965,0.00024748353449660887
3.487777030107588,0.0011495768567239238,0.0009614890406343818,0.0002475478031240831
3.488447105433036,0.0011485866351451008,0.0012358126472289096,0.0002476121388627828
3.4891171941850807,0.0011475963937243754,0.001128700137466179,0.000247676531165141
3.4897872829371255,0.0011466061523037901,0.0009744018964210517,0.0002477409669510615
3.4904573716891703,0.0011456159108834219,0.0011165719660921306,0.000247805453256757
3.491127412086975,0.0011446257409196442,0.0008869802580137077,0.0002478699872129994
3.4917974393968088,0.0011436355902968022,0.0005231957523759371,0.000247934571213384
3.4924674667066427,0.001142645439674092,0.0013242596230548939,0.00024799920409285855
3.4931374940164766,0.001141655289051437,0.0012793192283986558,0.00024806388258395186
3.4938075022172597,0.001140665166667639,0.001167134275080861,0.00024812861646681994
3.4944775084497612,0.0011396750471925662,0.0006152819013682243,0.00024819339387668985
3.4951475146822633,0.0011386849277174598,0.0012210284216490745,0.00024825823000809586
3.4958175198136607,0.0011382816819463125,0.0011084202044819764,0.0002483229396523086
3.4964874838954763,0.001139195477011314,0.0008648960235158251,0.00024838731015174546
3.4971574479772918,0.0011401092720762264,0.0009922789633627985,0.000248451735926925
3.4978274120591077,0.0011410230671412528,0.0009734211621891332,0.00024851620537687594
3.498497373077158,0.0011419368580274157,0.0011237522490870609,0.0002485807252211356
3.499167316085619,0.001142850624349488,0.001072327497854213,0.0002486452938919163
3.4998372590940803,0.0011437643906716441,0.0010527266199421128,0.0002487106295062306
3.5005072021025416,0.0011446781569937423,0.0012132048324180666,0.0002488827027985646
3.5011771283897333,0.0011455919005086905,0.0016111413806245184,0.0002490900979123439
3.501847008186085,0.0011465055806129836,0.0016528572678443615,0.00024929822935571694
3.5025168879824364,0.001147419260717142,0.001000190560874158,0.000249506884399762
3.503186767778788,0.0011483329408211993,0.0010138289303312535,0.0002497160629935218
3.503856663044661,0.0011492466420249042,0.0012295774374240858,0.0002499259109171616
3.5045265831997114,0.0011503475233819727,0.0013546461149792433,0.0002501565726889742
3.5051965033547625,0.0011523275079257417,0.0008549328192268133,0.0002504807106874567
3.5058664235098136,0.001154307492469539,0.001436815988052473,0.0002508067316963856
3.5065363128315146,0.0011562873858837902,0.0009949021056571729,0.00025113401524063934
3.5072061715598135,0.0011582671888774973,0.0009313166257046646,0.0002514625705260144
3.507876030288113,0.0011602469918710475,0.001412799312384975,0.0002517924246170084
3.508545889016412,0.0011622267948649147,0.0011130405873809308,0.00025212357810463636
3.509215734670585,0.0011642065592173717,0.00105042943585534,0.000252456035983764
3.509885572332157,0.0011661862999472435,0.001586142282784357,0.00025278981957195626
3.5105554099937284,0.0011681660406772357,0.001088228852333934,0.00025312492529724537
3.5112252476553003,0.0011701457814069776,0.001258952965336847,0.00025346136863848916
3.511895054177468,0.0011721254301027505,0.0017017414566147194,0.0002537991459810928
3.5125648497095603,0.0011741050463166705,0.0013353558848184675,0.00025413813343147
3.5132346452416523,0.0011759413941407797,0.0009188174344698133,0.00025445511899762247
3.5139044407737448,0.001174571046382335,0.0011435709934101027,0.0002543177813570471
3.5145741821302496,0.0011732008094628241,0.0012062893222252631,0.0002541776381041973
3.515243914478058,0.001171830590974559,0.0008689599757856888,0.0002540377373747943
3.5159136468258665,0.001170460372486299,0.0010094580620092911,0.0002538980610352392
3.5165833791736745,0.0011690901539978418,0.0013472837362274422,0.0002537586215188409
3.517253150880867,0.0011677198549833992,0.001277630489585627,0.00025361940151353847
3.5179229235831277,0.0011663495539332273,0.001290834518384261,0.0002534804108254673
3.518592696285389,0.0011649792528828412,0.0011011866360359558,0.00025334164191382166
3.519262463267643,0.0011636089635352772,0.0007538381328386428,0.0002532031075547274
3.519932174556672,0.001162238788131432,0.0009920295799325852,0.00025306481498783785
3.5206018858457013,0.001160868612727484,0.0009660132345824326,0.0002529267502103753
3.5212715971347306,0.0011594984373237696,0.0011633395928964125,0.0002527889099408247
3.5219413039819534,0.0011581282710076098,0.0011677914246729557,0.0002526518601380864
3.5226109942135277,0.0011575860462284904,0.0014521616841237789,0.00025259975208436565
3.5232806844451026,0.0011571293354545277,0.0008015825835652219,0.00025255698794347445
3.5239503746766774,0.001156672624680465,0.0012017108257696084,0.00025251430350304357
3.5246200510700385,0.0011562159233440097,0.0012462258912549443,0.0002524716337550435
3.5252896991906764,0.0011557592412884607,0.0011610501418474735,0.00025242899446702144
3.5259593473113138,0.0011553025592329308,0.0012280615519933585,0.0002523863772483601
3.5266289954319516,0.0011548458771776517,0.0015754102820226428,0.00025234377990601936
3.5272986247715816,0.0011543892079303962,0.0009610601024018702,0.0002523012060317387
3.527968230786578,0.0011539325545896783,0.0010108630087829952,0.0002522586554530823
3.528637836801574,0.0011534759012491909,0.0008965767104772652,0.0002522161251271372
3.5293074428165703,0.0011530192479085892,0.0008883719784857348,0.0002521736177082
3.5299770597015976,0.0011525625871551695,0.0014230307233010664,0.00025213113010208666
3.530646685015964,0.0011521059206529149,0.0013761855387486137,0.0002520893405088129
3.5313163103303307,0.0011519999999999822,0.001208282319596006,0.0002521489918620486
3.5319859356446974,0.0011520000000000152,0.001308778090151228,0.00025223997110263556
3.5326555191964633,0.0011519999999999705,0.0012856256560434213,0.0002523312464470142
3.5333250831111127,0.001152000000000046,0.0009393964265475179,0.00025242262549334904
3.533994647025762,0.0011520000000001178,0.0009747728399077318,0.0002525140991773773
3.5346642109404116,0.0011519999999999944,0.0013178386525720875,0.0002526056684758086
3.5353337580771473,0.0011520000000001412,0.000803132379859774,0.000252697340784783
3.5360033009436087,0.0011519999999999987,0.0011562580019954117,0.00025278910954040903
3.53667284381007,0.0011520000000001204,0.001313522514206429,0.0002528809804385063
3.5373423866765314,0.001152000000000068,0.0011648269829265365,0.00025297294936945557
3.5380119103074117,0.0011520000000000243,0.001281869045864979,0.00025306502007241434
3.5386814321270084,0.0011520000000000098,0.0013220007805724559,0.0002531571899918147
3.5393509539466046,0.0011520000000000753,0.0008975440014023944,0.00025324933255368493
3.540020473831839,0.0011517125661524305,0.0012443108650261468,0.00025332311958563953
3.5406899325187786,0.0011512560132857098,0.0008084211835049416,0.00025338599738326296
3.541359391205719,0.0011507994604190188,0.001109322912596947,0.0002534488560697242
3.542028849892659,0.0011503429075522245,0.001201200923120741,0.00025351175685849693
3.542698314509441,0.00114988635064143,0.0012026422605820692,0.0002535747090982539
3.5433678135429463,0.001149429770259358,0.000800620132276944,0.0002536377104402932
3.5440373125764513,0.0011489731898773846,0.0011970648194420768,0.00025370075857884296
3.5447068116099563,0.0011485166094952301,0.0006281371758114767,0.00025376384706574974
3.545376294487111,0.001148060040131561,0.0014038809373949728,0.00025382698747567286
3.546045732132478,0.0011476035016145627,0.0012952503326255803,0.00025389017437167546
3.546715169777845,0.0011471469630976484,0.0010704452749275796,0.0002539534007311165
3.5473846074232123,0.001146690424580622,0.0011154036546207095,0.0002540166735844647
3.548054029103969,0.001146233896951217,0.0013021882686170892,0.0002540798560540922
3.548723424670158,0.0011462597445368113,0.0010215010987323823,0.00025412143141756655
3.549392820236347,0.0011467923998696103,0.0010825083408391631,0.0002541402882285995
3.550062215802536,0.0011473250552026689,0.0008417611048062952,0.000254158997337173
3.550731600947509,0.001147857702243188,0.0013985443124579213,0.00025417771071845757
3.5514009754760925,0.0011483903408357568,0.0012323746530850373,0.0002541964299389177
3.552070350004676,0.0011489229794284768,0.0012123554854789043,0.0002542151516460932
3.5527397245332595,0.0011494556180211904,0.0010831071544177779,0.00025423387485884463
3.5534090862043395,0.0011499882463828414,0.0009731778785217364,0.00025425260489506855
3.5540784396966396,0.0011505208682364152,0.0012959463218438821,0.00025427133902405154
3.55474779318894,0.0011510534900900642,0.0007751058974194804,0.00025429007733208177
3.5554171466812408,0.0011515861119437392,0.0011400472446364259,0.0002543088198990521
3.556086454303673,0.0011521186972973732,0.0014108110365954542,0.0002543275683809581
3.5567557446950566,0.0011526512689400152,0.001122032175388602,0.0002543465787388864
3.5574250350864403,0.0011528687002236068,0.001119099826107274,0.00025440537581029345
3.558094325477824,0.001152488335145545,0.0013475568391951066,0.00025453912015397067
3.5587636321338256,0.001152107960824079,0.0010024782045946017,0.00025467357764893717
3.559432941835318,0.0011517275847719535,0.001612275870838921,0.0002548082477091938
3.5601022515368106,0.0011513472087197499,0.0007989962875320552,0.0002549431244117535
3.5607715612383033,0.0011509668326674465,0.0010493307601483024,0.00025507822226680853
3.561440812183569,0.001150586490007125,0.0011356757563725807,0.0002552135232611227
3.562110060514284,0.0011502061488326274,0.001927737911860638,0.0002553490394437018
3.562779308844999,0.0011498258076579073,0.001856434609797376,0.0002554847629229798
3.5634485556509525,0.0011494454673499853,0.0011664622781633834,0.0002556207114620124
3.5641177829533155,0.001149065138126083,0.0011912117819631938,0.0002557568746492191
3.5647870102556785,0.0011486848089022645,0.0013687615365189725,0.000255893248652524
3.565456237558041,0.0011483044796784237,0.001257127704915233,0.0002560300074026796
3.566125460917836,0.001147514577248234,0.0009396960716921485,0.00025619252005161785
3.566794667193168,0.0011450805466946149,0.0006657233614924737,0.0002564555949232303
3.5674638734685002,0.001142646516140962,0.0016267164870045181,0.0002567201576193333
3.5681330797438324,0.0011402124855873308,0.001496393470697366,0.0002569855280934625
3.5688022669478476,0.0011377785243997952,0.001401343098113129,0.00025725171949798464
3.569471410150016,0.00113534472325518,0.0011181978436670401,0.0002575187140753244
3.5701405533521835,0.0011329109221106808,0.0008521911867301402,0.00025778654796960776
3.570809696554351,0.0011304771209661756,0.0010997528847862008,0.0002580552086801761
3.5714788478084114,0.0011280432905354076,0.0011663265350021984,0.0002583247174630244
3.5721480103256895,0.0011256094191382342,0.0011473223347934227,0.00025859507258576945
3.5728171728429676,0.001123175547740979,0.0013711853149840582,0.0002588662760378845
3.5734863353602457,0.001120741676343838,0.0010594001087554563,0.00025913833198389633
3.574155476453493,0.001118307882869891,0.001156651766685173,0.0002594110881001477
3.5748245986339144,0.0011161612531534692,0.0010814258327509565,0.00025966045569205906
3.575493720814336,0.0011192798173680833,0.0005603926987131709,0.0002595139635799809
3.5761628429947576,0.001122398381582865,0.0008457382958829216,0.0002593650804196425
3.5768319380383344,0.0011255168193216787,0.0011401730185190374,0.00025921645781125927
3.577501018179226,0.0011286351876035304,0.0013603239743239586,0.0002590680969270049
3.5781700983201175,0.0011317535558855462,0.0012559815447753917,0.00025891998134300564
3.578839178461009,0.001134871924167607,0.0012784199577618631,0.00025877212537805114
3.579508242635876,0.0011379902180368863,0.001226019283231782,0.0002586245152886196
3.5801773017589835,0.0011411084883617467,0.0014220497565046663,0.00025847716399792544
3.580846360882091,0.0011442267586865569,0.001291350469221866,0.0002583300626259685
3.581515420005198,0.001147345029011408,0.0011798793357896394,0.00025818321055382274
3.5821844240482097,0.0011504630426253835,0.001454290398334644,0.0002580366217009299
3.5828534201258866,0.0011535810191157735,0.0013374825299618694,0.00025789027111701896
3.5835224162035635,0.0011566989956059463,0.0010917359170778762,0.00025774650492154234
3.5841914122812404,0.0011578930847528073,0.0008791709377903528,0.0002579521040921105
3.5848604481800903,0.0011588816579154542,0.0008429920331701527,0.0002581979984790044
3.585529484590983,0.0011598702318347594,0.0009128146006392295,0.00025844485000861306
3.5861985210018754,0.001160858805754,0.0009904143688767703,0.00025869241454516283
3.5868675512272747,0.001161847370533604,0.0012021815541940538,0.0002589406797500549
3.5875365262924483,0.0011628358538079107,0.0011536377624007024,0.0002591896548736544
3.588205501357622,0.0011638243370821334,0.0009196434734936004,0.0002594393422252649
3.5888744764227956,0.0011648128203565814,0.0012288343329329215,0.00025968975310855535
3.589543442480528,0.0011658012903213951,0.0014702652553223658,0.00025994088929266084
3.590212375524655,0.0011667897115050373,0.002193484436300245,0.0002601927435520202
3.590881308568782,0.0011677781326884552,0.001252151573051399,0.00026044533762845096
3.591550241612909,0.0011687665538721952,0.0017308460950829759,0.00026069866420962585
3.5922191677738655,0.0011697549648853156,0.0011919994174283586,0.0002609505517466531
3.5928880798094482,0.0011679984320415093,0.0011141445053613013,0.00026087714322369854
3.5935569918450314,0.00116533707916615,0.0007978099519601947,0.0002606947423957972
3.5942259038806146,0.0011626757262905838,0.0007802680159636058,0.0002605120173071376
3.5948947881382476,0.0011600144839333457,0.0011958301142519574,0.0002603296889524421
3.5955636371561157,0.001157353381782002,0.0016315716780731233,0.0002601477512875869
3.5962324861739843,0.0011546922796305992,0.0012402555645060734,0.0002599661846218952
3.5969013351918524,0.0011520311774793548,0.0010030476885560017,0.00025978500859380986
3.5975702065353885,0.0011493699865022984,0.0009978860012831061,0.0002596042102753274
3.598239095882225,0.0011467087238970653,0.0010773476890676053,0.000259423778085872
3.598907985229061,0.0011440474612918006,0.000720305325269278,0.00025924373265962534
3.5995768745758974,0.0011413861986862416,0.0008370268968948066,0.00025906405366791385
3.6002457230595333,0.0011387250986606046,0.0014181393482768873,0.0002588847652632633
3.600914551074135,0.001136064080073428,0.0011751754928773725,0.00025870653363496563
3.6015833790887375,0.0011355930811721999,0.001733699517890216,0.00025863015394438874
3.6022522071033394,0.001136581347163471,0.001270277893244752,0.00025862185779124906
3.602921002400847,0.0011375695648115657,0.001304882527903187,0.0002586140092652442
3.603589788412873,0.0011385577687391638,0.0015678058224310478,0.00025860616564030495
3.6042585744249,0.0011395459726668688,0.001170350005960245,0.0002585983204413733
3.604927360436926,0.0011405341765945737,0.0018539409423895732,0.0002585904764477783
3.6055961277310615,0.0011415223528645922,0.0009022530559267699,0.00025858263815320637
3.6062648927437784,0.0011425105257637043,0.0005581129790211348,0.000258574795956203
3.6069336577564948,0.0011434986986626657,0.000858271967575312,0.00025856695534674486
3.6076024226154226,0.0011444868713345402,0.0010933047996436213,0.000258559113645786
3.6082711456334757,0.0011454749821818318,0.0012400805938870523,0.00025855127172895437
3.6089398686515293,0.001146463093029203,0.0009784250797513175,0.000258543433673772
3.609608591669583,0.0011474512038763592,0.0009040608545872295,0.0002585358155445257
3.6102773098285126,0.0011481013786639183,0.0008784776036067172,0.0002585615812731596
3.6109459908571764,0.0011483293899264156,0.0010392929957915025,0.00025862895845837387
3.61161467188584,0.0011485574011887427,0.0015468013253941064,0.000258696670799118
3.612283352914504,0.0011487854124509428,0.0010627240079733554,0.000258764428505597
3.6129520383416773,0.001149013425213029,0.0008884912452629965,0.0002588322456055586
3.6136207387011297,0.0011492414430671434,0.0009375131603955441,0.00025890011056806816
3.614289439060582,0.0011494694609208798,0.000978291908173382,0.00025896803646518145
3.6149581394200347,0.0011496974787747589,0.0010111343310040776,0.00025903600833209237
3.6156268189869083,0.0011499254895386952,0.00153486139328154,0.00025910403926390833
3.616295458031455,0.0011501534864848792,0.0014244066363873161,0.00025917211597680564
3.616964097076002,0.0011503814834311862,0.001038878868381856,0.00025924024641277326
3.617632736120549,0.0011506094803776794,0.0011528153795221088,0.00025930843060947324
3.6183013657052108,0.0011508374740980775,0.001559211677675444,0.0002593767467338689
3.6189699837596763,0.0011508035860136325,0.0012355617617448677,0.00025945676388067207
3.6196386018141418,0.0011501195388966144,0.0016042791220124716,0.0002595654062152062
3.6203072198686073,0.0011494354917792402,0.001157685255228124,0.0002596743858122383
3.6209758143268274,0.0011487514688029493,0.0009477776384136103,0.0002597834902407943
3.6216443904050832,0.0011480674646305279,0.0013402886876956064,0.00025989272618875806
3.622312966483339,0.0011473834604580574,0.001098191750359186,0.00026000210738628504
3.622981542561595,0.0011466994562857346,0.0006638525313979421,0.0002601116246693478
3.623650076250123,0.0011460154954813654,0.0009432839593350281,0.0002602212706076447
3.624318589373946,0.0011453315557159883,0.0010956284482502839,0.0002603310539076746
3.624987102497769,0.0011446476159508855,0.0011443947021523558,0.00026044097455114396
3.625655615621592,0.0011439636761857866,0.0014427011495607492,0.00026055103386250225
3.626324160362958,0.0011432797040734272,0.0012090397687510941,0.00026066124454844896
3.6269927138060387,0.0011425957230585427,0.0012389431101811118,0.00026077162404830985
3.6276612672491195,0.001142068637274941,0.0011274749356489037,0.00026088835155595365
3.628329820692201,0.0011426005620419758,0.001428932333336963,0.00026104539081317556
3.6289983192767834,0.0011431324431618237,0.0009195698045646703,0.00026120296623138975
3.62966681141843,0.0011436643191553137,0.0013785491691333527,0.0002613608288897257
3.6303353035600767,0.001144196195149044,0.0009811474440037478,0.0002615189768877897
3.6310037955839105,0.0011447280710487533,0.0012414839755096716,0.00026167741447439766
3.631672266744698,0.0011452599303492436,0.0013295319184607173,0.000261836130238659
3.632340737905485,0.0011457917896496447,0.0010765196516655472,0.00026199514081619584
3.6330092090662722,0.001146323648950103,0.0011454164924398571,0.0002621544367664335
3.6336776753511075,0.0011468555043710246,0.0006374338187431354,0.0002623140287225352
3.634346104554127,0.001147387330288467,0.0004124003867640113,0.0002624738965312434
3.635014533757146,0.001147919156205949,0.00145762408920095,0.000262634061452617
3.635682962960165,0.0011484509821234263,0.0006635114408107217,0.0002627945214897288
3.636351377906336,0.0011489827966973138,0.0013769397858457697,0.00026295448169568706
3.637019744182578,0.0011501762995248907,0.0011042736606149631,0.0002629955521474981
3.6376881104588197,0.001151391925354116,0.0010335191194588659,0.0002630318663362293
3.6383564767350616,0.001152607551183357,0.0010734674604763544,0.0002630681652021956
3.6390248565792334,0.0011538232016900208,0.0013445620234575667,0.00026310448894812174
3.639693263170485,0.0011550389008442847,0.0012887801512040833,0.00026314081964727614
3.6403616697617363,0.0011562545999985975,0.0012113374905083167,0.0002631771718773708
3.6410300763529877,0.00115747029915286,0.0010808457328361192,0.0002632135334412832
3.6416984555846073,0.00115868594854536,0.0009743856436053165,0.00026324991795538625
3.6423668008878898,0.0011599015362288533,0.001510243229117375,0.00026328630567396834
3.643035146191172,0.0011611171239124425,0.0008332224358785787,0.0002633227206981955
3.6437034914944544,0.0011623327115962382,0.0008571155823417638,0.0002633591391571102
3.644371825131748,0.00116354827806147,0.0008776268373751721,0.00026339557645101424
3.645040149463387,0.001164763827601809,0.0016304987137064114,0.0002634321722711072
3.645708473795026,0.0011665301028502414,0.0010583247337670506,0.0002634893231522768
3.6463767981266644,0.0011684291831288113,0.000980097436384893,0.0002635516015751402
3.6470450945260486,0.0011703281840363634,0.0015142244342363372,0.00026361395098413123
3.647713376918349,0.0011722271451419493,0.0011774742447471544,0.00026367635199283404
3.648381659310649,0.001174126106247458,0.0007478706196966715,0.0002637387909076641
3.649049941702949,0.001176025067353303,0.001136104149000106,0.00026380127931228216
3.6497181753161683,0.001177923889850431,0.0012373525150895623,0.0002638638036973816
3.6503863948093285,0.0011798226722247558,0.0009331763055507395,0.00026392637400966384
3.651054614302489,0.0011817214545990526,0.0010008609496773803,0.0002639889950824418
3.6517228337956498,0.0011836202369732848,0.0017068630939488967,0.00026405165582388685
3.6523910889494653,0.0011855191206793416,0.0016042481115648157,0.00026411436149306636
3.653059348753387,0.0011874180175989399,0.001784836710801828,0.00026417711430970356
3.6537276085573085,0.0011893169145184104,0.0007459120254382566,0.00026424053515483224
3.65439586836123,0.0011887841885622043,0.0016418374021861721,0.0002643971858510822
3.655064067279591,0.0011868854646522923,0.0008572254116149459,0.0002646070248478966
3.6557322658090032,0.0011849867418476342,0.001941996147375849,0.0002648177108013746
3.656400464338415,0.0011830880190428896,0.0005309656787895914,0.0002650288978486507
3.657068658563907,0.0011811893084679864,0.001103403628623729,0.00026524058948700774
3.657736815169767,0.0011792907047914903,0.0011306593220506281,0.0002654527723502467
3.6584049717756275,0.0011773921011147969,0.0011235876972375781,0.0002656654650420433
3.6590731283814875,0.0011754934974383875,0.0014702688844684135,0.00026587866902920816
3.6597412805559046,0.001173594906354025,0.0010860812125814733,0.00026609238501759853
3.6604094162019614,0.0011716963622358375,0.0014658030862251534,0.00026630660349135954
3.661077551848018,0.0011697978181179336,0.0012757295672165105,0.0002665213487778288
3.6617456874940753,0.001167899273999591,0.0014652580855285633,0.0002667366043190122
3.662413816431983,0.0011660007489429757,0.0008772787705737866,0.00026695136584321485
3.6630819311195517,0.0011642458163565318,0.0016184162372202535,0.0002670128168990806
3.66375004580712,0.00116265090804274,0.0012030950835352223,0.0002669032870178659
3.664418160494689,0.0011610559997284205,0.0011309780712486618,0.0002667927517695447
3.6650862482379143,0.0011594611557352323,0.0011226107314379476,0.00026668236393389053
3.6657543000579067,0.0011578663974971383,0.0010265057925431368,0.0002665721087103309
3.666422351877899,0.001156271639259331,0.0014349162402857892,0.00026646199879170186
3.6670904036978915,0.0011546768810213794,0.0005455587145146744,0.00026635202572231574
3.6677584659049747,0.0011530820979874668,0.0012717338433807133,0.000266242189323489
3.668426537077036,0.0011514872935526005,0.0010797772151026391,0.0002661324887093697
3.669094608249097,0.0011498924891177975,0.00126205310913619,0.0002660229158558158
3.6697626794211584,0.0011482976846830238,0.0010948461360484499,0.0002659134855010762
3.6704307111035535,0.0011467029745169507,0.0008926105666948797,0.00026580419727749574
3.671098721018401,0.0011451083163140049,0.0010135094240018246,0.0002656953760921491
3.6717667309332485,0.0011436758089266128,0.0012256758702834227,0.0002656373926801959
3.672434740848096,0.0011426128242926195,0.0009338137653802472,0.00026569361868661356
3.6731027349962866,0.00114154986474775,0.0013406957628244042,0.00026575062863372513
3.673770723960533,0.0011404869134522203,0.0015572658625515076,0.0002658076861487698
3.6744387129247795,0.0011394239621565273,0.0010663863065748015,0.00026586477717779644
3.675106701889026,0.0011383610108609806,0.0010440925723868718,0.00026592190532028913
3.6757746548068995,0.0011372981169244956,0.0009087174564075647,0.00026597906998168983
3.676442601873886,0.001136235232298815,0.0011824106940032642,0.00026603626881260394
3.6771105489408726,0.0011351723476728654,0.001316056984546758,0.00026609349879527414
3.677778496007859,0.0011341094630472762,0.0013443104631175164,0.00026615077092357063
3.678446382256128,0.001133046675200516,0.001618513746809151,0.0002662080717578373
3.6791142664870784,0.0011319838905637205,0.0007360540887161682,0.0002662654094248054
3.6797821507180286,0.0011309211059270356,0.0009694444808290513,0.0002663227894891805
3.6804500379745093,0.0011297064793383974,0.0011737009771533957,0.0002663798585455729
3.6811179625065087,0.0011275046137674306,0.0013789352118262978,0.0002664348813681091
3.6817858870385085,0.0011253027481962798,0.001250310809238931,0.0002664899256927935
3.6824538115705083,0.0011231008826253978,0.0006582739207317452,0.00026654500017805124
3.683121724948247,0.0011208990538254234,0.0014354403327218631,0.00026660010182090693
3.683789588236479,0.0011186973901491791,0.0006878158868284894,0.00026665524262239616
3.684457451524711,0.0011164957264729544,0.001047728222473937,0.0002667104091718658
3.6851253148129426,0.0011142940627968804,0.0014318378182988814,0.00026676561628112994
3.6857931659896916,0.0011120924390474358,0.0013629028195655045,0.0002668208510712155
3.6864609873964267,0.0011098909134368577,0.0009735512476160347,0.00026687611963909527
3.6871288088031617,0.0011076893878263982,0.0012022091123701107,0.00026693141698418376
3.687796630209897,0.0011054878622160352,0.0013466636757922988,0.0002669867534956973
3.6884644433249574,0.001103286363939595,0.0009550396105964697,0.00026704213018418526
3.6891322437929137,0.00110108490735554,0.0015508109258100388,0.000267097873994723
3.68980004426087,0.0011004891668759211,0.0007791548522243255,0.0002672047717354829
3.6904678447288264,0.0010999578412021836,0.0011978416936445566,0.000267314202777587
3.6911356136238784,0.0010994265406493848,0.0009983925859681014,0.00026742376591485766
3.6918033512833763,0.0010988952649484218,0.001207751595845021,0.0002675334687308937
3.692471088942874,0.001098363989247608,0.0010597239669489383,0.0002676432964915108
3.6931388266023717,0.0010978327135465313,0.0012130379825479273,0.00026775326984995794
3.693806588802975,0.0010973014183199336,0.0008566719726193026,0.0002678633813519084
3.694474366759273,0.0010967701105576004,0.0017713963088516523,0.0002679736181987132
3.6951421447155717,0.0010962388027952004,0.001082588482475838,0.0002680840035109125
3.6958099226718697,0.001095707495032655,0.0008006261291833672,0.000268194520863859
3.6964776568356275,0.001095176222113144,0.0013893774758236143,0.00026830517416475883
3.6971453735615976,0.0010946449630675407,0.00119343614384669,0.0002684159532521752
3.697813090287568,0.0010941137040223223,0.0010511328497362343,0.00026852721461255723
3.698480807013538,0.001095849172245757,0.001070879832568469,0.00026868989458865306
3.6991484893526776,0.0010982017697130073,0.0010191493539427636,0.00026886717797968107
3.6998161642155303,0.0011005543408368992,0.0008266268975787271,0.0002690442157327129
3.700483839078383,0.0011029069119605386,0.0014943639902446977,0.000269118353831375
3.7011515139412356,0.0011052594830845467,0.0012905215789758375,0.0002691527704716461
3.7018191693946525,0.0011076119858190027,0.0006014893147159284,0.00026918694269667634
3.7024868233279147,0.001109964483196632,0.0012736470568006633,0.00026922112789960875
3.7031544772611773,0.0011123169805747726,0.0016447148098567162,0.00026925532471366273
3.703822129109917,0.0011146694706077247,0.0007458829537674619,0.0002692895348810877
3.7044897202622806,0.0011170217467754802,0.0012296929360361586,0.0002693237583718031
3.705157311414644,0.0011193740229429108,0.0011282180891279564,0.0002693579924644709
3.705824902567007,0.0011217262991108689,0.0009463318449977598,0.0002693922442354223
3.7064924964051125,0.0011240785847417697,0.001158675281531637,0.00026942634502672173
3.7071601069250772,0.0011251846570082104,0.0009458790656467142,0.00026943703072141985
3.707827717445042,0.0011254882198227394,0.0009008115097304775,0.00026943253852740497
3.708495327965007,0.0011257917826373075,0.0008679844566548511,0.0002694279464317385
3.7091629235548544,0.0011260953386632705,0.0011375059761164232,0.00026942334837983727
3.7098304728598444,0.0011263988736434096,0.0009697352083513373,0.0002694187573816687
3.710498022164834,0.0011267024086231657,0.0011989053455293466,0.0002694141661489871
3.7111655714698237,0.0011270059436035095,0.0008263707183549008,0.000269409569431782
3.7118331134705995,0.0011273094752622874,0.001394936632236614,0.0002694049787129001
3.71250064185387,0.0011276130007292803,0.0009438235651948589,0.00026940038825890836
3.71316817023714,0.001127916526196413,0.0014556285462863365,0.00026939579429611376
3.71383569862041,0.0011282200516634336,0.000653697481865344,0.0002693912025304209
3.714503207999188,0.0011285235684888916,0.001793088986932,0.00026938660900580714
3.7151706945429535,0.0011288270749313684,0.0013481581351896853,0.0002693824242213629
3.7158381810867183,0.0011290326416329558,0.001126630374802504,0.00026943936033803427
3.7165056676304835,0.0011291085096194477,0.000874313492872824,0.0002695770775053822
3.7171731424794903,0.001129184376276431,0.000807353258473406,0.00026971554552096403
3.71784060810547,0.0011292602418850465,0.001150118666780397,0.00026985422496670453
3.718508073731449,0.0011293361074939496,0.001025188576171107,0.0002699931190587729
3.7191755393574284,0.0011294119731025812,0.0008924963565792071,0.0002710391762406784
3.719842963331798,0.0011294878339772059,0.003291790658696521,0.0059673349668939385
3.720510366212286,0.0011295636924541926,13066.329135817658,13697.324519630745
3.7211777690927734,0.0011296395509310794,12235.733948096346,26989.481252783917
3.721845171973261,0.001129715409408178,6326.362408915972,9235.741760951554
3.7225125897365845,0.00112979126957687,15358.06486245904,11906.517414916027
3.7231800119910106,0.0011298671302559184,9701.902918008744,14445.455356902692
3.723847434245436,0.0011299429909350357,-638.4557679287688,10668.076359788925
3.7245148564998622,0.0011301696838125338,5515.658182307494,10812.254773645187
3.725182225370639,0.0011308524529197639,-29115.40623116791,14940.527351986895
3.7258495864273518,0.0011315352140327723,38991.270414160615,30328.50038801922
3.726516947484065,0.001132217975145785,88683.65125677979,73560.39350553147
3.72851898932699,0.0011342662162035309,42294.46847075756,47131.37505054064
3.7291863294737815,0.0011349489559239908,-25887.818573746663,32439.59877265613
3.730520964587599,0.0011363143891429319,-11219.48441487598,20432.194882329306
3.731188262918478,0.0011369970860824307,-13608.697460418989,18555.586766848133
3.731855561249357,0.0011376797830219198,24146.788038345065,16234.469995255124
3.732522851878539,0.0011383624720822873,27328.651277089888,24812.878909799223
3.733190108398746,0.0011391052826067798,-652.2078951602957,79335.20093450209
3.7365264353331793,0.0011470687817683137,76047.91183924743,54186.98986292195
3.7378609632087914,0.0011502541745152931,4632.548212431196,65519.5499343781
3.7405298014076083,0.0011566244407318683,80113.68221619038,38149.63056299264
3.741864147236765,0.0011598093989511936,167850.67612025104,141840.80864453665
3.7458670447566282,0.0011707028616756107,60028.6166492875,79131.49165830215
3.746534134086527,0.0011725228166506198,39000.10899814775,67923.83591064553
3.7472012234164254,0.001174342771625976,164155.9688967646,398446.3110345388
3.747868312746324,0.0011761627266013088,58140.97461335844,28044.218724799142
3.7492025640166227,0.0011798028346479547,170132.82047884274,108772.79514892037
3.7498696936245026,0.0011816228995097434,-14943.376099671197,36061.182791611776
3.7505368232323826,0.001183442964371614,-22193.987778870312,93592.4440107117
3.751203878561307,0.0011820533636315979,-12514.261605197007,23962.268290085787
3.751870926106719,0.0011792480943453548,-1911.3918806182205,16240.29198297367
3.7525379736521307,0.00117644282505914,-25624.024230282794,16938.47500735787
3.7532050210419876,0.0011736375564272755,5926.892630664537,16085.896153193285
3.753872047697119,0.0011708323749951052,51379.18297391412,45826.92152294417
3.7545390743522504,0.0011680271935627334,-34156.39716393181,19701.783851259705
3.755206101007382,0.0011652220121306767,2061.359352895183,16669.03638993346
3.7558731230829943,0.0011624168499578835,11071.37061772501,27529.598295963624
3.7572070928399857,0.0011568068384769585,23814.3513821464,38615.98677833835
3.757874077718481,0.0011540018327364614,-19871.34352669574,108010.15042217454
3.7765463304213656,0.0011899938466479213,-17603.99513679982,29067.046197737567
3.777213101783169,0.0011925234832339336,11926.500587926259,22682.364522859556
3.777879876379363,0.0011885067687990622,66867.09400323694,78340.48409051663
3.7785466509755565,0.0011844900543642471,-17471.51433395887,13078.065937922329
3.7792134243477893,0.0011804733473024455,-2654.13653924476,19392.414632514465
3.7798801378056557,0.001176457001170711,-20515.69650836654,13696.36016072027
3.780546851263522,0.001172440655039004,-18633.8161714304,12269.53616563343
3.7812135647213885,0.0011684243089072094,-5522.246136909001,8522.029265856867
3.7818802731556844,0.0011644079930379953,822.9517369285535,6238.1302414480915
3.7825469448761364,0.0011603918983365473,-394.1871242252205,5484.4174467208895
3.7832136165965884,0.001156375803634718,-1765.5383288049766,5420.549750571852
3.7838802883170404,0.0011523597089333464,1320.5235387243235,5117.305163155115
3.7845469554372304,0.0011483436419444627,-7770.060489062232,4066.77689528451
3.7852136062909345,0.00114432767294624,-7100.495265254792,3795.8692948950725
3.785880257144639,0.00114031170394818,-113.10996652960256,4576.901701460763
3.786546907998343,0.0011362953138671313,-482.7946239993985,4222.609859392839
3.787213538795277,0.0011322790091906473,675.9566920997679,3934.191115983669
3.787880127056575,0.001128262960782253,443.7696124556519,4278.061629429308
3.788546715317873,0.0011242469123738184,2105.4029059088516,3505.045277836145
3.7892133035791713,0.001120230863965418,1974.6794435706945,2839.973058904187
3.7898798999898595,0.0011162147664586946,-1270.3767267209582,3084.4726593059936
3.790546507652437,0.001112198601161797,-30.165697564376906,3103.996632098638
3.7912131153150144,0.0011081824358648812,553.8898488065553,3782.05324697664
3.791879722977592,0.0011041662705681098,2294.883589616141,5743.005599856566
3.7925462988923115,0.001100150296545035,2201.0412508532963,5930.218675517915
3.793212845431868,0.00109613449950115,-13818.42844126995,5829.971597614496
3.793879391971425,0.0010921187024569682,-5037.044469888999,5542.490020275428
3.794545938510982,0.0010881029054132488,1685.2908033316094,5399.826760093604
3.795212472143578,0.001086230664922727,1782.6115853760048,8078.848773570575
3.7958789978242224,0.0010851700421074604,6398.470362264525,7015.236279478341
3.796545523504867,0.0010841094192919397,2300.7331960545393,8093.216933286126
3.7972120491855117,0.0010830487964767505,-1733.505172782045,6003.315416737791
3.797878544914837,0.0010819882213218088,176.12856995560264,5257.631479366809
3.7985450288815734,0.0010809276648849737,3269.921725998694,6666.074495455486
3.79921151284831,0.0010798671084477755,3974.9528154719587,3990.8197085975835
3.7998779968150465,0.0010788065520104745,5879.906439152115,4117.065775667032
3.800544429668348,0.001077746076908766,-375.53136511665167,3764.2525642939945
3.801210851074011,0.0010766856200232276,246.24311388680974,3629.29991644335
3.8018772724796746,0.0010756251631375356,2399.9349954187237,4021.1467416516684
3.8025436938853376,0.0010745647062520142,-8552.416489611775,4125.95924115283
3.803210152153721,0.0010735041907079003,4085.796361559738,4086.238153383813
3.8038766138179367,0.0010726026212572906,-174.377162719437,3925.727489494763
3.8045430754821523,0.0010718451062943896,-775.4446213493759,3821.4476076322194
3.8052095362810463,0.001071087592315211,-1717.1501427231667,3498.1138956551004
3.8058759368356285,0.001070330146810862,-5672.534568632195,2549.0172099792667
3.8065423373902108,0.001069572701306964,-2360.580583975516,2524.129903857294
3.807208737944793,0.0010688152558030039,2444.0036597627554,2451.3668118918267
3.807875133801196,0.0010680578156385952,-667.8946070068628,2526.534299404722
3.80854149265753,0.0010673004175295135,-2356.0990325347984,2742.153685539872
3.8092078515138637,0.0010665430194205787,-847.970199081562,2740.1222029876494
3.8098742103701975,0.0010657856213117684,4093.8467398846815,2661.4415972221095
3.8105405604319076,0.0010650282331984963,2094.4534226383435,2814.4635538453394
3.8112068775952115,0.0010642708824787704,-2271.1842930713237,2840.3710482626084
3.811873194758515,0.0010635135317588582,-1534.4096321864208,2962.0596421518826
3.812539511921819,0.0010630000000000463,7713.97373419577,3295.0496088900327
3.813205809765929,0.0010629999999999626,-2543.0685691620956,3214.6646312993676
3.813872064399469,0.0010629999999999522,-3318.0809833252238,3197.6061794273874
3.814538319033008,0.0010629999999999759,1477.5493593229494,2848.0190849735577
3.815204573666548,0.0010629999999998974,-1808.849983859613,2580.2860503299535
3.815870844667893,0.0010630000000000168,-3149.694762734611,2620.9205915465964
3.8165371395551273,0.0010630000000003493,4273.790707102775,2643.0047392359456
3.8172034344423618,0.0010629999999998995,603.989040771217,2532.5521999235616
3.8178697293295962,0.0010630000000000333,4176.952201832918,3026.8172848514746
3.818535993416095,0.0010630000000000023,-628.1978136170148,2893.7499831094688
3.819202227208988,0.0010630000000000557,-4335.529885814799,2935.041150566347
3.819868461001881,0.001063000000000223,-1594.9537053547942,2623.8072926189407
3.820534694794774,0.0010630000000000602,1275.0281543719136,2459.606348064475
3.8212009035110293,0.001063233177004699,1323.0782565944805,2985.5336932522405
3.8218670956265406,0.0010652019193327495,-2092.515510182534,2779.171492165683
3.8225332877420515,0.00106717066166111,0.0025953832228167275,0.006375196934939339
3.8231994798575624,0.0010691394039893955,0.000837158260378743,0.0002819316168382056
3.823865657408724,0.0010711081032765894,0.0014293768256183332,0.00028104510320769245
3.824531828687499,0.001073076784027693,0.0011578050078274173,0.00028110433675925005
3.8251979999662744,0.0010750454647788094,0.0012048564878412975,0.00028116361302730976
3.8258641712450494,0.0010770141455299428,0.0012726240148648873,0.00028122292478280136
3.8265303093489127,0.0010789827282416343,0.0012733643512084654,0.00028128227212671146
3.827196438958126,0.0010809512858503915,0.0013324754833935327,0.0002813416544411382
3.82786256856734,0.0010829198434588612,0.0007283691476478104,0.000281401084928325
3.828528698176554,0.0010848884010672326,0.0006777046930000179,0.00028146054382934655
3.8291947719739676,0.0010868567937398555,0.0005314295501817252,0.0002815200330451595
3.8298608390886124,0.0010888251666632638,0.0013532752745250337,0.00028157985263707657
3.830526906203257,0.0010895519210669935,0.0011155361409680919,0.0002816831871155736
3.8311929733179024,0.0010901576431220745,0.001157357786654815,0.0002817911692341172
3.831859080263162,0.0010907634013987357,0.0011381815747344265,0.00028189930923348805
3.8325251876260364,0.0010913691600553705,0.001164080722086103,0.00028200757391720263
3.833191294988911,0.0010919749187123346,0.0015210692384671407,0.0002821159589274931
3.833857395303097,0.001092580670958919,0.001471070002849932,0.00028222447405354265
3.83452342076121,0.0010931863551313663,0.0009125948987060468,0.0002823331040983758
3.835189446219323,0.001093792039303933,0.0006199979343322998,0.00028244185452614546
3.8358554716774362,0.001094397723476202,0.0008402573790083587,0.00028255073318841483
3.8365214933373917,0.0010950034041945027,0.0010151844060220703,0.00028265973570048436
3.8371874979691927,0.0010956090694275668,0.0013278296977476717,0.0002827688620642428
3.8378535026009937,0.0010962147346604211,0.0012560117123448953,0.00028287811510764317
3.8385195072327947,0.0010968203998935446,0.00027121223861175433,0.0002829873849102078
3.8391855002627437,0.001096041486163938,0.0011374020295353766,0.0002830807635399713
3.8398514632458283,0.001094678979492708,0.0009422079309514095,0.000283167387381268
3.8405174262289123,0.0010933164728211071,0.0008183157698683151,0.0002832540359569282
3.8411833892119964,0.0010919539661494483,0.0009822676587967483,0.00028334077289675504
3.8418493288018394,0.0010905915073387525,0.0011840583085381345,0.0002834275743701998
3.8425152293216143,0.0010892291284623728,0.0009639336916868002,0.00028351446369548285
3.843181129841389,0.0010878667495855827,0.001449885505582728,0.00028360142407274434
3.843847030361164,0.0010865043707091893,0.0014390218891759266,0.0002836884634286264
3.844512949799057,0.001085141953127691,0.000512074165092162,0.00028377558755606766
3.8451788905622037,0.001083779491916222,0.0011685034565990476,0.00028386279277345557
3.84584483132535,0.00108241703070514,0.0008963494796352936,0.00028395008219048705
3.846510772088496,0.0010810545694938272,0.001010404131015479,0.00028403744715804226
3.8471766783179944,0.0010796921789357548,0.0009297051428306146,0.0002841253335252201
3.84784255801927,0.0010793723096377164,0.0013871483953614727,0.0002842800394116141
3.8485084377205454,0.0010801291631285053,0.0007752687337385005,0.0002845040759097445
3.849174317421821,0.001080886016619437,0.0010187940896005357,0.0002847291008536372
3.8498401696031745,0.0010816428388305294,0.000999303746550452,0.0002849546552033403
3.850506007671356,0.0010823996450005406,0.0009953975542670477,0.0002851807380155431
3.851171845739538,0.0010831564511701358,0.0010830829932578,0.0002854073627663999
3.85183768380772,0.0010839132573400836,0.001455399289128781,0.00028563452181998083
3.8525034903958275,0.0010846700277289667,0.001314953684160962,0.0002858622202833244
3.8531692868361214,0.0010854267865835787,0.0012240106401420012,0.00028609046308368324
3.853835083276415,0.0010861835454381548,0.0009383422270420709,0.00028631924737633057
3.854500879716709,0.0010869403042926618,0.0010139336572941918,0.0002865485870769902
3.855166623015054,0.001087697002745211,0.0006803285106444889,0.0002867784597887027
3.8558323570232744,0.0010884536906378133,0.0013855489688952716,0.0002870085474540143
3.856498091031495,0.001089652247581895,0.0013066673471205511,0.0002871879029669572
3.8571638250397156,0.0010919982467012864,0.0008884332467575105,0.0002872362290177063
3.857829597105553,0.0010943443799331153,0.0014036167811841134,0.00028728370504528116
3.858495371352287,0.0010966905208502624,0.0013601164572835268,0.0002873312077482409
3.8591611455990207,0.0010990366617676403,0.0015319505969269534,0.00028737873164269947
3.8598269173866018,0.0011013827940188122,0.001392497769230036,0.0002874262798017606
3.8604926305867333,0.001103728719812254,0.001302161060145587,0.00028747384918225696
3.8611583437868644,0.0011060746456056831,0.0008130442044682624,0.00028752144245379864
3.861824056986996,0.00110842057139912,0.0010575853863038652,0.00028756905994162333
3.8624897645792227,0.0011107664774304522,0.0011300603850198459,0.00028761670325762675
3.8631554361670775,0.001113112256585,0.0013464939778480855,0.0002876643606054933
3.8638211077549323,0.0011154580357397444,0.0013034288278875776,0.00028771205014384033
3.8644867793427866,0.0011178038148943737,0.0013749799899996132,0.0002877597138793861
3.8651524461664013,0.0011199276321328959,0.0008449090048182729,0.0002878003252252737
3.8658180969500684,0.0011187927421854305,0.000933335403271775,0.0002877463303347736
3.866483747733736,0.0011176578522383844,0.0008970925234965094,0.0002876917263662985
3.867149398517403,0.0011165229622913633,0.0008622830620861406,0.0002876371535737652
3.8678150291368367,0.0011153881067228007,0.0005507800369390483,0.0002875826172487569
3.868480617515743,0.0011142533231716207,0.0012806066430524512,0.0002875281077089611
3.869146205894649,0.0011131185396202274,0.0015458450388072082,0.00028747363905235466
3.8698117942735553,0.001111983756069122,0.0011635939299948694,0.00028741919761547094
3.8704773907541936,0.0011108489587051673,0.0010880992839982099,0.0002873647916651923
3.871142998567768,0.0011097141420192563,0.0017693182319511852,0.00028731040601641156
3.871808606381342,0.001108579325333167,0.0013670660592024464,0.00028725605724660866
3.8724742141949164,0.00110744450864679,0.001786765522249903,0.0002872017392785586
3.8731397802455834,0.0011063097631641289,0.001117537998707036,0.0002871474527133251
3.873805306231428,0.0011051750859887705,0.0010848270214409699,0.0002870938649815109
3.8744708322172734,0.0011037843796604138,0.001254890862292202,0.00028713919657374296
3.8751363582031186,0.0011023469585246272,0.0009322129855708884,0.0002872032525844336
3.875801871633726,0.0011009095645061805,0.0010293026123754608,0.00028726747193008145
3.876467376824484,0.0010994721882840698,0.0015912940565168405,0.0002873317287496408
3.8771328820152413,0.001098034812061964,0.0009193542423723835,0.0002873960368816247
3.8777983872059987,0.0010965974358402666,0.0012983994227864068,0.0002874603794484777
3.8784638634102273,0.0010951601222241353,0.0012256471641676992,0.0002875247676197053
3.879129327014708,0.0010937228358217268,0.0008759033959613008,0.00028758919602416737
3.8797947906191883,0.0010922855494186817,0.0010170311387121488,0.0002876536616505616
3.8804602542236686,0.0010908482630157571,0.0008722196986981853,0.00028771817631417725
3.881125717828149,0.00108941097661317,0.0012389213847488196,0.000287782731248358
3.8817911814326296,0.0010879736902101298,0.0010667754886532555,0.00028784733148073857
3.88245664503711,0.001086536403807516,0.0012488553107716498,0.0002879120899090219
3.88312210864159,0.0010854310861903188,0.0007463619661591315,0.00028799450698379964
3.8837874988137613,0.0010845235296924854,0.0009691424844859743,0.000288087555579883
3.884452879261278,0.0010836159864589083,0.0009571243254327,0.00028818075992265136
3.8851182597087943,0.0010827084432250892,0.0011599359628501334,0.00028827406297886034
3.8857836401563106,0.0010818008999911306,0.0009117213941730217,0.0002883674479128297
3.8864490395707665,0.0010808933308878237,0.0008331406783306521,0.00028846093163504085
3.8871144394598707,0.001079985761136588,0.0016833197204448329,0.0002885545010982621
3.887779839348975,0.0010790781913859262,0.000910899178946024,0.00028864816573351347
3.888445235097109,0.001078170627282738,0.0010132195025502368,0.0002887419135761632
3.8891105739739364,0.0010772631407497317,0.0009191406237565917,0.0002888357549698527
3.8897759128507636,0.0010763556542160457,0.0014029203766383965,0.0002889296823538129
3.8904412517275913,0.001075448167682354,0.0006261309542319493,0.0002890236986158131
3.891106583947445,0.0010745406902286669,0.0010998653588114205,0.000289117748037239
3.8917718812587774,0.0010740305616342698,0.0009918729196558887,0.0002892024152672842
3.89243717857011,0.0010741061807879443,0.0006972654858623853,0.0002892732654251958
3.8931024758814425,0.0010741817999411361,0.0013829080749596862,0.000289344078428044
3.893767773192775,0.0010742574190945628,0.0012355044401305727,0.000289414944261994
3.8944330705041077,0.0010743330382477574,0.0008430288398296151,0.00028948585611958015
3.8950983678154403,0.0010744086574009017,0.0011059410331234292,0.0002895568254118105
3.895763665126773,0.0010744842765546007,0.0012098768926258026,0.0002896278449523948
3.896428933826599,0.0010745598924559504,0.0009392772722189108,0.0002896989126857261
3.8970941480225196,0.0010746355021620034,0.0006878187368401666,0.00028977003100422383
3.8977593622184408,0.00107471111186861,0.0009747545531557739,0.00028984120092709017
3.898424576414362,0.0010747867215746315,0.0009562233358768333,0.00028991242142731126
3.8990897990851607,0.0010748623322444932,0.0013033557889052796,0.0002899836963417301
3.8997550327281965,0.0010749379441609107,0.0014409497251079008,0.00029005505523680276
3.900420266371232,0.001075189806661021,0.0009034495030518046,0.0002901314394522134
3.9010855000142675,0.0010762484938277078,0.0010129881696148832,0.00029023000876997513
3.901750701505791,0.0010773071298263424,0.0006872835363050558,0.00029032883207057527
3.9024158741517936,0.0010783657199189972,0.0013185057298266045,0.0002904277459706566
3.9030810467977957,0.0010794243100113452,0.0011039058076654383,0.00029052676060974445
3.903746219443798,0.0010804829001037296,0.00031264411919748884,0.0002906258769949231
3.9044113663982,0.0010815414493093951,0.0011520655974806139,0.00029072508744149906
3.9050764974994743,0.0010825999732856583,0.001541949740107772,0.0002908244042204795
3.9057416286007482,0.001083658497261748,0.0007414772542708455,0.0002909238187137412
3.9064067597020222,0.0010847170212380695,0.000843638464932514,0.0002910233347057888
3.9070718613321294,0.0010857754983119256,0.0013581970875571527,0.00029112295334871914
3.9077369508938644,0.0010868339561798512,0.0009244984742169651,0.0002912226711725507
3.908402040455599,0.0010878924140478368,0.0008417486565369717,0.00029132249531986997
3.909067130017334,0.0010889508719157653,0.0009547074905218783,0.00029142235629460206
3.9097321863394203,0.0010885675019279828,0.0002999368759819906,0.0002915137526537412
3.9103972343668043,0.001088113957012805,0.0010744238467026545,0.00029160475026888646
3.9110622823941883,0.0010876604120977965,0.0007957512589929071,0.0002916958335152659
3.9117273304215723,0.0010872068671824071,0.0012925512966725486,0.00029178699844620325
3.912392395778707,0.0010867533104487164,0.0009456639048845495,0.0002918782550421498
3.9130574632587245,0.0010862997522673135,0.0008956528234808643,0.00029196959519171676
3.9137225307387418,0.001085846194085797,0.0016100788999346138,0.00029206101935725596
3.9143875982187595,0.0010853926359045566,0.0010613198977824894,0.00029215253011632833
3.915052605863366,0.0010849391185291327,0.0009928186490816802,0.0002922441232320764
3.915717612361586,0.0010844856019354098,0.0011400328366627918,0.0002923357970657862
3.9163826188598065,0.0010840320853420763,0.0014933200795645652,0.0002924275571269913
3.917047622387684,0.0010835785707742564,0.0015849703034891134,0.00029251940334624343
3.917712587361927,0.0010831250824994486,0.0015954727677029252,0.00029261144231270986
3.9183775523361697,0.001082288373266924,0.0014738528964699472,0.0002927191332972291
3.9190425173104124,0.0010813057036449896,0.0008864626392787863,0.00029283298412004135
3.919707475574343,0.0010803230439390367,0.0007649830647650329,0.00029294699803669206
3.9203723990297936,0.0010793404356726367,0.001326635907694402,0.0002930611410863473
3.9210373224852444,0.0010783578274059743,0.0011960113015788965,0.0002931754227742853
3.921702245940695,0.0010773752191393354,0.0013468376508536724,0.0002932898322987404
3.9223671589569333,0.001076392626299748,0.0011774608162378995,0.0002934043781418573
3.9230320408987764,0.0010754100793809698,0.0010130467241660946,0.0002935190444283681
3.923696922840619,0.001074427532462511,0.0010348194680557868,0.00029363384882162037
3.924361804782462,0.0010734449855435665,0.0006398334713842071,0.00029374879348061697
3.925026693360787,0.001072462428817854,0.0017188526356253532,0.00029386386537738423
3.9256915947607744,0.0010714798531440669,0.0009399007405947828,0.000293979074302768
3.926356496160762,0.0010704972774707516,0.0015034833142934284,0.00029409468159800775
3.927021397560749,0.0010696640625089363,0.0008213071018235523,0.0002942483149999505
3.927686272719511,0.0010689839219736631,0.0011947614742562245,0.00029444109182924337
3.92835111315293,0.0010683038169611002,0.0010553316822290103,0.0002946344951177165
3.9290159535863483,0.0010676237119488056,0.0010098331524782567,0.00029482827858243654
3.929680794019767,0.0010669436069359825,0.001051040659463307,0.00029502244427172415
3.9303456128808216,0.0010662635239907705,0.0008650498299786864,0.0002952169907451164
3.9310104118109983,0.0010655834614343546,0.0014160648819420757,0.0002954119156199988
3.931675210741175,0.0010649033988780878,0.0009165110077981025,0.000295607223762332
3.9323400096713517,0.0010642233363215743,0.0008612189791844257,0.0002958029191647754
3.9330047833339106,0.0010635432996130268,0.0011479213700658214,0.0002959989959880109
3.9336695407660267,0.0010628632795074728,0.0009048636093064606,0.0002961954605484687
3.934334298198143,0.0010621832594017182,0.0013097319514351574,0.0002963923078351381
3.934999055630259,0.0010615032392962197,0.001155639425344243,0.000296589240680712
3.935663813062375,0.0010609214307511852,0.0009238875673286857,0.00029673787118425423
3.9363285704944913,0.0010606191995931238,0.0006285503124260566,0.0002967503193072969
3.9369933279266074,0.001060316968435134,0.0008444966242403841,0.00029676186245129526
3.937658085358723,0.0010600147372770553,0.0009406772051707835,0.00029677340702765666
3.9383227775165643,0.0010597125357962149,0.0009847197174469812,0.00029678494938664696
3.9389874519680994,0.0010594103423650272,0.0018111797206270823,0.00029679649677888154
3.939652126419635,0.0010591081489339177,0.0006930558484686163,0.0002968080391568304
3.9403168008711704,0.001058805955503051,0.0012800083861819874,0.0002968195864272274
3.9409814923546,0.0010585037543283144,0.000561549529595013,0.0002968311369687476
3.9416461862711576,0.0010582015520476322,0.001356484324899042,0.0002968426874704712
3.942310880187715,0.0010578993497670948,0.0011039338678496765,0.0002968542406674358
3.9429755741042722,0.0010575971474862565,0.0013039727182781614,0.0002968657960349065
3.9436402093201313,0.0010572949718937062,0.0011711126906856382,0.00029687735668114086
3.9443048422891445,0.0010570288139848995,0.0006737884361496287,0.0002968911761603744
3.9449694752581577,0.00105823764966826,0.0011477493307464927,0.0002969774058154761
3.945634106100647,0.0010594464814834919,0.0010447673499617745,0.0002970641976303411
3.946298697592316,0.001060655241727616,0.001115675630908316,0.00029715106520998997
3.9469632890839845,0.0010618640019714775,0.00174282374755422,0.0002972380000127186
3.9476278805756535,0.0010630727622156337,0.0009081402416186081,0.0002973250236936094
3.948292466296049,0.0010642815119629575,0.0005920143768103278,0.0002974121128179159
3.9489570163155494,0.001065490196776877,0.0010433853173116186,0.00029749927870765635
3.9496215663350505,0.0010666988815914691,0.0012064201839030275,0.0002975865203158155
3.950286116354551,0.0010679075664058073,0.0011617739176732914,0.00029767384023210154
3.9509506569690624,0.001069116234114282,0.0007659843215843129,0.000297761236916896
3.951615165521571,0.0010703248435084516,0.0009058120503086759,0.000297848702297669
3.9522796740740795,0.0010715334529028482,0.0011092610169797434,0.00029793625285719975
3.9529441826265876,0.0010727420622965794,0.0009461480261505884,0.0002980239758546286
3.953608697296907,0.0010733564655353558,0.0008552859245371037,0.0002981268927518335
3.954273225319931,0.0010738096558218094,0.0010273144884677154,0.00029823411949903125
3.9549377533429544,0.001074262846107954,0.0016323707268262985,0.0002983414910444155
3.955602281365978,0.001074716036394131,0.0007470178644937435,0.0002984489762016431
3.9562667849327626,0.0010751692100018399,0.001643931093465569,0.00029855657719677026
3.956931252023453,0.0010756223587339373,0.0008275794636452513,0.0002986642882294144
3.957595719114144,0.0010760755074658936,0.0005276101130406791,0.0002987721130312797
3.9582601862048348,0.0010765286561977058,0.000993582118035,0.0002988800593698154
3.958924633042902,0.0010769817911184772,0.0013817672107139735,0.0002989881155164832
3.959589058676949,0.00107743491157789,0.0010776989987499994,0.00029909628851411207
3.9602534843109956,0.001077888032037501,0.001438056383637038,0.0002992045796116568
3.9609179099450422,0.0010783411524971861,0.0014389321725119168,0.0002993129828090099
3.9615823117262767,0.001078794256689751,0.0008092410853745319,0.0002994214126574092
3.9622466959088523,0.0010786701640023693,0.00095342253499374,0.0002995161720365408
3.9629110800914273,0.0010780659724074374,0.0011249843161725355,0.00029959950998166237
3.963575464274003,0.0010774617808125403,0.0010270261967191014,0.0002996828473717015
3.9642398210145946,0.001076857614173087,0.0010054679276740822,0.00029976625110458746
3.9649041637508704,0.0010762534602700544,0.0010550977540145746,0.00029984971709532944
3.965568506487146,0.00107564930636614,0.0012238714922633215,0.0002999332525454557
3.966232849223422,0.0010750451524626533,0.0013878246649353858,0.0003000168612459771
3.9668972065381687,0.0010744409853011897,0.0006381402443340718,0.00030010053982688803
3.967561568750445,0.0010738368136860863,0.001168164120408939,0.0003001842887918963
3.968225930962721,0.0010732326420710928,0.0011111803105187856,0.0003002681042985406
3.968890293174997,0.001072628470455956,0.0007396800438259441,0.00030035199643155887
3.9695546045387227,0.0010720243450824394,0.001280554320973553,0.00030043595135738945
3.9702189058338693,0.0010714202288652922,0.0009471313811300483,0.00030052003159286
3.9708832071290163,0.001071275799676029,0.0008017239621230128,0.00030061324331908485
3.9715475084241634,0.0010721818710038042,0.001230698661148915,0.00030072700084550773
3.972211771561,0.001073087890285548,0.0006848148030936716,0.0003008410245304315
3.972876031420188,0.0010739939050967101,0.0011362703877437162,0.00030095517172195355
3.973540291279376,0.0010748999199082477,0.0014477413900994746,0.0003010694531260989
3.9742045508553456,0.0010758059343333605,1.3338883200473151e-05,0.0003011838679381702
3.974868769283743,0.0010767118926352445,0.0005880063888342538,0.00030129839800994854
3.975532987712141,0.001077617850937227,0.00108229062350388,0.0003014130683156871
3.9761972061405384,0.0010785238092391831,0.001088254236488103,0.0003015278597720615
3.9768614207358524,0.0010794297623129977,0.0009235554178021186,0.00030164279345862614
3.977525597738628,0.001080335664112687,0.0007988006756363406,0.00030175784770980875
3.978189774741403,0.0010812415659122317,0.0009767271444717095,0.0003018730319506823
3.9788539517441786,0.0010821474677119025,0.0010263209443166217,0.00030198836183061186
3.9795181322142383,0.0010830978527747723,0.001407516068956918,0.00030210560238301743
3.9801823286984916,0.0010847587214556972,0.0010867750568982807,0.00030224865805454035
3.980846525182745,0.0010864195901363813,0.0008861544853538831,0.00030239209187986387
3.981510721666998,0.0010880804588170975,0.0011403408272904459,0.0003025357362119117
3.9821749021228614,0.0010897412874178595,0.0008551331051113221,0.0003026795770394972
3.9828390377051814,0.0010914020038091346,0.0010897616737460451,0.00030282361779496316
3.9835031732875015,0.001093062720200597,0.0015161123977254754,0.000302967860648258
3.9841673088698215,0.0010947234365919593,0.00035927278602639393,0.0003031123119563233
3.9848314300235237,0.0010963841169035389,0.0012206011138559249,0.00030325696616061837
3.985495524190554,0.0010980447297331553,0.0016310296942124998,0.000303401825444966
3.9861596183575845,0.0010997053425627712,0.0010734287700115393,0.0003035468972125028
3.9868237125246146,0.0011013659553923822,0.00087406111793337,0.0003036921708983426
3.987487788746584,0.0011030265233490284,0.0013251554484894079,0.00030383765333133814
3.98815184150349,0.0011046870326298004,0.0010006489113737146,0.000303983089813449
3.9888158942603957,0.0011057351064141343,0.0014190793117313224,0.00030409101136096944
3.9894799470173017,0.0011066409417082694,0.0009966186949591897,0.0003041900522201004
3.9901439783236885,0.0011075467477417848,0.0012897951909545359,0.0003042891210139825
3.9908079896756337,0.0011084525265554212,0.0011372253801934474,0.00030438828589615
3.9914720010275793,0.001109358305368999,0.0012909014108571076,0.0003044875420458625
3.9921360123795244,0.0011102640841825044,0.0010200166011081631,0.00030458690534195096
3.99279997384459,0.0011111697949455113,0.0009534005873703877,0.0003046863557249755
3.9934639024021026,0.0011120754608189975,0.0007257559804804549,0.00030478589759478633
3.994127830959615,0.0011129811266927094,0.0009683128745592423,0.0003048855313241949
3.9947917595171276,0.0011138867925663588,0.0012806106060463385,0.00030498527523860873
3.9954557298722113,0.0011147925154561405,0.0013275017647298819,0.00030508511737033087
3.9961197193126727,0.0011156982643801146,0.0012506480079200544,0.0003051850625792883
3.996783708753134,0.0011166040133042136,0.001393755029717972,0.0003052850236075642
3.997447698193595,0.0011174672289305178,0.0010845383364830763,0.00030537301969563727
3.998111593812481,0.0011182972871037308,0.0016060436944866712,0.00030545168124767566
3.9987754614870448,0.0011191273103384651,0.0012462021481880977,0.0003055303296337288
3.9994393291616084,0.0011199573335733102,0.001088890019665702,0.00030560903431123087
4.0001031968361715,0.001120787356808265,0.0009754507483143942,0.00030568678783305726
4.000767062461295,0.0011216173774806482,0.0012064222393766086,0.00030575924159540076
4.001430927737428,0.0011224473977167072,0.0011523919559267158,0.0003058317154214427
4.002094793013561,0.0011232774179528863,0.0006224562783767049,0.0003059042340305711
4.002758658289694,0.0011241074381889986,0.0009661811417093476,0.0003059768049435126
4.003422562372445,0.0011249375069444963,0.001002498094209926,0.0003060494379679995
4.004086469031527,0.0011257675789210152,0.0009634343384338759,0.00030612211802910166
4.00475037569061,0.0011265976508976643,0.0011582670327607847,0.000306194853985013
4.005414278884857,0.0011274277185421375,0.0012929113784907011,0.00030626772582726633
4.006078022417861,0.0011280702588671433,0.0011405005056586068,0.0003063537861538902
4.006741765950866,0.0011282966122374222,0.001414080619176594,0.0003064688330139809
4.007405509483871,0.0011285229656078548,0.0011245537877191062,0.0003065842053379844
4.008069261414426,0.0011287493218418844,0.0013215981046652498,0.00030669970453871883
4.008733085312769,0.0011289757026189547,0.00016795178266006095,0.0003068153480749701
4.009396909211111,0.00112920208339587,0.001698253586034075,0.000306931116584105
4.010060733109452,0.001129428464172907,0.0012904309724417313,0.00030704702631514913
4.010724526426435,0.0011296548345207282,0.0016928336931373233,0.0003071630567632654
4.011388187224191,0.0011298811596762775,0.0006708612081945644,0.00030727920103936716
4.012051848021947,0.0011301074848318812,0.0009811175539882328,0.000307395471239241
4.012715508819704,0.0011303338099874387,0.0012734320943355861,0.0003075118756621816
4.013379180157245,0.0011305601387372624,0.001483276577378445,0.0003076284101529398
4.0140428799531565,0.0011307864771921818,0.0008853006234345754,0.00030774507313114166
4.014706579749069,0.0011309188434607122,0.001554890297349906,0.0003078599110125498
4.015370279544981,0.0011294855295118002,0.0010512360837678836,0.00030794541897963734
4.0160339939227265,0.0011280521840723442,0.0015522939447496517,0.00030803080888916246
4.016697735080959,0.001126618780798128,0.0006473161524769757,0.000308116269354102
4.017361476239191,0.001125185377523982,0.0011014143154388942,0.0003082017944438806
4.018025217397424,0.0011237519742497053,0.0016282287550556797,0.0003082873998357839
4.018688887608432,0.0011223187241918655,0.0008027817637523212,0.000308373063389974
4.019352465691563,0.0011208856730916528,0.001061161218371481,0.0003084587833546257
4.020016043774694,0.0011194526219914706,0.00044950692719595013,0.00030854457755126593
4.020679621857825,0.001118019570891279,0.001358307667490157,0.00030863044702967267
4.021343241511646,0.0011165864300157163,0.0011243967818378624,0.0003087163880784258
4.022006899950393,0.0011151532053810674,0.0008638033872999317,0.0003088024034376659
4.022670558389139,0.0011137199807463199,0.0010984542785700538,0.0003088884934675875
4.023334216827885,0.0011122867561117035,0.0008017716870964856,0.00030897473062613766
4.023997777540354,0.0011093455090048364,0.0007576381509036972,0.00030907267378286254
4.0246612729294755,0.0011060272779158042,0.0011328158182987984,0.0003091736941342164
4.025324768318596,0.0011027090468267722,0.0005940178594793008,0.00030927483062363493
4.025988263707717,0.001099390815737665,0.0010735368456853205,0.0003093760621617315
4.026651785667942,0.0010960724517628637,0.0005507606980939136,0.00030947739583935685
4.02731532006611,0.0010927540255843604,0.0007513001270989051,0.0003095788314307148
4.027978854464278,0.0010894355994057307,0.0003530192544212987,0.00030968036888224864
4.028642388862447,0.0010861171732270893,0.0010755043667201836,0.0003097820026689547
4.029305923260615,0.001082798747048552,0.001296157372571394,0.00030988373053161453
4.029969457658783,0.0010794803208699303,0.0009380208736381236,0.0003099855647813826
4.030632992056952,0.001076161894691339,0.0012634035731625447,0.00031008749590718735
4.031296526455121,0.0010728434685127164,0.0009829901021324858,0.0003101895215487492
4.031959923312399,0.0010695257301948267,0.0009082470341050704,0.0003102917007812441
4.032623294699142,0.0010673890621248376,0.0003785971758607367,0.0003104040318722725
4.033286666085885,0.0010662579298295928,0.0005999829480580695,0.0003105250807489983
4.033950037472628,0.0010651267975344658,0.0017914392636119829,0.00031064632930574693
4.03461352138486,0.0010639954733690537,0.0011911497411744006,0.00031076773265421517
4.035277014446472,0.0010628641336026482,0.0006762467593958586,0.00031088928262264275
4.0359405075080845,0.0010617327938363785,0.0006263091541396762,0.0003110109806224349
4.036603999614626,0.0010606014556985397,0.0012463482306935367,0.00031113281551805054
4.037267329677543,0.001059470393865605,0.0011178565406410766,0.00031125476345038165
4.03793065974046,0.0010583393320328612,0.0010315554737145905,0.00031137685762656735
4.038593989803376,0.0010572082701999486,0.0010472536976206203,0.0003114990918050706
4.039257319667295,0.0010560772087063524,0.0013274611010316221,0.0003116214726498274
4.039920647434174,0.001054946150788604,0.0010449078280238022,0.00031174399745668356
4.040583975201052,0.0010538150928707487,0.0006323603191259154,0.0003118666167550323
4.041247302967931,0.0010532316813646838,0.0011379183889512437,0.0003119812778415471
4.041910637624165,0.0010540610381752256,0.0006561663362739832,0.0003120754700389968
4.042574006707005,0.0010548904380286916,0.0008534364198266155,0.00031216961655625814
4.043237375789846,0.001055719837882238,0.0013317332579563315,0.00031226384706708956
4.043900744872686,0.0010565492377357455,0.0014320426549412153,0.00031235816461620114
4.04456407369282,0.0010573785872494126,0.0011946849666620656,0.0003124525622682012
4.045227279815141,0.0010582077833559017,0.0010560467836757989,0.00031254702995326544
4.045890485937464,0.0010590369794625958,0.0009847914514780197,0.00031264158373684424
4.046553692059786,0.0010598661755692603,0.0011918316564728066,0.0003127362242989902
4.047216924463165,0.0010606954045344328,0.0016847899976876802,0.0003128309477385235
4.047880210919228,0.0010615247010810343,0.0010611221825699557,0.00031292577445069463
4.048543497375291,0.0010623539976276318,0.001010333971250455,0.0003130206808269175
4.0492067838313535,0.0010631832941741816,0.0013674013933268226,0.0003131156787514692
4.0498700039757045,0.0010640045488124535,0.00116410037184616,0.00031321125845918323
4.05053312749669,0.0010643060713864112,0.0015453375424572431,0.00031332967509447565
4.051196251017677,0.00106460759396036,0.001195728846221131,0.0003134483851096297
4.0518593745386635,0.001064909116534582,0.001272886704420474,0.00031356723012528797
4.0525225170522665,0.0010652106477444861,0.0008990549687036476,0.00031368621376743564
4.0531856796067505,0.0010655121880671697,0.0008497873441169546,0.00031380533330123357
4.0538488421612335,0.0010658137283897408,0.0013886549263944455,0.0003139245851135305
4.054512004715717,0.0010661152687124259,0.0013177718177877617,0.0003140439873906346
4.055175190629917,0.0010664168196565244,0.001119439154560358,0.0003141635159219564
4.055838394479783,0.0010667183787562348,0.0009950751242713116,0.0003142831912917612
4.056501598329649,0.0010670199378559158,0.0005828664194270974,0.00031440300021635004
4.057164802179515,0.0010673214969555277,0.0015045515390168444,0.0003145229495688106
4.057827900949481,0.0010676230082752283,0.0010882817661902538,0.00031464301205611335
4.058490941889705,0.0010679244932998346,0.001169816518243529,0.00031476337905461546
4.059153982829929,0.0010677740473607614,0.0009142471928523829,0.00031490922656453215
4.059817023770153,0.0010674725966037368,0.0010353708882855956,0.0003150639231032646
4.060480122874694,0.001067171119402255,0.00039136193212220365,0.0003152189138409102
4.061143244138936,0.0010668696321258911,0.00037385813400600326,0.0003153741333278322
4.061806365403179,0.001066568144849673,0.0013383663484434784,0.0003155295832752954
4.062469486667421,0.0010662666575732573,0.0016688335336886243,0.000315685266117433
4.063132477139138,0.0010659652297616742,0.0009199910726760665,0.00031584114769592686
4.0637954355191654,0.0010656638165404185,0.0012266355158201834,0.00031599725087472273
4.064458393899193,0.0010653624033192738,0.0010852908291587107,0.0003161535845535106
4.0651213522792204,0.0010650609900980483,0.0012383383725382915,0.000316310157783975
4.065784345080416,0.0010647595612273142,0.0012688096146987386,0.0003164669638212878
4.06644734250478,0.0010644581302546535,0.001465762193946913,0.00031662400673652393
4.067110339929146,0.0010641566992819762,0.0010642758637880649,0.000316781378499299
4.06777333735351,0.0010637467195413483,0.0007252630438842477,0.0003169527466308947
4.068436334777876,0.0010632192153392026,0.0006223207723309983,0.0003171393163453838
4.06909933220224,0.0010626917111369967,0.0012361711712135972,0.0003173263185113122
4.069762329626606,0.0010621642069348785,0.0012025932202009734,0.0003175136488550852
4.0704253208885826,0.0010616367076358027,0.0010210334226988345,0.00031770130757783575
4.071088155466858,0.0010611093329997781,0.0005412895124297285,0.0003178892554769626
4.071750990045134,0.0010605819583636405,0.0007442313326466315,0.00031807753681811963
4.07241382462341,0.0010600545837275745,0.0006738069528337332,0.0003182661591999216
4.073076668495587,0.001059527201697013,0.00032739510899573254,0.0003184551078086625
4.073739583385728,0.0010589997631619895,0.0005120059835603142,0.0003186444220906184
4.074402498275869,0.00105847232462705,0.0013996569147323415,0.0003188340713818899
4.075065413166009,0.0010579448860919963,0.0006984984745710379,0.0003190240616811411
4.075728304549675,0.0010574174662596042,0.0013500154938774374,0.0003192142050923018
4.0763910978709745,0.0010568744136673822,0.0008613040645628659,0.00031937822313294576
4.077053891192274,0.0010562716688032507,0.0007744224055805872,0.0003194442123476659
4.077716684513574,0.0010556689239390046,0.0005394107642939104,0.00031950959033490725
4.078379499598417,0.001055066159283008,0.0007600991416232114,0.00031957501559251177
4.07904237322915,0.0010544633413852728,0.0011388538404100705,0.0003196404848959758
4.079705246859884,0.0010538605234876241,0.0008599413193907574,0.0003197059975663555
4.080368120490618,0.0010532577055899046,0.0005797629077056715,0.00031977153962423413
4.081030937400896,0.0010526549392738508,0.0013819533020982052,0.00031983712474951953
4.081693648223649,0.0010520522694339206,0.0005706491460862847,0.0003199027397367474
4.082356359046402,0.0010514495995940858,0.0005706344203635047,0.000319968390871115
4.083019069869156,0.001050846929754145,0.0010849403651487875,0.0003200340854013461
4.083681779764961,0.0010502442607569845,0.0017760177953427617,0.0003200998169385422
4.084344488409414,0.0010496415928981893,0.0005413344320707,0.00032016559181632085
4.085007197053867,0.001049038925039072,0.0009820663548334697,0.00032023158614130355
4.085669905698319,0.0010496341385866435,0.0011819368666681062,0.00032032452317037863
4.086332635042752,0.0010503120840400573,0.0008074330204274435,0.00032041959454825623
4.086995384926075,0.0010509900505040386,0.0009583105510794466,0.000320514756047104
4.087658134809398,0.0010516680169680298,0.0012845785646352777,0.0003206100101105212
4.088320884692721,0.0010523459834319417,0.001726168027523274,0.000320705346140736
4.088983540395224,0.0010530238535528102,0.0007721757604088842,0.00032080074762781756
4.089646127508659,0.0010537016535095256,0.0012221161555526776,0.00032089623304789347
4.0903087146220924,0.00105437945346646,0.0008035050750889555,0.0003209918051351339
4.090971301735527,0.0010550572534234726,0.0007271880060856434,0.00032108745495986016
4.091633941446032,0.0010557351071849735,0.0011206437103569323,0.00032118320262550384
4.0922966088567465,0.0010564129892828087,0.0010109730922933768,0.0003212790394367849
4.09295927626746,0.0010570908713805757,0.0018800932455853867,0.0003213749596016747
4.0936219436781744,0.0010577687534784695,0.0006348564786622371,0.0003214708647129784
4.094284492089917,0.0010588435109161467,0.0010218127329199892,0.0003215510532250359
4.094946996756128,0.0010601237859331812,0.0009699431043605791,0.00032162303976066367
4.095609501422338,0.0010614040609502895,0.0010016234780947204,0.0003216950196146215
4.096272006088548,0.0010626843359674478,0.0014071908850548172,0.0003217670447676339
4.09693454229257,0.0010639646719305222,0.0005610038158595547,0.0003218391219147035
4.09759708603285,0.001065245022457483,0.0013997155041795294,0.00032191125590338364
4.098259629773129,0.0010665253729843912,0.0007652963324981765,0.00032198343090761945
4.09892217351341,0.0010678057235110911,0.0012279202850526787,0.0003220556594548381
4.0995847536317,0.0010690861443377678,0.00135577096608108,0.00032212793950886287
4.100247338590329,0.001070366574518109,0.0010872000193539594,0.0003222002725150874
4.100909923548958,0.0010716470046984597,0.0013619817527424122,0.0003222726442143702
4.101572508507586,0.001072927434878879,0.0013271819631153862,0.00032234507179349794
4.1022349375402944,0.0010742075637360734,0.0011435773498369402,0.0003224178105981145
4.102897359779797,0.0010745410597320973,0.0007567947489881628,0.00032253249158763984
4.103559782019299,0.001073336381869846,0.0013626002097594575,0.00032271502162607154
4.104222206963803,0.001072131699088352,0.0011260574351125365,0.00032289831452430494
4.104884709490861,0.0010709268752155264,0.0014321797956183067,0.00032308193437003736
4.10554721201792,0.0010697220513428642,0.0015334489511948854,0.00032326586855782325
4.106209714544979,0.0010685172274699916,0.0008384939938666289,0.00032345012341078867
4.106872199356848,0.001067312435813982,0.0012718409524593416,0.00032363468525142396
4.107534539190151,0.0010661079078151258,0.0014229947892796017,0.0003238195204384352
4.1081968790234535,0.001064903379816456,0.0009226891776486197,0.00032400466895236445
4.108859218856756,0.0010636988518176085,0.0019470636973405342,0.00032419013761640343
4.109521565875334,0.0010624943107519617,0.0009035035294070627,0.00032437592509134783
4.110183944793489,0.0010612897116735896,0.0010525564488207215,0.00032456204282579876
4.110846323711643,0.001060085112595401,0.0006405001743501641,0.0003247483353041894
4.111508702629797,0.0010588879686886637,0.0013566784452402258,0.0003249129726290634
4.112171081547951,0.0010577585286781397,0.0007151606094993887,0.00032488938949563683
4.112833460466105,0.0010566290886675224,0.000779722119831845,0.00032486455462618137
4.113495839384259,0.0010554996486571739,0.0010717934638549097,0.0003248397262147812
4.114158218302413,0.001054370208646551,0.0008146688475166729,0.0003248149035272517
4.114820543094654,0.001053240860927638,0.0015182604785906146,0.0003247900860511266
4.115482759357092,0.0010521116982658565,0.0012303710259501627,0.0003247652798235148
4.116144975619529,0.001050982535603951,0.0008858678754358677,0.00032474047942555493
4.116807191881968,0.0010498533729420083,0.0010526822171534143,0.00032471568472778077
4.117469440815083,0.0010487241545725453,0.0015540984753078216,0.000324690899432179
4.118131737352923,0.0010475948550309198,0.0007522463538800195,0.0003246661159510278
4.1187940338907625,0.0010464655554892686,0.0009466956359954062,0.0003246413334127799
4.119456330428601,0.0010453362559476292,0.0007675688723235916,0.0003246165614244172
4.1201185487482235,0.0010442070897779786,0.0011263727308777976,0.00032459234528789714
4.120780682655698,0.0010435083585763046,0.0013978440282274931,0.00032465098784073185
4.121442816563172,0.0010429062818247648,0.0008381903985351249,0.00032472881438403215
4.122104950470646,0.0010423042050734222,0.0008372411147943332,0.00032480681914726615
4.122767106065463,0.0010417021086015494,0.0006275391063546153,0.0003248848867695813
4.123429279071245,0.0010410999962981113,0.0011923831989607793,0.00032496300792194034
4.124091452077027,0.0010404978839944428,0.00041210266289183487,0.0003250411845836974
4.12475362508281,0.0010398957716910198,0.0008321335709910251,0.00032511942116168974
4.125415823941858,0.0010392936358791936,0.0012652983657807204,0.00032519772270177624
4.126078038119872,0.001038691486137886,0.0009002420810794826,0.0003252760717828195
4.126740252297886,0.0010380893363965203,0.0012663461734541321,0.00032535448645789255
4.127402466475901,0.0010374871866552376,0.0007700093279081935,0.0003254329497667048
4.128064566600147,0.0010368851406227543,0.0005085981377637251,0.00032551146384390226
4.12872661817314,0.0010362831387377626,0.0008484679932684886,0.0003255903109809836
4.129388669746131,0.0010358804263199092,0.0011586515354954335,0.00032571193036963334
4.130050721319123,0.0010356546756130338,0.0009180969626904951,0.00032587173390160706
4.130712835070581,0.0010354289037040705,0.0005396855604784904,0.0003260320464647474
4.1313749669092505,0.0010352031256276781,0.001035066401059761,0.00032619259988229157
4.13203709874792,0.0010349773475512977,0.0016499471075116512,0.0003263533867271749
4.1326992305865895,0.0010347515694749036,0.0009957290017940745,0.0003265144145895115
4.133361224613571,0.0010345258383905407,0.0012562547793015825,0.0003266756439889648
4.1340231938725545,0.0010343001157515155,0.000585858576711307,0.00032683711147910504
4.134685163131538,0.0010340743931125686,0.0004872628871044021,0.00032699881434398385
4.13534713239052,0.001033848670473816,0.0010047235756475677,0.0003271607573457852
4.136009137645875,0.0010336229355606735,0.001105335245759156,0.00032732294921262593
4.136671146013914,0.0010333971995860635,0.0012030187475125529,0.0003274853830676586
4.137333154381952,0.0010331714636114657,0.00035275950970642324,0.000327647861121602
4.13799516274999,0.0010330542785323225,0.0012724831920218954,0.0003277791840295799
4.138657171118028,0.0010332800401675532,0.0008105715561765583,0.00032781328111619774
4.139319179486066,0.0010335058018025461,0.0011127171848469737,0.0003278467413467081
4.139981187854104,0.0010337315634377517,0.0008485390954706634,0.00032788021848556125
4.140643185666456,0.0010339573214731563,0.001501294326696853,0.0003279137032250235
4.141305031492798,0.0010341830276773688,0.0010456901412839899,0.0003279471854324907
4.141966877319138,0.001034408733881766,0.001065726299458997,0.00032798068220264953
4.14262872314548,0.0010346344400860854,0.0008977449310913739,0.00032801418500134026
4.143290579963575,0.0010348601500387198,0.0009752078577982976,0.0003280477058780603
4.143952506043438,0.0010350858836114653,0.0011118251132008084,0.0003280812328954771
4.144614432123301,0.001035311617184265,0.0013142043349035665,0.0003281147779171857
4.145276358203165,0.0010355373507570898,0.00130806370902021,0.00032814832349415285
4.145938250359321,0.0010357630727610666,0.0006438229628145716,0.0003281818817710116
4.146600013922804,0.001035988750911438,0.0006978919595847762,0.0003282156822633767
4.147261777486286,0.0010363573411493235,0.0009548074056493965,0.0003282847098712948
4.147923541049769,0.001036733428648385,0.0009091954547051715,0.0003283558610648438
4.14858531557824,0.0010371095223790567,0.0017700452149414492,0.00032842707622647327
4.14924711826419,0.0010374856321119753,0.0006364387354179065,0.00032849834115634383
4.149908920950141,0.0010378617418448633,0.0010921295273836722,0.000328569652942362
4.150570723636092,0.0010382378515777194,0.0005342122105231934,0.0003286410108697206
4.151232540770428,0.001038613969521835,0.001393653153541497,0.0003287124154594476
4.151894384582571,0.0010389901026271714,0.0009323783655633701,0.00032878386688598143
4.1525562283947135,0.0010393662357324083,0.0011443642139508487,0.0003288553736661641
4.153218072206856,0.00103974236883782,0.000802436484502981,0.0003289269224709754
4.153879847349066,0.0010401184629172553,0.001225330773419853,0.0003289985096092084
4.154541528670137,0.0010404945036770713,0.0011541677200028798,0.0003290701269466855
4.155203209991209,0.0010408705444369636,0.001344306633620797,0.00032914234905637087
4.15586489131228,0.0010427756152372263,0.0009081660940209964,0.0003292966453151798
4.15652661224589,0.001045483578589452,0.0011446122236269639,0.0003294947319346624
4.157188373810759,0.0010481917082172387,0.0008077536458196183,0.0003296934645315197
4.157850135375628,0.0010508998378450792,0.0009374870439700996,0.0003298925706732101
4.158511896940497,0.0010536079674727348,0.0011941166773590179,0.00033009203398285135
4.159173566801054,0.0010563157218184422,0.0013272874111297747,0.000330291827509612
4.159835165900153,0.0010590231865869244,0.0012155968166866868,0.0003304919735105329
4.160496764999253,0.0010617306513553333,0.0015932434841970807,0.00033069248008146427
4.161158364098351,0.0010644381161237265,0.0015002641758259092,0.00033089336538876223
4.161819961948089,0.0010671455757794213,0.0014414593373625656,0.0003310946053533725
4.16248155907972,0.0010698530324962307,0.0014008523010827334,0.00033129621429467306
4.163143156211351,0.0010725604892131567,0.0006665356622013168,0.0003314982033577934
4.1638047533429825,0.0010752679459301708,0.0013157275541034396,0.00033170103361739636
4.1644663794437475,0.0010781650734349704,0.0007520425827122092,0.00033197667660405853
4.165128017676027,0.0010813988133744703,0.0011770043351738483,0.0003323810459057764
4.1657896559083065,0.0010846325533140303,0.0012079195845079722,0.00033278774663771815
4.166451294140585,0.0010878662932537015,0.0005682550895133771,0.0003331959427611991
4.167112806507157,0.001091099418027791,0.0005603002366021832,0.0003336055807118007
4.167774282311605,0.0010943323641053907,0.0012939615463959725,0.0003340167103026893
4.168435758116053,0.0010975653101830882,0.0015149033361658557,0.00033442936567389396
4.169097233920501,0.00110079825626058,0.0003683893141671145,0.0003348435570474304
4.169758777498747,0.001104031533581034,0.0011947248991852086,0.0003352593416442875
4.170420333534836,0.0011072648717887987,0.0012807853280145055,0.00033567668580763874
4.171081889570925,0.0011104982099965249,0.001038955221194322,0.000336095594876399
4.171743445607015,0.0011137315482043489,0.0014104511072757155,0.0003365160900349897
4.172404853157375,0.0011169641606919335,0.0012702042021263307,0.00033693782283262435
4.173066246790915,0.001119849040224966,0.0012486613646296727,0.00033732105390228456
4.173727640424456,0.001117368250283419,0.0005384550345320611,0.00033714415850858326
4.174389034057996,0.0011148874603417026,0.0007139728439535529,0.00033696380486630616
4.175050506606012,0.0011124063744034688,0.0012758730993890635,0.000336783720707552
4.175711980466332,0.0011099252835429993,0.0010347054704244018,0.0003366039214153296
4.176373454326651,0.0011074441926824125,0.0005214864412496813,0.0003364244170002151
4.177034919624106,0.0011049631339400462,0.0008802446631644118,0.00033624520110246605
4.177696231107151,0.0011024826521327013,0.0007194403917480192,0.0003360663131691866
4.178357542590197,0.0011000021703254073,0.0008518741550680919,0.00033588771193815176
4.1790188540732425,0.0010975216885181192,0.0009329529195373262,0.00033570939320046303
4.179680170316455,0.0010950411888562212,0.0007600605110838724,0.0003355313622316868
4.18034152095139,0.0010925605601958925,0.0011540085017586266,0.00033535360024933584
4.181002871586325,0.0010900799315356963,0.0011994178890361487,0.0003351761322728458
4.1816642222212606,0.0010875993028753525,0.0014693547213266937,0.000335000061657223
4.182325572856196,0.0010877982289401952,0.001544295762226595,0.0003349927716770845
4.182986923491131,0.0010888507364868673,0.0018509856920894438,0.00033504021319596716
4.183648274126067,0.001089903244033675,0.001273333891761527,0.0003350880414271663
4.184309624761003,0.0010909557515804695,0.0006603292346909046,0.00033513588070565746
4.1849709440687075,0.0010920082092715788,0.0012208648275220603,0.0003351837480104945
4.185632173421664,0.001093060523803897,0.0009553757649830221,0.00033523162400684014
4.186293402774619,0.0010941128383362203,0.0016327074708427929,0.00033527952339815415
4.186954632127575,0.0010951651528687495,0.0011250176802239883,0.0003353274412592745
4.187615887684246,0.0010962175091030334,0.0015816720268340308,0.00033537538173864786
4.188277197254256,0.0010972699512969697,0.00020208050626836283,0.0003354233414692703
4.188938506824265,0.0010983223934909582,0.001282632341621955,0.00033547133467361917
4.189599816394274,0.0010993748356848856,0.00044310890373876807,0.00033551933736719413
4.190261061881679,0.0011004271758943507,0.001101200988013506,0.0003355677838052988
4.190922209124943,0.0011006576390941785,0.00126861104445235,0.00033568031610992576
4.191583356368206,0.0010999061646189048,0.001023725215614744,0.00033586948623420696
4.1922445036114695,0.0010991546901438897,0.0010897545617842357,0.000336059474336376
4.192905649984043,0.0010984032166583588,0.000741658953913531,0.00033624978220858745
4.193566795345332,0.001097651744322275,0.0013350056527831817,0.00033644042130078324
4.194227940706621,0.001096900271986009,0.0003525465368654331,0.0003366313779468422
4.19488908606791,0.0010961487996499835,0.00046994647886878366,0.00033682266504527137
4.195550253173984,0.0010953973025983616,0.0008188769371720664,0.00033701427605034313
4.196211439579806,0.001094645783610076,0.0008213728261130602,0.00033720623082723926
4.1968726259856295,0.0010938942646219812,0.0015527258340786655,0.00033739850472796806
4.197533812391453,0.0010931427456336569,0.0011298036218888726,0.0003375911089819433
4.198194901883562,0.0010923913367996444,0.0010686301195387757,0.00033778401183464366
4.1988559260005145,0.0010916400022725947,0.0013333787914538854,0.00033797740687831906
4.199516950117468,0.0010910000000000333,0.0014494118355210328,0.00033819826181495275
4.200177974234421,0.0010909999999999496,0.0008872870182254984,0.00033857034081325615
4.20083905163202,0.0010909999999999902,0.0003830186433652974,0.00033894468623410045
4.20150015595387,0.0010909999999999848,0.0013554613407725101,0.0003393202936542661
4.2021612602757195,0.001091000000000024,0.0009263959105153269,0.0003396971604797026
4.202822364597569,0.0010909999999999325,0.0005869796202645362,0.00034007527225882075
4.203483350272063,0.0010909999999999696,0.0015603309727202776,0.00034045459333222733
4.204144292330285,0.0010909999999998716,0.001319661707017759,0.0003408351470591894
4.204805234388505,0.001091000000000028,0.001003153528301035,0.00034121698499159863
4.205466176446727,0.0010909999999999234,0.0007631915495279118,0.00034160011204672174
4.206127149761482,0.001090999999999996,0.0014270109232650287,0.00034198454699298035
4.206788130995578,0.001091000000000007,0.000944923082334619,0.00034237028366470185
4.207449112229675,0.0010910000000000399,0.0009245324043938673,0.0003427573284144345
4.208110093463771,0.0010909999999998892,0.0007569141071386289,0.00034314228361704207
4.208771074697868,0.0010906214539454717,0.0018218603003120047,0.00034301608465293085
4.209432055931965,0.0010901706824742465,0.0007798639121185044,0.0003427893373403175
4.210093037166062,0.0010897199110028555,0.0011429721263421261,0.0003425623985604872
4.210754018400158,0.0010892691395315718,0.0009264811337844874,0.0003423359044276382
4.211414848735762,0.0010888184709689488,0.0012043158219823137,0.0003421099165055802
4.212075667744078,0.0010883678101313347,0.0010213223990170246,0.0003418843716000666
4.2127364867523935,0.0010879171492937415,0.0011334152672526567,0.0003416592818734568
4.21339730576071,0.0010874664884558535,0.0014080867525606108,0.00034143462659729694
4.214058204648512,0.0010870157731425957,0.0012753076501582246,0.0003412103898519508
4.214719103849567,0.0010865650576156016,0.0009289802992954567,0.0003409865939762555
4.215380003050622,0.0010861143420886528,0.001669304186524686,0.0003407632484365495
4.21604089223294,0.0010856636333942907,0.0011272454431017545,0.00034054033508092776
4.216701629233437,0.001085213028483658,0.0011290700620305778,0.00034031890196123816
4.2173623662339335,0.0010853959607113554,0.0013007114601500858,0.00034024748393471203
4.21802310323443,0.0010861469688955502,0.0008134749190066349,0.0003403105185001186
4.218683845219681,0.0010868979827457833,0.0009377885554210501,0.00034037448092472344
4.219344621409345,0.0010876490354731348,0.0010093668089190134,0.0003404384817988368
4.220005397599008,0.0010884000882008071,0.0014303167304064834,0.0003405025163118855
4.220666173788673,0.0010891511409282524,0.0017790549404134,0.0003405665896550842
4.221326949978336,0.0010899021936558737,0.0010017405366408185,0.0003406306972503145
4.221987726168,0.0010906532463831834,0.0009983207518629825,0.0003406948458642438
4.222648502357663,0.0010914042991106863,0.0008312639564388373,0.0003407590283321475
4.223309278547328,0.0010921553518382016,0.0008255589170312525,0.00034082324509520203
4.223970013048182,0.0010929063571814663,0.0014635170624794612,0.0003408874883981306
4.224630627075106,0.001093657225590989,0.0013433477153164531,0.0003409517662787576
4.225291241102031,0.0010944080940009035,0.0007741784606526766,0.000341016117864036
4.225951855128955,0.001094856917567297,0.0017303361662143885,0.00034108644433602565
4.226612494956175,0.0010941810327832256,0.0010859709861079884,0.0003411784442379058
4.227273189163681,0.0010935050923641311,0.0011359777385321357,0.00034127066707142177
4.227933883371188,0.0010928291519449495,0.0011810801486186666,0.0003413629663874028
4.2285945775786935,0.001092153211525674,0.000815504994537422,0.0003414553405953351
4.229255209163743,0.0010914773351740062,0.0017546463867389656,0.00034154777691563555
4.2299157412337145,0.001090801560633892,0.0007792737824864212,0.0003416402813161516
4.230576273303686,0.0010901257860937983,0.0008864549905253992,0.00034173285178522935
4.231236805373656,0.0010894500115535076,0.0013680556697281243,0.0003418255080488897
4.2318973551019505,0.0010887742189476743,0.0002638948666680872,0.0003419182288317227
4.232557926374357,0.0010880984043004046,0.0015248986507965055,0.00034201103613805986
4.233218497646762,0.0010874225896532002,0.001246951982446324,0.00034210392121641534
4.233879068919168,0.0010867467750059851,0.0007804234070099259,0.0003421968765829143
4.234539661258403,0.0010860709388057688,0.00090902985785145,0.0003422902155171312
4.235200273504093,0.0010960808167326868,0.0006788335271155819,0.00034242628495345976
4.235860885749782,0.0011073438125105215,0.0011285725891021735,0.000342567835663677
4.236521497995471,0.0011186068082882643,0.0014432240003728583,0.00034270959414734354
4.237182016519964,0.001129868206182731,0.0011614665379904674,0.00034285151451820335
4.237842466653314,0.0011411284380538726,0.0007312342920746176,0.0003429936035512442
4.238502916786664,0.0011523886699249992,0.0010996498225358557,0.0003431358819890718
4.239163366920014,0.0011636489017961284,0.0013196354137010844,0.0003432783347738375
4.239823868510682,0.0011749100109799846,0.0013487241299934812,0.00034342098439976243
4.240484398814887,0.0011861716097105917,0.0009196352409679895,0.00034356381749542543
4.241144929119092,0.0011974332084410543,0.0009818818567891691,0.00034370683497388874
4.241805459423297,0.0012086948071713755,0.001335432411320887,0.00034385004878668686
4.242465875403826,0.001219954456759876,0.000563897167742962,0.00034399341490316706
4.24312624362088,0.0012312132920130683,0.0006686663732920922,0.0003441369777374839
4.243786611837934,0.0012346622749828296,0.0018417865258847474,0.0003442872824655567
4.244446980054988,0.0012323351845283065,0.0008355308067352868,0.0003444426406004801
4.245107346938716,0.0012300080987722552,0.0012388218675863127,0.0003445982244536443
4.245767713420921,0.0012276810144312312,0.0010157036969040225,0.0003447540198021562
4.246428079903126,0.0012253539300902073,0.0012528687196575125,0.000344910026253078
4.24708844638533,0.0012230268457490928,0.001544583790156271,0.0003450662515257238
4.247748846897464,0.0012206996414889238,0.001405819346717904,0.00034522268249349483
4.248409254327551,0.0012183724128504824,0.0009792513746235227,0.0003453793339582032
4.249069661757637,0.0012160451842120226,0.0014095247288016105,0.00034553619981228116
4.249730069187723,0.0012137179555736413,0.0013255798358812352,0.0003456934828459547
4.250390331778261,0.0012113912373394001,0.0018923033369485582,0.00034588200315720523
4.251050577158966,0.0012090645797512708,0.0017770184439534716,0.00034609245079661466
4.25171082253967,0.0012067379221633796,0.0013919652422163388,0.00034630321971989626
4.252371067920374,0.0012091966367813905,0.0012750270623342985,0.00034648121335731537
4.253031389956747,0.0012257834940259931,0.0007983058561675581,0.0003465631037676773
4.2536917154961476,0.0012423704392644686,0.0017482949459229676,0.00034664444098601583
4.254352041035549,0.0012589573845028642,0.0012902724637224691,0.0003467258402994325
4.255012363568641,0.0012755442542248146,0.0015216133586693436,0.0003468073017919
4.2556725270838305,0.0012921271295210156,0.0007982315265469676,0.00034688881003068766
4.256332690599019,0.0013087100048173562,0.0012166438191299276,0.0003469703766735886
4.256992854114208,0.001325292880113727,0.0012625721552722653,0.0003470520067115094
4.257653017492737,0.0013418757519771502,0.0018364618411278093,0.00034713369958296546
4.2583131793116795,0.0013584585846649106,0.0016716788246602897,0.0003472154456338913
4.2589733411306225,0.0013750414173525486,0.0014837789437893855,0.0003472972602802779
4.259633502949565,0.001391624250040191,0.001467562256790414,0.00034737914015849335
4.260293670573189,0.0014082072285377105,0.0012599863326120903,0.00034746108407755484
4.260953873314634,0.0014247910891719271,0.0013430520707093396,0.0003475439358257025
4.2616140760560794,0.0014237041930154676,0.0018443889355407163,0.0003477580762923324
4.262274278797525,0.0014212278699342964,0.0022192010146300364,0.00034798380457942105
4.262934448595921,0.0014187516704176808,0.0009272597358788829,0.0003482100225376503
4.263594489350895,0.0014162759549238644,0.0012870476637002214,0.0003484366290288006
4.26425453010587,0.0014138002394301046,0.0017983405976826979,0.00034866368533820815
4.264914570860844,0.0014113245239364245,0.0012225770439863552,0.00034889117762947807
4.265574632826475,0.0014088487288846125,0.001312839233202975,0.0003491191202438579
4.2662347537279866,0.0014063727127729114,0.0011929354501250557,0.0003493475325855639
4.266894874629499,0.0014038966966613772,0.000651186016983705,0.00034957639247459757
4.267554995531011,0.001401420680549624,0.0013329576696493055,0.0003498056964297324
4.268215063684379,0.001398944862288578,0.002017207565737284,0.00035003543177705124
4.268875022624571,0.001396469453669977,0.0016437708179296109,0.00035026557414933007
4.269534981564763,0.0013939940450515065,0.0017227263288289419,0.0003504952535741169
4.270194940504956,0.0013904409902486042,0.0008124196996483355,0.0003505850909503336
4.270854914610202,0.0013861647001498156,0.0012336094406531582,0.0003505803923206487
4.271514912789851,0.0013818882540613897,0.0009098176546621302,0.00035057506284999647
4.2721749109694995,0.0013776118079729702,0.0012324562697783028,0.00035056973200610803
4.272834909149149,0.0013733353618846057,0.001120838566955419,0.0003505644008380297
4.273494907328798,0.0013690589157961076,0.001258253788464229,0.0003505590694714839
4.274154905508448,0.0013647824697076718,0.0013976373813460632,0.0003505537318452143
4.274814903688097,0.0013605060236192277,0.002063407528953738,0.00035054840377887156
4.275474901867746,0.001356229577530745,0.0016916517050245198,0.00035054307403497073
4.27613481793916,0.0013519536634611807,0.001358272031070607,0.00035053774779000987
4.276794654195202,0.0013476782665537204,0.0011512620267995295,0.0003505324234263627
4.277454490451243,0.0013434028696464625,0.001398025780958504,0.0003505270971813443
4.278114326707285,0.00133912747273897,0.001285707329188929,0.00035052211264829686
4.278774208410631,0.001333220418200982,0.0016469647017104945,0.00035057002912160544
4.279434124801052,0.0013228693768418058,0.0005992836477902748,0.00035076001735501064
4.280094041191473,0.0013125183354827973,0.0015251229305468337,0.0003509512578506137
4.280753957581894,0.0013021672941236097,0.001739463731156876,0.0003511427949974348
4.28141377246956,0.0012918178448739388,0.0007703617490039946,0.0003513346059302062
4.282073526961505,0.001281469342954449,0.000914767889723523,0.0003515267200086358
4.28273328145345,0.0012711208410347598,0.001528384427330831,0.00035171913796412874
4.283393035945396,0.0012607723391151098,0.0009508798285650438,0.0003519118584924996
4.284052845448132,0.0012504229743303895,0.0007393179703767478,0.00035210491663419476
4.2847126800695925,0.0012400732155485143,0.0014868628196273502,0.00035229828837011736
4.285372514691054,0.0012297234567669537,0.001139387670347214,0.0003524919728148695
4.2860323493125145,0.0012193736979851843,0.0008563102831124186,0.0003526859563562411
4.2866920632008005,0.0012090258329495323,0.0010239698710390612,0.00035288023295148587
4.287351735948911,0.00119867861321337,0.00023032073281296765,0.0003530778107455156
4.288011408697021,0.0011909929669544786,0.0008744133754108612,0.00035372599530722487
4.288671081445131,0.0011834941293039068,0.001533258059853175,0.0003544126020235421
4.289330785793166,0.0011759949324410615,0.001663592630677346,0.00035510344463262136
4.289990497799175,0.0011684956485259242,0.000819258363023241,0.00035579833664536425
4.290650209805183,0.001160996364610772,0.0014467067357246059,0.0003564973076391067
4.291309921811192,0.001153497080695886,0.0015061440584846135,0.0003572003878262212
4.2919696338172,0.0011459977967807117,0.0017277627436379337,0.0003579076165472324
4.292629345823209,0.0011384985128657708,0.0013453548471214628,0.00035861904895876897
4.293289057829217,0.0011309992289507125,0.0008129179431848816,0.00035933471918595325
4.293948769835225,0.001123499945035478,0.001521104987385228,0.0003600546720623345
4.294608332609458,0.0011160023575144805,0.0015697701036521882,0.0003607787833736384
4.29526788277979,0.0011085049132682878,0.0013513398668642807,0.0003615072394768637
4.295927432950121,0.0011010074690222568,0.001349221267095219,0.00036223796916227274
4.296586983120452,0.001098359157190651,0.0016937505286698253,0.0003626490327981039
4.297246611843348,0.001098958955983928,0.000831060935796795,0.00036284299094459493
4.2979062421310354,0.001099558756200204,0.0010798750265185685,0.00036303581709897696
4.298565872418722,0.0011001585564162299,0.0009472322821860863,0.00036322895237484766
4.299225496464693,0.001100758350956713,0.0013514127413309116,0.0003634223953354904
4.29988496494181,0.0011013580040390005,0.0007974775627810525,0.00036361609426803666
4.300544433418926,0.0011019576571211088,0.0006371006070421531,0.0003638101151470067
4.301203901896043,0.001102557310203451,0.0015176598401417342,0.00036400443724619907
4.301863374160284,0.0011031569667291725,0.0011496318218164822,0.0003641990797042726
4.302522881908441,0.0011037566555202499,0.0009039853053882283,0.00036439404018209494
4.303182389656599,0.001104356344311705,0.0008834329580553897,0.00036458931753950436
4.303841897404757,0.0011049560331027894,0.0014525429910346023,0.00036478491631807
4.304501405152915,0.0011055557218939969,0.0005968342544777996,0.00036498064895284924
4.305160912901073,0.0011069324641114204,0.0016291319987207639,0.0003651497277764804
4.305820420649231,0.0011105305968587447,0.001216759822436839,0.0003652431380711142
4.306479928397388,0.0011141287296061527,0.0016663418524159805,0.0003653361106833751
4.307139401982075,0.0011177266759650195,0.0014632324700570064,0.00036542916342425635
4.307798747957307,0.0011213239261139453,0.0013299181400979762,0.0003655222676276318
4.308458093932539,0.001124921176263035,0.0011548027899195728,0.00036561543651664115
4.309117439907771,0.0011285184264119353,0.000953455538551739,0.0003657086833030668
4.309776807376072,0.001132115793822663,0.0007752933870412023,0.00036580201071944387
4.3104362334565005,0.0011357134810083434,0.0015282556423838532,0.00036589540801452715
4.311095659536929,0.001139311168194275,0.0009468253130466003,0.0003659888812000838
4.311755085617357,0.0011429088553799858,0.0010981047013184472,0.0003660824293483959
4.3124144590981475,0.0011465062555934297,0.0009216885295499466,0.00036617604228839535
4.313073723430738,0.0011501030603177297,0.0010495367945664337,0.00036626971363743963
4.313732987763328,0.0011536998650419543,0.0013056229637223916,0.00036636264827911985
4.314392252095918,0.0011564727833867255,0.0014775097201333064,0.00036633428074084236
4.315051531428613,0.0011591707549653276,0.0009109934009688043,0.0003662940716723595
4.315710835045365,0.0011618688259216476,0.001110113628357513,0.000366253795970707
4.316370138662116,0.001164566896878146,0.0008645679397164573,0.0003662135257648727
4.317029442278867,0.0011672649678343536,0.0012942187860685154,0.0003661732812229418
4.317688745895618,0.0011699630387907041,0.0010126104900012758,0.0003661330467104007
4.31834804951237,0.0011726611097470432,0.001441018204084568,0.0003660928247227048
4.319007353129121,0.0011753591807034684,0.0015433309746037162,0.0003660526172230716
4.319666656745872,0.001178057251659941,0.0005234295362619746,0.00036601242382144184
4.320325880455034,0.0011807549956100295,0.0015760687932376708,0.0003659722415708135
4.3209850223615645,0.001183452404799101,0.0008507350651747171,0.0003659320813232983
4.321644164268094,0.0011861498139878928,0.0009708964715647878,0.0003658919288287087
4.322303306174625,0.0011888472231768982,0.0008843575339057642,0.0003658535696181113
4.322962492136236,0.0011912442909696337,0.001239815713508501,0.00036608275765984024
4.323621714135803,0.001193417220952437,0.0014030313039684848,0.00036651359032332197
4.32428093613537,0.0011955901509350384,0.001643977384330143,0.0003669472807491723
4.324940158134936,0.001197763080917531,0.0010937143349664092,0.00036738251478710517
4.325599282199723,0.0011999356880872248,0.0011670501902505937,0.00036781923973695557
4.326258342514137,0.0012021080851227417,0.000760957143381951,0.00036825748512211135
4.326917402828552,0.0012042804821583285,0.0011332116392951804,0.0003686972998507093
4.327576463142967,0.0012064528791935435,0.001621434457547805,0.0003691387095401994
4.328235549438087,0.001208625361866918,0.0016672338263271165,0.00036958171440691027
4.328894649049759,0.001210797888434136,0.0015673574414277074,0.00037002633453860686
4.32955374866143,0.0012129704150012951,0.0017127963287472134,0.00037047256022166485
4.330212848273102,0.0012151429415686108,0.0011046284074934948,0.00037092041055963545
4.3308719478847735,0.0012173154681356742,0.0015262454109465588,0.0003713703922476173
4.331531047496445,0.0012183436566600148,0.0010833690715783635,0.0003718997839146744
4.332190147108117,0.0012154216508789702,0.001234000447511061,0.00037269589060867734
4.332849246719788,0.0012124996450981126,0.0011272925541186743,0.00037349887640935036
4.333508221701821,0.0012095781918415186,0.0014027905562035506,0.0003743069098291541
4.334167159665929,0.001206656902697282,0.0012602553952095429,0.00037512015234072944
4.334826097630038,0.0012037356135533514,0.0005859375219201896,0.00037593870579292934
4.335485035594147,0.0012008143244092119,0.0011356670697538372,0.0003767626270845386
4.336144039679722,0.0011978927421270307,0.0012355482897539484,0.00037759206319759755
4.3368030577247065,0.0011949710979579132,0.0010984668127685699,0.0003784270043827841
4.337462075769691,0.0011920494537889204,0.0011553600096988151,0.0003792674881859538
4.338121093814676,0.0011891278096200365,0.0015820625322927444,0.00038011359223971415
4.338779969611331,0.0011862067960847187,0.0014106061404332976,0.0003809651808854459
4.3394388260338035,0.001183285868441579,0.0005408401487417433,0.0003818224833162175
4.3400976824562765,0.0011803649407987383,0.0010964747987045104,0.00038268617818899327
4.340756538878749,0.001175543914099202,0.0014775972192966396,0.0003836467488992778
4.3414154320298906,0.0011704513096121106,0.0012586480688018464,0.0003846283135639409
4.342074327762692,0.0011653586851712917,0.0004691745495080124,0.00038561751716025634
4.342733223495493,0.0011602660607302317,0.0009594391599627035,0.00038661436574903915
4.3433921192282945,0.0011551734362896897,0.0011949125525019244,0.00038761896160528
4.344051014961096,0.0011500808118487125,0.0010247377090548118,0.0003886314005528154
4.344709910693897,0.0011449881874079071,0.0013530200512347813,0.00038965179449045804
4.345368806426698,0.0011398955629671782,0.0012824728047886966,0.000390680240067343
4.346027695413643,0.0011348029906652077,0.0008268714042945106,0.0003917168259837318
4.346686429561493,0.0011297116151191922,0.0007138217344783494,0.0003927614447229853
4.347345163709344,0.0011246202395730274,0.0012346161393363066,0.00039381442428889274
4.348003897857194,0.0011195288640269761,0.0013061472775764706,0.00039487590355837893
4.348662639628775,0.001114437429557083,0.0006522514563632794,0.00039593619595716634
4.349321453845341,0.0011113753965075052,0.0009158471700093287,0.000395523508376545
4.3499802680619055,0.0011101772801784657,0.0013424003901238144,0.000393768817282884
4.350639082278471,0.0011089791638490985,0.00026407392189701693,0.000392028518369172
4.351297872513487,0.001107781091132589,0.0018220532195765238,0.0003903111325432905
4.351956525170133,0.0011065832686153073,0.0011489188224561976,0.0003886164569743713
4.352615177826779,0.001105385446098277,0.0008164522468164753,0.00038694364989059105
4.353273830483426,0.0011041876235809891,0.001252077342926451,0.00038529224381438066
4.353932491060429,0.0011029897866598004,0.0010517582773532305,0.00038366175971171794
4.354591183040453,0.0011017918926293502,0.0011040172470172071,0.0003820517228653312
4.355249875020476,0.001100593998598905,0.0005427724887341201,0.0003804617676572481
4.3559085670005,0.0010993961045681155,0.0011898227771163171,0.00037889147921061153
4.356567258980523,0.0010981982105378466,0.0008929854975736585,0.00037734047281799617
4.357225950960547,0.0010970003165073445,0.0006041970325059919,0.00037581017543146923
4.35788464294057,0.0010962469999785762,0.0012505061766809836,0.00037457923299561064
4.358543334920594,0.0010977445377302,0.000992641634937618,0.0003747334770436949
4.359201977410726,0.0010992419629662273,0.0013471445563714185,0.00037489711409576605
4.359860507868364,0.0011007391334962797,0.001248262917130778,0.0003750609440800866
4.360519038326002,0.0011022363040264769,0.0008783317296414362,0.00037522498574849424
4.361177568783639,0.001103733474556426,0.0008059416541500989,0.000375389247394875
4.361836127952966,0.001105230710362542,0.0011081440811681544,0.000375553731429123
4.3624947384671575,0.0011067280629014457,0.0015091031757692647,0.00037571844219030963
4.36315334898135,0.0011082254154402393,0.0014050128861413257,0.00037588336792815976
4.363811959495542,0.0011097227679790422,0.0003220500080828196,0.00037604851788422967
4.364470503691721,0.001111219969743633,0.0003751566086899142,0.00037621386639326846
4.36512895270854,0.0011127169551176219,0.000954111177035007,0.0003763794111070281
4.36578740172536,0.0011142139404919536,0.0008391642339928756,0.00037654517308502683
4.366445850742179,0.0011157109258660063,0.0016215294170569574,0.0003767146343410088
4.367104299123726,0.00111684544075144,0.0013199341408924033,0.00037740830986699836
4.367762746766693,0.001117893209221886,0.0009370240825440402,0.0003782355643364644
4.3684211944096605,0.0011189409776922443,0.0015952134486701154,0.00037906913312349855
4.369079642052628,0.001119988746162413,0.00061743813746989,0.0003799082345647364
4.369738110597369,0.0011210365478931427,0.0017682577818687877,0.0003807529549531075
4.370396598950591,0.0011220843811444053,0.0008709720423867416,0.0003816033592663883
4.371055087303811,0.001123132214395588,0.00101015285864208,0.0003824594842740099
4.371713575657033,0.001124180047646991,0.0016871519222572617,0.0003833213911974693
4.3723719728343085,0.001125227735812698,0.0014912987173807087,0.0003841890291338636
4.373030299727662,0.0011262753121376557,0.0005609831834992678,0.00038506249249598186
4.373688626621016,0.001127322888462554,0.0014422762702133787,0.00038594193307812615
4.374346953514371,0.0011283704647875035,0.0004997188813623838,0.00038682742581588246
4.375005329692871,0.0011294181195384266,0.0007929108345713865,0.0003877160119913734
4.375663736630618,0.00112876875578783,0.0007015498581312096,0.00038814130525614056
4.376322143568365,0.0011259995098293878,0.0007064805934194585,0.0003879837455690057
4.376980550506112,0.0011232302638711264,0.0006813647241572045,0.0003878225146364009
4.377638849846886,0.001120461470463089,0.0008296332568763846,0.0003876615137204651
4.378297095349761,0.0011176929034965514,0.0014841745599245436,0.0003875007158192367
4.378955340852635,0.00111492433652985,0.001071444115370164,0.00038734013246797817
4.37961358635551,0.001112155769563043,0.0006236184496610617,0.0003871797402213462
4.380271830900638,0.0011093872066246756,0.0008425449351658777,0.00038701955806428446
4.38093007506782,0.0011066186452758995,0.001368239079192854,0.0003868595698551189
4.381588319235001,0.001103850083926888,-6.0490718365998264e-05,0.00038669978403662925
4.382246563402183,0.001101081522577869,0.0015206015377734875,0.00038654019719598875
4.382904838768556,0.0010983128300059407,0.0011606594932516933,0.00038638080120874434
4.383563123620833,0.0010955440975366638,0.0014787834501199526,0.00038622145491643104
4.384221408473111,0.0010928725189890895,0.0011442309960466796,0.00038603942151537726
4.384879693325389,0.0010913012548495595,0.0014966943440931867,0.0003856170209013858
4.385537846333017,0.0010897303054110434,0.0006005744759881664,0.0003851944940655829
4.3861959697879,0.0010881594265123578,0.0006031110082665226,0.0003847733726977773
4.386854093242782,0.0010865885476132584,0.0012185215634667416,0.0003843536323617661
4.387512216697664,0.0010850176687143913,0.0009736745286433061,0.0003839352573146377
4.3881704095164205,0.00108344662425051,0.001430042162978449,0.0003835182065827343
4.388828613003534,0.0010818755543220303,0.0011554396245079168,0.0003831025093789668
4.389486816490649,0.0010803044843937606,0.0018732400930701596,0.0003826881618204264
4.390145019977764,0.001078733414465457,0.0008695319702300451,0.00038227515088046774
4.390803075605823,0.0010771626974628603,0.0012586108838242597,0.0003818635706037271
4.391461117720518,0.0010755920127152635,0.0007846926119415434,0.00038145332510967624
4.392119159835214,0.0010740213279676503,0.0014590526134711924,0.00038104440249016444
4.392777201949909,0.001072450643220182,0.001189038679926962,0.00038064047030878954
4.393435321337123,0.001072640129125417,0.0008059051868526094,0.00038078970902534953
4.3940934434791865,0.0010735377724199367,0.00116848285544525,0.00038116521234138703
4.394751565621249,0.0010744354157142435,0.0010081783113835448,0.00038154330977440256
4.395409684804328,0.0010753330549728355,0.0010153610504824522,0.00038192253082617824
4.396067604946435,0.001076230422750301,0.0017600115468352417,0.00038230277526250567
4.3967255250885415,0.001077127790527549,0.0008964201972214196,0.0003826841598416787
4.397383445230648,0.0010780251583048565,0.001512891322555888,0.0003830666861126298
4.398041367862225,0.0010789225294778608,0.0009500502125653595,0.00038345036363253134
4.398699327374488,0.00107981995095412,0.0018071396578905642,0.00038383521430938216
4.399357286886752,0.0010807173724303426,0.001156290399733735,0.0003842212237186892
4.400015246399015,0.0010816147939064684,0.0009249028199728661,0.00038460840824877673
4.400673205911278,0.0010825122153823668,0.0010066664857510841,0.0003849967635205599
4.4013311654235405,0.0010834096368586847,0.0010534065833934308,0.00038538761686202435
4.401989124935803,0.00108440945765291,0.0008928612333656292,0.0003859809006672439
4.402647084448066,0.001085606155640498,0.0009178445891912546,0.00038696292933669974
4.403305018245659,0.001086802806858058,0.00015812651103676572,0.00038795503805223193
4.4039628164603855,0.0010879992114772783,0.0015818169105555988,0.00038895461626809087
4.404620614675112,0.001089195616096464,0.00039016730527815743,0.0003899619465660105
4.40527841288984,0.0010903920207156969,0.0010658896601286308,0.00039097714166367675
4.405936227689245,0.0010915884554993497,0.0014711056109591456,0.000392000325605177
4.406594105916745,0.0010927850056461623,0.0015800202902226375,0.0003930316757464017
4.407251984144246,0.0010939815557926022,0.0013205953318209769,0.00039407121576177733
4.407909862371746,0.0010951781059394096,0.0008938667486513058,0.00039511903246990104
4.408567699493634,0.0010963745813230283,0.0011936256715324412,0.00039617518421552746
4.409225416448545,0.0010975708381466558,0.0011635978151352385,0.0003972396517388781
4.409883133403455,0.0010987670949705168,0.0005729328254346794,0.0003983127434609974
4.410540850358366,0.0010999633517940698,0.00020070625881377503,0.00039938806396629903
4.411198579216663,0.0011020291223081875,0.0011760593036826436,0.00039949362203031176
4.41185633555467,0.0011041224591421526,0.000980513581427816,0.00039956193555995095
4.4125140918926755,0.0011062157959759304,0.00104336111693952,0.0003996300808540853
4.413171848230682,0.0011083091328097459,0.0006177685962100916,0.0003996982518654402
4.413829604568689,0.0011104024696435484,0.0009681525393669853,0.0003997664639954367
4.414487360906695,0.0011124958064772875,0.0013259454519597078,0.00039983471185819474
4.415145117244702,0.0011145891433108912,0.0007982076768986521,0.0003999029960947136
4.415802873582708,0.0011166824801450799,0.0001923751254525991,0.0003999713155628117
4.416460566072211,0.0011187756137783405,0.0014858676559798745,0.00040003966168990635
4.417118161175034,0.0011208684374746192,0.000603892566752416,0.00040010803004184004
4.417775756277856,0.0011229612611706051,0.0010580604351447971,0.0004001764399506592
4.418433351380678,0.0011250540848668786,0.0010702051010597813,0.00040024488600414577
4.419090981893927,0.0011271470212582113,0.0007704809698442319,0.00040031253000329
4.41974865699736,0.0011297717721830114,0.00159564494777504,0.0004002541466874241
4.420406332100794,0.001132762223943678,0.001690255904481844,0.00040010874521689187
4.421064007204227,0.0011357526757043229,0.00042252632076424904,0.0003999629181167617
4.421721603473641,0.0011387427690057832,0.0012190347497053843,0.0003998172712650694
4.422379117366818,0.0011417324877427786,0.0010658920629334045,0.00039967180309093684
4.423036631259995,0.0011447222064794565,0.0015721102791239772,0.00039952648725771024
4.4236941451531715,0.0011477119252161477,0.0011971322348929671,0.00039938132865908804
4.424351658404852,0.0011507016410359952,0.0008412892159111189,0.00039923632756538814
4.425009171099321,0.0011536913543220232,0.0014306737866083647,0.00039909148093006467
4.425666683793789,0.001156681067608382,0.0015942076106066965,0.00039894679483521816
4.426324196488258,0.0011596707808946062,0.0009139580565316559,0.0003988022599294707
4.426981732750657,0.0011626606013441575,0.0003586947933295285,0.0003986578741257257
4.427639286039847,0.0011656504992148481,0.0018511030440007542,0.0003985144371400238
4.428296839329036,0.0011680960486443312,0.0017968844485427423,0.00039849311224934055
4.428954392618225,0.0011685444823493157,0.001170763032437298,0.00039891023160862094
4.429611844977622,0.001168992847222849,0.0006100166768111793,0.0003993315256688343
4.430269237093932,0.0011694411710119735,0.001098609362167411,0.0003997541209694996
4.4309266292102425,0.001169889494801057,0.0016395075189274326,0.00040017804952587516
4.431584021326553,0.0011703378185904036,0.001950572143909498,0.0004006033422544064
4.432241467165575,0.0011707861790172594,0.0014379362150506278,0.00040103002249709216
4.432898939270334,0.0011712345573563316,0.0014425479522487989,0.0004014580796366108
4.433556411375093,0.0011716829356957393,0.0007924125467428354,0.0004018875157586191
4.4342138834798535,0.0011721313140348314,0.0007813716390196314,0.00040231832517833904
4.434871240074252,0.0011725796135991656,0.0014968257296515968,0.00040275044301981913
4.435528551031042,0.0011730278820398063,0.0018712512684310812,0.00040318393171692886
4.436185861987832,0.001173476150480474,0.0018537045979592456,0.0004036188271851729
4.436843172944623,0.0011739244189210582,0.001403391866684953,0.0004040477836378103
4.437500483017236,0.001172944054183552,0.0009694115955150445,0.00040337739713485995
4.438157792813262,0.0011716739625111687,0.001329899175851373,0.00040248235357340364
4.438815102609287,0.0011704038708391813,0.0009881956615246585,0.00040159177426515055
4.439472412405313,0.001169133779166828,0.0012092455736813614,0.00040070707755364855
4.440129722201338,0.0011678636874945872,0.0014495214472184594,0.0003998281950785024
4.440787031997363,0.0011665935958221517,0.0009161708696231084,0.0003989550708527019
4.441444341793389,0.0011653235041501767,0.0021993621598668245,0.0003980876384906497
4.4421016515894145,0.0011640534124777926,0.0010780888714809434,0.00039722583673739066
4.44275882443626,0.0011627835854266379,0.0009801783475730636,0.00039636977870808807
4.443415973134113,0.0011615138050373513,0.001059457612485771,0.00039551926528421624
4.444073121831965,0.001160244024648127,0.0011279747421744915,0.00039467419528116957
4.444730270529817,0.0011589742442592557,0.001418219874882544,0.00039383452330453027
4.4453874907277315,0.0011577043257136547,0.0005087958500391655,0.0003930029428406462
4.4460447193994375,0.0011573992989418358,0.0008014747163657529,0.0003926049811511282
4.446701948071144,0.0011582958254917185,0.000881932295167646,0.00039274046888146153
4.44735917674285,0.0011591923520419601,0.001477948809331049,0.00039287963682190256
4.448016254369026,0.0011600886725507149,0.0012135472507320301,0.00039301892715793763
4.448673321967447,0.0011609849793803907,0.00042060460808088045,0.00039315836309424966
4.449330389565867,0.001161881286210065,0.0014222511477481852,0.00039329794324034203
4.449987457164288,0.0011627775930397215,0.0014928177634795697,0.00039343767581008634
4.450644563445922,0.0011636739526374046,0.0007089053751615345,0.00039357756332626556
4.451301670468689,0.0011645703132459326,0.0001177303952289877,0.00039371760216936724
4.4519587774914555,0.0011654666738542686,0.001559568832588774,0.00039385778866525876
4.4526158845142225,0.0011663630344629652,0.0006096180088886671,0.0003939981276859916
4.453272991536989,0.0011672593950713714,0.0013304922634688227,0.0003941386245923371
4.453930098559756,0.0011681557556798103,0.0012015844806788898,0.0003942792491322259
4.454587205582522,0.001169256209293946,0.0015641597389935303,0.0003944172122799783
4.455244301793547,0.0011736627421936121,0.001367161801589798,0.0003945141216174356
4.455901247780345,0.0011780682676789983,0.001960009994234877,0.0003946108208826449
4.456558193767142,0.0011824737931644322,0.0016597646459670838,0.00039470759959108636
4.45721513975394,0.0011868793186499468,0.0012345470780779184,0.00039480443965024043
4.457872094525591,0.0011912849030472662,0.001440956540813843,0.00039490135731746486
4.458529120474079,0.001195690964761394,0.0014097509449182038,0.0003949983569455026
4.459186146422568,0.0012000970264754859,0.0010538556204141604,0.0003950954278297708
4.459843172371056,0.0012045030881896986,0.0007777889940668708,0.0003951925738248119
4.460500173790511,0.0012089089854105145,0.0008466074303064702,0.00039528978888319987
4.461157038727898,0.0012133139673728645,0.0003314099490814335,0.0003953870562192676
4.461813903665287,0.0012177189493353343,0.0009720475825026928,0.0003954844008859154
4.4624707686026746,0.0012221239312977831,0.0012154844002745975,0.0003955818103968407
4.463127633330412,0.001226528911854385,0.0007974917583944223,0.0003956854631083526
4.463784497190348,0.0012306855573807939,0.0014856055202965377,0.0003967209178710221
4.464441361050284,0.0012347176874747297,0.001214636866889825,0.0003982426226984665
4.46509822491022,0.0012387498175687101,0.001364881561943958,0.0003997851577014344
4.465755098335014,0.0012427820063761806,0.0010009954356754729,0.0004013457869487356
4.466412002709589,0.0012468143851675133,0.0010136171620672763,0.00040292490072463277
4.467068907084165,0.0012508467639587221,0.0009159818157908081,0.0004045228094536125
4.467725811458742,0.0012548791427501834,0.0006811899504375168,0.0004061398683683626
4.4683826598568235,0.0012589111779320618,0.0022559883678020076,0.0004077763364504784
4.469039362755375,0.001262942319971538,0.0017607711874363017,0.0004094323785353871
4.469696065653926,0.0012669734620109965,0.0017500981329930491,0.00041110874637746925
4.470352768552476,0.0012710046040506906,0.0008102359714510148,0.00041280588200855775
4.471009496961489,0.0012750359026850297,0.0012155769237716207,0.0004145242734015819
4.471666279807136,0.0012790675354761325,0.0012753443807056511,0.0004162605577094008
4.472323062652782,0.0012816743575307606,0.0008300653862197667,0.000417422854367797
4.472979845498428,0.0012804799354429266,0.0006197343717545586,0.00041702781531500647
4.473636570389632,0.0012792856187504073,0.001169315684993256,0.00041662357647300103
4.47429319229874,0.0012780914893406306,0.0008304278547355437,0.0004162205653883416
4.474949814207847,0.0012768973599311985,0.001526678037230205,0.00041581873311883456
4.475606436116956,0.0012757032305218108,0.0009964783492958504,0.00041541805862506094
4.476263073841765,0.0012745090723495862,0.0007343886690982118,0.0004150185262008204
4.47691973520344,0.0012733148711916245,0.0007477355379372112,0.0004146201324937704
4.477576396565114,0.001272120670033929,0.0008318085213787686,0.0004142228833319118
4.478233057926789,0.001270926468876027,0.0009669910434078024,0.0004138267776745879
4.478889719288463,0.0012697322677180736,0.0011109809575238214,0.0004134318009660556
4.479546380650138,0.001268538066560364,0.001898269766005459,0.00041303796258579725
4.480203042011812,0.0012673438654025168,0.0013441545130812205,0.00041264523588845867
4.480859703373487,0.001266149664244871,0.0006322991568912535,0.00041225361103536815
4.481516287270956,0.0012650207674133726,0.0007088185212276386,0.0004118599680845147
4.482172787733348,0.0012639013509151554,0.0009554810816487598,0.00041146703791046426
4.482829288195741,0.0012627819344165527,0.0007819142931346123,0.00041107522144107696
4.4834857886581325,0.0012616625179184087,0.0012390897251585236,0.0004106845265797075
4.484142330805343,0.001260543030342157,0.0008186767709624423,0.00041029490573797666
4.484798911202668,0.0012594234775445833,0.001380721644569223,0.00040990638604195706
4.485455491599992,0.0012583039247471106,0.001022301613301815,0.00040951895152640643
4.486112071997316,0.001257184371949571,0.0008009348872216255,0.00040913263021036316
4.48676856209914,0.0012560649731172056,0.0018753884570685351,0.00040874744343760765
4.48742498162201,0.001254945694631179,0.0010188003500343661,0.00040836338457660474
4.48808140114488,0.0012538264161450904,0.0010826991873255241,0.00040798040147926943
4.488737820667751,0.0012527071376587197,0.001238392380038923,0.0004075984989380765
4.489394239593176,0.0012515878601912509,0.0018197772506775855,0.00040722089827956577
4.490050658121682,0.0012502206775770993,0.001565652357832938,0.0004073306455706068
4.490707076650187,0.0012485792582058012,0.0013712163291064719,0.0004079801879294447
4.4913634951786925,0.0012469378388347905,0.0007139932766230189,0.0004086364465254759
4.4920199395871965,0.0012452963547489788,0.0015448822446097793,0.0004092959012379285
4.492676398575424,0.0012436548342057607,0.0009221649471810678,0.0004099585656885613
4.493332857563651,0.001242013313662091,0.001572351969767956,0.0004106244508064522
4.493989316551878,0.0012403717931187533,0.0010895311659977797,0.0004112935721550831
4.494645638926086,0.0012387306141881163,0.0009440700616054547,0.000411965840992099
4.495301896629771,0.0012370895969703818,0.001344830771978493,0.00041264134204740076
4.495958154333456,0.001235448579752806,0.001882516073296794,0.000413320161656653
4.496614412037141,0.0012338075625348002,0.0006527617131688234,0.0004140023426204315
4.497270727066498,0.0012321664019704815,0.001050296667007177,0.0004146879535809442
4.497927064690519,0.0012305251849066235,0.0007455494364133885,0.0004153779133612718
4.498583402314542,0.0012288839678425891,0.0015548229713528213,0.00041621940982897404
4.499239739938563,0.0012272427507784586,0.0015374360735871495,0.0004188802976447537
4.499895956059644,0.0012256018375411911,0.0006451892227067608,0.00042159189093448
4.500552132883652,0.0012239610225686574,0.0015518960357343392,0.0004224104035648197
4.5012083097076605,0.0012223202075962694,0.0011806633108147743,0.00042285534163668533
4.501864486531669,0.0012206793926238968,0.0005198463827099906,0.00042329924399397663
4.502520726784679,0.0012190384190425402,0.0009654602406231857,0.0004237445934024776
4.503176983524158,0.001217397404236017,0.001281282291657063,0.0004241913478732942
4.503833240263637,0.0012157563894294554,0.0009494865435613095,0.00042463952600521116
4.5044894970031155,0.001214115374622923,0.0019306537151852548,0.0004250891117555916
4.505145620051095,0.0012124746941207037,0.0009355417532274892,0.00042554003658740685
4.505801716015358,0.0012108340813436211,0.0017812638584747279,0.0004259923807219072
4.5064578119796215,0.0012091934685664306,0.001029800666837554,0.000426446160656179
4.507113907943886,0.001207552855789195,0.0005411780228096325,0.0004268994599731258
4.5077700030963035,0.0012066538568064173,0.0005327668598915446,0.0004270633757205714
4.508426098126489,0.0012061317850532917,0.000671193266357562,0.0004270782906315102
4.509082193156675,0.0012056097133002356,0.001264832831698854,0.0004270922210484545
4.50973828818686,0.0012050876415473726,0.0018182536147099255,0.00042710615508139403
4.5103944198376675,0.001204565540654334,0.0011272317766657556,0.00042712009205189656
4.511050555287705,0.0012040434367381048,0.0011011677468575416,0.0004271340259502225
4.511706690737742,0.0012035213328220457,0.001350360170620189,0.00042714796155063855
4.512362826187779,0.0012029992289058974,0.0014151577167699479,0.0004271618995641888
4.51301881004333,0.0012024772456175614,0.0007987655952280128,0.0004271758416838085
4.513674784755336,0.0012019552696046105,0.0016670410567107869,0.0004271897692124811
4.514330759467343,0.001201433293591927,0.0006108739427445595,0.0004272037150257439
4.51498673417935,0.0012009113175792982,0.0016453573593395677,0.00042721766212901587
4.515642787195036,0.001200389279258564,0.0016992793383482246,0.00042723368570460476
4.51629884181035,0.0012000758544262673,0.0009749920445030496,0.00042756789721426936
4.516954896425664,0.001200374128859137,0.0014585547140044427,0.00042882621304363817
4.517610947702224,0.0012006724017739133,0.0008982901985541533,0.00043010191125485527
4.5182668012067815,0.001200970584772259,0.0007764356630624073,0.00043138865630517904
4.518922654711339,0.0012012687677704465,0.0015568502940768222,0.0004326869976856547
4.519578508215897,0.001201566950768723,0.001235066828093873,0.00043399711774486213
4.520234363803518,0.0012018651347139367,0.0011473128128080723,0.0004353191895558695
4.520890256809122,0.0012021633356713427,0.0016519920626078461,0.0004366534741422664
4.521546149814727,0.0012024615366285911,0.0005964998366668758,0.00043800008935724504
4.5222020428203304,0.0012027597375860312,0.0006399265129894041,0.00043935923130134153
4.522857935825935,0.0012030579385432258,0.000720706565266349,0.00044073106883978585
4.523513828831539,0.0012033561395005618,0.0012309808143857017,0.00044211582080745323
4.524169721837143,0.0012036543404578296,0.00170787405196786,0.00044351369182367596
4.524825614842747,0.0012039525414151945,0.0006282122328926484,0.0004449092319452975
4.525481487922286,0.0012033730954616535,0.001138681886479027,0.00044396666915974146
4.526137220264179,0.0012026276909580416,0.000720985229357029,0.0004425774061275363
4.526792952606072,0.001201882286454402,0.00045013604450944687,0.0004411981899219347
4.527448684947965,0.0012011368819507423,0.0009104335267362117,0.0004398317664230628
4.528104430026022,0.0012003914629690965,0.0016246652121054,0.00043847792509590857
4.528760242256625,0.0011996459676518433,0.0012831958576790337,0.0004371363565809032
4.529416054487228,0.0011989004723346429,0.0007633120832451961,0.0004358070019263855
4.530071866717832,0.0011981549770172949,0.001141179859227301,0.00043448969157185017
4.530727647691295,0.0011974095172317103,0.0016103479948670403,0.00043318429182226495
4.531383299282946,0.001196664204520904,0.0007492190940368798,0.00043189083702220175
4.532038950874597,0.0011959188918102051,0.0007514867027782139,0.0004306088782485268
4.532694602466248,0.0011951735790997056,0.001392975463520631,0.0004293382551265124
4.533350253862514,0.0011944282666107456,0.0018054040490175023,0.00042808164804614287
4.534005904602787,0.0011920662445136763,0.0010444496655531723,0.00042726373955999375
4.53466155534306,0.0011875203596352958,0.0014787154170917416,0.00042702471907015414
4.5353172060833336,0.0011829744747575363,0.0011013855947425405,0.00042678991361638763
4.535972856823607,0.0011784285898795996,0.0007805467172047499,0.00042655548502791774
4.53662850756388,0.0011738827050013457,0.0004770759264986314,0.00042632145906761087
4.537284158304154,0.001169336820123559,0.0012171049607048847,0.00042608781253825013
4.537939809044428,0.0011647909352457213,0.0014256666264632785,0.0004258545605078638
4.53859541195288,0.001160245382004268,0.0004880517633840167,0.00042562170029610105
4.539250902103695,0.0011557006105562873,0.0011876381063801542,0.00042538927495257094
4.539906392254511,0.0011511558391082797,0.0013112934941439144,0.00042515722564499434
4.540561882405327,0.0011466110676604275,0.0006130101114679658,0.00042492556427447837
4.541217399057343,0.0011420661124691592,0.0011144008259985603,0.0004246942755844747
4.541872969082273,0.0011375207872223044,0.0005174863343696653,0.00042446332286454855
4.5425285391072014,0.001132978680077125,0.0006324327203833468,0.0004242280231476428
4.543184109132131,0.0011290294630595251,0.0006744711855080942,0.0004236023622485116
4.543839620474104,0.0011250805995535876,0.0002787861804422182,0.0004229769292979157
4.544495029934312,0.0011211323497934056,0.0007344168590609878,0.00042235435964590355
4.54515043939452,0.001117184100032934,0.0013635525411759364,0.0004217345403349465
4.545805848854728,0.0011132358502727482,0.0007287652093556297,0.0004211174347040928
4.546461257993258,0.001109287602450455,0.0011822765959708602,0.0004205030415094641
4.547116666647104,0.0011053393575476867,0.001544587483784051,0.00041989133322304555
4.5477720753009505,0.001101391112644825,0.0007352297828222642,0.0004192822913098656
4.5484274839547965,0.0010974428677421426,0.0008828756019172651,0.00041867589580160566
4.549082910019006,0.0010934945179577546,0.0019502792806317432,0.0004180721151542267
4.549738359008175,0.0010895460300709885,0.0010178563747218912,0.0004174709128200858
4.550393807997343,0.0010855975421845436,0.0008468503030848173,0.0004168723112248454
4.551049256986512,0.001081649054298122,0.0014320311843150637,0.00041627816596207916
4.551704631394607,0.0010796095620607968,0.001529887977113531,0.0004159686393556356
4.552359919856145,0.001078939152130743,0.0006859587066253268,0.00041586292250015463
4.553015208317683,0.001078268742200692,0.0013690477835718575,0.0004157586414544282
4.553670496779222,0.0010775983322708915,0.0010121299349442998,0.00041565443132308126
4.55432580490286,0.0010769279022251317,0.0012721593153018733,0.00041555030351551236
4.554981132900952,0.001076257451846416,0.0005031318511703315,0.00041544624581492325
4.555636460899045,0.0010755870014673137,0.0016912610542244378,0.0004153422663447233
4.556291788897138,0.0010749165510885116,0.0006537965826878135,0.0004152383641898289
4.556947031908899,0.0010742461876571833,0.0021009458159376897,0.00041513455824015663
4.5576021994164355,0.001073575901472103,0.001132467954752188,0.0004150308346978762
4.558257366923972,0.0010729056152876599,0.0010058628335738984,0.00041492719512422477
4.55891253443151,0.0010722353291028536,0.001227883503324866,0.000414823631974073
4.559567724144007,0.0010715650202006769,0.0004596991665499852,0.0004147215377334502
4.560222931195685,0.001071116993857504,0.0014468216499607433,0.0004148368016039589
4.560878138247361,0.001071861716580291,0.0012645711301020536,0.0004160854743307683
4.561533345299037,0.0010726064393034138,0.0012346612867657832,0.00041735313220347145
4.5621885523507135,0.0010733511620264462,0.0012178918835115515,0.00041863244162926907
4.56284375940239,0.0010740958847490923,8.21089792904621e-05,0.00041992357099792174
4.563498966454066,0.0010748406074720365,0.0007249533258292403,0.00042122670217947897
4.5641541735057425,0.0010755853301952392,0.0018280287324290976,0.0004225420298503144
4.564809280352329,0.0010763299390227608,0.0007700528903269851,0.00042386953727259946
4.565464326950509,0.0010770744793709333,0.0010046074153582944,0.00042520949484002623
4.566119373548688,0.0010778190197189756,0.001141115776963581,0.0004265622198074025
4.566774420146867,0.0010785635600669141,0.0011787965893155072,0.000427927933270802
4.567429519105883,0.001079308159929384,0.0010796818375970606,0.0004293069314376245
4.568084645551414,0.0010800527910336114,0.0012524256302174376,0.00043069939356631375
4.568739771996945,0.0010807974221379705,0.001348446928588839,0.00043210057540952573
4.569394898442477,0.0010808373655419486,0.0007765369176575454,0.0004327738910117026
4.5700498870454505,0.0010806139978247215,0.000833361893747421,0.00043316854263091985
4.5707048127788905,0.0010803906515474539,0.0008815391520812795,0.000433562392739254
4.571359738512331,0.001080167305270206,0.0007214648646218527,0.00043395731185921055
4.572014664245771,0.0010799439589930704,0.001548225633920139,0.00043435331400210715
4.572669618354499,0.0010797206030393018,0.0007675733030618326,0.0004347504104281793
4.573324583647223,0.001079497243271443,0.001247032411497199,0.0004351486043304957
4.573979548939948,0.0010792738835034555,0.0010858605747128202,0.0004355479031905822
4.574634514232673,0.0010790505237355658,0.0007363153751553692,0.0004359482878939194
4.575289479525398,0.0010788271639676425,0.0012704404357462625,0.0004363497866405046
4.5759444448181235,0.001078603804199845,0.0014546417202577176,0.0004367523890405937
4.576599410110848,0.0010783804444319293,0.002321363901615542,0.0004371561010111736
4.577254375403573,0.001078157084664118,0.0006812271288856831,0.00043756110324457803
4.577909216026351,0.0010783311253007022,0.0007565980008653497,0.0004379923678577031
4.578564020939645,0.0010794475237662369,0.001228271676050108,0.0004384841155057374
4.57921882585294,0.0010805639222316544,0.0012408434723963871,0.00043897791691062773
4.579873630766235,0.0010816803206972732,0.0007866734359798782,0.0004394733997209968
4.580528500114854,0.0010827968290205452,0.0015917741021574986,0.0004399705950391164
4.5811833848609025,0.0010839133635955592,0.0019876250853586934,0.00044046950521427523
4.581838269606952,0.0010850298981704813,0.0007541738862121625,0.0004409701111185962
4.582493154353001,0.001086146432745553,0.0012995523292309776,0.0004414724219492775
4.58314790493505,0.0010872627385798122,0.0014179468334644513,0.0004419763513027756
4.583802629326343,0.0010883789997607012,0.0008438598059351261,0.00044248199237037207
4.584457353717637,0.0010894952609417394,0.0012131733079562331,0.00044298937154916467
4.5851120781089305,0.0010906115221225043,0.0008296170981624735,0.0004434984944901163
4.585766801912079,0.0010917277823006555,0.0010710778271074363,0.0004440093801847671
4.586421525624196,0.0010928440423235042,0.0016933413904755322,0.00044452318348445175
4.587076249336312,0.0010947285442238386,0.0018546157251850043,0.0004452127234518386
4.587730973048429,0.0010967378122650636,0.0014155409466409794,0.0004459350116908512
4.588385696760546,0.0010987470803063828,0.0021615308030527042,0.00044666103090199277
4.589040420472662,0.0011007563483475683,0.0012155396267613384,0.0004473905935463798
4.589695144184779,0.0011027656163889324,0.0017384026697791666,0.00044812374625075615
4.5903498678968955,0.0011047748844301433,0.0010844664009667547,0.0004488605092941456
4.59100444363176,0.0011067836983469734,0.001617530568980959,0.00044960075783518656
4.591659007038448,0.0011087924744303044,0.0011033974021071064,0.0004503446521196881
4.592313570445135,0.0011108012505136676,0.0008910990923435341,0.00045109225521610156
4.592968133851824,0.001112810026596847,0.0011648620452101139,0.0004518436017760906
4.593622773198784,0.0011148190357316808,0.00051077269203805,0.000452598778565532
4.594277416423629,0.001116828056767343,0.0011680327037496684,0.00045335776779149715
4.594932059648474,0.0011188370778027906,0.0015397978079354667,0.00045411972808620077
4.595586702873319,0.0011184643127439171,0.0009166861120067972,0.00045475540373591465
4.596241189104395,0.0011148187716135405,0.0022128432516536857,0.0004552149789576125
4.596895672048465,0.0011111732487922607,0.0006107279921360601,0.0004556747459255011
4.5975501549925335,0.001107527725970824,0.0019005376998832205,0.00045613589470568544
4.598204637931955,0.001103882203175543,0.0007373271332651809,0.00045659844259526535
4.59885912024161,0.0011002366838878572,0.0010255591685591715,0.00045706239233969637
4.599513602551264,0.0010965911646002777,0.0005710330565573153,0.0004575277447349772
4.600168084860917,0.0010929456453125552,0.0016671366233338707,0.0004579945196212151
4.600822567170572,0.0010893001260249748,0.0007037683176815371,0.00045846271736552286
4.601477049480225,0.0010856546067374352,0.0018982430268872342,0.00045893234004141614
4.60213153178988,0.0010820090874497413,0.0008598967986864817,0.00045940339447820405
4.602786014099534,0.0010783635681622845,0.0004452686295503183,0.0004598759048760486
4.603440486551196,0.0010747181037844087,0.0009361475472407793,0.00046034985462496333
4.604094808629357,0.0010710734769992128,0.001227206885446303,0.0004608099649179528
4.604749130707519,0.0010687409579526138,0.0008736144195808529,0.0004590030312172378
4.60540345278568,0.0010664354357403983,0.0011255658853117057,0.00045715654803871224
4.6060577819167925,0.0010641298886770333,0.0014705182903233852,0.00045533181784266225
4.606712183798513,0.0010618240852747138,0.0017327490812296354,0.00045352854595747663
4.607366585680234,0.0010595182818723737,0.0008894105007729947,0.00045174649805711844
4.608020987561954,0.0010572124784700974,0.0018236316774606115,0.0004499852620296685
4.60867537102145,0.0010549067399790247,0.0006904497448002742,0.0004482445020807852
4.609329612696309,0.0010526015010701277,0.0016409819856088668,0.00044652413186516344
4.609983854371167,0.0010502962621612858,0.0007353448567046315,0.00044482339292059396
4.610638096046026,0.001047991023252193,0.0007883219078320387,0.0004431419222339429
4.6112923490010225,0.00104568574459748,0.0009318444426891372,0.0004414793215958826
4.611946670474573,0.0010433802245156348,0.0011702392920221567,0.0004398351200484206
4.612600991948125,0.0010410747044338742,0.0017554856411899676,0.00043821780708364516
4.613255313421677,0.0010401985412196244,0.0015398327500422888,0.0004379188850600718
4.613909601337736,0.0010405704224950134,0.0021303362479691596,0.00043876550994024105
4.614563722444683,0.001040942208960324,0.00021228037519199815,0.00043962451038902125
4.615217843551631,0.0010413139954254438,0.00045548033857581644,0.00044048854888518297
4.615871964658579,0.0010416857818907233,0.0006461544340264036,0.00044135770008758753
4.6165260934147305,0.0010420575727036465,0.0005556780303833421,0.0004422320221260521
4.61718025413121,0.0010424293816819158,0.0010747004454463446,0.0004431116034385786
4.617834414847689,0.0010428011906601755,0.0009400985330916411,0.00044399643815254045
4.618488575564168,0.0010431729996387036,0.0008673106904626784,0.0004448865835901021
4.619142736280647,0.001043544808616837,0.0011390212965951719,0.00044578210089016415
4.619796896997127,0.0010439166175953436,0.001546232741304639,0.0004466830326891673
4.620451057713606,0.001044288426573604,0.0008780460757708979,0.00044758944534663373
4.621105218430086,0.0010446602355519963,0.001676861452103272,0.00044850121572118253
4.621759340168876,0.0010453650135969416,0.0010520924758396168,0.000449389644982651
4.622413340752343,0.001049602116717845,0.000675818743727654,0.0004499955174353897
4.623067341335809,0.0010538392198387277,0.0008617666696048687,0.0004506019406606534
4.623721341919275,0.0010580763229596274,0.0008580372302328804,0.00045121082563702594
4.624375363909656,0.001062313564770498,0.0012210533757733445,0.0004518222123225835
4.625029444277217,0.0010665511847921458,0.00043971328028331684,0.0004524361511826819
4.625683524644778,0.0010707888048138016,0.0006418186456127379,0.0004530525887183966
4.626337605012339,0.001075026424835514,0.0011175285023740846,0.00045367157183313363
4.62699162670905,0.0010792636647437832,0.0006500359334245827,0.00045429304577118484
4.62764550681344,0.0010834999873114953,0.0007893390044952837,0.00045491695080317386
4.628299386917831,0.0010877363098791535,0.0010287418107033223,0.0004555434331321995
4.628953267022221,0.0010919726324467424,0.0011586984007169467,0.0004561725127083628
4.629607159693085,0.0010962090364294993,0.001350514605415531,0.00045680422150699796
4.630261079422009,0.00110044561571432,0.0008739573071717955,0.0004574344157401066
4.630914999150934,0.0011043057465783977,0.0013268893614193321,0.00045743628742340395
4.631568918879859,0.001107947718244352,0.0008474082090620505,0.00045707092773187826
4.632222838608784,0.001111589689910322,0.0008881978056363476,0.0004567040337209965
4.632876758337709,0.0011152316615762356,0.0011003789273887957,0.00045633801159082057
4.633530678066633,0.0011188736332423041,0.0016648599610018617,0.0004559728514311981
4.634184597795559,0.0011225156049082126,0.00022805329546467452,0.00045560857178217584
4.634838459182582,0.0011261572516419506,0.0006032430808266271,0.0004552451861268671
4.635492218852277,0.0011297983318665015,0.0009598742446739738,0.00045488272609236656
4.636145978521973,0.0011334394120909442,0.0013349224710972286,0.00045452111564061595
4.636799738191669,0.001137080492315553,0.0017675008468862143,0.00045416035932903577
4.637453528807098,0.0011407217448907315,0.00043190980740671946,0.00045380043799136
4.638107368246291,0.0011443632693871875,0.0007433185194214858,0.0004534413399986607
4.638761207685483,0.0011480047938836277,0.0009400934917622479,0.00045308530704612186
4.639415047124675,0.00114983913300319,0.0012890840094079356,0.00045307330916044276
4.640068804271591,0.0011432993320563908,0.0019598289857591018,0.000454615827510282
4.640722443550947,0.0011367607101872544,0.0016481881224479468,0.000456184347615231
4.641376082830305,0.0011302220883180798,0.0008130583554248993,0.00045776915762421784
4.642029722109661,0.0011236834664487387,0.0013853206919095691,0.00045937052829443794
4.6426833785861366,0.001117144672549754,0.0010225394468615819,0.000460988789876446
4.643337057504998,0.0011106056541503452,0.0015347668671082835,0.0004626242594578011
4.643990736423858,0.001104066635750908,0.001574156442378364,0.0004642771944326261
4.644644415342719,0.0010975276173514808,0.0012271165078165305,0.0004659478932693135
4.64529809426158,0.0010909885989520503,0.00130686708497643,0.00046763668897303325
4.645951773180441,0.0010844495805525825,0.0007288115765799186,0.00046934390563062187
4.646605452099302,0.0010779105621531724,0.0013838743980423322,0.0004710698776307885
4.647259131018163,0.0010713715437538655,0.0009534170418899144,0.00047281494576679035
4.647912733420515,0.0010648332907803708,0.000708604606758591,0.0004745685543878899
4.648566252353866,0.0010620379015265653,0.001208537047849299,0.00047471993755901737
4.649219771287215,0.0010607008543795451,0.0009978901084739427,0.0004742343043418613
4.649873290220564,0.0010593638072323803,0.0017204092605433159,0.0004737460079771344
4.650526828987083,0.0010580267195082226,0.0011416927675500814,0.000473259196469357
4.6511803875674085,0.0010566895912465094,8.843039311737027e-05,0.0004727738681571925
4.651833946147735,0.0010553524629848354,0.0013310173704872128,0.00047229003977486644
4.652487504728062,0.0010540153347232061,0.0017285020776213527,0.00047180766991617964
4.653140979858603,0.0010526783771932025,0.001790976028897206,0.000471326851101507
4.653794378490253,0.001051341576173534,0.0014231216537584736,0.0004708475492917005
4.654447777121902,0.0010500047751540015,0.0010904955698530293,0.00047036970574892105
4.655101175753552,0.0010486679741346198,0.0008501314241382759,0.00046989331355182235
4.655754595916325,0.0010473311290640221,0.0012484645931895165,0.0004694183520083119
4.656408034202416,0.0010459942469147451,0.0006356527426760174,0.0004689439340790978
4.6570614724885075,0.001044828662908105,0.0010315729198001296,0.0004683391309260389
4.657714910774598,0.0010441601458484064,0.0017769025202030535,0.00046736252517911214
4.65836834906069,0.0010434916287885042,0.001209170266138187,0.00046638953075884025
4.659021787346781,0.0010428231117288079,0.0010952640460212637,0.0004654225728992212
4.6596752256328715,0.001042154594669031,0.0011975659087625603,0.00046446159794926876
4.660328663918963,0.0010414860776093127,0.0005616652372948751,0.00046350654226613686
4.6609820087409455,0.0010408176561705162,0.0011442722482943985,0.00046255746991230703
4.661635287115179,0.0010401493027127563,6.26195796262401e-05,0.0004616143008947476
4.662288565489412,0.0010394809492549001,0.0024567997313742172,0.00046067686235411426
4.662941843863646,0.0010388125957970131,0.00010790728678544638,0.0004597451083599828
4.663595146232551,0.001038144217791055,0.0013134346705646796,0.00045881893626907637
4.664248464268682,0.0010374758237559696,0.0005750749288946625,0.00045789830576021374
4.6649017823048124,0.0010368074297211053,0.00011725826816481476,0.00045698318523737725
4.665555100340943,0.0010361390356862271,9.598868467645288e-05,0.00045607662462219357
4.666208318455164,0.0010357648017935662,0.001340656979411417,0.0004556388800229695
4.666861476616239,0.0010354678442299815,0.0006871072566332801,0.00045532687392734513
4.667514634777313,0.0010351708866663182,0.0026030637615689156,0.00045501632162843025
4.668167792938387,0.0010348739291027957,0.0012696389135661,0.0004547064015905886
4.6688209508483896,0.0010345769716535067,0.0007894117240904828,0.000454397115812811
4.669474108620069,0.0010342800142668599,0.0012686152652416737,0.0004540884527383474
4.670127266391748,0.0010339830568803646,0.0018854226772114244,0.0004537804225993463
4.670780424163428,0.0010336860994938,0.0009831583826705342,0.0004534730178324114
4.671433608526834,0.0010333891300174018,0.0006418699031600233,0.0004531662181100728
4.672086806357254,0.0010330921544181488,0.0008783981912099175,0.000452860034129662
4.672740004187674,0.0010327951788191038,0.0012851682479193282,0.00045255446923621394
4.673393202018095,0.001032498203219865,0.0012915641510652615,0.00045224952069536313
4.674046263306147,0.001032201289699538,0.00036122597088767154,0.0004519475818627768
4.674699261251814,0.0010320000000000125,0.0013642980521953534,0.0004519993702182572
4.675352259197482,0.0010320000000001084,0.0018795518346178322,0.00045278964477730424
4.676005257143149,0.0010320000000000494,0.0011142877449914757,0.0004535890286654378
4.676658311046921,0.0010320000000000299,0.0019528907988670976,0.0004543927027536881
4.677311388715856,0.00103199999999997,0.000617081346142806,0.0004552006889047889
4.677964466384792,0.0010319999999999633,0.0012931777383000068,0.0004560130042291183
4.678617544053727,0.0010319999999999652,0.0013978438110610896,0.0004568296640892242
4.679270506592236,0.0010320000000000322,0.0010522263646412415,0.0004576505761749821
4.6799234244596715,0.0010320000000000123,0.0008377588780037132,0.00045847586702768957
4.6805763423271065,0.0010320000000001003,0.000986588264187799,0.0004593056345591146
4.681229260194542,0.0010319999999999915,0.0012565025299479267,0.0004601399095810387
4.681882177807058,0.001032000000000018,0.0009777185675839037,0.0004609787264189976
4.682535095329435,0.0010319999999999542,0.001040149224570852,0.00046182215490011907
4.683188012851811,0.0010320000000000147,0.0009956635585636746,0.00046267014877758307
4.683840930374187,0.001032440776698896,0.00035181068556285435,0.0004635140254563387
4.6844938478965625,0.0010329603200268608,0.000961324307421332,0.0004643608704735476
4.685146765418939,0.0010334798633548122,0.0007945552911595819,0.0004652123592928803
4.685799682941315,0.001033999406682844,0.0004928944872286586,0.0004660685418433779
4.686452600463691,0.0010345189500108754,0.0015576816423760631,0.00046692946011525627
4.68710539434949,0.0010350383949581253,0.0012580642618087341,0.00046779500926759886
4.6877581521193665,0.001035557811166932,0.0012127165157561081,0.000468665320031109
4.688410909889243,0.0010360772273758385,0.0015233292603899693,0.0004695404966501261
4.68906366765912,0.001036596643584601,0.0011508969142682809,0.000470420584999884
4.6897164884992595,0.0010371161099801455,0.0012374999251086875,0.0004713057165927276
4.690369325977806,0.0010376355896151751,0.0014486242414190676,0.00047219587467504833
4.691022163456352,0.001038155069250243,0.0005800688566598881,0.00047309109627161603
4.6916750009348975,0.0010386745488853268,0.0006431286275167538,0.00047398858118334207
4.69232770929737,0.0010394986096105127,0.0021741189352813993,0.0004744605421800432
4.692980387047906,0.0010408339357652566,0.0012638570350038357,0.0004742171368353208
4.693633064798442,0.0010421692619200775,0.0009406319450365804,0.0004739693505811731
4.694285742548979,0.0010435045880747324,0.0008464272198683808,0.0004737219613708566
4.694938420051306,0.0010448399137216928,0.0013648499171654003,0.00047347494114639697
4.6955910975010555,0.0010461752392611052,0.00159141876523475,0.00047322832650318497
4.696243774950804,0.0010475105648003788,0.0009851293827012823,0.00047298207944686287
4.696896452400552,0.0010488458903398555,0.0010707529111742523,0.0004727362250465943
4.697549129850302,0.0010501812158791937,0.0010149327111662752,0.000472490739687535
4.69820180730005,0.001051516541418534,0.0012560415202319331,0.00047224564091026354
4.698854484749798,0.0010528518669579384,0.0016431339451128324,0.00047200092037519666
4.699507162199548,0.0010541871924973935,0.0012884634385040617,0.0004717565730631322
4.700159702736984,0.0010555222379251517,0.001505123831981483,0.00047151266622451316
4.7008122205076805,0.0010568572367740338,0.0010089571449705275,0.000471270742008448
4.701464738278378,0.0010558076288495713,0.0017553574641867337,0.00047127223459715476
4.702117256049075,0.001054472478244487,0.0003738133591517887,0.0004713044399913997
4.702769843415886,0.0010531371852351421,0.0011758035680043703,0.00047133685535752346
4.7034224408806535,0.0010518018715639152,0.001068478878492443,0.000471369268184363
4.704075038345421,0.0010504665578928325,0.0009465849138083979,0.00047140170346054067
4.704727635810189,0.0010491312442214844,0.00023705198164363937,0.0004714341280101642
4.70538005582288,0.001047796293644233,0.0011108237367623676,0.00047146655743630136
4.706032453660155,0.0010464613884412278,-0.00030088299558747697,0.0004714989904675088
4.70668485149743,0.0010451264832381298,0.002293516402269294,0.00047153143429660434
4.707337249334705,0.0010437915780351509,0.0005818035315899784,0.0004715638840755063
4.707989683077634,0.0010424565993638274,0.0008337769791020272,0.00047159633538652787
4.708642120631236,0.0010411216128951028,0.0012483635411374545,0.0004716288054779278
4.709294558184838,0.0010397866264263004,0.0015653673621698326,0.0004716641980404837
4.70994699573844,0.0010387258511427259,0.000534011219838655,0.00047214375711643016
4.7105994332920424,0.0010380584337771736,0.0010773303218853472,0.00047326290090768
4.711251870845644,0.0010373910164116957,0.000968494196891409,0.00047439428753849974
4.711904308399246,0.0010367235990461391,0.0005396257391600464,0.00047553381191980135
4.712556745952848,0.0010360561816803735,0.0009157752264186512,0.0004766815738031524
4.713208997248143,0.0010353889548495078,0.0008187447633417363,0.000477837326321001
4.713861235242753,0.0010347217416248374,0.0010865573776062205,0.00047900147842329084
4.714513473237362,0.0010340545284001647,0.0010183548788148802,0.00048017415933237925
4.715165711231973,0.001033387315175272,0.0006473638518720607,0.0004813554758719054
4.715818024721354,0.0010327200247225135,0.00041584455299032927,0.0004825456773567575
4.716470342393002,0.0010320527299912566,0.0006214470720973161,0.00048374472240347583
4.717122660064651,0.0010313854352600345,8.86240061222064e-05,0.00048495273195518676
4.7177749777362985,0.0010307181405288944,0.0006606916003484451,0.0004861697985744087
4.718427141994194,0.0010300510027337183,0.0005686690787297169,0.000487383485499881
4.71907930009684,0.0010299999999999416,0.0013585088429633326,0.00048675826891303675
4.719731458199486,0.001030000000000029,0.00046095291974210706,0.00048597189798832045
4.720383616302131,0.0010299999999999533,0.0007883467085096627,0.0004851883055249139
4.721035852092926,0.0010300000000000652,0.0010323353471878435,0.0004844083911304503
4.721688089867743,0.0010299999999999231,0.0009595769451770463,0.00048363221215071383
4.722340327642561,0.0010300000000000478,0.0015421330542110473,0.00048285974042902753
4.722992565417379,0.001029999999999912,0.0002724577543226325,0.0004820909533657453
4.723644606007649,0.001029999999999967,0.0013702135865277102,0.00048132604829007123
4.724296644309039,0.0010300000000000205,0.0008648506121288463,0.00048056477081977216
4.724948682610428,0.0010299999999999186,0.0013190066772587386,0.00047980708499024613
4.7256007209700295,0.0010300000000000016,0.0005295611842396359,0.0004790529642589678
4.726252799009887,0.001030000000000037,0.00045073160465699267,0.00047830232568356736
4.726904877049745,0.0010299999999999936,0.0007127064224605522,0.0004775579496350301
4.727556955089603,0.0010304807691649159,0.0015538871980456546,0.00047723123028328837
4.728209033129461,0.0010315926448722953,0.0012939897734581232,0.00047744742352575845
4.728861111169319,0.0010327045205796971,0.0011667775285274856,0.00047766753258461295
4.729513189209177,0.0010338163962870092,0.0015842546777430039,0.0004778879472198441
4.730165267249035,0.0010349282719944338,0.0006159011854506818,0.0004781086490994062
4.730817340031143,0.0010360401387366858,0.0020448448141728946,0.0004783296757486649
4.731469218665977,0.0010371516744332129,0.0010620657242821725,0.0004785509423775574
4.732121097300809,0.0010382632101297387,0.001773683260357686,0.0004787725087575418
4.732772975935642,0.0010393747458264672,0.0010043745191414826,0.0004789943729055965
4.733424857623664,0.0010404862867289953,0.0014651712341406295,0.0004792165638704069
4.734076815913636,0.001041597958247572,0.0002851540366800477,0.00047943908455262794
4.734728774203609,0.00104270962976628,0.0014648994461301736,0.00047966191713847073
4.735380732493582,0.001043821301284821,0.0011218160260777986,0.00047988505843904016
4.736032682802815,0.001044932959195377,0.0010407006666193993,0.00048010751101760395
4.73668448163369,0.001049733888507633,0.0007530910365374433,0.0004801799425735008
4.7373362804645645,0.0010547716607853625,0.0007823957072834726,0.0004802417526948366
4.737988079295439,0.0010598094330631534,0.0016671387483904025,0.00048030354269218336
4.738639878117761,0.001064847205274711,0.0006463826649648581,0.0004803653432225941
4.739291676809621,0.0010698849764780203,0.001334770349596926,0.00048042717099616077
4.739943475501482,0.0010749227476814555,0.001371599313975106,0.00048048903053428735
4.740595274193343,0.0010799605188847687,0.00012301333946610794,0.00048055090819393504
4.741247072885203,0.0010849982900880638,0.0009648875446791516,0.0004806128091915904
4.741898871577063,0.001090036061291167,0.001481943055449031,0.0004806747483334764
4.7425506702689235,0.001095073832494602,0.0008133721784080493,0.0004807367004466903
4.743202468960784,0.001100111603697915,0.002206610704939639,0.00048079867588019236
4.743854254420344,0.0011051492726282068,0.001227178716908119,0.0004808606895844772
4.7445058937019065,0.001110185811744754,0.0011805309692158854,0.00048092159598285333
4.745157532983468,0.001111790642220358,0.00033792553026228914,0.0004808165040659141
4.745809172265029,0.001109049860883719,0.0018914148069682198,0.0004805022790130681
4.746460818993449,0.0011063090482258374,0.0011938028660473845,0.00048018729003118936
4.747112537915551,0.0011035679319228414,0.0014325423715552666,0.00047987286882216244
4.7477642568376535,0.0011008268156197016,0.0015439560111009296,0.00047955907639386
4.748415975759756,0.001098085699316692,0.00042220741192435874,0.0004792459011231794
4.749067674007593,0.0010953446699692067,0.0010591951370325238,0.0004789333534096183
4.749719193678421,0.0010926043917128354,0.0011038010795122062,0.0004786215620600872
4.750370713349247,0.001089864113456644,0.0007830552884537938,0.0004783203465061716
4.751022233020075,0.0010871238352001857,0.0014777276017926622,0.000478027261895466
4.751673757205843,0.0010843835379542007,0.00031017894734043617,0.00047773477190348634
4.752325316646991,0.0010816430924248195,0.001639862366711486,0.0004774427933790892
4.752976876088138,0.0010789026468953722,0.0016477933537917318,0.0004771513495271945
4.753628435529286,0.0010761622013660418,0.0013067526964348338,0.0004768635551002539
4.7542799949704335,0.0010732827001765416,0.0013376120385523585,0.00047703974108631613
4.7549315544115816,0.0010703944507784713,0.0006851304812245188,0.00047724844895236833
4.75558311385273,0.0010675062013800996,0.0015787374788981405,0.0004774576245449137
4.756234673293877,0.0010646179519820836,0.0011574599118309033,0.0004776670643266938
4.756886206426917,0.0010617298192032243,0.001465705453028347,0.0004778767838511942
4.757537566685053,0.0010588424527486302,0.00016992793637747995,0.00047808671040243633
4.758188926943188,0.0010559550862939994,0.00032478726482659196,0.00047829691146075265
4.758840287201323,0.0010530677198395714,0.0013726990299884195,0.0004785073949751446
4.759491658675954,0.001050180303664135,0.0005995449239440066,0.0004787181467372433
4.760143098557599,0.0010472925842524752,0.0001477522010574704,0.00047892921249781097
4.760794538439242,0.0010444048648407488,0.0012227880486612316,0.00047914054406519087
4.761445978320887,0.0010415171454291636,0.001319936404319314,0.00047935214614624024
4.76209739440078,0.001038629531526288,0.0011869603365849933,0.0004795634102426726
4.76274867498182,0.0010369355137571546,0.00109403697396383,0.0004796801665152009
4.76339995556286,0.0010367874617952253,0.0013445957018262836,0.0004796746796357431
4.764051236143899,0.0010366394098331878,0.0010802440594733565,0.0004796683753802544
4.764702516718027,0.0010364913578726157,0.0012432138598044787,0.00047966207866013277
4.765353797255237,0.0010363433059206548,0.0013851053150625986,0.0004796557829408014
4.766005077792447,0.0010361952539683895,0.000502328382594867,0.00047964948670159164
4.766656358329658,0.001036047202016495,0.001148449229167198,0.0004796431834815418
4.767307638866868,0.0010358991500642877,0.0013008852131078347,0.00047963688764835605
4.767958919404078,0.0010357510981122355,0.0011366406231690313,0.0004796305921389177
4.768610199941288,0.0010356030461603112,0.000193014849326966,0.00047962429703092026
4.769261480478499,0.0010354549942080972,0.0015662608232684316,0.00047961799483776333
4.76991273348877,0.0010353069485135437,0.0017597827906775123,0.0004796116944734448
4.770563854774083,0.0010351589327632204,0.0004730657211794454,0.00047960539504873025
4.771214976059395,0.0010350109170131155,0.0011231164692369205,0.0004796025053925842
4.771866097344708,0.0010347943285171223,0.0008684253644912583,0.0004801100296606771
4.772517232973617,0.0010345722747617113,0.0011121966297109188,0.00048066341886879077
4.7731684338678395,0.0010343501987491936,0.0011330525596585578,0.0004812190643071741
4.773819634762061,0.001034128122736636,0.0009763785419051807,0.00048177662599311894
4.774470835656283,0.0010339060467240448,0.0005338077211790446,0.00048233612890277396
4.77512199928105,0.001033683983421366,0.0010329272515538894,0.0004828975475625961
4.775773001145696,0.001033461975282927,0.001170868300246947,0.0004834607810607363
4.776424003010341,0.0010332399671443809,0.000838660426840168,0.00048402598873511913
4.777075004874986,0.0010330179590058756,0.0010424484665480548,0.00048459317978514046
4.777726006741045,0.0010327959508669917,0.0010622269942534876,0.000485162356798433
4.778377008612989,0.0010325739427260842,0.001649129362937641,0.00048573354474975645
4.779028010484933,0.00103235193458524,0.0007886714499774508,0.0004863067502759481
4.779679012356877,0.0010321299264442637,0.0017839206428074705,0.00048688184930122775
4.7803300221761065,0.0010321841478809204,0.0001903364394735728,0.00048743900791961656
4.780981063842773,0.0010326281408339047,0.0005630681468444655,0.00048796994923386414
4.78163210550944,0.0010330721337869643,0.0016400570587099847,0.0004885024285489876
4.7822831471761065,0.0010335161267398874,0.0016238540590412026,0.0004890366515400339
4.782934147894408,0.0010339600917670761,0.0009471946845553026,0.0004895725999651427
4.783584990599621,0.0010344039490337083,0.0012159635146983725,0.0004901101725685906
4.784235833304836,0.0010348478063001926,0.0012167885533977733,0.0004906495207835577
4.784886676010049,0.0010352916635667324,0.001286656658124444,0.0004911906501055581
4.785537535543037,0.0010357355323093451,0.0015851543799810742,0.000491733586802235
4.786188457840128,0.0010361794438555041,0.0014290327431518222,0.0004922783662054979
4.786839380137219,0.0010366233554014949,0.0007752722765273004,0.0004928249698156723
4.78749030243431,0.0010370672669478228,0.0010814891985629327,0.0004933733814229272
4.7881411902298225,0.0010375111549646373,0.0005842894521539977,0.00049392360711057
4.788791953384501,0.001037954957979784,0.0018418512372490585,0.0004944774158992454
4.789442716539179,0.0010386646772070577,0.0012365053102487019,0.0004953134139341783
4.790093479693858,0.0010394044329814858,0.00033334728621591805,0.0004961873628161267
4.790744242859866,0.0010401441887687402,0.0012805297935916359,0.0004970661629924309
4.791395006065597,0.0010408839446010498,0.0008341961806136542,0.0004979496400988043
4.792045769271328,0.0010416237004334124,0.0015177624352591674,0.0004988378193147251
4.79269653247706,0.00104236345626589,0.0014565348280971917,0.0004997307719279718
4.793347295682791,0.0010431032120982557,0.0021519392391558135,0.0005006285302997411
4.793998058888523,0.001043842967930573,0.0014669093716900533,0.0005015311147876655
4.7946488220942545,0.0010445827237630246,0.0011803858803748613,0.0005024386035854243
4.795299585299985,0.0010453224795954012,0.0014566964091317766,0.0005033510240749703
4.795950311800727,0.0010460621937033756,0.0015661863222776475,0.0005042683649882611
4.796600915912659,0.0010468017686854705,0.0011472095024141554,0.0005051905541391231
4.7972515200245915,0.001047541343667836,0.00157582049704456,0.0005061144738943846
4.797902124136524,0.0010481966207041159,0.00023976498471587975,0.0005065364459427425
4.7985527376021935,0.0010487142717907783,-0.00010356634284486082,0.000506138384884349
4.799203381540431,0.0010492319471223904,0.0003094556194588777,0.0005057358123189189
4.799854025478667,0.0010497496224540978,0.0015708167567443166,0.0005053341924149866
4.800504669416904,0.001050267297785641,0.001049246353555681,0.0005049335270364033
4.801155275415923,0.0010507849429314726,0.0006899999753536296,0.0005045338341866425
4.801805760296802,0.0010513024917114444,0.001407732579164394,0.0005041351584401864
4.802456245177682,0.0010518200404914682,0.0018389372848729335,0.0005037374234648245
4.803106730058562,0.001052337589271525,0.0008699181429060626,0.0005033406220153521
4.803757214964124,0.0010528551380709888,0.0011355500140846492,0.0005029447564304074
4.804407699947022,0.0010533726869321677,0.0013790482663938476,0.0005025498162224247
4.805058184929922,0.0010538902357933415,0.0009967639091840793,0.0005021558056081325
4.80570866991282,0.0010544077846545354,0.0010195977167327364,0.0005017627161999661
4.806359154895719,0.0010549253335155504,-0.00012678698963426997,0.0005013803020673688
4.8070096398786175,0.0010568347984178789,0.0009445640188528492,0.0005024647700972853
4.807660124861516,0.0010589789294140502,0.0015068491189475447,0.0005038159613804485
4.808310609844415,0.0010611230604100834,0.0014010626308476922,0.000505179772494314
4.808961055502141,0.0010632670617824642,0.0016472541179393875,0.0005065546093284376
4.8096113814762465,0.0010654106686533195,0.00040125279250338144,0.0005079404594490247
4.810261707450351,0.0010675542755239167,0.0011920773854125258,0.0005093377073756257
4.810912033424457,0.0010696978823946564,0.0010542282973999074,0.0005107465442451444
4.811562369349647,0.001071841522066226,0.0007230698005601006,0.0005121671348310294
4.812212735167002,0.00107398526026862,0.00035627455158219253,0.0005135996716047988
4.812863100984356,0.0010761289984706883,0.0003510167739980562,0.0005150442793287908
4.8135134668017105,0.0010782727366730736,0.0004963104392687392,0.0005165011231683642
4.814163792604287,0.001080416342978446,9.46188289368691e-05,0.0005179702731796524
4.814813999449252,0.0010825595571753602,0.001090459008788811,0.000519450828905658
4.815464206294218,0.0010834425662421619,0.0010882934015323117,0.0005208045667177829
4.816114413139183,0.00108174258244839,0.001769797193554433,0.0005218839480707388
4.816764620022896,0.0010800425985533306,0.0020711016436829903,0.0005229681282073833
4.817414827020759,0.0010783426143597871,0.000966337884897427,0.0005240590652693137
4.818065034018622,0.001076642630166169,0.0009717284776911784,0.0005251568386423751
4.818715241016486,0.0010749426459724617,0.00040617633654267845,0.0005262615081564639
4.819365448014349,0.0010732426617790164,0.0008461375196750068,0.0005273731511169533
4.820015655012212,0.0010715426775854708,0.0009913571397426725,0.000528491832351521
4.820665862010076,0.001069842693391901,0.001038438296468485,0.0005296176316044663
4.821316069007938,0.0010681427091982182,0.0007835848386250133,0.000530750630924831
4.821966235421238,0.0010664428311141477,1.5424895907287153e-05,0.0005318908315347339
4.822616283495226,0.001064743262431446,0.001109975879370664,0.0005330381738265005
4.823266331569214,0.0010630436937486695,0.0010475436708479178,0.0005341929391808405
4.823916379643203,0.0010613441250660654,0.0008380501116186189,0.0005353435687625721
4.824566448088487,0.0010599982248802268,0.0007487270723382521,0.0005347509592813028
4.8252165757056895,0.0010587420110256117,0.00020613883343286496,0.0005337091338695165
4.825866703322891,0.0010574857971710058,0.0006591560828056492,0.0005326704475037568
4.8265168309400925,0.0010562295833166108,0.0013357311060399467,0.0005316377841392024
4.827166907605715,0.0010549734679134593,0.0017351420941663304,0.0005306111679085853
4.827816836652346,0.0010537176377484192,0.000780992761723094,0.000529590690004171
4.828466765698977,0.0010524618075831774,0.0013124377756693953,0.0005285760680507505
4.829116694745608,0.0010512059774182387,0.0007760756909336245,0.0005275672353421856
4.829766644200502,0.0010499501078189552,0.0013727198033364539,0.0005265641113988609
4.830416652783047,0.001048694123969975,0.002343622496420703,0.0005255665940589523
4.8310666613655915,0.0010474381401210295,0.0010863188507614007,0.0005245746993499302
4.831716669948137,0.001046182156271966,0.0013613599018835278,0.0005235883811981568
4.832366627640624,0.0010449262707558189,0.000460391228937251,0.000522608973346851
4.833016437703479,0.0010438450037936597,0.0021843235171180864,0.0005218317830377844
4.833666247766334,0.001043254065916751,0.001467002444453744,0.0005216007069284217
4.834316057829189,0.0010426631280398232,0.0013350892414534714,0.0005213735431928238
4.834965878084599,0.0010420721808940088,0.0014003188140877423,0.0005211466670098055
4.8356157280220575,0.001041481206755117,0.0008364908721757656,0.0005209200739882786
4.836265577959515,0.0010408902326160313,0.00030583218479982564,0.000520693783546812
4.836915427896973,0.0010402992584772853,0.0012266892057744827,0.0005204677868351433
4.837565277834432,0.0010397082843383986,0.0008300500385244109,0.0005202420805317205
4.83821512777189,0.0010391173101994917,0.0008013994589466196,0.0005200166663046205
4.838864977709347,0.0010385263360606313,0.0019368663608742755,0.0005197915517324291
4.839514827646806,0.0010379353619216572,0.0007956583562817819,0.0005195667226787746
4.84016462734144,0.001037344433473764,0.00019472235212274452,0.0005193422019434512
4.840814278827011,0.0010367536398072695,0.0013219080804305508,0.0005191180232405148
4.841463930312583,0.0010361628461406406,0.0011785079810161525,0.0005188970492008427
4.842113581798154,0.0010358395379183737,0.0005716504644378678,0.0005191152727520875
4.842763253279928,0.0010356180086566157,0.0007555462622150071,0.000519503797503702
4.843412984284382,0.0010353964590982775,0.00044877933784959396,0.0005198943513746897
4.844062715288835,0.001035174909540019,0.0013131531518262003,0.0005202857764443953
4.844712446293289,0.0010349533599818097,0.0008440916646985455,0.0005206780872657165
4.845362127794352,0.0010347318273035747,0.0014261604154466355,0.0005210712532429693
4.8460116603977434,0.001034510345397495,0.00092140644084728,0.0005214652250893592
4.846661193001135,0.0010342888634914257,0.0010998788013552986,0.0005218600794816699
4.847310725604527,0.0010340673815852192,0.0009341586025317123,0.0005222558342569039
4.847960268063905,0.0010338458963182289,0.0007033495089185352,0.0005226524884681431
4.84860984055872,0.001033624400809772,0.001360782439686111,0.0005230500614975299
4.849259413053536,0.0010334029053011482,0.0009186100148473005,0.000523448547469106
4.849908985548352,0.0010331814097923812,0.0009678590644355736,0.000523846524063824
4.850558558043168,0.0010330000000000417,0.0008324109484223222,0.0005240263440309966
4.851208130537984,0.0010330000000000517,0.0011258292745567424,0.0005232447982962699
4.8518577030328,0.001032999999999901,0.0017558280607710894,0.0005224603756397593
4.852507275527615,0.0010329999999998773,0.0006660813048443303,0.0005216794671650728
4.853156800182262,0.0010329999999998812,0.0009491016855250673,0.0005209020892572961
4.853806174343745,0.0010330000000000085,0.0014725691100300684,0.0005201283455889781
4.8544555485052285,0.0010329999999999981,0.0019477143836795086,0.0005193580327046675
4.855104922666712,0.001032999999999908,0.0005728625229816996,0.0005185911180777503
4.855754315733176,0.0010329999999998706,0.00043604465254362776,0.0005178275613463916
4.8564037693965085,0.001033000000000006,0.0009847972260223433,0.0005170672888547859
4.857053223059841,0.0010329999999999263,0.0006905369718078734,0.0005163103376005164
4.857702676723175,0.0010329999999998775,0.0011455059295624656,0.0005155566989709629
4.858352083962441,0.0010330000000000226,0.00032749871299135765,0.0005148063848503548
4.8590013393432105,0.0010330000000000094,0.00048369559269993007,0.0005140625637900365
4.85965059472398,0.0010333751713788512,0.0016039300342786194,0.0005137812343950735
4.86029985010475,0.001033965537717317,0.0006764146020250346,0.0005137659719138758
4.860949114663626,0.0010345559124015228,0.0007717198451547935,0.0005137524716444396
4.861598409952597,0.0010351463150283402,0.0016967544385063974,0.0005137389664226083
4.862247705241569,0.0010357367176553546,0.0008114920024859575,0.0005137254555362956
4.86289700053054,0.0010363271202823235,0.0008031461207850959,0.0005137119569504934
4.8635462958195115,0.0010369175229091704,0.00023488871448508572,0.0005136984518992573
4.8641955911084835,0.001037507925536168,0.0020821504516934375,0.0005136849476266433
4.864844886397455,0.0010380983281631042,0.001562022132769915,0.0005136714527607259
4.865494181686427,0.00103868873079006,0.00041634248424143785,0.0005136579508928713
4.866143433228748,0.0010392790936384136,0.0003778791377195583,0.0005136444546546352
4.866792530302811,0.001039869316028842,0.0006155642685559616,0.0005136309556417921
4.8674416273768735,0.001040459538419401,0.0010834228254963598,0.0005136176348826356
4.868090724450936,0.0010411555025315233,0.000756960588416468,0.0005136315743272228
4.868739838660032,0.0010429999961923085,0.000646167583677483,0.0005139219880727399
4.869389015218913,0.0010448446670234203,0.0015399809639051031,0.0005142147817976418
4.870038191777794,0.0010466893378545004,0.0008729675734456476,0.0005145080727786934
4.870687368336675,0.0010485340086857087,0.0002518933727350454,0.0005148018666126143
4.871336503240435,0.001050378561151546,0.0012799454906073614,0.0005150961477937515
4.871985481635121,0.001052222668888101,0.0011749084321200736,0.0005153908625934482
4.872634460029807,0.0010540667766246953,0.0007014671524519482,0.0005156860763919004
4.873283438424492,0.0010559108843615184,0.001399237679988892,0.0005159818075778769
4.873932416896252,0.0010577549923172305,0.00032407417904890476,0.0005162780436724247
4.874581395668112,0.0010595991011254544,0.00060252383179673,0.0005165747913374668
4.8752303744399725,0.001061443209933931,0.0009933550837717504,0.0005168720499184216
4.8758793532118325,0.0010632873187423721,0.0009203795884688906,0.0005171698196310532
4.876528339804418,0.0010651314497737829,0.0011492747719488226,0.000517468184454109
4.877177358124039,0.0010674051258913698,0.0006498121211913723,0.0005177774008747836
4.877826376443662,0.0010700611062831392,0.0007029030702852054,0.0005180963804134534
4.878475394763284,0.0010727170866747621,0.0014297110893944003,0.0005184160114111627
4.879124375165976,0.0010753729118989333,0.0016855285173048816,0.0005187362260567598
4.879773195388983,0.0010780280816191008,0.0014929066876495191,0.0005190569464698231
4.880422015611991,0.001080683251339401,0.0011134584009592726,0.0005193782709308464
4.881070835834999,0.0010833384210594793,0.0019213474855288666,0.0005197001870677662
4.8817196707254,0.001085993650803073,0.0009161273008364737,0.0005200227153207423
4.882368570416194,0.0010886491457295637,0.0010289686446107694,0.0005203458759955216
4.883017470106989,0.0010913046406561308,0.0006727938219376838,0.0005206696402478454
4.8836663697977825,0.0010939601355826466,0.0014946133637597184,0.000520994015864461
4.884315234337353,0.001096615486659577,0.0010746545854998593,0.0005213189779742935
4.8849639359821895,0.0010992701711218555,0.0011321651507504686,0.0005216444702186912
4.885612637627027,0.0011019248555841985,0.0012047583622112478,0.0005219728632683345
4.886261339271864,0.0010987042956915613,0.0008931899044646262,0.0005226485308683083
4.886910040989356,0.0010953125840519398,0.0008064348848914966,0.000523339276504834
4.887558743061777,0.0010919208705567182,0.0002999871887141918,0.0005240328083092533
4.8882074451341975,0.0010885291570614723,0.0008941341425185395,0.0005247290895651148
4.888856147206618,0.0010851374435661748,7.667299550097643e-05,0.00052542813888948
4.889504849279039,0.001081745730070978,0.0003115954335771138,0.0005261299696949507
4.890153551351459,0.0010783540165756177,0.0005540572892619055,0.0005268346078322927
4.89080225342388,0.001074962303080423,0.0016944230114873675,0.000527542062403806
4.891450955496301,0.0010715705895850856,0.0016243612213055003,0.0005282523672256967
4.892099633272909,0.001068179003119697,0.0016983725058784902,0.0005289654948576847
4.892748176880923,0.0010647881181493567,1.753380024331207e-05,0.0005296813516632003
4.893396720488939,0.001061397233178942,0.0015765947881075056,0.000530400108113689
4.894045264096954,0.0010580063482085338,0.0012957093096686776,0.0005311189280714285
4.894693819207483,0.0010572643408791396,0.0005397312114956428,0.000531406126182478
4.895342442266253,0.0010603610975540177,0.0006904457872083969,0.0005310680652809342
4.895991065325022,0.001063457854228697,0.0010605534725261318,0.0005307265160351067
4.896639688383792,0.0010665546109036787,0.0008103627322012883,0.0005303856237443452
4.897288284527081,0.0010696512390743422,0.0007648832393770976,0.0005300453898833105
4.897936709658003,0.0010727470507713504,0.00145966844604951,0.0005297058921446237
4.898585134788925,0.0010758428624683541,0.0009748942709260377,0.0005293670430548452
4.899233559919847,0.0010789386741653494,0.000194790521791084,0.0005290288400842929
4.899881985111324,0.0010820344861515716,0.00022811045535955248,0.0005286912781405135
4.900530410720152,0.0010851303001304538,0.0005617214138013238,0.0005283543547533582
4.90117883632898,0.0010882261141089956,0.0007611722478081934,0.0005280180707039185
4.901827261937807,0.0010913219280877429,0.001444744160600946,0.0005276824164581501
4.9024756875466355,0.0010944177420665548,0.0003632428019301027,0.0005273474026467904
4.903124113155464,0.0010975135560452975,0.0009493763192439443,0.0005270140315501821
4.903772538764292,0.0011007333150294025,0.0005011432843746803,0.0005268336766790566
4.90442096437312,0.0011039761800883247,0.0016283816137636613,0.0005266828811387956
4.905069373084467,0.001107218960640648,0.0010838589101627208,0.0005265324064568928
4.905717640313251,0.001110461033619321,0.0011382809915556939,0.0005263820897070415
4.9063659075420345,0.0011137031065981576,0.0011577348118826792,0.0005262318956130678
4.9070141747708185,0.0011169451795767598,0.002176438809458871,0.0005260818365766646
4.907662445853916,0.0011201872718313833,0.0018286969504204198,0.0005259319000630459
4.90831075305047,0.0011234295446942517,0.0020005669920679712,0.0005257820784970343
4.908959060247025,0.0011266718175573173,0.0011228623112122102,0.0005256323845300225
4.90960736744358,0.0011299140904202187,0.0013362101773721233,0.0005254828195339693
4.910255661071113,0.001133156295422609,0.001811406056744478,0.0005253333846466309
4.9109038099237505,0.0011363977763861222,0.0007920871469911605,0.000525184100614916
4.911551958776389,0.0011396392573494892,8.585766515427644e-05,0.0005250360861571474
4.912200107629028,0.0011408390267692904,0.0018525321679897099,0.0005250622947257837
4.912848256521123,0.0011365661652392226,0.0016034356567837674,0.0005255490808963451
4.913496405901904,0.0011322933004876252,0.0012512129736366629,0.0005260402674338598
4.914144555282686,0.0011280204357359844,0.0018470479005222172,0.0005265328183190483
4.914792704663467,0.0011237475709841077,0.0008399775608120871,0.0005270267443634258
4.915440854044248,0.0011194747062326013,0.0017207830673080541,0.0005275220591387774
4.9160890034250295,0.0011152018414808678,0.0019061508823389592,0.0005280187574427458
4.916737152805811,0.0011109289767291689,0.0011779890864929445,0.00052851684225775
4.9173853021865925,0.0011066561119774092,0.0008358811651893298,0.0005290163363486711
4.9180334414300715,0.0011023833140549973,0.0005455938291825532,0.0005295172273616392
4.918681393085176,0.001098111752791518,0.0006170729691122006,0.0005300193798572605
4.919329344740282,0.0010938401915280018,0.0014418192443367847,0.0005305229639047809
4.919977296395387,0.00108956863026459,0.0007538996666654937,0.0005310279699028832
4.920625251152612,0.001085297048550541,0.0012999746014370074,0.0005315313019218041
4.921273282221976,0.0010817941189558812,0.0005747250549553746,0.0005315685135333996
4.921921313291341,0.0010786265236411323,0.0016296203199788043,0.0005313996944151427
4.922569344360705,0.0010754589283265559,0.0013186822387820326,0.0005312296799759222
4.923217371218568,0.0010722913535979215,0.0017864199002215176,0.0005310598468561944
4.923865244028255,0.001069124531861301,0.0018294317849232734,0.0005308902016255
4.92451311683794,0.001065957710124811,0.00020379125681683563,0.0005307207257400507
4.925160989647626,0.0010627908883882895,0.0005873958564648077,0.0005305514154310783
4.92580886246536,0.0010596240666124093,0.0013148705738431896,0.0005303822605328878
4.92645673585334,0.001056457242049253,-0.0004440082087123851,0.0005302132703374166
4.9271046092413195,0.001053290417485909,0.001842114633624897,0.0005300444530395361
4.927752482629299,0.0010501235929225297,0.0007314873744735922,0.0005298757910149353
4.9284003560172795,0.0010469567683593693,0.0012359572244267122,0.0005297072876540969
4.929048229405259,0.0010437899437960466,0.0013584910237821805,0.0005295398630315026
4.929696102793239,0.0010409298906176756,0.0008132240219558759,0.0005295168174918844
4.930343976181219,0.0010403407809218392,0.001402008453931056,0.0005305151930880577
4.930991849569199,0.0010397516712260231,0.0019626281859137203,0.0005315260875493339
4.931639527906199,0.0010391627388895658,0.0018465767490056881,0.0005325424508329118
4.932287203686261,0.001038573808878034,0.0004185010657700806,0.0005335646383723223
4.932934879466323,0.001037984878866726,0.0006020234021330403,0.0005345927249064764
4.933582555246385,0.0010373959488552016,0.0008494883777721649,0.0005356267428094778
4.934230308291425,0.0010368069485870099,0.0010586359577873447,0.0005366668899388045
4.934878063468715,0.0010362179463799498,0.0005876065737872413,0.0005377130978692737
4.9355258186460045,0.0010356289441727203,0.0014930978959210679,0.0005387654368613989
4.936173573823295,0.0010350399419656602,0.0023318487801300657,0.0005398239423338294
4.936821139546039,0.001034451112028967,0.0008878619271213767,0.0005408883743573765
4.93746869716584,0.0010338622894604805,0.0009368216903190184,0.0005419590913974629
4.9381162547856405,0.0010332734668920694,0.0003936560932011452,0.0005430313340849148
4.9387638124054405,0.001033078847881096,0.0004091770360379072,0.0005433777957606268
4.939411444996004,0.00103322608730147,0.0019756448782412084,0.0005430899564057231
4.9400590820057335,0.0010333733277266416,2.9973087428217205e-05,0.0005427983839178479
4.940706719015463,0.0010335205681517474,0.0004423663456049605,0.0005425072762533795
4.941354356025192,0.0010336678085768258,0.0008169413954407784,0.0005422166467619698
4.942001809463274,0.0010338150072668516,0.0002849444868726434,0.0005419265480482936
4.942649248965918,0.0010339622027885657,0.0012042320191125852,0.000541636928805973
4.943296688468563,0.0010341093983105528,0.0016540702316580923,0.0005413477637152462
4.943944127971208,0.0010342565938320284,0.0014133640371693306,0.0005410590623523381
4.944591568074328,0.0010344037894906607,0.001270257707774688,0.0005407708204971381
4.945239008233902,0.0010345509851616675,0.0016636146202576125,0.0005404830414013272
4.945886448393477,0.0010346981808328388,0.0011474344650489903,0.0005401957196649642
4.946533888553051,0.0010348453765039855,0.0015405811158227464,0.0005399088406846902
4.947181328712626,0.0010349925721752065,0.0004192797433093472,0.000539622287377197
4.9478287688722,0.0010375854112606925,-9.184986473199366e-05,0.0005393133347059039
4.948476209031774,0.0010403082216613364,0.0007244539638115097,0.0005390035657618018
4.949123649191349,0.001043031032061778,0.0004950037654460083,0.0005386943126337699
4.949770949950777,0.0010457532562149767,0.0015485622822902947,0.0005383856531146506
4.950418232030893,0.0010484754018120878,0.001452904345731608,0.0005380775159947246
4.9510655141110105,0.001051197547409295,0.000393071983351911,0.0005377699121064365
4.951712796191127,0.001053919693006549,0.0012468924743402878,0.0005374628365640671
4.952360112913574,0.0010566419842922231,0.0020011538775861,0.0005371562566532167
4.953007435020484,0.0010593642982220514,0.0015520011000340675,0.0005368501988750127
4.953654757127395,0.001062086612152028,0.0008362752598311828,0.000536544656856779
4.9543020792343055,0.001064808926082067,0.0014478847820770919,0.0005362396305751122
4.954949267220349,0.0010675306759664544,0.0005630490394781405,0.0005359351827609505
4.955596431283799,0.0010702523252443768,0.001747336169894294,0.0005356320414129606
4.956243595347249,0.0010715261745565493,0.0007178825290987678,0.0005354491135522777
4.956890759410698,0.0010702021289620226,0.0011799278624020724,0.0005354793942251169
4.957537924061933,0.0010688780821647183,0.0011398299080906224,0.0005355110921506731
4.958185088832243,0.0010675540351238856,0.0010418587610596663,0.0005355427927627599
4.958832253602554,0.0010662299880828945,0.0007881687879466908,0.0005355744940082148
4.959479418372864,0.0010649059410420632,0.0008342256954973683,0.0005356062086596439
4.960126583143175,0.001063581894001338,0.0010249292039707435,0.000535637915880535
4.9607737479134855,0.0010622578469603298,0.0009395673448392678,0.0005356696417471977
4.9614209126837965,0.0010609337999194644,0.0012188285785787463,0.0005357013680350463
4.962068077454107,0.0010596097528784763,0.001235654610637147,0.0005357330919194999
4.962715085189117,0.0010582860271193793,0.000963215453505173,0.0005357648254712888
4.963362052653727,0.0010569623837500613,0.0012058652627368969,0.0005357965599335036
4.964009020118335,0.0010556387403808142,0.0015275711222685969,0.0005358283040500751
4.964655987582945,0.0010543150970115454,0.0007972503901632579,0.0005358623579026519
4.9653030167518235,0.0010528791252658735,0.001316117432381937,0.0005362453799716261
4.965950063569867,0.0010514080628171972,0.00020985307162732546,0.0005367407177571357
4.966597110387911,0.0010499370003683962,0.001918655457746287,0.0005372381507955808
4.967244157205955,0.0010484659379198984,0.0014310575890896344,0.0005377369660928386
4.96789105430059,0.001046995215867681,0.0018420046629390471,0.0005382370450449588
4.9685379038632185,0.0010455246018796175,0.0016044431485476836,0.0005387384810630019
4.969184753425847,0.0010440539878917255,0.001146667935534678,0.0005392413067607058
4.969831602988476,0.0010425833739036248,0.0012050754765269844,0.0005397455452428684
4.970478453116326,0.001041112758630468,0.0008074137909630479,0.000540251186676711
4.971125303442776,0.001039642142905984,0.0017343365297311497,0.0005407582533962121
4.971772153769225,0.0010381715271814325,0.0009531162884293073,0.0005412667284942607
4.972419004095676,0.001036700911456767,0.001328168077659659,0.0005417766439631318
4.973065854422126,0.0010352302957323443,0.0016856737855056704,0.0005422891858772711
4.973712704748576,0.001034036043901559,0.0009187254729847315,0.0005429882547742486
4.974359555075026,0.001034256611187189,0.00031109439167210343,0.0005446137659643956
4.975006405401476,0.001034477178472798,0.0007465454535622753,0.0005462601466438738
4.975653145128795,0.0010346977080457785,0.001918237640213194,0.0005479212116192734
4.976299837555613,0.0010349182214897071,0.002037165801935071,0.0005495973394945461
4.976946529982433,0.0010351387349338108,0.0012660536365090363,0.0005512888878947815
4.977593222409252,0.001035359248377595,0.00015499393641725935,0.000552996098076905
4.978239942095017,0.0010355797711166684,8.5021899844506e-05,0.000554719272231981
4.978886674583784,0.0010358002982213121,0.0011009128837223888,0.0005564586326751499
4.97953340707255,0.0010360208253258711,0.0011792246362167882,0.0005582144023607321
4.980180139561315,0.0010362413524305487,0.0007949505995112938,0.0005599868249247017
4.980826741967262,0.0010364618351785082,0.001540143966621367,0.0005617758062318915
4.981473277334596,0.0010366822950676044,0.0009392980608176882,0.0005635817897194527
4.9821198127019315,0.0010369027549561448,0.0008168319274793084,0.0005654791904082901
4.982766348069266,0.0010369178474322889,0.00015956864885525567,0.0005790072514531265
4.9834128839609395,0.001036770857346469,-0.00039399507904398215,0.0006040244063398647
4.984059420148944,0.0010366238671936246,0.0009386204613061052,0.0006326530879544809
4.984705956336949,0.0010364768770405432,0.0010304779577056645,0.0006657495709995522
4.985352492524953,0.001036329886887481,0.0017416068201691632,0.0007046023236426006
4.985999028712958,0.0010361828967346198,0.00033890400989426434,0.0007510837164271918
4.986645564900963,0.0010360359065816273,-0.00015400531490523993,0.0008080381293660081
4.9872921010889675,0.0010358889164285372,0.0015986719045190567,0.0008800368374284908
4.987938637276971,0.0010357419262756102,0.0020580185630075824,0.0009749900933098049
4.988585079499236,0.0010355949574856384,0.0016231920461432874,0.0011080269744582264
4.989231457883356,0.0010354480032095826,0.0017178194593318423,0.00131280390643639
4.9898778362674765,0.001035301048933118,-0.0001807677257220741,0.0016847215346215306
4.990524214651597,0.0010351540946569994,-0.00131134837336915,0.0026643508694130296
4.991170616021403,0.0010350071351546554,-0.0028115889861248526,0.03520953394391588
4.9918170344861394,0.0010350000000000782,6.736099242930323,5.843546513367204
4.992463452950876,0.001034999999999934,1390.1360108728572,2322.834478597753
4.993109871415613,0.0010350000000001827,-514.8532739534105,2393.2112707516144
4.993756202946171,0.0010350000000000628,-1155.6319410901747,2244.347362614806
4.9944024636429,0.0010350000000001907,-200.69789941303944,2243.046784202953
4.995048724339629,0.0010350000000000526,872.5224003707428,2291.8191518907665
4.995694985036358,0.0010350000000000255,-1196.5179050400006,2197.627997144718
4.996341246192895,0.0010349999999999648,1690.1094892635722,2234.4847330626912
4.996987507759946,0.0010349999999998214,2234.4630049008556,2154.14772829817
4.997633769326997,0.00103500000000008,2776.0089410834116,1999.6430877887715
4.998280030894048,0.0010349999999999383,-3691.431453276078,2092.44987689909
4.998926292461099,0.0010349999999999088,-395.66336590097376,1975.6957006227433
4.99957255402815,0.0010349999999999255,-2497.8469143541574,2068.772395654485
5.0002188155952005,0.0010349999999999062,118.11490864070079,1961.622709676317
5.000865077162252,0.0010349999999999218,1006.9211852462442,1730.916242803168
5.001511243922721,0.0010349999999999563,464.6436633612134,1479.6790091141952
5.002157308569002,0.0010349999999999992,1512.1069592484248,1461.0279253239228
5.002803373215283,0.001034999999999936,1987.7100698015404,1427.4380188084845
5.003449437861564,0.0010349999999999572,-1150.9074428545175,1513.0404061486074
5.00409553878799,0.0010349999999999327,1677.1489169061965,1471.2025438793694
5.00474168273175,0.0010349999999999598,2263.1057200581363,1479.4373117709583
5.00538782667551,0.001035000000000016,-2502.542035427138,1492.9768363871954
5.006033970619271,0.0010350000000000034,989.5603568539944,1539.1154324597067
5.006680029249206,0.0010350000000000708,-248.11021897045939,1477.064357540383
5.007325976322303,0.0010350000000000571,267.51418511121915,1532.3080615316603
5.0079719233954,0.0010350000000000715,-1097.5854260290785,1520.575488193134
5.008617870468496,0.0010350000000000409,902.2614761950182,1456.0174677386156
5.009263817920435,0.0010350000000000398,1230.199523652004,1658.6763456573708
5.009909765920495,0.0010350000000000582,-1112.2909696181605,1598.8795986217258
5.0105557139205565,0.0010350000000000008,-39.585741090586225,1524.1044965278368
5.011201661920617,0.0010349999999999342,-1439.111319949181,1499.6764953070287
5.011847609920678,0.0010349999999998201,1324.325042950845,1349.187597758309
5.012493557920738,0.0010349999999999828,-676.2976952127705,1365.2255727010927
5.013139505920799,0.0010349999999999446,147.07672967095712,1372.498682982351
5.0137854539208595,0.0010349999999999732,-1000.9207264744955,1273.0598073884616
5.014431331488781,0.0010350000000000554,1166.8619589181637,1204.8892467870464
5.015077082701637,0.0010349999999999502,1702.3954000994838,1193.416647775969
5.015722833914493,0.0010349999999998663,1228.4954623660533,1166.7953084801673
5.01636858512735,0.0010350000000000593,3600.2774086098175,1158.072632578585
5.0170143626629855,0.0010350000000000049,2411.5018068599065,1114.6185314743984
5.017660193153859,0.0010350000000000229,-2540.707677236414,1132.2682297561892
5.018306023644733,0.001034999999999996,745.4300312271431,1174.3678267868763
5.018951854135607,0.0010349999999999587,1330.310092725089,1180.6484043154544
5.019597624442969,0.0010349999999999739,-930.062702955882,1320.4348873264073
5.020243258196683,0.0010350000000001133,-676.2421145772956,1309.5641837294622
5.020888891950397,0.0010350000000000222,611.0466052490889,1347.5025980235844
5.02153452570411,0.0010349999999998266,644.7675499430109,1308.8202966856456
5.022180159732511,0.00103500000000002,-257.6129893325953,1167.9890742582775
5.02282579446972,0.0010350000000000606,-1485.1199589627176,1168.0162746609108
5.023471429206929,0.0010350000000002625,-102.07084763706082,1165.516539243413
5.024117063944138,0.0010350000000001653,-2251.7305062202577,1145.1943100604296
5.024762698681347,0.0010349999999999001,740.3222368691243,1205.2681718831925
5.025408333418556,0.0010349999999999088,941.6686947923334,1197.4517465032718
5.026053968155765,0.0010350000000000675,1239.7162853263092,1244.0845702106255
5.0266996028929745,0.0010350000000001896,390.6769627136608,1317.9841373166937
5.027345193459896,0.001035000000000182,403.8732416047464,1244.9179699898025
5.027990631543299,0.0010350000000000808,-103.10186925443605,1278.7486516287472
5.028636069626703,0.0010350000000000578,1061.9206918333407,1338.7540321590948
5.029281507710108,0.001035000000000035,427.8741907717371,1371.1908074316234
5.0299269613897994,0.0010350000000000459,1417.4677066250492,1453.5638536072654
5.03057247873176,0.0010349999999999758,1632.927060718778,1425.9048360979175
5.03121799607372,0.0010350000000000346,-133.68704741542228,1418.3393088501919
5.03186351341568,0.001034999999999946,1051.729831679121,1580.9218469023888
5.0325089975903445,0.0010349999999999307,2074.6479413457646,1597.689370151937
5.033154318328482,0.0010349999999999474,-602.609121236684,1510.9489127117188
5.033799639066619,0.0010350000000000287,656.7952550951646,1506.2719185836122
5.034444959804756,0.001035000000000019,-2284.5919183761057,1466.1417821440336
5.035090280688624,0.0010349999999999817,-3770.136054001666,1489.5281109603009
5.035735602466677,0.0010349999999999526,2629.0616816324623,1584.9470338862748
5.036380924244732,0.0010349999999999355,912.5225868544192,1611.179569374883
5.037026246022785,0.0010350000000000264,780.7077184034803,1621.4564324552564
5.037671567800839,0.0010349999999999745,-3133.6294949019407,1528.7894432067194
5.038316889578892,0.0010350000000000578,-480.3143091442376,1505.0445551857158
5.038962211356947,0.0010349999999999587,630.7145441297164,1476.029546324995
5.039607533135,0.0010350000000000472,-912.0570934585518,1364.2617326320428
5.0402528388881835,0.0010349999999999472,-437.4111943499693,1432.0004982639623
5.040897964145666,0.001034999999999959,181.90337512974705,1389.5664346538879
5.041543089403148,0.001035000000000087,-1198.47628478377,1317.6026186666577
5.04218821466063,0.001035000000000027,-439.20970584147597,1303.2696536677001
5.042833344019354,0.0010350000000000719,1016.1045103335771,1363.0925264304453
5.043478548515932,0.0010349999999997442,1676.5704089022565,1340.2250786945133
5.044123753012508,0.0010350000000000253,1260.958563493847,1325.8518357407518
5.044768957509086,0.0010349999999999745,-580.7419258863405,1365.907432879522
5.045414157736647,0.0010349999999999609,209.7982381095311,1478.3476825390085
5.046059165762572,0.0010349999999999992,-615.9347572423944,1478.5875968949686
5.0467041737884974,0.001035000000000075,-1030.3907660343668,1497.201048976684
5.047349181814423,0.0010349999999999593,-224.55558738646522,1570.961170074213
5.047994189840348,0.001035000000000122,1773.9934298407368,1355.417694668661
5.048639276401698,0.001034999999999962,-31.694151829859933,1363.642342227505
5.04928436365942,0.001035000000000066,282.9911151058704,1326.0418377999595
5.049929450917143,0.0010349999999999804,-591.0501219241656,1332.8487946997761
5.050574538174866,0.0010349999999999838,-1117.49755609319,1390.0049973765376
5.051219436780427,0.001035000000000029,-206.29960394083457,1365.2174000084801
5.051864327617394,0.0010350000000000324,-1052.714005601934,1343.3116022070303
5.052509218454361,0.0010349999999999429,-304.47198240255096,1318.14901274597
5.053154109291328,0.0010350000000000192,1170.8564667298806,1185.1614979324993
5.053799001166505,0.0010350000000001957,832.5421474025126,1202.4208260160162
5.054443893120789,0.0010350000000001562,-1178.8569224728462,1236.6042737057762
5.055088785075073,0.0010350000000000496,-454.7969347933077,1191.7206803900322
5.055733677029357,0.0010349999999999643,852.92321339808,1269.7005786384723
5.056378568983641,0.0010350000000000524,-1346.273811778659,1249.2923405963757
5.057023460937925,0.001034999999999949,368.55956150977244,1204.4774682628076
5.057668352892209,0.001035000000000061,508.51805964973477,1136.810727710723
5.058313244846493,0.0010349999999999724,-729.7144598340299,1022.4030621864385
5.058957966922696,0.0010350000000000192,-64.90340313477735,1041.7524052558877
5.0596026625393336,0.0010349999999999782,1088.9590245342451,1068.3978452764627
5.060247358155971,0.0010350000000001174,-2023.1639557867475,1142.9819956274443
5.0608920537726085,0.001034999999999759,-167.16961257055186,1211.7749536596075
5.061536782849707,0.001035000000000061,129.1556698326093,1230.8356755180714
5.062181518646366,0.0010350000000000346,455.6704249557388,1264.7657162191865
5.062826254443024,0.0010350000000000164,1200.9439611700132,1272.6055864426507
5.063470990239683,0.0010349999999999537,836.3558908893735,1173.860644273513
5.064115600262658,0.0010350000000001513,245.3831295317969,1141.0632390075532
5.06476017880382,0.0010349999999999808,-2032.2376315210702,1138.4499397910406
5.065404757344982,0.0010349999999997343,-294.58904642382214,1075.5765218720605
5.066049335886145,0.001034999999999968,-2842.1075483155983,1149.0012379654884
5.066693915326897,0.0010349999999999919,624.1857241464111,1212.3993080924768
5.067338495041537,0.0010349999999999518,-1622.8261273698888,1229.871356325396
5.067983074756177,0.0010349999999999706,-2073.6152810000713,1220.2732309829698
5.068627654470817,0.0010350000000000454,755.6478669362722,1141.9323125356843
5.0692722341854575,0.001034999999999823,467.53136486571776,1130.416551858522
5.069916813900098,0.0010350000000001773,742.6962376191382,1151.7171956551742
5.070561393614738,0.001035000000000126,-1137.9804700377485,1097.936319203727
5.071205973329379,0.001034999999999893,1165.4830448046605,1055.6902101754592
5.071850415949742,0.0010350000000000446,108.54011489274532,1056.416875228623
5.072494799459576,0.0010349999999999392,1366.8698266262538,1052.993469142182
5.07313918296941,0.0010350000000000183,-279.66705216718395,1044.6877920235936
5.073783566479243,0.0010350000000000222,-1034.2172030980087,974.15731899809
5.0744279766931015,0.0010349999999999426,890.2464678548122,965.9901458980813
5.075072400401276,0.0010350000000000261,-476.75837123994444,964.8592243093823
5.07571682410945,0.0010349999999999832,-855.7918885236178,968.9974304629854
5.0763612478176245,0.0010350000000000938,-454.3910132365794,963.6108235729548
5.077005572609841,0.0010350000000000617,-1266.740194662788,928.1221692600641
5.077649839157518,0.0010349999999999268,178.6570500514269,921.3233816614926
5.0782941057051945,0.0010349999999999895,449.2028868304504,939.4165723287705
5.078938372252871,0.001034999999999918,-570.5025208551958,909.9144332512413
5.07958261637315,0.0010349999999999888,123.37048894040974,906.7880786555049
5.080226845179405,0.0010350000000000654,-779.0561655094771,881.2013345634922
5.0808710739856595,0.0010349999999999715,1124.2816258136966,869.4252174387464
5.081515302791914,0.0010349999999999524,-896.2715765701923,878.2641652195388
5.082159531598168,0.0010349999999999763,-354.5245852218918,893.6681827050535
5.082803760404423,0.0010349999999999463,1468.4547337660001,902.76850933182
5.083447989210677,0.0010349999999999207,61.12819256824625,936.8303892762661
5.084092218016932,0.0010350000000000808,103.09096581721123,1015.6241960182083
5.0847363648206665,0.0010350000000000866,-1466.2405238809815,1001.1567836515408
5.085380436525742,0.0010349999999999804,181.90675876491088,1019.746071466809
5.086024508230816,0.0010349999999999856,-5.993899238171956,1031.0407013012261
5.086668579935891,0.0010350000000000509,233.81148908898575,1000.2115735824993
5.087312671169976,0.0010350000000000133,134.16845293301526,997.8315564985465
5.087956783091657,0.0010349999999999817,1141.746537022187,1022.7347680855563
5.0886008950133395,0.0010350000000000738,-923.3229546696198,955.4866712512272
5.089245006935021,0.0010350000000000825,-707.0483400364415,910.8333558641738
5.089889030902902,0.0010349999999999995,-111.18497647838775,899.3414475843816
5.090532946818727,0.0010350000000000027,603.7534912311818,875.7732066052417
5.091176862734552,0.0010350000000000667,-638.6540805218079,874.0967400047715
5.091820778650377,0.0010350000000000493,601.3764498901013,951.1941673653984
5.09246469509789,0.00103499999999992,-163.0241919390875,995.9051631458357
5.093108612306173,0.001035000000000056,226.96181355929963,993.1370574900117
5.093752529514456,0.0010350000000001025,-352.2448002524385,988.0278192786367
5.0943964467227385,0.001034999999999974,-674.58190376758,906.8061045970176
5.095040363931021,0.0010349999999999322,-196.99129005854394,882.0096647216465
5.095684281139304,0.0010350000000000142,438.73109336864263,880.160648821566
5.096328198347588,0.0010349999999999468,1221.7025727652604,896.8881534659117
5.096972115555871,0.0010349999999999567,45.504003702654025,911.0115173011593
5.097615967089745,0.0010349999999999945,-300.42566588487307,940.9089001674724
5.098259688374959,0.0010350000000000398,-444.45066468976887,941.0818135436343
5.098903409660172,0.0010349999999999884,-184.62026801276747,948.5318012000687
5.0995471309453855,0.0010350000000000999,355.3824713178137,978.6956155866684
5.100190875709385,0.0010350000000001077,-162.54114677876316,984.9030248257195
5.100834676146126,0.0010350000000000055,-984.7550561721979,986.1684348267883
5.101478476582866,0.001034999999999903,-1352.810870732257,1045.3427594199713
5.102122277019607,0.0010350000000000044,697.7393217084667,1079.4973615021336
5.102766026957729,0.0010350000000000808,352.3724949950926,1038.5417821741446
5.103409631521041,0.0010350000000000294,-532.1763554994899,1019.9773942114341
5.104053236084353,0.0010350000000000142,150.10118317126725,1022.9621178201434
5.104696840647666,0.0010350000000000264,704.5781899667801,1122.4516833480636
5.105340445505584,0.0010349999999999468,-1228.452148739348,1166.043837115959
5.105984051417175,0.0010350000000000016,-144.2378801136214,1153.6667106397863
5.106627657328765,0.001035000000000112,695.9085502584993,1135.8041269198104
5.107271263240356,0.0010349999999999693,144.85346267795003,1120.0609041410557
5.107914862211207,0.0010349999999999017,838.7790197635471,1054.58937457894
5.1085584292318735,0.0010350000000000717,-697.0727178442174,1086.8864370805522
5.10920199625254,0.0010350000000000008,2675.950320685514,1075.407563807769
5.109845563273206,0.0010349999999999682,1584.9422224693553,1013.5135372526006
5.1104891086128905,0.0010350000000001196,-856.7470280114646,1060.1610702257585
5.111132518733736,0.0010350000000000862,817.4105082565127,1043.6158808947343
5.111775928854582,0.0010350000000000123,1560.144396905009,1086.8916633825093
5.112419338975428,0.001034999999999985,104.37367345975463,1098.9163157435728
5.11306275302745,0.0010350000000001263,-443.4816636632935,1071.4395201029026
5.113706203403537,0.0010349999999999515,1675.026550017738,1116.62692915074
5.114349653779625,0.0010349999999999908,-1138.3178308454787,1110.1182711828958
5.114993104155713,0.0010349999999998635,1106.0127108992272,1101.5863852855332
5.1156365434458335,0.0010350000000000025,663.7836464852489,1114.3525066115453
5.116279798097278,0.0010349999999999908,-585.4753521178992,1142.9967046133763
5.116923052748721,0.0010350000000001627,-400.9297855453984,1146.8647317829277
5.117566307400165,0.001034999999999756,-1005.5855217680167,1183.6460611601751
5.118209562072966,0.001034999999999962,1596.9731189580589,1174.4849269359727
5.118852818135356,0.0010350000000000092,1045.5283570560857,1190.3943720740651
5.119496074197747,0.0010349999999999383,311.16824844483455,1208.9195506817427
5.1201393302601375,0.0010350000000000567,-898.3709715503841,1211.768993492767
5.120782586322528,0.0010350000000001716,-1144.3617170060054,1200.0132051141109
5.121425804589045,0.001034999999999824,-2328.014236957422,1199.5801935459242
5.122069021802779,0.0010350000000000719,382.42206837573696,1255.0379455024215
5.122712239016512,0.0010349999999999854,344.54796024907796,1238.84732035704
5.123355456230246,0.0010350000000001228,553.8770357438308,1224.7048932660164
5.123998527560259,0.0010350000000000806,-2010.509170406767,1244.4768104235209
5.124641587980574,0.0010349999999998993,-753.1881731102237,1210.55838901877
5.125284648400889,0.0010350000000001495,-2219.006019075225,1216.2115827077487
5.125927708821205,0.0010350000000001586,1982.756794596002,1245.7443424800226
5.126570804993978,0.0010350000000000476,2560.7942421262583,1256.9599320913126
5.12721390568989,0.001034999999999892,1127.291446338007,1327.263348108315
5.127857006385803,0.0010350000000000081,-2575.0697809028707,1324.8628590146761
5.128500107081715,0.0010350000000000973,1274.4911152033985,1271.3519794276367
5.129143042617076,0.0010349999999999646,1330.6888524589692,1302.851864013885
5.129785947736922,0.0010350000000000428,-387.5596161121516,1387.0754322576133
5.130428852856768,0.001035000000000042,452.5788806208233,1303.0019900289442
5.1310717579766125,0.0010350000000000522,1015.8887699512619,1297.787186027445
5.131714664276392,0.0010350000000001885,-1447.3021256946888,1297.8792151407138
5.132357570869716,0.001035000000000099,78.215384954527,1260.0477007356067
5.13300047746304,0.0010350000000000144,-1055.6928580465135,1412.3151692214522
5.133643384056363,0.0010350000000000131,-1234.4742281755025,1454.2263618879185
5.134286290649687,0.0010350000000000346,-175.380445591798,1455.664443860577
5.13492919724301,0.0010350000000000454,-1623.0279261410983,1517.148464358717
5.135572103836334,0.001034999999999968,630.9814935816427,1400.6226029615775
5.136215010429658,0.0010349999999999591,-663.9631889505446,1363.9132292872205
5.136857777848329,0.00103499999999996,-810.2251046199112,1381.724522053935
5.13750048894804,0.0010349999999999476,1570.7445799352236,1411.3881661565713
5.138143200047749,0.0010349999999999442,1372.4163340305413,1324.4915598329264
5.13878591114746,0.00103500000000004,-1656.3509853667465,1280.7945643647286
5.13942864912421,0.0010349999999999413,1238.4837296639294,1319.4940543628488
5.140071400519805,0.0010349999999998824,-660.587328076684,1277.8953476495028
5.1407141519153985,0.0010349999999998037,-338.01786629828376,1308.0204189496376
5.141356903310993,0.0010349999999999374,-936.9367101191855,1285.7725268054965
5.1419995332322435,0.0010349999999998555,-410.602390164748,1270.9111592543181
5.142642089200141,0.0010350000000000068,60.09881281281654,1306.165938659597
5.1432846451680385,0.0010350000000000728,-1057.5600071328224,1413.996783302299
5.143927201135936,0.001034999999999945,1187.9020768072533,1597.173749307988
5.144569757988011,0.0010350000000000465,-2280.793463330818,1595.526545801369
5.145212315491781,0.0010350000000000443,439.0228457744162,1547.8393975367205
5.145854872995552,0.001035000000000011,2285.3676077304744,1505.9023609367891
5.1464974304993225,0.0010350000000000446,595.6846474561129,1460.0681821829708
5.147139988003094,0.0010350000000000448,1493.8295663814865,1455.3445616473107
5.147782545506864,0.0010349999999999524,-58.12702271787701,1624.386075088458
5.148425103010635,0.001034999999999983,-1852.5737332909002,1665.1354721041503
5.1490676605144055,0.0010350000000000864,464.3075016941723,1732.1979447992494
5.149710123779302,0.0010350000000000842,603.1117608020597,1670.1209636173533
5.150352485937715,0.0010349999999999225,568.7139604756129,1713.7293431110654
5.1509948480961265,0.001034999999999945,-2846.53159371771,1850.194929323287
5.151637210254539,0.0010349999999999175,-2078.0735305172207,1833.390120669514
5.152279589962662,0.0010349999999999212,-1563.2162384639184,1848.9286005973438
5.152921992437178,0.0010349999999999858,-741.287698525609,1991.3098307851262
5.153564394911694,0.001034999999999947,2599.2820174454578,1761.8999185851658
5.15420679738621,0.0010350000000000253,702.1938057621044,1708.4545405296235
5.154849124151766,0.0010349999999999277,2375.6979552606485,1754.5196614026297
5.155491331346748,0.0010349999999999231,-520.8189500330822,1730.1563594382528
5.15613353854173,0.0010349999999999596,1667.4199508450392,1774.6151948264867
5.156775745736712,0.0010350000000000346,2304.863715025665,1777.1012316256708
5.157417979779311,0.0010349999999999858,-421.69177486268194,1894.5867244059393
5.15806026603097,0.0010350000000000287,4048.136952301831,2045.268422715792
5.1587025522826275,0.0010349999999999964,-2139.87763615241,1790.6758261206055
5.159344838534286,0.001035000000000046,-5121.334258844028,1861.5163561752825
5.159987067923245,0.0010349999999999541,-822.3089568127901,1746.0843193044718
5.160629158944711,0.0010350000000000628,-2220.3418186665917,1674.1582106863361
5.161271249966178,0.0010350000000000532,292.9251010430748,1829.705399198164
5.161913340987644,0.0010350000000000172,-716.0978807261878,1769.838981143437
5.162555432401572,0.0010349999999999429,2113.9500788746736,1748.9412313142552
5.163197525041893,0.0010350000000000764,1705.356945379966,1840.7184867869753
5.163839617682213,0.001034999999999971,222.85343820725367,1893.2002541687314
5.1644817103225344,0.0010350000000000192,3677.644858260893,1976.909861312509
5.16512379549715,0.0010350000000000962,-1207.8541048716236,2016.9602115474638
5.165765849429209,0.0010349999999999288,1675.8672058569525,2016.6716392361154
5.166407903361269,0.0010350000000000747,-2028.6192725535234,1993.3914050509466
5.167049957293328,0.00103500000000003,-2381.808238640894,1869.415799910476
5.1676919888441155,0.0010350000000000621,-1546.442689551706,1850.973289782031
5.16833388633643,0.0010349999999999615,-1899.8787344987452,2297.0926622044144
5.168975783828744,0.0010349999999998136,-2662.8851808531913,2471.1396335255617
5.169617681321058,0.0010350000000001573,-9.971809637902506,2727.134998953865
5.1702595825659765,0.0010350000000000218,1501.7924543068543,3034.629272454309
5.170901520401248,0.0010349999999999398,157.29116619231198,3040.956389257957
5.1715434582365205,0.001035000000000052,-2736.9828989662465,2604.385226105114
5.172185396071793,0.0010350000000000491,-72.71150786441093,2468.886793744932
5.172827325619877,0.0010349999999999505,-1211.5380717169319,2423.9009635934954
5.173469068372845,0.0010350000000000344,-278.69025613289097,2667.164600696729
5.174110811125813,0.0010349999999999945,-2631.290804762346,3339.4260630632916
5.174752553878782,0.0010349999999999966,-36.091205608762024,3787.684676417422
5.175394296631749,0.0010350000000000786,-1404.3547585012986,3878.0106524569583
5.176036041051286,0.0010349999999999724,1979.0782482665095,3367.7656217584363
5.176677785485186,0.0010349999999999338,3782.921143979581,3257.8891107384807
