Wavelength_um,Model_Depth,Transit_Depth,Error_ppm
2.8705440656200856,0.0006424613942515507,0.00047705010562987314,0.00018436143201297947
2.871219918514831,0.0006446754919098216,0.0006762197877886858,0.00018324868750827048
2.871895763808353,0.0006437536751877104,0.0004093202124315046,0.00018285285844590383
2.8725715630920616,0.0006428319212202152,0.0009041500213486692,0.00018246025521564537
2.87324736237577,0.0006419101672526369,0.0005517568643810322,0.00018207017792147028
2.8739231616594787,0.0006409884132855643,0.0006141510171896967,0.00018168258500172546
2.874598972880794,0.0006400666430359062,0.00039320714052962875,0.00018129745415549373
2.87527481269201,0.0006391448337913698,0.000276286074153653,0.00018091474601061226
2.875950652503226,0.0006382230245466132,0.0008275912614549275,0.00018053445719585525
2.876626492314442,0.000637301215301787,0.000542762613326359,0.00018015655167058628
2.8773023092070065,0.0006363794373172221,0.0006207696532295167,0.00017978101932545658
2.8779780977695286,0.0006354576979729867,0.0009310850208812576,0.0001794078503090919
2.8786538863320503,0.0006345359586287516,0.00037330844383882066,0.00017903699125465113
2.879329674894572,0.0006336142192844622,0.0006648050200375753,0.00017866866009327072
2.880005450594114,0.0006330768843675659,0.0006805635254629895,0.00017833890137587604
2.880681217715283,0.0006333073380863314,0.0006616198933234469,0.00017808241804436159
2.881356984836452,0.0006335377918051644,0.0007444325791234924,0.00017782751570433506
2.8820327519576208,0.0006337682455237587,0.0005534319663952343,0.00017757369842091283
2.882708502945143,0.0006339986937403835,0.0007710920442557433,0.00017732097174917398
2.8833842486263195,0.0006342291401476755,0.0006320607663769382,0.00017706932392190896
2.884059994307496,0.0006344595865548148,0.0008156015725097497,0.0001768187420379818
2.884735739988672,0.0006346900329618025,0.0004946776989811085,0.0001765692221089113
2.885411437168953,0.0006349204628290152,0.00042955381204563587,0.00017632077131394985
2.8860871292561,0.0006351508909592521,0.00047788135105366247,0.0001760733681098778
2.886762821343247,0.0006353813190894511,0.0007505290539681357,0.00017582700712051914
2.887438515745513,0.0006356117480091515,0.0006579033951107053,0.00017558167249135648
2.8881142483571396,0.0006358421899590604,0.0003478599117841284,0.0001753371687453353
2.8887899809687663,0.0006354916344231658,0.0007050517112170227,0.00017506651574893334
2.8894657135803925,0.0006338787241205509,0.000631818859878954,0.0001747390715353768
2.8901414354738035,0.000632265839400926,0.0006578928142013816,0.00017441307661261295
2.8908171168431647,0.0006306530514085888,0.0010004545254399637,0.00017408892629442525
2.891492798212526,0.0006290402634162704,0.0005677923831318616,0.00017376657165252493
2.892168479581887,0.0006274274754239825,0.0005422686068497269,0.0001734460076990108
2.89284415320765,0.0006258147059149046,0.0002759197199365538,0.00017312721353307132
2.8935198131424595,0.0006242019690847556,0.0007537541433407385,0.00017281017559723556
2.894195473077269,0.0006225892322547174,0.0007172395329879433,0.00017249488009698276
2.8948711330120784,0.0006209764954247977,0.0003642700197109557,0.00017218129967345303
2.8955467819464173,0.0006193637848517808,0.00044909588591074954,0.00017186943049859224
2.8962224204480354,0.0006177510991805797,0.0006274973630652493,0.00017155926032007192
2.896898058949653,0.0006161384135095783,0.0005669866066713588,0.00017125099133848357
2.897573697451271,0.000614887065220396,0.0007693329533886264,0.0001709791942890086
2.8982493003188003,0.0006145030690469679,0.0001880296161701366,0.00017079086161239114
2.8989248852433875,0.0006141190830719145,0.0006076603417874422,0.0001706037010047815
2.899600470167975,0.0006137350970968104,0.00047892754406457137,0.00017041709561113724
2.9002760550925624,0.0006133511111217954,0.000371534823985211,0.00017022219607209965
2.900951673109009,0.0006129671063379191,0.00047566615446479504,0.00017001519659656724
2.901627298555048,0.000612583097331517,0.0006913447940431679,0.00016980886004314144
2.9023029240010874,0.0006121990883250729,0.0006142772043365117,0.00016960327677795445
2.9029785494471265,0.0006118150793185069,0.0003485258260416102,0.00016939843481401674
2.9036541252928463,0.0006114310985035234,0.0006753493394148834,0.00016919434842427764
2.904329699503047,0.0006110471186182361,0.0006179175263130258,0.00016899100056791898
2.905005273713248,0.0006106631387329543,0.0007697834593440537,0.00016878838164412148
2.905680845361378,0.0006102791603038121,0.0005254908104821418,0.00016858647693374985
2.906356398143825,0.0006102305500774039,0.0006561328395487725,0.00016838245125701642
2.9070319509262723,0.0006110751830175934,0.00037480637411897353,0.0001681717312303139
2.90770750370872,0.0006119198159576894,0.0008471545328567952,0.0001679617484108499
2.9083830506860058,0.0006127644416397811,0.0007615298811826427,0.00016775255161825134
2.909058582042059,0.0006136090477907861,0.0004267717471956227,0.00016754413896018328
2.909734113398112,0.0006144536539418357,0.0006050319373854139,0.00016733650119936383
2.910409644754165,0.0006152982600927837,0.0005291750257942537,0.0001671296319635338
2.9110851670649933,0.0006161428549346071,0.0006827704289175103,0.00016692353285904096
2.9117606769960114,0.0006169874342982517,0.000521461469673641,0.00016671819537442017
2.9124361869270294,0.0006178320136617667,0.0006421524126279839,0.00016651360947370872
2.9131116968580475,0.0006186765930254594,0.000746972706650919,0.00016630977749109146
2.91378718222532,0.0006195211416774823,0.0005996403497354946,0.0001661067010542663
2.9144626493103445,0.0006203656674714971,0.0006351790003166049,0.00016590460574887072
2.915138116395369,0.0006214203865307159,0.0006559519830568578,0.00016573958569219942
2.9158135834803938,0.0006231094381186705,0.0007343725537364567,0.0001656826002261663
2.916489079907918,0.0006247985630795013,0.0005464643755978219,0.00016562638887078878
2.917164587511064,0.0006264877159857422,0.000601455377100653,0.0001655702349907586
2.91784009511421,0.0006281768688921218,0.00043477063931507734,0.00016551413570676154
2.9185156027173558,0.0006298660217982537,0.0004439086195909046,0.00016545809552863746
2.9191910654984543,0.000631555062624063,0.0006037727156168352,0.00016540211591760157
2.91986652187283,0.0006332440874292181,0.0006934009882876136,0.00016534619117029484
2.9205419782472055,0.0006349331122343746,0.0007162691713141398,0.0001652903206342422
2.9212174340698627,0.0006366221356599336,0.000744652207574624,0.00016523451168774057
2.921892869023959,0.0006383111069022878,0.0003499080281734437,0.00016517875928514665
2.9225683039780557,0.0006400000781446125,0.000833182573152134,0.00016512305839310818
2.9232437389321517,0.000641689049386904,0.0008839505390420511,0.00016506716488795748
2.9239191701068235,0.0006430171842794462,0.000864023356476865,0.00016497260475592716
2.924594583641999,0.0006430939619918669,0.0007545948909493927,0.00016474715394790003
2.9252699971771747,0.0006431707397040928,0.0007401952820675205,0.00016452174915599765
2.9259454107123504,0.0006432475174163166,0.0007628487804454436,0.00016429726890978522
2.9266208067380903,0.0006433242931383437,0.000628768402627326,0.00016407371257033129
2.927296166731907,0.0006434010647644114,0.0007807846993887638,0.00016385107547727134
2.927971526725724,0.0006434778363902384,0.00039083127618040153,0.00016362934198007787
2.9286468867195405,0.0006435546080161933,0.000765655623277818,0.00016340850628986453
2.9293222660510057,0.000643631381840473,0.00034047604362647037,0.0001631885550851248
2.9299976665599154,0.000643708158071951,0.0007073400601072714,0.00016296948712966118
2.9306730670688252,0.0006437849343035766,0.0005358041379393657,0.00016275129348000615
2.931348467577735,0.0006438617105350701,0.0005741938956861265,0.0001625339735869315
2.932023835947624,0.0006439384831132148,0.00035878726543911644,0.00016231764810205104
2.932699185234188,0.00064354244634853,0.0005392519474948429,0.00016211986548513762
2.9333745345207514,0.0006412395958601076,0.0006136789784426289,0.0001619921265757768
2.934049883807315,0.0006389367453718137,0.0004569056359460615,0.0001618651560376294
2.9347252164417026,0.0006366339516649319,0.00039175302555063935,0.00016173848193070276
2.9354005443147786,0.0006343311741937342,0.0007076968327694154,0.00016161210880724555
2.936075872187854,0.0006320283967225612,0.0008352285794283677,0.00016148602903675628
2.93675120006093,0.0006297256192511849,0.0005390664111531357,0.00016136024917497852
2.9374265080692368,0.0006274229095161377,0.0005872470814411933,0.00016123476581443672
2.9381018145301825,0.0006251202050572924,0.0009582921667848365,0.0001611095746015466
2.938777120991128,0.0006228175005985661,0.0004134279325735345,0.0001609846765537016
2.93945242329335,0.0006205148103205067,0.0005478848697862297,0.0001608600723793967
2.9401276762299107,0.0006182122883726445,0.0006004730657748247,0.0001607357630034049
2.9408029291664715,0.0006159097664249772,0.000756499880798534,0.00016061177105304052
2.9414781821030322,0.0006140261866778698,0.0003193439769392442,0.00016049195972291165
2.942153444250252,0.0006141797076844838,0.0006123533917315551,0.0001603907420653794
2.942828737698878,0.0006143332358073781,0.0006688841697641029,0.00016028983668635237
2.9435040311475036,0.0006144867639302391,0.0004672781927372362,0.0001601891216642173
2.944179324596129,0.0006146402920532972,0.0008055015341924139,0.0001600885911160828
2.944854598741878,0.0006147938157877288,0.0006985774630727942,0.00015998826041356627
2.9455298409745803,0.0006149473322666106,0.0005544255327903186,0.00015988811473662565
2.946205083207282,0.0006151008487455404,0.0006243185704993706,0.0001597881616089945
2.946880325439984,0.0006152543652245589,0.00039957998338665293,0.0001596883948611733
2.9475555564022886,0.0006154078791411087,0.0006671740104134656,0.00015958881643140323
2.9482307772282907,0.0006155613907533154,0.00048422002297369114,0.00015948942324320588
2.948905998054293,0.0006157149023653854,0.0007043320731478006,0.00015939021736716892
2.949581218880295,0.0006158684139775473,0.0009308920220362277,0.0001592911868856869
2.9502564180027684,0.0006158356137710727,0.0005945450268350416,0.0001591910285393791
2.950931606721266,0.0006146844622847048,0.0004274578788367745,0.0001590834916574943
2.9516067954397633,0.000613533310798209,0.0003977159721962449,0.0001589761163232142
2.952281984158261,0.0006123821593118159,0.0007865663316559157,0.00015886896165043593
2.952957137551448,0.0006112310680527932,0.0003867743177617184,0.0001587620276418523
2.953632283464689,0.0006100799895464227,0.0005624059643442893,0.00015865530851977703
2.9543074293779292,0.0006089289110401848,0.0007274916687858751,0.00015854880930795233
2.9549825752911696,0.0006077778325337777,0.0007047012167382451,0.00015844252121155288
2.9556577606725347,0.0006066266867369241,0.0006956413143270031,0.00015833644337813845
2.956332947094812,0.0006054755391653986,0.0005489903051963596,0.00015823057859594972
2.957008133517089,0.0006043243915939447,0.0007150341721579132,0.0001581249236035291
2.9576833123102437,0.0006031732570295168,0.0006659720317799872,0.00015801948308437724
2.9583584368228912,0.0006020222150099071,0.0004393625946355847,0.00015791428280702004
2.9590335613355387,0.0006009570576632875,0.0007867990644608743,0.00015781239545760288
2.959708685848186,0.0006005733769900311,0.00028300671052831547,0.0001577340725460488
2.960383804536908,0.000600189699626589,0.00044853772095464905,0.00015765602492803552
2.961058907650319,0.0005998060311148622,0.00037106693795119824,0.00015757809234629775
2.9617340107637298,0.0005994223626030904,0.0005836740648108244,0.00015750027725341113
2.9624091138771407,0.000599038694091124,0.0006327562920793588,0.00015742257750103438
2.963084207982911,0.0005986550306985239,0.000876594846620887,0.00015734499357186006
2.963759289698442,0.0005982713743472528,0.0006605722797305368,0.00015726752552728233
2.964434371413973,0.0005978877179962195,0.0008378692978364567,0.00015719017098667098
2.9651094531295037,0.000597504061644928,0.0005510955415650973,0.0001571129314210999
2.9657845226566955,0.000597120412220656,0.000701905909645687,0.00015703580939074795
2.966459582975703,0.0005967367680293786,0.00041270889128354726,0.00015695879863328538
2.96713464329471,0.0005963531238380353,0.0006795958943495668,0.00015688191783863457
2.9678097036137174,0.0005959877904709604,0.0005777720427977849,0.00015680769044849397
2.9684847255194913,0.0005958343240834566,0.0006052401249879714,0.00015676083433083644
2.969159732353123,0.0005956808611224065,0.0006449217730794393,0.0001567142068492858
2.969834739186755,0.0005955273981615514,0.0007197795586189274,0.00015666761968238322
2.9705097460203866,0.0005953739352005858,0.0005672376684675041,0.00015662107441909048
2.9711847879498676,0.0005952204642605676,0.0004727130020148169,0.00015657457028893295
2.971859835288599,0.0005950669920907738,0.0008061661960947319,0.00015652810293136053
2.9725348826273303,0.0005949135199210339,0.0007746244627921727,0.00015648168033820714
2.97320992921917,0.0005947600479209498,0.000624597006308694,0.0001564352956572949
2.9738849253567436,0.0005946065873918331,0.0005892442218516656,0.0001563889617536422
2.9745599214943175,0.0005944531268626059,0.0005365837194385156,0.0001563426644328299
2.975234917631891,0.0005942996663335482,0.0006398518435975734,0.00015629640831186237
2.975909910287405,0.0005941462065959934,0.00048139335490751797,0.00015625018910258784
2.97658488503388,0.000594003624122993,0.0006703827901883171,0.00015620338735975137
2.977259859780354,0.0005940803432349032,0.0005425137364683367,0.00015614545243648598
2.9779348345268284,0.0005941570623467918,0.0007565491815638717,0.00015608751242435516
2.9786098026242573,0.0005942337807029699,0.000654237894234984,0.00015602963276713054
2.9792847559809883,0.0005943104973835354,0.0005767853018902553,0.0001559718221833003
2.979959709337719,0.0005943872140642889,0.00020396108863342353,0.00015591407647675358
2.9806346626944498,0.000594463930745052,0.0006384803717428834,0.00015585639384978946
2.981309591519798,0.0005945406446373351,0.0007099884144927598,0.0001557987775502698
2.9819844914081006,0.0005946173552407448,0.0005069185342986186,0.0001557412251367005
2.9826593912964032,0.0005946940658440915,0.0005244265609944475,0.00015568374101266046
2.9833342911847063,0.00059477077644738,0.0005332239178949508,0.00015562631580957485
2.9840092156352997,0.0005948474898426274,0.0007618663393019546,0.00015556895294250954
2.984684156025674,0.0005949242050495347,0.0005128825057412353,0.00015551165812277662
2.9853590964160475,0.0005950000000000295,0.0007270527098994199,0.0001554548488692292
2.986034036806421,0.0005949999999999597,0.0005851840289815129,0.00015542082639299077
2.9867089385976358,0.0005950000000000287,0.0003986285071892968,0.0001553869772443158
2.9873838277932694,0.0005950000000000485,0.00043300313159873695,0.00015535315045648205
2.9880587169889026,0.000595000000000051,0.0007194223696014498,0.0001553193454684875
2.988733606184536,0.0005950000000000011,0.0007188215600773015,0.00015528556432445082
2.9894084761011284,0.0005950000000000445,0.000723029952874656,0.00015525180341360528
2.99008334391244,0.0005950000000000895,0.0005051061349498301,0.00015521807032370022
2.990758211723752,0.0005950000000000412,0.000638438795800269,0.0001551843534925021
2.991433078487058,0.0005950000000000724,0.0006360990451085904,0.00015515065964998611
2.9921079249154032,0.0005949999999999578,0.00042487953334033557,0.0001551169924069616
2.9927827713437485,0.0005950000000000262,0.0006210441768111823,0.000155083343329794
2.9934576177720933,0.0005949999999999813,0.0003445857671996005,0.00015504971803526917
2.9941324537052334,0.0005949999999999432,0.0006725556295082638,0.00015501615416534667
2.9948072466820896,0.0005964236970856987,0.0006278553791947357,0.0001549882978981802
2.995482039658946,0.0005978809676653744,0.000581825787142669,0.00015496063387909865
2.996156832635802,0.0005993382382450363,0.0007876089024949362,0.0001549329802018468
2.996831639519373,0.0006007955388574364,0.0005792385264178692,0.0001549053455903948
2.9975064729952714,0.0006022528968981396,0.0005805399018174738,0.00015487772098362994
2.99818130647117,0.0006037102549388174,0.0006518053310439433,0.00015485011456320595
2.9988561399470686,0.0006051676129795682,0.0005442199743429815,0.00015482251913498298
2.9995309483255665,0.0006066249168203337,0.0002765382474534432,0.00015479508446448141
3.0002057306131413,0.0006080821643157783,0.0004032278716021885,0.0001547891403678478
3.0008805129007157,0.0006095394118110234,0.0007463137671676913,0.00015483160203590566
3.00155529518829,0.0006109966593063545,0.0007327314215457244,0.0001548744194677751
3.002230057041346,0.0006124538626717263,0.0006337762207354925,0.00015491727171668647
3.0029048072631066,0.0006139110409181831,0.0007869952441274817,0.0001549601906544307
3.003579557484868,0.000613783940837285,0.0003414285924541878,0.00015500837778887849
3.004254307706629,0.0006135538339070281,0.0005020958617745318,0.0001550569831336036
3.004929041168754,0.0006133237326922944,0.0006372046504142103,0.00015510563521208278
3.005603770014999,0.0006130936330516092,0.0006285709069318094,0.00015515433218912564
3.0062784988612443,0.0006128635334109602,0.0007252032979038665,0.00015520307427895468
3.0069532277074895,0.0006126334337703812,0.0006852334845089136,0.00015525186333078115
3.0076279068224263,0.0006124033510894402,0.00038118402081280657,0.00015530069706741774
3.0083025822358067,0.0006121732696707007,0.0009266615485730868,0.00015534957298007297
3.0089772576491867,0.0006119431882519706,0.0006235658373101796,0.0001553984981121143
3.009651936184276,0.0006117131057687487,0.0005045869389256484,0.0001554474676890428
3.0103266520933674,0.0006114830105399296,0.00048378184338505555,0.0001554964860307025
3.011001368002458,0.0006112529153113544,0.000906578594861072,0.00015554555214802472
3.011676083911549,0.0006110228200824645,0.00035044164857121654,0.00015559533899587856
3.012350788390448,0.0006105164220581894,0.0005490952892149945,0.0001557464610422862
3.0130254531182707,0.0006099796349365259,0.0004340468886951329,0.0001559098798731722
3.013700117846094,0.0006094428478151114,0.0007946984187645434,0.0001560738878127448
3.0143747825739164,0.0006089060606936221,0.0005733641747613691,0.00015623841715699526
3.0150494394027327,0.000608369279856956,0.0007278651354108157,0.0001564034644232589
3.015724082760456,0.0006078325097383612,0.0004636725156194325,0.00015656903175486638
3.016398726118179,0.0006072957396196034,0.0005446062210619522,0.00015673512380272783
3.017073369475902,0.0006067589695008393,0.0005032521179724411,0.00015690174857351037
3.0177480018114533,0.0006062222081518442,0.0006656848932924329,0.0001570689011404681
3.0184226238004306,0.000605685455034975,0.0004657597457340398,0.00015723658640485826
3.019097245789408,0.0006051487019179392,0.0005141496771116595,0.0001574048103074385
3.019771867778385,0.0006046119488009905,0.0005670008692510534,0.00015757357434006042
3.020446475625029,0.0006040752069362991,0.0005640036547154561,0.00015774147869295486
3.021121076246614,0.0006045933946601434,0.00043022371065323545,0.00015769947113963715
3.0217956768681993,0.0006052834839524797,0.00035460273281058704,0.00015762195260495785
3.0224702774897843,0.0006059735732448516,0.0004903651287252763,0.00015754431890925973
3.0231448349646888,0.0006066636183999584,0.0004451601296524975,0.00015746680532064712
3.023819382173715,0.0006073536530534845,0.0004980181599366102,0.00015738940615826012
3.024493929382741,0.0006080436877067889,0.0007273496050188206,0.00015731212153645858
3.0251684765917672,0.0006087337223602533,0.0005136435130370301,0.00015723495089540313
3.0258430624071604,0.0006094237965065211,0.0004495958463431036,0.00015715788610203991
3.0265176501082625,0.000610113872581878,0.0007972529747417148,0.00015708093997666853
3.0271922378093645,0.0006108039486570502,0.0007006309461065205,0.00015700410123856614
3.027866819390684,0.0006114940184719892,0.000645862680057663,0.00015692737942346892
3.0285413452370546,0.0006121840312722904,0.000568129969010027,0.00015685077217662903
3.029215871083425,0.0006128740440726802,0.0006120866417029028,0.000156774935040433
3.029890396929796,0.0006129999999999883,0.00041739546660178877,0.00015679719286184666
3.0305649175544858,0.0006130000000000313,0.0005435019442924048,0.00015684199704763219
3.031239422039554,0.0006129999999998949,0.00044223143287927763,0.00015688698933633886
3.0319139265246227,0.0006130000000000548,0.0005103620215731503,0.00015693201602012295
3.0325884310096907,0.0006129999999999708,0.0006311964284181773,0.00015697708217403346
3.0332629271679767,0.0006129999999999578,0.0007690992305116796,0.00015702218626076694
3.033937410293096,0.0006129999999999356,0.000801233293891911,0.00015706733026865665
3.0346118934182145,0.0006129999999999274,0.0005780960784931846,0.00015711251216563488
3.035286376543333,0.0006129999999999377,0.00044556895205006175,0.00015715773391724043
3.0359608310976016,0.0006129999999999711,0.0008488139406431198,0.00015720298928465932
3.0366352608287652,0.00061300000000006,0.0002842537837800893,0.000157248287335199
3.0373096905599284,0.0006130000000000515,0.0006890795101932039,0.00015729362068628451
3.0379841202910915,0.0006130000000000166,0.000682376674614151,0.00015733884350492805
3.038658577556775,0.000614425535503786,0.0006036246565103861,0.00015736091944952912
3.0393330477766827,0.000616265417894884,0.000724996409201449,0.0001573761246488232
3.0400075179965897,0.0006181053002862472,0.000510636496337501,0.0001573912911383697
3.040681988216497,0.0006199451826774027,0.00047251379992443017,0.00015740646210765533
3.041356416229646,0.000621784949933226,0.0008484722131720567,0.0001574216374251063
3.0420308352830325,0.0006236246927476141,0.00040847632123095065,0.00015743681644342703
3.042705254336419,0.0006254644355619328,0.0009437189725322792,0.0001574520009588685
3.0433796733898055,0.000627304178376347,0.0003286598350464804,0.0001574671898627961
3.0440540717338247,0.0006291438646978852,0.0006956924467791238,0.00015748238205002253
3.0447284694326724,0.0006309835492593859,0.0006397558604749032,0.00015749758003890744
3.0454028671315196,0.0006328232338208929,0.0007092835913296853,0.00015751278145947705
3.0460772623840824,0.0006346629117092704,0.0007037612115241278,0.00015752798482742203
3.046751638729743,0.0006365025380216128,0.0007891734690730022,0.00015754353936036752
3.047426015075404,0.0006360491921926306,0.0007563746286254455,0.00015761106206208815
3.0481003914210643,0.0006347459754281902,0.0005460154160162494,0.00015769827214907466
3.0487747539305228,0.0006334427854019628,0.0005086133806800429,0.0001577857505316661
3.0494490768991316,0.0006321396717875607,0.0007942058487695406,0.00015787337194548748
3.050123399867741,0.000630836558173038,0.0007655495581958352,0.00015796113490794327
3.0507977228363496,0.0006295334445585797,0.0008001925690140303,0.00015804904338559734
3.0514720578356247,0.0006282303076950779,0.0008789553958760751,0.000158137103209319
3.0521464106152494,0.0006269271364715736,0.0005850735213411931,0.00015822531224499796
3.052820763394874,0.0006256239652480463,0.0007027114700201931,0.00015831366650588405
3.0534951161744983,0.0006243207940243518,0.0004065454718837864,0.0001584021701050868
3.054169440932572,0.0006230176769519267,0.0008765678700540473,0.0001584908201963076
3.0548437425527264,0.0006217146045928369,0.0007041244548249564,0.0001585796139459751
3.0555180441728806,0.0006204115322337165,0.0005469346098611222,0.00015866914589700477
3.056192345793035,0.0006200524375758805,0.0006159751521393199,0.00015884775761432413
3.0568666326419422,0.0006201290784998993,0.0007829557572162375,0.000159068677655885
3.0575409129149933,0.0006202057186764643,0.00036858734607461506,0.0001592907938258075
3.0582151931880444,0.000620282358852884,0.0006719845537050742,0.00015951384749038832
3.0588894734610954,0.0006203589990295103,0.0006473305673410122,0.00015973783716110738
3.0595637358878265,0.0006204356371774994,0.0004672832729469545,0.00015996276530912327
3.060237994815126,0.0006205122749277494,0.0007506065537755444,0.0001601886464086757
3.0609122537424254,0.0006205889126780741,0.00031590316945547453,0.00016041549166488685
3.061586512669725,0.0006206655504284891,0.0007910333703869936,0.00016064329767794203
3.0622607193035125,0.0006207421822348979,0.0007762128694103731,0.00016087205959727864
3.0629349248723456,0.0006208188139204375,0.0010880341822217042,0.0001611018044976405
3.0636091304411783,0.0006208954456059016,0.0006447675789434805,0.00016133253117997469
3.064283341018421,0.0006209720778607657,0.0005582537900860992,0.00016156325985476958
3.0649575870696366,0.0006220717112449108,0.0005407089510559109,0.00016164444104536485
3.065631833120852,0.0006237577095541787,0.0006411544937579893,0.00016163883360296918
3.0663060791720675,0.0006254437078638597,0.00076336976366545,0.0001616326571904529
3.0669803086995597,0.0006271296648546024,0.0006941040181286155,0.00016162648247422534
3.0676544929273706,0.0006288155085702595,0.0006356655755289897,0.00016162030969205587
3.0683286771551814,0.0006305013522861204,0.0005379957915826042,0.00016161413265217028
3.0690028613829923,0.0006321871960019121,0.000617875641090194,0.00016160796019060536
3.0696770368438764,0.0006338730177955338,0.00042280659218598186,0.00016160178745507512
3.070351199732016,0.0006355588081500052,0.0005005397069117939,0.000161595616350539
3.071025362620156,0.0006372445985045844,0.0010510650561878464,0.00016158944324169526
3.0716995255082957,0.0006389303888590333,0.000736592390811243,0.00016158327349697285
3.0723736765694527,0.000640616149639441,0.0006116003446798287,0.00016157710444016435
3.073047818119272,0.0006423018866359952,0.0009614346300620732,0.00016157130915856903
3.0737219596690917,0.0006428653087407189,0.0006842161018905356,0.00016162191073000557
3.074396101218911,0.0006426354093829975,0.0007691635229186097,0.00016171268291101376
3.075070227884684,0.0006424055151012008,0.00047772534045813133,0.00016180387085227728
3.075744348097534,0.0006421756230201065,0.00047435249091154984,0.0001618952155643299
3.0764184683103846,0.0006419457309387353,0.0004750735662519795,0.0001619867123241322
3.0770925885232345,0.0006417158388575199,0.0002647976785249166,0.00016207836602958535
3.077766663892915,0.0006414859620690899,0.000529690991756519,0.00016217016730017003
3.07844073076925,0.0006412560881768827,0.0003484627661889743,0.00016226212733375328
3.0791147976455853,0.0006410262142848046,0.0005059841614311628,0.00016235423894523255
3.0797888645219205,0.0006407963403926019,0.0005621751598605231,0.00016244650942949732
3.080462971214577,0.0006405664529221359,0.0005405899141715631,0.00016253894156792014
3.0811370785693564,0.0006403365652258313,0.0008192681462775959,0.000162631533010254
3.0818111859241357,0.0006401066775296418,0.000949317268036096,0.00016272418831678837
3.082485285465809,0.000639876806501714,0.0004568855663173617,0.00016280221667711262
3.0831593310099015,0.0006396469660116456,0.000763836597986887,0.00016286752275497066
3.0838333765539936,0.0006394171255215566,0.0006469054800670413,0.00016293281835609935
3.0845074220980857,0.0006391872850312382,0.0007930945605954995,0.000162998193651556
3.0851814619006475,0.000638957446499046,0.000794518776989326,0.0001630636477760687
3.085855486113847,0.0006387276132823728,0.0003950149767896901,0.00016312917543687014
3.086529510327047,0.0006384977800658253,0.0007472665696533434,0.0001631947868533278
3.0872035345402464,0.0006382679468491316,0.0007531691554288222,0.00016326047680136858
3.0878775499698508,0.0006380381166275949,0.0006216334258673174,0.00016332624594856166
3.0885515528535077,0.0006378082906841776,0.0005868397317181094,0.0001633920892812661
3.0892255557371646,0.000637578464740733,0.000687459222914242,0.0001634580131908191
3.0898995586208216,0.0006373486387972176,0.0007401626483824234,0.00016352401997092792
3.090573531949203,0.0006371188229316206,0.000552992607582702,0.00016359017009402027
3.0912474815149085,0.0006370000000000548,0.0004966966547094889,0.00016366664315957792
3.0919214310806145,0.0006370000000000339,0.0005635921589091713,0.00016375420403596567
3.0925953806463204,0.0006369999999999218,0.000633385186668441,0.00016384197922390072
3.093269358404285,0.0006370000000000695,0.0006121388808893047,0.00016392989418380653
3.093943348445103,0.0006369999999999119,0.000774097121692487,0.00016401795866957477
3.0946173384859206,0.0006369999999999208,0.0007663837235176187,0.00016410616125021293
3.0952913285267383,0.0006369999999999074,0.00041641663784481995,0.0001641945085514574
3.09596526674071,0.0006369999999999403,0.0006614385629577135,0.00016428298978250533
3.0966391949815972,0.0006369999999999389,0.0006108851186966391,0.00016437161408846426
3.0973131232224844,0.0006370000000000067,0.0007327611499157752,0.00016446037959959918
3.0979870514633716,0.0006370000000000772,0.0005352731205890451,0.00016454929140020702
3.098660958792058,0.0006369999999999061,0.0006210267101195242,0.0001646383472255822
3.099334865709476,0.0006370000000000107,0.000869004894107716,0.000164728436925058
3.100008772626894,0.0006369011914206813,0.0009248035326975669,0.00016495057412155162
3.1006826769285003,0.0006366713990924655,0.0008393064357047656,0.00016488685771215796
3.1013565625237987,0.0006364416131426512,0.00046251291875736293,0.00016482130119128337
3.102030448119097,0.0006362118271928203,0.0005159440001729543,0.00016475582385050246
3.1027043337143954,0.0006359820412430698,0.0005238419231921943,0.00016469042711119008
3.103378205210598,0.0006357522601008803,0.0008099620380710175,0.00016462510566265
3.1040520375064995,0.0006355224923255772,0.0008006560448211927,0.00016455986876004225
3.104725869802401,0.0006352927245501694,0.00045144928944715795,0.00016449470832636544
3.1053997020983024,0.0006350629567748457,0.0009233117260465146,0.00016442962217400918
3.1060735508284534,0.0006348331833956835,0.0006052555903754529,0.00016436461586422102
3.106747423596134,0.0006346034018199071,0.0007996023044681685,0.0001642996802559796
3.1074212963638144,0.0006343736202442587,0.0004466832968742829,0.0001642348271592621
3.108095169131495,0.0006341438386684725,0.0004261190934033562,0.00016417011542006342
3.108769008070506,0.000634687450976573,0.0005589492065057157,0.0001641157395255319
3.1094428190490095,0.0006365255350280979,0.0005401008661157187,0.0001640784584928879
3.110116630027513,0.0006383636190794528,0.0007852813087427904,0.00016404130980097532
3.1107904410060163,0.0006402017031308536,0.00027526475234649456,0.0001640041913653333
3.111464237299812,0.0006420397471237709,0.0005355461511361351,0.00016396709813328427
3.1121380269622656,0.000643877773027298,0.000704653380417684,0.00016393002975338895
3.1128118166247196,0.0006457157989307653,0.0006010050852812328,0.0001638929819143786
3.1134856062871736,0.000647553824834334,0.00022084996378302443,0.00016385596366481857
3.114159378254159,0.0006493918024665154,0.0007609898627098619,0.00016381896996212433
3.114833146601912,0.000651229770225755,0.0005464178018336086,0.00016378200220947242
3.1155069149496653,0.0006530677379851019,0.0005824081247824902,0.00016374505834778556
3.1161806832974186,0.0006549057057442428,0.0007140339086246229,0.00016370814008945486
3.1168543998895095,0.0006567435323196162,0.0007650924235464449,0.0001636712134274383
3.1175281149564102,0.0006579030965299473,0.000781561927526333,0.00016362935891482962
3.118201830023311,0.0006575967579752571,0.0008549295616766433,0.00016357695508194395
3.118875549632538,0.0006572904173548385,0.00039758233573820395,0.0001635245290900678
3.1195493051678853,0.0006569840603988427,0.000564871927052998,0.0001634721522218315
3.1202230607032324,0.0006566777034430001,0.0007865755040521239,0.00016341982488183568
3.1208968162385795,0.0006563713464869323,0.0003098611440732534,0.00016336754864357752
3.1215705561445577,0.0006560649966376402,0.00070488496479582,0.00016331532182507855
3.1222442499014766,0.0006557586677725159,0.0010469432794620102,0.00016326315252027592
3.122917943658396,0.0006554523389071472,0.0006692633361682686,0.00016321102843151506
3.123591637415315,0.0006551460100418992,0.000666143057838434,0.00016315895784213146
3.12426532278222,0.0006548396849917535,0.0004955332447222362,0.00016310693456222144
3.124938995230506,0.0006545333658154947,0.0008189732011418393,0.00016305496535808884
3.125612667678791,0.0006542270466391615,0.000712750284285544,0.0001630031030913153
3.126286340127077,0.0006537622094198603,0.0002917073360155452,0.00016296019946811436
3.1269600011895418,0.0006528433718714993,0.0005511269693831283,0.00016294242377216323
3.127633652330542,0.0006519245478557284,0.0003965879367004793,0.0001629248143248079
3.128307303471542,0.0006510057238396995,0.0007375986965962285,0.00016290721596735953
3.128980954612542,0.000650086899823882,0.0007275676390449797,0.0001628896240757643
3.129654591374895,0.0006491680954195685,0.000547119553586153,0.00016287203213936376
3.1303282212099575,0.0006482493004638841,0.0007590496328175033,0.0001628544517452641
3.1310018510450197,0.0006473305055081145,0.0005971492938683497,0.0001628368766387933
3.131675480880082,0.0006464117105522844,0.0004480788690078096,0.00016281930671973495
3.1323490672959684,0.0006454929748178963,0.00035373426814479047,0.00016280174408436236
3.1330226438720823,0.0006445742525047125,0.0005193466067266348,0.00016278418617249478
3.1336962204481957,0.0006436555301911566,0.0004225724468292555,0.00016276663094184468
3.134369797024309,0.0006427368078777934,0.0007138248929336575,0.00016274903473092054
3.135043402081852,0.0006420151644972122,0.0004946517005975813,0.00016272310406872427
3.135717008471391,0.0006420917367821688,0.0005753058805583091,0.00016266430985330466
3.1363906148609297,0.0006421683090668919,0.0005969979927555678,0.00016260535969468118
3.1370642163835956,0.0006422448807984631,0.0006005493782246615,0.0001625464778109818
3.1377377716584878,0.0006423214472727521,0.00023189990241660437,0.00016248765734002503
3.13841132693338,0.0006423980137471114,0.00034699361218529945,0.00016242890473421823
3.1390848822082718,0.000642474580221501,0.000532439767784333,0.00016237021652543786
3.1397584324741055,0.0006425511461263826,0.00048375686609438773,0.00016231159103032684
3.1404319664491234,0.0006426277101794753,0.00046156293006497235,0.000162253030102254
3.141105500424141,0.0006427042742324611,0.0005216626649056104,0.00016219453243222656
3.1417790343991587,0.0006427808382855388,0.0006943692678780866,0.00016213609702096893
3.1424525563939443,0.000642857400976966,0.0006545055104394706,0.00016207772693872748
3.1431260584216765,0.0006429339613983977,0.0005369180814250501,0.00016201945040645745
3.1437995604494087,0.0006431472887349838,0.0005846146852352508,0.0001619659145099641
3.144473062477141,0.0006442190128073694,0.0007510234476093141,0.00016194061562437316
3.1451465371056377,0.0006452906932801261,0.0006759301541786868,0.00016191551727612514
3.1458199858946276,0.0006463623326351511,0.0007936138581475275,0.00016189043653090665
3.146493434683618,0.0006474339719902891,0.0006053250818060093,0.0001618653625683085
3.1471668834726083,0.0006485056113452503,0.0007412472737168453,0.0001618402999806757
3.1478403587226724,0.0006495772928070411,0.0005659179658377337,0.00016181524787157493
3.1485138479725343,0.0006506489965463719,0.0006372344644086199,0.0001617902081263125
3.1491873372223957,0.0006517207002857018,0.00048647480592984655,0.00016176517882659266
3.1498608264722576,0.0006527924040250046,0.0006285225590309507,0.00016174016658554167
3.1505342751829044,0.0006538640432554578,0.0004674719211300295,0.00016171516033368873
3.151207713325156,0.0006549356656686273,0.0004381917423706889,0.00016169016714790365
3.1518811514674083,0.0006560072880818789,0.0005705628370394578,0.00016166517623863398
3.15255458960966,0.0006570507281754344,0.000720153664224215,0.00016163834286309246
3.1532279979697004,0.0006577395978321465,0.0005808293912412867,0.0001615900117759779
3.153901404173757,0.0006584284652835197,0.0005939074289655402,0.0001615415795636913
3.1545748103778135,0.0006591173327348869,0.0005492838333310584,0.00016149319542988532
3.1552482150575965,0.0006598061986268969,0.000523544174595553,0.00016144484962485342
3.155921599971206,0.0006604950442989701,0.0004886458447116463,0.0001613965525676484
3.1565949848848147,0.0006611838899708591,0.0005023760221880363,0.00016134829750991914
3.157268369798424,0.0006618727356429362,0.0007065000078225543,0.000161300082574856
3.157941743505381,0.0006625615698509385,0.0007402608784161625,0.00016125191497920618
3.158615075198761,0.0006632503610807495,0.0004975952954967551,0.0001612037913700973
3.1592884068921414,0.0006639391523106774,0.0008370297998258136,0.00016115571496591905
3.159961738585521,0.0006646279435406417,0.0005753033443373603,0.00016110767842807548
3.16063508440842,0.0006653167492244493,0.0008034278839107946,0.0001610596912810315
3.1613084565593383,0.0006659931769747299,0.0005141669411670348,0.00016101400806305745
3.161981828710257,0.0006651511747400451,0.0005649680679567208,0.00016112085775273516
3.1626552008611752,0.0006643091725050854,0.0005564857685806415,0.00016122894055358225
3.1633285428941584,0.0006634672079305733,0.0005541330697194228,0.00016133723855771268
3.1640018533018024,0.0006626252829010574,0.0008187910627255415,0.00016144574816193732
3.1646751637094463,0.0006617833578716039,0.0006721435161428676,0.000161554476913518
3.1653484741170903,0.0006609414328420568,0.0004224209739720267,0.0001616634263265798
3.1660217711934098,0.0006600995244826282,0.0005337476506548671,0.0001617725937670114
3.1666950603166635,0.000659257626067571,0.0004752134261248583,0.0001618819783272769
3.1673683494399167,0.0006584157276526184,0.0007616982856909672,0.0001619915877376452
3.1680416385631704,0.0006575738292378282,0.0008476177097331491,0.00016210142044448627
3.168714911409779,0.0006567319511757114,0.0006900010596051937,0.00016221147249289203
3.1693881792499874,0.0006558900793736714,0.0006337158117962823,0.00016232174689424447
3.170061447090196,0.0006550482075716421,0.000692579826084509,0.0001624300988534391
3.1707347149304046,0.0006538457105153793,0.0008098406112957195,0.00016221779364320246
3.1714079347254023,0.0006526213962710949,0.0009458069797699431,0.00016198485970491205
3.172081149363885,0.00065139709140453,0.0004672916869898063,0.00016175280154248005
3.172754364002368,0.0006501727865380701,0.00044118815597479527,0.0001615217387285339
3.1734275798655336,0.0006489484794443088,0.00037881857930397166,0.00016129166321117913
3.174100824318582,0.0006477241203572657,0.0007138417409578047,0.000161062561578473
3.1747740687716304,0.0006464997612699269,0.0007736909494463902,0.00016083442962616515
3.1754473132246788,0.0006452754021828784,0.00029436812925127655,0.00016060726971440543
3.1761205485375115,0.000644051059718014,0.0006674329445874135,0.0001603810706310704
3.1767937418976584,0.0006428267935481517,0.000723897197352033,0.00016015583988180022
3.177466935257805,0.0006416025273784,0.0008295087311125389,0.00015993155653466502
3.1781401286179514,0.0006403782612084013,0.0004920729838291307,0.00015970821387732958
3.1788133152381333,0.0006391540072957908,0.000648615430898295,0.00015948645268906145
3.179486487321289,0.0006408730982148055,0.0005189509693791274,0.00015936188701873297
3.1801596594044446,0.0006430157398344531,0.00031341370323957504,0.00015925207609056505
3.1808328314876,0.0006451583814542233,0.0007138175951418703,0.00015914258587857108
3.1815059890653936,0.0006473009769047189,0.0004606495474200553,0.0001590333211287347
3.182179129235584,0.0006494435169484915,0.0007674081399357939,0.00015892428466058323
3.1828522694057746,0.0006515860569923159,0.0006912508260565425,0.00015881546700690583
3.1835254095759655,0.000653728597036159,0.0006570618056992351,0.0001587068774219163
3.1841985371499963,0.0006558710969875965,0.000724518570581274,0.00015859850862416384
3.184871656046558,0.0006580135693194432,0.00023397412195271867,0.00015849036184869089
3.1855447749431196,0.0006601560416513243,0.0005767455610585752,0.00015838243545621066
3.186217893839681,0.0006622985139833253,0.0007577459138456087,0.00015827472800647845
3.1868909739399225,0.0006644408628302568,0.0005240340954068179,0.00015816724758972248
3.187564039658294,0.0006665831659010969,0.0006996285720224578,0.00015806016554394443
3.188237105376665,0.0006657060453614911,0.000572083972534132,0.00015798064259514875
3.1889101710950363,0.0006640995006824178,0.0005853252421272369,0.00015790800947471713
3.1895832626540703,0.0006624928943242284,0.0008757019344253377,0.00015783551202089259
3.190256358187471,0.0006608862784796315,0.0005957352953198619,0.0001577631182452601
3.190929453720872,0.0006592796626349238,0.0005429942754628156,0.00015769082454271006
3.1916025491061415,0.0006576730471438204,0.0008835496300680825,0.00015761862755666882
3.192275604189883,0.0006560665278487371,0.0009590072416979425,0.0001575465343534186
3.1929486592736245,0.0006544600085535689,0.00036340279018274067,0.00015747454479938814
3.193621714357366,0.0006528534892583984,0.0004897156834892775,0.0001574026507385087
3.1942947634544088,0.000651246984253031,0.0006341223058797482,0.0001573308570716625
3.1949677760029913,0.0006496405664853887,0.0007500481314085542,0.00015725916538700255
3.1956407885515743,0.000648034148717561,0.0005515153764750468,0.00015718757170748605
3.1963138011001573,0.0006464277309499152,0.0006858958566422391,0.00015711618931953472
3.196986807745677,0.0006472348000005332,0.0005530050739098323,0.00015706100507514867
3.1976597990286963,0.0006489176606764923,0.0008199576949698638,0.00015701181752761706
3.198332790311716,0.000650600521352376,0.0005111421903355481,0.00015696271342681168
3.1990057815947353,0.0006522833820282569,0.0009168236512200512,0.00015691365947384528
3.199678755258497,0.0006539661986460375,0.0010636758583942782,0.0001568648062482535
3.200351704014421,0.0006556489529799096,0.0008080560463270992,0.00015683971620636367
3.201024652770345,0.0006573317073139025,0.0008305035488701334,0.00015683630094628443
3.2016976015262695,0.0006590144616479194,0.0007049078787048018,0.00015683302919373144
3.2023705725594382,0.0006606972716875786,0.0008030411793377597,0.0001568297572694901
3.2030435617619912,0.0006623801271611491,0.0007343054770325582,0.0001568264853059915
3.2037165509645438,0.0006640629826346528,0.0006217164252972333,0.0001568232128332183
3.2043895401670968,0.0006657458381081395,0.0008010531875618383,0.00015681994159662418
3.205062486967887,0.0006674285875532904,0.0009447730524634805,0.0001568166694809224
3.2057354144622794,0.0006682020754631258,0.0009480778792386791,0.0001568134944539637
3.206408341956671,0.0006685080559084083,0.0007274185412946063,0.00015681037058714375
3.2070812694510633,0.0006688140363537185,0.0006222618679522372,0.00015680724822075696
3.2077541794379805,0.0006691200088384332,0.0008621728212650012,0.0001568041249612342
3.2084270856721835,0.0006694259796167207,0.00027662219474809875,0.00015680100071462398
3.209099991906387,0.0006697319503950792,0.0007391360343524741,0.00015679787895810595
3.20977289814059,0.0006700379211733967,0.0005759945788827072,0.00015679475609256936
3.21044576357114,0.0006703438733982243,0.000593989527668674,0.00015679163470850216
3.2111186272889958,0.000670649824844315,0.0007216723121676842,0.00015678851261196185
3.2117914910068515,0.0006709557762904278,0.0008657263678099063,0.00015678539042416584
3.2124643506562736,0.0006712617258867844,0.0005214487626437507,0.00015678226867553292
3.213137171863154,0.0006715676580031087,0.0007783116010590536,0.00015677914434911161
3.213809993070034,0.0006718735901193327,0.0004325711841344477,0.00015677607537366477
3.214482814276914,0.0006712819926766633,0.0006539744149811992,0.00015678084606106517
3.2151556448441356,0.000670058386280293,0.0003055271745575367,0.00015679116911239798
3.2158285064940073,0.0006688347233570539,0.0005163551347929854,0.00015680152658117995
3.2165013681438794,0.0006676110604339568,0.0006091302349663731,0.00015681189034544158
3.2171742297937516,0.0006663873975108524,0.0008219659848610925,0.00015682225196887037
3.217847068796984,0.0006651637757727749,0.0007613819629620156,0.00015683261520692466
3.218519868750391,0.0006639402250503968,0.0006046213731675154,0.0001568429817553871
3.2191926687037977,0.0006627166743282024,0.0004152450327260347,0.00015685335301123665
3.2198654686572046,0.0006614931236058336,0.0007067178947515888,0.00015686372252233938
3.2205382579274726,0.0006602695923119643,0.0006085053304167612,0.00015687409417705314
3.2212110366287487,0.0006590460802386159,0.0007709288464046179,0.00015688446827479157
3.221883815330025,0.0006578225681654061,0.0007063509570182047,0.00015689484306958092
3.222556594031301,0.0006565990560921577,0.000694049434173506,0.00015690515380134863
3.2232293591706727,0.0006555706546690061,0.0009100981190167658,0.00015690518941840554
3.223902116621161,0.000654729421071514,0.0005125437741439984,0.00015689536575018914
3.224574874071649,0.0006538881874744345,0.0005904527803783506,0.00015688547554568074
3.225247631522137,0.0006530469538770316,0.0006460556493756139,0.00015687558813542028
3.2259203396626037,0.0006522057819384114,0.0005992913916640251,0.00015686570238543967
3.2265930333687813,0.0006513646280486851,0.0007584565789545585,0.00015685581902548398
3.227265727074959,0.0006505234741588472,0.0005827744580860176,0.00015684593843921473
3.227938420781137,0.000649682320269069,0.000577447809920051,0.0001568360625095186
3.2286111512292726,0.000648841120436351,0.0006326823243033948,0.00015682618433086122
3.229283885374805,0.0006479999159801345,0.000727157220533289,0.00015681630850528482
3.2299566195203377,0.0006471587115240215,0.0006156615163557157,0.00015680643413316318
3.2306293509852333,0.0006463175104198163,0.0008596013556444313,0.00015679656124720955
3.2313020234459917,0.000645476383095885,0.0004041986497451861,0.0001567867237852088
3.2319746959067506,0.0006452652383785723,0.0006084209709913603,0.0001567816583366687
3.232647368367509,0.0006458768978108803,0.0005875253814739142,0.00015678279663879966
3.2333200370394986,0.00064648855379818,0.0008779288829292009,0.00015678397349568225
3.23399268825618,0.0006471001939133558,0.0006938705381585939,0.00015678515471925444
3.2346653394728615,0.0006477118340285263,0.0005907113051598723,0.00015678633520554245
3.2353379906895428,0.0006483234741436384,0.0003090411525986693,0.0001567875130624342
3.2360106352549036,0.0006489351082107918,0.0005336012626704044,0.0001567886936756963
3.2366832652288497,0.0006495467290100418,0.00041389047070800945,0.00015678987540020112
3.237355895202796,0.0006501583498092337,0.0004245535112448645,0.00015679105244581314
3.2380285251767416,0.0006507699706086074,0.000652337162812008,0.0001567922339793522
3.2387011456397707,0.0006513815827595329,0.0005689218995223969,0.00015679341141139872
3.239373754372323,0.0006519931842439654,0.0006968638331123969,0.0001567945930479024
3.240046363104875,0.000652604785728492,0.00078841050132997,0.00015679578096686083
3.2407189718374276,0.0006527565643854254,0.0006072966634147585,0.0001567981403529721
3.241391543469644,0.000652068550667488,0.0007014706889841669,0.00015680262254753159
3.242064088486064,0.0006513805641766295,0.0010214116645024865,0.00015680711845811595
3.2427366335024836,0.0006506925776856017,0.0006159528208978016,0.00015681161454685056
3.2434091785189034,0.0006500045911946591,0.0007648397957885219,0.0001568161121147362
3.244081752504277,0.0006493165750694971,0.0006726480518141933,0.0001568206101591206
3.2447543379558086,0.000648628547215075,0.0006134455214629501,0.00015682510647156142
3.24542692340734,0.0006479405193605759,0.0005996216416504751,0.00015682960503406998
3.2460995088588716,0.0006472524915059394,0.0006112377688870437,0.0001568341074966051
3.246772041861327,0.0006465645173048955,0.0005255201407986737,0.00015683860607784318
3.247444565641718,0.0006458765525373957,0.0005764265619375114,0.0001568431058908546
3.24811708942211,0.0006451885877701015,0.0007020082370261017,0.0001568476052249356
3.248789613202501,0.0006445006230027601,0.000762581937740729,0.00015685212142515782
3.2494621160774053,0.0006439999999999057,0.0006981461872212679,0.00015685921216559604
3.2501346186231097,0.0006439999999999532,0.0006715447303538293,0.00015687308211795117
3.250807121168814,0.0006440000000000421,0.0006270038596449405,0.00015688700490534802
3.251479621200316,0.0006440000000000498,0.0005403921930548823,0.00015690092679968639
3.2521521025126736,0.0006439999999999136,0.00034942693893120585,0.000156914853065776
3.252824583825032,0.0006439999999999208,0.0005844909662036731,0.0001569287863139136
3.2534970651373896,0.0006439999999999737,0.0007119148166608775,0.0001569427192698533
3.2541695303868003,0.000643999999999954,0.0005451920557079596,0.00015695665569099784
3.2548419480071638,0.0006439999999999677,0.0007121543820432088,0.0001569705970253187
3.2555143656275267,0.0006439999999999458,0.0010051106405418505,0.00015698454149746727
3.2561867832478897,0.0006439999999999083,0.0007400557986258175,0.00015699848845512977
3.2568592164594428,0.0006439999999999685,0.0007488935341985995,0.00015701244095718062
3.25753167451128,0.0006439999999999444,0.000393616942696478,0.0001570263950832394
3.2582041325631175,0.000644203893598935,0.0007323281460303683,0.0001570401247694718
3.2588765906149546,0.0006452739564229687,0.0004092599889118226,0.00015705290165809189
3.2595490166704106,0.0006463439683320122,0.0007375570026518491,0.00015706567278791494
3.26022141306279,0.0006474139330392411,0.00023357357444000565,0.00015707844877478017
3.260893809455169,0.0006484838977463017,0.0006725685319605366,0.00015709122895778518
3.2615662058475476,0.0006495538624534709,0.0007426876393207895,0.00015710401224200746
3.2622385883954497,0.0006506238051302703,0.0006231418514667541,0.0001571167941816466
3.2629109635611853,0.0006516937360601618,0.0008204306723119316,0.0001571295846943692
3.2635833387269204,0.0006527636669898831,0.0005402806192764441,0.00015714237661481473
3.264255713892656,0.000653833597919783,0.0006171291201607763,0.0001571551689154521
3.2649280723880296,0.0006549035023224039,0.0004291275082624992,0.00015716796806444452
3.2656004263284615,0.0006559733994769198,0.0005792901894407017,0.0001571807660363641
3.2662727802688933,0.0006570432966316432,0.0007936085626868397,0.00015719358592840483
3.266945134209325,0.0006580646895164017,0.0007273442133500302,0.00015720847126932192
3.267617429673553,0.0006586760756381054,0.0004039720645423316,0.00015723992042961872
3.268289719946114,0.0006592874570386636,0.0007845007067850313,0.0001572714967995243
3.268962010218675,0.0006598988384392125,0.0007466364625716135,0.0001573030965130549
3.269634302559017,0.0006605102217201858,0.0006415905991364337,0.0001573347111870675
3.270306633259415,0.0006611216398859332,0.0007693928284705367,0.00015736634865052722
3.2709789639598124,0.0006617330580514471,0.0007696603815367805,0.00015739800624441598
3.27165129466021,0.0006623444762172203,0.0008934017689577029,0.00015742967882575684
3.272323614034935,0.0006629558840831424,0.0008913202315482966,0.00015746137475095798
3.272995883087552,0.0006635672461864028,0.000589230948206914,0.00015749308528017494
3.2736681521401683,0.000664178608289389,0.0009503942963381413,0.0001575248177979027
3.274340421192785,0.0006647899703925433,0.0006339325137340179,0.00015755656671987946
3.2750126835342925,0.0006654013263925132,0.0008647487470860583,0.00015758834043116162
3.2756849313683047,0.0006659841653009858,0.0007210366950157628,0.00015762106596165003
3.2763571792023165,0.0006652200736505154,0.000716252620370293,0.0001576875230497749
3.2770294270363283,0.0006644559820001834,0.000609469675903588,0.00015775429064958732
3.277701665349507,0.0006636919011713221,0.0005110160827154736,0.0001578211391156276
3.2783738919662535,0.0006629278336369592,0.0006278783955846916,0.0001578880728995526
3.279046118583,0.0006621637661025613,0.0008499865598421289,0.00015795509025440463
3.279718345199747,0.0006613996985681976,0.0007620975102409625,0.00015802219379729477
3.2803905348359876,0.0006606356730665657,0.0006803018694620915,0.00015808937595604552
3.2810626978089736,0.0006598716778711952,0.0007764244666725825,0.00015815664446305262
3.281734860781959,0.0006591076826755727,0.0008654312083765606,0.00015822399755903582
3.282407023754945,0.0006583436874801936,0.0005995327475635071,0.00015829143757825872
3.2830792155508983,0.0006575796595237915,0.0006216781825766276,0.00015835896310370087
3.2837514189480834,0.0006568156183813616,0.0009213315580064456,0.00015842658163355602
3.284423622345268,0.0006560515772387345,0.0006547486388688729,0.00015849383064107188
3.285095825742453,0.000654860057754093,0.0008832499017100456,0.00015849370601063453
3.2857679770664565,0.0006536376866260916,0.0008255973611160392,0.00015848825356528067
3.2864401188275334,0.0006524153328891279,0.0007474987633260076,0.00015848276740907706
3.2871122605886103,0.0006511929791522344,0.0006713945431970037,0.0001584772849686838
3.2877844023496867,0.0006499706254154006,0.0006901360525623402,0.0001584718001074419
3.2884565233947267,0.0006487483093526267,0.00063506098334503,0.00015846632000038964
3.2891286439452334,0.0006475259941891657,0.0005789140035341427,0.00015846083561240726
3.2898007644957397,0.0006463036790257838,0.0004398901460124444,0.00015845535616732475
3.2904728827471987,0.000645081368043278,0.0005253981856747087,0.00015844987316028787
3.2911449820884737,0.0006438590914507752,0.0007559461940474257,0.00015844439521599154
3.2918170814297483,0.0006426368148582726,0.0006809099467195416,0.00015843891336873357
3.2924891807710233,0.0006414145382660106,0.0004649761242595819,0.00015843343169895255
3.2931612699332447,0.000640192280185089,0.0010441597626318238,0.00015842800249179045
3.2938333268600717,0.0006406437727179704,0.0008783563030149319,0.00015842933748804535
3.2945053837868987,0.0006414077342126773,0.0002871961825699971,0.00015843197926799666
3.2951774407137258,0.0006421716957073071,0.000688236961945962,0.0001584346316972815
3.2958494818924486,0.0006429356393003131,0.0007728036196462204,0.00015843728504143613
3.2965214964101808,0.0006436995525863809,0.0008344615942583911,0.00015843993491243574
3.297193510927913,0.0006444634658723219,0.000592474349695812,0.0001584425886597545
3.297865525445645,0.0006452273791584698,0.0009892006942937791,0.0001584452379912288
3.2985375602720364,0.0006459913155303227,0.0006204451823868494,0.00015844789205788238
3.2992096152097234,0.0006467552747638048,0.0009547165088987046,0.00015845054587176056
3.299881670147411,0.00064751923399727,0.0008455506567821292,0.00015845354423631503
3.3005537250850985,0.0006482831932306753,0.0008053863204278799,0.0001585087247254282
3.301225740989689,0.0006490471080932386,0.0005867232935247734,0.00015857545794616633
3.3018977343048803,0.0006498109972773156,0.0005218440231736646,0.00015864252179063359
3.302569727620072,0.0006490802862103523,0.0009175761148544036,0.00015873644797362446
3.303241720935264,0.0006478582024365116,0.000576542794899032,0.00015883951523326458
3.3039136980441652,0.0006466361481351289,0.0005947533433672113,0.00015894284028986313
3.304585670158154,0.0006454141029176803,0.000733833440063053,0.00015904636665251088
3.305257642272143,0.0006441920577002112,0.0006602228648720436,0.00015915009849505187
3.3059296143861325,0.0006429700124825068,0.0006686600115005917,0.000159254029748268
3.3066015485423814,0.0006417480362949362,0.000821344883959114,0.00015935815724388077
3.307273478257979,0.0006405260681829485,0.0006786028610510404,0.00015946249228006374
3.307945407973576,0.000639304100070908,0.0006540834968947453,0.0001595670294735642
3.3086173365920875,0.0006380821339539616,0.000813088888940659,0.00015967176996986834
3.309289223914643,0.0006368602429377949,0.0007012224400716827,0.0001597767120118093
3.309961111237198,0.0006356383519214213,0.00034283748880559905,0.0001598818629869763
3.310632998559753,0.0006344164609053172,0.0005842249288083852,0.00015998843122242036
3.311304892197358,0.0006353593371979052,0.0006739958002314011,0.00016027760513602688
3.3119768199362305,0.0006374216367259073,0.0007219224999468607,0.00016066434236184285
3.3126487476751034,0.0006394839362541248,0.0005051551492542046,0.0001610545370565186
3.313320675413976,0.0006415462357823303,0.0006792891376003491,0.00016144758824153255
3.313992585501405,0.0006436084811343875,0.000678540003277412,0.00016184352315133283
3.314664451629445,0.0006456705915646811,0.0006297853991867729,0.00016224236126692924
3.3153363177574855,0.0006477327019953279,0.0006884826651897904,0.00016264416794732714
3.3160081838855255,0.0006497948124257448,0.0005599792698649894,0.00016304897299896634
3.31668004118135,0.0006518568957482681,0.0005695877884251459,0.00016345681528656355
3.3173518861162123,0.0006539189411320056,0.0005219630860203001,0.0001638677247452856
3.3180237310510745,0.0006559809865157093,0.0007424386231760951,0.00016428175531023692
3.3186955759859367,0.0006580430318995317,0.00048224104394797287,0.00016469893807458935
3.319367397742954,0.0006601050061451457,0.0007334771493524236,0.00016511652906609647
3.320039200295471,0.0006632471488253394,0.0007236339907224436,0.0001651174105698828
3.320711002847988,0.0006672177936004224,0.000437699839518409,0.0001647972651816082
3.321382805400505,0.0006711884383753743,0.000834352470228639,0.00016447686164040132
3.3220545792740572,0.0006751589136451393,0.0005535203282482862,0.00016415832940846787
3.322726339449576,0.0006791293079539618,0.0008183322069233111,0.00016384164484255632
3.323398099625095,0.0006830997022623754,0.0006402587411802207,0.0001635267794498059
3.3240698598006135,0.0006870700965709913,0.0006491964453159412,0.00016321371620845406
3.3247416354795716,0.0006910405825116103,0.0009901856756209717,0.00016290243478034235
3.325413414880669,0.0006950110904517865,0.00063628483114723,0.0001625929188149226
3.3260851942817666,0.0006989815983919337,0.0007398462529012003,0.0001622851583230561
3.326756973682864,0.0007029521063320507,0.0007170804394394173,0.00016197913658509737
3.3274287152667066,0.0007069223907557361,0.0008447698137436559,0.0001616748466662317
3.3281004542557313,0.0007108926598428819,0.0007908190211861165,0.00016137294982392178
3.3287721932447556,0.0007121760122040538,0.0005874019100892059,0.00016117584348716873
3.329443929466763,0.0007104199388798337,0.000638070607697265,0.00016109571650061593
3.330115626086808,0.0007086639690842216,0.0006551568933040171,0.00016101648052327839
3.3307873227068527,0.0007069079992887314,0.0008975829811796108,0.00016093736061255657
3.3314590193268976,0.0007051520294931035,0.0007121542552180325,0.00016085836199965863
3.3321307118252528,0.000703396070472762,0.0006622669530160014,0.00016077947668166772
3.3328023872628116,0.0007016401560530467,0.000833765565826732,0.00016070071313126918
3.333474062700371,0.0006998842416335076,0.0007879521250434278,0.00016062206152997666
3.33414573813793,0.0006981283272139015,0.00023666646933503553,0.00016054352891740125
3.3348174067185057,0.00069637243071995,0.0008951979356402752,0.0001604651127509432
3.3354890609749153,0.0006946165716726926,0.0005878903566137019,0.00016038681216482418
3.3361607152313244,0.0006928607126254706,0.0006526812064361441,0.00016030862840762383
3.336832369487734,0.000691104853578268,0.00045121551924043595,0.0001602307995411613
3.337503994977917,0.0006897735637349325,0.000731631573439189,0.000160189791380035
3.338175585698892,0.0006891628185073172,0.0008711266328386104,0.00016021066297638875
3.338847176419867,0.0006885520732796539,0.0009322374386017315,0.00016023195864945107
3.339518767140842,0.0006879413280518594,0.0009891749104919598,0.00016025325962634447
3.340190381355773,0.0006873305614588872,0.0007478292707875637,0.00016027457125256906
3.340862012484576,0.0006867197794842454,0.0007041629646700852,0.00016029588937487504
3.3415336436133796,0.0006861089975095984,0.000836496772282638,0.00016031721968345978
3.342205274742183,0.0006854982155351764,0.0006383877062416996,0.00016033855673558108
3.342876862149011,0.0006848874733213547,0.0003947939617650321,0.00016035989979230412
3.343548431694179,0.000684276747350981,0.0005853701767811709,0.00016038124982697987
3.344220001239347,0.000683666021380617,0.0005930222320749488,0.00016040261417566936
3.3448915707845144,0.0006830552954102475,0.0007403226414392435,0.00016042398101363735
3.345563122574867,0.0006824445855861189,0.0007628793758676113,0.00016044536641224917
3.3462346709455635,0.0006817093210686184,0.0005254241657353966,0.00016046837340966306
3.3469062193162595,0.0006806407057934981,0.0007812365653496134,0.00016049563904392964
3.3475777676869556,0.0006795720905186228,0.0007996431949858385,0.00016052294806339184
3.348249295584945,0.0006785035078211906,0.0008207959489491183,0.00016055026889564547
3.348920822782505,0.0006774349262383062,0.000511971115631867,0.00016057760211905754
3.3495923499800644,0.0006763663446554501,0.0007006598063337725,0.0001606049488120603
3.3502638711303963,0.0006752977726954202,0.0006749664619047022,0.00016063231027266175
3.3509353348165565,0.0006742292921764539,0.0008910277087714934,0.00016065968365849883
3.3516067985027163,0.0006731608116574403,0.000729461144836797,0.0001606870721084574
3.3522782621888765,0.0006720923311384097,0.0009029684737769004,0.00016071447038135152
3.352949734891011,0.0006710238362724625,0.0005658322897920666,0.0001607418854694306
3.353621238981361,0.0006699552914594763,0.0006821361298059498,0.0001607693155557952
3.3542927430717113,0.0006688867466466307,0.0010396617082905038,0.00016079677498317306
3.3549642471620613,0.000667896103524427,0.0009215038215861868,0.00016082622653915393
3.355635729643591,0.0006672854567296245,0.0005403267921009808,0.00016086506333473164
3.3563071721619537,0.000666674846277599,0.00038499271022644923,0.00016090399158632813
3.356978614680317,0.0006660642358255528,0.000523332003657212,0.0001609429432060144
3.3576500571986805,0.0006654536253734429,0.0007778858831919393,0.00016098192766996448
3.358321489583393,0.0006648430241369425,0.0005094466218422046,0.00016102093697459416
3.358992910935294,0.0006642324329336514,0.0008685284666231994,0.00016105997698340075
3.3596643322871946,0.0006636218417303807,0.0006499164742637825,0.00016109904238016402
3.3603357536390956,0.0006630112505270627,0.0007732616820046992,0.00016113813952186524
3.3610071493208205,0.0006624006826682625,0.0007061767469907911,0.00016117726058631818
3.3616785283438,0.0006617901299590807,0.0007564134106058099,0.00016121640915231375
3.3623499073667795,0.0006611795772498346,0.0006683963996521179,0.00016125558712680568
3.363021286389759,0.0006605690245403309,0.00036633646547858806,0.00016129480324277842
3.3636926343520215,0.0006599999999999257,0.0005461390781080513,0.00016133608078965824
3.3643639710514166,0.0006600000000000462,0.00040843576293730607,0.00016140290975363435
3.3650353077508113,0.000660000000000001,0.0008948128664618964,0.00016146999610625753
3.365706644450206,0.0006600000000000765,0.0005346113707129745,0.00016153716527950415
3.366378015937869,0.0006599999999999464,0.0007692643801191063,0.00016160442154952286
3.3670493930378154,0.0006599999999999889,0.0005390390431245751,0.0001616717599638395
3.367720770137762,0.0006600000000000366,0.0005139127070158892,0.00016173918756966902
3.3683921472377083,0.0006600000000000775,0.0006364893274672392,0.0001618066965995542
3.3690634635062366,0.0006600000000000003,0.0006013382599877234,0.00016187428184271136
3.36973477904584,0.0006600000000000176,0.0008684336833928777,0.00016194195683428585
3.3704060945854435,0.0006599999999999656,0.0005641924088785083,0.00016200971249979916
3.3710774052488377,0.0006600000000000551,0.0006834521818383008,0.00016207755359094495
3.37174867847286,0.0006600000000000799,0.0007766120739868625,0.00016214547755786
3.372419951696882,0.0006599999999999576,0.0007556251155100062,0.00016221307634481618
3.373091224920904,0.0006591184836817692,0.0006457419438827508,0.00016221930154951557
3.373762493023841,0.0006582028059240971,0.0006807546364486993,0.00016222273816663394
3.3744337450920727,0.0006572871500392403,0.0006790073007725728,0.0001622261535885125
3.375104997160305,0.000656371494154366,0.0004057244720531319,0.00016222957471807915
3.3757762492285366,0.0006554558382694646,0.00045872970221421647,0.0001622329958885561
3.3764474778945766,0.0006545402143076345,0.0005313093263066677,0.00016223641219302476
3.377118666503438,0.0006536246449878008,0.0007253258244454542,0.0001622398339056389
3.377789855112299,0.0006527090756680416,0.00077013486138158,0.00016224325191315932
3.3784610437211606,0.0006517935063483012,0.0005136331302848857,0.0001622466730472655
3.379132252330928,0.0006508779097453353,0.0004904456850898457,0.0001622500951151272
3.3798034813360958,0.0006499622853206867,0.0006166328057685774,0.00016225351367205263
3.380474710341264,0.0006490466608963467,0.000670524107105074,0.00016225693527247047
3.381145939346432,0.0006481310364718518,0.0009180164183474933,0.00016226061540266994
3.3818171301102633,0.0006476731472435529,0.0007413126249749272,0.00016230342188667496
3.3824882975686674,0.0006472917154076861,0.00037900513874359996,0.00016235306067467962
3.383159465027072,0.0006469102835717498,0.0008710874424993156,0.00016240278337706699
3.383830632485476,0.0006465288517358231,0.00045302206405649576,0.00016245255473838294
3.3845017841336706,0.0006461474288851476,0.00042326095082515544,0.00016250236883603926
3.3851729304429505,0.0006457660090685364,0.0006682204369543483,0.00016255222763049534
3.385844076752231,0.0006453845892519722,0.0008298207587131784,0.00016260213706365684
3.3865152230615108,0.0006450031694353224,0.0007876806376727533,0.00016265208794864598
3.38718635089487,0.0006446217601187688,0.000714610349687854,0.00016270208424685578
3.3878574760563582,0.0006442403523207663,0.0007719920453794185,0.00016275212558315998
3.388528601217847,0.0006438589445226735,0.0005981112666937906,0.00016280221532896243
3.3891997263793354,0.0006434775367245388,0.0005967652289972127,0.00016285235432896846
3.389870830402109,0.000643096140939875,0.00045557200239851727,0.0001629028170661286
3.390541934417139,0.0006436275606488407,0.0007255659149882219,0.00016299595114271605
3.3912130384321686,0.0006444666313655193,0.00073004013728658,0.00016310389533375207
3.3918841344873036,0.0006453056921300101,0.0007516248473561311,0.00016321215127861028
3.3925551750709517,0.0006461446835394605,0.0006640643416897494,0.0001633206135134959
3.3932262156546003,0.0006469836749488359,0.0007777115531908125,0.00016342929126677644
3.393897256238249,0.0006478226663583758,0.0008758139969248434,0.00016353818672548557
3.394568306959358,0.0006486616704424451,0.0005044888758863631,0.00016364730569243537
3.3952393879350673,0.0006495007123535195,0.0006274725392192064,0.00016375664523422985
3.395910468910777,0.0006503397542643768,0.0006959385965348159,0.0001638662052210681
3.396581549886487,0.0006511787961755705,0.0005997593627412476,0.0001639759847181853
3.397252607704625,0.0006520178091330223,0.0006759641601970437,0.00016408598421802616
3.397923627147144,0.0006528567741099247,0.0007269321445601748,0.00016419619855175753
3.3985946465896633,0.0006536957390869619,0.0007271637021444512,0.00016430671983068708
3.399265666032182,0.0006546806098044738,0.0004995424220208572,0.00016443058955823006
3.399936674868675,0.0006557484879120365,0.0004907715455497543,0.00016456184437413008
3.4006076731713972,0.000656816349255495,0.0007186550207099241,0.00016462762985225703
3.401278671474119,0.0006578842105988625,0.0004817997833465414,0.00016468621106810192
3.401949669776841,0.0006589520719422958,0.0010383016951721214,0.00016474481026478632
3.402620641574744,0.0006600198911044464,0.0007922562037186663,0.00016480347138810592
3.4032915976018674,0.0006610876851683865,0.0005852990398039287,0.00016486219515107753
3.4039625536289906,0.0006621554792321247,0.0004456450335690933,0.00016492097644894157
3.4046335096561138,0.0006632232732960286,0.0006941398132309629,0.00016497982628593488
3.405304433897974,0.0006642910167751887,0.000492682672673113,0.00016503873408253678
3.405975347654825,0.0006653587435680339,0.0010650671049348037,0.0001650977039689919
3.4066462614116766,0.0006664264703608294,0.0006150891218077101,0.00016515673828667923
3.407317175168528,0.0006674941971535112,0.0005647573776957139,0.00016521696515512687
3.4079881058061274,0.0006676789217493051,0.0006775290287713699,0.0001654471946815121
3.408659038817656,0.0006670688439939247,0.00038039067418716864,0.00016583266006548034
3.409329971829184,0.0006664587662385418,0.000380863390176694,0.00016622185934972686
3.410000904765615,0.0006658486885513368,0.0006204079545013775,0.00016661381601106433
3.4106717762575203,0.0006652386667357092,0.0005673442591927387,0.00016700851767735813
3.411342647749425,0.0006646286449198478,0.0005407162951808222,0.00016740603721403412
3.4120135192413303,0.0006640186231039787,0.0004711300768692543,0.00016780640561927634
3.4126843880764492,0.0006634086037040114,0.0006781750422326839,0.00016820965633629592
3.413355238437878,0.0006627986011021887,0.00045285766903576074,0.000168615820163041
3.4140260887993064,0.0006621885985003132,0.0006673582244803543,0.00016902493542320245
3.414696939160735,0.0006615785958984583,0.0007659294961445515,0.0001694370445922441
3.4153677842372985,0.0006609685981020546,0.000601641407850551,0.00016985217686653863
3.4160386134695817,0.0006603586147128331,0.00043253921269211843,0.00017026815781469754
3.4167094427018654,0.0006596857534365159,0.0008975641172696547,0.00017035228253233243
3.4173802719341486,0.0006589231875250716,0.0009911801276729845,0.000169963682287613
3.418051077437822,0.0006581606485872887,0.00046567174933978615,0.00016957463266185354
3.4187218432906548,0.0006573981547224476,0.0008384315777669074,0.00016918826790015268
3.419392609143488,0.0006566356608577715,0.0006678510368871945,0.00016880453248361923
3.4200633749963205,0.0006558731669928676,0.0007048837933949585,0.00016842339593380433
3.4207341609722257,0.0006551106502532527,0.0009181423989665666,0.00016804481736676
3.4214049672092353,0.0006543481104816384,0.0006846510878973214,0.00016766876939001664
3.422075773446245,0.000653585570710362,0.0008324597361136729,0.0001672952352871311
3.4227465796832544,0.0006528230309387767,0.0007808031627773914,0.00016692418830688743
3.4234173476579635,0.0006520605346619619,0.0005968927896627459,0.0001665556224371066
3.4240880923869743,0.0006512980648096627,0.0007178554086667948,0.00016618949645564763
3.4247588371159847,0.0006505355949574396,0.0005367381141463014,0.00016582636125479094
3.425429581844995,0.0006499319452677861,0.0004825078973541613,0.00016555416816453977
3.426100310819803,0.0006497032356832328,0.0003255191683230067,0.00016548926982106908
3.426771034426322,0.0006494745279291542,0.0003588141744434528,0.00016542582007711575
3.4274417580328405,0.0006492458201752386,0.0007918210783444611,0.0001653624472420377
3.428112481639359,0.0006490171124212133,0.0007004690981441977,0.00016529914752382922
3.428783168517046,0.000648788417191309,0.0005969047121697437,0.0001652359228951502
3.4294538498825715,0.0006485597238408813,0.0008075748821519837,0.00016517276980281055
3.4301245312480972,0.0006483310304905534,0.0005192959484423579,0.0001651096901387811
3.430795212613623,0.0006481023371401574,0.0008963791052726366,0.00016504668193983155
3.431465852042508,0.0006478736580896415,0.000601972296021068,0.00016498374724864597
3.432136491172361,0.0006476449791409842,0.0005148895890182896,0.00016492088979829983
3.432807130302214,0.0006474163001922948,0.0006301587450362441,0.0001648580999624187
3.433477771668413,0.0006471876204813634,0.00045207560465953953,0.00016479548586651545
3.434148430062355,0.000647013688345234,0.0005300334402810611,0.000164748593719856
3.4348190884562975,0.0006470899168510534,0.0004334475730043641,0.00016477121713739644
3.43548974685024,0.0006471661453569402,0.00039137200267277765,0.00016479431246106005
3.4361603955928266,0.0006472423727656108,0.0005667223840475704,0.00016481741789412647
3.4368310136068376,0.0006473185966817774,0.0005866495021125281,0.00016484053693282204
3.437501631620849,0.0006473948205979362,0.0004732549434504896,0.00016486366075188266
3.4381722496348606,0.0006474710445139949,0.0007234065554949751,0.00016488679504550206
3.4388428523598895,0.0006475472666923219,0.0005520189850065955,0.00016490993942618867
3.4395134281462068,0.0006476234858088396,0.0007517434198128775,0.0001649330921864862
3.4401840039325235,0.0006476997049252966,0.0005624049418364325,0.00016495625469897205
3.440854579718841,0.0006477759240415796,0.0007677518667961263,0.00016497942723331957
3.441525145268795,0.0006478521419946223,0.0004694626641479448,0.0001650026093409297
3.4421956999432592,0.0006479283587113985,0.0005978243464036677,0.00016502580279874592
3.4428662546177233,0.0006480091518966898,0.0006293035058486582,0.00016504956005828958
3.4435368092921874,0.0006481616026583222,0.0007669563067514396,0.00016508116028314337
3.4442073511410802,0.0006483140505037848,0.0006239867956217574,0.00016511283218285447
3.4448778847050208,0.0006484664964659125,0.00037798129017502593,0.00016514452210980913
3.445548418268961,0.0006486189424279138,0.0006417614026258215,0.000165176229969794
3.4462189518329014,0.0006487713883898295,0.000687906865724286,0.0001652079566417067
3.446889439164123,0.0006489238238408429,0.0005304846957917822,0.0001652396992454159
3.447559909404467,0.0006490762554064006,0.0007723413190448508,0.000165271462017146
3.4482303796448104,0.0006492286869716388,0.0005736049381037353,0.0001653032370202213
3.4489008498851543,0.0006493811185371577,0.0007836006883046908,0.00016533503536978817
3.4495713545374893,0.0006495335579260739,0.0006067578071980339,0.00016536685373541227
3.450241865153518,0.0006496859986708665,0.00045980054703877,0.00016539868915550762
3.450912375769547,0.0006498384394156274,0.000592274961452192,0.00016543054273525487
3.4515828863855753,0.0006499908801604063,0.0008614717942206142,0.0001654625334486129
3.4522533370967596,0.0006507164549861273,0.0006496931057634643,0.00016551228497893407
3.4529237862318958,0.0006514785021958708,0.0007512619494169265,0.00016556333426991427
3.4535942353670315,0.0006522405494055817,0.0007232104392652819,0.00016561443629614547
3.4542646804319674,0.0006530025919890137,0.0006104289445249196,0.00016566558570748987
3.4549350873606737,0.0006537645912260725,0.0008142778330969149,0.0001657167813258902
3.4556054942893804,0.0006545265904629941,0.0006773607387674712,0.00016576802022336395
3.4562759012180866,0.000655288589700185,0.0006870929741700909,0.00016581931114986672
3.456946303541204,0.0006560505837023096,0.00040233663192693314,0.0001658706498225953
3.457616689368688,0.0006568125589551783,0.0008700557135650365,0.0001659220308713504
3.4582870751961723,0.0006575745342079979,0.0005525695485686687,0.00016597346526430154
3.4589574610236564,0.0006583365094608425,0.000565614672771748,0.00016602494224232406
3.459627825332767,0.0006590984602554914,0.0006240074093019347,0.00016607646667593997
3.460298147864554,0.0006598603635649574,0.0009785566324690051,0.00016612788337232423
3.460968470396341,0.0006606223376109012,0.0006923174738425806,0.00016615585202072716
3.461638792928128,0.0006613843275299112,0.0007530618825651867,0.00016617841640879314
3.4623091340834096,0.0006621463386193606,0.0005569456774495824,0.0001662009512552809
3.462979496986635,0.0006629083744305288,0.00045821198016612495,0.00016622349986962175
3.4636498598898613,0.0006636704102420085,0.00048025533275883797,0.00016624605607682414
3.464320222793087,0.0006644324460532699,0.0007927178126178481,0.0001662686232023107
3.4649905498903815,0.000665194441162211,0.0007913500419201228,0.00016629119382928042
3.465660851326259,0.0006659564071004286,0.00045984791299998783,0.00016631377910802003
3.466331152762136,0.0006667183730386961,0.000509120446482451,0.00016633636829459738
3.467001454198013,0.0006674803389768066,0.0007033268193965405,0.00016635897212214203
3.4676717407888877,0.0006682422880400682,0.00054346243158501,0.00016638157985260417
3.4683420211301828,0.0006690042299991271,0.0006666787359697712,0.0001664042000610262
3.469012301471478,0.0006697661719579695,0.0009203772942728288,0.0001664268260358675
3.4696825818127737,0.0006699999999998682,0.0006183020747823805,0.0001664492198628907
3.470352844755739,0.0006699999999999004,0.0006760849877239054,0.000166471513739182
3.47102310400378,0.0006699999999999945,0.0008652945404514615,0.00016649381488451035
3.471693363251821,0.0006699999999999666,0.0003103748035884772,0.00016651612748452304
3.472363622499862,0.0006700000000000117,0.0007490493946344277,0.0001665384425445967
3.473033821905387,0.0006699999999999645,0.0008611434814273075,0.0001665607705968304
3.47370401788163,0.0006699999999999408,0.0009413556894472097,0.00016658310798048064
3.474374213857873,0.0006699999999999861,0.0009314765933138658,0.00016660545110506916
3.475044411114378,0.0006699999999998873,0.0007314851910326146,0.00016662780533266837
3.475714626369869,0.000669999999999898,0.0007189406727012302,0.0001666501650438717
3.4763848416253595,0.0006699999999998612,0.0004822923049175494,0.00016667253841323523
3.47705505688085,0.0006699999999999298,0.0006021596921597715,0.0001666949207249401
3.4777252645970576,0.0006699999999999369,0.0009374716541402477,0.00016671739645774655
3.4783954394853556,0.0006688786739463512,0.0007119185235050516,0.00016675266686073852
3.4790656143736536,0.0006668981616600025,0.0008132287952052871,0.00016679780696646584
3.4797357892619516,0.0006649176493736415,0.0008419552072359488,0.00016684304660889493
3.4804059511928895,0.0006629371753789335,0.0005038624404893805,0.00016688831998213258
3.481076083909279,0.0006609567877197148,0.000912868062767258,0.00016693362832920745
3.4817462166256683,0.0006589764000605076,0.000694599502983307,0.00016697897729736638
3.4824163493420572,0.0006569960124011232,0.0008398596204359651,0.0001670243597724306
3.4830864730452578,0.0006550156513779851,0.00047358005969252244,0.0001670697777147145
3.4837565846776832,0.0006530353260263013,0.00038475228294126263,0.00016711523659949283
3.4844266963101083,0.0006510550006746797,0.0007465199525488068,0.00016716072784286697
3.4850968079425333,0.0006490746753232707,0.0006933554121955481,0.00016720625628842685
3.4857668849421115,0.0006470944523191916,0.0006078677565792387,0.00016725181913993144
3.4864369333306033,0.0006451143138671915,0.0006877124713908342,0.00016729747946400066
3.4871069817190956,0.0006438334763446457,0.0006123074998247626,0.00016735231258389096
3.487777030107588,0.0006434526372015067,0.0006125624211655432,0.00016741892745002234
3.488447105433036,0.000643071782748098,0.0008031170238276344,0.0001674857061701406
3.4891171941850807,0.0006426909206632588,0.0006097098712662753,0.00016755256483218155
3.4897872829371255,0.0006423100585784174,0.0009018034062028916,0.00016761950785566248
3.4904573716891703,0.0006419291964934485,0.0007492636698484941,0.00016768652677237705
3.491127412086975,0.0006415483618921375,0.0005473056253461671,0.00016775362451218175
3.4917974393968088,0.0006411675347295275,0.0009710194381407282,0.00016782079692427427
3.4924674667066427,0.0006407867075668805,0.0003185577200931882,0.00016788805499251503
3.4931374940164766,0.000640405880404454,0.0004131124520478025,0.00016795539224934812
3.4938075022172597,0.0006400250641028983,0.0006160308167871069,0.00016802280700588696
3.4944775084497612,0.0006396442489201836,0.00044490980167909654,0.000168090303341149
3.4951475146822633,0.0006392634337375122,0.0005402457516016254,0.00016815781256831577
3.4958175198136607,0.0006390704204865871,0.0007465378379107076,0.00016821515825355787
3.4964874838954763,0.0006392988692527395,0.000802394237603251,0.0001682498129381286
3.4971574479772918,0.0006395273180190726,0.0006405059688933981,0.0001682843387013041
3.4978274120591077,0.0006397557667853698,0.000693642480101925,0.00016831888381687153
3.498497373077158,0.0006399842145067727,0.0006037979587869806,0.0001683534533262308
3.499167316085619,0.0006402126560874722,0.0005995282580146129,0.00016838803850459678
3.4998372590940803,0.0006404410976678663,0.0007791964567106543,0.00016842283584603496
3.5005072021025416,0.0006406695392483908,0.0004365290431171991,0.00016848553768115322
3.5011771283897333,0.0006408979751272312,0.0006845667830871309,0.0001685574382313923
3.501847008186085,0.0006411263951533212,0.0008979262130098787,0.00016862948286502978
3.5025168879824364,0.0006413548151793202,0.0007535389163125183,0.00016870162335625753
3.503186767778788,0.0006415832352053425,0.000594154431819328,0.00016877385231123555
3.503856663044661,0.0006418116605061932,0.0005802133967239687,0.00016884623766322363
3.5045265831997114,0.0006421336628392085,0.000806367801012019,0.00016892722208615394
3.5051965033547625,0.0006428951953561079,0.0008759366328591916,0.00016904720835255808
3.5058664235098136,0.0006436567278729,0.0004957432834890288,0.0001691677161800224
3.5065363128315146,0.0006444182253398679,0.0007797078824060564,0.0001692884715136625
3.5072061715598135,0.0006451796880297887,0.0008227352399376318,0.00016940948211974718
3.507876030288113,0.000645941150719602,0.0005022618067495029,0.0001695307538397556
3.508545889016412,0.0006467026134096403,0.0007652649590658948,0.00016965228691301562
3.509215734670585,0.0006474640612375521,0.0008542215219895543,0.00016977407928343423
3.509885572332157,0.0006482254999797043,0.0005343378876206954,0.0001698961357319882
3.5105554099937284,0.0006489869387219392,0.000923483229359472,0.00017001845146752414
3.5112252476553003,0.0006497483774642607,0.0008170834428106792,0.0001701410354906147
3.511895054177468,0.0006505097808086701,0.000528053314481619,0.0001702638739774846
3.5125648497095603,0.0006512711716603238,0.0005785656305414258,0.00017038693223474696
3.5132346452416523,0.0006519869764757659,0.0006422071940221691,0.0001705011826868892
3.5139044407737448,0.0006516824547517574,0.0005306093494431716,0.00017043896838895198
3.5145741821302496,0.000651377957658377,0.0005097804395794849,0.00017037564922948984
3.515243914478058,0.000651073464660991,0.0008540108639758746,0.0001703123992752512
3.5159136468258665,0.0006507689716636828,0.0007527842620706477,0.00017024922118539162
3.5165833791736745,0.000650464478666289,0.0005425796490780414,0.00017018611455633877
3.517253150880867,0.0006501599677740928,0.0006888442997751899,0.00017012307400220833
3.5179229235831277,0.0006498554564294936,0.0006067466459898334,0.00017006010373352368
3.518592696285389,0.000649550945084958,0.0006050956299008082,0.00016999720289984546
3.519262463267643,0.0006492464363412186,0.0009345746950899703,0.00016993437353154573
3.519932174556672,0.0006489419529181237,0.0006567653931876704,0.00016987161539644213
3.5206018858457013,0.0006486374694948724,0.0004890392965594128,0.0001698089270795808
3.5212715971347306,0.0006483329860719745,0.0007907305103741716,0.0001697463136449387
3.5219413039819534,0.0006480285046684382,0.0005450180041730687,0.00016968445749257
3.5226109942135277,0.0006480000000000148,0.0006531928040603364,0.00016972644173977107
3.5232806844451026,0.0006480000000000055,0.0005485416976256083,0.00016977988032507727
3.5239503746766774,0.0006480000000000598,0.0007360507242215797,0.0001698334400312142
3.5246200510700385,0.0006479999999999355,0.000719697860682028,0.00016988705458135958
3.5252896991906764,0.0006479999999999801,0.0005944987407725825,0.00016994071433697674
3.5259593473113138,0.0006480000000000652,0.0005261778867096051,0.0001699944244252952
3.5266289954319516,0.0006479999999999727,0.0008233866842941957,0.00017004818225761182
3.5272986247715816,0.0006479999999999567,0.00037664935037796986,0.00017010199339298346
3.527968230786578,0.0006479999999999587,0.0007535985344110732,0.00017015585654502475
3.528637836801574,0.0006479999999999444,0.0006161833344346624,0.00017020976407834185
3.5293074428165703,0.0006479999999999583,0.0005186469819047656,0.00017026372847089177
3.5299770597015976,0.0006479999999999683,0.0005723481039439078,0.0001703177410124932
3.530646685015964,0.0006479999999999041,0.0007287517137098634,0.00017037176807467664
3.5313163103303307,0.0006479999999999323,5.75113696864865e-05,0.00017041947705510332
3.5319859356446974,0.0006479999999999567,0.0004440886463648204,0.0001704652595873535
3.5326555191964633,0.000647999999999924,0.00046803896415789224,0.00017051106766949418
3.5333250831111127,0.0006480000000000035,0.000553105207333011,0.00017055691056744605
3.533994647025762,0.0006479999999999059,0.00036560406082421064,0.0001706027902296936
3.5346642109404116,0.0006480000000000295,0.0005831107574129379,0.00017064870834862495
3.5353337580771473,0.0006480000000000643,0.0006445918814445838,0.00017069466211728758
3.5360033009436087,0.0006479999999998912,0.0005464523695500898,0.00017074064822271596
3.53667284381007,0.0006479999999999792,0.0003982831397574748,0.00017078667660931008
3.5373423866765314,0.0006479999999999879,0.0005877649283925264,0.00017083274182075182
3.5380119103074117,0.0006479999999999329,0.0006630080162256839,0.0001708788397355641
3.5386814321270084,0.0006479999999999783,0.0005386890867986702,0.0001709249796367435
3.5393509539466046,0.0006479999999998886,0.0006744009375458014,0.000170971128709908
3.540020473831839,0.0006477604717937387,0.0003760463763052737,0.00017101330241657767
3.5406899325187786,0.0006473800110714399,0.0007905099595774618,0.0001710531184765347
3.541359391205719,0.0006469995503489973,0.0005424282894870979,0.00017109295521890787
3.542028849892659,0.0006466190896267682,0.0008089883450726358,0.000171132815430729
3.542698314509441,0.0006462386255344564,0.0006674744389155155,0.00017117270366186397
3.5433678135429463,0.0006458581418826956,0.0001515990251960282,0.00017121261955904297
3.5440373125764513,0.0006454776582310048,0.00040636592887023236,0.00017125256943286164
3.5447068116099563,0.0006450971745793623,0.0009290432555077641,0.0001712925410987884
3.545376294487111,0.0006447167001094935,0.000724333376293551,0.00017133254106036693
3.546045732132478,0.0006443362513454374,0.0007703452771504673,0.00017137256826664122
3.546715169777845,0.0006439558025813659,0.000679414947924412,0.00017141262252334414
3.5473846074232123,0.0006435753538172029,0.0007409067932831487,0.00017145270490846794
3.548054029103969,0.0006431949141259102,0.00057254504891757,0.00017149269834493806
3.548723424670158,0.000643148425449717,0.0006521306291860754,0.00017151518526666468
3.549392820236347,0.0006434527999254206,0.0008896021056269794,0.00017151926455281918
3.550062215802536,0.0006437571744014389,0.0007348613890013455,0.0001715232251450379
3.550731600947509,0.000644061544138971,0.0006282998119215716,0.00017152718358212835
3.5514009754760925,0.0006443659090490338,0.0008163288135786258,0.0001715311471588048
3.552070350004676,0.0006446702739591402,0.0004966556712837804,0.00017153510592039607
3.5527397245332595,0.0006449746388692608,0.0005994333453228396,0.00017153906405506153
3.5534090862043395,0.0006452789979329141,0.0006524243903667887,0.0001715430272155436
3.5540784396966396,0.0006455833532779475,0.0005579517910740212,0.00017154698716187803
3.55474779318894,0.0006458877086228469,0.0006807769945253902,0.00017155095207544815
3.5554171466812408,0.0006461920639677274,0.0004694501434913161,0.00017155491132651914
3.556086454303673,0.0006464963984554968,0.0006060701407296983,0.00017155887207383032
3.5567557446950566,0.0006468007251085911,0.0007601334841017358,0.00017156297236939116
3.5574250350864403,0.0006469999999999115,0.00048735675471705446,0.00017158822957830564
3.558094325477824,0.0006469999999999068,0.0005542061147902691,0.00017165330445471387
3.5587636321338256,0.000646999999999947,0.0006591280705794067,0.0001717187221087485
3.559432941835318,0.000647000000000045,0.0008123746056337812,0.00017178421198658247
3.5601022515368106,0.0006469999999998739,0.0008281410649008339,0.00017184977945346207
3.5607715612383033,0.0006469999999998815,0.0006906884243958237,0.00017191541998068307
3.561440812183569,0.0006469999999998954,0.000631495218704443,0.00017198113238906396
3.562110060514284,0.0006470000000000041,0.0004598944786035374,0.00017204691813036823
3.562779308844999,0.0006469999999999849,0.0005148765506621602,0.00017211277692908553
3.5634485556509525,0.0006469999999999912,0.00030706688930131633,0.00017217871510244646
3.5641177829533155,0.0006469999999999757,0.0006043174989430735,0.0001722447238519365
3.5647870102556785,0.0006469999999999293,0.0005378270792655409,0.00017231081344113602
3.565456237558041,0.0006469999999998532,0.000650700485777983,0.00017237714031249996
3.566125460917836,0.0006467724580850702,0.0005934987193525748,0.00017246925133214186
3.566794667193168,0.0006456315062630042,0.0006616912995400743,0.0001726624472048613
3.5674638734685002,0.0006444905544410441,0.0006922844537699816,0.00017285696850151695
3.5681330797438324,0.0006433496026190966,0.0005473816704022824,0.00017305214236076013
3.5688022669478476,0.00064220868331224,0.0007214595344398863,0.00017324798181369522
3.569471410150016,0.0006410678390258417,0.0007884049229070615,0.0001734444647298511
3.5701405533521835,0.0006399269947393462,0.0008410500995083162,0.00017364162299855388
3.570809696554351,0.0006387861504527802,0.0007159991170144007,0.00017383944770638806
3.5714788478084114,0.0006376452924385036,0.0008453261216977825,0.0001740379559077374
3.5721480103256895,0.0006365044152210357,0.0005638510329436798,0.00017423715146118926
3.5728171728429676,0.0006353635380035405,0.0006065394139188283,0.00017443702634354036
3.5734863353602457,0.0006342226607860155,0.0006370659242885381,0.00017463759006433542
3.574155476453493,0.0006330818200950665,0.0002764428292441554,0.00017483873960346332
3.5748245986339144,0.0006320668610634413,0.000476654192761185,0.0001750236373609389
3.575493720814336,0.0006333599242746929,0.0003422037846945547,0.00017493192670395651
3.5761628429947576,0.0006346529874855509,0.0005178127418420688,0.00017483851667990575
3.5768319380383344,0.000635945998255238,0.0004688399556553196,0.00017474526152095473
3.577501018179226,0.0006372389802259288,0.0006876774640858662,0.00017465215758057882
3.5781700983201175,0.0006385319621963374,0.0005756879183149896,0.00017455920051397738
3.578839178461009,0.0006398249441670494,0.000740826787284241,0.00017446639102343002
3.579508242635876,0.0006411178952835966,0.0002524289005192034,0.0001743737362363615
3.5801773017589835,0.0006424108366377029,0.0005142673449905384,0.00017428122309853558
3.580846360882091,0.0006437037779918521,0.0003937954847889101,0.00017418885639202132
3.581515420005198,0.0006449967193462025,0.0010370378235137478,0.00017409664117731873
3.5821844240482097,0.0006462895542594132,0.0003346985945179448,0.00017400457669368798
3.5828534201258866,0.0006475823737797385,0.0007772802024920785,0.00017391265773375795
3.5835224162035635,0.0006488751933001124,0.0009024267836770372,0.00017382147327157978
3.5841914122812404,0.000649343494135684,0.0007440940456627458,0.0001738184672702824
3.5848604481800903,0.0006497237145829883,0.0006440986199859778,0.00017382546181892862
3.585529484590983,0.0006501039353210697,0.0005658012936279075,0.0001738325190219647
3.5861985210018754,0.0006504841560592174,0.0006895798275006572,0.00017383957745458818
3.5868675512272747,0.0006508643732822057,0.000515675156084411,0.00017384663063199632
3.5875365262924483,0.0006512445591569135,0.00035281288141514224,0.0001738536921156409
3.588205501357622,0.0006516247450317078,0.00031666657441552725,0.00017386075170898544
3.5888744764227956,0.0006520049309063937,0.0005728013499131296,0.00017386780870163405
3.589543442480528,0.0006523851116620522,0.0004421775554869982,0.00017387487147697692
3.590212375524655,0.0006527652736558288,0.0008257676425608712,0.00017388193552558728
3.590881308568782,0.0006531454356496023,0.0007440935769872714,0.00017388899509975726
3.591550241612909,0.0006535255976431879,0.000705151766475335,0.00017389605896102686
3.5922191677738655,0.0006539057557251579,0.0004654682968794956,0.00017390332218045144
3.5928880798094482,0.0006529134345368124,0.0005347495287218133,0.00017394097299317808
3.5935569918450314,0.0006514687001187594,0.0008116915997394663,0.00017398884859569052
3.5942259038806146,0.0006500239657007244,0.0007542713359043888,0.00017403683296696583
3.5948947881382476,0.0006485792912780655,0.0006808789798007081,0.00017408485552145787
3.5955636371561157,0.0006471346929674119,0.0006028649785007488,0.00017413291200033028
3.5962324861739843,0.0006456900946566414,0.000516452911645733,0.00017418100703190637
3.5969013351918524,0.0006442454963458929,0.0005097477838904071,0.0001742291429486197
3.5975702065353885,0.0006428008498156014,0.0009351741253421132,0.00017427732489972615
3.598239095882225,0.000641356164401395,0.0009321833738021822,0.0001743255452270656
3.598907985229061,0.0006399114789869654,0.000696301675957647,0.00017437380079031548
3.5995768745758974,0.000638466793572615,0.0004990454026313924,0.00017442210242914603
3.6002457230595333,0.0006370221964156416,0.0005805872085833287,0.00017447043712287582
3.600914551074135,0.0006355776434685183,0.0007027479216151967,0.00017451877758052403
3.6015833790887375,0.0006352281081431089,0.000723718535674755,0.00017456192256397375
3.6022522071033394,0.0006356082104476065,0.00045147188690439774,0.0001746015868626385
3.602921002400847,0.00063598829415833,0.0006965066371807348,0.00017464125616080715
3.603589788412873,0.0006363683725921356,0.0005884558659649661,0.0001746809497417525
3.6042585744249,0.0006367484510258948,0.0006130733097289611,0.0001747206670355398
3.604927360436926,0.0006371285294596192,0.0008170338221945814,0.00017476041773225546
3.6055961277310615,0.000637508597255704,0.0006864831874811642,0.0001748001933308877
3.6062648927437784,0.0006378886637551571,0.0008389023420841503,0.00017483999588374175
3.6069336577564948,0.0006382687302549238,0.0008933564187751304,0.00017487982320495298
3.6076024226154226,0.0006386487966671908,0.0006342791291762763,0.00017491968025530298
3.6082711456334757,0.0006390288393007073,0.00042152461070109435,0.0001749595592715302
3.6089398686515293,0.0006394088819342453,0.000742540037148589,0.0001749994709801509
3.609608591669583,0.0006397889245678794,0.0005289427994281463,0.00017503942625283754
3.6102773098285126,0.0006400675857758498,0.0007530571807219338,0.00017508219614657063
3.6109459908571764,0.0006402195932842851,0.0005434433148731762,0.00017512848931362142
3.61161467188584,0.0006403716007923534,0.0004078650966592251,0.0001751748358158744
3.612283352914504,0.0006405236083006666,0.0007815075327177652,0.00017522122331154244
3.6129520383416773,0.0006406756168086926,0.0009096844856564709,0.00017526764483728155
3.6136207387011297,0.0006408276287112728,0.0009566708854868278,0.00017531410589614833
3.614289439060582,0.0006409796406139784,0.0007000980601593392,0.00017536060037536978
3.6149581394200347,0.0006411316525163925,0.0006801854037774542,0.0001754071378759941
3.6156268189869083,0.0006412836596924647,0.00053848894656722,0.00017545370517667956
3.616295458031455,0.000641435657656657,0.0009200950243231524,0.00017550030896364426
3.616964097076002,0.0006415876556207517,0.0004641870498686841,0.00017554694884496403
3.617632736120549,0.0006417396535850619,0.0006795939635595438,0.00017559362732128166
3.6183013657052108,0.0006418916493986935,0.0007538551233579224,0.00017564035286668874
3.6189699837596763,0.0006419345286712698,0.00030716215882848144,0.00017568835762843597
3.6196386018141418,0.0006417065129656373,0.000985290752568237,0.00017573943854923244
3.6203072198686073,0.0006414784972597874,0.0006308578293195615,0.00017579059124304202
3.6209758143268274,0.0006412504896010334,0.000636311620401167,0.0001758417816365431
3.6216443904050832,0.0006410224882102389,0.0005318156191158457,0.0001758930169491222
3.622312966483339,0.0006407944868194174,0.00037166915963519014,0.00017594429703011874
3.622981542561595,0.000640566485428533,0.0006134217173712453,0.00017599562032020698
3.623650076250123,0.0006403384984936724,0.0008234661416999839,0.00017604698851938035
3.624318589373946,0.0006401105185719486,0.0012788408392407102,0.00017609840163388933
3.624987102497769,0.0006398825386501271,0.0003554843450726146,0.00017614985493866206
3.625655615621592,0.0006396545587285426,0.0008685537212739212,0.00017620135658476602
3.626324160362958,0.0006394265680243719,0.000569986171319574,0.0001762529049008901
3.6269927138060387,0.0006391985743527726,0.00038749593771237787,0.0001763045001461186
3.6276612672491195,0.0006390294159747412,0.0007554330716934236,0.00017635621551323813
3.628329820692201,0.0006392573837321904,0.0006986081410869432,0.00017640847775387888
3.6289983192767834,0.0006394853327834759,0.0006405180857023754,0.0001764607817850303
3.62966681141843,0.0006397132796380654,0.0005600545774191377,0.0001765131319866435
3.6303353035600767,0.0006399412264923745,0.0003355828478821879,0.00017656552923659723
3.6310037955839105,0.00064016917330661,0.00040686927720669187,0.00017661797191617057
3.631672266744698,0.000640397113006849,0.0005804836155368996,0.00017667046580730405
3.632340737905485,0.0006406250527069068,0.0005279079100942581,0.0001767230034593716
3.6330092090662722,0.0006408529924073075,0.0006180056226064389,0.00017677558788594132
3.6336776753511075,0.0006410809304447037,0.0007777063344798529,0.00017682821613006122
3.634346104554127,0.000641308855838036,0.00040192743809460557,0.0001768808878189768
3.635014533757146,0.0006415367812311726,0.0007246854422905159,0.00017693361192639827
3.635682962960165,0.0006417647066243612,0.0008033008601965262,0.000176986381457678
3.636351377906336,0.0006419926271561925,0.0003898438613441157,0.00017703956583256088
3.637019744182578,0.0006422940748812081,0.00041101668966940735,0.0001771488677459532
3.6376881104588197,0.0006425979813385164,0.0007163998146309758,0.0001772606302679202
3.6383564767350616,0.0006429018877959671,0.0006142909368260137,0.00017737261215295335
3.6390248565792334,0.0006432058004224918,0.0002002533209792497,0.00017748481228423445
3.639693263170485,0.0006435097252110831,0.0006736183125073544,0.00017759722569316336
3.6403616697617363,0.0006438136499997559,0.0006174429171020139,0.00017770985991830983
3.6410300763529877,0.0006441175747881669,0.00040107300903323895,0.0001778227038284994
3.6416984555846073,0.0006444214871363371,0.000825177147757458,0.00017793575929611838
3.6423668008878898,0.0006447253840573416,0.0007795084394802641,0.00017804902541523847
3.643035146191172,0.0006450292809781813,0.0008736640915459905,0.00017816250647414465
3.6437034914944544,0.0006453331778991123,0.000563966306475554,0.00017827620505879424
3.644371825131748,0.0006456370695154014,0.0005322042106550223,0.00017839012148111242
3.645040149463387,0.0006459409569004168,0.0006274837657618795,0.00017850419127678733
3.645708473795026,0.0006463672246839638,0.0009892719623870322,0.0001786093071453047
3.6463767981266644,0.0006468230039508235,0.0009248560994032568,0.00017871232818808633
3.6470450945260486,0.000647278764168596,0.0005480512519245714,0.0001788155106334978
3.647713376918349,0.0006477345148341678,0.0005487862659661732,0.00017891886673515313
3.648381659310649,0.0006481902654994652,0.0006833300698305749,0.00017902240738848342
3.649049941702949,0.0006486460161648012,0.00043530447191461445,0.00017912612809613802
3.6497181753161683,0.0006491017335641923,0.0007377577411626887,0.0001792300157732617
3.6503863948093285,0.0006495574413340196,0.0005350622590502122,0.00017933408931774028
3.651054614302489,0.000650013149103726,0.0005486597210636873,0.00017943833794708392
3.6517228337956498,0.0006504688568736719,0.0007020080775657981,0.0001795427738511203
3.6523910889494653,0.0006509245889630861,0.000773065154159399,0.00017964739549543716
3.653059348753387,0.0006513803242236811,0.000790778645853538,0.00017975220083198113
3.6537276085573085,0.0006518360594844131,0.0006404141860289285,0.00017985701306473542
3.65439586836123,0.0006516595727973343,0.0007789800735328275,0.0001799348371998428
3.655064067279591,0.0006511279301026147,0.00044539494914974003,0.0001799973527058327
3.6557322658090032,0.0006505962877174633,0.0006268192521573151,0.0001800598317712263
3.656400464338415,0.0006500646453318726,0.0004426471176439067,0.00018012237445246245
3.657068658563907,0.0006495330063711214,0.0005666506281038006,0.00018018498366784513
3.657736815169767,0.0006490013973415267,0.0006559599366554423,0.00018024765519509013
3.6584049717756275,0.0006484697883122099,0.0005720260911731302,0.00018031039200967265
3.6590731283814875,0.0006479381792827858,0.0006205095967323908,0.0001803731897563573
3.6597412805559046,0.0006474065737791037,0.0003797403611904699,0.00018043605723274
3.6604094162019614,0.0006468749814260239,0.0004999378808039423,0.00018049899065706356
3.661077551848018,0.0006463433890729186,0.0007686798406356786,0.00018056198395365565
3.6617456874940753,0.0006458117967198995,0.0006316631267106084,0.00018062504868423838
3.662413816431983,0.0006452802097039714,0.0004482803434603766,0.00018068799184862
3.6630819311195517,0.0006447126919453812,0.0005951621475032823,0.00018072336394692198
3.66375004580712,0.0006441051078257952,0.00043344589428958734,0.0001807279953168794
3.664418160494689,0.0006434975237061287,0.00026083562244737056,0.00018073242297065106
3.6650862482379143,0.0006428899640896737,0.0007731655803227053,0.0001807368522806952
3.6657543000579067,0.0006422824371418265,0.0007881493282282204,0.00018074128195593407
3.666422351877899,0.0006416749101942058,0.000786113537994641,0.0001807457119078725
3.6670904036978915,0.0006410673832462786,0.0002791939644438638,0.00018075014216730012
3.6677584659049747,0.0006404598468523304,0.0005803660731067905,0.00018075457249926586
3.668426537077036,0.0006398523023056759,0.0004200251501137684,0.00018075900236676405
3.669094608249097,0.0006392447577591155,0.000907349147503958,0.00018076342766849395
3.6697626794211584,0.00063863721321264,0.0008152898657703355,0.00018076785961641126
3.6704307111035535,0.0006380297045778107,0.0006271500416477991,0.00018077228971438152
3.671098721018401,0.000637422215738801,0.0006866776509259351,0.00018077670867757095
3.6717667309332485,0.0006368379044632335,0.0008291000856679172,0.00018077867031482332
3.672434740848096,0.0006363064121463511,0.0007180998568893197,0.00018077512239974636
3.6731027349962866,0.0006357749323739834,0.0007633205688422754,0.00018077153154563404
3.673770723960533,0.0006352434567260661,0.0006189780140262573,0.00018076794189326813
3.6744387129247795,0.0006347119810782276,0.0004627023965124297,0.00018076435267113528
3.675106701889026,0.0006341805054303147,0.0003806360558346893,0.00018076076909835024
3.6757746548068995,0.0006336490584622498,0.0007821430678288535,0.00018075718052653153
3.676442601873886,0.0006331176161496234,0.0008836818890281438,0.00018075359214677657
3.6771105489408726,0.0006325861738365635,0.0008404289866501969,0.00018075000407604425
3.677778496007859,0.0006320547315234994,0.0006622627014664555,0.00018074642130678963
3.678446382256128,0.0006315233376001577,0.000568089312589127,0.00018074283505910347
3.6791142664870784,0.0006309919452820653,0.0007031010849161836,0.00018073924765655145
3.6797821507180286,0.0006304605529636612,0.000441821756755682,0.00018073573260774333
3.6804500379745093,0.0006299089073810375,0.00027360233393763163,0.00018074364427831492
3.6811179625065087,0.0006292255697898419,0.0008915155671289237,0.00018082284270106566
3.6817858870385085,0.0006285422321988566,0.0006283571762372961,0.00018090262421384233
3.6824538115705083,0.0006278588946079794,0.00041416266357897376,0.00018098251129803638
3.683121724948247,0.0006271755684284822,0.0005414033796630158,0.00018106250128652456
3.683789588236479,0.0006264922934943709,0.00039898309773588546,0.00018114259077777102
3.684457451524711,0.0006258090185606156,0.0006338807849111258,0.00018122279204222392
3.6851253148129426,0.0006251257436266404,0.0006936199505084309,0.00018130309415558536
3.6857931659896916,0.0006244424810836038,0.000804069322037589,0.0001813835028777832
3.6864609873964267,0.000623759248997541,0.00039041926118159857,0.00018146401697856989
3.6871288088031617,0.0006230760169115474,0.0004648091466495969,0.0001815446321054459
3.687796630209897,0.0006223927848255609,0.00106474514667955,0.0001816253588916007
3.6884644433249574,0.0006217095612225212,0.00045285989710407127,0.00018170619494737637
3.6891322437929137,0.0006210263505586333,0.0006877687170850094,0.00018178664334553358
3.68980004426087,0.0006208540476789182,0.000599853625797156,0.00018179418408767288
3.6904678447288264,0.0006207022403435003,0.000496766787799688,0.00018179831151277092
3.6911356136238784,0.0006205504401854352,0.00046471434838678917,0.00018180241235672473
3.6918033512833763,0.0006203986471280046,0.0005796887284632193,0.000181806519485182
3.692471088942874,0.0006202468540706546,0.0004505518920837864,0.00018181062647393102
3.6931388266023717,0.0006200950610133353,0.000573858792778156,0.00018181473415062533
3.693806588802975,0.0006199432623771581,0.0006450329819087641,0.00018181883645680295
3.694474366759273,0.0006197914601593058,0.0005333044001826136,0.00018182294427179148
3.6951421447155717,0.0006196396579413744,0.001015379683478179,0.00018182705235988142
3.6958099226718697,0.000619487855723617,0.0006058899931684798,0.0001818311611591994
3.6964776568356275,0.0006193360634609968,0.0006917191891798862,0.00018183527017993583
3.6971453735615976,0.000619184275162214,0.000893605152700772,0.00018183937375632663
3.697813090287568,0.0006190324868635069,0.0005125244838535784,0.0001818434699149259
3.698480807013538,0.0006195965071759666,0.0007658416866645978,0.0001818452910084875
3.6991484893526776,0.0006203554095846716,0.0007434684726263807,0.00018184647747762324
3.6998161642155303,0.0006211143034958661,0.000744773209389719,0.00018184778284755204
3.700483839078383,0.0006218731974066864,0.0007430688937981745,0.00018186735958160505
3.7011515139412356,0.0006226320913177641,0.0005124197282759363,0.0001818939814931332
3.7018191693946525,0.0006233909631675257,0.0002804102218208629,0.00018192066265515204
3.7024868233279147,0.0006241498332892394,0.0006243344796000941,0.00018194735493237346
3.7031544772611773,0.0006249087034112605,0.0005953464980062276,0.0001819740539199988
3.703822129109917,0.0006256675711639419,0.0007039357660100912,0.00018200077022801348
3.7044897202622806,0.0006264263699275928,0.000607643097057244,0.00018202749260938988
3.705157311414644,0.0006271851686912756,0.0007370785725153894,0.0001820542325376434
3.705824902567007,0.0006279439674549945,0.0007364063742457788,0.00018208097829284354
3.7064924964051125,0.0006287027692714092,0.00039163502554603093,0.0001821077553461433
3.7071601069250772,0.0006291846570081993,0.0007624097940859568,0.00018213692152570647
3.707827717445042,0.0006294882198226552,0.0006641501236758242,0.00018216764634431006
3.708495327965007,0.000629791782637263,0.00035074001495958874,0.00018219839557368514
3.7091629235548544,0.0006300953386629269,0.0009294534470677379,0.0001822291631444154
3.7098304728598444,0.0006303988736432721,0.0004890857016200262,0.0001822599404016897
3.710498022164834,0.0006307024086232352,0.0005540938705586863,0.00018229073353377869
3.7111655714698237,0.0006310059436034274,0.0006469178540209286,0.00018232154209161863
3.7118331134705995,0.000631309475262335,0.00037307425839677656,0.00018235236656069474
3.71250064185387,0.0006316130007293591,0.0008165917766950735,0.00018238320643487345
3.71316817023714,0.0006319165261961559,0.0007617364171047781,0.0001824140618851179
3.71383569862041,0.0006322200516635573,0.0008930610209018294,0.00018244493300335275
3.714503207999188,0.0006325235684889102,0.0005925165122820218,0.00018247581884543336
3.7151706945429535,0.0006328270749314242,0.0003182454006341403,0.00018250678077462738
3.7158381810867183,0.0006330979248986816,0.0005212888283250947,0.0001825469937548471
3.7165056676304835,0.0006333255288579003,0.0008213155535303484,0.0001825994237407172
3.7171731424794903,0.0006335531288289138,0.0008091220154565872,0.00018265198279331
3.71784060810547,0.0006337807256555828,0.0006512139393680704,0.00018270458590554682
3.718508073731449,0.0006340083224817366,0.0007800805560794398,0.00018275723302024448
3.7191755393574284,0.0006342359193080133,0.0006102897568253586,0.00018342394652749863
3.719842963331798,0.0006344635019317749,0.003349238630279668,0.004033787215642424
3.720510366212286,0.0006346910773627086,11944.688443574969,10351.865300221752
3.7211777690927734,0.0006349186527936342,12188.712695234946,22855.50608488554
3.721845171973261,0.0006351462282245681,2631.563395542908,6753.696433361446
3.7225125897365845,0.0006353738087303134,-4929.297844048907,8985.769630628547
3.7231800119910106,0.0006356013907674396,2716.2005596328513,11424.378759930194
3.723847434245436,0.0006358289728048122,10103.257203046636,8220.742861117835
3.7245148564998622,0.0006360188537569136,-3394.2147025169943,8489.805573824813
3.725182225370639,0.000636094716990933,-10986.172886345303,12915.403185596908
3.7258495864273518,0.0006361705793369373,-7388.226492665746,40487.75668019421
3.72851898932699,0.0006364740240224759,-186610691.17785445,246989344.5656275
3.7291863294737815,0.0006365498839916375,2508.3082815965668,89588.36625070113
3.730520964587599,0.0006367015987935725,25983.061282984327,29745.777540112816
3.731188262918478,0.0006367774540092145,15288.641472264995,25349.767484757824
3.731855561249357,0.0006368533092246996,4937.680419354993,19556.105729900893
3.732522851878539,0.0006369291635650188,26446.743465706913,48866.159059391284
3.747868312746324,0.0006443672347086431,20529.9557651916,37937.49752503632
3.7498696936245026,0.0006455047707311361,-14781.712163306009,39094.51501468909
3.7505368232323826,0.0006458839509107653,-305005.0040625512,446542.79458135297
3.751203878561307,0.000645579105650022,14046.806264290666,20113.228859757633
3.751870926106719,0.0006449725609396052,-16345.526729059842,12465.653521990684
3.7525379736521307,0.0006443660162289738,3377.2186025447922,12909.196387762611
3.7532050210419876,0.000643759471660003,-16386.83979678396,12096.49189768073
3.753872047697119,0.0006431529459447958,13541.508504455107,43001.07560301149
3.7545390743522504,0.0006425464202300846,-15878.496596859588,14887.107905133145
3.755206101007382,0.0006419398945146197,17408.31136441706,12549.651876347674
3.7558731230829943,0.0006413333729637351,-99.87828035478796,23716.529087811796
3.7572070928399857,0.0006401203975085962,91337.77968483814,48367.10838084584
3.7765463304213656,0.0006511983591060502,30994.252566472223,36298.761551587406
3.777213101783169,0.0006518381641171325,-31181.659834247763,23470.775509503554
3.7785466509755565,0.0006491098297839708,-17455.500448337632,10689.341024111933
3.7792134243477893,0.0006477456651216343,7399.111299813134,17220.771327829643
3.7798801378056557,0.000646381623039043,-3215.3407672990766,10971.811443268498
3.780546851263522,0.0006450175809566305,7932.024111215733,9449.48272803066
3.7812135647213885,0.0006436535388742518,-1760.5583517927328,6171.691671230553
3.7818802731556844,0.0006422895070695065,-2551.7940551306724,4362.47745066513
3.7825469448761364,0.0006409255503783765,-2520.9793709838127,3789.1900854119795
3.7832136165965884,0.0006395615936875416,4049.24345576968,3728.1149693018033
3.7838802883170404,0.0006381976369961869,4284.130340081389,3511.5896479889016
3.7845469554372304,0.000636833689716914,3399.3519418877536,2756.941333786915
3.7852136062909345,0.0006354697757176708,2028.3903506528502,2556.638791536443
3.785880257144639,0.0006341058617182787,-922.9466604072869,3063.2733856715317
3.786546907998343,0.0006326719049711722,1014.0139094360867,2795.8960242587996
3.787213538795277,0.0006312320976344784,-4228.294490005804,2601.6217528491516
3.787880127056575,0.0006297923821671825,-1345.2086312103595,2822.4890305265617
3.788546715317873,0.0006283526667001537,-276.43125992548676,2323.9679901006316
3.7892133035791713,0.0006269129512329223,-425.37297146375994,1889.1142214575934
3.7898798999898595,0.0006254732181645502,-87.47016747786732,2049.621699651243
3.790546507652437,0.000624033460793841,-38.73867096992152,2056.6548374996323
3.7912131153150144,0.0006225937034233793,1599.718268621316,2478.8848457466197
3.791879722977592,0.0006211539460529732,-39.457110018116346,3684.790882181618
3.7925462988923115,0.0006197142572519197,2667.961019630888,3763.048016624325
3.793212845431868,0.000618274631896796,3815.7026843807935,3696.7034644985183
3.793879391971425,0.0006168350065410482,-1095.9938997513786,3534.692015280126
3.794545938510982,0.0006153953811858349,1913.6994664509373,3478.896287339474
3.795212472143578,0.000614670284966889,-5574.859434078242,5163.6355507531825
3.7958789978242224,0.0006142157323317499,2672.404636814949,4537.43902116884
3.796545523504867,0.0006137611796966656,3621.2051718734474,5168.373602810473
3.7972120491855117,0.0006133066270614961,-1420.6718745379017,3863.858687077717
3.797878544914837,0.0006128520948524542,-194.23522632969127,3407.0378445827228
3.7985450288815734,0.0006123975706649928,-7697.077057647785,4276.5745428442515
3.79921151284831,0.0006119430464776374,881.0284865916586,2622.4640000649165
3.7998779968150465,0.0006114885222902962,-110.32554491936553,2705.706179528762
3.800544429668348,0.0006110340329608544,500.8576552745446,2491.3278460656597
3.801210851074011,0.0006105795514384912,2103.8275884956697,2418.388817833325
3.8018772724796746,0.0006101250699161103,-3274.7420936881144,2693.652131966661
3.8025436938853376,0.000609670588393618,2904.088021316483,2772.7834369146753
3.803210152153721,0.000609216081731936,-5760.59133317727,2748.2863413381897
3.8038766138179367,0.0006088410485028505,-2554.2840444245307,2639.9973289603868
3.8045430754821523,0.0006085380425177735,-2518.6384837567202,2578.1092408033487
3.8052095362810463,0.0006082350369261635,-4403.3327881574205,2357.6625546852156
3.8058759368356285,0.000607932058724413,954.4034393936721,1719.7188245562434
3.8065423373902108,0.0006076290805228007,-1856.6431891867085,1705.2215826564875
3.807208737944793,0.0006073261023210285,-1152.1909243083473,1656.0579543278134
3.807875133801196,0.0006070231262552361,-1479.133399828059,1706.8922455671388
3.80854149265753,0.0006067201670119187,2841.6903819842755,1854.077132174628
3.8092078515138637,0.000606417207768306,-1168.844300926446,1852.7358526194682
3.8098742103701975,0.0006061142485244815,-1056.634987932535,1795.946283878955
3.8105405604319076,0.0006058112932792707,-4009.352145612067,1899.1290646159991
3.8112068775952115,0.0006055083529915826,-404.5186860769108,1911.0210582393802
3.811873194758515,0.000605205412703516,-1017.3839540769593,1982.6542247018958
3.812539511921819,0.0006050731540030103,1604.4248172863688,2195.736320330804
3.813205809765929,0.0006053003784582488,-2010.464925888962,2131.9635276168788
3.813872064399469,0.0006055275881775414,-124.23824320723855,2106.409642431882
3.814538319033008,0.0006057547978967258,3111.420231573881,1867.2368235059735
3.815204573666548,0.0006059820076162134,-959.0957785120872,1686.003931620698
3.815870844667893,0.00060620922291736,-1818.4331933861895,1703.3820331828101
3.8165371395551273,0.0006064364463640619,2798.1250776793104,1709.7503410764812
3.8172034344423618,0.0006066636698108829,1457.5287044950553,1634.4014780826806
3.8178697293295962,0.0006068908932579931,-2126.90137455802,1935.3804706953133
3.818535993416095,0.000607118106200799,448.10107592890046,1849.5954628936884
3.819202227208988,0.0006073453088129642,1201.8490094674041,1873.8437391080236
3.819868461001881,0.0006075725114252506,-3465.0109345201063,1684.9040300320055
3.820534694794774,0.0006077997140369605,-257.02483164728096,1579.928330899844
3.8212009035110293,0.0006080717467706891,148.34142845009356,1901.6946263941948
3.8218670956265406,0.0006086775136409638,1765.3642334930244,1773.0909976052806
3.8225332877420515,0.0006092832805109439,0.001527980926072069,0.004336108331973707
3.8231994798575624,0.0006098890473813445,0.0002956548978771854,0.0001914941620342438
3.823865657408724,0.0006104948010081293,0.0008623712153126264,0.00019087031840033544
3.824531828687499,0.0006111005489316025,6.593387915911346e-05,0.00019088871867916705
3.8251979999662744,0.0006117062968550553,0.0007109054251587803,0.00019090712771798713
3.8258641712450494,0.0006123120447783866,0.0007000756817820505,0.00019092553588879327
3.8265303093489127,0.0006129177625359301,0.00032199689243712736,0.00019094395560591802
3.827196438958126,0.0006135234725691438,0.0008235024460335099,0.0001909623759357807
3.82786256856734,0.0006141291826024498,0.0007380450672621454,0.0001909808030606139
3.828528698176554,0.0006147348926360976,0.0005951197985640268,0.00019099923564279664
3.8291947719739676,0.0006153405519198464,0.0005914605751647764,0.00019101767034166272
3.8298608390886124,0.0006159462051271398,0.00038770706606255456,0.0001910363338623047
3.830526906203257,0.0006162069704000628,0.0007014360191955637,0.00019108828070320695
3.8311929733179024,0.0006164341161704983,0.0004008530526312255,0.00019114374095916234
3.831859080263162,0.0006166612755245027,0.0004771568854928915,0.00019119927070610686
3.8325251876260364,0.0006168884350207391,0.00036675265730301077,0.00019125484727804427
3.833191294988911,0.0006171155945171103,0.001014612884984481,0.00019131047394864374
3.833857395303097,0.0006173427516094657,0.0009216816707081456,0.00019136615137214913
3.83452342076121,0.0006175698831740344,0.0005937883040709308,0.00019142186987530243
3.835189446219323,0.0006177970147387889,0.0006901262787925268,0.00019147763719147242
3.8358554716774362,0.000618024146303335,0.0005337127207418733,0.0001915334533765991
3.8365214933373917,0.000618251276573013,0.0009717331920551083,0.00019158931625986211
3.8371874979691927,0.0006184784010352886,0.0009391060515111474,0.00019164523004803466
3.8378535026009937,0.0006187055254976067,0.0005693600687342244,0.00019170119128522498
3.8385195072327947,0.0006189326499600937,0.0006138901876902287,0.00019175725941652098
3.8391855002627437,0.0006185207430820452,0.0006597511275084313,0.00019182224038181492
3.8398514632458283,0.0006178394897464469,0.0005762089002127128,0.00019189107366417477
3.8405174262289123,0.0006171582364104563,0.00035113634146208516,0.00019196000310966503
3.8411833892119964,0.0006164769830747295,0.000615001109501871,0.00019202900969338596
3.8418493288018394,0.0006157957536695042,0.0005525824655645008,0.000192098088395859
3.8425152293216143,0.000615114564231139,0.00040494589566651213,0.00019216723347891562
3.843181129841389,0.0006144333747927727,0.0007474433286063162,0.0001922364577967177
3.843847030361164,0.0006137521853545808,0.00042937302349994877,0.00019230575341163558
3.844512949799057,0.0006130709765637609,0.0006919594681889055,0.0001923751273051088
3.8451788905622037,0.0006123897459582033,0.0008291157206121961,0.00019244457980525904
3.84584483132535,0.0006117085153525517,0.0006369290920562867,0.00019251410352488248
3.846510772088496,0.000611027284746891,0.0005694576677143094,0.00019258370648518564
3.8471766783179944,0.0006103460894677244,0.0002473609224348069,0.00019265327587105423
3.84784255801927,0.0006101116928911839,0.0007636289139500068,0.0001927070885250398
3.8485084377205454,0.0006103387489385762,0.0007553455065975025,0.00019274460300002408
3.849174317421821,0.0006105658049858801,0.0007697687083567024,0.00019278202892424566
3.8498401696031745,0.0006107928516493352,0.00043000854690291353,0.00019281947674632948
3.850506007671356,0.000611019893500265,0.0006383099569651405,0.00019285694310077134
3.851171845739538,0.0006112469353510426,0.0008846907857134017,0.0001928944329643636
3.85183768380772,0.0006114739772018306,0.0005613741840780004,0.0001929319425048688
3.8525034903958275,0.0006117010083185803,0.001100696551369124,0.00019296947288064634
3.8531692868361214,0.0006119280359749372,0.0008773635462245758,0.00019300702969874962
3.853835083276415,0.000612155063631426,0.0007417627480691266,0.00019304460390219774
3.854500879716709,0.0006123820912878067,0.0003938886471345716,0.00019308219952841117
3.855166623015054,0.0006126091008236916,0.0007225782667619468,0.00019311981221895497
3.8558323570232744,0.0006128361071912902,0.0010581749589864003,0.0001931574989144597
3.856498091031495,0.0006132314426901783,0.0006451658087167085,0.00019320247107326057
3.8571638250397156,0.000614063893990998,0.000975736783294584,0.00019326607770133128
3.857829597105553,0.000614896392879489,0.0007091726162612054,0.00019332987651919035
3.858495371352287,0.000615728894495062,0.00029190487037792355,0.0001933937390982199
3.8591611455990207,0.0006165613961111014,0.0009608045266528207,0.00019345766733482335
3.8598269173866018,0.0006173938946518399,0.0005224394796742672,0.0001935216548563789
3.8604926305867333,0.0006182263199333974,0.000521945417847684,0.00019358570234174905
3.8611583437868644,0.0006190587452149732,0.0005225202457958599,0.000193649816036164
3.861824056986996,0.0006198911704964308,0.0007525159134766891,0.000193713987603113
3.8624897645792227,0.0006207235887656597,0.0004609282526845275,0.00019377822667490563
3.8631554361670775,0.000621555962014141,0.0005381726877322764,0.0001938425267674239
3.8638211077549323,0.0006223883352624727,0.0004578051076149721,0.00019390688858625363
3.8644867793427866,0.0006232207085109353,0.0010049583168169312,0.0001939713146433125
3.8651524461664013,0.0006239710528531148,0.0002531954907075069,0.0001940352768502733
3.8658180969500684,0.0006235170968742094,0.001033732029824143,0.00019409229248775332
3.866483747733736,0.0006230631408953067,0.000724925023665318,0.00019414931131745206
3.867149398517403,0.00062260918491636,0.0005487947464116992,0.00019420637812815654
3.8678150291368367,0.0006221552426892497,0.00045014499383383205,0.0001942634955849585
3.868480617515743,0.0006217013292686347,0.0006926840512694256,0.0001943206608377058
3.869146205894649,0.0006212474158482084,0.0008453482062167182,0.00019437787127373618
3.8698117942735553,0.0006207935024276083,0.0004737574077747182,0.00019443513608671293
3.8704773907541936,0.0006203395834820627,0.0004997555922007511,0.0001944924509374062
3.871142998567768,0.0006198856568075906,0.0005202767971382022,0.0001945498181864857
3.871808606381342,0.000619431730133489,0.000522130512504966,0.00019460723521334524
3.8724742141949164,0.0006189778034586537,0.0008614245659342327,0.0001946647038958767
3.8731397802455834,0.0006185239052656266,0.0005870452163264828,0.0001947222181377989
3.873805306231428,0.0006180700343953484,0.000623368732824906,0.00019477981766148842
3.8744708322172734,0.0006176161198929323,0.0004098802431970018,0.00019484271714698595
3.8751363582031186,0.0006171621974287265,0.0004238966359190136,0.00019490667520338182
3.875801871633726,0.0006167082835282415,0.00039377919118464887,0.0001949706968758868
3.876467376824484,0.0006162543752476022,0.0005394271088085873,0.00019503477968023483
3.8771328820152413,0.0006158004669667341,0.0008451665209256898,0.0001950989292106721
3.8777983872059987,0.0006153465586863057,0.0006952479721134186,0.00019516313970574116
3.8784638634102273,0.000614892670175707,0.0004406359025312692,0.00019522741579457747
3.879129327014708,0.0006144387902592766,0.0004384302054740609,0.00019529174733709688
3.8797947906191883,0.0006139849103428465,0.00041096943044701583,0.00019535614501876153
3.8804602542236686,0.0006135310304263242,0.0009102181319926144,0.00019542060594131047
3.881125717828149,0.000613077150509421,0.0006774627721392589,0.0001954851287519455
3.8817911814326296,0.0006126232705925776,0.0004390635482696645,0.00019554971897518174
3.88245664503711,0.0006121693906760306,0.0007732568578733424,0.00019561428981989317
3.88312210864159,0.0006118577715475403,0.000893224768183991,0.00019566654917112697
3.8837874988137613,0.0006116308824230871,0.0006979809982192707,0.00019571141597413496
3.884452879261278,0.0006114039966148195,0.000552261252088626,0.00019575626292371167
3.8851182597087943,0.0006111771108063799,0.0008509700677542867,0.00019580114471305152
3.8857836401563106,0.0006109502249976284,0.0004923453318889969,0.0001958460532325225
3.8864490395707665,0.0006107233327219366,0.0009130250478740462,0.00019589099800586496
3.8871144394598707,0.0006104964402842127,0.0006203296219528306,0.00019593597025104064
3.887779839348975,0.0006102695478463678,0.0007598446970626179,0.0001959809728751899
3.888445235097109,0.0006100426568207024,0.0008432380672964095,0.00019602601049956652
3.8891105739739364,0.000609815785187576,0.0005022882216079809,0.00019607107382692458
3.8897759128507636,0.0006095889135540676,0.000528670140125656,0.00019611616241395588
3.8904412517275913,0.0006093620419205087,0.0006024697526095113,0.00019616128605748045
3.891106583947445,0.0006091351725570512,0.000468600070078271,0.00019620648954394023
3.8917718812587774,0.0006090305616344933,0.0005438928793989585,0.00019625896041651616
3.89243717857011,0.0006091061807875896,0.0004644311023757976,0.00019632209597990826
3.8931024758814425,0.0006091817999412225,0.000635161658701406,0.00019638536268836815
3.893767773192775,0.0006092574190944853,0.0011909237788651139,0.00019644869104466623
3.8944330705041077,0.0006093330382477733,0.0006104557814858073,0.00019651207808486
3.8950983678154403,0.0006094086574010129,0.0008203098331528971,0.00019657553047684682
3.895763665126773,0.0006094842765544849,0.00034689071357925155,0.00019663904311176982
3.896428933826599,0.000609559892455863,0.0005156800552152491,0.00019670261142316602
3.8970941480225196,0.0006096355021621562,0.0007106706301861863,0.00019676623924423856
3.8977593622184408,0.0006097111118684978,0.0004600388553072463,0.00019682993053619824
3.898424576414362,0.0006097867215746019,0.0007168210074811126,0.0001968936815306101
3.8990897990851607,0.0006098623322441029,0.0005278503547917828,0.00019695749668800783
3.8997550327281965,0.0006099379441610834,0.00045571876991954704,0.0001970213851024251
3.900420266371232,0.0006100542304745236,0.0006042237635295654,0.00019708732443022493
3.9010855000142675,0.000610356712522036,0.0007260054947973999,0.00019716216723665627
3.901750701505791,0.0006106591799503393,0.0008022628403287334,0.00019723715378510887
3.9024158741517936,0.0006109616342623838,0.0011036597231625297,0.00019731221966684306
3.9030810467977957,0.0006112640885745174,0.0004328272491284557,0.0001973873758299728
3.903746219443798,0.0006115665428867559,0.0005078055045577432,0.00019746261577494444
3.9044113663982,0.0006118689855169354,0.0006453940514943671,0.00019753793784099282
3.9050764974994743,0.0006121714209387779,0.0004462774939540773,0.0001976133460034249
3.9057416286007482,0.0006124738563604166,0.0004936871060661174,0.00019768883713055572
3.9064067597020222,0.0006127762917821118,0.000451775086515299,0.00019776441904720233
3.9070718613321294,0.0006130787138033571,0.0004564773344720405,0.00019784008530512537
3.9077369508938644,0.0006133811303370121,0.0008205294755240365,0.0001979158326774638
3.908402040455599,0.0006136835468705773,0.00047230581908111116,0.0001979916693417615
3.909067130017334,0.0006139859634042274,0.00046171303265208074,0.00019806780474443218
3.9097321863394203,0.0006137116679522353,0.0005725271576085727,0.0001981756525586702
3.9103972343668043,0.0006134093046753047,0.000565462144186145,0.00019828542757500088
3.9110622823941883,0.0006131069413984117,0.000315876102362382,0.000198395394948132
3.9117273304215723,0.0006128045781218045,0.0005358550224092344,0.00019850554341135923
3.912392395778707,0.0006125022069656694,0.000384695930240248,0.00019861587775180464
3.9130574632587245,0.0006121998348449335,0.00028012534947951113,0.00019872640167245857
3.9137225307387418,0.0006118974627240447,0.00024990975895921246,0.00019883710633771247
3.9143875982187595,0.0006115950906027556,0.0006996110191552686,0.00019894799975676453
3.915052605863366,0.0006112927456861992,0.0010711466096363573,0.00019905906471145337
3.915717612361586,0.0006109904012905008,0.0003095862963795271,0.00019917031566651374
3.9163826188598065,0.0006106880568948539,0.0006172233293771511,0.00019928175508732626
3.917047622387684,0.0006103857138496293,0.00047584764049338657,0.00019939337777463042
3.917712587361927,0.000610083388332759,0.00042855575336568104,0.00019950479002774367
3.9183775523361697,0.0006096715568923914,0.000604036970129017,0.00019955715734080185
3.9190425173104124,0.0006092180170670308,0.0004941475298526969,0.00019958666512929333
3.919707475574343,0.0006087644818181533,0.0008101524023387197,0.00019961603402920223
3.9203723990297936,0.0006083109703103458,0.0007100940474815603,0.00019964541264066407
3.9210373224852444,0.000607857458802936,0.0003867482351175435,0.00019967480405350027
3.921702245940695,0.0006074039472953055,0.0006765398428877183,0.00019970421171273267
3.9223671589569333,0.0006069504429076537,0.000886449013881546,0.00019973362911267613
3.9230320408987764,0.0006064969597143936,0.0006575365538812491,0.0001997630584894095
3.923696922840619,0.0006060434765211713,0.0006056495357441018,0.00019979250188546303
3.924361804782462,0.0006055899933279071,0.0009342704689206338,0.0001998219575839588
3.925026693360787,0.0006051365056081394,0.0005701412575320673,0.00019985142484451742
3.9256915947607744,0.000604683009143583,0.0004099142694383029,0.0001998809061581729
3.926356496160762,0.0006042295126788675,0.0006970505276720619,0.00019991060217261128
3.927021397560749,0.0006038506944482607,0.0004676622557192281,0.00019997053342504323
3.927686272719511,0.000603548409766361,0.0009192572603790698,0.00020006151621589606
3.92835111315293,0.000603246140871796,0.0006862963766105043,0.00020015282238774465
3.9290159535863483,0.0006029438719771427,0.0004903403634086087,0.00020024424975939234
3.929680794019767,0.0006026416030823313,0.0005051084421722112,0.0002003358080210346
3.9303456128808216,0.0006023393439959374,0.00033014707464232496,0.00020042748563368394
3.9310104118109983,0.0006020370939708075,0.0004797455488496868,0.0002005192891004244
3.931675210741175,0.0006017348439459579,0.0005219265021543161,0.00020061121679660121
3.9323400096713517,0.0006014325939208072,0.0008069678179205347,0.00020070327097891757
3.9330047833339106,0.0006011303553834522,0.00042545718936184984,0.0002007954530876152
3.9336695407660267,0.0006008281242255864,0.0005995615809678531,0.00020088775418123994
3.934334298198143,0.0006005258930674729,0.0008269476148472704,0.00020098018343110482
3.934999055630259,0.0006002236619094564,0.000832866913172633,0.00020107268200839467
3.935663813062375,0.0005999803576878315,0.00034689413746073696,0.0002011562712431804
3.9363285704944913,0.000599904799898345,0.0005015817295822067,0.00020121463243340313
3.9369933279266074,0.0005998292421087616,0.0005496785742574203,0.00020127287413584263
3.937658085358723,0.0005997536843193408,0.0007233349203362239,0.00020133116628620452
3.9383227775165643,0.0005996781339490788,0.0009375127133779831,0.00020138950676760922
3.9389874519680994,0.0005996025855912074,0.00031196030541036926,0.00020144789595731344
3.939652126419635,0.0005995270372335744,0.0006311569824486854,0.00020150633400685197
3.9403168008711704,0.0005994514888759105,0.0007586277507978568,0.0002015648205194382
3.9409814923546,0.0005993759385823221,0.0005481822098813646,0.0002016233627411582
3.9416461862711576,0.0005993003880117341,0.0005252827777694512,0.00020168195724326005
3.942310880187715,0.0005992248374418917,0.00030352915510891624,0.00020174060066496945
3.9429755741042722,0.0005991492868713737,0.0007896718068481545,0.00020179929609502443
3.9436402093201313,0.0005990737429733475,0.0003147566637938229,0.00020185803589272298
3.9443048422891445,0.0005990144069924528,0.000591380039137347,0.00020191671534265055
3.9449694752581577,0.000599618824834234,0.0004587343034013064,0.00020197185832477197
3.945634106100647,0.0006002232407417215,0.0005824344686760263,0.00020202701842838699
3.946298697592316,0.0006008276208637606,0.00036981378497371356,0.0002020822258882856
3.9469632890839845,0.0006014320009859785,0.0006477303507166664,0.0002021374708652859
3.9476278805756535,0.0006020363811079821,0.000559908127527434,0.00020219276710712917
3.948292466296049,0.0006026407559814276,0.0006719949672923272,0.00020224810632135778
3.9489570163155494,0.0006032450983886378,0.0005544062589576393,0.00020230348730235684
3.9496215663350505,0.0006038494407956697,0.0004330170759417856,0.00020235891388535154
3.950286116354551,0.0006044537832029781,0.00044763604827043274,0.00020241438851561843
3.9509506569690624,0.0006050581170570481,0.0002284253926712238,0.00020246990653211268
3.951615165521571,0.0006056624217544405,0.0009834188582866913,0.00020252547037381426
3.9522796740740795,0.0006062667264513476,0.0009861436404015387,0.0002025810750171132
3.9529441826265876,0.0006068710311483348,0.0005706089354677984,0.00020263679243260637
3.953608697296907,0.0006071188218452328,0.00021281537295978463,0.00020270235588421017
3.954273225319931,0.0006072698852739442,0.0006536471865916862,0.00020277069825366416
3.9549377533429544,0.0006074209487028899,0.0007828247738298269,0.0002028391326045577
3.955602281365978,0.0006075720121312984,0.0010474615879509403,0.0002029076356330121
3.9562667849327626,0.0006077230700007709,0.0006734216827525827,0.00020297620224990213
3.956931252023453,0.0006078741195779305,0.0007540101334793377,0.0002030448373889783
3.957595719114144,0.0006080251691555688,0.000695835149708868,0.00020311354124506804
3.9582601862048348,0.0006081762187326919,0.0006581148038138301,0.00020318231583308074
3.958924633042902,0.0006083272637061773,0.0006100335239148473,0.00020325116090835597
3.959589058676949,0.0006084783038592545,0.0008284727298952031,0.00020332006753600795
3.9602534843109956,0.000608629344012628,0.001061458247033335,0.00020338904621723861
3.9609179099450422,0.000608780384165509,0.0009349464769629111,0.00020345809569987137
3.9615823117262767,0.0006089314188965613,0.0008469642430121739,0.00020352713487749988
3.9622466959088523,0.0006088350820010791,0.0005738541524474968,0.0002035844549295089
3.9629110800914273,0.0006085329862037837,0.0006276149872726804,0.00020363198647171455
3.963575464274003,0.0006082308904063306,0.0007053231792663054,0.00020367948458781447
3.9642398210145946,0.0006079288070866441,0.0007123176524987873,0.000203727009553945
3.9649041637508704,0.0006076267301346705,0.0006918173471580235,0.00020377457215601976
3.965568506487146,0.0006073246531830781,0.0004480109588391653,0.0002038221659651396
3.966232849223422,0.000607022576231326,0.0006183864932838392,0.00020386979512705217
3.9668972065381687,0.0006067204926505531,0.0007112703261049388,0.00020391745522349748
3.967561568750445,0.0006064184068430449,-2.478248800731348e-05,0.00020396515304845704
3.968225930962721,0.000606116321035394,0.0001015630704811895,0.00020401288236200478
3.968890293174997,0.0006058142352277998,0.0005208289823976466,0.00020406064113749013
3.9695546045387227,0.0006055121725412768,0.0006002948018832917,0.00020410843298176737
3.9702189058338693,0.0006052101144327415,0.0009151813303655928,0.00020415630243551455
3.9708832071290163,0.0006051149165316017,0.00043365639375398513,0.00020421104037858054
3.9715475084241634,0.000605492446251529,0.0005082426879664212,0.0002042812729128701
3.972211771561,0.0006058699542855066,0.0004625542927510165,0.00020435167130785107
3.972876031420188,0.0006062474604569397,0.0006887543052722515,0.00020442214111529046
3.973540291279376,0.0006066249666285304,0.000809109158889809,0.00020449268598378005
3.9742045508553456,0.0006070024726386521,0.00022349098547217616,0.00020456330451428404
3.974868769283743,0.0006073799552647313,0.0006604515181497639,0.00020463399324557315
3.975532987712141,0.0006077574378905745,0.0009641324182749537,0.00020470475346535285
3.9761972061405384,0.0006081349205160196,0.0005609223174060376,0.00020477558703089157
3.9768614207358524,0.000608512400963697,0.0008342198469486508,0.00020484649282974355
3.977525597738628,0.0006088898600468738,0.0006887649478695647,0.00020491746977377345
3.978189774741403,0.0006092673191301875,0.0006490352156837598,0.00020498852011286385
3.9788539517441786,0.0006096447782132803,0.0005654704240986503,0.00020505964971170897
3.9795181322142383,0.0006100444785341213,0.00037731341515317003,0.00020513170879298914
3.9801823286984916,0.0006107994188434492,0.000868189422049247,0.00020521618121054224
3.980846525182745,0.0006115543591532079,0.00047069518067794963,0.00020530083917381627
3.981510721666998,0.000612309299462335,0.0006765053118478649,0.0002053856027932208
3.9821749021228614,0.0006130642215535462,0.0005825541127305327,0.0002054704690120853
3.9828390377051814,0.000613819092640389,0.0002394502551110421,0.00020555543598882686
3.9835031732875015,0.0006145739637275231,0.0004922514050158482,0.00020564050876816216
3.9841673088698215,0.0006153288348145928,0.0005855074345424831,0.00020572568675858828
3.9848314300235237,0.0006160836895015674,0.0005769979411894416,0.0002058109672940647
3.985495524190554,0.0006168385135149908,0.0006951192033604919,0.00020589635152153883
3.9861596183575845,0.0006175933375283131,0.0003603123790488837,0.00020598184858037957
3.9868237125246146,0.0006183481615417308,0.0008527457703964117,0.00020606744407610775
3.987487788746584,0.0006191029651587092,0.00044260215663612394,0.0002061531486004907
3.98815184150349,0.0006198577421041771,0.00013841065916225548,0.00020623883805621966
3.9888158942603957,0.0006203062943391735,0.0004076778432098941,0.00020630714631232158
3.9894799470173017,0.0006206837257119241,0.0004368521991710692,0.00020637134329247518
3.9901439783236885,0.0006210611448923371,0.0005720146180289387,0.00020643557468480954
3.9908079896756337,0.000621438552731305,0.0005787667797001368,0.00020649985995537358
3.9914720010275793,0.0006218159605703846,0.0007943904084002812,0.00020656420855216917
3.9921360123795244,0.0006221933684092384,0.0005258922969112913,0.00020662861829208787
3.99279997384459,0.0006225707478939359,0.00045689214680436454,0.0002066930796761949
3.9934639024021026,0.0006229481086745739,0.00032697802890055145,0.00020675759982620356
3.994127830959615,0.0006233254694552226,0.0004894792181780141,0.000206822185557082
3.9947917595171276,0.0006237028302357447,0.0005925510418620176,0.0002068868269292274
3.9954557298722113,0.0006240802147733594,0.0007736879643771541,0.0002069515308958487
3.9961197193126727,0.0006244576101583849,0.00048207717459413047,0.00020701630000153194
3.996783708753134,0.000624835005543611,0.0007067922474627063,0.00020708123117964722
3.997447698193595,0.0006252123767863247,0.0008506528917086446,0.00020716110905638822
3.998111593812481,0.0006255896759560543,0.0008194977341815114,0.00020725268997886002
3.9987754614870448,0.000625966959244822,0.0007940095418465876,0.0002073444595110541
3.9994393291616084,0.0006263442425332742,0.0004826376507287583,0.00020743635820957162
4.0001031968361715,0.000626721525821916,0.000377006954225222,0.0002075286549120228
4.000767062461295,0.0006270988079455946,0.0008895512719394579,0.000207622549285593
4.001430927737428,0.0006274760898710148,0.0002873813476181887,0.00020771657736306617
4.002094793013561,0.0006278533717967246,0.0005216163177729207,0.0002078107344267136
4.002758658289694,0.000628230653722376,0.0008840257265889253,0.00020790502281268374
4.003422562372445,0.0006286079577022405,0.0005000369736210116,0.00020799944027180697
4.004086469031527,0.0006289852631459219,0.0007600488451800465,0.00020809399252135527
4.00475037569061,0.0006293625685897959,0.00045506105631591145,0.00020818867434304223
4.005414278884857,0.0006297398720644097,0.000694901802433701,0.0002082835549564437
4.006078022417861,0.0006300000000000142,0.0006967264297513716,0.00020839019667947682
4.006741765950866,0.0006299999999998777,0.0005121073703184957,0.0002085226283357689
4.007405509483871,0.000630000000000168,0.0007512388359182416,0.0002086554823808138
4.008069261414426,0.0006300000000000026,0.0005684453195342277,0.0002087885959375009
4.008733085312769,0.0006300000000001189,0.0006981530302617096,0.00020892197322176204
4.009396909211111,0.0006299999999998354,0.0006219252105645463,0.00020905561113424934
4.010060733109452,0.0006300000000000845,0.0006426807610495591,0.00020918950131800453
4.010724526426435,0.0006299999999999144,0.0005918912824214804,0.00020932364631374786
4.011388187224191,0.0006300000000000294,0.0008411135656557656,0.0002094580210919186
4.012051848021947,0.00063000000000006,0.0004374589023320431,0.00020959265648924972
4.012715508819704,0.0006300000000001808,0.0003799643708969645,0.00020972755003718308
4.013379180157245,0.0006299999999999407,0.0003396607149210385,0.00020986270820123665
4.0140428799531565,0.0006300000000000195,0.0005772229940967977,0.0002099980857749804
4.014706579749069,0.0006299658288255298,0.0002140843908751008,0.00021012607847999343
4.015370279544981,0.0006293623282153916,0.000584053083786768,0.00021013948779754398
4.0160339939227265,0.000628758814346295,0.0007979175743424709,0.00021015213369455612
4.016697735080959,0.0006281552761256961,0.0010424491912230302,0.0002101647888849143
4.017361476239191,0.0006275517379048382,0.0006066974163122918,0.0002101774369913273
4.018025217397424,0.0006269481996841424,0.0006225447293754089,0.00021019009237158658
4.018688887608432,0.0006263447259754954,0.00065282897930873,0.0002102027510495794
4.019352465691563,0.0006257413360388128,0.0007094332778933921,0.00021021540445930473
4.020016043774694,0.0006251379461018643,0.0005361954229928151,0.0002102280639319442
4.020679621857825,0.00062453455616462,0.0005091343667682019,0.0002102407261970431
4.021343241511646,0.0006239311284278711,0.0007980973729758941,0.0002102533898178299
4.022006899950393,0.0006233276654235594,0.00037232824779521594,0.00021026605650000899
4.022670558389139,0.0006227242024195197,0.0005006764089350959,0.0002102787250019228
4.023334216827885,0.00062212073941546,0.0005440135682608974,0.0002102916404498447
4.023997777540354,0.0006208537425251569,0.0003344028876036317,0.0002103415707276529
4.0246612729294755,0.0006194208700091634,0.0004055253178638678,0.0002104010223923262
4.025324768318596,0.0006179879974932931,0.0006632362581439093,0.00021046058778198412
4.025988263707717,0.0006165551249775463,0.000521386767871879,0.00021052020333021712
4.026651785667942,0.0006151221950794125,0.0006819128610599981,0.00021057987374071942
4.02731532006611,0.0006136892383206174,0.0006016038279785771,0.00021063959641137893
4.027978854464278,0.0006122562815615878,0.0007591928722611803,0.000210699363578509
4.028642388862447,0.0006108233248026773,0.0006699878028386871,0.0002107591856990259
4.029305923260615,0.0006093903680435206,0.00040578103248882795,0.00021081905834617113
4.029969457658783,0.0006079574112847474,0.00044186795089822683,0.0002108789795483704
4.030632992056952,0.0006065244545257944,0.0009514774655438891,0.0002109389537720542
4.031296526455121,0.0006050914977670343,0.0004003540965147345,0.00021099897904544931
4.031959923312399,0.0006036588380387732,0.0006702545299559077,0.00021105909221192095
4.032623294699142,0.0006027148956583305,0.0006585341576728603,0.00021112677569895652
4.033286666085885,0.0006021870339205423,0.0008089999648448528,0.0002112009467033688
4.033950037472628,0.0006016591721829171,0.000451603020862293,0.00021127524124118927
4.03461352138486,0.0006011312209055807,0.0006846354080384325,0.00021134962107282915
4.035277014446472,0.000600603262348067,0.0006252884719494155,0.00021142408923144936
4.0359405075080845,0.0006000753037903794,0.00041060125145869005,0.00021149862918725927
4.036603999614626,0.0005995473459927097,0.0007577085592580834,0.00021157324870205702
4.037267329677543,0.0005990195171373605,0.0007824136592998955,0.0002116479272109478
4.03793065974046,0.0005984916882820385,0.0004921814539355622,0.00021172268915224405
4.038593989803376,0.0005979638594266775,0.00029295224645198834,0.00021179753009531474
4.039257319667295,0.0005974360307297051,0.0006233138337246248,0.00021187244829778837
4.039920647434174,0.0005969082037013465,0.0007650135481584292,0.00021194744128053965
4.040583975201052,0.0005963803766728638,0.0007114839189946035,0.00021202254184728164
4.041247302967931,0.0005961263716533384,0.0008485439541236789,0.0002121011268504235
4.041910637624165,0.0005965787480956322,0.0009176374851658129,0.00021218847475048272
4.042574006707005,0.0005970311480157404,0.00031076823147307476,0.00021227598746591603
4.043237375789846,0.0005974835479360702,0.0007078717662136596,0.000212363610760809
4.043900744872686,0.0005979359478559088,0.000520281138556428,0.000212451342135008
4.04456407369282,0.0005983883203177307,0.0005716469028369697,0.00021253918024868702
4.045227279815141,0.0005988406091032531,0.0006235162369981525,0.00021262710973090216
4.045890485937464,0.0005992928978886816,0.0003808090302712021,0.00021271514510924007
4.046553692059786,0.0005997451866741191,0.000749137591434199,0.0002128032912722254
4.047216924463165,0.0006001974933822619,0.0005258183934662927,0.00021289155430991805
4.047880210919228,0.0006006498369533184,0.00038697475611203366,0.00021297993271580148
4.048543497375291,0.0006011021805243442,0.00024780127125547026,0.00021306841916275706
4.0492067838313535,0.0006015545240950826,0.0007216852792956945,0.00021315701763390056
4.0498700039757045,0.0006020022744060389,0.0005906297034741652,0.00021324552115822317
4.05053312749669,0.0006021530356933718,0.0003704349978832719,0.0002133252790486268
4.051196251017677,0.0006023037969802566,0.00045970068079770213,0.0002134050697802131
4.0518593745386635,0.0006024545582671985,0.0007202634426964671,0.00021348495234017843
4.0525225170522665,0.0006026053238723946,0.0003257832567521044,0.00021356492515090837
4.0531856796067505,0.0006027560940336453,0.0009370234339887174,0.0002136449927458236
4.0538488421612335,0.0006029068641949019,0.0003726113273051661,0.00021372514552396766
4.054512004715717,0.0006030576343562664,0.0006211404510659455,0.00021380538913735086
4.055175190629917,0.0006032084098283163,0.0009197754620290511,0.00021388572795707906
4.055838394479783,0.0006033591893781716,0.0005217537391407957,0.0002139661619922886
4.056501598329649,0.0006035099689280418,0.0006879340252842372,0.0002140466821026427
4.057164802179515,0.0006036607484778704,0.0007942646038005264,0.00021412729535363447
4.057827900949481,0.0006038115041376642,0.0008152768533620819,0.00021420798472541162
4.058490941889705,0.0006039622466498939,0.0005570796203073605,0.0002142891090828659
4.059153982829929,0.0006038870236804541,0.0004589922338898585,0.0002144231084522638
4.059817023770153,0.0006037362983019259,0.0005683888332311753,0.00021457534629003842
4.060480122874694,0.0006035855597012099,0.0005716340787183342,0.00021472803889585718
4.061143244138936,0.0006034348160629859,0.0007658576897716573,0.00021488106269067304
4.061806365403179,0.0006032840724248719,0.0007029618964483407,0.00021503441614068697
4.062469486667421,0.0006031333287867762,0.0004101503474772096,0.00021518809575932308
4.063132477139138,0.0006029826148808349,0.0005193243071241193,0.0002153420762240469
4.0637954355191654,0.0006028319082703367,0.00034993855522535755,0.0002154963771821317
4.064458393899193,0.0006026812016596048,0.00029243594468480734,0.0002156510146664576
4.0651213522792204,0.0006025304950491432,0.0005784135230431179,0.00021580598046628326
4.065784345080416,0.0006023797806136614,0.0005806719344344183,0.00021596129362368082
4.06644734250478,0.000602229065127314,0.0005765558041554065,0.0002161169401117187
4.067110339929146,0.0006020783496409676,0.0009338124110917568,0.00021627328047132122
4.06777333735351,0.0006018914512319388,0.0003787089571271728,0.00021648425815004412
4.068436334777876,0.0006016653780024818,0.00046869293882049177,0.00021675479063398462
4.06909933220224,0.0006014393047730362,-0.0001771090428917551,0.00021702673492326343
4.069762329626606,0.0006012132315435174,0.0006379287000448774,0.00021729970392195022
4.0704253208885826,0.0006009871604152898,0.000846710776397495,0.00021757370204342162
4.071088155466858,0.0006007611427142679,0.00036106669561477146,0.0002178486727292886
4.071750990045134,0.0006005351250130519,0.0009128048714156975,0.00021812468823233472
4.07241382462341,0.0006003091073118845,0.0006182931852217717,0.0002184017522351124
4.073076668495587,0.0006000830864417061,-3.782349109160161e-05,0.00021867987909321275
4.073739583385728,0.0005998570413552756,0.0005747015723289307,0.00021895910080716265
4.074402498275869,0.0005996309962688469,0.0005274888563598665,0.00021923939894329288
4.075065413166009,0.0005994049511823398,0.0006767167820633506,0.00021952076855893268
4.075728304549675,0.0005991789141113462,0.00048248268996098245,0.00021980261538177354
4.0763910978709745,0.0005989215085421817,0.0003759481701525731,0.00021999347331737778
4.077053891192274,0.000598544793002089,0.0006316306449919511,0.00021984330502944344
4.077716684513574,0.0005981680774619011,0.0005882861916405599,0.00021969117014509335
4.078379499598417,0.0005977913495518268,0.0003465026952012462,0.00021953935051753065
4.07904237322915,0.0005974145883657439,0.0006424409991169182,0.00021938782874433803
4.079705246859884,0.0005970378271798202,0.00021392250914496568,0.00021923662710345463
4.080368120490618,0.0005966610659938038,0.0003938664036290724,0.00021908573087936738
4.081030937400896,0.0005962843370461066,0.0010297973165294128,0.00021893515726886657
4.081693648223649,0.0005959076683961785,0.0007178650181754356,0.00021878492112624141
4.082356359046402,0.0005955309997462196,0.0006434335925632192,0.00021863499635511077
4.083019069869156,0.0005951543310962222,0.00032721351010290694,0.00021848537247556206
4.083681779764961,0.0005947776629732644,0.0008233541490285875,0.00021833605982661124
4.084344488409414,0.0005944009955613591,0.0005866107098034179,0.00021818705573956854
4.085007197053867,0.0005940243281494341,0.0005180999460287932,0.00021803971370281712
4.085669905698319,0.0005942818393718395,0.0006036585953843267,0.00021809626244715438
4.086332635042752,0.0005945831484623613,0.000542510984935894,0.00021816830271754298
4.086995384926075,0.0005948844668907696,0.0007067952544401065,0.0002182405139992038
4.087658134809398,0.0005951857853191037,0.0005095330466218639,0.0002183127950432571
4.088320884692721,0.0005954871037476063,0.0007869164389498183,0.00021838514507147537
4.088983540395224,0.0005957883793567609,0.0005336398729684035,0.00021845756439339714
4.089646127508659,0.0005960896237821036,2.751270385422267e-05,0.0002185300394585577
4.0903087146220924,0.0005963908682073741,0.0005495773406817691,0.00021860259234105178
4.090971301735527,0.0005966921126326113,0.0007415996750782021,0.0002186752198357976
4.091633941446032,0.000596993380971046,0.00043965591630374865,0.00021874792019679733
4.0922966088567465,0.0005972946619035565,0.0005927030916199637,0.00021882069361624468
4.09295927626746,0.0005975959428358185,6.55174802684297e-05,0.00021889354982704507
4.0936219436781744,0.000597897223768279,0.00043692921656364046,0.00021896633332949488
4.094284492089917,0.0005982977097351464,0.0005837961032987649,0.00021901876934142254
4.094946996756128,0.0005987495715058057,0.00066784574748136,0.0002190605712439811
4.095609501422338,0.0005992014332764467,0.0006572439231653968,0.00021910232098805554
4.096272006088548,0.0005996532950473325,0.00023019248468615628,0.00021914409379239906
4.09693454229257,0.0006001051783284606,0.0003168557513142618,0.00021918589079590562
4.09759708603285,0.0006005570667497199,0.0003674125715250922,0.0002192277152313015
4.098259629773129,0.0006010089551710698,0.0008284215932434546,0.00021926956785743966
4.09892217351341,0.0006014608435923103,0.0005938275271015244,0.00021931143688748165
4.0995847536317,0.0006019127568251498,0.0003911947556000995,0.00021935333801752514
4.100247338590329,0.0006023646733594119,0.0008233954999451125,0.00021939525851185225
4.100909923548958,0.0006028165898935159,0.0005495969883968293,0.00021943720723521825
4.101572508507586,0.0006032685064278771,0.0004011993305864024,0.00021947917848186852
4.1022349375402944,0.0006037203166127841,0.0005841274318821085,0.00021952140890484618
4.102897359779797,0.000603856581166376,0.0006534645357722645,0.00021960070088694486
4.103559782019299,0.000603480119334476,0.0005828949501339709,0.00021973996544002135
4.104222206963803,0.000603103655965136,0.0005757511373147039,0.00021987989495275202
4.104884709490861,0.0006027271485048677,0.0005596826640508466,0.0002200201059826214
4.10554721201792,0.000602350641044598,0.0007446489569702943,0.00022016058952063026
4.106209714544979,0.0006019741335843787,0.00017922994584857913,0.00022030133792062592
4.106872199356848,0.0006015976361919007,0.00021193758693835614,0.00022044235614546948
4.107534539190151,0.0006012212211922545,0.0006838444186878325,0.00022058361347507936
4.1081968790234535,0.0006008448061925458,0.0007115934935975041,0.00022072514460697764
4.108859218856756,0.0006004683911930825,0.00018247181250119818,0.00022086694362229964
4.109521565875334,0.000600091972110049,0.00047061583745335565,0.00022100901844060046
4.110183944793489,0.0005997155348980733,0.0008567175794441015,0.00022115137091299143
4.110846323711643,0.0005993390976860984,0.00048176876477658075,0.00022129389080728233
4.111508702629797,0.0005989551874755055,0.000723494982076694,0.00022141891741317117
4.112171081547951,0.0005985034114712636,0.0006192944268672948,0.00022139180167004088
4.112833460466105,0.0005980516354670047,0.000492233308851578,0.000221363676655959
4.113495839384259,0.000597599859462855,0.00013697610112327422,0.0002213355628017546
4.114158218302413,0.0005971480834586815,0.0007412423830461955,0.0002213074587528186
4.114820543094654,0.0005966963443709305,0.00025766208470789253,0.00022127937474715635
4.115482759357092,0.0005962446793063213,0.0011634987484534646,0.00022125129633299186
4.116144975619529,0.0005957930142414719,0.0006437780230204755,0.00022122323664010426
4.116807191881968,0.0005953413491767717,0.00045227457332800585,0.0002211951796509443
4.117469440815083,0.0005948896618288847,0.0003237644153129769,0.0002211671387332062
4.118131737352923,0.0005944379420123388,0.0009055375414815153,0.0002211391027278447
4.1187940338907625,0.0005939862221956372,0.0002325318472510701,0.0002211110824301021
4.119456330428601,0.0005935345023790343,0.0003144493866387579,0.0002210830676593152
4.1201185487482235,0.0005930828359110979,0.0007527230685821293,0.00022105547457475168
4.120780682655698,0.0005925083585762781,0.000979867616030429,0.00022108853937009037
4.121442816563172,0.0005919062818247358,0.0003306622244597213,0.00022113563596531003
4.122104950470646,0.0005913042050732304,0.00044531495146851393,0.0002211828552735278
4.122767106065463,0.0005907021086014249,0.0008225507477778661,0.00022123010475852487
4.123429279071245,0.0005900999962979506,0.0007834035957062032,0.00022127738703349851
4.124091452077027,0.0005894978839943687,0.0010061237583018794,0.00022132470155292002
4.12475362508281,0.0005888957716909266,0.00030969392935469904,0.00022137204162778288
4.125415823941858,0.0005882936358790847,0.0006941976222196525,0.00022141941981800075
4.126078038119872,0.0005876914861377335,0.0006370668637560004,0.0002214668207681191
4.126740252297886,0.0005870893363965158,0.00022614663828497613,0.0002215142601233786
4.127402466475901,0.0005864871866552584,0.0005706175740315344,0.0002215617268476102
4.128064566600147,0.0005858851406226489,0.0003390250876314993,0.0002216092130729385
4.12872661817314,0.0005852831387377633,0.0007666673240597765,0.0002216570256824212
4.129388669746131,0.0005847608526396224,0.00041592921245639416,0.00022174973767665284
4.130050721319123,0.0005843093512257002,0.0005085917263979521,0.0002218825273797745
4.130712835070581,0.0005838578074080593,0.0004535936997646583,0.000222015837524882
4.1313749669092505,0.0005834062512552185,0.000767489353254673,0.0002221493983919238
4.13203709874792,0.0005829546951025026,0.0006807969849183511,0.0002222831927080195
4.1326992305865895,0.0005825031389497631,0.0011131482589328916,0.0002224172361355008
4.133361224613571,0.0005820516767810048,0.0004381934346087252,0.0002225514857322222
4.1340231938725545,0.0005816002315030906,0.0006502435485015596,0.00022268597462257882
4.134685163131538,0.0005811487862253194,0.0005937324783057834,0.00022282071244287614
4.13534713239052,0.0005806973409475961,0.00040868682343870623,0.00022295569045717795
4.136009137645875,0.0005802458711213372,0.00019389669001319284,0.00022309092177266333
4.136671146013914,0.0005797943991720785,0.00028647551317978736,0.00022322640305662254
4.137333154381952,0.0005793429272230613,0.0003425289536940506,0.0002233619054124473
4.13799516274999,0.0005790723713765922,0.0004428255386995457,0.0002234636625930241
4.138657171118028,0.0005793733868901254,0.00029563768543622586,0.00022346011781599522
4.139319179486066,0.0005796744024036277,0.0006483458934758802,0.00022345587082280515
4.139981187854104,0.0005799754179171842,0.000632741622367914,0.0002234516199990535
4.140643185666456,0.0005802764286309298,0.00046487733745422514,0.00022344737621826923
4.141305031492798,0.0005805773702364966,0.0010663454293162323,0.00022344313165950451
4.141966877319138,0.0005808783118422784,0.0005959976047515918,0.0002234388854324705
4.14262872314548,0.0005811792534480768,0.0006829220505949729,0.00022343464005316913
4.143290579963575,0.0005814802000516992,0.000896699707237003,0.00022343039882442134
4.143952506043438,0.000581781178148696,0.0011618500203509712,0.0002234261497304818
4.144614432123301,0.0005820821562456461,0.00048626751403130214,0.00022342190735409937
4.145276358203165,0.0005823831343426029,0.0005533454477953309,0.00022341766407813735
4.145938250359321,0.0005826840970144889,0.0006165027129865734,0.00022341341894784
4.146600013922804,0.0005829850012153921,0.00043310552889013886,0.00022340951142436422
4.147261777486286,0.000583357341149306,0.00083077318965862,0.0002234558735886082
4.147923541049769,0.0005837334286484113,0.0006548376451589459,0.0002235052327134777
4.14858531557824,0.0005841095223791174,0.00037451152467227086,0.0002235546555331185
4.14924711826419,0.0005844856321120361,0.00030962887929516803,0.0002236041041029168
4.149908920950141,0.0005848617418448624,0.0005410764734567101,0.00022365358778126106
4.150570723636092,0.0005852378515777587,0.0007537349568627067,0.00022370310673296484
4.151232540770428,0.0005856139695216826,0.0007666658977895716,0.00022375265507441414
4.151894384582571,0.0005859901026270531,0.00035860567299149956,0.00022380224147909014
4.1525562283947135,0.0005863662357323641,0.0007972296542274306,0.00022385185685545438
4.153218072206856,0.0005867423688377922,0.000454089239582741,0.00022390150910254632
4.153879847349066,0.0005871184629171724,0.0007959396835563855,0.00022395118976694002
4.154541528670137,0.0005874945036771143,0.0004668057561266545,0.00022400089386681002
4.155203209991209,0.0005878705444369156,0.0010668178435758262,0.00022405088606410804
4.15586489131228,0.0005888878076186364,0.0006015242226327087,0.00022413918817365267
4.15652661224589,0.0005902417892947778,0.0008153046321042657,0.00022424791330993737
4.157188373810759,0.0005915958541086345,0.000564813856319998,0.0002243569420537401
4.157850135375628,0.0005929499189226297,0.0005300689943332586,0.00022446612107962792
4.158511896940497,0.0005943039837363084,0.0004225307833396814,0.00022457546806238895
4.159173566801054,0.000595657860909381,0.0005314875374620472,0.00022468495659788628
4.159835165900153,0.0005970115932935233,0.0007275848846082138,0.0002247945908648927
4.160496764999253,0.0005983653256776916,0.00031970756733276407,0.00022490439036954455
4.161158364098351,0.0005997190580618748,0.0008592305035052281,0.00022501435166388667
4.161819961948089,0.0006010727878896236,0.0005896991040676983,0.00022512447443822777
4.16248155907972,0.0006024265162481139,0.0004980644596543788,0.00022523475935169344
4.163143156211351,0.0006037802446066943,0.0005653670546844181,0.00022534520181826612
4.1638047533429825,0.0006051339729650928,0.00025217526760700295,0.00022545578390224488
4.1644663794437475,0.000606433515696783,0.0003765844499586658,0.00022556181798114751
4.165128017676027,0.0006076367677672567,0.00019444149035142505,0.00022565969717964763
4.1657896559083065,0.0006088400198377741,0.0003010923299178248,0.00022575765289100953
4.166451294140585,0.000610043271908199,0.0008089184022617511,0.00022585573505310436
4.167112806507157,0.0006112462950800157,0.0007039872975250243,0.00022595392790478996
4.167774282311605,0.0006124492517601383,0.00015861008532313604,0.0002260522383909379
4.168435758116053,0.0006136522084402586,0.0005341434698950062,0.0002261506862068015
4.169097233920501,0.0006148551651203182,0.00030422679165294426,0.00022624925626461221
4.169758777498747,0.0006160582450534108,0.000929334877815109,0.00022634797025105754
4.170420333534836,0.0006172613476423082,0.0005818090476452984,0.0002264468113281275
4.171081889570925,0.0006184644502312531,0.0007999540661448426,0.00022654578636420642
4.171743445607015,0.0006196675528202088,0.000958642546783195,0.0002266448916210404
4.172404853157375,0.0006208703853737543,0.0004983345680918073,0.0002267440984732122
4.173066246790915,0.0006219451055363033,0.0006632535726272828,0.00022684227565527855
4.173727640424456,0.0006210430001029467,0.0004765888763152903,0.00022692448021797615
4.174389034057996,0.0006201408946696182,0.0006071372954425821,0.00022700666206114706
4.175050506606012,0.0006192386816012565,0.0004113198557304323,0.000227088944528141
4.175711980466332,0.0006183364667428705,0.00018042911503986914,0.00022717132097367968
4.176373454326651,0.0006174342518844826,0.0006546292778417461,0.0002272537805786165
4.177034919624106,0.0006165320487055313,0.0007167104134508409,0.00022733633011938996
4.177696231107151,0.0006156300553210696,0.00021008489296888875,0.0002274189491486332
4.178357542590197,0.0006147280619366017,0.00015475433037582165,0.000227501659125544
4.1790188540732425,0.0006138260685520093,0.001129050118570661,0.000227584456974088
4.179680170316455,0.000612924068675038,0.0005289270874187745,0.000227667351295994
4.18034152095139,0.0006120220218894571,0.0010340661535530407,0.00022775033276768996
4.181002871586325,0.0006111199751037991,0.0010468506201669705,0.00022783341127559313
4.1816642222212606,0.0006102179283183198,0.0004142134082021164,0.00022791634636082608
4.182325572856196,0.0006101710490585437,0.0004675693820805813,0.00022796465331505252
4.182986923491131,0.0006103965863900771,0.00027823963990810757,0.00022800172094169895
4.183648274126067,0.0006106221237215674,0.0007020749711483953,0.0002280387389285877
4.184309624761003,0.000610847661052934,0.00047411829262742483,0.0002280757697718089
4.1849709440687075,0.0006110731877009522,0.0007108880968812388,0.000228112816968467
4.185632173421664,0.0006112986836722855,0.0005612320834708784,0.00022814987462551822
4.186293402774619,0.000611524179643523,0.00012624541327111642,0.00022818695578603337
4.186954632127575,0.0006117496756147348,0.0002831824047644316,0.00022822405171962453
4.187615887684246,0.0006119751805220879,0.0006099797014025365,0.0002282611692458603
4.188277197254256,0.0006122007038494305,0.0004186245521843801,0.00022829830719631688
4.188938506824265,0.0006124262271766574,0.00044492942305544744,0.00022833546224101465
4.189599816394274,0.0006126517505037862,0.0003831579301560906,0.00022837263786517319
4.190261061881679,0.0006128772519773623,0.00041142316663703615,0.0002284101868881605
4.190922209124943,0.0006130342360906462,0.0006078900979033156,0.00022850210387312576
4.191583356368206,0.0006131093835380773,0.0006321483826923028,0.0002286590669844525
4.1922445036114695,0.0006131845309855157,0.0005646751418227253,0.00022881678922142786
4.192905649984043,0.0006132596783340893,0.0005981792927920913,0.00022897483143829252
4.193566795345332,0.0006133348255677617,0.0006734882406534508,0.0002291332067189041
4.194227940706621,0.0006134099728014027,0.00042998843226941803,0.00022929191232796755
4.19488908606791,0.000613485120035016,0.0007929242111459756,0.00022945094121154064
4.195550253173984,0.0006135602697401082,0.0008538996301173496,0.00022961030993483959
4.196211439579806,0.0006136354216388921,0.0007457396234217498,0.00022977001692953955
4.1968726259856295,0.0006137105735377217,0.0006376944305838959,0.00022993005385955618
4.197533812391453,0.0006137857254365947,0.000868684958068965,0.00023009043170362382
4.198194901883562,0.0006138608663199514,0.0008354073544871232,0.00023025111625528014
4.1988559260005145,0.000613935999772849,0.00015880808591314647,0.00023041238894147033
4.199516950117468,0.0006140222689820503,0.0007443910318007572,0.0002306157097445494
4.200177974234421,0.0006141725529690824,0.0005906101356472778,0.00023105173497802125
4.20083905163202,0.0006143228490694699,0.0005726503884014019,0.00023149183347700707
4.20150015595387,0.0006144731512910297,0.0006226943945443488,0.0002319344751023517
4.2021612602757195,0.0006146234535126351,0.0009235126648938067,0.000232379660845436
4.202822364597569,0.0006147737557343206,0.0007577644112312537,0.00023282742253679086
4.203483350272063,0.0006149240309814577,0.0005839897094266161,0.00023327769941426475
4.204144292330285,0.0006150742963124558,0.0004747676326792924,0.00023373056873144125
4.204805234388505,0.0006152245616434525,0.0008742076799094742,0.00023418608017736396
4.205466176446727,0.0006153748269744213,0.0007834123072308398,0.00023464426784063926
4.206127149761482,0.0006155250994115218,0.000933294541990194,0.00023510517162955873
4.206788130995578,0.0006156753736489512,0.0004822366763496834,0.00023556880841278286
4.207449112229675,0.0006158256478865777,0.0008880075524296724,0.00023603519296876
4.208110093463771,0.0006159759221243154,0.00036161260437818,0.00023649978967937337
4.208771074697868,0.0006156214539453803,0.00065775098503568,0.00023628053199280545
4.209432055931965,0.0006151706824741662,0.0006153341144092394,0.0002359275442352439
4.210093037166062,0.0006147199110028735,0.000669739422374757,0.00023557526948905807
4.210754018400158,0.0006142691395316085,0.0008307318053951409,0.00023522456781873102
4.211414848735762,0.0006138184709688879,0.0002600894835892696,0.00023487550951864812
4.212075667744078,0.0006133678101312364,0.0008784159475837769,0.0002345279981661585
4.2127364867523935,0.0006129171492936905,0.0008953550425398163,0.00023418202882078825
4.21339730576071,0.0006124664884559589,0.00021108484015761194,0.0002338375865489012
4.214058204648512,0.0006120157731426818,0.0007510267955257283,0.00023349462167921467
4.214719103849567,0.0006115650576155835,0.00046696830421339894,0.00023315315119144196
4.215380003050622,0.0006111143420887733,0.00021498535217047643,0.00023281318213559305
4.21604089223294,0.0006106636333942949,0.0003710022295892102,0.00023247469704147324
4.216701629233437,0.0006102130284837209,0.00032653162353486146,0.00023213889469806277
4.2173623662339335,0.000609920807857674,0.0007905940915847392,0.00023197439672863475
4.21802310323443,0.00060977060622084,0.00019005285359763725,0.00023196276692293193
4.218683845219681,0.0006096204034509603,0.0008040978674399406,0.00023195215738305215
4.219344621409345,0.0006094701929053548,0.0010189079012147399,0.00023194154410549774
4.220005397599008,0.0006093199823599794,0.0006747155968739287,0.00023193092991467685
4.220666173788673,0.0006091697718142765,0.0005359027751228327,0.0002319203253806479
4.221326949978336,0.0006090195612689927,0.0006614845309477169,0.00023190971516747044
4.221987726168,0.0006088693507233483,0.0008079491220655492,0.00023189910858967144
4.222648502357663,0.000608719140177925,0.0005778241512689685,0.00023188850679447772
4.223309278547328,0.000608568929632343,0.0004701803062116146,0.00023187790316361707
4.223970013048182,0.0006084187285637424,0.0005083213848040407,0.00023186730025864235
4.224630627075106,0.0006082685548818952,0.000247773823677165,0.00023185670560119088
4.225291241102031,0.0006081183811999555,0.0005979262627310059,0.0002318462690058096
4.225951855128955,0.0006079523058559341,0.0006118582909459377,0.00023186098607199084
4.226612494956175,0.0006077270109277448,0.0004219730060401383,0.00023196732175574338
4.227273189163681,0.0006075016974547987,0.00035280347530608063,0.00023207441949285023
4.227933883371188,0.0006072763839816001,0.000519912532659933,0.00023218166653715084
4.2285945775786935,0.0006070510705086643,0.0005751393726109386,0.00023228906922463912
4.229255209163743,0.0006068257783913788,0.0007283143732918498,0.00023239660213998723
4.2299157412337145,0.0006066005202112845,0.0010049629744118523,0.00023250427093527383
4.230576273303686,0.0006063752620311984,0.0004432689536133028,0.00023261209153155473
4.231236805373656,0.0006061500038511662,0.0007638020242747255,0.00023272005984036067
4.2318973551019505,0.0006059247396491066,0.00022125355996715276,0.00023282818783748052
4.232557926374357,0.0006056994681001014,0.0003677519121832397,0.00023293646051610826
4.233218497646762,0.0006054741965509892,0.000760235773996998,0.00023304489033164786
4.233879068919168,0.000605248925001911,0.0003234709628485372,0.00023315346550543273
4.234539661258403,0.0006050236462685521,0.0011493989539507125,0.00023326252442792627
4.235200273504093,0.000610376435590743,0.0011133465353703482,0.00023341883436407766
4.235860885749782,0.0006163833666722653,0.0008663314643188696,0.00023358131801008735
4.236521497995471,0.0006223902977537072,0.0005584133009629844,0.0002337441855871805
4.237182016519964,0.0006283963766306844,0.0004320824545095735,0.00023390736631489375
4.237842466653314,0.0006344018336287593,0.0005564653925332139,0.0002340708846234499
4.238502916786664,0.0006404072906267026,0.0010249779351138282,0.00023423474209561016
4.239163366920014,0.0006464127476244846,0.0009441116519725578,0.00023439895051998008
4.239823868510682,0.0006524186725227011,0.0011012268465649148,0.00023456352369160175
4.240484398814887,0.0006584248585123672,0.0007548162790318711,0.00023472845052154842
4.241144929119092,0.0006644310445019103,0.0007124048127217926,0.00023489372938802192
4.241805459423297,0.0006704372304913898,0.0005031114561510507,0.00023505936095035592
4.242465875403826,0.0006764423769387375,0.0010075465777763205,0.00023522531312902083
4.24312624362088,0.0006824470890737733,0.000576668003691119,0.00023539111722499758
4.243786611837934,0.0006839643419221268,0.0006819245861222893,0.0002354833454973156
4.244446980054988,0.0006821627235058082,0.000290531831570912,0.00023552076344443839
4.245107346938716,0.0006803611087269311,0.0005464847255208913,0.00023555783077900617
4.245767713420921,0.0006785594950435061,0.0007664533551776296,0.00023559491719035846
4.246428079903126,0.0006767578813601083,0.0005777885850683657,0.0002356320204894097
4.24708844638533,0.0006749562676768623,0.0007149553627643505,0.00023566913515851959
4.247748846897464,0.0006731545611527271,0.0006814060561208803,0.0002357062734574745
4.248409254327551,0.0006713528357553517,0.000528965606853035,0.00023574342948490278
4.249069661757637,0.0006695511103577162,0.0008382495488961754,0.00023578060230396652
4.249730069187723,0.0006677493849600962,0.00013350464330572033,0.00023581756300036888
4.250390331778261,0.0006659480547143801,0.0003794811161094714,0.00023581980173847315
4.251050577158966,0.0006641467714203732,0.0009141844694439847,0.00023579791730200168
4.25171082253967,0.0006623454881264704,0.0004811248815119823,0.00023577600907611523
4.252371067920374,0.0006629748878970364,0.001082735598626209,0.0002357725910285024
4.253031389956747,0.0006707804677770097,0.0009020398208880739,0.00023582283873286794
4.2536917154961476,0.0006785860890656014,0.0006076978522370166,0.0002358734915482132
4.254352041035549,0.0006863917103542934,0.0005490384771263091,0.00023592417349825367
4.255012363568641,0.000694197296105664,0.0007195002467165613,0.0002359748878405761
4.2556725270838305,0.0007020010021275072,0.0008441768449607537,0.00023602562766397912
4.256332690599019,0.0007098047081494547,0.0007808090710734072,0.00023607640006387617
4.256992854114208,0.0007176084141711842,0.00016497013546572941,0.00023612720680693796
4.257653017492737,0.000725412118577472,0.0004905220062310325,0.00023617804736105995
4.2583131793116795,0.0007332158045482984,0.0005658217239260095,0.0002362289220378891
4.2589733411306225,0.0007410194905189367,0.0009150961628445105,0.00023627983079953444
4.259633502949565,0.0007488231764894586,0.001044707869706103,0.00023633077550051174
4.260293670573189,0.0007566269310766275,0.0009561913558864383,0.00023638175112467523
4.260953873314634,0.0007644311007867958,0.0011742020427790178,0.00023643299628533373
4.2616140760560794,0.0007640955911879084,0.0009073389424469277,0.0002365208407778698
4.262274278797525,0.0007631200699741556,0.00033474679750336177,0.0002366118855705083
4.262934448595921,0.0007621445974371953,0.001020747348441882,0.00023670305688535393
4.263594489350895,0.0007611693155761051,0.0008045418810019023,0.0002367943117585713
4.26425453010587,0.0007601940337148885,0.0004966914215396287,0.00023688567211013344
4.264914570860844,0.0007592187518536654,0.0009975364231429326,0.00023697713700404104
4.265574632826475,0.0007582434386515363,0.0009195265668775232,0.00023706871028159358
4.2662347537279866,0.0007572680383650303,0.00023019702645967052,0.000237160399237571
4.266894874629499,0.0007562926380788132,0.0009445392726319867,0.00023725219455886
4.267554995531011,0.0007553172377923809,0.0006435981312315839,0.0002373440958334684
4.268215063684379,0.000754341915446982,0.0005412250706684628,0.00023743609355293625
4.268875022624571,0.0007533667544760349,0.0008149442118216797,0.0002375281852469434
4.269534981564763,0.0007523915935051516,0.0010876719753519744,0.00023762034037456078
4.270194940504956,0.0007509674171178196,0.0008373957158007849,0.00023770613450435415
4.270854914610202,0.0007492418965516153,0.0011311880790461038,0.00023778766157966526
4.271514912789851,0.0007475163130423515,0.00042934558325255875,0.00023786924575723282
4.2721749109694995,0.0007457907295328849,0.000713425948278405,0.0002379509075218976
4.272834909149149,0.0007440651460236304,0.0009461903110765109,0.0002380326588990581
4.273494907328798,0.0007423395625141858,0.0007552605189631515,0.00023811449442402366
4.274154905508448,0.0007406139790048036,0.0005449424399133573,0.00023819640738884
4.274814903688097,0.000738888395495431,0.0006677129484894614,0.00023827840929857683
4.275474901867746,0.0007371628119861838,0.001147491453163046,0.00023836049676191835
4.27613481793916,0.0007354374431510469,0.0010931002260360164,0.00023844265808686067
4.276794654195202,0.00073371228299537,0.0008108037569445557,0.00023852489154686568
4.277454490451243,0.0007319871228396704,0.0008856788819878059,0.00023860721113757466
4.278114326707285,0.0007302619626841317,0.0005994404190544356,0.0002386898780645268
4.278774208410631,0.0007283957430871853,0.0010947790279881649,0.0002388131894767175
4.279434124801052,0.0007261455167047646,0.0007302018915759165,0.00023904572959971692
4.280094041191473,0.0007238952903224413,0.0006891195232607906,0.0002392796690054193
4.280753957581894,0.000721645063939895,0.0009143774067332491,0.00023951430054064185
4.28141377246956,0.0007193951836682134,0.0005414092626001164,0.00023974957840173914
4.282073526961505,0.0007171455093378038,0.0008941627091928013,0.00023998552950335497
4.28273328145345,0.0007148958350074516,0.000520520849363259,0.00024022217657305395
4.283393035945396,0.0007126461606772438,0.0007910869603426753,0.00024045952272906974
4.284052845448132,0.0007103962987675233,0.0007700750587772421,0.00024069759654790103
4.2847126800695925,0.0007081463512062608,0.000782860295709334,0.00024093637798402586
4.285372514691054,0.0007058964036449454,0.0006937454816945203,0.0002411758788157424
4.2860323493125145,0.0007036464560836282,0.0007382334058264528,0.00024141608313693965
4.2866920632008005,0.0007013969202063444,0.0004615561560101139,0.00024165696557889877
4.287351735948911,0.000699147524611573,0.0006646420464270897,0.00024190189103295186
4.288011408697021,0.0006969679604166594,0.0007198448183140235,0.00024265204601328538
4.288671081445131,0.0006947932974981102,0.0011718517365550943,0.00024344846952075821
4.289330785793166,0.0006926185304078264,0.0009644779990873736,0.0002442530563254608
4.289990497799175,0.0006904437380724389,0.0007926867401442558,0.000245065662195463
4.290650209805183,0.0006882689457370848,0.0007923184025696599,0.00024588642118655054
4.291309921811192,0.0006860941534017256,0.0009485167305955851,0.0002467154711484617
4.2919696338172,0.0006839193610662801,0.0009610245008907197,0.0002475529543327184
4.292629345823209,0.0006817445687310731,0.0006876447222079218,0.00024839900455319984
4.293289057829217,0.0006795697763955906,0.0004775383936082446,0.00024925377724844026
4.293948769835225,0.0006773949840602875,0.000584993659974027,0.0002501174167244606
4.294608332609458,0.0006752206836790505,0.000716699988324559,0.00025098989038618716
4.29526788277979,0.0006730464248477008,0.0006307028197227406,0.00025187152674439666
4.295927432950121,0.0006708721660162883,0.0004682407675524426,0.00025275644844895004
4.296586983120452,0.0006697306321069013,0.0006564296165003115,0.0002527350823889488
4.297246611843348,0.0006692807830119454,0.0012089092728797266,0.00025210266980716723
4.2979062421310354,0.0006688309328498729,0.0010579681955696617,0.00025147098351849647
4.298565872418722,0.0006683810826878212,0.0009328473770203538,0.0002508440199176191
4.299225496464693,0.0006679312367824694,0.0009024086069412961,0.0002502217221025779
4.29988496494181,0.0006674814969709176,0.0003502138177104513,0.0002496041772911516
4.300544433418926,0.0006670317571591932,0.0006909168317501973,0.000248991179846202
4.301203901896043,0.0006665820173475007,0.00048506694530651675,0.0002483826731115578
4.301863374160284,0.0006661322749532333,0.0007903456189813141,0.00024777859917489735
4.302522881908441,0.0006656825083596761,0.00044142378226892095,0.0002471788796422962
4.303182389656599,0.0006652327417662649,0.0005397192782888771,0.00024658348375204085
4.303841897404757,0.0006647829751729174,0.00034618191665122605,0.0002459923720220018
4.304501405152915,0.0006643332085794644,0.0003063695636595553,0.0002454066144960668
4.305160912901073,0.0006640194263356993,0.00038873680901382136,0.00024499602211741677
4.305820420649231,0.0006640943874345418,0.0006253981169798864,0.0002450678051066793
4.306479928397388,0.0006641693485334053,0.0007091184958905257,0.00024514286375158865
4.307139401982075,0.000664244305749395,0.0007040221639152203,0.0002452179888354689
4.307798747957307,0.0006643192484607485,0.0009331130636026019,0.0002452931698078498
4.308458093932539,0.000664394191172134,0.0005127754429645167,0.00024536841955155126
4.309117439907771,0.0006644691338836663,0.0007792928887051429,0.0002454437388312229
4.309776807376072,0.0006645440790378375,0.000699318268666373,0.000245519127136945
4.3104362334565005,0.0006646190308543602,0.0006253169479802837,0.00024559458801182697
4.311095659536929,0.0006646939826707581,0.000600453018636025,0.00024567012844868715
4.311755085617357,0.000664768934487115,0.0009699166028311599,0.0002457457300335079
4.3124144590981475,0.0006648438803248381,0.0006873055441557714,0.0002458213973731065
4.313073723430738,0.000664918813756686,0.0006493397324958323,0.000245897123026954
4.313732987763328,0.0006649937471883684,0.00043861607852712547,0.0002459729847936232
4.314392252095918,0.0006654121305645412,0.0009823714317814987,0.00024605904915036945
4.315051531428613,0.0006658617924942784,0.000804249124047545,0.00024614618704597716
4.315710835045365,0.0006663114709869094,0.0006344539331314525,0.00024623343051992575
4.316370138662116,0.0006667611494798128,0.00014396749064248926,0.0002463207659334847
4.317029442278867,0.0006672108279724603,0.000371814500980781,0.0002464081953846237
4.317688745895618,0.0006676605064651415,0.0008302182434137866,0.00024649572388830705
4.31834804951237,0.0006681101849578083,0.0004498430078211525,0.00024658333822617974
4.319007353129121,0.0006685598634506569,0.0009659194666666409,0.00024667104850810515
4.319666656745872,0.0006690095419433231,0.0007718529015601427,0.00024675884871687247
4.320325880455034,0.0006694591659350359,0.00047163575372137945,0.0002468467326034054
4.3209850223615645,0.0006699087341332352,0.0007086918771141758,0.0002469347071975632
4.321644164268094,0.0006703583023312576,0.0007030165633923315,0.00024702276591646703
4.322303306174625,0.0006708078705293814,0.0005824431489150691,0.0002471133832525829
4.322962492136236,0.0006713003460960235,0.0009336853872236509,0.0002475755441318671
4.323621714135803,0.0006718248464366288,0.0007402581131521909,0.0002483212994905101
4.32428093613537,0.0006723493467773767,0.0008759028902726155,0.0002490756990284623
4.324940158134936,0.0006728738471180756,0.00027675954755549667,0.0002498370210941002
4.325599282199723,0.000673398269538175,0.0006448833460626497,0.00025060523851352603
4.326258342514137,0.0006739226412364069,0.0005323759264959805,0.0002513805105079863
4.326917402828552,0.0006744470129348205,0.000512109257298383,0.0002521630133583506
4.327576463142967,0.0006749713846329513,0.0007674298438506646,0.0002529528678328511
4.328235549438087,0.0006754957770022411,0.0005867258048920015,0.0002537502161092461
4.328894649049759,0.0006760201799667271,0.0008224304040460112,0.0002545551661819332
4.32955374866143,0.0006765445829312403,0.0007179679936624481,0.00025536781561547294
4.330212848273102,0.0006770689858958427,0.0004694999198119102,0.0002561882931126203
4.3308719478847735,0.0006775933888602902,0.000516584992396164,0.00025701451291135777
4.331531047496445,0.0006776129257224438,0.0006821321234660026,0.0002575076163357842
4.332190147108117,0.0006758896915440874,0.0006408493561575174,0.00025685356535613005
4.332849246719788,0.0006741664573655383,0.0003241571550630598,0.00025619692207473496
4.333508221701821,0.0006724435490346026,0.00046304044072425403,0.0002555454070757973
4.334167159665929,0.0006707207374882824,0.0009598379585440226,0.0002548988743578225
4.334826097630038,0.0006689979259416161,0.0005123019861110023,0.000254257220856527
4.335485035594147,0.0006672751143950899,0.0010651679737269486,0.00025362039153103776
4.336144039679722,0.0006655521299721975,0.0006081586633098818,0.00025298825771393477
4.3368030577247065,0.000663829109052125,0.00027964699090811564,0.00025236081345451146
4.337462075769691,0.0006621060881319104,0.0003474592903443754,0.00025173801343386057
4.338121093814676,0.0006603830672118575,0.0006957720219811128,0.0002511198018573098
4.338779969611331,0.0006586604182037839,0.0003552185627359533,0.0002505062522191128
4.3394388260338035,0.000656937819850259,0.0007148584408314556,0.00024989720051983805
4.3400976824562765,0.0006552152214964967,0.0004744857546051321,0.0002492957688070928
4.340756538878749,0.0006525753650244202,0.00036615711116642035,0.0002491779409416446
4.3414154320298906,0.0006498043890536121,0.0009570360246744403,0.00024913197810922045
4.342074327762692,0.0006470334022255869,0.0006151848203605127,0.00024908650606275326
4.342733223495493,0.0006442624153973906,0.0007398363993440226,0.0002490410488982319
4.3433921192282945,0.0006414914285691927,0.0006989953899970548,0.0002489956181536113
4.344051014961096,0.0006387204417411521,0.0005546238525052858,0.00024895022057759553
4.344709910693897,0.0006359494549131257,0.0003462402026945521,0.00024890483895106594
4.345368806426698,0.0006331784680848731,0.0006539918329567793,0.00024885948454302195
4.346027695413643,0.0006304075096265336,0.0009221172911013202,0.00024881415531785643
4.346686429561493,0.0006276372023442244,0.0011031174805050225,0.0002487688648304773
4.347345163709344,0.0006248668950618985,0.0006748742046576556,0.00024872359827355283
4.348003897857194,0.0006220965877794496,0.0005036817394012066,0.00024867835908064847
4.348662639628775,0.0006193262484354749,0.00044299553573643087,0.00024863377779599146
4.349321453845341,0.0006178438491269265,0.0006180853643706648,0.0002486845361476648
4.3499802680619055,0.0006175443200445635,0.0006746279492875559,0.000248823110462618
4.350639082278471,0.0006172447909621913,0.0004163924200615336,0.0002489624923832904
4.351297872513487,0.0006169452727830991,0.000838683141397613,0.00024910210558020746
4.351956525170133,0.0006166458171538043,0.0005104852324341291,0.00024924192752923856
4.352615177826779,0.000616346361524434,0.0004559996375301025,0.0002493819822773203
4.353273830483426,0.0006160469058952292,0.0005626357331514074,0.0002495222748900277
4.353932491060429,0.0006157474466648668,0.0008641399075718834,0.0002496628048773614
4.354591183040453,0.0006154479731574396,0.0004715919456783459,0.00024980358159143684
4.355249875020476,0.000615148499649802,0.00035537995316488444,0.00024994459641066087
4.3559085670005,0.0006148490261421361,0.0009610282324349275,0.00025008584278687516
4.356567258980523,0.0006145495526342963,0.0005152990346904133,0.0002502273355738517
4.357225950960547,0.0006142500791268268,9.851012489291763e-05,0.0002503691842793349
4.35788464294057,0.0006143581499688127,0.0009135721230919595,0.0002505294967514121
4.358543334920594,0.0006165295797087577,0.0008622483966882783,0.00025077969858000707
4.359201977410726,0.0006187008463010182,0.0004687364346086433,0.0002510312399865743
4.359860507868364,0.0006208717435696254,0.0010879461458579867,0.00025128349680954916
4.360519038326002,0.0006230426408382403,0.0006683673463384406,0.00025153651354351995
4.361177568783639,0.0006252135381066655,0.0006700739247898265,0.00025179029793730916
4.361836127952966,0.0006273845300257309,0.0008368732775434846,0.0002520448684987679
4.3624947384671575,0.0006295556912069187,0.0005842469537743195,0.0002523002314968988
4.36315334898135,0.0006317268523883174,0.0005051681859328887,0.00025255637263270136
4.363811959495542,0.0006338980135695745,0.0006694694965656898,0.0002528132917122887
4.364470503691721,0.0006360689561282208,0.0006368238275124507,0.00025307097878249206
4.36512895270854,0.0006382395849207336,0.0001576427429451919,0.0002533294178281246
4.36578740172536,0.0006404102137131384,0.0003935350192088448,0.0002535886473221753
4.366445850742179,0.0006425808425055826,0.0008077186103021786,0.0002538477588217461
4.367104299123726,0.0006443285497524166,0.001042587572004654,0.00025396924545356036
4.367762746766693,0.0006459750430628623,0.0006332876053169945,0.0002540568928974374
4.3684211944096605,0.000647621536373227,0.0006494112613504255,0.00025414441047601736
4.369079642052628,0.0006492680296838928,0.00038790740703920095,0.00025423202264214967
4.369738110597369,0.0006509145752604578,0.00035270638687474366,0.0002543197226295372
4.370396598950591,0.0006525611703696124,0.0006328493422627086,0.0002544075214160057
4.371055087303811,0.0006542077654788682,0.000548191354587641,0.000254495411756644
4.371713575657033,0.0006558543605880579,0.000647095651564907,0.00025458338948436193
4.3723719728343085,0.0006575007277056351,0.0008243421121162987,0.0002546714480782702
4.373030299727662,0.0006591469190734956,0.0007855913021139688,0.0002547595904406332
4.373688626621016,0.0006607931104413883,0.0007175358510215407,0.00025484782818128716
4.374346953514371,0.0006624393018090503,0.0006733933464727546,0.0002549361516951394
4.375005329692871,0.0006640856164177154,0.0007381418775267986,0.00025502402705215605
4.375663736630618,0.0006635358176938143,0.0011849256374311045,0.0002550292625654909
4.376322143568365,0.0006602426603379263,0.0004440024670128507,0.0002549315644925224
4.376980550506112,0.0006569495029818918,0.0008154214992251908,0.0002548332906375706
4.377638849846886,0.0006536568837940417,0.000667177618928197,0.00025473515443845667
4.378297095349761,0.0006503645338877712,0.0005876715060858335,0.00025463713657359195
4.378955340852635,0.0006470721839813809,0.0002428998359164614,0.0002545392298291465
4.37961358635551,0.0006437798340749722,0.0006697319434450049,0.0002544414426559498
4.380271830900638,0.0006404874889588867,0.000637629009776207,0.00025434376628993507
4.38093007506782,0.000637195145733392,0.0006797348679426586,0.00025424620037550234
4.381588319235001,0.0006339028025076457,0.0006423647457605861,0.0002541487539266683
4.382246563402183,0.0006306104592821107,0.0005942297875067399,0.00025405141840718166
4.382904838768556,0.0006273179600073033,0.0005060501047798153,0.0002539541893183736
4.383563123620833,0.0006240254132867859,0.00043004535548099603,0.00025385716956376187
4.384221408473111,0.0006208785895132959,0.0005401187218241046,0.00025377584669223865
4.384879693325389,0.0006193821474757111,0.0007415230434421994,0.0002538588425124345
4.385537846333017,0.0006178860051534236,0.00021119661352799358,0.0002539429989892212
4.3861959697879,0.0006163899300115302,0.0004154434343078133,0.0002540272336961138
4.386854093242782,0.0006148938548697007,0.0002157579078567844,0.00025411155059352244
4.387512216697664,0.0006133977797279664,0.0006976218066950919,0.00025419595341452113
4.3881704095164205,0.0006119015469051602,0.0010460742295816939,0.0002542804479106758
4.388828613003534,0.0006104052898304755,0.0008892491717852395,0.00025436502822733306
4.389486816490649,0.0006089090327560078,0.0010357545848957393,0.0002544496906087786
4.390145019977764,0.0006074127756813308,0.0005686935766204581,0.00025453443701829297
4.390803075605823,0.0006059168547264894,0.00041581862791769986,0.0002546192544332102
4.391461117720518,0.0006044209644906618,0.0008018759198004518,0.00025470414791488734
4.392119159835214,0.0006029250742550597,0.0005193836584007126,0.00025478913122474266
4.392777201949909,0.000601429184019395,0.0002549540031732608,0.00025487472045731467
4.393435321337123,0.000601533440937846,0.0007368001596462334,0.0002550395241225711
4.3940934434791865,0.0006022814770165841,0.0006751679812344952,0.00025523700142633687
4.394751565621249,0.0006030295130953109,0.0007217204196153723,0.00025543514883428467
4.395409684804328,0.0006037775458107749,0.0011696706658920844,0.0002556337606504981
4.396067604946435,0.0006045253522919013,0.0005290093707469557,0.00025583277386044784
4.3967255250885415,0.0006052731587730327,0.00026009685848009314,0.00025603225889626885
4.397383445230648,0.0006060209652542123,0.0011647923187536784,0.0002562322052248925
4.398041367862225,0.000606768774565004,0.000896542825497514,0.0002564326243775913
4.398699327374488,0.0006075166257950382,0.0006618587251569986,0.000256633520455155
4.399357286886752,0.000608264477024951,0.0004970439851749323,0.0002568348931592816
4.400015246399015,0.0006090123282553042,0.0006195203631620314,0.0002570367427334334
4.400673205911278,0.0006097601794855109,0.0005399554893782426,0.0002572390672668702
4.4013311654235405,0.000610508030715561,0.0001817421247816653,0.00025744295831487253
4.401989124935803,0.0006114606398595777,0.0004852707948759472,0.00025781270355492575
4.402647084448066,0.0006128069250955311,0.0002045381884458868,0.0002585013125742902
4.403305018245659,0.0006141531577154764,0.0010616827527932847,0.00025919757282021196
4.4039628164603855,0.0006154991129120593,0.00043755147229083567,0.0002598993414713763
4.404620614675112,0.0006168450681085713,0.0003502705942589775,0.00026060683456840866
4.40527841288984,0.0006181910233054506,0.0005287699330956302,0.0002613201393802835
4.405936227689245,0.0006195370124367537,0.0002508755579937088,0.0002620393444715969
4.406594105916745,0.0006208831313518789,0.0006259959748347827,0.00026276459159847054
4.407251984144246,0.0006222292502667382,0.000471410823681011,0.00026349588592743757
4.407909862371746,0.0006235753691818136,0.0007131540335630852,0.00026423331708151464
4.408567699493634,0.0006249214039882774,0.0005672067378572042,0.0002649769232317515
4.409225416448545,0.0006262671929147786,0.0005960246534938927,0.00026572671307372315
4.409883133403455,0.000627612981841765,0.00038937812656086624,0.0002664828902928731
4.410540850358366,0.0006289587707685073,0.0009400716693056034,0.0002672465056048259
4.411198579216663,0.0006301594984617769,0.000782143177615037,0.0002681608341065652
4.41185633555467,0.0006313556909382359,0.0008778339593621979,0.0002690902204159892
4.4125140918926755,0.0006325518834147507,0.0006487588598041458,0.0002700293587763664
4.413171848230682,0.0006337480758912036,0.0009003598311961906,0.00027097839230143684
4.413829604568689,0.0006349442683676404,0.00107265539007926,0.0002719374930712302
4.414487360906695,0.0006361404608441331,0.0008251675031184214,0.0002729068436608035
4.415145117244702,0.0006373366533206403,0.0004047051029476102,0.0002738866242771935
4.415802873582708,0.0006385328457972949,0.00022338871446309473,0.00027487702395311155
4.416460566072211,0.0006397289221591349,0.00037761685149265205,0.00027587813733004216
4.417118161175034,0.0006409248214138266,0.00033333119150947757,0.00027689011063183774
4.417775756277856,0.0006421207206689552,0.0005974624468459954,0.0002779132915215492
4.418433351380678,0.000643316619923836,0.001115448892674655,0.0002789478886968139
4.419090981893927,0.0006445125835760635,0.0006663271697303999,0.0002799890220710686
4.41974865699736,0.0006457087088733221,0.0005408823929196123,0.00028026140236338135
4.420406332100794,0.0006469048895775402,0.00035282979701383864,0.00027999717041114953
4.421064007204227,0.0006481010702819364,0.0008506953442360265,0.0002797301449519218
4.421721603473641,0.000649297107602373,0.001187171570514499,0.0002794639213301038
4.422379117366818,0.0006504929950971423,0.0009919514751473087,0.0002791984819123569
4.423036631259995,0.0006516888825918466,0.0009053259135900339,0.00027893379840018714
4.4236941451531715,0.0006528847700864952,0.0008527975594049761,0.0002786698625972273
4.424351658404852,0.0006540806564142917,0.0002853586421192664,0.00027840667384451966
4.425009171099321,0.0006552765417288832,0.0006198038520313666,0.0002781442217572764
4.425666683793789,0.0006564724270434273,0.0009003610399303753,0.00027788251428297213
4.426324196488258,0.0006576683123579681,0.00036519834873612104,0.0002776215408919299
4.426981732750657,0.0006588642405379235,0.0009629149340727289,0.00027736129108277643
4.427639286039847,0.0006600601996859735,0.0012456389319117607,0.00027710312841913693
4.428296839329036,0.0006610160081075452,0.0005216724763992386,0.0002770547323190475
4.428954392618225,0.0006610907470582408,0.0007428188441254707,0.0002777599003793218
4.429611844977622,0.0006611654745372951,0.0009186756762213761,0.0002784754356668861
4.430269237093932,0.0006612401951686908,0.00044729565269724283,0.0002791964604755588
4.4309266292102425,0.000661314915800431,0.00013656830387182288,0.00027992310702689907
4.431584021326553,0.0006613896364318423,0.0003587104491424429,0.00028065544662126774
4.432241467165575,0.0006614643631696426,0.0004729785808955339,0.0002813936168778512
4.432898939270334,0.0006615390928928452,0.00034707308085122577,0.00028213766090673116
4.433556411375093,0.0006616138226160591,0.0006781409288259081,0.00028288763367052925
4.4342138834798535,0.0006616885523392344,0.00032475361862707,0.0002836436095944481
4.434871240074252,0.0006617632689330461,0.0014230245904423406,0.0002844055353257689
4.435528551031042,0.0006618379803400517,0.0007960382844418323,0.00028517358062688793
4.436185861987832,0.000661912691746586,0.0009901143684742516,0.00028594786223809
4.436843172944623,0.0006619874031536906,0.0008878950421890622,0.000286714713176125
4.437500483017236,0.0006615651987813357,0.00043277651253723016,0.0002854270624787461
4.438157792813262,0.0006610422198577324,0.0003296986320131913,0.0002837367195031969
4.438815102609287,0.0006605192409336095,0.0007586885625832781,0.00028207335850997017
4.439472412405313,0.0006599962620098858,0.0011267430486968037,0.0002804388788190427
4.440129722201338,0.0006594732830858503,0.0006717450799640836,0.0002788324504394868
4.440787031997363,0.0006589503041620377,0.0006065595273855058,0.0002772532809063137
4.441444341793389,0.0006584273252383329,0.0006741600077742434,0.00027570061161695205
4.4421016515894145,0.000657904346314304,0.0005143670980995734,0.00027417370750510925
4.44275882443626,0.000657381476352278,0.0007155429168231031,0.0002726721761547857
4.443415973134113,0.0006568586256037048,0.0008978728249562513,0.0002711950740490953
4.444073121831965,0.0006563357748553631,0.0001002308287359028,0.0002697416946231371
4.444730270529817,0.000655812924106712,0.0010260555087009747,0.0002683114062225171
4.4453874907277315,0.0006552900164703971,0.0005460424005520096,0.00026690704804130985
4.4460447193994375,0.0006551996494710071,0.0008897117805831829,0.00026605997798641307
4.446701948071144,0.0006556479127459874,0.000674500777347667,0.0002658840084130904
4.44735917674285,0.0006560961760208523,0.0007309869771878583,0.000265712795330052
4.448016254369026,0.0006565443362753181,0.0004209717160301172,0.00026554195443665205
4.448673321967447,0.0006569924896900966,0.0006685659262097663,0.00026537143766504654
4.449330389565867,0.0006574406431050278,0.0004645379934395986,0.0002652012526298696
4.449987457164288,0.0006578887965198785,0.0005386275938538065,0.00026503139351975036
4.450644563445922,0.0006583369763186842,0.0006600412841255085,0.0002648618470496496
4.451301670468689,0.0006587851566230769,0.0003569109469736106,0.000264692630138465
4.4519587774914555,0.0006592333369271954,0.0002990782115908836,0.0002645237319219696
4.4526158845142225,0.0006596815172314988,0.0005123170101399528,0.0002643551591368798
4.453272991536989,0.0006601296975354476,0.00044515345597058746,0.0002641869068854105
4.453930098559756,0.0006605778778400279,0.0007488888836848371,0.00026401907498306776
4.454587205582522,0.0006611172483209336,0.0004422738161621064,0.0002638683979649273
4.455244301793547,0.0006631337972749345,0.0004359602045169268,0.0002639640884053858
4.455901247780345,0.0006651498852090499,0.0005938482791664657,0.000264061513133831
4.456558193767142,0.0006671659731432516,0.0009239281762006915,0.0002641590440531249
4.45721513975394,0.0006691820610771492,0.0004638443516460491,0.0002642566839242862
4.457872094525591,0.000671198175970723,0.0004980915918871994,0.0002643544324495175
4.458529120474079,0.0006732145092975359,0.0006798589633902651,0.000264452304717042
4.459186146422568,0.0006752308426244183,0.0011161722396709388,0.0002645502834077399
4.459843172371056,0.000677247175951238,0.0006135136057573939,0.00026464836953605923
4.460500173790511,0.0006792634340014098,0.0002829277481258894,0.00026474656701950335
4.461157038727898,0.0006812792732044517,0.000649487452996714,0.00026484484934276444
4.461813903665287,0.0006832951124077422,0.00015178318979905305,0.0002649432433660242
4.4624707686026746,0.0006853109516109055,0.000259000086316465,0.0002650417495855481
4.463127633330412,0.0006873267901705545,0.0007931486564149067,0.00026514205083950736
4.463784497190348,0.0006892433136023116,0.000744728734520695,0.0002654971255356626
4.464441361050284,0.0006911100404976295,0.0007807520608881783,0.0002659833827558331
4.46509822491022,0.000692976767392787,0.0008891475255575418,0.00026647318160031105
4.465755098335014,0.00069484352147059,0.0008507939333209618,0.0002669657041684516
4.466412002709589,0.0006967103635035608,0.0004832605353043044,0.0002674609904960646
4.467068907084165,0.0006985772055363915,0.0007137043273707858,0.00026795904404000907
4.467725811458742,0.0007004440475694648,0.000797758683448856,0.00026845989022724205
4.4683826598568235,0.0007023107305240982,0.0004592888225305559,0.00026896351112811525
4.469039362755375,0.0007041769999870004,0.0009960545497358522,0.00026946986573780495
4.469696065653926,0.0007060432694496194,0.0007097540566172332,0.0002699790913467937
4.470352768552476,0.0007079095389123561,0.0008519079369680301,0.0002704912112178652
4.471009496961489,0.000709775880872673,0.0010442195283070347,0.00027100627811182064
4.471666279807136,0.0007116423775352401,0.0008126660946389374,0.0002715230837598165
4.472323062652782,0.0007128778840739642,0.0006150173674032614,0.0002718500919057494
4.472979845498428,0.000712429975791091,0.0005095484939534134,0.00027167186152985155
4.473636570389632,0.0007119821070314626,0.0010263851950288363,0.00027149063568319254
4.47429319229874,0.0007115343085025678,0.0011513776450180406,0.0002713098039602265
4.474949814207847,0.0007110865099740464,0.0010081580791800415,0.000271129330550832
4.475606436116956,0.0007106387114455424,0.0006951886503062569,0.00027094921610721376
4.476263073841765,0.0007101909021312593,0.0008855236042769108,0.0002707694582239088
4.47691973520344,0.0007097430766968975,0.0005562064429469615,0.0002705900512378644
4.477576396565114,0.0007092952512627458,0.0007475001295260953,0.00027041100012473006
4.478233057926789,0.000708847425828245,0.00041957935457397045,0.0002702323017736121
4.478889719288463,0.0007083996003943335,0.0007350847719227364,0.00027005395921211433
4.479546380650138,0.0007079517749600187,0.0005810337012898878,0.00026987596681788176
4.480203042011812,0.0007075039495258986,0.0005709267657633533,0.00026969832577326873
4.480859703373487,0.0007070561240917703,0.0009286325737690518,0.00026952430475041283
4.481516287270956,0.0007066083069653048,0.000982723059498839,0.0002698411176405888
4.482172787733348,0.0007061605403659272,0.0008322061045125647,0.00027023297318165676
4.482829288195741,0.000705712773766684,0.0009659484788620116,0.00027062702034440304
4.4834857886581325,0.0007052650071674107,0.0005535883221110835,0.00027102278833705123
4.484142330805343,0.0007048172121369346,0.0007297835921490954,0.00027142032156792813
4.484798911202668,0.0007043693910177728,0.0002684492224349108,0.00027181962821269375
4.485455491599992,0.0007039215698988618,0.0003649277253057157,0.00027222069744045597
4.486112071997316,0.000703473748780071,0.0006688379516088292,0.0002726235466163553
4.48676856209914,0.0007030259892468576,0.0009321871757456345,0.00027302813543242496
4.48742498162201,0.0007025782778523328,0.0006806163552649311,0.00027343447846365235
4.48808140114488,0.0007021305664579653,0.0006267554121991506,0.00027384264028578067
4.488737820667751,0.000701682855063545,0.00043671101077067726,0.0002742526330082505
4.489394239593176,0.0007012351440765859,0.0006517861588680894,0.0002746676245378488
4.490050658121682,0.0007005394912953661,0.0008333556187299208,0.0002755642413460949
4.490707076650187,0.0006995695616668875,0.000890354322379385,0.0002770078733155112
4.4913634951786925,0.0006985996320387909,0.0008606735987771458,0.0002784780371502535
4.4920199395871965,0.0006976296641698945,0.0007583005834800829,0.00027997188109117637
4.492676398575424,0.0006966596747578737,0.00103553028554303,0.00028149001854728384
4.493332857563651,0.0006956896853458618,0.0007308839700835936,0.00028303308265373615
4.493989316551878,0.0006947196959336575,0.0009676566334618509,0.0002846017624011142
4.494645638926086,0.0006937499083838027,0.0010594159588895463,0.0002861964441924786
4.495301896629771,0.0006927802163915191,0.0009137788979294756,0.00028781802061987757
4.495958154333456,0.0006918105243993068,0.0004668091704466022,0.0002894674372257862
4.496614412037141,0.0006908408324067958,0.0004226425066400577,0.00029114548552417466
4.497270727066498,0.0006898710557101415,0.00011198437810725371,0.00029285314980429964
4.497927064690519,0.0006889012456265215,0.0011011363582343894,0.00029459108294964745
4.498583402314542,0.0006879314355434976,0.00030790542415068617,0.00029633498119149403
4.499239739938563,0.000686961625460433,0.0009126093081793,0.0002977995390042446
4.499895956059644,0.0006859919949105373,0.0010776126004047874,0.0002992710957520724
4.500552132883652,0.0006850224224269528,0.0010698949981211424,0.000298877196754046
4.5012083097076605,0.0006840528499430723,3.7435675461225414e-05,0.00029812260622633926
4.501864486531669,0.0006830832774594196,0.0011109051408883246,0.000297371387400443
4.502520726784679,0.0006821136112528098,0.00047288479776801926,0.0002966257387122569
4.503176983524158,0.0006811439206847608,0.0005632540593349262,0.00029588563631052854
4.503833240263637,0.0006801742301172893,0.0004938941339026969,0.00029515104311108367
4.5044894970031155,0.000679204539549798,0.000672417203451137,0.0002944218943675249
4.505145620051095,0.000678235046526092,0.0011863076733871747,0.0002936982620660857
4.505801716015358,0.0006772655935213226,0.000718723214762631,0.0002929799583556215
4.5064578119796215,0.0006762961405166977,8.30239752405425e-05,0.00029226689357539614
4.507113907943886,0.0006753266875117075,0.001082738773925228,0.00029156011018445494
4.5077700030963035,0.0006747033058340482,0.0009359792895329011,0.00029102346599877495
4.508426098126489,0.0006742558157597964,0.00028987726745863875,0.00029057410704838235
4.509082193156675,0.0006738083256861399,0.0008452851677352988,0.0002901273786964513
4.50973828818686,0.0006733608356122551,0.00101002739661695,0.00028968269330056776
4.5103944198376675,0.0006729133205607156,0.0006957632126554665,0.00028924002798298904
4.511050555287705,0.0006724658029185527,0.000340806281377284,0.00028879937839765887
4.511706690737742,0.0006720182852760519,0.00036572245565603853,0.0002883607321068128
4.512362826187779,0.0006715707676337178,0.0005699068911413218,0.00028792408172391816
4.51301881004333,0.0006711233533864915,0.0007806960257007798,0.0002874894976665328
4.513674784755336,0.0006706759453754737,0.0010704590237485168,0.0002870568827218391
4.514330759467343,0.0006702285373646235,0.0006232641201523841,0.0002866262160392499
4.51498673417935,0.000669781129353435,0.0005257804344798683,0.00028619747593068486
4.515642787195036,0.0006693336679357457,0.0009542621462877704,0.00028577243315137176
4.51629884181035,0.0006690379272130281,0.0007168065158679038,0.00028562793560702756
4.516954896425664,0.0006691870644294585,0.0009580500558551532,0.00028629025923842876
4.517610947702224,0.0006693362008871076,0.0006803978407064373,0.0002869626257223287
4.5182668012067815,0.0006694852923861179,0.0008966461182347465,0.0002876395442950972
4.518922654711339,0.0006696343838855043,0.0010652809522656063,0.00028832126794660514
4.519578508215897,0.0006697834753843291,0.0007182273438876863,0.00028900784963456196
4.520234363803518,0.0006699325673570408,0.0005869267965096677,0.00028969936109753456
4.520890256809122,0.0006700816678356008,0.0009294897956133325,0.00029039588687450156
4.521546149814727,0.0006702307683142337,0.0009480582203866967,0.00029109746199208335
4.5222020428203304,0.0006703798687929885,0.0005246457049866776,0.0002918041326447346
4.522857935825935,0.0006705289692715042,0.0005699967180600547,0.00029251596744265385
4.523513828831539,0.0006706780697502432,0.0009930810845248674,0.0002932330346296797
4.524169721837143,0.0006708271702287174,0.0002654171705459995,0.00029395538768643497
4.524825614842747,0.0006709762707075165,0.00043109754453354604,0.00029467251242154167
4.525481487922286,0.0006708119286383821,0.0008180654527263309,0.00029380707706314
4.526137220264179,0.0006705883072870432,0.0008142908366678241,0.00029264438955741145
4.526792952606072,0.0006703646859362365,0.0008649343806708617,0.0002914934361170576
4.527448684947965,0.0006701410645853414,0.0003852635130064794,0.00029035593216726325
4.528104430026022,0.0006699174388907432,0.0011407383515766095,0.0002892316041080092
4.528760242256625,0.0006696937902955939,-0.0001729534681195517,0.00028812010597358386
4.529416054487228,0.0006694701417004224,0.000888467240864225,0.0002870213072613891
4.530071866717832,0.0006692464931052219,0.0006154398788666549,0.0002859349641770917
4.530727647691295,0.0006690228551694214,0.0007845731541304509,0.0002848608960589704
4.531383299282946,0.0006687992613563549,0.0005577762486012434,0.00028379903221918706
4.532038950874597,0.0006685756675431009,0.0008978277524801497,0.00028274894475474014
4.532694602466248,0.0006683520737297442,0.0015790915452732956,0.0002817104089342105
4.533350253862514,0.0006681284799831045,0.0009149988963325908,0.0002806860002704925
4.534005904602787,0.0006673342808980453,0.00056717413012902,0.00028008910092772025
4.53466155534306,0.0006657693041366964,0.0007569802817134057,0.00028005562156758833
4.5353172060833336,0.0006642043273756447,0.0004995254715364627,0.0002800258791879572
4.535972856823607,0.0006626393506143307,0.0010823133855226213,0.0002799961496560525
4.53662850756388,0.0006610743738529338,0.0008022450471393446,0.0002799664192960778
4.537284158304154,0.000659509397091646,0.0008762231332268493,0.0002799367065713469
4.537939809044428,0.0006579444203304989,0.0009921713403602344,0.00027990700248732694
4.53859541195288,0.0006563795577392634,0.0006873197403767727,0.00027987730881836844
4.539250902103695,0.0006548149642899624,0.0006040996135105848,0.0002798476285405226
4.539906392254511,0.000653250370840566,0.0005332455591492565,0.0002798179580987083
4.540561882405327,0.0006516857773909981,0.0005689935976504639,0.00027978829637563687
4.541217399057343,0.0006501211206860529,0.00015168292168375123,0.0002797586497000588
4.541872969082273,0.0006485563365845939,8.220268289352664e-05,0.00027972899873111834
4.5425285391072014,0.0006469923570089425,0.0007530104179791849,0.00027969843301271855
4.543184109132131,0.000645576599964642,0.00072155360000572,0.00027959127748185524
4.543839620474104,0.0006441609696515047,0.00095226954900446,0.00027948373372071273
4.544495029934312,0.0006427455593596556,0.0005460674805057387,0.00027937633399296606
4.54515043939452,0.0006413301490685073,0.000946450003004521,0.0002792690614030164
4.545805848854728,0.0006399147387770046,0.000912218323892672,0.0002791619125311752
4.546461257993258,0.0006384993291801467,0.0006719678550147208,0.0002790548841990547
4.547116666647104,0.0006370839206301746,0.000723797085492975,0.00027894797977582523
4.5477720753009505,0.0006356685120801554,0.00040109124185752545,0.000278841201021747
4.5484274839547965,0.0006342531035302134,0.0003900905902695806,0.0002787345417682865
4.549082910019006,0.0006328376573810744,0.0007888421199821847,0.00027862800607020977
4.549738359008175,0.0006314221617236526,0.0006720669981413564,0.00027852159191909154
4.550393807997343,0.0006300066660661666,0.00034956628368248467,0.0002784152920683313
4.551049256986512,0.0006285911704087862,0.0005200124723463141,0.0002783095286353838
4.551704631394607,0.0006275227980744038,0.0007732807160397304,0.0002782656139031077
4.552359919856145,0.0006267034081597194,0.0002847263415174073,0.0002782661850790696
4.553015208317683,0.0006258840182454766,0.0005057081985001631,0.000278267056632281
4.553670496779222,0.0006250646283309304,0.0004482136879493782,0.0002782679254035666
4.55432580490286,0.0006242452138307153,0.0002795637724702493,0.00027826879200760167
4.554981132900952,0.0006234257744787377,0.0009170733090476587,0.00027826966362933756
4.555636460899045,0.0006226063351268146,0.00011165662670116049,0.00027827053243781693
4.556291788897138,0.0006217868957747993,0.0005803335686615917,0.00027827140096231556
4.556947031908899,0.0006209675626918041,0.0011319652671919079,0.0002782722695021306
4.5576021994164355,0.000620148324021679,0.000900180120411673,0.00027827313653924784
4.558257366923972,0.0006193290853514011,0.0007551318421703443,0.0002782740086325009
4.55891253443151,0.0006185098466810803,0.0006683315867248447,0.00027827487481426266
4.559567724144007,0.0006176905802452088,0.0003790672936086714,0.000278276049102122
4.560222931195685,0.0006169766012287613,0.0006441670250986027,0.0002783242802590869
4.560878138247361,0.0006168276566840936,0.0009126442636749733,0.0002786171078979831
4.561533345299037,0.0006166787121391757,0.0010405293120020842,0.00027891249654306207
4.5621885523507135,0.0006165297675945965,0.0007857878108341862,0.0002792088295468247
4.56284375940239,0.0006163808230500909,0.0009921916258829415,0.0002795061086311469
4.563498966454066,0.0006162318785056077,0.00045677754799645676,0.0002798043326617334
4.5641541735057425,0.000616082933960929,0.0009943943085876355,0.000280103513554815
4.564809280352329,0.0006159340121952024,0.0011437873993824545,0.0002804036112762211
4.565464326950509,0.000615785104125804,0.00036837239076163307,0.00028070464400855916
4.566119373548688,0.000615636196056267,0.0008138161250282516,0.0002810066473881279
4.566774420146867,0.0006154872879866273,0.0006548124149557471,0.0002813096261101046
4.567429519105883,0.0006153383680141745,0.001185914199653626,0.00028161361346890214
4.568084645551414,0.0006151894417933348,0.0005284636164786792,0.00028191859537396495
4.568739771996945,0.0006150405155725524,0.0006348223112011417,0.00028222355598044935
4.569394898442477,0.0006148915770281816,0.0008220080602337238,0.0002823769537798585
4.5700498870454505,0.0006147426652163129,0.0004927900365902701,0.0002824726673935909
4.5707048127788905,0.0006145937676982086,0.0009240795398263045,0.0002825680810985356
4.571359738512331,0.0006144448701803941,0.0010795350808945013,0.00028266360097772164
4.572014664245771,0.0006142959726621537,0.0008451659801666054,0.00028275921560949976
4.572669618354499,0.0006141470686930657,0.00031412612375509734,0.00028285493039253447
4.573324583647223,0.0006139981621809475,0.000472892299830276,0.00028295074201016535
4.573979548939948,0.0006138492556688941,0.0006721213915609004,0.0002830466507459237
4.574634514232673,0.0006137003491571368,0.0007362461209252936,0.000283142662698296
4.575289479525398,0.0006135514426452748,0.0007383743564705362,0.0002832387695072069
4.5759444448181235,0.0006134025361332371,0.0004296136053553897,0.0002833349710250654
4.576599410110848,0.000613253629621291,0.0010750793125415329,0.00028343127032412713
4.577254375403573,0.0006131047231092072,0.0006451580952135997,0.000283529298207667
4.577909216026351,0.0006131103751001557,0.0005309346012082155,0.0002838755300930039
4.578564020939645,0.0006134825079220813,0.00045691556233223754,0.0002848086389502058
4.57921882585294,0.0006138546407438397,0.0009726622973204048,0.0002857549450736484
4.579873630766235,0.0006142267735655215,0.0008208809467898151,0.0002867107367707375
4.580528500114854,0.000614598943006773,0.0007420770364853023,0.00028767625449480663
4.5811833848609025,0.0006149711211985018,0.0009730806879443021,0.0002886516108247325
4.581838269606952,0.0006153432993901754,8.292407758796422e-05,0.0002896369419281253
4.582493154353001,0.0006157154775819456,0.00040280083803229013,0.0002906324121561608
4.58314790493505,0.0006160875795265632,1.8553559267656854e-05,0.0002916379975392764
4.583802629326343,0.0006164596665870494,0.0005748369798549092,0.00029265404087247326
4.584457353717637,0.0006168317536471542,0.0007620968940059244,0.0002936807563579586
4.5851120781089305,0.0006172038407075176,0.0009806308377351485,0.0002947183444577779
4.585766801912079,0.0006175759274334186,0.0005580919192708573,0.00029576698338299937
4.586421525624196,0.0006179480141077058,0.0006987467644313347,0.00029682339651306537
4.587076249336312,0.0006185761814078973,0.000176651449256814,0.0002973635800920592
4.587730973048429,0.0006192459374218965,0.00019623756753591446,0.0002978173939102278
4.588385696760546,0.000619915693435488,0.0005556996017170828,0.0002982727092982678
4.589040420472662,0.0006205854494493139,0.00028037310631145654,0.0002987301272650568
4.589695144184779,0.0006212552054630214,0.0013214824079341666,0.0002991896523797659
4.5903498678968955,0.0006219249614766292,0.0008003123810942054,0.00029965129550678653
4.59100444363176,0.0006225945661156789,0.0005894148048637351,0.0003001149782450175
4.591659007038448,0.0006232641581435416,0.0006125680294667495,0.000300580806291279
4.592313570445135,0.0006239337501712913,0.000602084639146315,0.00030104881114605196
4.592968133851824,0.0006246033421988929,0.00047011540333016707,0.0003015190053938913
4.593622773198784,0.0006252730119105873,0.001070986269528317,0.00030199146575648697
4.594277416423629,0.000625942685589247,0.0003859632996922812,0.00030246614501146024
4.594932059648474,0.0006266123592676085,0.0004515073294302698,0.00030293997780005843
4.595586702873319,0.0006264985511002363,0.0006491367606839133,0.00030294720492251453
4.596241189104395,0.0006253081703227456,0.001209902014197683,0.00030231640914183555
4.596895672048465,0.0006241177955241579,0.0007625872085434146,0.0003016853318396555
4.5975501549925335,0.0006229274207251702,0.0004189083398911578,0.0003010581881139652
4.598204637931955,0.0006217370459347183,-3.618992062272893e-05,0.0003004349320787991
4.59885912024161,0.0006205466722900756,-0.0002217050133402189,0.0002998155320470924
4.599513602551264,0.0006193562986451831,0.00039358081884401867,0.0002991999439663082
4.600168084860917,0.0006181659249997253,0.0006889885139226109,0.00029858811883819294
4.600822567170572,0.0006169755513552577,0.0005110329210738038,0.0002979800367885106
4.601477049480225,0.000615785177710273,0.0006196551084199568,0.0002973756480293737
4.60213153178988,0.0006145948040652714,0.00038730382081161635,0.0002967749210544387
4.602786014099534,0.0006134044304203845,0.00068965031437706,0.00029617781657209754
4.603440486551196,0.0006122140747051456,0.00045894585807132145,0.0002955843010069072
4.604094808629357,0.0006110239924896432,0.0008565024244551296,0.0002949968043936127
4.604749130707519,0.0006099797874623247,0.0005885654490988689,0.0002947610078644205
4.60540345278568,0.0006089385838827085,0.0002656944831004486,0.00029453524693600117
4.6060577819167925,0.0006078973690799988,0.0007120933163545053,0.00029431005577701706
4.606712183798513,0.0006068560385112896,0.00082613768735979,0.0002940853507544786
4.607366585680234,0.000605814707942474,0.0006206729283132113,0.00029386116191242707
4.608020987561954,0.0006047733773734753,0.00042516886229518715,0.0002936374883273207
4.60867537102145,0.0006037320761196397,0.0006900579877404204,0.0002934143217396575
4.609329612696309,0.0006026910004833936,0.00021474686885231793,0.000293191720645135
4.609983854371167,0.0006016499248469518,0.0003144263431004077,0.0002929696219588695
4.610638096046026,0.0006006088492106252,0.0008562481581439066,0.0002927480340041536
4.6112923490010225,0.0005995677556245447,0.00023013248468242844,0.0002925269319575673
4.611946670474573,0.0005985265530068922,0.00024402291196636407,0.00029230631265153394
4.612600991948125,0.0005974853503892122,0.00039648972586595163,0.00029208827861321125
4.613255313421677,0.0005970000000000648,0.00020316559975139926,0.0002921845458475556
4.613909601337736,0.0005970000000000525,9.863740278380658e-05,0.00029255649800741815
4.614563722444683,0.0005970000000000437,0.00020659907485647846,0.0002929316077685266
4.615217843551631,0.0005970000000000119,0.00016110540574388297,0.0002933081690794025
4.615871964658579,0.0005969999999998262,0.0004657962204482026,0.00029368617538503216
4.6165260934147305,0.0005970000000000014,0.000999198444363622,0.0002940656569246499
4.61718025413121,0.0005970000000000201,0.0007063701841067069,0.00029444662615892725
4.617834414847689,0.0005970000000000913,0.0008838059165932506,0.0002948290734650005
4.618488575564168,0.0005970000000000318,0.00036264162859076323,0.0002952130127525694
4.619142736280647,0.0005969999999999245,0.0008332680305398612,0.00029559846283113534
4.619796896997127,0.0005969999999999786,0.0008319694240354948,0.0002959854173251438
4.620451057713606,0.0005969999999999162,0.0010957533995584582,0.00029637389080393604
4.621105218430086,0.0005969999999999856,0.0010073544600486737,0.0002967641080070015
4.621759340168876,0.0005971344786936044,0.0006773130596330957,0.0002971893387718829
4.622413340752343,0.000598695516685385,0.0006021168823068851,0.0002979504116511394
4.623067341335809,0.0006002565546775334,0.0013841403541279154,0.00029871960523591707
4.623721341919275,0.0006018175926692621,0.0008015782320238653,0.00029949477776616807
4.624375363909656,0.0006033786817575651,0.0005951311133735879,0.00030027604183091805
4.625029444277217,0.0006049399101865593,0.0006452641385097279,0.00030106351250307303
4.625683524644778,0.0006065011386155719,0.0001590825550011851,0.00030185720636790225
4.626337605012339,0.0006080623670445903,0.0001667726567494437,0.0003026572041784966
4.62699162670905,0.0006096234554320197,0.0008095365597547256,0.0003034635112608446
4.62764550681344,0.000611184205851475,0.00047810922111213896,0.00030427611708490717
4.628299386917831,0.0006127449562712571,0.0008589732471668154,0.00030509527867054103
4.628953267022221,0.0006143057066909994,0.00012289607837281957,0.0003059210832003178
4.629607159693085,0.0006158664871055159,0.0008802844412618333,0.0003067536275982172
4.630261079422009,0.0006174273321051824,0.00048493935049648545,0.0003075910289503765
4.630914999150934,0.0006190822892102964,0.0012730682595191328,0.0003081304873374864
4.631568918879859,0.0006207917861146038,0.0012288175745092582,0.00030849426489388437
4.632222838608784,0.0006225012830190543,0.0001255662636002248,0.00030885815312145173
4.632876758337709,0.0006242107799235161,0.000702776773923571,0.00030922333364382564
4.633530678066633,0.0006259202768278794,0.0005136438330946877,0.0003095898095411081
4.634184597795559,0.0006276297737323599,0.00025194851700855114,0.00030995759056527916
4.634838459182582,0.0006293391181176204,0.0008314149579385774,0.0003103266532032153
4.635492218852277,0.0006310481965903812,4.203179586011901e-05,0.000310696980087773
4.636145978521973,0.0006327572750631522,0.0011791451826032775,0.00031106863166942923
4.636799738191669,0.000634466353535849,0.0005862093148014094,0.0003114416234919589
4.637453528807098,0.0006361755129078318,0.000612129107857027,0.00031181598048234143
4.638107368246291,0.0006378847999164621,0.0005765210550748197,0.0003121917134573583
4.638761207685483,0.0006395940869249835,0.0009416081710706932,0.0003125687199005508
4.639415047124675,0.0006404987165239766,0.000682268723412183,0.00031293370280254624
4.640068804271591,0.000637674711569897,0.0003971991051189019,0.0003132394893619234
4.640722443550947,0.0006348512157627204,0.0008499776154236311,0.00031354571584198316
4.641376082830305,0.0006320277199555107,0.0008627012495399177,0.00031385282649010654
4.642029722109661,0.0006292042241483983,0.0008918374306413593,0.0003141608437302406
4.6426833785861366,0.0006263806540556586,0.0004944315092036373,0.0003144697693177805
4.643337057504998,0.0006235569870193742,0.000984326634833756,0.00031477960993075304
4.643990736423858,0.0006207333199832765,0.0007782325588287337,0.00031509037296278286
4.644644415342719,0.0006179096529472613,0.0004362346766059885,0.000315402038165006
4.64529809426158,0.0006150859859110807,0.00039974195378974457,0.0003157146404099647
4.645951773180441,0.0006122623188749735,0.0006442699560833648,0.0003160281578781916
4.646605452099302,0.0006094386518388606,0.0006145579016417965,0.0003163426139216922
4.647259131018163,0.0006066149848027733,0.0007768561191923922,0.00031665800553477364
4.647912733420515,0.0006037916482915433,0.000968509677398869,0.0003169782532878077
4.648566252353866,0.0006029465500848298,0.0007247307629346157,0.00031789783266061427
4.649219771287215,0.0006028722696878762,0.0004490748493601197,0.00031906503925457317
4.649873290220564,0.0006027979892907093,0.0003999505435943782,0.0003202467593387545
4.650526828987083,0.0006027237066393176,0.0003293595219053051,0.00032144172590673257
4.6511803875674085,0.0006026494217359227,0.00044927465073165394,0.00032265016403520204
4.651833946147735,0.0006025751368324518,0.00033563872719984063,0.00032387230575042965
4.652487504728062,0.0006025008519290953,0.0007404990402304143,0.00032510840832083716
4.653140979858603,0.0006024265765107647,0.0006156388632559889,0.00032635857986181786
4.653794378490253,0.0006023523097875233,0.0004141071838211017,0.00032762309547064867
4.654447777121902,0.0006022780430641988,0.0007441489305563166,0.0003289023950377282
4.655101175753552,0.0006022037763408289,0.0010211401114647962,0.00033019676085717224
4.655754595916325,0.0006021295071702589,0.0008576851236202063,0.0003315065314092234
4.656408034202416,0.0006020552359396119,0.0011779838211172242,0.0003328257923901735
4.6570614724885075,0.000601866737817466,0.00041686016910273433,0.00033320333302433507
4.657714910774598,0.0006013467801043059,0.0009419224431307207,0.00033088547523778744
4.65836834906069,0.0006008268223911046,0.0003904224934369769,0.0003285978489631968
4.659021787346781,0.0006003068646780209,0.0003157278702704609,0.00032635691380392313
4.6596752256328715,0.0005997869069648147,0.00038783531335213873,0.00032416111110163777
4.660328663918963,0.0005992669492517202,0.00021961695914135012,0.0003220089511730559
4.6609820087409455,0.0005987470659102827,0.0006139330009500182,0.00031989929676766573
4.661635287115179,0.0005982272354432203,0.0006790917291464989,0.0003178306902613845
4.662288565489412,0.0005977074049759198,0.0007450413512624237,0.00031580162906446626
4.662941843863646,0.0005971875745089056,0.0006866278271052133,0.0003138108597384461
4.663595146232551,0.0005966677249484912,0.000790609075344263,0.00031185712504891574
4.664248464268682,0.0005961478629214509,0.0005317011627479296,0.00030993932360834933
4.6649017823048124,0.000595628000894167,0.0010365175968912693,0.0003080564065011887
4.665555100340943,0.0005951081388671248,0.0005863718763283231,0.0003062168895576368
4.666208318455164,0.000594529603587097,0.0007906097140018703,0.00030582914520885506
4.666861476616239,0.0005939356884598474,0.0009608807232071538,0.00030582637805698246
4.667514634777313,0.0005933417733326961,0.0006080420055037824,0.0003058261051123062
4.668167792938387,0.0005927478582056681,0.0006204956607943717,0.0003058258313510413
4.6688209508483896,0.0005921539433067892,0.0009177608761177826,0.0003058255620184361
4.669474108620069,0.0005915600285336152,0.0005514104670250812,0.0003058252952341142
4.670127266391748,0.0005909661137606345,0.0008929634657785905,0.0003058250193995312
4.670780424163428,0.0005903721989876465,0.0005653427658949396,0.0003058247492853193
4.671433608526834,0.0005897782600346309,0.000718957705597871,0.00030582447672038615
4.672086806357254,0.0005891843088364092,0.0003241559439038746,0.0003058242063479444
4.672740004187674,0.000588590357637884,0.0005000196675650394,0.0003058239370243992
4.673393202018095,0.0005879964064395208,0.00017860963487918312,0.0003058236642616088
4.674046263306147,0.0005874025793988671,0.0008657300658722338,0.0003058249363260539
4.674699261251814,0.0005869761012443946,0.00035500802388115023,0.00030606085375192905
4.675352259197482,0.0005869018800639432,0.0007622650539884105,0.00030678899784757855
4.676005257143149,0.000586827658883529,0.00053589436820985,0.00030752565358669085
4.676658311046921,0.0005867534313426801,0.00039060169626064335,0.00030826768672326244
4.677311388715856,0.0005866792011006329,0.00023037429740648267,0.00030901513429257624
4.677964466384792,0.0005866049708586951,0.0009697112777444136,0.0003097680424181835
4.678617544053727,0.0005865307406168293,0.0006880611471367883,0.00031052646249804815
4.679270506592236,0.000586456523460782,0.0006235524270893915,0.0003112903340822554
4.6799234244596715,0.0005863823113822422,0.00021236667180688672,0.00031205981379051794
4.6805763423271065,0.0005863080993036233,0.00019753010461037864,0.0003128350117388452
4.681229260194542,0.0005862338872249949,0.0009800848516012444,0.00031361600448389184
4.681882177807058,0.0005861596751753732,0.0003367658844275611,0.00031440286275219524
4.682535095329435,0.0005860854631359952,0.0008942534998766027,0.00031519566201071046
4.683188012851811,0.0005860112510966653,0.0006948095074975183,0.00031599569183530255
4.683840930374187,0.0005865667128984678,2.78027538421397e-05,0.00031698678767670896
4.6844938478965625,0.000587234697177393,0.0004327839155425472,0.00031802186662137626
4.685146765418939,0.000587902681456287,0.0006417764602051688,0.00031906734994178527
4.685799682941315,0.0005885706657352064,0.00037958136778001254,0.00032012318115778166
4.686452600463691,0.0005892386500140172,0.00023949299227293857,0.00032118955338451203
4.68710539434949,0.0005899065078033033,0.000982292845578753,0.00032226642933409923
4.6877581521193665,0.0005905743286430967,0.0003042926080604296,0.0003233541241815123
4.688410909889243,0.0005912421494830623,0.0004113530920756398,0.0003244528838088655
4.68906366765912,0.000591909970323039,0.00042198930677844835,0.0003255628972233527
4.6897164884992595,0.0005925778556885943,0.0007691979243583287,0.00032668446445625204
4.690369325977806,0.0005932457580765919,0.0006235457486261493,0.00032781770801239946
4.691022163456352,0.000593913660464624,0.0004054028899478401,0.00032896280198724205
4.6916750009348975,0.000594581562852686,0.00018288011522758633,0.00033011317678650404
4.69232770929737,0.0005952770053392109,0.0007741413468308463,0.000330241853346305
4.692980387047906,0.0005960188532029864,0.0005484302957223469,0.0003286678209059781
4.693633064798442,0.000596760701066587,0.0006795566931892855,0.0003271049462923904
4.694285742548979,0.000597502548930471,0.0007949185060293568,0.0003255641057901544
4.694938420051306,0.0005982443965120703,0.00048359394347370567,0.0003240447843867251
4.6955910975010555,0.0005989862440339242,0.0006582298956230785,0.00032254648973629557
4.696243774950804,0.0005997280915557924,0.00018191093357932444,0.00032106873277131995
4.696896452400552,0.0006004699390776125,0.0006130250344536627,0.00031961105989904387
4.697549129850302,0.0006012117865996206,0.0007018186285735204,0.000318173008054437
4.69820180730005,0.0006019536341214588,0.000933034653367699,0.00031675415642189555
4.698854484749798,0.0006026954816432968,0.0008261717363941064,0.0003153540693682867
4.699507162199548,0.0006034373291651432,0.000988145370479611,0.00031397234766402656
4.700159702736984,0.000604179021069482,0.00031029476448509423,0.0003126088744331917
4.7008122205076805,0.0006049206870967091,0.00048280106008161285,0.0003112714081452124
4.701464738278378,0.000603873871691167,0.000874334395634671,0.00031120140703556513
4.702117256049075,0.0006026128961197453,0.0011128593447709526,0.0003112903842440413
4.702769843415886,0.0006013517860554945,0.0009686752916564681,0.00031138044139716593
4.7034224408806535,0.0006000906564770467,0.0009328866407624333,0.00031147058233992584
4.704075038345421,0.0005988295268987515,0.0004406911049359527,0.0003115608019257544
4.704727635810189,0.00059756839732031,0.0002570187870751244,0.00031165109265864224
4.70538005582288,0.0005963076106639217,-0.00010970657454264403,0.00031174143975336294
4.706032453660155,0.0005950468668611468,0.0004665382229689524,0.0003118318689512024
4.70668485149743,0.0005937861230583127,0.0009318780480606009,0.00031192236541524766
4.707337249334705,0.0005925253792554711,0.0002403082731652322,0.0003120129508550872
4.707989683077634,0.0005912645660656931,0.0007513388991543539,0.00031210361557560784
4.708642120631236,0.000590003745511923,0.0008289162366743078,0.00031219435923981955
4.709294558184838,0.0005887429249582814,0.0005991385942696934,0.00031228757199908635
4.70994699573844,0.0005876040072062545,-9.558682978892392e-05,0.0003127435533771869
4.7105994332920424,0.0005866399599004071,0.0002430145521284434,0.00031372375047500486
4.711251870845644,0.00058567591259448,0.0003356265374798743,0.0003147167047419618
4.711904308399246,0.0005847118652887129,0.0006326636864190376,0.0003157191353684457
4.712556745952848,0.0005837478179828121,0.0002728738691338774,0.00031673117060874485
4.713208997248143,0.0005827840458938951,0.0005530298193409057,0.00031775269452641
4.713861235242753,0.0005818202934581155,0.0007732996184303543,0.0003187841119709515
4.714513473237362,0.0005808565410222958,0.0013285215566799153,0.00031982561721015525
4.715165711231973,0.0005798927885865816,0.0008242955470167132,0.0003208773723381224
4.715818024721354,0.0005789289245991089,0.0005722224050617192,0.00032193966580251347
4.716470342393002,0.0005779650544317463,2.992980792179982e-05,0.0003230125612155505
4.717122660064651,0.0005770011842645184,0.0004746077567020083,0.00032409622367610466
4.7177749777362985,0.0005760373140972742,-1.350861850130179e-05,0.0003251908411256281
4.718427141994194,0.0005750736706155378,0.00047864560061731194,0.00032628512562159136
4.71907930009684,0.0005747946237451442,3.322783384101884e-06,0.00032570592339431834
4.719731458199486,0.0005745722465789088,0.0004736701950151194,0.0003249812291223071
4.720383616302131,0.0005743498694127283,0.0012874979774817738,0.0003242604339352691
4.721035852092926,0.0005741274657561121,0.00025589344213729724,0.00032354430850471314
4.721688089867743,0.0005739050614226993,0.0009493359005188506,0.0003228329049532871
4.722340327642561,0.0005736826570893694,0.00033147397426850505,0.0003221261633089109
4.722992565417379,0.0005734602527560508,0.0007394579837912017,0.00032142402563952653
4.723644606007649,0.0005732379156599648,0.000978411810141126,0.0003207266635547777
4.724296644309039,0.0005730155793445395,0.00011472789723504788,0.00032003381533934455
4.724948682610428,0.0005727932430290315,0.0006687975565491795,0.00031934542860041255
4.7256007209700295,0.0005725709066935377,0.0005493032115776386,0.0003186614558912199
4.726252799009887,0.0005723485568277401,5.246135033987686e-05,0.00031798181103363473
4.726904877049745,0.000572126206961901,0.0007022636078843992,0.00031730855254997315
4.727556955089603,0.0005724807691649165,0.0009180091584405532,0.0003169499688107022
4.728209033129461,0.0005735926448724008,0.0007229582405368033,0.00031699862693562123
4.728861111169319,0.0005747045205798106,0.0005203044079793147,0.0003170500062900452
4.729513189209177,0.0005758163962871133,0.0009598478343958632,0.0003171014142438985
4.730165267249035,0.0005769282719944503,0.0010124624232053189,0.00031715284773020983
4.730817340031143,0.0005780401387366688,8.101863971356877e-05,0.0003172042943104757
4.731469218665977,0.0005791516744333085,0.0005935843443587217,0.000317255765657308
4.732121097300809,0.0005802632101298416,0.0009396453217423134,0.0003173072576023763
4.732772975935642,0.000581374745826459,0.0008447147896168859,0.0003173587677211228
4.733424857623664,0.0005824862867290076,0.0006903250908243411,0.0003174103104224205
4.734076815913636,0.0005835979582476395,0.0007118160934578425,0.00031746188284450855
4.734728774203609,0.00058470962976628,4.3107129948802606e-05,0.0003175134805820877
4.735380732493582,0.0005858213012850043,0.0005535300207417402,0.00031756510344057784
4.736032682802815,0.0005869329591955096,0.0010957414040270379,0.00031761848854865437
4.73668448163369,0.0005893669442538985,0.00036317525756462477,0.00031793267549790223
4.7373362804645645,0.0005918858303926964,0.0005315423261529976,0.00031826634584789486
4.737988079295439,0.0005944047165316535,0.00034395426081173294,0.0003186011861154904
4.738639878117761,0.000596923602637441,0.0005318839445133084,0.0003189370821690386
4.739291676809621,0.000599442488238987,0.0004975477404040008,0.00031927404354309305
4.739943475501482,0.0006019613738407517,0.0007649841678634818,0.00031961207645420016
4.740595274193343,0.0006044802594423529,0.000832192412984012,0.00031995118509863305
4.741247072885203,0.0006069991450439382,0.00047958695938273786,0.00032029137969225653
4.741898871577063,0.0006095180306455403,-4.6792379363742604e-05,0.00032063265430509416
4.7425506702689235,0.0006120369162472667,0.0002055011410724799,0.0003209750266598737
4.743202468960784,0.0006145558018489239,0.0005884883269805968,0.0003213185089722304
4.743854254420344,0.0006170746363141818,0.0010966145300568128,0.0003216630741632258
4.7445058937019065,0.0006195929058722535,0.00040513310884969874,0.00032200730661824845
4.745157532983468,0.0006207385172366841,0.00026236040492551874,0.0003221440058196613
4.745809172265029,0.000620145915866689,0.0010039519659487766,0.00032201776805565024
4.746460818993449,0.0006195533077244867,-0.00016649788755396786,0.00032188992902522145
4.747112537915551,0.0006189606339291223,0.0003097868713763588,0.0003217622303433749
4.7477642568376535,0.0006183679601339107,9.943816978412402e-05,0.00032163468447464277
4.748415975759756,0.0006177752863386942,0.0006286172240461121,0.0003215072853627959
4.749067674007593,0.0006171826313446533,0.0012309341747918313,0.000321380043018001
4.749719193678421,0.0006165901387486411,0.0007705561100037853,0.00032125240985462366
4.750370713349247,0.0006159976461526799,0.0007746042572130169,0.0003210380205657451
4.751022233020075,0.0006154051535568952,0.0008375474188366979,0.0003207581456474142
4.751673757205843,0.0006148126568548981,0.0011096877869402814,0.00032047857674411093
4.752325316646991,0.0006142201280919114,0.0005790226186724082,0.0003201997263227319
4.752976876088138,0.0006136275993286242,0.0007352396774837945,0.00031992158562533927
4.753628435529286,0.000613035070565558,0.00020308017307612013,0.0003196466205408664
4.7542799949704335,0.0006115368385565422,0.0005301195077859699,0.0003197396354368045
4.7549315544115816,0.0006099816273421484,0.00015109258529601301,0.0003198583272368524
4.75558311385273,0.0006084264161277813,0.00037217561273828826,0.0003199773104586777
4.756234673293877,0.000606871204913484,0.0004778169753678008,0.00032009643185962095
4.756886206426917,0.0006053160564940076,-0.00015760925194250425,0.0003202156743556442
4.757537566685053,0.0006037613207108347,0.0004396480578041314,0.00032033501481087306
4.758188926943188,0.0006022065849276127,0.0006976894857042694,0.0003204544908584367
4.758840287201323,0.0006006518491444535,0.0003803788945717281,0.0003205740970220627
4.759491658675954,0.0005990970865884202,0.0005836778179508797,0.0003206938434788121
4.760143098557599,0.0005975421607513591,0.0006508513118381471,0.00032081373309088154
4.760794538439242,0.0005959872349142,0.0002162421624167714,0.00032093375578255603
4.761445978320887,0.0005944323090772584,0.00039047207909656686,0.000321053912463099
4.76209739440078,0.0005928774400528444,0.0007081019966527764,0.00032117450939013166
4.76274867498182,0.0005919355137571943,0.0007549892635830628,0.00032134285907580313
4.76339995556286,0.0005917874617952026,0.001382629153819679,0.00032157311092490557
4.764051236143899,0.0005916394098332315,0.0006157302909501643,0.000321804258312227
4.764702516718027,0.0005914913578727513,0.0005338076477818672,0.0003220359027397913
4.765353797255237,0.0005913433059206155,-8.908922860834654e-05,0.00032226806327981543
4.766005077792447,0.0005911952539684812,0.00020120953401736385,0.0003225007097370629
4.766656358329658,0.0005910472020164395,0.0010840918362844925,0.00032273387049240956
4.767307638866868,0.0005908991500644663,0.0005660171909617722,0.00032296752593579027
4.767958919404078,0.0005907510981122881,-0.00020637054045894224,0.0003232016912553611
4.768610199941288,0.0005906030461601694,0.0009506080820034697,0.0003234363740917954
4.769261480478499,0.000590454994208102,-7.312911599859637e-05,0.00032367155475978307
4.76991273348877,0.0005903069485135331,-0.0002882402114666859,0.0003239072475593569
4.770563854774083,0.0005901589327633077,0.0009425398020250824,0.0003241434081306892
4.771214976059395,0.0005900109170130212,0.000430453827657234,0.0003243817341337577
4.771866097344708,0.0005894515427125701,0.0009534634289335593,0.0003248696329321514
4.772517232973617,0.0005888593993646647,0.0007939423677212866,0.0003253813366720598
4.7731684338678395,0.0005882671966645316,0.00037954522839155487,0.0003258956584840296
4.773819634762061,0.000587674993964322,0.0008529882254222176,0.00032641241118537946
4.774470835656283,0.0005870827912639634,0.0003091034861143264,0.0003269316310300271
4.77512199928105,0.0005864906224567098,0.0005109720251708208,0.0003274532972733772
4.775773001145696,0.0005858986007542195,0.00039425322659909036,0.00032797732488956503
4.776424003010341,0.000585306579051562,0.00046657146842795825,0.00032850387683630485
4.777075004874986,0.0005847145573491302,0.0004676223814418858,0.00032903296271061055
4.777726006741045,0.0005841225356452682,0.000402779874395036,0.0003295646033400948
4.778377008612989,0.0005835305139361353,0.0005448622169965782,0.0003300988277879305
4.779028010484933,0.0005829384922268368,7.372056867176245e-05,0.0003306356442271562
4.779679012356877,0.0005823464705177805,0.000755219450853926,0.00033117532134705326
4.7803300221761065,0.0005820306913133859,0.0008296521765864282,0.00033175372564188914
4.780981063842773,0.000582104690138937,0.0005093742150878281,0.00033238613393518884
4.78163210550944,0.0005821786889645443,0.0003548561356343014,0.00033302250322188775
4.7822831471761065,0.0005822526877900222,0.0003912499526356853,0.0003336625350297809
4.782934147894408,0.0005823266819611806,0.0003236957424081891,0.000334306210461735
4.783584990599621,0.0005824006581722035,0.0005543055339722954,0.00033495347166787585
4.784235833304836,0.0005824746343833141,0.0005291291209464012,0.0003356044888912242
4.784886676010049,0.0005825486105944664,9.234106341773083e-05,0.000336259315973144
4.785537535543037,0.0005826225887182886,0.00041890001607863304,0.0003369179901965005
4.786188457840128,0.0005826965739759714,0.0002813226046507253,0.00033758060873959836
4.786839380137219,0.0005827705592335985,0.0004245387448320948,0.00033824713283726063
4.78749030243431,0.0005828445444913063,0.00040564661136849593,0.00033891762203052376
4.7881411902298225,0.0005829185258274412,0.0006593759492606144,0.00033959206401392914
4.788791953384501,0.0005829924929966298,0.0007203642122821624,0.00034026590917147397
4.789442716539179,0.0005834652740450784,0.0008153170984679867,0.0003402667173690152
4.790093479693858,0.0005839831030871086,0.000639853514233724,0.0003401868566172381
4.790744242859866,0.0005845009321381937,0.000881177985511679,0.0003401065478162834
4.791395006065597,0.0005850187612207658,-0.00014254043441075382,0.0003400262910311435
4.792045769271328,0.0005855365903034411,0.0001573480910693737,0.00033994609269242984
4.79269653247706,0.0005860544193860373,0.00025911779810350576,0.00033986596268551
4.793347295682791,0.0005865722484686593,0.00031874415600698027,0.0003397858753109458
4.793998058888523,0.0005870900775513882,0.00030250908647579,0.00033970584628039113
4.7946488220942545,0.0005876079066340216,0.00020945538182563702,0.00033962587357335106
4.795299585299985,0.0005881257357166511,0.0005890839840183678,0.00033954595710342073
4.795950311800727,0.0005886435355922502,0.00020748296617756427,0.000339466108343195
4.796600915912659,0.0005891612380797495,0.0006764155002586772,0.0003393863224100641
4.7972515200245915,0.0005896789405674938,0.0006221511835878815,0.0003393054918061662
4.797902124136524,0.0005903089753924242,0.000418883943058987,0.00033905805470536127
4.7985527376021935,0.0005911224270998346,0.0004872447139766363,0.0003385419484675832
4.799203381540431,0.0005919359169066987,0.00031273536049799297,0.0003380263888935978
4.799854025478667,0.0005927494067134241,0.0004808359090183394,0.00033751316028870706
4.800504669416904,0.0005935628965202908,0.0008877777593873454,0.0003370022633185466
4.801155275415923,0.0005943763388923736,0.0008499298108707745,0.0003364936983671306
4.801805760296802,0.0005951896298323287,0.0005182745164179833,0.0003359875171168729
4.802456245177682,0.0005960029207722775,0.00017942594009106455,0.00033548360687938016
4.803106730058562,0.0005968162117121564,0.000619602884406464,0.0003349819482788456
4.803757214964124,0.0005976295026830776,0.0008489536927554266,0.00033448252701803716
4.804407699947022,0.0005984427937505663,0.0005519720876293004,0.00033398532865734653
4.805058184929922,0.0005992560848180142,0.0006922543318311502,0.0003334903307687528
4.80570866991282,0.0006000693758854528,0.00033829252435333426,0.0003329975204678529
4.806359154895719,0.0006008826669529298,0.0008141328212477411,0.0003325123759814716
4.8070096398786175,0.0006021388403973126,4.4563131962580146e-05,0.00033285344836741094
4.807660124861516,0.0006034696803258587,0.0003836381547558757,0.00033334092365572873
4.808310609844415,0.0006048005202545561,0.0006151829076279717,0.00033383147722272237
4.808961055502141,0.0006061312797269486,0.00033534733261198006,0.0003343241735455515
4.8096113814762465,0.0006074617943365068,0.0005044799792674216,0.00033481895485440395
4.810261707450351,0.0006087923089458933,0.0006269207485976535,0.0003353159442842205
4.810912033424457,0.0006101228235552724,0.0006363232320490202,0.00033581515088344175
4.811562369349647,0.0006114533585239683,0.00014325580381003954,0.00033631659217651905
4.812212735167002,0.0006127839546495297,0.0004893490695978269,0.0003368203016588778
4.812863100984356,0.0006141145507749697,0.001016036114796114,0.0003373262819162089
4.8135134668017105,0.0006154451469005738,0.000744341245142505,0.0003378345526336427
4.814163792604287,0.0006167756611590223,-0.00010956165765360854,0.00033834508129424395
4.814813999449252,0.0006181059320398417,0.0006787545743551656,0.00033885859443437644
4.815464206294218,0.0006186122199946453,0.0006825234853277434,0.00033949038264444414
4.816114413139183,0.0006174296225728476,-0.00015023618439190289,0.00034036258381973
4.816764620022896,0.0006162470250805067,0.00038403545288289657,0.0003412430957349874
4.817414827020759,0.0006150644273806498,0.0002293529807980831,0.0003421304518503714
4.818065034018622,0.0006138818296807546,0.0005023888310588195,0.00034302475326151907
4.818715241016486,0.0006126992319810097,0.0006538000883699181,0.0003439260713878303
4.819365448014349,0.0006115166342810333,0.0007625632576231992,0.00034483451046895283
4.820015655012212,0.0006103340365811,0.0008140728702208528,0.000345750168711542
4.820665862010076,0.0006091514388813473,0.0005833419729869542,0.0003466731254270343
4.821316069007938,0.0006079688411815019,0.00024386011356033457,0.0003476034942678242
4.821966235421238,0.0006067863172968731,0.0003411911198583348,0.00034854130145790287
4.822616283495226,0.0006056040086481358,0.00024698704536149543,0.00034948655038753506
4.823266331569214,0.0006044216999991514,0.0010733235339005958,0.00035043950048311336
4.823916379643203,0.0006032393913503111,0.0008953118064089118,0.0003513936517953342
4.824566448088487,0.0006021750087247734,0.0007509515501060905,0.00035135853833510975
4.8252165757056895,0.0006011404796682683,0.00026831734873741705,0.00035106551667118355
4.825866703322891,0.000600105950611511,0.0008583847619043558,0.0003507715602823546
4.8265168309400925,0.0005990714215547544,0.001041996698962462,0.00035047833935495965
4.827166907605715,0.0005980369735758982,0.0009151822083312686,0.0003501858754871888
4.827816836652346,0.0005970027604986092,0.0008678541213683142,0.00034989420253077883
4.828466765698977,0.0005959685474214791,0.0007225714571421835,0.00034960325407173737
4.829116694745608,0.000594934334344316,0.000605676696211179,0.0003493130363444109
4.829766644200502,0.0005939000887921199,0.00047630345136694796,0.00034902352921484893
4.830416652783047,0.000592865749151645,0.0009123163416311763,0.0003487347087777727
4.8310666613655915,0.000591831409511453,0.0008500334907344804,0.00034844660397145133
4.831716669948137,0.0005907970698710944,0.0007529274073714896,0.0003481592159782634
4.832366627640624,0.0005897628112105117,0.0005957317181365083,0.00034787500575529537
4.833016437703479,0.0005888256292677635,0.0006264627957884283,0.00034796653351553883
4.833666247766334,0.0005881608241561589,0.0006368000996883357,0.0003491029771999883
4.834316057829189,0.0005874960190446583,0.00013469362677887502,0.0003502576352191669
4.834965878084599,0.0005868312035055144,0.0008344636070045169,0.0003514238146814514
4.8356157280220575,0.0005861663575993161,0.0011118029570431772,0.0003526017322678525
4.836265577959515,0.0005855015116931773,0.0005519357478126589,0.00035379153781951565
4.836915427896973,0.0005848366657868699,0.0009459995498474446,0.000354993422495008
4.837565277834432,0.0005841718198807547,0.00027477598366600005,0.0003562076015623671
4.83821512777189,0.0005835069739745539,0.0012557857407812355,0.00035743428063710563
4.838864977709347,0.0005828421280681131,0.00021742938532766306,0.00035867367675255824
4.839514827646806,0.00058217728216185,0.0004354031557444595,0.0003599260097703449
4.84016462734144,0.000581512487657858,0.00015741961012742688,0.00036119140660255595
4.840814278827011,0.0005808478447831111,0.0006331845275446271,0.0003624699057750857
4.841463930312583,0.0005801832019082876,0.0006730653192399157,0.0003637513540624712
4.842113581798154,0.000580053487360521,0.0011125370913304391,0.0003634346553075872
4.842763253279928,0.0005801273304479843,0.0010583761310957094,0.0003625035342316118
4.843412984284382,0.000580201180300476,0.0002531852136723457,0.0003615754372752067
4.844062715288835,0.000580275030153247,0.0011074149780805668,0.00036065440288132603
4.844712446293289,0.0005803488800060803,0.0005092027766490733,0.0003597403496207236
4.845362127794352,0.000580422724232175,0.001022975168043879,0.00035883325220790395
4.8460116603977434,0.0005804965515342752,0.000206863542163082,0.0003579331736502351
4.846661193001135,0.0005805703788362183,0.000571759008718404,0.00035703980348734287
4.847310725604527,0.0005806442061383202,0.001081242133058921,0.00035615307687465573
4.847960268063905,0.0005807180345605323,0.0004656005751043953,0.0003552728818176198
4.84860984055872,0.0005807918663969129,0.0001974760762701904,0.00035439912421013743
4.849259413053536,0.00058086569823311,0.0004572385070657865,0.00035353175747633364
4.849908985548352,0.0005809395300692629,0.0014184961394251214,0.0003526714116984981
4.850558558043168,0.0005810400902728019,0.000157401330937352,0.0003519248376487193
4.851208130537984,0.000581261610959998,-0.0001879819915539682,0.00035165425028636137
4.8518577030328,0.0005814831316469749,0.000992051877951986,0.0003513874276987672
4.852507275527615,0.000581704652334028,0.0002084413850303085,0.0003511212045452056
4.853156800182262,0.0005819261567065895,0.0006384130898039995,0.00035085560357533426
4.853806174343745,0.0005821476097569294,0.00017246995838291103,0.00035059066399293216
4.8544555485052285,0.0005823690628072646,-0.0001238487896615914,0.00035032632476788623
4.855104922666712,0.0005825905158576896,-2.5530921893645252e-05,0.0003500625721862524
4.855754315733176,0.0005828119753552451,0.0005713354028804148,0.0003497994172576011
4.8564037693965085,0.0005830334555178704,0.00027619874994323085,0.00034953682059494996
4.857053223059841,0.0005832549356803524,-0.00018336794124541422,0.00034927480912830814
4.857702676723175,0.0005834764158428349,0.0003853487820015871,0.00034901338601376627
4.858352083962441,0.0005836978801736297,0.0006195158094870366,0.0003487525722490659
4.8590013393432105,0.000583919292716776,0.00043933998228288103,0.0003484962518444464
4.85965059472398,0.0005844689642237722,0.0008119229556065953,0.0003488211461860355
4.86029985010475,0.0005852069221468091,0.0008989779684558353,0.000349484855081445
4.860949114663626,0.0005859448905020341,0.0014551709484028333,0.00035015461951109063
4.861598409952597,0.0005866828937857042,0.0005201625858819484,0.0003508282638929662
4.862247705241569,0.00058742089706941,0.0006309325725262574,0.00035150580307061576
4.86289700053054,0.0005881589003530841,0.0007749643763540081,0.0003521872697910933
4.8635462958195115,0.0005888969036366902,0.000811589514833809,0.0003528727140459101
4.8641955911084835,0.0005896349069203634,0.0005918761871834118,0.00035356215596724614
4.864844886397455,0.0005903729102039215,0.0010330328725374615,0.00035425564715623896
4.865494181686427,0.0005911109134875216,0.0005685666690470171,0.00035495322073696183
4.866143433228748,0.0005918488670479713,0.0005004629060733272,0.00035565487468488876
4.866792530302811,0.0005925866450361469,0.00045570882192723014,0.00035636053105365364
4.8674416273768735,0.0005933244230244908,0.0011199243416047866,0.00035706970613187694
4.868090724450936,0.0005940995216203473,0.000730579983928887,0.0003576730673468592
4.868739838660032,0.0005952799975632034,0.0006331217708273695,0.00035716425342154453
4.869389015218913,0.000596460586894903,0.00034936386954979783,0.00035665018548690456
4.870038191777794,0.0005976411762269983,0.00022100691855071665,0.0003561383217863572
4.870687368336675,0.0005988217655588746,0.0006475708575118337,0.00035562864648974957
4.871336503240435,0.0006000022791369732,0.00101104479976824,0.00035512117813871197
4.871985481635121,0.0006011825080884024,0.000175105565847772,0.00035461597958316016
4.872634460029807,0.0006023627370399414,0.0008208581643094973,0.00035411293076733876
4.873283438424492,0.0006035429659913168,0.0006077551221913171,0.00035361200070127444
4.873932416896252,0.0006047231950830452,-9.831367478473389e-05,0.0003531131896138483
4.874581395668112,0.0006059034247202799,0.001155341262059446,0.00035261647304797524
4.8752303744399725,0.0006070836543577736,-8.081569352031413e-05,0.0003521218373988925
4.8758793532118325,0.0006082638839951272,0.0005064518724338253,0.00035162926707873934
4.876528339804418,0.0006094441278551808,0.000619682021826907,0.00035114086933328364
4.877177358124039,0.0006107415942204538,0.00016164949529383165,0.0003509736430302347
4.877826376443662,0.0006121433616494045,0.0007431183709916262,0.000351091554452628
4.878475394763284,0.0006135451290784082,0.0001650150861070223,0.00035121147581695965
4.879124375165976,0.0006149468146133114,0.000684712328694312,0.0003513315115809703
4.879773195388983,0.0006163481541878207,0.0006712028380175142,0.0003514516389984263
4.880422015611991,0.0006177494937623813,0.0009908281985408281,0.0003515718931264784
4.881070835834999,0.0006191508333370496,0.00043305955720366403,0.000351692267508586
4.8817196707254,0.0006205522045903784,-0.00012037240409938795,0.00035181277250235176
4.882368570416194,0.0006219537158016811,0.00016314908813468918,0.0003519334098653898
4.883017470106989,0.0006233552270128956,0.000774579894726296,0.0003520541760416963
4.8836663697977825,0.0006247567382241572,0.0003339797092649211,0.000352175062668671
4.884315234337353,0.0006261581735148044,0.0007141056780873219,0.0003522960736020859
4.8849639359821895,0.0006275592569810623,-7.062423269176108e-05,0.0003524171737997132
4.885612637627027,0.0006289603404471574,0.0003443121120309969,0.00035253983319849156
4.886261339271864,0.0006269222733708148,0.0006480694327405494,0.0003528786656272833
4.886910040989356,0.0006247840203806337,0.0006934227544452849,0.00035322622877601847
4.887558743061777,0.0006226457662205665,0.00046419886454229564,0.0003535748580938451
4.8882074451341975,0.00062050751206061,0.0006547450397984646,0.0003539245110906129
4.888856147206618,0.0006183692579004453,0.0006442143776005795,0.00035427520504167475
4.889504849279039,0.000616231003740478,0.00031893394140589907,0.0003546269299245916
4.890153551351459,0.0006140927495804468,0.0008267277375332018,0.00035497970621371685
4.89080225342388,0.0006119544954203683,0.000559515319963131,0.0003553335294423114
4.891450955496301,0.000609816241260203,0.0007316641337450712,0.0003556884018831253
4.892099633272909,0.0006076780671841681,0.00011808115166075852,0.00035604432930813406
4.892748176880923,0.0006055403353550516,0.0004949281193347685,0.0003564012421779966
4.893396720488939,0.0006034026035260355,0.0009139228840655306,0.0003567592256938964
4.894045264096954,0.0006012648716969044,0.0008432328481071495,0.00035711887048996106
4.894693819207483,0.0006006622737938843,0.0005748940944505729,0.00035756849620504976
4.895342442266253,0.0006022843844331921,0.000417847941035053,0.0003581486373135994
4.895991065325022,0.0006039064950723063,0.00039126539697527737,0.00035873247132995245
4.896639688383792,0.0006055286057115367,0.000844287395451048,0.0003593191605058529
4.897288284527081,0.0006071506490391324,-0.0005847207314067392,0.00035990871215360495
4.897936709658003,0.0006087722646898631,0.000459241389124849,0.00036050100481179516
4.898585134788925,0.0006103938803406554,0.001111587387762339,0.0003610962247366088
4.899233559919847,0.0006120154959913802,0.000485203471040702,0.0003616944044867356
4.899881985111324,0.0006136371117936887,0.0007962803225539857,0.00036229555136574234
4.900530410720152,0.0006152587286395634,0.001333070295296928,0.000362899707245077
4.90117883632898,0.0006168803454856493,0.0012472431040660118,0.00036350688218741474
4.901827261937807,0.00061850196233176,0.0013584481273673284,0.0003641171078308051
4.9024756875466355,0.000620123579177765,-0.00012787926413098858,0.000364730410995486
4.903124113155464,0.0006217451960236864,0.0006566172992849794,0.00036534146880176074
4.903772538764292,0.000623180295126243,0.0006604942400594489,0.0003651514373079352
4.90442096437312,0.0006245806232199665,0.0009701395133951176,0.00036480746523719944
4.905069373084467,0.0006259809148221708,0.00047494986963671063,0.0003644634788472201
4.905717640313251,0.0006273809008812054,0.0005988132236075227,0.00036412053016222825
4.9063659075420345,0.0006287808869399888,0.0005564915900254332,0.00036377854393953543
4.9070141747708185,0.0006301808729991379,0.0009784229029180288,0.00036343751586910257
4.907662445853916,0.0006315808673817521,0.00139662265808659,0.0003630974396430263
4.90831075305047,0.0006329809397543677,0.00023720353876341123,0.0003627582882913592
4.908959060247025,0.0006343810121270186,0.0010437956918065588,0.00036242008540022006
4.90960736744358,0.0006357810844997935,0.0009159262602347245,0.0003620828172225544
4.910255661071113,0.0006371811275688579,0.0010235370682921156,0.0003617464941578925
4.9109038099237505,0.0006385808579850392,0.0005863766148871262,0.0003614111729764186
4.911551958776389,0.0006399805884010454,0.0003248658744632835,0.0003610777041086374
4.912200107629028,0.0006404795637240443,0.00011721458146289241,0.000360885761685328
4.912848256521123,0.0006385641430383299,0.00030063567381303466,0.00036106551858977614
4.913496405901904,0.0006366487209082869,0.0003684205752418229,0.00036124801548957847
4.914144555282686,0.0006347332987782505,-0.00022111195511924277,0.0003614307882055728
4.914792704663467,0.0006328178766482018,0.0003949739921689351,0.00036161384004467834
4.915440854044248,0.0006309024545181035,0.001081755585046266,0.0003617971643942841
4.9160890034250295,0.0006289870323880032,0.0003819011978052942,0.0003619807686085458
4.916737152805811,0.0006270716102579669,0.0010019156393879483,0.0003621646476250322
4.9173853021865925,0.0006251561881278268,0.0012894569473518994,0.00036234880601072357
4.9180334414300715,0.0006232407959557318,0.0003155207560145723,0.00036253324223087187
4.918681393085176,0.0006213259581479932,0.0004235386827989161,0.0003627179036029353
4.919329344740282,0.0006194111203401388,0.0002957372854893665,0.0003629028428089753
4.919977296395387,0.0006174962825323102,0.0005097724890459278,0.0003630880649988986
4.920625251152612,0.0006155814355572137,0.0006072996868011335,0.0003632716482384268
4.921273282221976,0.0006137688105800461,0.0006878341669247392,0.0003631663425418578
4.921921313291341,0.0006120008504043851,0.00030373508260095653,0.0003629338262586122
4.922569344360705,0.0006102328902289527,0.0006573678924703175,0.00036270091804970785
4.923217371218568,0.0006084649415431575,0.0008206583347132708,0.00036246846018554013
4.923865244028255,0.0006066974131319901,0.0002567951129089575,0.00036223650622385205
4.92451311683794,0.0006049298847208761,0.0008662164156983158,0.0003620049907149828
4.925160989647626,0.0006031623563097612,8.353133106857704e-05,0.0003617739243009724
4.92580886246536,0.0006013948278766058,0.0011331999928926855,0.0003615432950011429
4.92645673585334,0.0005996272978877776,0.0009567774791632356,0.0003613131052325733
4.9271046092413195,0.0005978597678990438,0.0009530260843843982,0.000361083360101535
4.927752482629299,0.0005960922379102957,0.000988178397514882,0.0003608540466954475
4.9284003560172795,0.0005943247079215906,0.00048318751593120086,0.00036062517537691253
4.929048229405259,0.0005925571779328239,0.00016095237030739837,0.0003603975462605535
4.929696102793239,0.0005909035995992278,0.000489139668209521,0.0003602981819639841
4.930343976181219,0.000590093573767526,0.0006058648688978676,0.0003611045871782235
4.930991849569199,0.0005892835479358493,0.0010845585594704433,0.0003619225101896612
4.931639527906199,0.0005884737659730473,0.0007438261748206789,0.000362745749077323
4.932287203686261,0.0005876639872074218,-5.024392796687332e-05,0.00036357461001855853
4.932934879466323,0.0005868542084417167,0.0005565910197679494,0.0003644091531924848
4.933582555246385,0.0005860444296760614,0.00043999568460948563,0.0003652494468063505
4.934230308291425,0.000585234554307288,0.00019890680930800077,0.00036609566058308306
4.934878063468715,0.0005844246762723785,0.0010199526902623735,0.000366947759753841
4.9355258186460045,0.0005836147982374545,-1.9476625961624265e-05,0.0003678058161691294
4.936173573823295,0.0005828049202028109,0.0005387195459372787,0.0003686698999535643
4.936821139546039,0.0005819952790400443,0.0005266943242085863,0.00036953981278856844
4.93746869716584,0.0005811856480083786,0.0006364087897697732,0.0003704158862058889
4.9381162547856405,0.0005803760169764343,0.0003547434440083701,0.0003712935375173817
4.9387638124054405,0.0005801182718217552,0.00022368675764966307,0.0003714734964768349
4.939411444996004,0.0005803391309523714,0.0008090587908588289,0.0003710444108569084
4.9400590820057335,0.0005805599915901431,0.001073389761587437,0.0003706127879545021
4.940706719015463,0.0005807808522277251,0.00039738432146798984,0.0003701826655303108
4.941354356025192,0.0005810017128651282,0.0005932194235761703,0.0003697540368290557
4.942001809463274,0.0005812225109001623,0.0005115091166288809,0.00036932699753165435
4.942649248965918,0.0005814433041829251,0.0001946561885605253,0.0003689014439719857
4.943296688468563,0.000581664097465588,0.00029093057134584694,0.00036847734997184515
4.943944127971208,0.0005818848907483712,0.0008897631706019263,0.00036805470977573123
4.944591568074328,0.0005821056842357271,0.0002831729122393607,0.0003676335171440981
4.945239008233902,0.000582326477742578,0.0005678277298042395,0.0003672137586616825
4.945886448393477,0.0005825472712494158,0.0005514773231217917,0.00036679543044979327
4.946533888553051,0.0005827680647561185,0.000198731259697605,0.0003663785280099183
4.947181328712626,0.000582988858262843,0.0004451770765703757,0.0003659650597660844
4.9478287688722,0.000584746899500534,5.03720695093962e-06,0.0003658553106620246
4.948476209031774,0.0005865866362576629,0.00048022388224196985,0.0003657637430294629
4.949123649191349,0.000588426373014808,0.0005554002837180353,0.00036567235909968997
4.949770949950777,0.0005902657136587584,0.0007837997783394316,0.00036558105719810776
4.950418232030893,0.000592105001224505,0.00037466099549395384,0.00036548982530732436
4.9510655141110105,0.0005939442887900923,0.0009945819864744187,0.00036539865753945774
4.951712796191127,0.0005957835763558442,0.00110984904822222,0.0003653075622792797
4.952360112913574,0.0005976229623594895,0.0004373311172916884,0.0003652165289227226
4.953007435020484,0.0005994623636635882,0.00024078168175914623,0.0003651255624892027
4.953654757127395,0.0006013017649675932,0.0001815067886627898,0.0003650346615295174
4.9543020792343055,0.0006031411662716788,0.0011478999495428358,0.00036494382079129675
4.954949267220349,0.0006049801864638895,0.0005075607054860021,0.00036485307330110244
4.955596431283799,0.0006068191386786995,0.0009188208194925757,0.00036476262632225386
4.956243595347249,0.0006077367636427545,9.89194157532485e-05,0.0003647070002846828
4.956890759410698,0.0006070011827567949,0.0005858758397544283,0.00036471326264175954
4.957537924061933,0.0006062656012027936,0.000536340739070434,0.0003647199337746381
4.958185088832243,0.0006055300195132482,0.0006642087179632271,0.00036472661473661904
4.958832253602554,0.0006047944378239827,0.0006751772783592132,0.00036473328431138607
4.959479418372864,0.0006040588561346731,0.0006075469477478354,0.00036473995670821926
4.960126583143175,0.0006033232744451221,0.0007018777668495986,0.0003647466248623953
4.9607737479134855,0.0006025876927558255,0.00014749748238008262,0.0003647532972770554
4.9614209126837965,0.0006018521110664581,0.00023602200878036788,0.00036475997099089834
4.962068077454107,0.0006011165293769315,0.0006197539997418269,0.0003647666453161622
4.962715085189117,0.00060038112617739,-1.69011565963799e-05,0.0003647733197845344
4.963362052653727,0.0005996457687500001,0.0012545129239272712,0.0003647799948807325
4.964009020118335,0.000598910411322694,0.0008257719802951455,0.000364786665082105
4.964655987582945,0.0005981750538951833,0.0001793601094116471,0.00036479441920956457
4.9653030167518235,0.0005974956063695107,0.0011416559232694551,0.0003649648418366772
4.965950063569867,0.0005968336282677866,0.0009968792516130017,0.0003651874107196603
4.966597110387911,0.0005961716501657779,0.0011943636180559505,0.00036541072418016645
4.967244157205955,0.0005955096720639722,0.00015216525099719292,0.00036563444497903516
4.96789105430059,0.0005948478471405755,0.00022444235681551934,0.0003658585262614171
4.9685379038632185,0.0005941860708459458,0.0007687623666853507,0.00036608299487602894
4.969184753425847,0.0005935242945510631,0.0011565783820644817,0.0003663078842370221
4.969831602988476,0.0005928625182566152,0.0008309592823508806,0.00036653317788004185
4.970478453116326,0.0005922007413836899,0.000836846575102384,0.0003667588893962922
4.971125303442776,0.0005915389643076416,0.000821742644745927,0.000366985018385206
4.971772153769225,0.0005908771872315539,0.0003577107432606288,0.0003672115618560375
4.972419004095676,0.0005902154101554853,0.0006159296692058569,0.00036743853006618305
4.973065854422126,0.0005895536330794669,0.0007243900392812552,0.00036766648323929835
4.973712704748576,0.000589084102436839,0.0005979569845364746,0.00036798398700572726
4.974359555075026,0.0005895987594367562,0.0009309993097547716,0.00036874621185906885
4.975006405401476,0.0005901134164365454,0.0006633381051574422,0.0003695161554423672
4.975653145128795,0.0005906279854400998,0.0002616008985540763,0.00037029079454557414
4.976299837555613,0.0005911425168093388,0.0005603594226628282,0.00037107025240334577
4.976946529982433,0.0005916570481787261,0.000418924542314292,0.0003718546283898057
4.977593222409252,0.0005921715795481922,0.0010394673011336858,0.0003726439920621585
4.978239942095017,0.0005926861326058129,0.0005795451577686425,0.00037343841670066223
4.978886674583784,0.000593200695849869,0.000315747812470837,0.00037423793834064686
4.97953340707255,0.000593715259093888,8.141669519833635e-05,0.0003750426053789084
4.980180139561315,0.0005942298223379691,0.0008979678208817224,0.00037585246622764425
4.980826741967262,0.000594744282083557,0.00022110436125681208,0.00037666741189868033
4.981473277334596,0.0005952586884908171,0.0003047478346895444,0.0003774875749777067
4.9821198127019315,0.0005957730948981148,-3.7449235469672786e-06,0.00037836402069198395
4.982766348069266,0.0005956303134451252,0.0006425898987025666,0.0003872238964855619
4.9834128839609395,0.0005949688580597011,0.00080867913878555,0.0004039294748061883
4.984059420148944,0.0005943074023711808,0.00017851176578109908,0.00042304497864329013
4.984705956336949,0.0005936459466826397,0.0005958679148236144,0.00044513947469147433
4.985352492524953,0.0005929844909942231,0.000877376994609713,0.0004710709414022277
4.985999028712958,0.0005923230353057093,0.0006739500437295654,0.0005020857692780412
4.986645564900963,0.0005916615796173512,6.587547579584778e-05,0.0005400765776283234
4.9872921010889675,0.0005910001239284773,0.00011110161545682418,0.0005880835290050378
4.987938637276971,0.000590338668240019,-1.041171142174399e-05,0.000651364381608972
4.988585079499236,0.0005896773086854902,0.00029861176384385243,0.0007399680275720764
4.989231457883356,0.0005890160144422112,-0.0006825554401115647,0.0008762304595700345
4.9898778362674765,0.00058835472019918,0.0007566761753799637,0.0011233973882538509
4.990524214651597,0.0005876934259560881,-0.0012475699656224189,0.0017731524846989278
4.991170616021403,0.0005870321081967482,0.013522337113247424,0.02328569858679081
4.9918170344861394,0.0005870000000000936,1.265789822817669,3.862160228444415
4.992463452950876,0.0005869999999999727,-1429.0983892319591,1623.998434720763
4.993109871415613,0.0005870000000000777,-100.8684980155519,1671.3083725462157
4.993756202946171,0.0005869999999999743,-3847.996758667228,1562.6235888648876
4.9944024636429,0.0005870000000001008,-2657.878460974457,1559.431011843868
4.995048724339629,0.000586999999999957,-814.8129498521447,1589.7067430444138
4.995694985036358,0.0005870000000000439,1165.8243082924416,1515.1845727615816
4.996341246192895,0.0005869999999998831,-548.607037810793,1535.0628330839957
4.996987507759946,0.0005869999999998764,878.7820080616057,1468.927974085447
4.997633769326997,0.0005870000000000965,-1462.2928448983832,1353.819403938317
4.998280030894048,0.0005870000000000328,-1693.1222870920183,1406.1493340718996
4.998926292461099,0.000587,-580.472199648688,1318.1929254211032
4.99957255402815,0.0005869999999999365,1145.396755130775,1374.0238559357274
5.0002188155952005,0.0005870000000000009,-1206.2144045316784,1299.4358856347746
5.000865077162252,0.000586999999999958,1140.3408880981478,1148.464022223699
5.001511243922721,0.0005870000000002087,1271.7245939559057,982.7930348394536
5.002157308569002,0.0005870000000000293,682.9188094954189,969.114684807528
5.002803373215283,0.0005870000000001075,375.14347528963106,945.3409311743102
5.003449437861564,0.0005869999999999339,485.7962596680879,1000.4968265320931
5.00409553878799,0.0005869999999999298,1672.3588746700434,972.8850734187599
5.00474168273175,0.0005870000000000893,-316.3092099280472,979.6817749883004
5.00538782667551,0.000586999999999959,-270.72900755829755,991.3384502658504
5.006033970619271,0.0005870000000000361,-1378.6635560577834,1025.6097780703246
5.006680029249206,0.0005869999999998856,78.2615631397742,987.7912568540703
5.007325976322303,0.0005869999999999427,-1007.8084828280691,1029.7169584154137
5.0079719233954,0.0005870000000000609,-288.01245065883325,1025.7103502692948
5.008617870468496,0.0005869999999998445,-943.5881938889912,984.6061543613738
5.009263817920435,0.0005870000000000905,-1007.7485281193466,1125.8165744649814
5.009909765920495,0.0005870000000000281,-1189.956356877439,1086.5491165443068
5.0105557139205565,0.0005869999999999936,-500.5326190662013,1036.8000036489398
5.011201661920617,0.0005869999999999751,462.4173162593528,1022.7297899900669
5.011847609920678,0.0005869999999999991,592.6403339029353,920.2455212461884
5.012493557920738,0.0005869999999999711,1008.8756958993654,934.5118821829881
5.013139505920799,0.0005870000000000142,16.339844029722794,943.3995455383405
5.0137854539208595,0.000587000000000049,-375.0815676787936,877.1792327842466
5.014431331488781,0.0005869999999998589,-259.9533388338561,831.5134655372692
5.015077082701637,0.0005870000000000025,-12.19824084913086,825.724990662144
5.015722833914493,0.0005870000000001722,1040.5425687377617,807.4445272924994
5.01636858512735,0.0005870000000000495,-128.34222599633003,802.5382771287739
5.0170143626629855,0.000587000000000016,252.27989924387833,772.9754984063904
5.017660193153859,0.0005870000000001015,-251.70499848663724,786.8801803715011
5.018306023644733,0.000586999999999864,255.54533584343778,818.0245702066227
5.018951854135607,0.0005869999999999545,251.9244304939389,823.3178333276129
5.019597624442969,0.0005869999999999964,1556.560059103935,926.7113021900909
5.020243258196683,0.0005870000000000297,-634.5348684807901,919.2613745047887
5.020888891950397,0.0005869999999999447,-302.99591317262104,945.097881841002
5.02153452570411,0.0005870000000000143,1809.3598155061072,914.3732699412592
5.022180159732511,0.0005869999999999734,-1276.838100478731,809.283474166363
5.02282579446972,0.0005870000000001362,356.40812879744084,806.1837937624557
5.023471429206929,0.000586999999999984,428.50526314119537,801.7600485857704
5.024117063944138,0.0005870000000001769,131.93995649336742,784.7470088012474
5.024762698681347,0.0005869999999999559,-95.35052790760238,824.2746817788584
5.025408333418556,0.0005870000000001129,1540.0233887176025,816.0743029505734
5.026053968155765,0.0005869999999999993,878.5934123361611,844.925248573956
5.0266996028929745,0.000586999999999888,-453.7768268554672,891.5473858032078
5.027345193459896,0.0005870000000001478,-435.53631737487564,838.9015309658205
5.027990631543299,0.000587000000000047,299.86154270446684,859.6620625952794
5.028636069626703,0.000587000000000018,-1313.6759330151012,898.527875253868
5.029281507710108,0.0005870000000000019,1153.9341104998368,918.8668987075135
5.0299269613897994,0.0005870000000000217,-1477.0400287498637,976.1308112543473
5.03057247873176,0.0005869999999999057,-1193.0324908343282,957.6671236647522
5.03121799607372,0.0005870000000000109,2318.0711437559494,952.4581920849628
5.03186351341568,0.0005870000000000004,783.4636008262321,1060.033560326056
5.0325089975903445,0.000587000000000078,450.48599313017695,1073.4264696113894
5.033154318328482,0.0005869999999999633,1307.6557456820371,1015.7401161361
5.033799639066619,0.0005870000000000551,279.3707073353436,1014.018650918653
5.034444959804756,0.0005870000000001134,-523.2469241680488,988.4741391289987
5.035090280688624,0.0005869999999999839,1124.3787625069679,1007.8128870774906
5.035735602466677,0.0005869999999999862,-458.50607396034115,1076.3154454433218
5.036380924244732,0.0005869999999999223,457.1184352281639,1095.0633365538906
5.037026246022785,0.0005870000000000656,-274.67652064354587,1102.3269544859838
5.037671567800839,0.000586999999999998,2644.062455832669,1040.3719235980086
5.038316889578892,0.0005869999999999959,731.775911399503,1025.4143173075638
5.038962211356947,0.0005869999999999893,-2537.369300195398,1006.7556650099942
5.039607533135,0.0005870000000000083,1164.5525725607852,929.4684173285084
5.0402528388881835,0.0005869999999998111,1463.631293168907,976.3513143784286
5.040897964145666,0.0005870000000000216,114.93261601941289,948.4523377077966
5.041543089403148,0.0005870000000000456,-1406.4429602771374,899.0764736949938
5.04218821466063,0.0005869999999999781,634.3508477374257,889.7380720563712
5.042833344019354,0.0005869999999998005,-621.4857105995145,933.3068213451863
5.043478548515932,0.0005869999999999933,662.6423923031901,916.9590780230749
5.044123753012508,0.0005870000000001556,1122.850122710275,906.5042212225962
5.044768957509086,0.0005869999999999684,1167.6299046528961,933.79792436894
5.045414157736647,0.0005870000000000544,658.1791155952799,1012.0693251180369
5.046059165762572,0.0005870000000000296,316.0574655062703,1010.1649685705069
5.0467041737884974,0.0005870000000000662,-1286.3587704465508,1021.731598696838
5.047349181814423,0.0005870000000000092,1734.263831411895,1072.8942212173165
5.047994189840348,0.0005870000000000367,1362.77666136889,923.6147294887335
5.048639276401698,0.0005869999999999325,2124.709090334973,931.0486062943964
5.04928436365942,0.0005869999999999697,-626.9320688588016,906.576328521905
5.049929450917143,0.0005869999999999743,-938.4694012578312,913.913770890509
5.050574538174866,0.0005870000000000727,-620.6210112391432,956.9018773098184
5.051219436780427,0.0005869999999999861,799.2790744016744,939.817247370937
5.051864327617394,0.0005870000000002057,-561.2225684856378,925.7833276038831
5.052509218454361,0.0005869999999998832,-1270.368735124575,908.2554365366448
5.053154109291328,0.0005869999999999908,-100.61757955075547,814.6077256352456
5.053799001166505,0.0005869999999998691,-1163.5272752675244,827.9904545034144
5.054443893120789,0.0005870000000000309,-1126.7502602653467,853.3350027249011
5.055088785075073,0.0005869999999999583,-1230.6781100959304,822.6151831651758
5.055733677029357,0.0005869999999999529,-252.75995700537135,879.7225056876542
5.056378568983641,0.0005869999999999496,1645.358940893129,865.8321348973183
5.057023460937925,0.0005869999999999832,1030.8115419160392,833.7657596642515
5.057668352892209,0.0005869999999999527,-296.1064933906093,785.4914784808014
5.058313244846493,0.0005870000000000039,-392.3045136303591,702.7475350505204
5.058957966922696,0.0005869999999999757,336.6363826820728,715.1138500238183
5.0596026625393336,0.000587000000000031,-428.1756030381169,732.9811267067754
5.060247358155971,0.0005870000000000409,-116.65329739264588,784.3850266454116
5.0608920537726085,0.0005869999999999977,453.02206458136953,832.2654031034053
5.061536782849707,0.0005869999999999586,-485.3282255103642,844.2420495175419
5.062181518646366,0.0005869999999998689,-333.18728814837226,865.8008186532647
5.062826254443024,0.0005870000000002537,132.33480774971667,869.2087553891012
5.063470990239683,0.0005869999999998317,418.7348266849263,797.6537475381673
5.064115600262658,0.0005869999999999673,-981.9599500198022,773.7263193932364
5.06476017880382,0.0005869999999999029,-604.9857047877713,770.1576449624624
5.065404757344982,0.0005870000000002827,-130.7403171154222,726.72036168516
5.066049335886145,0.0005869999999999722,-1079.0022341873644,776.847052461016
5.066693915326897,0.0005869999999999073,-2236.826114446174,820.2712283687904
5.067338495041537,0.0005870000000000466,1140.6897408866696,831.0128793290668
5.067983074756177,0.0005869999999999611,922.7269486653627,823.5736818218892
5.068627654470817,0.0005869999999999765,996.3485104938813,768.9776750925724
5.0692722341854575,0.0005870000000000438,619.0809840766667,759.8007248850992
5.069916813900098,0.0005870000000000435,-743.424227480688,772.9774907804166
5.070561393614738,0.0005869999999998575,250.9416216361007,736.4708233160338
5.071205973329379,0.0005869999999999048,404.3763794928895,707.2990450524371
5.071850415949742,0.0005869999999999236,441.2706304073335,707.8497890707569
5.072494799459576,0.0005870000000001075,-453.6834360853161,706.1608088159721
5.07313918296941,0.0005870000000000753,-822.6502891981821,701.3563645881027
5.073783566479243,0.0005870000000000381,-815.176349016803,655.5191505750238
5.0744279766931015,0.0005869999999999733,5.963849996301624,650.9636537148996
5.075072400401276,0.0005870000000000329,173.91991026093012,651.0776015534361
5.07571682410945,0.0005869999999999469,321.2928728156588,655.5052386193548
5.0763612478176245,0.0005870000000000672,606.6455174667623,651.7640775707051
5.077005572609841,0.0005870000000000732,-61.33873315231261,627.7472847613724
5.077649839157518,0.0005870000000000853,-251.30769283625793,623.6427763565056
5.0782941057051945,0.0005870000000000725,591.9139155117309,636.0926523231282
5.078938372252871,0.0005869999999999616,195.50788213242598,617.099938136241
5.07958261637315,0.0005870000000000972,506.6985590968306,616.0224247529283
5.080226845179405,0.0005869999999999993,-200.5064832176867,599.3613699814008
5.0808710739856595,0.0005869999999999552,1738.1204093105005,591.9565961114681
5.081515302791914,0.0005869999999999216,493.6096193152808,597.8090499927757
5.082159531598168,0.0005870000000000497,452.0746231007141,608.6078822339783
5.082803760404423,0.000586999999999941,29.555782366539216,614.996369108077
5.083447989210677,0.0005869999999999917,369.9371582849262,638.54374566168
5.084092218016932,0.0005870000000000318,94.63368491263294,694.905610111715
5.0847363648206665,0.0005869999999999978,150.8518275818907,685.1746190851824
5.085380436525742,0.0005870000000000498,1.8092665565066148,698.5994815917721
5.086024508230816,0.0005870000000000785,-295.73477515708885,706.6759592265123
5.086668579935891,0.0005869999999999711,-924.7223853342549,685.6885122550374
5.087312671169976,0.0005870000000000945,-421.05368172798603,684.2775112039102
5.087956783091657,0.0005869999999999115,-549.6704064955273,700.5547296479441
5.0886008950133395,0.0005869999999999452,-623.892135569035,653.1757102448987
5.089245006935021,0.0005869999999999319,-645.0909810094948,620.9803713318483
5.089889030902902,0.0005870000000000444,336.21743577129223,612.3069918138843
5.090532946818727,0.0005869999999999698,-223.52223858529692,595.9313686940241
5.091176862734552,0.0005870000000000083,170.43595591435655,594.3930436758121
5.091820778650377,0.0005869999999999699,103.77628534256355,646.0267695054728
5.09246469509789,0.0005870000000000026,609.130906819359,675.5052761434937
5.093108612306173,0.0005869999999999284,40.297910822983006,673.0558875081418
5.093752529514456,0.0005870000000001022,810.9536161835285,669.415227486099
5.0943964467227385,0.0005869999999999152,-175.10159401330685,614.2691018867605
5.095040363931021,0.0005870000000000522,234.21444567396972,598.2843960503163
5.095684281139304,0.0005870000000000971,559.569451811995,598.3481887274086
5.096328198347588,0.0005869999999999198,622.8833578326439,610.7031718363673
5.096972115555871,0.0005870000000000451,297.3215249579013,621.613635979783
5.097615967089745,0.0005870000000000782,910.759060429214,643.6240592184691
5.098259688374959,0.0005869999999999285,379.91178250973576,645.1056966655071
5.098903409660172,0.0005869999999999539,-811.6490996593295,651.6296032816941
5.0995471309453855,0.000587000000000012,-391.3579901822027,674.0407631820985
5.100190875709385,0.0005870000000000726,-427.8779240634396,679.8959383581728
5.100834676146126,0.0005870000000000724,38.470855591604824,682.1576057252528
5.101478476582866,0.0005869999999999588,191.0966757571979,726.0225144435144
5.102122277019607,0.0005870000000000422,-354.6843508587627,751.7355105309512
5.102766026957729,0.0005870000000001522,-376.01427922262,723.1457966330863
5.103409631521041,0.0005869999999999117,-487.10267909247585,710.7196433250267
5.104053236084353,0.0005870000000001073,-1190.3536435188876,712.863834575255
5.104696840647666,0.0005869999999999782,-361.3688762553787,785.7798693172692
5.105340445505584,0.0005870000000000098,-550.4083563996709,817.5111435928393
5.105984051417175,0.0005870000000000238,-911.2211896178039,809.2127387741865
5.106627657328765,0.0005870000000000644,-1105.3121980062863,796.791219287704
5.107271263240356,0.0005869999999999515,-133.56794959652066,785.5727890581865
5.107914862211207,0.0005869999999999944,864.7076935458135,738.2731340771976
5.1085584292318735,0.00058700000000002,110.9659516097625,762.8402283674309
5.10920199625254,0.000587000000000142,33.7857394358186,755.8019533695494
5.109845563273206,0.0005870000000000136,-145.7233268659619,710.9466707501191
5.1104891086128905,0.0005870000000000373,471.6547799167475,745.5508092233993
5.111132518733736,0.0005870000000001432,-796.9251009095175,733.1090406148096
5.111775928854582,0.0005869999999998476,623.4314896227711,764.1649718290944
5.112419338975428,0.0005870000000000188,1116.1367413071557,772.0281835659247
5.11306275302745,0.0005870000000001304,667.5210466952241,751.6708639289926
5.113706203403537,0.0005869999999999529,-1107.3051546563868,784.7096354287504
5.114349653779625,0.0005869999999999626,11.702862718527713,779.7539620481707
5.114993104155713,0.0005869999999999147,-975.2459118534189,772.3122257037057
5.1156365434458335,0.0005870000000000364,640.2220702688812,780.7061220800305
5.116279798097278,0.0005870000000000035,533.4064558461971,800.065847310548
5.116923052748721,0.0005869999999999951,-791.9544456039259,801.3275157129702
5.117566307400165,0.0005869999999999452,123.55909611319153,827.157476872249
5.118209562072966,0.0005870000000000339,1191.6517513070871,818.4918047978788
5.118852818135356,0.0005869999999998158,-27.703663670758964,827.7783789563581
5.119496074197747,0.0005870000000001883,294.68437610773907,839.2223789088962
5.1201393302601375,0.0005870000000000266,-1283.2252695290315,838.7190677622747
5.120782586322528,0.0005870000000000433,58.785070443416416,828.1105604773684
5.121425804589045,0.0005869999999999781,-755.0047865101998,826.2306102602785
5.122069021802779,0.0005870000000000981,423.300733439887,861.656478039169
5.122712239016512,0.0005870000000001693,-418.06751347869044,847.3854691052828
5.123355456230246,0.0005870000000001923,743.2203015663563,835.5865100310062
5.123998527560259,0.0005870000000000159,158.19159567107278,847.4770669566292
5.124641587980574,0.0005869999999999502,-803.3504808942387,822.1979672279737
5.125284648400889,0.0005869999999997667,1525.602687258163,824.7080666462078
5.125927708821205,0.0005869999999999408,859.6694069947924,843.4111088075035
5.126570804993978,0.0005870000000000006,1650.746743278447,849.3590751949736
5.12721390568989,0.0005870000000001718,-385.3478941446577,894.8734089157298
5.127857006385803,0.0005870000000001994,-551.3402150715805,890.9326988880678
5.128500107081715,0.0005870000000001661,473.800265680465,853.1447128628587
5.129143042617076,0.0005869999999999616,-459.2574589635416,872.8593823369093
5.129785947736922,0.0005869999999998341,446.02724193778016,927.0874692837727
5.130428852856768,0.0005870000000000404,-1900.4656386397173,868.5514475605697
5.1310717579766125,0.0005869999999999878,-1129.4218467096948,864.0195998806211
5.131714664276392,0.0005870000000000448,1349.6757878974504,862.6011737504512
5.132357570869716,0.0005869999999998144,-494.7929797960054,836.5585483547871
5.13300047746304,0.0005870000000001554,-10.325863376102047,935.7662066395841
5.133643384056363,0.0005870000000000433,-664.2397872006442,963.9196001656794
5.134286290649687,0.0005869999999999995,-240.8441435814886,965.6723120480121
5.13492919724301,0.000586999999999933,247.98513099772939,1007.2454693274715
5.135572103836334,0.0005870000000000258,-933.319909872732,931.6176083558881
5.136215010429658,0.0005870000000000361,-326.49738755390894,908.2873479731664
5.136857777848329,0.0005870000000000614,1857.5389294255572,920.3606765846174
5.13750048894804,0.0005869999999999722,986.4706986671277,942.0828303203555
5.138143200047749,0.0005869999999999093,1101.7099424872238,884.8537931631571
5.13878591114746,0.0005870000000000227,-329.9144946892168,858.2588589189924
5.13942864912421,0.0005870000000001068,-733.7208300342496,886.8099804660864
5.140071400519805,0.0005870000000000476,-32.27011558294972,862.44421358144
5.1407141519153985,0.0005869999999999892,-606.7511172264581,884.9981380568399
5.141356903310993,0.0005869999999998301,-904.3303924422482,872.791539318339
5.1419995332322435,0.0005870000000000223,1182.1895423610029,863.5989652678975
5.142642089200141,0.0005870000000000751,856.2470109720718,888.286581704585
5.1432846451680385,0.000587000000000094,1301.531682746599,964.72918867075
5.143927201135936,0.0005869999999999938,-689.6924248915894,1093.4616827916645
5.144569757988011,0.0005869999999999363,-1189.8588063674815,1094.8339624069436
5.145212315491781,0.0005869999999999659,-1199.4811730573176,1063.3139453763415
5.145854872995552,0.0005869999999999451,1666.1315347306331,1036.5382743252746
5.1464974304993225,0.000586999999999971,505.7389698166831,1005.4541493733567
5.147139988003094,0.0005870000000000979,833.1184740137608,1002.576629013634
5.147782545506864,0.0005869999999999676,-1250.2198211731284,1121.2050895698667
5.148425103010635,0.0005870000000000765,741.1663019870847,1146.8690827245084
5.1490676605144055,0.0005869999999999525,11.327800685496861,1191.469880966905
5.149710123779302,0.0005869999999999963,-684.4211598134684,1146.1890396991912
5.150352485937715,0.0005869999999999464,1317.5855964042876,1175.7400683812439
5.1509948480961265,0.0005870000000000027,1414.3704430359153,1273.8204009914607
5.151637210254539,0.0005870000000000949,358.2223087561336,1263.6857172806508
5.152279589962662,0.0005870000000000619,144.6285966393316,1274.7067270612702
5.152921992437178,0.0005870000000000753,-1106.591758021073,1375.516181656205
5.153564394911694,0.000587000000000082,-299.3550378138834,1209.548761110267
5.15420679738621,0.0005870000000000724,-2688.79538742621,1169.291496706735
5.154849124151766,0.0005869999999999168,530.1119881892828,1199.2679260877321
5.155491331346748,0.0005869999999999655,-1543.2267149537465,1180.3555211649482
5.15613353854173,0.000587000000000013,-547.92509359306,1213.9101990548306
5.156775745736712,0.0005870000000000099,-1353.1471048046324,1219.0910964086854
5.157417979779311,0.0005869999999999481,399.28107184352814,1305.2278819894639
5.15806026603097,0.0005870000000000186,1716.3637877925705,1414.6401592677246
5.1587025522826275,0.0005870000000000184,1236.4336800258116,1239.0403107504862
5.159344838534286,0.0005870000000000278,-698.618758292445,1292.6164628255408
5.159987067923245,0.0005870000000000658,1938.2344764191994,1213.186353531915
5.160629158944711,0.0005870000000000122,2133.226239502193,1163.8355104631237
5.161271249966178,0.0005870000000000588,-1851.538968437532,1280.1385417786273
5.161913340987644,0.0005870000000000056,-459.5885898988433,1238.7034871039427
5.162555432401572,0.0005870000000000925,-2427.5371294377924,1226.3778324842779
5.163197525041893,0.000586999999999973,-1123.779442882216,1298.5745355193842
5.163839617682213,0.0005870000000000898,-1324.1702226785849,1345.3028005027322
5.1644817103225344,0.000587000000000026,1152.9346090534457,1413.280742286179
5.16512379549715,0.0005869999999999747,810.7816377224243,1447.326731088954
5.165765849429209,0.0005869999999999938,-1731.4905711366341,1450.626584326181
5.166407903361269,0.0005870000000002642,771.5172406131047,1434.430855933721
5.167049957293328,0.000587000000000022,1998.1230410360927,1336.2742480883526
5.1676919888441155,0.0005869999999999256,2120.4739970198193,1319.2263626074146
5.16833388633643,0.0005870000000000009,-1771.4940194982978,1653.38352896511
5.168975783828744,0.0005870000000003247,1484.8344453647999,1782.9977605738463
5.169617681321058,0.0005869999999997868,815.718724804786,1979.2883853804092
5.1702595825659765,0.0005869999999999746,-1282.7034562575323,2215.442104907991
5.170901520401248,0.0005870000000000486,-2081.322052472075,2219.8183837338593
5.1715434582365205,0.0005869999999999932,4590.7817356161295,1870.5455274122746
5.172185396071793,0.0005869999999998294,3348.214391749399,1760.2440002088529
5.172827325619877,0.0005869999999999729,-125.47807096422694,1720.3516974178315
5.173469068372845,0.0005869999999999392,-681.3815734407866,1902.8944537483699
5.174110811125813,0.000587000000000024,2176.013966720282,2415.2498776742655
5.174752553878782,0.0005870000000000701,-375.3743746707329,2763.466498256991
5.175394296631749,0.0005869999999999763,-1611.496942439953,2838.6996381918575
5.176036041051286,0.0005869999999999387,3588.3239730446817,2441.7271826894685
5.176677785485186,0.0005870000000000195,2265.5610194816627,2359.530278834381
