Wavelength_um,Model_Depth,Transit_Depth,Error_ppm
2.8705440656200856,0.0009369138518351902,0.0006431377704088615,0.000384437456690494
2.871219918514831,0.0009396484495690152,0.0010695605663284136,0.00038160109557126793
2.871895763808353,0.0009386498147865318,0.0009908137793383618,0.00038054601759067837
2.8725715630920616,0.0009376512479885955,0.0007723514811600819,0.00037950296500046684
2.87324736237577,0.0009366526811907263,0.0011763401461462493,0.0003784684441486555
2.8739231616594787,0.0009356541143925638,0.0012218737932107565,0.0003774423397284527
2.874598972880794,0.0009346555299558638,0.001062683252447186,0.00037642452663414253
2.87527481269201,0.0009336569032739439,0.0007613335389776636,0.00037541485556024176
2.875950652503226,0.0009326582765922972,0.0006094661958997169,0.0003744132674904576
2.876626492314442,0.0009316596499104822,0.000562803728420896,0.00037341965585579323
2.8773023092070065,0.000930661057093661,0.0013457761955339986,0.000372433946010233
2.8779780977695286,0.0009296625061374086,0.0012446077874665314,0.00037145605379919095
2.8786538863320503,0.0009286639551812922,0.00156037616890379,0.00037048582038132205
2.879329674894572,0.0009276654042249649,0.0011812032740667082,0.000369523872860919
2.880005450594114,0.0009268974875097056,0.0007358797328245347,0.0003686772453395618
2.880681217715283,0.0009265902158848211,0.00041713052237226365,0.00036804855925211044
2.881356984836452,0.0009262829442599473,0.0009661224895287684,0.0003674244849143725
2.8820327519576208,0.0009259756726349311,0.0011633581650476773,0.0003668035771137064
2.882708502945143,0.0009256684083459026,0.00019161263258870534,0.00036618581892386393
2.8833842486263195,0.0009253611464697825,0.000769675227782775,0.00036557117465369865
2.884059994307496,0.0009250538845936337,0.0011209382760682123,0.00036495962259319313
2.884735739988672,0.0009247466227174946,0.0011409466322160956,0.00036435112224383296
2.885411437168953,0.000924439382894579,0.00020655428376188157,0.00036374570159650817
2.8860871292561,0.0009241321453876661,0.0011553073496329896,0.0003631432931405878
2.886762821343247,0.0009238249078807552,0.0006824287470584182,0.0003625438680215096
2.887438515745513,0.0009235176693210403,0.0006245981784318274,0.00036194740147798817
2.8881142483571396,0.0009232104133876592,0.0005080886691980005,0.0003613536959392186
2.8887899809687663,0.0009223948028848554,0.0011789132737915257,0.0003607413582150192
2.8894657135803925,0.0009204746715719183,0.0005630880994475546,0.0003600861131377231
2.8901414354738035,0.0009185545707155763,0.0009620959575749438,0.000359434134913377
2.8908171168431647,0.0009166345850103841,0.0006897538884103919,0.00035878572039458706
2.891492798212526,0.000914714599305332,0.00037755329873646957,0.0003581408156928411
2.892168479581887,0.0009127946135999534,0.0007324350736341561,0.00035749937660791445
2.89284415320765,0.0009108746498986539,0.0010791666927324733,0.0003568613788786419
2.8935198131424595,0.0009089547251010245,0.0009759117419941905,0.0003562268011439615
2.894195473077269,0.0009070348003033316,0.0007912031142630398,0.00035559560126834756
2.8948711330120784,0.0009051148755056025,0.0012226408943151637,0.00035496775067275007
2.8955467819464173,0.000903194981966085,0.0008506099787378152,0.0003543432307182841
2.8962224204480354,0.0009012751180720836,0.0006731855088576935,0.00035372200626742733
2.896898058949653,0.0008993552541780379,0.0007131812544582948,0.00035310443925545354
2.897573697451271,0.0008978418913086491,0.0015256607121727761,0.0003525508025493507
2.8982493003188003,0.0008973042966656685,0.0005636991073063155,0.00035214304975447633
2.8989248852433875,0.0008967667163004919,0.0004439747868831396,0.00035173766712246764
2.899600470167975,0.0008962291359354309,0.0010804240299250635,0.00035133351507672076
2.9002760550925624,0.0008956915555701246,0.0004764294872270911,0.0003509037958803442
2.900951673109009,0.0008951539488730245,0.0006582171674796435,0.00035043703151236866
2.901627298555048,0.000894616336263829,0.0009371302449146852,0.00034997186690454026
2.9023029240010874,0.0008940787236549288,0.0012396165205993213,0.0003495085368440838
2.9029785494471265,0.0008935411110458023,0.0012965212317557087,0.00034904705703231757
2.9036541252928463,0.000893003537904893,0.0008306295114546553,0.0003485874269606068
2.904329699503047,0.0008924659660653996,0.00074142569803782,0.00034812961109240663
2.905005273713248,0.0008919283942261448,0.0004858232956877754,0.00034767359166139577
2.905680845361378,0.0008913908244254125,0.0012930875713365118,0.00034721935927444484
2.906356398143825,0.0008913772637632418,0.0010507342971662781,0.00034676535645377466
2.9070319509262723,0.0008927593903924877,0.0011449123946425754,0.0003463091014161686
2.90770750370872,0.0008941415170217364,0.00045655370494780364,0.0003458546248392609
2.9083830506860058,0.000895523631774037,0.0007243775545373313,0.0003454019172992826
2.909058582042059,0.0008969057145665524,0.0015658348000907882,0.000344951000511635
2.909734113398112,0.000898287797359191,0.0006949875275216686,0.00034450182900376113
2.910409644754165,0.0008996698801518376,0.0012707904110608689,0.0003440544168091788
2.9110851670649933,0.0009010519444384007,0.0008996763835274798,0.00034360874389641064
2.9117606769960114,0.0009024339833972152,0.0009926199521143552,0.0003431648135937353
2.9124361869270294,0.0009038160223558538,0.0004981169424609355,0.0003427225867963255
2.9131116968580475,0.0009051980613146781,0.0010227159145860746,0.0003422820702537325
2.91378718222532,0.0009065800500177243,0.0008798295994187642,0.00034184325331862003
2.9144626493103445,0.0009079620013167764,0.0007619647042256736,0.0003414068773573599
2.915138116395369,0.0009096114713175773,0.0006799381723504793,0.00034108566812259575
2.9158135834803938,0.0009120682736273344,0.0009208711459620243,0.0003411015345015259
2.916489079907918,0.0009145251826612249,0.001278167332408888,0.0003411196625115527
2.917164587511064,0.000916982132342971,0.0006495803846504743,0.0003411377808433384
2.91784009511421,0.0009194390820247977,0.000659800962767897,0.00034115590714047574
2.9185156027173558,0.0009218960317066491,0.0015555837612440838,0.0003411740416485426
2.9191910654984543,0.0009243528183620815,0.0008159845154970121,0.00034119216897215884
2.91986652187283,0.0009268095817151816,0.0009910557738382142,0.00034121030478468506
2.9205419782472055,0.0009292663450683036,0.0006282552485450755,0.00034122844909927703
2.9212174340698627,0.0009317231064145447,0.0009280749654013976,0.0003412465881739456
2.921892869023959,0.0009341797918578704,0.001135572369644171,0.0003412647301837478
2.9225683039780557,0.000936636477301348,0.001542363411420701,0.00034128288298815323
2.9232437389321517,0.0009390931627447513,0.0008643197648232951,0.00034130024083037263
2.9239191701068235,0.0009409140786023443,0.0006652762538855648,0.00034119643652460893
2.924594583641999,0.0009405301900409518,0.0008761656264657251,0.0003406826074707182
2.9252699971771747,0.0009401463014794738,0.0005193291459958351,0.00034016838316750663
2.9259454107123504,0.0009397624129177767,0.0002979031772791938,0.00033965646853443914
2.9266208067380903,0.0009393785343083058,0.0009010295861432836,0.0003391468770292009
2.927296166731907,0.0009389946761783221,0.00112406781944567,0.00033863960454757325
2.927971526725724,0.0009386108180483377,0.0007984143899802982,0.00033813460116625656
2.9286468867195405,0.0009382269599185176,0.001414778604039687,0.000337631843744627
2.9293222660510057,0.0009378430907974554,0.0008384246059215763,0.0003371313134078323
2.9299976665599154,0.000937459209639706,0.0015392304744286521,0.00033663298887726156
2.9306730670688252,0.0009370753284820357,0.0016254256716436899,0.00033613686536399526
2.931348467577735,0.0009366914473241902,0.0010808775403342262,0.00033564292939667294
2.932023835947624,0.0009363075844337699,0.0007865911809957509,0.0003351514442495833
2.932699185234188,0.0009354356838299737,0.0012900105955515058,0.00033470153228650883
2.9333745345207514,0.0009325955015609378,0.0007430677942664897,0.0003344079323884247
2.934049883807315,0.0009297553192919505,0.001337207046336331,0.00033411612927969114
2.9347252164417026,0.0009269152070536199,0.0006655107112586208,0.0003338251014982599
2.9354005443147786,0.0009240751148389499,0.0003783954167990264,0.0003335348394104075
2.936075872187854,0.0009212350226243871,0.0013946214293327347,0.0003332453350678321
2.93675120006093,0.0009183949304097142,0.00110967169394603,0.0003329565841481247
2.9374265080692368,0.0009155549217365266,0.0008478345685324557,0.0003326685901697703
2.9381018145301825,0.0009127149195706303,0.0009240598805676285,0.0003323813552245069
2.938777120991128,0.0009098749174049022,0.001081603091999794,0.00033209485528291395
2.93945242329335,0.0009070349327286037,0.0005137014803380171,0.00033180910807509577
2.9401276762299107,0.0009041951556596921,0.0012402231208502763,0.0003315241183855508
2.9408029291664715,0.0009013553785906481,0.0007068486744202185,0.000331239930075297
2.9414781821030322,0.0008990523733559023,0.0010276684749856893,0.0003309665650130519
2.942153444250252,0.0008993594153689816,0.0009556311437229948,0.00033074131549534286
2.942828737698878,0.0008996664716147457,0.000548723006195604,0.0003305168352444525
2.9435040311475036,0.0008999735278607171,0.001235973961795065,0.0003302928112909214
2.944179324596129,0.0009002805841063603,0.001044912721208255,0.00033006924260736015
2.944854598741878,0.0009005876315752624,0.0015248595416759419,0.0003298461414381466
2.9455298409745803,0.0009008946645331518,0.0006261314916099837,0.0003296234931720461
2.946205083207282,0.0009012016974911409,0.0008706483721223049,0.000329401299700007
2.946880325439984,0.0009015087304489489,0.0008584185988524151,0.0003291795493229267
2.9475555564022886,0.0009018157582823757,0.0011066125433549082,0.000328958251394381
2.9482307772282907,0.0009021227815065487,0.0014595929862498106,0.0003287373976854149
2.948905998054293,0.0009024298047309523,0.0007571206683343286,0.0003285169987532288
2.949581218880295,0.000902736827954991,0.0009712245363935436,0.0003282970550467238
2.9502564180027684,0.0009027589001975419,0.0009341852915267624,0.0003280808917627456
2.950931606721266,0.0009010705446842415,0.0010709694622601754,0.0003278843961555895
2.9516067954397633,0.0008993821891708978,0.0014095864837545614,0.0003276883733657576
2.952281984158261,0.0008976938336574346,0.0008938186709417035,0.0003274927104111791
2.952957137551448,0.0008960055664773639,0.001207827795772965,0.0003272974063267202
2.953632283464689,0.0008943173180014403,0.0009723727636754918,0.00032710245230620075
2.9543074293779292,0.0008926290695254554,0.00018822672202421092,0.00032690784270935323
2.9549825752911696,0.0008909408210495263,0.0010298084291214806,0.00032671358640614474
2.9556577606725347,0.0008892524738809651,0.0008175129538034452,0.0003265196611425145
2.956332947094812,0.0008875641241093298,0.0015347654033080415,0.0003263260824169559
2.957008133517089,0.0008858757743379262,0.0012484004194686367,0.0003261328579264678
2.9576833123102437,0.0008841874436434138,0.0009621751457871144,0.00032593997038416205
2.9583584368228912,0.0008824992486810527,0.0009245098011100455,0.0003257474685380131
2.9590335613355387,0.0008809227037940115,0.0007722387738018736,0.00032555914529960726
2.959708685848186,0.0008802320785822454,0.0012926873755160879,0.0003254000520531437
2.960383804536908,0.0008795414593279292,0.0008658155616164414,0.0003252413782528845
2.961058907650319,0.0008788508560067595,0.00099694128968422,0.00032508294216766835
2.9617340107637298,0.0008781602526854825,0.0008629152671143313,0.00032492473596878004
2.9624091138771407,0.0008774696493642561,0.0008825011685741879,0.0003247667688911886
2.963084207982911,0.0008767790552572643,0.0007444668439070936,0.00032460902602692845
2.963759289698442,0.0008760884738251144,0.00043671348991943334,0.00032445152353481355
2.964434371413973,0.0008753978923930491,0.0011017545111971171,0.0003242942406063244
2.9651094531295037,0.0008747073109610363,0.0006590761364319177,0.00032413719504739767
2.9657845226566955,0.0008740167419969803,0.0009344197161412497,0.00032398037178266024
2.966459582975703,0.0008733261824526496,0.0007092816866383127,0.0003238237856851544
2.96713464329471,0.0008726356229081941,0.0008012609950506442,0.0003236674569894475
2.9678097036137174,0.0008720183142935559,0.00020144934808824478,0.0003235155843545744
2.9684847255194913,0.0008722485138750938,0.0008791830339762666,0.00032340942231249913
2.969159732353123,0.0008724787083163797,0.0012963384517563044,0.00032330365965349593
2.969834739186755,0.0008727089027578721,0.0007941990098896733,0.0003231980117273899
2.9705097460203866,0.0008729390971991995,0.0005592636569747341,0.00032309246609071206
2.9711847879498676,0.0008731693036090979,0.0007078894826206989,0.0003229870151785316
2.971859835288599,0.0008733995118637517,0.001176289752721764,0.0003228816629631155
2.9725348826273303,0.0008736297201183869,0.0007138693260464753,0.0003227764254136477
2.97320992921917,0.0008738599281183629,0.0009687949324939713,0.0003226712809547237
2.9738849253567436,0.0008740901189121826,0.0012711128775399162,0.0003225662494325846
2.9745599214943175,0.0008743203097058645,0.0010356264002965463,0.0003224613133720359
2.975234917631891,0.0008745505004997521,0.001195694809393067,0.00032235649087306245
2.975909910287405,0.0008747806901060271,0.0011098497165082004,0.0003222517684838167
2.97658488503388,0.0008749891276311637,0.0007023205255780658,0.0003221476475813794
2.977259859780354,0.0008747589702953778,0.0005602100195266984,0.00032205247691622903
2.9779348345268284,0.0008745288129597024,0.0008614103314808179,0.00032195744361953883
2.9786098026242573,0.0008742986578911504,0.0002868419082216896,0.00032186249680150094
2.9792847559809883,0.0008740685078490275,0.0004810393863813471,0.00032176764563434
2.979959709337719,0.0008738383578070762,0.0002692623735910996,0.0003216728694991328
2.9806346626944498,0.0008736082077650091,0.0006533012338210782,0.0003215781742341717
2.981309591519798,0.0008733780660877954,0.001615234059340896,0.0003214835745226621
2.9819844914081006,0.0008731479342776712,0.0014790059381710728,0.000321389061585126
2.9826593912964032,0.0008729178024676834,0.0011082884420049665,0.00032129463148762534
2.9833342911847063,0.000872687670657643,0.0013776777539338922,0.00032120027589251657
2.9840092156352997,0.0008724575304722319,0.0006829267820062598,0.0003211060098703561
2.984684156025674,0.0008722273848514228,0.0014129730536642814,0.0003210118263180946
2.9853590964160475,0.0008719935574727229,0.0011520520270949853,0.00032091838403743576
2.986034036806421,0.000871456489980156,0.0010831675188484804,0.000320860161115521
2.9867089385976358,0.0008709194532019209,0.001617017578153062,0.00032080220436133766
2.9873838277932694,0.0008703824264461829,0.0012478910261944946,0.0003207442800818259
2.9880587169889026,0.0008698453996903858,0.0009135069960753284,0.00032068639282949835
2.988733606184536,0.0008693083729348216,0.0007265506159997839,0.0003206285326913604
2.9894084761011284,0.0008687713615200644,0.0005490098928363912,0.0003205707012111065
2.99008334391244,0.0008682343517805788,0.0009124729668122961,0.00032051291269546246
2.990758211723752,0.0008676973420407853,0.0005372062760190122,0.0003204551467109151
2.991433078487058,0.00086716033313521,0.0009005303415964019,0.0003203974181353977
2.9921079249154032,0.0008666233404107365,0.0003265635159882608,0.0003203397152909449
2.9927827713437485,0.0008660863476860425,0.0008307719795690862,0.00032028204961406174
2.9934576177720933,0.0008655493549614064,0.0004519756969927606,0.00032022440872651317
2.9941324537052334,0.0008650123705881283,0.0010393170088705348,0.00032016674181539366
2.9948072466820896,0.0008663487656602462,0.0010149255436181879,0.0003200987927287876
2.995482039658946,0.0008677293377882278,0.0006136313982739573,0.0003200305789873027
2.996156832635802,0.000869109909916351,0.0009001701828190271,0.0003199623997680128
2.996831639519373,0.000870490510496569,0.0006650621890830939,0.0003198942718525678
2.9975064729952714,0.0008718711654824957,0.0003986141785676961,0.00031982617399108656
2.99818130647117,0.0008732518204683753,0.0010735382430860862,0.00031975813197214356
2.9988561399470686,0.0008746324754542597,0.0017665733129100833,0.000319690122552068
2.9995309483255665,0.0008760130790929599,0.0009565697747018181,0.0003196224219643563
3.0002057306131413,0.0008773936293516022,0.0013807217226878795,0.00031959452357222624
3.0008805129007157,0.0008787741796104806,0.0005066441319548653,0.0003196561845138986
3.00155529518829,0.0008801547298690398,0.00028882703962289434,0.0003197184774561213
3.002230057041346,0.000881535238320549,0.0005066567779821794,0.00031978080152773414
3.0029048072631066,0.0008829157229751654,0.0008587497383736331,0.0003198432565939982
3.003579557484868,0.0008829999999999761,0.0005151202710011735,0.00031991852163589993
3.004254307706629,0.0008829999999998677,0.0008522591698891434,0.0003199947533667067
3.004929041168754,0.0008829999999998915,0.000993112256063874,0.0003200710507452745
3.005603770014999,0.0008829999999998695,0.0007984117654339882,0.0003201473965708558
3.0062784988612443,0.0008830000000000594,0.0007828410618270501,0.00032022379268231813
3.0069532277074895,0.000882999999999867,0.0011668140387705458,0.00032030025456374815
3.0076279068224263,0.0008829999999998692,0.0007320512920346869,0.00032037675949104025
3.0083025822358067,0.0008830000000000192,0.0011179741915543,0.0003204533192519187
3.0089772576491867,0.0008829999999998821,0.0010767508398944398,0.0003205299344650199
3.009651936184276,0.000883000000000037,0.0012210593013564064,0.00032060660411123106
3.0103266520933674,0.0008830000000000361,0.0009709751679132694,0.0003206833294682862
3.011001368002458,0.0008829999999999547,0.0006667988174793365,0.0003207601208644092
3.011676083911549,0.0008829999999998726,0.0008850679722269606,0.0003208379453779646
3.012350788390448,0.0008830690825630751,0.0006052289666919094,0.0003210641475641411
3.0130254531182707,0.0008831457664375571,0.000466232416363572,0.00032130817384975184
3.013700117846094,0.0008832224503121801,0.0011804693980830333,0.00032155286462061275
3.0143747825739164,0.0008832991341866481,0.0007034651004459753,0.0003217981153405627
3.0150494394027327,0.0008833758171632203,0.0006632843775290055,0.0003220439285741699
3.015724082760456,0.0008834524986088013,0.0008841910381272297,0.0003222903031450151
3.016398726118179,0.0008835291800542653,0.0004495168105803043,0.0003225372322538308
3.017073369475902,0.0008836058614997683,0.0009299621890151576,0.00032278474384722546
3.0177480018114533,0.0008836825416924824,0.0008127619885765324,0.00032303281195682513
3.0184226238004306,0.0008837592207093464,0.0004181739802538347,0.00032328145281746
3.019097245789408,0.0008838358997259219,0.0012231389513150147,0.0003235306688103555
3.019771867778385,0.0008839125787426934,0.0016012019292309487,0.00032378046154176023
3.020446475625029,0.0008839892561519967,0.00022873711596556377,0.00032402906268396434
3.021121076246614,0.0008847911928801614,0.0008758512515178923,0.0003240123809793906
3.0217956768681993,0.0008857113119365406,0.0010561594909720938,0.0003239507313842433
3.0224702774897843,0.0008866314309930521,0.000863413979430568,0.00032388882416155176
3.0231448349646888,0.0008875514911998774,0.0007812705996007623,0.0003238269664439119
3.023819382173715,0.0008884715374044171,0.00092263803059146,0.00032376513035395766
3.024493929382741,0.0008893915836091586,0.001138354672976319,0.0003237033431658369
3.0251684765917672,0.0008903116298136262,0.0008631220005885587,0.00032364158203016224
3.0258430624071604,0.0008912317286753688,0.0012743473145540752,0.0003235798599354713
3.0265176501082625,0.0008921518301090302,0.00039827790101394525,0.00032351816901327296
3.0271922378093645,0.0008930719315425727,0.0009454718432607861,0.00032345650750627655
3.027866819390684,0.0008939920246291687,0.0010013672700618975,0.00032339489350899136
3.0285413452370546,0.0008949120416964401,0.0015127316499934148,0.00032333330785809034
3.029215871083425,0.0008958320587635532,0.0010741363797760167,0.0003232728830663645
3.029890396929796,0.00089581195966925,0.0013367428604512182,0.0003233801832808611
3.0305649175544858,0.0008955819310373551,0.0010562326309482195,0.00032352616875362466
3.031239422039554,0.0008953519079097632,0.0008994985218207864,0.0003236726075528585
3.0319139265246227,0.0008951218847819385,0.0002525480371426179,0.00032381924170211105
3.0325884310096907,0.000894891861654219,0.0007962580527801082,0.00032396606904902916
3.0332629271679767,0.0008946618413660187,0.0003427679823493463,0.0003241131029018605
3.033937410293096,0.0008944318255223686,0.0010308537909954443,0.00032426032783302287
3.0346118934182145,0.0008942018096789044,0.0009220117483351407,0.00032440776186273514
3.035286376543333,0.0008939717938354759,0.0010605655020406984,0.00032455538864601026
3.0359608310976016,0.0008937417877352048,0.00018612030242850077,0.0003247032139078831
3.0366352608287652,0.00089351179010051,0.0007014315246167632,0.0003248512291882909
3.0373096905599284,0.0008932817924655927,0.00022121584418669361,0.00032499945661726914
3.0379841202910915,0.0008930517948309349,0.0008912305374874815,0.00032514712588761275
3.038658577556775,0.0008950789059431818,0.0007407547257366035,0.00032518031500509086
3.0393330477766827,0.0008977620677636959,0.0008783306150100107,0.00032517950359987663
3.0400075179965897,0.0009004452295840572,0.0013974797624411147,0.00032517846121284653
3.040681988216497,0.0009031283914046568,0.0011740839803045353,0.00032517742527548167
3.041356416229646,0.0009058113853192604,0.001168400149080074,0.0003251763920003411
3.0420308352830325,0.0009084943435902736,0.0003556217618427489,0.00032517535884780236
3.042705254336419,0.0009111773018611422,0.0007827658760431317,0.00032517432581000827
3.0433796733898055,0.0009138602601323847,0.0010629213847601444,0.00032517329023423454
3.0440540717338247,0.0009165431360176868,0.00043817561763135026,0.00032517225727189263
3.0447284694326724,0.0009192260093367329,0.001177356835435699,0.0003251712240321535
3.0454028671315196,0.0009219088826555228,0.00105808153280659,0.000325170188722254
3.0460772623840824,0.0009245917462427136,0.0013723571832012587,0.00032516914862827385
3.046751638729743,0.0009272745346147992,0.0006995987453153136,0.000325169171798696
3.047426015075404,0.000926881402579669,0.0011527159170186421,0.00032532777352605943
3.0481003914210643,0.0009253482063861068,0.0009181255543545615,0.000325546440493117
3.0487747539305228,0.0009238150416493138,0.0005144035445724943,0.00032576593143094815
3.0494490768991316,0.0009222819668089011,0.0010088952102891445,0.0003259858600130423
3.050123399867741,0.0009207488919682666,0.0005174728596093654,0.00032620623298166266
3.0507977228363496,0.0009192158171278901,0.0010934471376528973,0.00032642704193977474
3.0514720578356247,0.0009176827149355852,0.0007205486279304688,0.000326648312091657
3.0521464106152494,0.0009161495723195501,0.0009246356795284522,0.00032687004174074703
3.052820763394874,0.0009146164297036829,0.00024842714528671057,0.0003270922130341106
3.0534951161744983,0.0009130832870877305,0.0010188848626670863,0.00032731483848107726
3.054169440932572,0.0009115502081787435,0.0011697248734442653,0.00032753791312061165
3.0548437425527264,0.0009100171818740025,0.0010603500596125135,0.00032776143124594584
3.0555180441728806,0.0009084841555692907,0.0013981326765474963,0.0003279869932083869
3.056192345793035,0.0009077902496963306,0.00030823567764463086,0.00032845152469609625
3.0568666326419422,0.0009074836860004388,0.0010035800327233232,0.0003290300257598781
3.0575409129149933,0.0009071771252943891,0.0011494250413530565,0.0003296123266320438
3.0582151931880444,0.0009068705645882082,0.0003339760640279493,0.00033019773350993574
3.0588894734610954,0.0009065640038822416,0.0012039513153006397,0.0003307862630926721
3.0595637358878265,0.000906257451289814,0.001012454158131306,0.00033137793012140887
3.060237994815126,0.0009059509002887645,0.0006175764273608408,0.00033197279341845907
3.0609122537424254,0.0009056443492874354,0.0007866587624377135,0.0003325708630491512
3.061586512669725,0.0009053377982862235,0.0006787433747498567,0.00033317217325656324
3.0622607193035125,0.0009050312710599007,0.0011054733355053638,0.00033377671478122464
3.0629349248723456,0.0009047247443181903,0.0013897951168649085,0.00033438456069140017
3.0636091304411783,0.0009044182175763506,0.0006546584996654772,0.0003349957284871868
3.064283341018421,0.0009041116885572839,0.0008182913950426486,0.00033560686209334675
3.0649575870696366,0.0009058024234573112,0.0010487028099017087,0.00033570639266304565
3.065631833120852,0.0009086379660687663,0.0007165835512605316,0.00033550936026204936
3.0663060791720675,0.0009114735086801289,0.0014796075518996449,0.0003353107131915599
3.0669803086995597,0.0009143089818008138,0.0005781178996612494,0.0003351124196239808
3.0676544929273706,0.0009171442644137662,0.0014304854849866017,0.000334914501795053
3.0683286771551814,0.000919979547026895,0.0007662595738646858,0.0003347169235284924
3.0690028613829923,0.0009228148296397667,0.001142752001670874,0.00033451968933257705
3.0696770368438764,0.0009256500753833175,0.0006803315888981929,0.0003343228072525165
3.070351199732016,0.0009284852682524655,0.0008208294473236391,0.00033412627987746074
3.071025362620156,0.0009313204611213283,0.0008202297174469416,0.00033393008497050483
3.0716995255082957,0.0009341556539902954,0.0005758492552365823,0.00033373424596833546
3.0723736765694527,0.0009369907971208328,0.0010664683878376174,0.000333538749044475
3.073047818119272,0.0009398259002514661,0.0009961472545143605,0.0003333451119807654
3.0737219596690917,0.0009408204116542987,0.0013104193395070672,0.0003333816638442463
3.074396101218911,0.0009405138791775937,0.0011044737844596226,0.00033358178828918203
3.075070227884684,0.0009402073534683291,0.00135750594228059,0.0003337833579430768
3.075744348097534,0.0009399008306934414,0.001318610534873815,0.0003339852801023952
3.0764184683103846,0.000939594307918485,0.0006026088595798233,0.00033418758218425074
3.0770925885232345,0.0009392877851433822,0.0014567388476175742,0.0003343902391823031
3.077766663892915,0.0009389812827587103,0.0007900545098716361,0.0003345932588767326
3.07844073076925,0.0009386747842358671,0.0007853017420667349,0.00033479665103236284
3.0791147976455853,0.0009383682857130564,0.0007949233874662734,0.0003350004041187835
3.0797888645219205,0.0009380617871900983,0.0007011160134431603,0.00033520453496424616
3.080462971214577,0.0009377552705628875,0.0005696413686938275,0.0003354090497130154
3.0811370785693564,0.0009374487536344067,0.00048264800654565043,0.00033561394383780957
3.0818111859241357,0.0009371422367060797,0.0005147728459353133,0.0003358190244165699
3.082485285465809,0.0009367125485041407,0.0013493138661095176,0.0003359975777389738
3.0831593310099015,0.0009361762540269888,0.0006805189743291525,0.00033615302419485977
3.0838333765539936,0.0009356399595501896,0.0007361672885667267,0.0003363085357387567
3.0845074220980857,0.0009351036650732374,0.0012671953456975357,0.00033646426248484915
3.0851814619006475,0.0009345673751643086,0.0007439243489133368,0.0003366201957350516
3.085855486113847,0.0009340310976588628,0.0012177879334966137,0.00033677635001372525
3.086529510327047,0.0009334948201535061,0.0014035163542174959,0.0003369327171761089
3.0872035345402464,0.0009329585426481111,0.0010430077079135837,0.00033708930134663276
3.0878775499698508,0.0009324222721315351,0.00045163188844632755,0.0003372461113476382
3.0885515528535077,0.0009318860115964236,0.0005853662955772139,0.00033740312747907185
3.0892255557371646,0.0009313497510614108,0.00035007396728341776,0.0003375603676354313
3.0898995586208216,0.0009308134905267015,0.0015380941109185882,0.00033771782313625725
3.090573531949203,0.0009302772535071624,0.0012724237061996306,0.0003378754193031801
3.0912474815149085,0.0009299630008509088,0.0009341595493826034,0.0003380225835220148
3.0919214310806145,0.000929886389555341,0.0009390071728158744,0.00033815852377534934
3.0925953806463204,0.0009298097782600871,0.0006204617302007249,0.00033829456070094623
3.093269358404285,0.0009297331637599061,0.0007877538542274427,0.0003384307610078332
3.093943348445103,0.0009296565478632377,0.000966007216321848,0.00033856714051614637
3.0946173384859206,0.00092957993196704,0.0004326394360196637,0.0003387036739231773
3.0952913285267383,0.0009295033160705304,0.0007021913823093325,0.0003388403778156685
3.09596526674071,0.0009294267060655176,0.0007507009128499207,0.0003389772287747565
3.0966391949815972,0.0009293500971942575,0.0010265390074481742,0.0003391142526865073
3.0973131232224844,0.000929273488323001,0.00016418526149664786,0.00033925144298393875
3.0979870514633716,0.0009291968794517706,0.0013527448825685633,0.0003393887900623004
3.098660958792058,0.000929120272957467,0.0009409539366734233,0.0003395263137219556
3.099334865709476,0.0009290436665101569,0.0003693988538988715,0.00033966501374933854
3.100008772626894,0.0009288023828413044,0.0010085847786478262,0.00033995332225006435
3.1006826769285003,0.0009283427981845234,0.0010418167737513183,0.0003398404158524543
3.1013565625237987,0.0009278832262852435,0.0012086919467043894,0.0003397249336739018
3.102030448119097,0.000927423654385687,0.0004564732724959968,0.0003396095693388601
3.1027043337143954,0.0009269640824860759,0.0015381993441086193,0.0003394943245000349
3.103378205210598,0.0009265045202018943,0.0008186636010164695,0.0003393791943567438
3.1040520375064995,0.0009260449846510722,0.0011507806317339097,0.0003392642020008469
3.104725869802401,0.0009255854491002191,0.0013566835193679827,0.00033914931017834125
3.1053997020983024,0.0009251259135496622,0.0005440078959485601,0.00033903454825802724
3.1060735508284534,0.0009246663667911897,0.0008902704955607688,0.00033891988979213
3.106747423596134,0.0009242068036397746,0.0006526571990408435,0.000338805346413099
3.1074212963638144,0.0009237472404884424,0.0005344200831400891,0.0003386909309534664
3.108095169131495,0.0009232876773370794,0.0006136456111746577,0.00033857674622634205
3.108769008070506,0.0009238306699299254,0.001111766445850258,0.00033848097483880945
3.1094428190490095,0.0009260516881588965,0.0007327124113421508,0.00033841567564593097
3.110116630027513,0.0009282727063875821,0.0007917212842464684,0.0003383506231446942
3.1107904410060163,0.0009304937246163137,0.0008684369599133029,0.0003382856082460104
3.111464237299812,0.0009327146944412088,0.00027473035455442536,0.0003382206410144077
3.1121380269622656,0.0009349356424079704,0.0008784268611156478,0.0003381557000685251
3.1128118166247196,0.0009371565903747769,0.0013769707851987586,0.00033809079873381106
3.1134856062871736,0.0009393775383413513,0.00058363410475003,0.000338025931066463
3.114159378254159,0.0009415984279802599,0.0008777337507844601,0.0003379611039992884
3.114833146601912,0.000943819305689424,0.001112192410718112,0.00033789631142429056
3.1155069149496653,0.0009460401833985862,0.0008390858432099067,0.000337831557390062
3.1161806832974186,0.0009482610611074434,0.0010935244197494813,0.0003377668478414382
3.1168543998895095,0.0009504817682195693,0.0011635415650644908,0.00033770214689325575
3.1175281149564102,0.0009519030965298844,0.0006223062819569942,0.0003376336846453401
3.118201830023311,0.0009515967579750897,0.0014990102180997928,0.0003375571714126406
3.118875549632538,0.0009512904173548039,0.0013300400284943375,0.0003374806434001231
3.1195493051678853,0.0009509840603987695,0.0008752803985711278,0.00033740417205782016
3.1202230607032324,0.0009506777034427384,0.001116923311315094,0.00033732775073162704
3.1208968162385795,0.0009503713464869147,0.0009929713774343846,0.00033725137629277564
3.1215705561445577,0.0009500649966375966,0.0009015839188494099,0.00033717506174727477
3.1222442499014766,0.0009497586677723157,0.0006461080597635643,0.0003370988045373493
3.122917943658396,0.0009494523389071106,0.001043452406123643,0.0003370225967239832
3.123591637415315,0.0009491460100418319,0.001073456110464544,0.0003369464412503235
3.12426532278222,0.000948839684991632,0.0004920547689385851,0.0003368703369635524
3.124938995230506,0.0009485333658153131,0.0013585886083888788,0.00033679428666221335
3.125612667678791,0.0009482270466392622,0.0011511972417547708,0.000336718308125903
3.126286340127077,0.0009477423935380484,0.0010636300338917766,0.0003366454723678433
3.1269600011895418,0.000946746986193961,0.0004680873501658702,0.00033658139694953435
3.127633652330542,0.0009457515935099531,0.0004662329588881485,0.0003365174206344974
3.128307303471542,0.000944756200826197,0.0010453705854497578,0.00033645347651807366
3.128980954612542,0.0009437608081424255,0.0008305164495042266,0.00033638956855034687
3.129654591374895,0.0009427654367045134,0.0013318930949308885,0.00033632570278716614
3.1303282212099575,0.0009417700755024931,0.0008516487176537542,0.000336261871169087
3.1310018510450197,0.000940774714300298,0.000672608545833477,0.0003361980760806792
3.131675480880082,0.0009397793530982542,0.001286897284076827,0.00033613431675285895
3.1323490672959684,0.0009387840560527715,0.0009835009692270773,0.0003360705977731303
3.1330226438720823,0.0009377887735466107,0.0009089075481553355,0.00033600691268407005
3.1336962204481957,0.0009367934910402878,0.0008402076184970438,0.0003359432666184158
3.134369797024309,0.0009357982085341679,0.0012714722726640028,0.00033587959081075777
3.135043402081852,0.0009349848355028632,0.0012720011706410827,0.0003358053194454024
3.135717008471391,0.0009349082632179863,0.0015551270993062736,0.0003356891693712593
3.1363906148609297,0.0009348316909331861,0.000694729488480704,0.0003355728679448793
3.1370642163835956,0.000934755119201566,0.0006014672085396632,0.0003354566767661442
3.1377377716584878,0.0009346785527271271,0.0009213434314917134,0.00033534062018006583
3.13841132693338,0.0009346019862528204,0.0014060384468899448,0.00033522468083646524
3.1390848822082718,0.0009345254197785909,0.0009801676327373576,0.0003351088647894673
3.1397584324741055,0.0009344488538735047,0.000683446114260804,0.00033499317118682395
3.1404319664491234,0.0009343722898204152,0.0008295959003771698,0.0003348775956460896
3.141105500424141,0.0009342957257673675,0.0009205529831844141,0.00033476214078218523
3.1417790343991587,0.0009342191617143152,0.0006881556717430134,0.00033464680341364314
3.1424525563939443,0.0009341425990230694,0.0003900611967571344,0.00033453158905495537
3.1431260584216765,0.0009340660386015142,0.001244572831580459,0.00033441655157892634
3.1437995604494087,0.0009341052062393016,0.0007616987451469739,0.00033430956372567245
3.144473062477141,0.0009348707234338857,0.0010177210103623224,0.00033425052248208594
3.1451465371056377,0.0009356362094856742,0.0013337644825555195,0.0003341918389536116
3.1458199858946276,0.0009364016661679899,0.0008691525221627249,0.00033413318551841554
3.146493434683618,0.0009371671228501501,0.001332036015060104,0.0003340745610872552
3.1471668834726083,0.0009379325795322454,0.0010255385618781789,0.00033401596987824185
3.1478403587226724,0.0009386980662907279,0.0010608028527954389,0.0003339574085399394
3.1485138479725343,0.0009394635689616323,0.001513030311704534,0.00033389887530886625
3.1491873372223957,0.0009402290716325456,0.0015650836435495373,0.0003338403752124377
3.1498608264722576,0.000940994574303577,0.0006196698059185677,0.0003337819032427752
3.1505342751829044,0.0009417600308966831,0.001210088573212285,0.00033372346431302907
3.151207713325156,0.0009425254754775012,0.0011164797545743254,0.0003336650571923599
3.1518811514674083,0.0009432909200583904,0.0004141660261745751,0.000333606676792258
3.15255458960966,0.0009440563646392808,0.0013283231484104512,0.0003335477233972129
3.1532279979697004,0.0009448217753690466,0.0007439188250959305,0.00033348180143772505
3.153901404173757,0.0009455871836482965,0.0008522588955847061,0.0003334158729166107
3.1545748103778135,0.0009463525919275225,0.001172291995190465,0.00033334998024862417
3.1552482150575965,0.0009471179984741326,0.0013491476222365442,0.0003332841295451238
3.155921599971206,0.0009478833825542344,0.0002554180364290209,0.000333218317648047
3.1565949848848147,0.0009486487666341507,0.0010609330012823904,0.0003331525445255425
3.157268369798424,0.0009494141507142716,0.0004283271416429718,0.00033308681024025696
3.157941743505381,0.0009501795220564945,0.000897661551817791,0.0003330211178395806
3.158615075198761,0.0009509448456452756,0.0009036513079029965,0.00033295546163505366
3.1592884068921414,0.0009517101692341426,0.0011954122891488926,0.00033288984895075014
3.159961738585521,0.0009524754928227474,0.0007969432462605612,0.00033282428052956194
3.16063508440842,0.0009532408324715919,0.0007107269046031452,0.00033275876222413234
3.1613084565593383,0.00095399627834983,0.000937423820192571,0.000332698556863762
3.161981828710257,0.000953537004403658,0.0010235869346337607,0.00033299456737496356
3.1626552008611752,0.0009530777304573573,0.0007702878247620375,0.00033329376901632634
3.1633285428941584,0.0009526184770528914,0.0012622333964051645,0.00033359375058472407
3.1640018533018024,0.0009521592452186717,0.0010839277562957553,0.0003338945291587539
3.1646751637094463,0.0009517000133845341,0.0008072502578587314,0.00033419612960805116
3.1653484741170903,0.000951240781550249,0.0009450109095931046,0.0003344985440113639
3.1660217711934098,0.0009507815588085644,0.0009612533089689843,0.00033480177141259046
3.1666950603166635,0.0009503223414914999,0.0009262143336878794,0.0003351058269315982
3.1673683494399167,0.0009498631241741153,0.0010206085072384115,0.00033541070918673106
3.1680416385631704,0.0009494039068569249,0.0010122726381651063,0.00033571642719941864
3.168714911409779,0.00094894470064117,0.0010262521282537757,0.00033602297683631144
3.1693881792499874,0.0009484854978400514,0.0008767705325009123,0.0003363303564203658
3.170061447090196,0.000948026295038837,0.0007200745299256637,0.00033663302998706017
3.1707347149304046,0.000946629281236926,0.00033128604558781323,0.0003361059305732823
3.1714079347254023,0.0009451754080719304,0.0008777745202935183,0.0003355258370949423
3.172081149363885,0.0009437215460430358,0.0007914005159215015,0.0003349484237196695
3.172754364002368,0.0009422676840140226,0.0009626130082068305,0.0003343739723994533
3.1734275798655336,0.0009408138193400907,0.0007654569376748603,0.000333802479472764
3.174100824318582,0.0009393598929240649,0.0015369959100020613,0.0003332338800337654
3.1747740687716304,0.0009379059665080326,0.0013437657027876534,0.00033266817581955444
3.1754473132246788,0.0009364520400922143,0.0010153120633190841,0.0003321053459932897
3.1761205485375115,0.0009349981334152997,0.0012811467242716174,0.0003315453808559325
3.1767937418976584,0.0009335443173385247,0.0011421177523110936,0.000330988266747022
3.177466935257805,0.0009320905012618119,0.0007823504045376334,0.0003304339528242947
3.1781401286179514,0.0009306366851851603,0.0008939974559970894,0.0003298824253159707
3.1788133152381333,0.0009291828836640181,0.0007373291352355328,0.0003293354184491593
3.179486487321289,0.0009306055127556021,0.0013379433976302714,0.0003290530601668851
3.1801596594044446,0.0009324420627153403,0.0004929228186754934,0.000328810790081856
3.1808328314876,0.0009342786126751261,0.0007115512385870661,0.0003285693068292344
3.1815059890653936,0.0009361151230610729,0.0010515722588575408,0.00032832836550524577
3.182179129235584,0.0009379515859559806,0.0006478626571427403,0.00032808794592628513
3.1828522694057746,0.0009397880488505757,0.0009138792320337489,0.0003278480616160477
3.1835254095759655,0.0009416245117453316,0.0009703596560899322,0.00032760869900397234
3.1841985371499963,0.0009434609402750945,0.000781202929610298,0.0003273698607583476
3.184871656046558,0.0009452973451310164,0.0008726095363315101,0.0003271315449778374
3.1855447749431196,0.0009471337499869718,0.0010803164661139805,0.00032689374876218103
3.186217893839681,0.0009489701548427781,0.0007138583870780317,0.0003266564674354961
3.1868909739399225,0.0009508064538544471,0.0008186915578480973,0.00032641971477967864
3.187564039658294,0.0009526427136294854,0.0011512328829460308,0.0003261839568735977
3.188237105376665,0.0009518292791365836,0.000867254439144776,0.00032602132654257734
3.1889101710950363,0.0009503757387128033,0.0007194525533810697,0.0003258769146880977
3.1895832626540703,0.0009489221424838234,0.0009640877238491653,0.00032573279785552434
3.190256358187471,0.000947468537671915,0.001359966055038604,0.0003255888791552919
3.190929453720872,0.0009460149328599887,0.001276291234783799,0.0003254451447968857
3.1916025491061415,0.0009445613283681581,0.0015291331843761552,0.00032530160879597176
3.192275604189883,0.0009431078109105669,0.0010741531535782773,0.0003251582713215555
3.1929486592736245,0.0009416542934531406,0.0014507121136571942,0.00032501511819378273
3.193621714357366,0.0009402007759956185,0.00066857597276114,0.0003248721580086098
3.1942947634544088,0.0009387472714668252,0.0009364592180292429,0.00032472938878808376
3.1949677760029913,0.0009372938458675809,0.0009563182184484692,0.00032458680944160204
3.1956407885515743,0.0009358404202681954,0.0011059216004503858,0.0003244444294450511
3.1963138011001573,0.000934386994668753,0.0005678958012492328,0.0003243024714571514
3.196986807745677,0.0009357399454554639,0.001115863132454839,0.0003241966915552553
3.1976597990286963,0.0009381112491350439,0.0013043169997881852,0.0003241042760850479
3.198332790311716,0.0009404825528146105,0.0011791287780945356,0.00032401202546561626
3.1990057815947353,0.0009428538564942591,0.0006961729163531463,0.0003239198568598799
3.199678755258497,0.0009452250980920288,0.0009245870020330235,0.0003238280921554981
3.200351704014421,0.000947596251926153,0.0009424596850997288,0.00032378487969778795
3.201024652770345,0.0009499674057604469,0.0010348132659657996,0.0003237859642356238
3.2016976015262695,0.0009523385595947564,0.000640115688083716,0.0003237873493867042
3.2023705725594382,0.0009547097919235126,0.0006366725093448478,0.00032378873171801694
3.2030435617619912,0.0009570810882726236,0.001374782260946659,0.0003237901117247582
3.2037165509645438,0.0009594523846215639,0.0009130616311548329,0.0003237914969216285
3.2043895401670968,0.0009618236809706079,0.001410482612711356,0.00032379287694130055
3.205062486967887,0.0009641948279159586,0.0006938098299787548,0.0003237942599257498
3.2057354144622794,0.000965303113194605,0.001456727021731349,0.00032379596772084404
3.206408341956671,0.0009657620838627581,0.0014576675991657961,0.00032379783672174556
3.2070812694510633,0.0009662210545307189,0.0012329592808607327,0.0003237997143943927
3.2077541794379805,0.0009666800132577977,0.0011647842439712404,0.00032380159711513736
3.2084270856721835,0.0009671389694250652,0.0009592533668962291,0.00032380346569599295
3.209099991906387,0.0009675979255927281,0.0010551515375466225,0.00032380534554770274
3.20977289814059,0.0009680568817600809,0.0009831775441891406,0.0003238072237855663
3.21044576357114,0.0009685158100972978,0.0007922650930302791,0.00032380909543108376
3.2111186272889958,0.0009689747372666995,0.0010106845474421138,0.0003238109738323314
3.2117914910068515,0.0009694336644358887,0.0007840292439620217,0.00032381284545416326
3.2124643506562736,0.0009698925888300797,0.0011563623681121148,0.00032381472389340145
3.213137171863154,0.000970351487004687,0.0009936634992434173,0.000323816595562162
3.213809993070034,0.0009708103851791915,0.0010190033235941366,0.00032381850988816286
3.214482814276914,0.0009701024908459502,0.0011955966266418542,0.000323825551688229
3.2151556448441356,0.0009685729828503081,0.0010564992427779102,0.00032383621814596124
3.2158285064940073,0.0009670434041964592,0.0008370591904148366,0.00032384691398863177
3.2165013681438794,0.0009655138255424638,0.0012770681415167416,0.00032385761236869307
3.2171742297937516,0.0009639842468886824,0.0012775461748583935,0.000323868312480788
3.217847068796984,0.0009624547197158239,0.0013965268662752797,0.00032387901292511904
3.218519868750391,0.0009609252813130723,0.0010599438302069085,0.00032388971502718
3.2191926687037977,0.0009593958429102384,0.0009247500193462176,0.00032390041851257454
3.2198654686572046,0.0009578664045075435,0.0006839618918209908,0.0003239111105338371
3.2205382579274726,0.0009563369903900086,0.0014199022779870013,0.0003239218154817098
3.2212110366287487,0.0009548076002985256,0.0008634533072603031,0.00032393251919801984
3.221883815330025,0.0009532782102068967,0.0007913901360106304,0.0003239432263139733
3.222556594031301,0.0009517488201151915,0.0012193316038514356,0.00032395382938619176
3.2232293591706727,0.0009504535604876334,0.00127014982216655,0.00032394921151919536
3.223902116621161,0.0009493828995456321,0.0009009323336543067,0.0003239299905382218
3.224574874071649,0.0009483122386037624,0.0010297004925117186,0.00032391067627886847
3.225247631522137,0.0009472415776617027,0.000646434406465684,0.000323891359829158
3.2259203396626037,0.0009461709951942066,0.00035247403803927017,0.0003238720558599826
3.2265930333687813,0.0009451004356981732,0.0002596987702512989,0.00032385275391769543
3.227265727074959,0.0009440298762021737,0.0007598765028601708,0.00032383344849067
3.227938420781137,0.0009429593167062277,0.0011281499296753716,0.00032381415519314134
3.2286111512292726,0.0009418886987370963,0.0016769381190789986,0.00032379486539767954
3.229283885374805,0.0009408180748837088,0.0014181074252130816,0.00032377556777477874
3.2299566195203377,0.0009397474510304983,0.0014776900265949348,0.0003237562849330409
3.2306293509852333,0.0009386768314432858,0.0009573083064641665,0.00032373700357855287
3.2313020234459917,0.0009376063057583623,0.0007845475958991158,0.0003237177747126521
3.2319746959067506,0.0009371326191891617,0.0007872558948662073,0.00032370576320488463
3.232647368367509,0.0009374384489054601,0.0009362865388359464,0.00032370315064845893
3.2333200370394986,0.0009377442768991258,0.0008309482694488222,0.0003237006012271603
3.23399268825618,0.0009380500969566781,0.00038281492823109267,0.00032369804900918097
3.2346653394728615,0.000938355917014272,0.0011905581681609346,0.0003236954974244704
3.2353379906895428,0.0009386617370718104,0.0009079198296938761,0.0003236929449048361
3.2360106352549036,0.0009389675541053837,0.00083147525898518,0.0003236903933894859
3.2366832652288497,0.0009392733645051517,0.0010232492403495384,0.0003236878442735736
3.237355895202796,0.0009395791749045411,0.0011893878098865568,0.0003236852923997225
3.2380285251767416,0.0009398849853043328,0.0004273668059235011,0.0003236827410880107
3.2387011456397707,0.0009401907913798072,0.0010422586864725666,0.000323680189803602
3.239373754372323,0.0009404965921219281,0.0008113541030236303,0.0003236776381290829
3.240046363104875,0.0009408023928642922,0.000559382304828332,0.0003236750870082927
3.2407189718374276,0.0009407565643853542,0.0009044760615943381,0.0003236721063022389
3.241391543469644,0.0009400685506674837,0.001019864853843065,0.0003236683368877062
3.242064088486064,0.0009393805641766155,0.0008321121477429279,0.00032366455565464804
3.2427366335024836,0.0009386925776856291,0.0007755266600748502,0.00032366078587054575
3.2434091785189034,0.000938004591194567,0.0011546483906135889,0.00032365701172576905
3.244081752504277,0.0009373165750693969,0.0009558217485077542,0.0003236532393096775
3.2447543379558086,0.0009366285472150328,0.0009909435484716793,0.00032364945646762543
3.24542692340734,0.0009359405193604792,0.0007682543690036529,0.00032364568727535475
3.2460995088588716,0.0009352524915059674,0.0007603297773447227,0.00032364191309777084
3.246772041861327,0.0009345645173049086,0.0011578680257313774,0.0003236381423433022
3.247444565641718,0.0009338765525375274,0.0014018523611442442,0.0003236343599393489
3.24811708942211,0.0009331885877701383,0.0012941308510117443,0.0003236305913969641
3.248789613202501,0.000932500623002673,0.0008598950649516119,0.0003236269309020811
3.2494621160774053,0.0009319791842585294,0.0006941209705161674,0.00032363962271934204
3.2501346186231097,0.0009319027374533236,0.0011051080166586855,0.00032369538965374366
3.250807121168814,0.0009318262906480911,0.0005779905206196388,0.0003237514727096645
3.251479621200316,0.0009317498441287188,0.0010335962750901593,0.00032380759271154967
3.2521521025126736,0.000931673399737157,0.0007797978123039468,0.0003238637340053345
3.252824583825032,0.0009315969553455721,0.00042764313860523147,0.0003239199023404532
3.2534970651373896,0.0009315205109540407,0.0015759448364400372,0.00032397610081433373
3.2541695303868003,0.0009314440683885082,0.0009412264656369295,0.00032403233642807206
3.2548419480071638,0.0009313676312371948,0.0011394282162183905,0.00032408859237407996
3.2555143656275267,0.0009312911940856689,0.0008179712014755247,0.0003241448672972836
3.2561867832478897,0.0009312147569344823,0.0009876759016704503,0.0003242011816415242
3.2568592164594428,0.0009311383180106702,0.0001747479253443768,0.00032425752558200847
3.25753167451128,0.0009310618762633739,0.0004698114189836593,0.0003243138731451094
3.2582041325631175,0.000931247585084424,0.0011820098352193185,0.0003243657915220934
3.2588765906149546,0.0009325469470849512,0.0007683229711850624,0.00032439925376329945
3.2595490166704106,0.0009338462472605398,0.0013211787841675429,0.00032443261790590736
3.26022141306279,0.0009351454901189875,0.0011461550623208768,0.00032446598315994036
3.260893809455169,0.0009364447329777202,0.0007966066234203934,0.00032449935732041047
3.2615662058475476,0.0009377439758362776,0.0009157890367010523,0.00032453274348393684
3.2622385883954497,0.0009390431919439148,0.0008083323501010715,0.00032456613850275477
3.2629109635611853,0.0009403423937872234,0.0007478142257843752,0.00032459954566005155
3.2635833387269204,0.0009416415956304322,0.0008164841414034375,0.00032463296148691574
3.264255713892656,0.0009429407974738275,0.0010983487487447397,0.0003246663873000672
3.2649280723880296,0.0009442399671056175,0.000650968141474093,0.00032469982629681576
3.2656004263284615,0.0009455391279363433,0.0010759565521325754,0.0003247332729763968
3.2662727802688933,0.0009468382887669002,0.0014057130266836638,0.00032476675767877013
3.266945134209325,0.0009480727757057926,0.000773088439585706,0.0003248055423037663
3.267617429673553,0.0009487605850928894,0.0007110632983404261,0.00032488658951601503
3.268289719946114,0.0009494483891684365,0.0005706605636021035,0.000324967987391886
3.268962010218675,0.0009501361932441036,0.0014540610263360653,0.0003250494476821397
3.269634302559017,0.0009508239994351184,0.0007896471697093503,0.00032513096842660423
3.270306633259415,0.0009515118448714204,0.0009078544344894074,0.0003252125517422562
3.2709789639598124,0.0009521996903078236,0.001113356423352704,0.00032529419809297963
3.27165129466021,0.0009528875357440966,0.0005975795017360997,0.0003253759048566431
3.272323614034935,0.0009535753695934163,0.0010108140281596797,0.0003254576732394411
3.272995883087552,0.0009542631519593672,0.0005758468961829094,0.00032553949328108765
3.2736681521401683,0.000954950934325463,0.0011408035390726339,0.0003256213854112511
3.274340421192785,0.0009556387166914035,0.0003714946091445857,0.00032570332929724317
3.2750126835342925,0.0009563264921915177,0.0011417630919168618,0.00032578534208201846
3.2756849313683047,0.0009569794148912435,0.0014421828872654171,0.00032586729990256825
3.2763571792023165,0.00095598609574556,0.0009519830667444721,0.00032594540623703035
3.2770294270363283,0.0009549927766000911,0.0008006410295632452,0.00032602353480614034
3.277701665349507,0.0009539994715226593,0.0008766720798194725,0.0003261017216336674
3.2783738919662535,0.0009530061837280567,0.0013395688791198073,0.0003261799620281479
3.279046118583,0.0009520128959332862,0.0012701033455092886,0.0003262582586030459
3.279718345199747,0.0009510196081384979,0.0010113234906565943,0.00032633661372384994
3.2803905348359876,0.0009500263749864993,0.0009654270006559036,0.00032641501203216285
3.2810626978089736,0.0009490331812323577,0.0011710356553656012,0.0003264934746916757
3.281734860781959,0.0009480399874782555,0.0004758169783737007,0.0003265719867039622
3.282407023754945,0.0009470467937240564,0.0009146352474024804,0.00032665055861876154
3.2830792155508983,0.0009460535573810732,0.0009641857346649354,0.00032672918362151984
3.2837514189480834,0.0009450603038956832,0.0008007532239085275,0.0003268078768657575
3.284423622345268,0.0009440670504104654,0.0009795379262770429,0.00032688631085584803
3.285095825742453,0.0009427175649733311,0.0009575712037751906,0.0003269180310834203
3.2857679770664565,0.0009413423974543283,0.001373127886381993,0.00032694605460437234
3.2864401188275334,0.0009399672495003464,0.0007481769873108842,0.0003269740600580529
3.2871122605886103,0.0009385921015462676,0.0009567359253135028,0.0003270020879697783
3.2877844023496867,0.0009372169535923314,0.0010095596844866155,0.000327030109940048
3.2884565233947267,0.0009358418480215536,0.0006686119234851555,0.00032705814026755546
3.2891286439452334,0.0009344667434626878,0.00040600721471229233,0.000327086186317501
3.2898007644957397,0.0009330916389039528,0.0006630423694949437,0.000327114230099197
3.2904728827471987,0.0009317165390487199,0.0010621146780189277,0.0003271422809930166
3.2911449820884737,0.0009303414778821481,0.00087148184589143,0.00032717034841006523
3.2918170814297483,0.0009289664167156284,0.0008599940402180526,0.0003271984134392745
3.2924891807710233,0.0009275913555491122,0.001413243225408009,0.0003272264860382315
3.2931612699332447,0.0009262163152082355,0.0008418407443806364,0.0003272545275766057
3.2938333268600717,0.0009268369045333402,0.0012578626557057974,0.0003272764985838663
3.2945053837868987,0.0009278300544764775,0.001028289278613779,0.0003272973048180074
3.2951774407137258,0.000928823204419369,0.0013177673946237574,0.0003273181026760633
3.2958494818924486,0.0009298163310903903,0.001122404608185381,0.00032733891167103504
3.2965214964101808,0.0009308094183621896,0.00034770588415378146,0.0003273597182175943
3.297193510927913,0.0009318025056341667,0.00027604260843816053,0.00032738053758964717
3.297865525445645,0.0009327955929058509,0.0008856979440467829,0.00032740134982045153
3.2985375602720364,0.00093378871018955,0.001106925002836725,0.0003274221678580152
3.2992096152097234,0.00093478185719292,0.0008746955689072173,0.0003274429969578372
3.299881670147411,0.0009357750041964068,0.0012911249687913415,0.00032746436396804344
3.3005537250850985,0.0009367681511999831,0.0014821996975852225,0.0003275657384462364
3.301225740989689,0.000937761240521313,0.000615255407072016,0.0003276848197957051
3.3018977343048803,0.0009387542964606314,0.0009381517135763652,0.00032780442576705395
3.302569727620072,0.0009389425178882216,0.0010639282906857218,0.0003279670472452757
3.303241720935264,0.000938866137652238,0.0007813266039446356,0.00032814429997814594
3.3039136980441652,0.0009387897592585182,0.0009995041465055891,0.00032832192201552384
3.304585670158154,0.000938713381432416,0.0014912784293654108,0.0003284998226947061
3.305257642272143,0.000938637003606352,0.000827226754329555,0.0003286780205148436
3.3059296143861325,0.0009385606257800473,0.0011982524126868078,0.00032885651276438383
3.3066015485423814,0.0009384842522683042,0.0010862471409114004,0.0003290352791802389
3.307273478257979,0.0009384078792615569,0.0008533396100879921,0.0003292143367788595
3.307945407973576,0.0009383315062544625,0.0008030337636825611,0.0003293936905317971
3.3086173365920875,0.0009382551333720197,0.0013901826284145654,0.0003295733339670429
3.309289223914643,0.0009381787651835495,0.0011640362132463583,0.00032975325899092567
3.309961111237198,0.0009381023969951265,0.0009297700523240701,0.0003299334788187763
3.310632998559753,0.0009380260288065754,0.0011634946020817542,0.00033011627378915604
3.311304892197358,0.0009397621037748153,0.0010138487909875113,0.00033064192843321633
3.3119768199362305,0.0009424354550150899,0.0010265824551254667,0.0003313502052344518
3.3126487476751034,0.0009451088062553514,0.0006430292966019874,0.00033206426633620854
3.313320675413976,0.0009477821574956366,0.0007990862608478648,0.00033278296194174626
3.313992585501405,0.0009504554385073227,0.0009273372268540647,0.00033350633432802735
3.314664451629445,0.000953128544621039,0.0009384043185099298,0.00033423440636611994
3.3153363177574855,0.0009558016507346681,0.0009702256989409907,0.0003349672728704367
3.3160081838855255,0.0009584747568480203,0.0015517036463355651,0.0003357049883150365
3.31668004118135,0.0009611478278215971,0.0015254052208935704,0.0003364475913970676
3.3173518861162123,0.0009638208496154388,0.001489105292591343,0.00033719513389165534
3.3180237310510745,0.0009664938714094129,0.0009533982340641413,0.00033794769857116484
3.3186955759859367,0.0009691668932031485,0.0011675492356491995,0.00033870532310116314
3.319367397742954,0.0009718398227809215,0.001331018614525415,0.0003394631448736594
3.320039200295471,0.0009749446480216799,0.001505751847675114,0.00033948620406240793
3.320711002847988,0.0009783807829233514,0.001541965340413618,0.0003389429375355321
3.321382805400505,0.0009818169178248857,0.0003856923553669241,0.0003383985576413171
3.3220545792740572,0.000985252906039108,0.0006607591552312074,0.00033785679412078615
3.322726339449576,0.0009886888241907648,0.0008808331184008185,0.00033731763683430047
3.323398099625095,0.0009921247423423942,0.001140910298940881,0.0003367810330733719
3.3240698598006135,0.0009955606604941452,0.001384826431167704,0.00033624698880378766
3.3247416354795716,0.0009989966579429296,0.0001525628658754708,0.00033571544948069815
3.325413414880669,0.0010024326744294569,0.0005100961096460969,0.00033518642061086516
3.3260851942817666,0.0010058686909159538,0.0009686548304900252,0.0003346598770208748
3.326756973682864,0.0010093047074026494,0.0008750290734732553,0.0003341357999240772
3.3274287152667066,0.0010127405304616395,0.0007499043106274775,0.0003336142068268215
3.3281004542557313,0.0010161763402486209,0.00135706436673728,0.00033309613398847305
3.3287721932447556,0.0010171760122039506,0.0006469471514251009,0.00033274542532062763
3.329443929466763,0.001015419938879733,0.0011547773987143186,0.000332581840725222
3.330115626086808,0.0010136639690841948,0.0011531244756774917,0.0003324197325708578
3.3307873227068527,0.0010119079992887893,0.00014412644383884866,0.00033225787134373683
3.3314590193268976,0.001010152029493185,0.0011665593928112015,0.00033209623801736345
3.3321307118252528,0.0010083960704728105,0.001345863730135843,0.00033193485340102355
3.3328023872628116,0.0010066401560530245,0.0007521318431279185,0.0003317736966039333
3.333474062700371,0.001004884241633575,0.001429779477923305,0.0003316127835300736
3.33414573813793,0.001003128327213878,0.0014013638439080369,0.0003314521059481595
3.3348174067185057,0.0010013724307198783,0.0011491293655126217,0.0003312916533965926
3.3354890609749153,0.000999616571672709,0.0006432684018302377,0.0003311314457296748
3.3361607152313244,0.0009978607126254896,0.0009545182650189201,0.00033097147224058594
3.336832369487734,0.0009961048535783493,0.001323298939503101,0.0003308122306278336
3.337503994977917,0.0009947735637349064,0.0008647072647323478,0.00033072861143545443
3.338175585698892,0.000994162818507239,0.001237925814601542,0.0003307721022523472
3.338847176419867,0.0009935520732797286,0.0008848763289229909,0.00033081646085613136
3.339518767140842,0.0009929413280518867,0.000996873568091614,0.0003308608325062205
3.340190381355773,0.0009923305614588987,0.0009197968629867897,0.0003309052242614153
3.340862012484576,0.0009917197794842574,0.00034580207876815756,0.000330949636414776
3.3415336436133796,0.0009911089975095982,0.00038122075625460477,0.00033099406316454714
3.342205274742183,0.0009904982155351685,0.000885152796501514,0.00033103851150336475
3.342876862149011,0.0009898874733212108,0.0009110869477060548,0.00033108296168197506
3.343548431694179,0.000989276747351033,0.0011986086400824548,0.0003311274424322453
3.344220001239347,0.000988666021380585,0.0007287983738508908,0.00033117194089100053
3.3448915707845144,0.0009880552954102293,0.0017949355211628504,0.000331216447781896
3.345563122574867,0.0009874445855860196,0.001006622058294269,0.0003312609980827921
3.3462346709455635,0.0009865639816029543,0.0008095910276115114,0.0003313075676844793
3.3469062193162595,0.0009849610586903307,0.0006671764628299703,0.00033135947164905904
3.3475777676869556,0.0009833581357779136,0.00083404480540813,0.0003314114437158032
3.348249295584945,0.000981755261731806,0.0017535460879076457,0.0003314634368108666
3.348920822782505,0.0009801523893575087,0.0010233717343124356,0.0003315154516730383
3.3495923499800644,0.0009785495169833056,0.0008831136643315281,0.00033156748415451217
3.3502638711303963,0.0009769466590431042,0.001231469747108316,0.0003316195474766602
3.3509353348165565,0.0009753439382646765,0.0009861673209191893,0.000331671622681751
3.3516067985027163,0.000973741217486253,0.0009950053330966303,0.00033172373679164334
3.3522782621888765,0.0009721384967075808,0.0006967334134265145,0.0003317758631251356
3.352949734891011,0.0009705357544089598,0.0010623607589370892,0.00033182802160543326
3.353621238981361,0.0009689329371894621,0.0007932961992581015,0.00033188019657500866
3.3542927430717113,0.0009673301199696968,0.0006920057881935486,0.0003319324313056661
3.3549642471620613,0.0009658311682269476,0.0005818410754188789,0.0003319889146301271
3.355635729643591,0.000964838867185863,0.0011038526063856821,0.0003320653969600592
3.3563071721619537,0.0009638466252012291,0.0005830560369928996,0.00033214205770802033
3.356978614680317,0.0009628543832164494,0.0008273515429746542,0.00033221878473268325
3.3576500571986805,0.0009618621412319523,0.0008715625017089819,0.0003322955512623846
3.358321489583393,0.0009608699142226995,0.001506921491215491,0.00033237238173562683
3.358992910935294,0.0009598777035173221,0.0013093627801677617,0.00033244925188616635
3.3596643322871946,0.0009588854928117999,0.0007841715025293497,0.00033252618047243526
3.3603357536390956,0.00095789328210661,0.0011554177863334451,0.00033260315927318725
3.3610071493208205,0.0009569011093361236,0.0013163809375362735,0.00033268018983953517
3.3616785283438,0.0009559089611835158,0.0006309559297429863,0.00033275727506625025
3.3623499073667795,0.0009549168130306875,0.001178495086892361,0.00033283440862306817
3.363021286389759,0.0009539246648780592,7.08766119732854e-05,0.00033291162328329116
3.3636926343520215,0.0009529896261985175,0.000720080142938652,0.00033299232130859366
3.3643639710514166,0.0009528370149917,0.001099637103484675,0.0003331163035069201
3.3650353077508113,0.0009526844037847468,0.0009483287953166933,0.0003332407184192064
3.365706644450206,0.0009525317925778706,0.0006619610415621684,0.0003333652695583346
3.366378015937869,0.0009523791734625153,0.0005972639536317324,0.0003334899638299955
3.3670493930378154,0.0009522265530717653,0.0006319730498643065,0.00033361481038184483
3.367720770137762,0.0009520739326808088,0.0014701500538932223,0.0003337397839765285
3.3683921472377083,0.0009519213122896377,0.001700308508838725,0.00033386491121056475
3.3690634635062366,0.0009517687057273245,0.0016414269395366907,0.0003339901503391032
3.36973477904584,0.0009516160993303021,0.001672420727062044,0.00033411554364809975
3.3704060945854435,0.0009514634929336041,0.000551572652938679,0.00033424107808784943
3.3710774052488377,0.0009513108876452389,0.0010571799683460727,0.000334366754100024
3.37174867847286,0.0009511582908678166,0.0008985838122778281,0.00033449255614006383
3.372419951696882,0.0009510056940903954,0.0008688868036863036,0.0003346179078181813
3.373091224920904,0.000950118483681902,0.001355870751187962,0.00033465334824519404
3.373762493023841,0.000949202805924071,0.0011674551623291102,0.0003346847184479519
3.3744337450920727,0.0009482871500392851,0.0007903077064835625,0.00033471606673182936
3.375104997160305,0.0009473714941545405,0.0015636743882332736,0.0003347474218068786
3.3757762492285366,0.0009464558382694784,0.0010567008700774418,0.0003347787958282889
3.3764474778945766,0.0009455402143077989,0.0010387950077930016,0.00033481017018191034
3.377118666503438,0.0009446246449878846,0.0008032417896394648,0.00033484155145843453
3.377789855112299,0.0009437090756680285,7.750284486561618e-05,0.00033487294322900353
3.3784610437211606,0.0009427935063481904,0.0004116081150668362,0.00033490434014145994
3.379132252330928,0.000941877909745278,0.0006868632905920239,0.00033493574935009767
3.3798034813360958,0.0009409622853207748,0.001033655071019843,0.00033496716491957803
3.380474710341264,0.0009400466608963643,0.0015001822771130323,0.00033499860008235575
3.381145939346432,0.0009391310364718944,0.0010452462898064164,0.0003350305234147558
3.3818171301102633,0.0009385424061409944,0.0013473727164684248,0.0003351355505827065
3.3824882975686674,0.0009380084015707717,0.0006252480886075132,0.0003352533775174371
3.383159465027072,0.0009374743970005328,0.0007949766106077873,0.00033537141405279877
3.383830632485476,0.0009369403924302996,0.0008448096806168687,0.0003354895744823956
3.3845017841336706,0.0009364064004392249,0.0009518393883452516,0.00033560784777593965
3.3851729304429505,0.0009358724126961536,0.0007426541066557587,0.0003357262534336438
3.385844076752231,0.0009353384249527405,0.0011437624383626207,0.00033584477614378457
3.3865152230615108,0.0009348044372096307,0.0009343870284955217,0.00033596343493311686
3.38718635089487,0.0009342704641664164,0.0006890400535834833,0.00033608220855440055
3.3878574760563582,0.0009337364932490966,0.0010769507102905836,0.0003362011136956649
3.388528601217847,0.0009332025223319631,0.0006889563906613674,0.0003363201393142301
3.3891997263793354,0.0009326685514145249,0.0012333141887049743,0.0003364392917224163
3.389870830402109,0.0009321345973159428,0.0008802272087907331,0.00033655875400663636
3.390541934417139,0.000932684611617023,0.0009780499587525074,0.00033670487880868116
3.3912130384321686,0.0009335999614896487,0.0006035248545001254,0.00033686031710890676
3.3918841344873036,0.0009345153005054657,0.0005661569220418847,0.00033701602125567846
3.3925551750709517,0.0009354305638612217,0.0009513064646539639,0.0003371719378923497
3.3932262156546003,0.0009363458272169355,0.0007891640243492597,0.0003373280741847331
3.393897256238249,0.0009372610905728019,0.0008565132008359335,0.0003374844235367535
3.394568306959358,0.0009381763677555317,0.0009182884961855116,0.00033764099239833126
3.3952393879350673,0.0009390916862036384,0.0005819069607339997,0.0003377977836796861
3.395910468910777,0.0009400070046521195,0.0006828445731083182,0.0003379548075854168
3.396581549886487,0.0009409223231003474,0.0004982185690333176,0.00033811203767432373
3.397252607704625,0.0009418376099630791,0.0008482165645892782,0.00033826948695514557
3.397923627147144,0.0009427528444834141,0.000776080945647668,0.00033842715108359456
3.3985946465896633,0.0009436680790036431,0.0006978050326704858,0.00033858496159178917
3.399265666032182,0.0009448264547626791,0.0002890146815671224,0.00033873284123512627
3.399936674868675,0.00094612316389315,0.0007206035901069389,0.00033887475455364273
3.4006076731713972,0.0009474198526672626,0.0008012844187994449,0.00033896725927698304
3.401278671474119,0.0009487165414412473,0.0006007775325469996,0.0003390543726139167
3.401949669776841,0.0009500132302156089,0.0010615544873223525,0.0003391415139187829
3.402620641574744,0.0009513098677697982,0.0007921545340893544,0.0003392287108591454
3.4032915976018674,0.0009526064748472856,0.0015651661682923312,0.00033931598592796614
3.4039625536289906,0.0009539030819246133,0.0015081500734362334,0.00033940331830643135
3.4046335096561138,0.0009551996890023255,0.0008061206012669683,0.0003394907322128833
3.405304433897974,0.000956496234655705,0.0015899135902203616,0.00033957819510401535
3.405975347654825,0.0009577927600468646,0.0006690189495376919,0.0003396657312824773
3.4066462614116766,0.0009590892854381724,0.0009875025558075679,0.00033975333480228354
3.407317175168528,0.0009603858108291777,0.0009218313343390106,0.000339842745138398
3.4079881058061274,0.0009605585174055486,0.0007991458301838403,0.0003401952048488762
3.408659038817656,0.0009597196604919696,0.00039273509518204417,0.00034078703605656805
3.409329971829184,0.0009588808035779873,0.001265135102836586,0.00034138356655007563
3.410000904765615,0.0009580419467581935,0.00040448334670705355,0.0003419832253055054
3.4106717762575203,0.000957203166761264,0.0005524462037322613,0.0003425860066985825
3.411342647749425,0.0009563643867647589,0.0013179273832716722,0.00034319197438184725
3.4120135192413303,0.0009555256067679206,0.0011568115947914186,0.00034380117793475344
3.4126843880764492,0.0009546868300931966,0.000915590917486295,0.000344413623396906
3.413355238437878,0.0009538480765154448,0.0012658235051214457,0.0003450293424873359
3.4140260887993064,0.000953009322937808,0.0014478103625101355,0.00034564837568198356
3.414696939160735,0.0009521705693603087,0.0005538087808467697,0.00034627073736625907
3.4153677842372985,0.0009513318223902282,0.0006912491103041918,0.0003468964813519189
3.4160386134695817,0.0009504930952301345,0.0009010673319602324,0.00034752244357194644
3.4167094427018654,0.0009497486027493379,0.00043041568579688387,0.0003476726216189058
3.4173802719341486,0.000949138550019912,0.0006762613530777283,0.00034714515643833346
3.418051077437822,0.0009485285188696919,0.0013676588730687376,0.00034661564251506414
3.4187218432906548,0.0009479185237778187,0.0009557963830308582,0.000346088568642137
3.419392609143488,0.0009473085286861688,0.0009641741279616955,0.00034556388301238317
3.4200633749963205,0.0009466985335943183,0.0007156472886873592,0.00034504158628153756
3.4207341609722257,0.0009460885202025166,0.0011174013829534956,0.0003445216307770829
3.4214049672092353,0.0009454784883853644,0.0009886451937968093,0.0003440040177141865
3.422075773446245,0.0009448684565683316,0.0012189766266214805,0.0003434887183475093
3.4227465796832544,0.0009442584247509501,0.0012573039801903664,0.0003429757390691614
3.4234173476579635,0.0009436484277294998,0.0008481429314006628,0.00034246506602762035
3.4240880923869743,0.0009430384518476857,0.0009305406921630464,0.00034195669578766135
3.4247588371159847,0.0009424284759659062,0.0009517313944471389,0.0003414514417622802
3.425429581844995,0.0009419092603566984,0.0012333504467142437,0.0003410785342068836
3.426100310819803,0.0009416043142443095,0.0009646466062886417,0.00034100969840270863
3.426771034426322,0.000941299370572316,0.0010839579157863853,0.0003409429131098251
3.4274417580328405,0.0009409944269003388,0.0010704340596815107,0.0003408761696190931
3.428112481639359,0.0009406894832282715,0.0015598225778904633,0.00034080947595410504
3.428783168517046,0.0009403845562549012,0.0011294583492967062,0.0003407428116566778
3.4294538498825715,0.0009400796317878964,0.0004336746557983128,0.000340676186028111
3.4301245312480972,0.0009397747073207569,0.0011235553382240439,0.00034060961333086897
3.430795212613623,0.0009394697828535688,0.0003898674883717245,0.0003405430664256642
3.431465852042508,0.0009391648774528274,0.0007966722285559931,0.00034047657522866286
3.432136491172361,0.0009388599721880217,0.0011880606210650485,0.0003404101065412571
3.432807130302214,0.0009385550669232686,0.0010510309143051712,0.000340343693302264
3.433477771668413,0.0009382501606417751,0.001720981611630475,0.0003402774308002202
3.434148430062355,0.0009379863116546945,0.0013242457615976063,0.0003402295992296237
3.4348190884562975,0.0009379100831487983,0.0008955958798648345,0.00034026345504025525
3.43548974685024,0.0009378338546430348,0.0013590758944159844,0.00034029786004989327
3.4361603955928266,0.0009377576272342646,0.0012840310392643862,0.00034033228541942284
3.4368310136068376,0.0009376814033181003,0.0009409491198787136,0.00034036670853236856
3.437501631620849,0.000937605179402001,0.0009768730386825707,0.00034040115605133445
3.4381722496348606,0.0009375289554859944,0.0011543392326011635,0.0003404356028196348
3.4388428523598895,0.0009374527333075467,0.00035900403734476704,0.00034047006800159963
3.4395134281462068,0.0009373765141911012,0.0011037279003500693,0.00034050453834728146
3.4401840039325235,0.000937300295074689,0.0013802004782417423,0.00034053901373332676
3.440854579718841,0.0009372240759582042,0.0008216087235208593,0.00034057351027555965
3.441525145268795,0.0009371478580055177,0.0005514084662421983,0.0003406080093833384
3.4421956999432592,0.0009370716412885359,0.0006051647254757492,0.0003406425370238845
3.4428662546177233,0.0009370183037934901,0.0008580679372355963,0.00034067969118359737
3.4435368092921874,0.0009373232053163558,0.001687959698963803,0.00034075398951899654
3.4442073511410802,0.000937628101007685,0.001018882712489005,0.00034082858339399923
3.4448778847050208,0.0009379329929316097,0.0012649031206377807,0.00034090323560507537
3.445548418268961,0.0009382378848556648,0.0010159190991722118,0.0003409779269881396
3.4462189518329014,0.0009385427767796037,0.0005711452843745727,0.00034105266689529853
3.446889439164123,0.0009388476476817172,0.0011925401890879248,0.0003411274559442669
3.447559909404467,0.0009391525108125014,0.0012625472891703926,0.00034120228180460204
3.4482303796448104,0.0009394573739432678,0.00028386837743736527,0.0003412771694743613
3.4489008498851543,0.0009397622370740155,0.0006316297592778616,0.0003413521012466851
3.4495713545374893,0.0009400671158518849,0.0012815494118856964,0.0003414270885863353
3.450241865153518,0.0009403719973415027,0.001031238885806482,0.0003415021247616003
3.450912375769547,0.0009406768788310044,0.000893757237561238,0.00034157721106614554
3.4515828863855753,0.0009409817603206333,0.0010920204806700163,0.0003416522566414614
3.4522533370967596,0.0009416448094874645,0.0007440130015374455,0.000341714395865422
3.4529237862318958,0.0009423306519762899,0.0014585852242477966,0.0003417756622297754
3.4535942353670315,0.0009430164944650959,0.0008226767898104148,0.0003418369477122383
3.4542646804319674,0.0009437023327901829,0.0012858416809686578,0.0003418982741305245
3.4549350873606737,0.000944388132103413,0.000826564930406643,0.0003419596236890615
3.4556054942893804,0.0009450739314167107,0.0010451638265571456,0.00034202100777262843
3.4562759012180866,0.0009457597307299556,0.0010518293600809197,0.00034208242305030503
3.456946303541204,0.0009464455253319915,0.0006773724335292974,0.00034214388212228157
3.457616689368688,0.0009471313030594033,0.0006115721481365352,0.00034220536592141637
3.4582870751961723,0.0009478170807871977,0.0005680148785419315,0.0003422668810457951
3.4589574610236564,0.0009485028585148694,0.0006909498165980296,0.00034232842878306573
3.459627825332767,0.0009491886142300107,0.001150839282805393,0.00034239001040422103
3.460298147864554,0.0009498743272085533,0.0016529533977773605,0.00034245167237892583
3.460968470396341,0.0009506223376109259,0.0009360939354424953,0.0003425214621467961
3.461638792928128,0.0009513843275299484,0.0002871062258023975,0.00034259315653546095
3.4623091340834096,0.0009521463386192117,0.0011035194844819225,0.0003426649159711762
3.462979496986635,0.0009529083744307237,0.0009777779515717715,0.0003427367186002273
3.4636498598898613,0.0009536704102419328,0.0007985608279474859,0.0003428085557021003
3.464320222793087,0.0009544324460533076,0.0008634359066109092,0.00034288044909564814
3.4649905498903815,0.0009551944411622345,0.0010370150401961425,0.00034295238789031025
3.465660851326259,0.0009559564071004299,0.0009724952772921367,0.00034302435799275083
3.466331152762136,0.0009567183730387048,0.0013875923340407766,0.0003430963869624089
3.467001454198013,0.0009574803389769117,0.0006908608168896564,0.00034316845074094867
3.4676717407888877,0.0009582422880400368,0.0008394004150819897,0.0003432405690301207
3.4683420211301828,0.0009590042299990157,0.0010390765513667573,0.0003433127220417212
3.469012301471478,0.0009597661719580462,0.0005793945571088966,0.0003433849157786247
3.4696825818127737,0.0009598415838329077,0.0005794339908852046,0.0003434557002853676
3.470352844755739,0.0009596130331589827,0.001538092527445681,0.0003435258664645928
3.47102310400378,0.0009593844837450487,0.0010520110581742107,0.000343596077485743
3.471693363251821,0.0009591559343310126,0.000658261936264124,0.00034366632607455425
3.472363622499862,0.0009589273849170981,0.0015678231938857424,0.0003437366312970407
3.473033821905387,0.0009586988559085117,0.0011448091370138442,0.0003438069553128416
3.47370401788163,0.0009584703280692366,0.00101800136352161,0.0003438773329611705
3.474374213857873,0.0009582418002303135,0.000504068012926041,0.00034394775410071616
3.475044411114378,0.0009580132719546596,0.000999660522834942,0.00034401822046929
3.475714626369869,0.0009577847375414877,0.0006770095874523362,0.00034408871984811893
3.4763848416253595,0.0009575562031284224,0.0013650628018002597,0.00034415927088313387
3.47705505688085,0.0009573276687152588,0.0010085149176109211,0.0003442298649914079
3.4777252645970576,0.0009570991368729014,0.001013777574738871,0.0003443006685199377
3.4783954394853556,0.0009557924180961869,0.0006301627214634316,0.000344396898508892
3.4790656143736536,0.000953659558710714,0.0007332825005610013,0.00034451273985547983
3.4797357892619516,0.0009515266993254325,0.0008342898993815698,0.000344628828356095
3.4804059511928895,0.0009493938811774656,0.0005744538948071762,0.0003447450328836076
3.481076083909279,0.0009472611560061121,0.0006650261964785639,0.00034486135144589205
3.4817462166256683,0.0009451284308343744,0.0009031282071041218,0.0003449777896160906
3.4824163493420572,0.0009429957056629211,0.0008010975805515495,0.00034509432796696126
3.4830864730452578,0.0009408630091762642,0.0015124081431041494,0.00034521100061386844
3.4837565846776832,0.0009387303511053405,0.0007141811461160943,0.0003453277764007058
3.4844266963101083,0.0009365976930343196,0.000918239872861853,0.00034544467885592154
3.4850968079425333,0.0009344650349633809,0.0009697921094709245,0.00034556169294801183
3.4857668849421115,0.0009323324871131257,0.0008450929387941493,0.0003456788308994704
3.4864369333306033,0.0009302000303184209,0.0009152249508995081,0.00034579650195492673
3.4871069817190956,0.0009288001716135074,0.0008517903421440281,0.0003459797715669202
3.487777030107588,0.0009283431646418916,0.0017379599199985902,0.0003462474996215212
3.488447105433036,0.0009278861392976191,0.0008107047303859689,0.00034651642107614476
3.4891171941850807,0.0009274291047958572,0.001511474471498723,0.00034678597645910396
3.4897872829371255,0.0009269720702941196,0.0014156644982349213,0.0003470561657758125
3.4904573716891703,0.0009265150357923063,0.001000369346484768,0.00034732698085462903
3.491127412086975,0.0009260580342706268,0.0007082464319763558,0.0003475984145071624
3.4917974393968088,0.0009256010416754615,0.0011638401298314522,0.0003478704764613219
3.4924674667066427,0.0009251440490803776,0.001235096050900443,0.0003481431772783873
3.4931374940164766,0.000924687056485204,0.0007925837164466498,0.0003484165261161132
3.4938075022172597,0.0009242300769236315,0.0009808567129960405,0.0003486905100793718
3.4944775084497612,0.0009237730987043288,0.0011780747817520501,0.00034896513447530797
3.4951475146822633,0.0009233161204850546,0.00045660654210556603,0.00034923975663419816
3.4958175198136607,0.000923070420486578,0.000917080717619017,0.0003494150554091813
3.4964874838954763,0.0009232988692528547,0.001020461000727358,0.00034936887485799987
3.4971574479772918,0.0009235273180189795,0.0008533252724435089,0.00034932123577054104
3.4978274120591077,0.0009237557667850901,0.0008807444883125729,0.00034927362259532457
3.498497373077158,0.0009239842145069073,0.0018338374199462224,0.00034922603184111943
3.499167316085619,0.0009242126560873958,0.0007836654592496816,0.0003491784518278375
3.4998372590940803,0.0009244410976680505,0.000940209870432919,0.000349130574179565
3.5005072021025416,0.0009246695392482611,0.0011771285593825313,0.0003490341658456432
3.5011771283897333,0.0009248979751271638,0.0015227200675807244,0.0003489219804754674
3.501847008186085,0.0009251263951532021,0.0006668105507474927,0.0003488098140292197
3.5025168879824364,0.0009253548151793252,0.0008709375716957171,0.0003486977518654969
3.503186767778788,0.0009255832352053545,0.0010207635411796886,0.0003485857962547653
3.503856663044661,0.0009258116605062815,0.0005709232611957535,0.00034847420258147263
3.5045265831997114,0.0009261069302713749,0.0008797992763960906,0.00034840158616134963
3.5051965033547625,0.0009267161562846742,0.0007184566798056213,0.0003485063786155325
3.5058664235098136,0.0009273253822981944,0.001161359382493867,0.00034861245160816725
3.5065363128315146,0.0009279345802719447,0.0011872324643882684,0.00034871861958140927
3.5072061715598135,0.0009285437504237364,0.0013315795673037407,0.00034882487759482685
3.507876030288113,0.0009291529205757348,0.0009737029334983149,0.00034893123386738105
3.508545889016412,0.000929762090727797,0.001115637386164666,0.0003490376903901503
3.509215734670585,0.000930371248989952,0.0006005855692607464,0.0003491442353727623
3.509885572332157,0.0009309803999837327,0.0013159778341817053,0.00034925088457273814
3.5105554099937284,0.0009315895509777755,0.0005609872182180912,0.00034935762541173104
3.5112252476553003,0.0009321987019713929,0.0012103080105158566,0.000349464470770189
3.511895054177468,0.0009328078246469807,0.0011893235283604653,0.00034957140229217756
3.5125648497095603,0.0009334169373281734,0.0012922445901798192,0.000349678411541419
3.5132346452416523,0.0009340032558811514,0.0005979437130184682,0.0003497808128734329
3.5139044407737448,0.0009340793863121948,0.0009466304083347482,0.00034979175968918397
3.5145741821302496,0.0009341555105855621,0.0014426071868613906,0.00034980209701191556
3.515243914478058,0.0009342316338347429,0.0008847888378846753,0.0003498124280658102
3.5159136468258665,0.0009343077570841388,0.000867247117864197,0.0003498227715247493
3.5165833791736745,0.0009343838803335128,0.0006599224226665965,0.00034983310518342807
3.517253150880867,0.0009344600080564775,7.809176573700665e-05,0.0003498434484913564
3.5179229235831277,0.000934536135892531,0.0013158878128419203,0.00034985378614778333
3.518592696285389,0.0009346122637287484,0.0011790277656316406,0.0003498641311063088
3.519262463267643,0.0009346883909146868,0.001106376646896171,0.0003498744678038416
3.519932174556672,0.0009347645117703908,0.0009062292614049353,0.0003498848118068023
3.5206018858457013,0.0009348406326262456,0.0011864869926779794,0.0003498951567098535
3.5212715971347306,0.0009349167534820577,0.0011134256667829896,0.000349905501873822
3.5219413039819534,0.0009349928738329141,0.0015380486674606117,0.00034991659735258583
3.5226109942135277,0.0009351379845904103,0.0006152179336698408,0.00035004095672313076
3.5232806844451026,0.0009352902215153525,0.0009932402223579938,0.0003501779091781014
3.5239503746766774,0.0009354424584397919,0.0008109737060386885,0.0003503151031606433
3.5246200510700385,0.0009355946922187881,0.0005611015408713948,0.0003504524534927682
3.5252896991906764,0.000935746919570533,0.0010073475840951707,0.00035058996553507675
3.5259593473113138,0.0009358991469223226,0.001608047000624066,0.00035072763601657643
3.5266289954319516,0.0009360513742740606,0.0005550115059954261,0.00035086547241177036
3.5272986247715816,0.0009362035973564458,0.0010206491276948402,0.0003510034592678463
3.527968230786578,0.0009363558151367004,0.0007426013990209351,0.00035114160819484276
3.528637836801574,0.000936508032916948,0.0007734979311647265,0.00035127992400311824
3.5293074428165703,0.0009366602506970594,0.0011329268869493356,0.0003514184005998165
3.5299770597015976,0.0009368124709482084,0.0008622228224629211,0.00035155704418221806
3.530646685015964,0.0009369646931155767,0.0008150927513410319,0.0003516956388118247
3.5313163103303307,0.0009371169285734776,0.0007915911581485429,0.000351801977350998
3.5319859356446974,0.0009372691680447023,0.0006064478469369322,0.00035189841430283955
3.5326555191964633,0.0009374213980212116,0.0011229581963180186,0.000351994867331111
3.5333250831111127,0.0009375736235332998,0.0011603297327253714,0.00035209139094518574
3.533994647025762,0.000937725849045328,0.0002426784152543465,0.00035218799537318015
3.5346642109404116,0.0009378780745573246,0.0006875334251997049,0.0003522846781422422
3.5353337580771473,0.0009380302962547702,0.0010560934340234336,0.00035238144169839517
3.5360033009436087,0.0009381825169813644,0.00037234855684429636,0.0003524782809874541
3.53667284381007,0.0009383347377082936,0.0010563241708555354,0.0003525752015361528
3.5373423866765314,0.0009384869584350722,0.0005771408065660013,0.0003526721999087935
3.5380119103074117,0.0009386391747884914,0.000603758757092268,0.0003527692785216938
3.5386814321270084,0.000938791390730423,0.0012127577480274272,0.00035286643437199466
3.5393509539466046,0.0009389436066720197,0.0018045525151366324,0.00035296353825035507
3.540020473831839,0.0009385209435872299,0.0005424513147665339,0.00035304013830464816
3.5406899325187786,0.0009377600221430069,0.0007587200855900531,0.00035310458501819244
3.541359391205719,0.0009369991006982361,0.0007739103667965849,0.00035316897693215367
3.542028849892659,0.0009362381792536187,0.0008218787016396072,0.0003532334098937747
3.542698314509441,0.0009354772510689781,0.0009195880833399913,0.0003532978727494398
3.5433678135429463,0.0009347162837656599,0.001151212464135856,0.00035336237869467764
3.5440373125764513,0.0009339553164623611,0.0007211525042515812,0.0003534269201402646
3.5447068116099563,0.0009331943491591004,0.0009665094490012315,0.0003534914966833232
3.545376294487111,0.0009324334002190353,0.0006172539013464073,0.0003535561053602175
3.546045732132478,0.0009316725026909374,0.0012174629603560107,0.0003536207442166421
3.546715169777845,0.0009309116051626989,0.0011299602823369394,0.0003536854233746349
3.5473846074232123,0.0009301507076343027,0.0007432100110273571,0.0003537501349707641
3.548054029103969,0.0009293898282517919,0.0014166737372996092,0.00035381477689130014
3.548723424670158,0.0009292597445366608,0.0005619465990540332,0.0003538638086650649
3.549392820236347,0.0009297923998697882,0.0010986201917066122,0.0003538964329528523
3.550062215802536,0.0009303250552026375,0.0013425858318613642,0.0003539289691390307
3.550731600947509,0.0009308577022430446,0.000555649145107536,0.0003539615093285018
3.5514009754760925,0.0009313903408356427,0.0010504510129496327,0.0003539940546823111
3.552070350004676,0.0009319229794285742,0.0015616070803605648,0.000354026609982933
3.5527397245332595,0.0009324556180211938,0.00042594175721016175,0.0003540591743056129
3.5534090862043395,0.0009329882463828132,0.0012109094336125586,0.00035409174960461634
3.5540784396966396,0.0009335208682365469,0.000293133469568204,0.0003541243320193059
3.55474779318894,0.0009340534900902481,0.0008703718007851897,0.0003541569227606322
3.5554171466812408,0.0009345861119438989,0.0013987625935037063,0.0003541895172064636
3.556086454303673,0.00093511869729751,0.0006134082283336549,0.00035422212882377024
3.5567557446950566,0.0009356512689400551,0.0010096000262252197,0.00035425487431382417
3.5574250350864403,0.0009360262599552564,0.0009786334253644876,0.00035430778083516795
3.558094325477824,0.0009361023329709654,0.0014280802298534071,0.00035439861621901344
3.5587636321338256,0.000936178407835242,0.0010672393344061326,0.0003544897713322592
3.559432941835318,0.0009362544830457113,0.0011401645365086816,0.0003545809995655069
3.5601022515368106,0.0009363305582561104,0.0008394506544830592,0.00035467230464360146
3.5607715612383033,0.0009364066334665118,0.0015433093970458572,0.00035476367117023746
3.561440812183569,0.0009364827019987752,0.0011716798039271342,0.0003548551022816848
3.562110060514284,0.0009365587702334237,0.0006868072794517577,0.000354946603343285
3.562779308844999,0.0009366348384684069,0.0010321144201465699,0.00035503817236345224
3.5634485556509525,0.0009367109065299737,0.0008841604871437907,0.00035512982196040765
3.5641177829533155,0.0009367869723748159,0.0006498527624757531,0.00035522153205169347
3.5647870102556785,0.0009368630382194375,0.0010193744044068038,0.00035531331476392337
3.565456237558041,0.0009369391040643975,0.0005704524527056895,0.0003554051749911143
3.566125460917836,0.0009367269497021094,0.001562513535528527,0.0003554988721914404
3.566794667193168,0.0009353578075156867,0.0005891935224498215,0.00035559951613257544
3.5674638734685002,0.0009339886653291832,0.00034550807183553883,0.00035570029660392564
3.5681330797438324,0.0009326195231427306,0.0004997671052268209,0.00035580115637062624
3.5688022669478476,0.0009312504199749404,0.0008782618155783947,0.00035590209748411785
3.569471410150016,0.0009298814068310606,0.00037688816677367,0.00035600312418810465
3.5701405533521835,0.0009285123936872765,0.0011746695019200191,0.00035610423037798675
3.570809696554351,0.0009271433805434065,0.0010985037700798833,0.0003562054252120047
3.5714788478084114,0.000925774350926383,0.0009926054775045087,0.0003563067090296627
3.5721480103256895,0.000924405298265121,0.0013455793351446574,0.0003564080817563628
3.5728171728429676,0.000923036245604199,0.0006446740236119741,0.00035650953167674514
3.5734863353602457,0.0009216671929434385,0.0011793523257406019,0.00035661106994669964
3.574155476453493,0.0009202981841142593,0.00044994814789222585,0.0003567127021091318
3.5748245986339144,0.0009190825930786736,0.0007069625452351769,0.00035681434120811217
3.575493720814336,0.0009206799064569431,0.0007672396180190815,0.00035691495161268417
3.5761628429947576,0.0009222772198352236,0.0010674490484293795,0.0003570156491536096
3.5768319380383344,0.000923874468432956,0.0012375330668365548,0.00035711642424488384
3.577501018179226,0.0009254716814556814,0.0015495790331577558,0.00035721728210459614
3.5781700983201175,0.0009270688944778667,0.0008868716527157815,0.0003573182291270963
3.578839178461009,0.0009286661075004507,0.000986823071865209,0.00035741926149739913
3.579508242635876,0.0009302632824092433,0.0011507628775728033,0.00035752037703495605
3.5801773017589835,0.0009318604452585044,0.0005295967489644047,0.0003576215758391392
3.580846360882091,0.0009334576081078615,0.0011397442558950656,0.00035772286809996576
3.581515420005198,0.0009350547709570971,0.0005828405786497328,0.00035782424027548356
3.5821844240482097,0.000936651802320435,0.0007662381005966513,0.0003579256959351654
3.5828534201258866,0.0009382488146689105,0.0013793348622299269,0.0003580272323230166
3.5835224162035635,0.0009398458270177694,0.0015891563031038645,0.00035812865009930185
3.5841914122812404,0.0009402747953087317,0.0009252434413689382,0.0003581988876449901
3.5848604481800903,0.0009405789716663532,0.001090989977257713,0.00035826562760392323
3.585529484590983,0.0009408831482568968,0.0007043941621618665,0.00035833237463216296
3.5861985210018754,0.0009411873248476883,0.0006386609020275678,0.0003583991621281257
3.5868675512272747,0.0009414914986257143,0.0012605498676184317,0.00035846598714744937
3.5875365262924483,0.0009417956473257103,0.000925540253748732,0.0003585328401481473
3.588205501357622,0.0009420997960254184,0.0013386793958771721,0.0003585997337749095
3.5888744764227956,0.0009424039447252307,0.00022552060839501416,0.0003586666681260058
3.589543442480528,0.0009427080893295481,0.0010513924667318285,0.0003587336328650989
3.590212375524655,0.0009430122189245523,0.0008821100498425155,0.00035880063605252737
3.590881308568782,0.0009433163485195436,0.0005746627782130373,0.0003588676758647154
3.591550241612909,0.0009436204781145908,0.0009939452567522013,0.00035893475446704856
3.5922191677738655,0.000943924604580006,0.0009327197879023886,0.00035900200515727443
3.5928880798094482,0.0009425131209450869,0.0006202282243165428,0.00035908994534779434
3.5935569918450314,0.0009405361159519375,0.001067000037854254,0.0003591848803928936
3.5942259038806146,0.0009385591109586489,0.0008498582514978218,0.0003592799399404637
3.5948947881382476,0.0009365821880646537,0.00109711461421219,0.00035937506428427196
3.5955636371561157,0.0009346053693236174,0.0005936850523971768,0.00035947026353590694
3.5962324861739843,0.0009326285505827682,0.0014841335906187433,0.0003595655401006188
3.5969013351918524,0.0009306517318415341,0.001512665488983101,0.00035966088874292136
3.5975702065353885,0.0009286748471159797,0.0009628113659854888,0.00035975631652849984
3.598239095882225,0.0009266979091806598,0.0008969293550150501,0.00035985181655095316
3.598907985229061,0.0009247209712453542,0.000691607906818312,0.0003599473960122916
3.5995768745758974,0.0009227440333098564,0.0004688537161277216,0.0003600430534926781
3.6002457230595333,0.0009207672161477647,0.0007602224325627736,0.0003601387825820859
3.600914551074135,0.0009187904594830825,0.0007189430679027016,0.00036023453156688455
3.6015833790887375,0.0009181824865144333,0.0013273367463814403,0.0003603234352216425
3.6022522071033394,0.0009184865683579254,0.0004951435500622858,0.00036040775659056665
3.602921002400847,0.0009187906353264584,0.0006454807825739511,0.0003604921051937969
3.603589788412873,0.0009190946980736438,0.0007265244643311819,0.0003605765099836227
3.6042585744249,0.0009193987608202969,0.0007477055786214137,0.0003606609775665562
3.604927360436926,0.0009197028235676615,0.0012217123323595876,0.0003607455037834076
3.6055961277310615,0.0009200068778044167,0.0009862544582298922,0.0003608300868153436
3.6062648927437784,0.0009203109310041528,0.0015399970913954019,0.00036091472656901133
3.6069336577564948,0.0009206149842037743,0.0014014406604899918,0.0003609994322317772
3.6076024226154226,0.0009209190373336424,0.0012384914942608382,0.00036108419057499666
3.6082711456334757,0.0009212230714405353,0.000698396079866679,0.00036116900936828663
3.6089398686515293,0.0009215271055473988,0.00045807734321939484,0.00036125388678702426
3.609608591669583,0.0009218311396542318,0.0009069767773040577,0.00036133884496177877
3.6102773098285126,0.0009221013786638315,0.0007436798951449412,0.000361427565768401
3.6109459908571764,0.0009223293899263483,0.0009738761359551121,0.0003615209633499997
3.61161467188584,0.0009225574011884937,0.0011291242787131463,0.0003616144616429647
3.612283352914504,0.0009227854124508791,0.0015978657621402229,0.0003617080333153087
3.6129520383416773,0.0009230134252130661,0.001192046785802493,0.0003618016770886403
3.6136207387011297,0.0009232414430669865,0.0004448270822778339,0.0003618954009811233
3.614289439060582,0.000923469460920767,0.0017474236999409426,0.00036198919446888545
3.6149581394200347,0.0009236974787746868,0.0008276589420020379,0.0003620830602495347
3.6156268189869083,0.0009239254895386886,0.0007441371913081681,0.0003621769935006434
3.616295458031455,0.0009241534864848983,0.0009059871635980716,0.0003622709958166115
3.616964097076002,0.0009243814834312673,0.0007307627805833046,0.0003623650738286266
3.617632736120549,0.0009246094803775918,0.001196191204829322,0.0003624592261317152
3.6183013657052108,0.0009248374740981436,0.000683705172557841,0.0003625534863927356
3.6189699837596763,0.0009249781762237586,0.0007409655295447127,0.0003626541284669399
3.6196386018141418,0.0009249021709883734,0.00046483416294864586,0.0003627703015969182
3.6203072198686073,0.0009248261657532735,0.0009193682830570567,0.0003628866831488968
3.6209758143268274,0.0009247501632002204,0.0009469653035498915,0.00036300317184074783
3.6216443904050832,0.0009246741627366684,0.0005509523869906988,0.00036311977972334683
3.622312966483339,0.0009245981622732059,0.0015147067831194762,0.00036323649056378633
3.622981542561595,0.000924522161809664,0.000935183577467574,0.00036335331714041047
3.623650076250123,0.000924446166164578,0.0012290755587014974,0.00036347024929370554
3.624318589373946,0.0009243701728573855,0.0006593599554369123,0.0003635872844625718
3.624987102497769,0.0009242941795502466,0.0010787688454998948,0.0003637044433005736
3.625655615621592,0.0009242181862428046,0.0014470751752491857,0.00036382171379800384
3.626324160362958,0.0009241421893415941,0.001128634234550717,0.0003639391017129139
3.6269927138060387,0.0009240661914509713,0.0012740373094079363,0.00036405660109495715
3.6276612672491195,0.0009239999999999796,0.0011191722057090885,0.0003641742304735317
3.628329820692201,0.0009240000000000214,0.0004827567970367561,0.0003642920779046918
3.6289983192767834,0.0009240000000000845,0.0011850384531302783,0.00036441003638830883
3.62966681141843,0.0009240000000000238,0.0010349599044138685,0.0003645281094813543
3.6303353035600767,0.0009239999999998977,0.0009591811897258415,0.0003646462909512396
3.6310037955839105,0.0009239999999998123,0.0007885707482766207,0.00036476459067180396
3.631672266744698,0.0009240000000000807,0.00023721895991990645,0.00036488300224431344
3.632340737905485,0.0009239999999999324,0.0009129931230877742,0.00036500152920275236
3.6330092090662722,0.0009240000000000169,0.0005817241132318345,0.000365120164522177
3.6336776753511075,0.0009239999999999428,0.0007336406132466386,0.0003652389227489952
3.634346104554127,0.0009240000000000291,0.0008758021764963785,0.00036535778620898894
3.635014533757146,0.0009239999999997122,0.0014680533599413864,0.00036547676913290596
3.635682962960165,0.0009240000000000754,0.0010143897443834471,0.00036559586830195326
3.636351377906336,0.0009240000000000896,0.0016853401660648323,0.00036571558569020073
3.637019744182578,0.000924073518720392,0.000859054975213869,0.00036591123724712745
3.6376881104588197,0.0009241494953346576,0.0015935915227926361,0.0003661102542116536
3.6383564767350616,0.0009242254719488628,0.0017734398505160503,0.0003663096166916098
3.6390248565792334,0.0009243014501056827,0.0009613425304155101,0.0003665093008653968
3.639693263170485,0.0009243774313027558,0.0014647576523012908,0.0003667093230746513
3.6403616697617363,0.0009244534125000839,0.0015780104911133196,0.0003669096763344607
3.6410300763529877,0.0009245293936970709,4.858520460292366e-05,0.00036711035507592415
3.6416984555846073,0.0009246053717841166,0.00181714815897544,0.0003673113524578501
3.6423668008878898,0.0009246813460142814,0.0008874572501880372,0.00036751267617109407
3.643035146191172,0.0009247573202445829,0.0010589270382829143,0.0003677143277191003
3.6437034914944544,0.0009248332944746656,0.0013399246000007365,0.00036791631173905046
3.644371825131748,0.000924909267378748,0.0007879435885160326,0.00036811862985465033
3.645040149463387,0.0009249852392250426,-0.0002611031469984727,0.0003683212172308675
3.645708473795026,0.0009251836123421353,0.001179810114877885,0.0003685158561578332
3.6463767981266644,0.0009254115019754496,0.0011386631514028024,0.0003687087494409942
3.6470450945260486,0.0009256393820845144,0.0010346005921038153,0.0003689019239585667
3.647713376918349,0.0009258672574170248,0.0015173398380228212,0.0003690953981487244
3.648381659310649,0.0009260951327495224,0.0005978387588181287,0.0003692891780503636
3.649049941702949,0.0009263230080824424,0.0017008561858770552,0.0003694832659369235
3.6497181753161683,0.0009265508667820615,0.0010954613140262263,0.00036967763585656153
3.6503863948093285,0.0009267787206669757,0.000799409179733667,0.00036987231949768475
3.651054614302489,0.0009270065745519982,0.0006445254053212234,0.0003700673043441953
3.6517228337956498,0.0009272344284367478,0.0011299247408136663,0.00037026260486266484
3.6523910889494653,0.0009274622944815693,0.0008508843096030091,0.00037045822202481373
3.653059348753387,0.0009276901621118608,0.0006099571585362541,0.0003706541513194112
3.6537276085573085,0.0009279180297422301,0.0006761928536024591,0.00037084965359102806
3.65439586836123,0.0009277082052545955,0.0006129373460672786,0.00037093427909361525
3.655064067279591,0.0009272525115167311,0.0009455911195458027,0.0003709559951008967
3.6557322658090032,0.0009267968180434038,0.0012604630708539992,0.0003709773054541669
3.656400464338415,0.0009263411245702997,0.0010387911034263463,0.0003709986116286687
3.657068658563907,0.0009258854340327181,0.001128102682152622,0.0003710199233206851
3.657736815169767,0.0009254297691500079,0.0014932110874320056,0.0003710412379549404
3.6584049717756275,0.0009249741042676464,0.0007685600060399837,0.00037106255588288336
3.6590731283814875,0.0009245184393852038,0.0014323665003914776,0.0003710838801317584
3.6597412805559046,0.0009240627775249846,0.0013985013818595955,0.0003711051985946535
3.6604094162019614,0.000923607126936602,0.0008610093879132728,0.00037112653458694014
3.661077551848018,0.00092315147634828,0.0007805516957898331,0.00037114786035003384
3.6617456874940753,0.0009226958257598108,0.00037548027095154406,0.0003711692043238072
3.662413816431983,0.0009222401797462646,0.0013670310627435602,0.0003711909213125945
3.6630819311195517,0.000921712691945465,0.0004048080275492003,0.000371270156447897
3.66375004580712,0.0009211051078255624,0.0004491416264861874,0.00037141352992098943
3.664418160494689,0.0009204975237060693,0.0010108485726041249,0.00037155749952696337
3.6650862482379143,0.000919889964089613,0.0006194738761606448,0.0003717016226832868
3.6657543000579067,0.0009192824371419744,0.0005248034647241512,0.0003718459114499798
3.666422351877899,0.0009186749101940919,0.0010532821052506689,0.0003719903691521002
3.6670904036978915,0.0009180673832461185,0.0017558794505721387,0.00037213499378772414
3.6677584659049747,0.0009174598468524626,0.0005622603976162467,0.0003722797890785924
3.668426537077036,0.000916852302305724,0.0007409936626690068,0.0003724247547117093
3.669094608249097,0.0009162447577590803,0.0009598084573399473,0.00037256989740326395
3.6697626794211584,0.0009156372132125839,0.0012454151852671156,0.0003727151992460949
3.6704307111035535,0.0009150297045778427,0.0005956368702559646,0.00037286066291894747
3.671098721018401,0.0009144222157385245,0.0005796743061726833,0.00037300597712767834
3.6717667309332485,0.0009137452784420258,0.0016263633637041124,0.00037310336817221766
3.672434740848096,0.0009129100762299956,0.0005395575780860656,0.00037309252678135795
3.6731027349962866,0.0009120748937305155,0.0014765083195719393,0.0003730809665877594
3.673770723960533,0.0009112397177123834,0.0009613245814621891,0.0003730694151566727
3.6744387129247795,0.0009104045416942718,0.0009547505551095554,0.00037305785460574315
3.675106701889026,0.0009095693656760873,0.0006319992754092484,0.0003730463021091104
3.6757746548068995,0.0009087342347264149,0.0008742988859022141,0.00037303474272776396
3.676442601873886,0.0009078991110920932,0.001055296534782373,0.00037302319322467763
3.6771105489408726,0.000907063987457557,0.0016362708139363695,0.0003730116467950927
3.677778496007859,0.0009062288638228996,0.0006720372906663429,0.0003730000957879226
3.678446382256128,0.0009053938162289708,0.0013320189285821028,0.00037298854789172953
3.6791142664870784,0.0009045587711573134,0.0018506434854584303,0.0003729769994048913
3.6797821507180286,0.0009037237260852667,0.000413469718343975,0.0003729655389848928
3.6804500379745093,0.0009029493929893493,0.0007177571553309361,0.0003729669363896665
3.6811179625065087,0.0009025697609944131,0.000450274118429844,0.00037304857331969983
3.6817858870385085,0.0009021901289992908,0.0015050194101617934,0.00037313080658422535
3.6824538115705083,0.0009018104970041769,0.00073195154732319,0.0003732130945119647
3.683121724948247,0.0009014308713492203,0.0005606009655856514,0.0003732954325487942
3.683789588236479,0.000901051274163422,0.0009871446125557257,0.00037337781875571355
3.684457451524711,0.000900671676978025,0.00044889640558618286,0.00037346025735411224
3.6851253148129426,0.0009002920797925739,0.0008699541670414403,0.00037354274916100036
3.6857931659896916,0.0008999124894908688,0.0012370541531380034,0.00037362530158823734
3.6864609873964267,0.0008995329161096832,0.001331831831411741,0.00037370789348025076
3.6871288088031617,0.00089915334272856,0.0009683495485163941,0.00037379054873131634
3.687796630209897,0.0008987737693476638,0.0005723740536974649,0.00037387326090745996
3.6884644433249574,0.0008983942006791636,0.0004919238238758471,0.0003739560179455264
3.6891322437929137,0.0008980146391991949,0.0005211656049142321,0.000374038804811737
3.68980004426087,0.0008979270238393902,0.0002208590346609692,0.00037411718586394016
3.6904678447288264,0.0008978511201717078,0.0011256681330050853,0.00037419540858222433
3.6911356136238784,0.0008977752200926598,0.0009240182229642255,0.0003742736774427432
3.6918033512833763,0.0008976993235643148,0.00031322626669787125,0.00037435199841753136
3.692471088942874,0.0008976234270351674,0.0010835739960465968,0.00037443035767994006
3.6931388266023717,0.0008975475305066626,0.00030031715216146987,0.00037450877666153073
3.693806588802975,0.0008974716311884384,0.0005193230651124817,0.0003745872310346476
3.694474366759273,0.0008973957300798201,0.0012735856785091146,0.0003746657494675315
3.6951421447155717,0.0008973198289707597,0.0008062588735193146,0.0003747443167434456
3.6958099226718697,0.0008972439278618967,0.0011217762966569517,0.00037482293311582546
3.6964776568356275,0.0008971680317306567,0.0006233036898883805,0.00037490158844621116
3.6971453735615976,0.0008970921375810915,0.0008045848214119648,0.00037498029666603675
3.697813090287568,0.0008970162434317698,0.0009504987026124615,0.0003750588922574278
3.698480807013538,0.0008974772057408439,0.0010577529880965645,0.00037511368143375355
3.6991484893526776,0.0008980843276677912,0.000504410480336018,0.0003751618397316936
3.6998161642155303,0.0008986914427965859,0.0011292147204671498,0.00037520990159541323
3.700483839078383,0.000899298557925559,0.001302022339021115,0.0003752453830753105
3.7011515139412356,0.0008999056730539823,0.0014884840199075806,0.0003752760403073218
3.7018191693946525,0.0009005127705340382,0.001031834951331407,0.00037530667259898015
3.7024868233279147,0.0009011198666314832,0.000948941025076875,0.00037533730577208506
3.7031544772611773,0.0009017269627289869,0.0003499900655439523,0.00037536795321126593
3.703822129109917,0.0009023340569311343,0.0010862626412069135,0.0003753986012371128
3.7044897202622806,0.0009029410959420168,0.0013306070789520135,0.0003754292569668697
3.705157311414644,0.0009035481349531785,0.0006785719693289626,0.00037545991661558934
3.705824902567007,0.0009041551739640688,0.0009109685561932618,0.0003754905981814854
3.7064924964051125,0.0009047622154172286,0.001008455363748755,0.00037552153816898667
3.7071601069250772,0.0009053693140162741,0.0007188629983233394,0.0003755916707068349
3.707827717445042,0.0009059764396454045,0.001321359848546635,0.0003756872457689209
3.708495327965007,0.0009065835652745754,0.0013320081150460703,0.0003757830699627928
3.7091629235548544,0.0009071906773262512,0.0010187591969307009,0.00037587895962283736
3.7098304728598444,0.0009077977472866383,0.001010449569805127,0.000375974921937601
3.710498022164834,0.0009084048172465779,0.000916086795676121,0.00037607094815902156
3.7111655714698237,0.0009090118872068899,0.0013121235247814465,0.0003761670582633615
3.7118331134705995,0.0009096189505247729,0.0008313965155316255,0.000376263238472434
3.71250064185387,0.0009102260014584821,0.0008968854967016474,0.00037635949007523494
3.71316817023714,0.0009108330523926591,0.0008970683997670963,0.00037645581855249086
3.71383569862041,0.0009114401033265054,0.0007921389474854891,0.00037655221384384286
3.714503207999188,0.0009120471369777867,0.0012700006742819958,0.00037664869487141837
3.7151706945429535,0.0009126541498630723,0.0016405976922768298,0.00037674537439755473
3.7158381810867183,0.0009132284914306994,0.0012617152821796653,0.00037686348737389484
3.7165056676304835,0.0009137595673350836,0.0007189764135080718,0.00037700991399809957
3.7171731424794903,0.0009142906339345638,0.0009557188626947931,0.00037715669705702773
3.71784060810547,0.0009148216931959693,0.0003129122898715631,0.00037730365278225366
3.718508073731449,0.0009153527524574024,0.00068974112776676,0.00037745077978764823
3.7191755393574284,0.0009158838117187926,0.001359980797908323,0.0003788611912873929
3.719842963331798,0.000916414837840724,0.00165708502313137,0.007529316400493412
3.720510366212286,0.000916945847179691,3901.426045709319,15621.878221365463
3.7211777690927734,0.0009174768565185215,-21018.127512473347,29014.559318640546
3.721845171973261,0.00091800786585742,-6439.836428775101,10689.035069901149
3.7225125897365845,0.0009185388870374787,-15457.283242494437,13782.382055381177
3.7231800119910106,0.0009190699117908788,2336.8014125200784,16988.090907089543
3.723847434245436,0.0009196009365445871,-9462.14744423154,12884.1919025205
3.7245148564998622,0.0009199434387291458,-922.0413181738415,13333.029797072637
3.725182225370639,0.0009197158490266906,-19282.656463510706,19277.111211647127
3.7258495864273518,0.0009194882619889154,128834.47088504728,45405.88326219972
3.726516947484065,0.0009192606749514888,-8084.323825193001,215057.8059881081
3.72851898932699,0.0009185779279321579,-115325.3198394593,122115.08726703416
3.7291863294737815,0.0009183503480252863,-100100.50335947365,69955.85227796108
3.730520964587599,0.0009178952036190186,-3838.797425907081,38589.88706930754
3.731188262918478,0.0009176676379724984,-34374.47444117923,34314.23178324759
3.731855561249357,0.0009174400723259886,-10511.546917243497,28334.61165766593
3.732522851878539,0.0009172125093058987,-33260.11794365143,56218.766415535625
3.7365264353331793,0.0009162315445933469,143579.3220973961,283401.63492309704
3.7378609632087914,0.0009159281738557413,-534699.6479614126,856288.4054547277
3.7405298014076083,0.0009153214818350519,-255335.9421376438,116635.48739118874
3.747868312746324,0.0009136531061165987,76528.11207725118,57236.50165339456
3.7498696936245026,0.0009131980917075202,-7870.938563456794,61626.182306029645
3.7505368232323826,0.0009130464196359345,-75490.47679408146,325070.4993023836
3.751203878561307,0.0009129999999998888,-18949.916813947708,33493.13304223025
3.751870926106719,0.0009129999999999356,-13420.403830047557,21213.481055458535
3.7525379736521307,0.0009130000000002301,18917.21042409362,21932.21715521486
3.7532050210419876,0.0009130000000001076,16113.258914987602,20484.95674021203
3.753872047697119,0.0009130000000000102,10126.425373977796,64404.65957178112
3.7545390743522504,0.0009129999999998538,1489.9148994122354,24963.93601313052
3.755206101007382,0.0009130000000000469,-17290.380764125275,20950.084050039328
3.7558731230829943,0.0009130000000000974,-28835.286357511166,36774.63488802272
3.7572070928399857,0.0009130000000001462,117420.88285351086,61961.32722086323
3.757874077718481,0.000912999999999985,1234740.3050819137,1309834.9342949113
3.7765463304213656,0.0009215991795531117,-23190.9086164368,47741.79345421319
3.777213101783169,0.0009218471549996424,-16976.056108176876,33284.76782558013
3.777879876379363,0.0009205587748978778,5843.838308947606,219757.64156979744
3.7785466509755565,0.0009192703947960196,40213.97688929133,16953.0879954276
3.7792134243477893,0.0009179820170593518,-24195.991540059655,25541.01498130515
3.7798801378056557,0.0009166937550925635,-25196.101333922128,17345.994023509524
3.780546851263522,0.0009154054931256631,11718.563155788603,15253.473641895862
3.7812135647213885,0.0009141172311589585,1980.8437694038691,10406.603535743776
3.7818802731556844,0.0009128289788989163,-6091.358450005559,7513.786322135059
3.7825469448761364,0.0009115407975797613,-322.2390975883909,6577.559765770699
3.7832136165965884,0.0009102526162602397,6240.35598024059,6488.066361157757
3.7838802883170404,0.0009089644349410768,-5564.903770603334,6113.801334169226
3.7845469554372304,0.0009076762625105899,685.1458215533285,4828.205299751923
3.7852136062909345,0.0009063881215112015,-1003.171318016958,4486.510584182088
3.785880257144639,0.0009050999805117738,-530.185809916596,5369.908915179726
3.786546907998343,0.0009038117044480142,2445.0355641246715,4931.391674444668
3.787213538795277,0.0009025234557782817,879.9008935460139,4593.926809312698
3.787880127056575,0.0009012352893075767,-861.5870830229146,4983.306981426495
3.788546715317873,0.000899947122836867,-7094.478324701904,4108.808235668911
3.7892133035791713,0.0008986589563662609,-312.2621602199556,3342.830819741781
3.7898798999898595,0.000897370774147187,2774.1757148602833,3627.980656569013
3.790546507652437,0.0008960825701839665,568.9030635105034,3644.84296432329
3.7912131153150144,0.0008947943662210734,-4100.982141613737,4402.3682486030775
3.791879722977592,0.0008935061622577333,-1229.5061632572113,6548.73868707379
3.7925462988923115,0.0008922180196464923,7058.249679174403,6722.619498899672
3.793212845431868,0.0008909299338022668,-4478.90954250295,6653.9039776647205
3.793879391971425,0.0008896418479580006,4314.538399717035,6408.305034708867
3.794545938510982,0.0008883537621136531,15673.002773628958,6343.7209193470835
3.795212472143578,0.0008877252374723525,16792.054847168038,9654.66120738222
3.7958789978242224,0.0008873464436097673,-1226.2542916541986,8526.155637641408
3.796545523504867,0.0008869676497471455,14619.457397124921,9960.342334709743
3.7972120491855117,0.0008865888558844557,-1162.1632508677467,7378.683114505008
3.797878544914837,0.0008862100790436936,-393.0393471073571,6473.925509741402
3.7985450288815734,0.0008858313088874283,1166.4926286363602,8313.951038654475
3.79921151284831,0.0008854525387314623,442.7226038227077,4936.45304576694
3.7998779968150465,0.0008850737685752943,-1774.2658425318211,5119.933051130764
3.800544429668348,0.0008846950274674025,-3649.580917328377,4691.787487178913
3.801210851074011,0.0008843162928653303,-625.4702054413594,4540.689385056165
3.8018772724796746,0.0008839375582635022,5642.804572476485,5068.397326494603
3.8025436938853376,0.0008835588236615422,-11067.014123943432,5207.905815285034
3.803210152153721,0.000883180068110111,9946.024840600829,5137.526052487106
3.8038766138179367,0.0008828807863769571,2586.5178793706145,4900.588411277457
3.8045430754821523,0.0008826535318883082,-3756.601618848724,4750.785434110669
3.8052095362810463,0.0008824262776945418,3647.6927251556544,4313.0113935485915
3.8058759368356285,0.0008821990440433128,5981.478245009637,3109.844865448236
3.8065423373902108,0.0008819718103920955,-324.2598812441693,3072.589299401324
3.807208737944793,0.0008817445767408974,-906.1952563698654,2977.917393667279
3.807875133801196,0.0008815173446911478,1001.8717336093227,3063.137416203505
3.80854149265753,0.0008812901252588993,50.260155308733495,3324.2602564768113
3.8092078515138637,0.0008810629058259175,-4969.214597448745,3314.4874776297916
3.8098742103701975,0.0008808356863933924,-2059.7247236993594,3210.6724556825775
3.8105405604319076,0.0008806084699594718,-3382.634993730043,3388.6374489221175
3.8112068775952115,0.0008803812647435827,911.4483736879137,3408.9808581418015
3.811873194758515,0.0008801540595277337,6590.3971388879645,3536.187180858866
3.812539511921819,0.0008801463080063287,3600.649630915989,3910.043461076776
3.813205809765929,0.0008806007569166889,1024.931717988099,3791.1299387075633
3.813872064399469,0.0008810551763551615,4321.66366733819,3750.383522986497
3.814538319033008,0.0008815095957938751,-3171.201475684436,3328.339431608146
3.815204573666548,0.000881964015232262,2801.3404574823994,3005.901769870269
3.815870844667893,0.0008824184458347579,865.7384719053529,3035.9727102235565
3.8165371395551273,0.0008828728927282173,1439.823439663929,3044.0075069263903
3.8172034344423618,0.0008833273396220005,2180.095827093377,2906.2292541927295
3.8178697293295962,0.0008837817865155294,1788.4135392647454,3432.197849082233
3.818535993416095,0.0008842362124017086,1059.6283310137685,3279.3043551889905
3.819202227208988,0.0008846906176259904,-2938.079686760061,3317.816376801434
3.819868461001881,0.0008851450228498671,2336.8461936443464,2981.885584754894
3.820534694794774,0.0008855994280741742,-4228.251891430398,2798.235758526391
3.8212009035110293,0.0008860448417316467,651.662750053781,3362.3743509468536
3.8218670956265406,0.0008864234460259573,-2101.0952069205723,3145.163101062915
3.8225332877420515,0.000886802050319418,0.0022203735140978948,0.00808127933917815
3.8231994798575624,0.0008871806546132978,0.0004170876144006054,0.0003958090599051906
3.823865657408724,0.0008875592506301281,0.0005934954134626295,0.0003944874009531836
3.824531828687499,0.0008879378430822973,-5.379811657443552e-05,0.0003944874558132161
3.8251979999662744,0.0008883164355341019,0.0015604613435651984,0.00039448749648984924
3.8258641712450494,0.0008886950279864952,0.0009281827302880408,0.00039448755142784534
3.8265303093489127,0.0008890736015850966,0.000132001526902245,0.00039448759340869973
3.827196438958126,0.0008894521703559814,0.0013748507577375515,0.0003944876445169103
3.82786256856734,0.0008898307391266219,0.001338726165136135,0.0003944876896726756
3.828528698176554,0.0008902093078975399,0.0006672722324240045,0.00039448774049023896
3.8291947719739676,0.0008905878449498826,0.0007882613878563572,0.0003944877869188002
3.8298608390886124,0.0008909663782045494,0.0011399761613058855,0.00039448837018128707
3.830526906203257,0.0008911379802667989,0.0014500725099587958,0.00039456909595344354
3.8311929733179024,0.0008912894107803339,0.0007100560916880948,0.00039465820886762566
3.831859080263162,0.0008914408503494233,0.0011188061756103786,0.0003947474510452867
3.8325251876260364,0.0008915922900139745,0.0010383903087686074,0.00039483675037913825
3.833191294988911,0.0008917437296780389,0.0009198812746619225,0.0003949261111440236
3.833857395303097,0.0008918951677396108,0.0007260721922948876,0.00039501553132685374
3.83452342076121,0.0008920465887828136,0.0008020083760881171,0.0003951050033372601
3.835189446219323,0.0008921980098261139,0.0011810570865907401,0.0003951945458281987
3.8358554716774362,0.0008923494308689609,0.000937986874669444,0.00039528413550904206
3.8365214933373917,0.0008925008510486909,0.0001823143427759291,0.00039537378665401593
3.8371874979691927,0.0008926522673566783,0.00149268119669503,0.00039546349832224136
3.8378535026009937,0.0008928036836651082,0.0004953763367427117,0.00039555327558867876
3.8385195072327947,0.0008929550999735067,-0.00016399789251235757,0.00039564322972966817
3.8391855002627437,0.0008924142415447446,0.0006135410373404075,0.00039575173993390794
3.8398514632458283,0.0008915815985788665,0.0003569240381119244,0.00039586823726047983
3.8405174262289123,0.0008907489556129838,0.0005583521741899436,0.00039598488955653027
3.8411833892119964,0.0008899163126469702,0.0008692037022831259,0.00039610164922607486
3.8418493288018394,0.0008890836989294355,0.0002784216575458351,0.00039621849898871704
3.8425152293216143,0.0008882511340603786,0.0011858578193408753,0.0003963354509970147
3.843181129841389,0.0008874185691911856,0.000818573597108768,0.0003964525024713046
3.843847030361164,0.0008865860043222965,0.0010840019090841673,0.0003965696538430193
3.844512949799057,0.0008857534158001285,0.0006008101486708939,0.00039668691962811725
3.8451788905622037,0.0008849208006155832,0.0011423020003538326,0.0003968042908596511
3.84584483132535,0.0008840881854310964,0.0019831261356210725,0.000396921769935354
3.846510772088496,0.000883255570246146,0.0015128830488312845,0.0003970393492265542
3.8471766783179944,0.0008824229982386995,0.0005314406621891704,0.0003971570099968005
3.84784255801927,0.0008820372309638744,0.0017142876713167852,0.00039727264383734954
3.8485084377205454,0.000882112916312877,0.0012026492726866494,0.00039738617779391214
3.849174317421821,0.0008821886016617723,0.0008088391389286704,0.0003974997890064967
3.8498401696031745,0.0008822642838829897,0.001803018723694521,0.00039761349083318866
3.850506007671356,0.0008823399644998393,0.0013856896009947607,0.0003977272930580069
3.851171845739538,0.0008824156451168155,0.0009192294699820544,0.0003978411902187244
3.85183768380772,0.0008824913257340944,0.0007697646108696281,0.000397955192000945
3.8525034903958275,0.0008825670027729745,0.0012297140662686512,0.00039806928333334954
3.8531692868361214,0.0008826426786584031,0.0011568550469238125,0.00039818346990826305
3.853835083276415,0.0008827183545437774,-0.0002227305662252895,0.0003982977576559105
3.854500879716709,0.0008827940304291979,0.0009269548041436265,0.000398412135814991
3.855166623015054,0.0008828697002743856,0.00027745899856459566,0.00039852660779509524
3.8558323570232744,0.0008829453690638167,0.0011826557432744113,0.0003986412313033397
3.856498091031495,0.0008831683219566118,0.0006854444026338378,0.00039876354243036094
3.8571638250397156,0.0008837737410840847,0.0011765098886517143,0.00039890540482119476
3.857829597105553,0.0008843791948214419,0.0006498830388302977,0.0003990475486041775
3.858495371352287,0.0008849846505420282,0.0012508991990254409,0.00039918984533938735
3.8591611455990207,0.00088559010626254,0.001560110171437528,0.0003993323025504446
3.8598269173866018,0.0008861955597467942,0.0009170292872844485,0.00039947490826285916
3.8604926305867333,0.0008868009599515559,0.0008082193651367149,0.00039961764978616114
3.8611583437868644,0.0008874063601562447,0.0006416555303195876,0.00039976055641675694
3.861824056986996,0.0008880117603610302,0.0011365804463827137,0.00039990360391489277
3.8624897645792227,0.000888617155465986,0.0013072578665765376,0.00040004681472191606
3.8631554361670775,0.0008892225178282042,0.000632325210799144,0.0004001901701247565
3.8638211077549323,0.0008898278801909374,0.0006287650514322572,0.00040033366717427937
3.8644867793427866,0.0008904332425535359,0.0011906657320608078,0.00040047732606166757
3.8651524461664013,0.0008909807019019386,0.0005991458909500088,0.00040061923020722775
3.8658180969500684,0.0008906780645828138,0.0012235327586170733,0.00040073587953887217
3.866483747733736,0.0008903754272634973,0.0011151288099996767,0.0004008524751143044
3.867149398517403,0.0008900727899444058,0.0017171199532288607,0.000400969167218456
3.8678150291368367,0.0008897701617927113,0.0007712039411816335,0.00040108595297377083
3.868480617515743,0.0008894675528458134,0.0009241506625070959,0.0004012028362350656
3.869146205894649,0.0008891649438989698,0.0015782020462249248,0.0004013198112383691
3.8698117942735553,0.0008888623349518349,0.00040594399905676285,0.0004014369027562445
3.8704773907541936,0.0008885597223213276,0.000884240822708013,0.00040155408826814007
3.871142998567768,0.0008882571045383953,0.00014154816083266318,0.0004016713884085116
3.871808606381342,0.0008879544867554236,0.000658144138296402,0.00040178877898903087
3.8724742141949164,0.0008876518689726049,0.0013370584905521747,0.0004019062855359004
3.8731397802455834,0.000887349270177012,0.000930502078238289,0.00040202388102054563
3.873805306231428,0.0008870466895969551,0.0014410579764315248,0.0004021419330237839
3.8744708322172734,0.0008866161198926892,0.0008462629205375495,0.0004023140628536042
3.8751363582031186,0.0008861621974287729,0.0015742543792725294,0.00040249663248010645
3.875801871633726,0.0008857082835282562,0.0013869723757661142,0.0004026795042985455
3.876467376824484,0.0008852543752473779,-1.4615103975114917e-06,0.000402862633179728
3.8771328820152413,0.0008848004669669613,0.0011983876553764042,0.0004030460113176809
3.8777983872059987,0.000884346558686613,0.0002721519084678297,0.00040322963180490224
3.8784638634102273,0.0008838926701760463,0.0010666167650415198,0.0004034135018676925
3.879129327014708,0.000883438790259287,0.0010729928973407547,0.00040359761453907583
3.8797947906191883,0.000882984910342666,0.0012294892060873389,0.00040378197863389503
3.8804602542236686,0.0008825310304259584,9.190538400519752e-05,0.0004039666043480295
3.881125717828149,0.0008820771505094056,0.0004388844444204473,0.0004041514746301714
3.8817911814326296,0.0008816232705928203,0.0015448077017990065,0.00040433660702676695
3.88245664503711,0.0008811693906757135,0.0006908625602729556,0.00040452142842191846
3.88312210864159,0.0008810000000000543,0.00011836938290152711,0.0004046228184741263
3.8837874988137613,0.00088100000000021,0.0015698389209215786,0.00040467406608598683
3.884452879261278,0.0008809999999999851,0.0006774574668297474,0.0004047250127433524
3.8851182597087943,0.000881000000000025,0.0009339281446253513,0.0004047759621695244
3.8857836401563106,0.0008810000000000435,0.0009653015891448632,0.0004048269475934851
3.8864490395707665,0.0008810000000002558,0.0010092931983621818,0.00040487794482262985
3.8871144394598707,0.0008809999999998282,0.0006848984945081578,0.000404928968562722
3.887779839348975,0.0008810000000000285,0.000243557647316022,0.0004049800037662313
3.888445235097109,0.00088100000000002,0.0007536037231759515,0.0004050310616756913
3.8891105739739364,0.0008810000000001588,0.0008418664058440961,0.00040508213112968667
3.8897759128507636,0.0008810000000000464,0.0012575045296676272,0.00040513322318555203
3.8904412517275913,0.0008810000000000235,0.0003963308815605676,0.0004051843314364407
3.891106583947445,0.0008809999999999979,0.0005879373317902044,0.0004052357518127576
3.8917718812587774,0.0008809999999999321,0.0008454203974636754,0.0004053309577942122
3.89243717857011,0.0008809999999999237,0.0018024979384122033,0.00040549049253374143
3.8931024758814425,0.0008809999999999597,0.0009284129569403727,0.00040565065052795623
3.893767773192775,0.0008809999999998763,0.0012382330082426358,0.000405810992830512
3.8944330705041077,0.0008810000000000431,0.0005872323918236713,0.0004059715309183629
3.8950983678154403,0.0008810000000001,0.0006733657068776196,0.0004061322449321803
3.895763665126773,0.0008809999999999384,0.00011311718762841024,0.0004062931635914846
3.896428933826599,0.0008809999999997801,0.0008951987773256403,0.0004064542652006506
3.8970941480225196,0.000880999999999978,0.0009324232398289937,0.00040661553746958434
3.8977593622184408,0.0008810000000000746,0.0014348631156668721,0.0004067770172472406
3.898424576414362,0.0008809999999999684,0.0010430838797173534,0.00040693866972482944
3.8990897990851607,0.0008810000000000807,0.0006630186598165758,0.00040710053013396833
3.8997550327281965,0.0008809999999999821,0.0009672158849813774,0.00040726254689840474
3.900420266371232,0.000881040672856,0.0012327330300218476,0.00040741868635228007
3.9010855000142675,0.0008812675343917803,0.0010057857982171269,0.0004075479715596133
3.901750701505791,0.0008814943849628044,0.0002904373549601968,0.0004076771928293721
3.9024158741517936,0.0008817212256968552,0.0006208006312724656,0.0004078065309028822
3.9030810467977957,0.0008819480664310586,0.0011129847117869638,0.0004079360070466017
3.903746219443798,0.0008821749071649834,0.0014070769717975619,0.00040806559672568703
3.9044113663982,0.0008824017391379218,0.0005024075257547002,0.0004081952961708593
3.9050764974994743,0.0008826285657040625,0.0010071059640562863,0.00040832512825297244
3.9057416286007482,0.000882855392270162,0.0014844953841925117,0.0004084550846867743
3.9064067597020222,0.0008830822188366974,0.0008084186267855565,0.0004085851571048343
3.9070718613321294,0.0008833090353524917,0.0009846376604715058,0.0004087153558719013
3.9077369508938644,0.000883535847752768,0.00022303229901874213,0.00040884567613781026
3.908402040455599,0.0008837626601531505,0.0005366632132143256,0.0004089761160596772
3.909067130017334,0.000883989472553354,0.000417902562800064,0.0004091069469045032
3.9097321863394203,0.000883567501928049,0.0016888184941713038,0.00040927772887706964
3.9103972343668043,0.0008831139570129335,0.0008369050385814909,0.00040945092749413646
3.9110622823941883,0.0008826604120976477,0.00041115128351409714,0.00040962434804640515
3.9117273304215723,0.0008822068671828436,0.0010072215412652386,0.00040979799850704115
3.912392395778707,0.000881753310448481,0.0016734873965698754,0.0004099718692859862
3.9130574632587245,0.0008812997522673437,0.0005324992861982757,0.0004101459709550481
3.9137225307387418,0.0008808461940858464,0.0009982148116663718,0.0004103202899270122
3.9143875982187595,0.0008803926359043042,0.0009344385639568192,0.00041049483083109085
3.915052605863366,0.0008799391185293346,0.0011761840107666994,0.00041066957961626417
3.915717612361586,0.0008794856019357254,0.0013226889546554738,0.00041084454037022074
3.9163826188598065,0.0008790320853423661,0.0004915803717261355,0.0004110197394592884
3.917047622387684,0.0008785785707745934,0.0018588285396514363,0.000411195158521537
3.917712587361927,0.0008781250824993868,0.0014077851002096873,0.00041137031134794486
3.9183775523361697,0.0008776168163746051,0.0004391996071506733,0.00041147399234516506
3.9190425173104124,0.0008770876865780927,-3.58233795722606e-05,0.0004115500346322343
3.919707475574343,0.0008765585621210636,0.0009352791472737225,0.0004116259386417611
3.9203723990297936,0.0008760294653622836,0.0009518063767338607,0.0004117018722223724
3.9210373224852444,0.0008755003686032369,0.0009501078184544541,0.0004117778601198442
3.921702245940695,0.0008749712718446006,0.001008353719614208,0.00041185387695415274
3.9223671589569333,0.000874442183392494,0.0017522051913443095,0.0004119299454146593
3.9230320408987764,0.0008739131196667247,0.0009406885141872568,0.0004120060451422824
3.923696922840619,0.0008733840559410974,0.0008893120570331762,0.0004120821892974292
3.924361804782462,0.0008728549922159487,0.0010529598267585184,0.0004121583720679332
3.925026693360787,0.0008723259232092877,0.001138241388830007,0.00041223460721083504
3.9256915947607744,0.0008717968440007312,0.0013359427409172717,0.00041231087618680734
3.926356496160762,0.0008712677647919252,0.0002962566795323496,0.00041238739598321573
3.927021397560749,0.0008708506944484191,0.0010938304689792943,0.0004124945195364347
3.927686272719511,0.0008705484097662181,0.0012668137025556182,0.00041263306670208616
3.92835111315293,0.0008702461408713439,0.0009118391308054305,0.00041277195614521187
3.9290159535863483,0.0008699438719772183,0.0014765200810953078,0.00041291097963049673
3.929680794019767,0.0008696416030827753,0.0003289163010871259,0.0004130501495452212
3.9303456128808216,0.0008693393439958774,0.0008606708166967533,0.0004131894513330273
3.9310104118109983,0.0008690370939709699,0.0007496951581016511,0.0004133288929539271
3.931675210741175,0.0008687348439459352,0.0011477473630760204,0.0004134684755734983
3.9323400096713517,0.0008684325939204647,0.0010504935957254581,0.0004136081998638146
3.9330047833339106,0.0008681303553833902,0.00038250125053233185,0.0004137480651175416
3.9336695407660267,0.0008678281242256098,0.0010025589784661208,0.0004138880556185396
3.934334298198143,0.0008675258930674613,0.0014024593985744321,0.0004140282015978714
3.934999055630259,0.0008672236619093329,0.0008291046557760672,0.000414168628686092
3.935663813062375,0.0008670000000001962,0.0013003825906042674,0.00041433174935345634
3.9363285704944913,0.0008669999999999996,0.0004483696303354048,0.00041455829910037076
3.9369933279266074,0.0008669999999999857,0.0007228482685067265,0.0004147856536481397
3.937658085358723,0.0008670000000001867,0.0002886359962217688,0.0004150133750165225
3.9383227775165643,0.0008669999999997461,0.00013790399743625174,0.00041524145156466316
3.9389874519680994,0.0008669999999998358,0.0011420993243950437,0.0004154698904882583
3.939652126419635,0.0008669999999998736,0.0006078965492328446,0.0004156987184131618
3.9403168008711704,0.0008670000000000048,0.0007155683059449583,0.0004159279103797637
3.9409814923546,0.0008670000000001304,0.0009209856312625168,0.0004161574967601211
3.9416461862711576,0.0008669999999999736,0.0014066211794624916,0.00041638746495222824
3.942310880187715,0.0008669999999999364,0.0008371887541139474,0.00041661781581392497
3.9429755741042722,0.0008669999999997094,0.000955883431976011,0.00041684854601591596
3.9436402093201313,0.0008669999999999334,0.00077214200746546,0.00041707961100563904
3.9443048422891445,0.0008670126061185105,0.0004211668605040252,0.0004173065390604838
3.9449694752581577,0.0008675414717295253,0.0009301050761977109,0.000417387715464402
3.945634106100647,0.0008680703356488952,0.001115461299513252,0.0004174679735462618
3.946298697592316,0.0008685991682559174,0.000460323490864511,0.00041754826141138175
3.9469632890839845,0.0008691280008628375,0.0008436601837806975,0.00041762860551599837
3.9476278805756535,0.0008696568334693349,0.0004925688407664769,0.0004177089888528044
3.948292466296049,0.0008701856614835937,0.0009777112057668296,0.00041778942580741245
3.9489570163155494,0.0008707144610900691,0.0011787915959141902,0.0004178698992890732
3.9496215663350505,0.0008712432606963413,4.4171900245909904e-05,0.00041795042026526095
3.950286116354551,0.000871772060302863,0.0008417070684353322,0.0004180309973236137
3.9509506569690624,0.0008723008524250387,0.000928133847082234,0.0004181116109153641
3.951615165521571,0.0008728296190349593,0.0005769183819601667,0.0004181922695168402
3.9522796740740795,0.0008733583856449915,0.00041508964237679883,0.000418272974170409
3.9529441826265876,0.0008738871522549064,0.0009195060521701623,0.0004183540358321255
3.953608697296907,0.0008741782327678504,0.0009313398996506526,0.00041848177998558166
3.954273225319931,0.0008744048279108983,-8.779047951293817e-05,0.0004186226008448722
3.9549377533429544,0.0008746314230539814,0.0002977186297394011,0.0004187636511706999
3.955602281365978,0.0008748580181973132,0.0016503601719824812,0.000418904841759267
3.9562667849327626,0.0008750846050009794,0.00031343402965740936,0.00041904617501029387
3.956931252023453,0.0008753111793670936,0.0005602351574865068,0.0004191876366290176
3.957595719114144,0.000875537753733024,0.001562336509211065,0.0004193292525513444
3.9582601862048348,0.0008757643280987559,0.0012129184393826914,0.00041947100081278895
3.958924633042902,0.0008759908955591225,0.0009686040635032239,0.00041961289480382124
3.959589058676949,0.000876217455788958,0.0007690974233918835,0.0004197549284169119
3.9602534843109956,0.0008764440160187536,0.0006444500425225046,0.0004198970979058407
3.9609179099450422,0.0008766705762487004,0.0005932507469011646,0.0004200394193120038
3.9615823117262767,0.00087689712834485,0.001221139403721509,0.000420181734585334
3.9622466959088523,0.0008767938525015793,0.0011693073459316458,0.0004203020151916474
3.9629110800914273,0.0008764162327547786,0.0011849590554527422,0.00042040390639770545
3.963575464274003,0.0008760386130077609,0.0009573926143017637,0.00042050574680139763
3.9642398210145946,0.000875661008858346,0.0014698325095042117,0.00042060764933595337
3.9649041637508704,0.0008752834126685458,0.0009053650211507364,0.0004207096362547456
3.965568506487146,0.0008749058164788605,0.00038989654708558005,0.0004208116845234373
3.966232849223422,0.0008745282202891515,0.0006078601107004477,0.0004209138174207448
3.9668972065381687,0.0008741506158131851,0.0011128235403223233,0.00042101601642066113
3.967561568750445,0.0008737730085542402,0.0007255653885458275,0.0004211183000327839
3.968225930962721,0.000873395401294317,0.0014058162217261494,0.000421220655346395
3.968890293174997,0.000873017794034998,0.0011178274644571644,0.00042132307829876074
3.9695546045387227,0.000872640215676705,0.0010123239303562867,0.00042142557016735036
3.9702189058338693,0.0008722626430408057,0.0012519618944931402,0.00042152825199157844
3.9708832071290163,0.000872137899837917,0.0007989185974583896,0.0004216474860745137
3.9715475084241634,0.0008725909355022546,0.001807631742194388,0.00042180406029538166
3.972211771561,0.0008730439451428529,0.0008855249458299219,0.0004219610527883837
3.972876031420188,0.0008734969525484974,0.001543926605130934,0.00042211822259534377
3.973540291279376,0.0008739499599540744,0.0007060696369936277,0.00042227556743229576
3.9742045508553456,0.0008744029671670718,0.000838143540713423,0.00042243308795705933
3.974868769283743,0.0008748559463175905,0.0012552337832313915,0.0004225907828379889
3.975532987712141,0.0008753089254686999,0.001755585609782962,0.0004227486418985404
3.9761972061405384,0.0008757619046195725,0.0009048759532911282,0.0004229066777985962
3.9768614207358524,0.0008762148811566798,0.0014165081153775653,0.00042306490141044565
3.977525597738628,0.0008766678320563476,0.0006788772845308216,0.000423223292190022
3.978189774741403,0.0008771207829560731,0.0006813450379102625,0.0004233818580800317
3.9788539517441786,0.000877573733855966,0.0003183588050304627,0.0004235406295933706
3.9795181322142383,0.0008780533742410908,0.0012179010462019099,0.00042370468587232097
3.9801823286984916,0.000878959302612177,0.0016660096764333238,0.00042394266685400346
3.980846525182745,0.0008798652309834173,0.0007291500890555437,0.0004241815513347899
3.981510721666998,0.0008807711593549391,0.000931359346704742,0.0004244208354026099
3.9821749021228614,0.000881677065864412,0.0007454385762918569,0.00042466051783828
3.9828390377051814,0.0008825829111687145,0.00037924280534170024,0.00042490059692652636
3.9835031732875015,0.0008834887564730398,0.00014352990909991068,0.0004251410824319708
3.9841673088698215,0.0008843946017775343,0.0006561450022134301,0.00042538196889460735
3.9848314300235237,0.0008853004274019337,0.0008648189579172038,0.00042562327369447873
3.985495524190554,0.0008862062162180982,0.0006630976446450646,0.000425864975655839
3.9861596183575845,0.0008871120050341788,0.0007224912127578955,0.00042610709172984817
3.9868237125246146,0.0008880177938502367,0.0011833971548111562,0.00042634961790070924
3.987487788746584,0.000888923558190403,0.0010577950008118888,0.0004265925488037171
3.98815184150349,0.0008898292905253518,0.0008938801940117178,0.00042683489604187846
3.9888158942603957,0.0008903675532071236,0.000819481835060763,0.0004269271139039691
3.9894799470173017,0.0008908204708540435,-5.1198180750981585e-06,0.0004269834862534126
3.9901439783236885,0.0008912733738707773,0.0005978750785389834,0.00042703963983429046
3.9908079896756337,0.0008917262632776102,0.0013219726951926249,0.00042709581562634153
3.9914720010275793,0.0008921791526845136,0.0010913295352563922,0.0004271520117280112
3.9921360123795244,0.0008926320420911816,0.0003801204235270542,0.0004272082321174657
3.99279997384459,0.0008930848974727118,0.0008985549190942981,0.00042726446166016475
3.9934639024021026,0.0008935377304094903,0.0005858644784873052,0.0004273207265399394
3.994127830959615,0.0008939905633462563,0.0003703530401176025,0.00042737700884257543
3.9947917595171276,0.000894443396283013,0.0010408002594132233,0.00042743330530408156
3.9954557298722113,0.0008948962577279808,0.0014375388557670665,0.0004274896339210317
3.9961197193126727,0.0008953491321900485,6.097435133898762e-05,0.00042754598753820517
3.996783708753134,0.0008958020066521807,0.0005019609725794875,0.00042760260478882033
3.997447698193595,0.0008962548521438397,0.0007567040411490147,0.0004276967746588495
3.998111593812481,0.0008967076111474979,0.0013363883944992505,0.00042782025498637694
3.9987754614870448,0.0008971603510935912,0.0009344197495097782,0.0004279440382725415
3.9994393291616084,0.0008976130910399014,0.0004325266808518165,0.0004280680225228349
4.0001031968361715,0.0008980658309862437,0.0004763363074471735,0.00042820803550775203
4.000767062461295,0.0008985185695347544,0.0006935893402404243,0.0004284318115785627
4.001430927737428,0.0008989713078453663,0.0007222373667537618,0.00042865648949556227
4.002094793013561,0.0008994240461560012,0.0005734945611758609,0.0004288815348273927
4.002758658289694,0.0008998767844666373,0.00041162945276786075,0.00042910692175623965
4.003422562372445,0.0009003295492423898,0.0009327052276852562,0.00042933269181175013
4.004086469031527,0.0009007823157750377,0.0008481320423466005,0.00042955880919349934
4.00475037569061,0.0009012350823077286,0.0002085736679981623,0.00042978528346791686
4.005414278884857,0.0009016878464774737,0.0017445784998422788,0.0004300123653468072
4.006078022417861,0.0009019531607552965,0.0008419032635347157,0.0004302758078937282
4.006741765950866,0.0009018022585082806,0.0013633252288949697,0.00043061913960772754
4.007405509483871,0.0009016513562614533,0.0013389082961406372,0.0004309638078956541
4.008069261414426,0.000901500452105375,0.00042517519950472765,0.0004313093166024892
4.008733085312769,0.0009013495315873507,0.000782767918620314,0.0004316556855194085
4.009396909211111,0.0009011986110693256,0.0016736492948956115,0.00043200289963724276
4.010060733109452,0.0009010476905513846,0.00043276285896380015,0.0004323509459016688
4.010724526426435,0.0009008967769861814,0.000836308600985931,0.00043269982391156266
4.011388187224191,0.0009007458935492168,-0.00016628286023657893,0.000433049471651043
4.012051848021947,0.000900595010112027,0.0009716117981327693,0.00043339996894427725
4.012715508819704,0.0009004441266750426,0.000590620096973474,0.0004337513290526944
4.013379180157245,0.0009002932408418475,0.000648991906938796,0.0004341035334464906
4.0140428799531565,0.0009001423485386002,0.00047906013103709297,0.0004344564824994725
4.014706579749069,0.0008999658288255066,0.0011811832322428362,0.0004347860458375328
4.015370279544981,0.0008993623282154863,0.0019860383852919063,0.00043475256249914026
4.0160339939227265,0.0008987588143461917,0.0009072099290727489,0.0004347166617906843
4.016697735080959,0.0008981552761254993,0.0010358096001858782,0.0004346807558819201
4.017361476239191,0.000897551737904887,0.000858853078697169,0.000434644872341069
4.018025217397424,0.0008969481996840452,0.0009625000762495013,0.0004346089966488122
4.018688887608432,0.0008963447259756159,0.0009623807093039678,0.00043457313430304796
4.019352465691563,0.0008957413360385606,0.001356175097275012,0.00043453727214012703
4.020016043774694,0.0008951379461016439,0.0004400979780887555,0.00043450142889207095
4.020679621857825,0.0008945345561646912,0.000712041872848993,0.00043446559851902935
4.021343241511646,0.0008939311284278036,0.0007190260308317164,0.00043442977120985635
4.022006899950393,0.0008933276654235173,0.0005302750761309841,0.0004343939544758687
4.022670558389139,0.0008927242024194096,0.0013133625264942145,0.0004343581322761331
4.023334216827885,0.0008921207394155226,0.0015694875180047461,0.0004343230371708943
4.023997777540354,0.000890672754502363,0.0007204724914872787,0.00043439337482522564
4.0246612729294755,0.0008890136389577968,0.0006507620640621644,0.00043449080488658305
4.025324768318596,0.0008873545234134162,0.000646988089622234,0.000434588472884746
4.025988263707717,0.0008856954078688482,0.0005623900412670374,0.00043468619831351355
4.026651785667942,0.0008840362258814288,0.0004843742349639225,0.0004347839976303865
4.02731532006611,0.0008823770127922297,3.1973211804213085e-05,0.00043488186498822
4.027978854464278,0.0008807177997029558,0.0006724442557832711,0.00043497980920251765
4.028642388862447,0.0008790585866136715,0.0009210946626845009,0.00043507780866198885
4.029305923260615,0.0008773993735242044,0.000991636057676887,0.0004351758727750275
4.029969457658783,0.0008757401604350158,0.0012524210939826043,0.0004352740002338228
4.030632992056952,0.000874080947345622,0.0010357827582858255,0.00043537219602933063
4.031296526455121,0.0008724217342563435,0.0003836332743577382,0.0004354704578558537
4.031959923312399,0.0008707628650975102,0.0010507854649696121,0.000435568986322687
4.032623294699142,0.0008696741664666975,0.0006189254979273653,0.0004356999843039489
4.033286666085885,0.0008690708959092014,0.001391325956616093,0.0004358587755880852
4.033950037472628,0.0008684676253517269,0.00015925487349146,0.0004360179441812053
4.03461352138486,0.0008678642524635469,0.0011086077568540351,0.0004361773001371345
4.035277014446472,0.0008672608712546784,0.0007590041056401768,0.00043633684053688836
4.0359405075080845,0.0008666574900460915,-0.00040481689034046217,0.00043649655712906703
4.036603999614626,0.0008660541097058901,0.0010575583360196838,0.0004366564468773564
4.037267329677543,0.0008654508767283253,0.0010681640877270116,0.0004368164745688999
4.03793065974046,0.0008648476437509456,0.0008554957490399882,0.0004369766661276601
4.038593989803376,0.0008642444107734592,0.0011095543754737502,0.00043713704276616836
4.039257319667295,0.000863641177976834,0.0012838360635015933,0.00043729759857283183
4.039920647434174,0.0008630379470872266,0.0015819014467006723,0.00043745832849705985
4.040583975201052,0.0008624347161977944,0.001279442099051813,0.0004376192978574819
4.041247302967931,0.0008621474335957341,0.0001663520394676603,0.00043779084585262966
4.041910637624165,0.0008626752061115784,0.0003630190092148215,0.0004379890383915843
4.042574006707005,0.0008632030060182796,0.0004084436725551419,0.0004381877041456355
4.043237375789846,0.000863730805925077,-1.4337579950701403e-05,0.0004383866297794646
4.043900744872686,0.0008642586058320344,0.00023924060342041167,0.0004385858220049695
4.04456407369282,0.0008647863737042498,0.0007971846318520512,0.0004387852846179224
4.045227279815141,0.0008653140439537758,3.432280022138941e-05,0.0004389849818987469
4.045890485937464,0.000865841714203375,0.0009380154620947937,0.0004391849516236378
4.046553692059786,0.0008663693844532309,0.001346872490647245,0.0004393851930661448
4.047216924463165,0.0008668970756128902,0.0003999509679872827,0.0004395857138475327
4.047880210919228,0.0008674248097787705,0.0010180802140288925,0.0004397865299399506
4.048543497375291,0.0008679525439449331,0.00029981271195623745,0.0004399876181677982
4.0492067838313535,0.0008684802781108899,0.0008350706744916919,0.00044018898239609004
4.0498700039757045,0.0008690022744061637,0.000478120211071263,0.0004403890753340544
4.05053312749669,0.0008691530356932191,0.0012637270475616266,0.00044052006635629174
4.051196251017677,0.0008693037969801793,0.0010563399075654686,0.00044065071120687036
4.0518593745386635,0.0008694545582671859,0.0009433258526952092,0.0004407814644171601
4.0525225170522665,0.000869605323872298,0.0002399817911779336,0.0004409123429524142
4.0531856796067505,0.0008697560940335281,0.0013223298229461233,0.00044104335238443973
4.0538488421612335,0.0008699068641948192,0.0006150825181531852,0.00044117447026976124
4.054512004715717,0.0008700576343562527,0.0010207056415801657,0.00044130570302892904
4.055175190629917,0.0008702084098284045,0.0007142186186152698,0.0004414370549413974
4.055838394479783,0.0008703591893782447,0.00049704534272212,0.0004415685367433926
4.056501598329649,0.0008705099689278439,0.0012256414301566611,0.0004417001224470983
4.057164802179515,0.0008706607484777394,0.0009467247825535456,0.00044183183892667396
4.057827900949481,0.0008708115041376448,0.0011417075947449614,0.0004419636433726282
4.058490941889705,0.0008709622466498297,0.0003875334192204372,0.00044209604602102185
4.059153982829929,0.0008708305355205999,0.0014022609144404637,0.0004423008999647697
4.059817023770153,0.0008706044474527458,0.00014460314782647826,0.000442530657891621
4.060480122874694,0.0008703783395516847,0.0005903039679034482,0.00044276096872065984
4.061143244138936,0.0008701522240944305,0.0011384734761070174,0.00044299165196189853
4.061806365403179,0.0008699261086373165,0.0007106830075927754,0.00044322268193773047
4.062469486667421,0.0008696999931799871,0.0009253267310281647,0.0004434540781945128
4.063132477139138,0.0008694739223213013,0.0007991616270945522,0.0004436857896735366
4.0637954355191654,0.0008692478624053388,0.0007742644909063395,0.0004439178637953026
4.064458393899193,0.0008690218024895406,0.0006906990238556309,0.00044415029765669105
4.0651213522792204,0.0008687957425735844,0.0010488548405027248,0.00044438308535875177
4.065784345080416,0.0008685696709204683,0.0012282780132100114,0.0004446162676444061
4.06644734250478,0.0008683435976911105,0.0009922901885856604,0.00044484980791386665
4.067110339929146,0.0008681175244615291,0.0009801158768037868,0.0004450837882280856
4.06777333735351,0.0008678552683092858,0.0004743886471495084,0.0004453287626315577
4.068436334777876,0.0008675538373368173,0.0008452587068652137,0.00044558564885574433
4.06909933220224,0.0008672524063640598,0.0007156851497358667,0.0004458430714934512
4.069762329626606,0.0008669509753914258,0.0014833691853894664,0.0004461009276288949
4.0704253208885826,0.0008666495472204007,0.0009528316032623966,0.0004463592296718469
4.071088155466858,0.0008663481902854607,0.001160471162192745,0.0004466179164595326
4.071750990045134,0.0008660468333505876,0.0009161268782822826,0.00044687705566739597
4.07241382462341,0.0008657454764159209,0.000942908267734645,0.0004471366553037287
4.073076668495587,0.0008654441152554438,0.0010778247363431087,0.00044739669600499433
4.073739583385728,0.0008651427218068405,0.0016674700003575602,0.0004476572302082113
4.074402498275869,0.0008648413283582337,0.0012915589154854903,0.0004479182040042975
4.075065413166009,0.0008645399349098192,0.0008268840450672156,0.00044817965231539505
4.075728304549675,0.0008642385521482803,0.00048622319255431373,0.000448441218118554
4.0763910978709745,0.0008639215085419999,0.0013365010648093486,0.00044865394126867994
4.077053891192274,0.000863544793001974,0.0008150140935338029,0.00044868395788429837
4.077716684513574,0.0008631680774619663,0.0013847731694739702,0.00044871277136309334
4.078379499598417,0.0008627913495518273,0.0007075929565430349,0.00044874157593559783
4.07904237322915,0.0008624145883658724,0.0004762185357080122,0.0004487704008502855
4.079705246859884,0.0008620378271797001,0.001016762354788077,0.0004487992194996569
4.080368120490618,0.0008616610659937011,0.0011768003001719311,0.0004488280554748754
4.081030937400896,0.0008612843370462114,0.001252442397147912,0.0004488568851542856
4.081693648223649,0.0008609076683963344,0.0010173007024682774,0.00044888572852584414
4.082356359046402,0.0008605309997462272,0.001176368680648862,0.00044891456920023715
4.083019069869156,0.0008601543310963749,0.0005055862712810541,0.0004489434153962237
4.083681779764961,0.000859777662973106,0.0004972877628663518,0.00044897226358580624
4.084344488409414,0.000859400995561317,0.0014819895152593805,0.0004490011209866903
4.085007197053867,0.0008590243281495058,0.0006258714958409905,0.0004490310989785657
4.085669905698319,0.0008592818393719647,0.0006084494457692635,0.00044922873070698784
4.086332635042752,0.0008595831484623192,0.0012948143280937699,0.00044943935489819475
4.086995384926075,0.0008598844668906534,0.0011584647744903426,0.0004496503544855033
4.087658134809398,0.0008601857853190827,0.0014535690697879734,0.0004498616417663789
4.088320884692721,0.0008604871037475169,0.00013728552968912742,0.00045007323696579876
4.088983540395224,0.0008607883793568562,0.00036917350010991126,0.00045028510700716477
4.089646127508659,0.0008610896237820709,0.0009872798319281086,0.0004504972434880919
4.0903087146220924,0.0008613908682073834,0.00029631224766899834,0.0004507096762380842
4.090971301735527,0.0008616921126327448,0.00044906516006879227,0.00045092242631662185
4.091633941446032,0.0008619933809711946,0.0007723681595280511,0.0004511354796323588
4.0922966088567465,0.0008622946619034401,0.00012274497616809887,0.00045134885821404943
4.09295927626746,0.0008625959428357748,0.0007433029848881161,0.00045156252310192346
4.0936219436781744,0.0008628972237681679,0.001356814126921393,0.00045177593237965657
4.094284492089917,0.0008632480914458055,0.0005101132701342744,0.00045190410753104894
4.094946996756128,0.0008636246429213952,0.00021476007901749105,0.00045198765922872065
4.095609501422338,0.0008640011943971162,0.0014465635492543734,0.00045207096327231147
4.096272006088548,0.0008643777458726103,0.0010742017275230077,0.0004521543224625131
4.09693454229257,0.0008647543152737043,0.000870767788990977,0.00045223771933525545
4.09759708603285,0.0008651308889580406,0.0011759239039714152,0.0004523211740183665
4.098259629773129,0.0008655074626425074,0.001561653253468224,0.0004524046663161316
4.09892217351341,0.0008658840363268883,0.0006336930476008826,0.0004524882140788704
4.0995847536317,0.000866260630687526,0.0008978643425102595,0.0004525718082147915
4.100247338590329,0.0008666372277995134,0.0010995009526776514,0.00045265543969042133
4.100909923548958,0.0008670138249113722,0.0007948109396414198,0.0004527391273492482
4.101572508507586,0.000867390422023184,0.0004659084711672128,0.00045282286093063784
4.1022349375402944,0.0008677669305103969,0.001034008016448117,0.0004529070198236298
4.102897359779797,0.0008679139486998107,0.0003675866794421574,0.0004530520035860505
4.103559782019299,0.0008676880716005785,0.0008776765097738552,0.0004532953568174094
4.104222206963803,0.0008674621935790492,0.0004705706533275231,0.00045353975315539366
4.104884709490861,0.0008672362891028694,0.0009881713897939121,0.0004537845743471075
4.10554721201792,0.0008670103846268499,0.001374946636361769,0.00045402978553665563
4.106209714544979,0.0008667844801506491,0.000866535099865895,0.0004542754119811596
4.106872199356848,0.0008665585817151249,0.0007062445917089815,0.0004545214192735029
4.107534539190151,0.0008663327327152535,0.000382327420485491,0.0004547677632519937
4.1081968790234535,0.0008661068837155076,0.001031640873640554,0.00045501452133794195
4.108859218856756,0.0008658810347159506,0.0007019192072257362,0.00045526168291724347
4.109521565875334,0.0008656551832660114,0.0010042442984456712,0.0004555092454271407
4.110183944793489,0.0008654293209388745,0.00010906617694062969,0.00045575721960577946
4.110846323711643,0.0008652034586115335,0.00041823141703352005,0.0004560054206709848
4.111508702629797,0.0008649626562295448,0.000824853875413666,0.0004562251954351617
4.112171081547951,0.0008645861762260129,0.0010464833366380095,0.0004561980902779371
4.112833460466105,0.000864209696222447,0.0005928285805934844,0.0004561693505989235
4.113495839384259,0.0008638332162190352,-1.8493758253275015e-05,0.0004561406166182659
4.114158218302413,0.0008634567362154213,0.0010062772107242712,0.000456111887349717
4.114820543094654,0.0008630802869758434,0.000929779405859208,0.00045608315517800546
4.115482759357092,0.0008627038994218521,0.001127336842478922,0.00045605444295542354
4.116144975619529,0.0008623275118679498,0.0015678787016383056,0.000456025735171751
4.116807191881968,0.0008619511243140555,0.001039948378759459,0.0004559970365327596
4.117469440815083,0.0008615747181907475,6.647376960030856e-05,0.00045596833866492624
4.118131737352923,0.0008611982850102055,0.0011174628920895056,0.0004559396349678071
4.1187940338907625,0.0008608218518297142,0.0008730309480109806,0.00045591094871909516
4.119456330428601,0.0008604454186491502,2.2383500330750198e-05,0.0004558822672741632
4.1201185487482235,0.0008600690299259328,0.0014778016746211375,0.00045585436321772565
4.120780682655698,0.0008593854482204552,0.0007998674751579694,0.0004559418032666729
4.121442816563172,0.0008586328522809926,0.0010109536482256275,0.00045605595670519274
4.122104950470646,0.0008578802563416938,0.0010600176079701086,0.0004561703743494117
4.122767106065463,0.0008571276357518166,0.001059760126253988,0.0004562848870964503
4.123429279071245,0.0008563749953725546,0.0006037016971387498,0.0004563994761625559
4.124091452077027,0.0008556223549931809,0.0005965913325573935,0.00045651416519780247
4.12475362508281,0.0008548697146138318,0.00164349167629516,0.0004566289273122793
4.125415823941858,0.0008541170448490003,0.0010538974305839932,0.0004567437885494333
4.126078038119872,0.0008533643576724515,0.000492332092885946,0.00045685873600064767
4.126740252297886,0.0008526116704956972,-1.646641175707844e-05,0.0004569737736378549
4.127402466475901,0.0008518589833190313,0.00046457680482014344,0.0004570888948470264
4.128064566600147,0.0008511064257784417,0.0012676489677994124,0.00045720408510209205
4.12872661817314,0.0008503539234222858,0.001227679002003865,0.00045732003544052177
4.129388669746131,0.0008496811368527786,0.0012096188842325522,0.00045754027046186134
4.130050721319123,0.0008490791349679981,0.0004221888794766954,0.00045785367941699693
4.130712835070581,0.0008484770765440428,0.0009599992242408104,0.0004581683835936537
4.1313749669092505,0.0008478750016738057,0.0008766087708349526,0.0004584837321875742
4.13203709874792,0.0008472729268033769,0.0011536154328520194,0.00045879974152484584
4.1326992305865895,0.0008466708519331291,0.0012608412057719134,0.000459116406094914
4.133361224613571,0.0008460689023745772,-7.123558966851324e-05,0.0004594336554284504
4.1340231938725545,0.0008454669753375556,0.00027747782349894334,0.00045975155912551666
4.134685163131538,0.0008448650483005025,0.001655925310161929,0.00046007010452006093
4.13534713239052,0.0008442631212634652,0.0009759003107832057,0.0004603893294193661
4.136009137645875,0.0008436611614950973,0.001043604969954237,0.0004607092238946689
4.136671146013914,0.0008430591988961233,0.0007031299311363354,0.00046102978777285824
4.137333154381952,0.0008424572362973686,0.001200001961703239,0.0004613504730458597
4.13799516274999,0.0008420723713766524,0.0012534922981426516,0.0004615864614078469
4.138657171118028,0.0008423733868901189,0.0008364823720794613,0.00046155803506656824
4.139319179486066,0.0008426744024036786,0.0001913374689134829,0.00046152783684876497
4.139981187854104,0.0008429754179170534,0.00036355184116124086,0.00046149766240039983
4.140643185666456,0.0008432764286309307,0.0007553262522420285,0.00046146747953290646
4.141305031492798,0.0008435773702365605,0.00033743465285401234,0.000461437321658588
4.141966877319138,0.0008438783118423302,0.0006581699828313904,0.00046140715584309434
4.14262872314548,0.0008441792534481315,0.0010691493174554796,0.00046137700894249845
4.143290579963575,0.0008444802000515925,0.0006973291557064642,0.00046134686870435195
4.143952506043438,0.0008447811781487355,0.000603962825784507,0.0004613167165135795
4.144614432123301,0.0008450821562457819,0.0018726321893315777,0.0004612865834915444
4.145276358203165,0.0008453831343426383,0.0008852443429656006,0.0004612564424997202
4.145938250359321,0.0008456840970145674,0.00042614032800189126,0.00046122632754324797
4.146600013922804,0.0008459850012153106,0.0008872545473113114,0.00046119695001312544
4.147261777486286,0.0008462858729195149,0.0011935885154776976,0.000461279435794446
4.147923541049769,0.0008465867429187328,0.0009554951791727051,0.0004613685896170402
4.14858531557824,0.0008468876179032272,0.001520980701567519,0.00046145783659089717
4.14924711826419,0.0008471885056896131,0.0006394931740383948,0.0004615471191814064
4.149908920950141,0.0008474893934758435,0.0010546590545205262,0.0004616364711537012
4.150570723636092,0.0008477902812622189,0.0009893507239536045,0.00046172587029855237
4.151232540770428,0.0008480911756173477,0.001698923929015942,0.00046181532531566375
4.151894384582571,0.000848392082101672,0.0008168025466197778,0.0004619048461041822
4.1525562283947135,0.0008486929885858628,0.0002171260443560801,0.00046199440594073396
4.153218072206856,0.0008489938950701289,0.0002907878680116732,0.0004620840142805608
4.153879847349066,0.0008492947703337017,0.0004931370288061775,0.00046217367688528363
4.154541528670137,0.0008495956029417001,0.0013563854916918772,0.00046226336901663304
4.155203209991209,0.0008498964355495468,0.0010148219571446413,0.0004623537175669462
4.15586489131228,0.000850838484973033,9.191012406564725e-05,0.0004625340941879996
4.15652661224589,0.000852117245445002,0.0003035108639408182,0.00046276244889160593
4.157188373810759,0.0008533960844359107,0.0006501197821733745,0.00046299145837562066
4.157850135375628,0.0008546749234268733,0.0011031069624756061,0.00046322082450837767
4.158511896940497,0.0008559537624176259,0.0019574258033543137,0.00046345052697478967
4.159173566801054,0.0008572324241920115,0.00017620035061623174,0.0004636805362154839
4.159835165900153,0.0008585109492215977,0.0012247090927412216,0.00046391086292414376
4.160496764999253,0.0008597894742510728,0.0005401837415829923,0.00046414155038335136
4.161158364098351,0.0008610679992806941,-0.00010557379424742572,0.00046437256364042335
4.161819961948089,0.0008623465218957062,0.0008585630269856969,0.00046460394224884406
4.16248155907972,0.0008636250431232733,0.0013606433664785527,0.0004648356512388493
4.163143156211351,0.0008649035643506175,0.00023512973148603325,0.00046506770551653007
4.1638047533429825,0.0008661820855780432,0.001346689029046601,0.0004653000381515325
4.1644663794437475,0.000867433515696674,0.0007663422327847694,0.00046551889263215563
4.165128017676027,0.0008686367677673583,0.00153817121859587,0.0004657137100207634
4.1657896559083065,0.0008698400198376612,0.0014299666892968008,0.00046590858999337475
4.166451294140585,0.0008710432719081707,0.0012795434837656588,0.0004661037299468657
4.167112806507157,0.0008722462950799943,0.0008327672875058822,0.0004662990821009103
4.167774282311605,0.0008734492517601935,0.0002655483137580215,0.0004664946651728668
4.168435758116053,0.0008746522084401649,0.0011533709894253124,0.0004666904928891368
4.169097233920501,0.0008758551651202114,0.0011395980569746645,0.0004668865706863128
4.169758777498747,0.0008770582450534089,0.0005067796583282551,0.00046708290154689975
4.170420333534836,0.0008782613476423236,0.0014302771050765635,0.00046727949983262426
4.171081889570925,0.000879464450231229,0.001250099920245477,0.0004674763492356283
4.171743445607015,0.0008806675528200966,0.000851136886747985,0.00046767344202618247
4.172404853157375,0.0008818703853736857,0.0015192768073893246,0.0004678707389915919
4.173066246790915,0.0008829496800748705,0.0004629131825970563,0.00046806658885148027
4.173727640424456,0.000882122750094555,0.0005050245871908953,0.0004682392293426934
4.174389034057996,0.000881295820113818,4.470240781723081e-05,0.0004684118900789618
4.175050506606012,0.0008804687914677144,-6.373476681260405e-05,0.0004685847646165214
4.175711980466332,0.000879641761180965,0.0012839931288702387,0.0004687578433835847
4.176373454326651,0.0008788147308941092,0.0005772111235324807,0.0004689310962579098
4.177034919624106,0.0008779877113133663,0.0008636260720809669,0.00046910454816670764
4.177696231107151,0.0008771608840441212,0.0010803562644218824,0.00046927813871255425
4.178357542590197,0.0008763340567751847,0.0008295077938864907,0.00046945193587813824
4.1790188540732425,0.0008755072295059202,0.0011140860800320682,0.00046962591577070383
4.179680170316455,0.0008746803962853861,0.001254365714671319,0.00046980010103894884
4.18034152095139,0.0008738535200652167,0.0009417047682435883,0.0004699744824560658
4.181002871586325,0.0008730266438453451,-0.0002179491584665379,0.0004701490601362191
4.1816642222212606,0.0008721997676251107,0.0017012371194425184,0.0004703231797363219
4.182325572856196,0.0008719999999999454,0.0015731562433349447,0.00047040132359375694
4.182986923491131,0.0008719999999999107,0.0013413764451514147,0.0004704482772509411
4.183648274126067,0.0008719999999999196,0.0009104465263133198,0.0004704950551295476
4.184309624761003,0.0008719999999999963,0.0007950107209633867,0.00047054184029719944
4.1849709440687075,0.0008719999999999113,0.0007724267732300923,0.0004705886391795711
4.185632173421664,0.0008719999999999322,0.00048684870881435,0.00047063543711484303
4.186293402774619,0.0008719999999999012,0.0012741486163741628,0.00047068224933171846
4.186954632127575,0.000872000000000075,0.0014371805826971695,0.0004707290912125197
4.187615887684246,0.0008720000000000444,0.0009112623283069143,0.000470775934506071
4.188277197254256,0.0008719999999999758,0.0006564548286717042,0.00047082280346029707
4.188938506824265,0.0008719999999999552,0.0009237835695378599,0.0004708696865572052
4.189599816394274,0.0008720000000000313,0.0007618085447304972,0.00047091657173216995
4.190261061881679,0.0008719999999999847,-1.3028782897366075e-05,0.0004709642543020487
4.190922209124943,0.00087247930526813,0.0007414363183059383,0.0004711288419147426
4.191583356368206,0.000873531369533451,0.0011237291495505507,0.000471433209770967
4.1922445036114695,0.0008745834337986057,0.0011190548404196893,0.0004717391116675806
4.192905649984043,0.0008756354966783747,0.0013495431818201077,0.00047204560650869785
4.193566795345332,0.0008766875579488656,0.0002519070147009204,0.00047235270375152325
4.194227940706621,0.0008777396192194503,0.0008324544177971902,0.0004726603986692834
4.19488908606791,0.000878791680489915,0.0011101850412849573,0.00047296868973421277
4.195550253173984,0.0008798437763623805,0.001130195588400482,0.0004732776042639092
4.196211439579806,0.0008808959029458745,-0.0001438962941286301,0.000473587134087426
4.1968726259856295,0.000881948029529402,0.0016928166641380533,0.0004738972684891773
4.197533812391453,0.0008830001561127838,0.0011680195084453591,0.00047420802458240864
4.198194901883562,0.0008840521284803921,0.0008947887471987742,0.00047451933250251805
4.1988559260005145,0.0008851039968183316,0.0008731559268281012,0.0004748317781470023
4.199516950117468,0.0008862560932934737,0.0007071822944658736,0.0004752298235032727
4.200177974234421,0.0008879843591442284,0.001276620672388993,0.0004761018686767187
4.20083905163202,0.0008897127642986821,0.001624983670749047,0.0004769820034607031
4.20150015595387,0.0008914412398476148,0.0008332403003071486,0.0004778670604793126
4.2021612602757195,0.0008931697153965849,0.0008320807484360192,0.0004787570715261442
4.202822364597569,0.0008948981909451308,0.00041517133012157156,0.0004796520745593702
4.203483350272063,0.0008966263562871593,0.0008734956840838327,0.00048055195998713456
4.204144292330285,0.0008983544075931682,0.00015644634032947562,0.0004814568752452358
4.204805234388505,0.0009000824588991973,0.0011625608114568774,0.0004823669185891059
4.205466176446727,0.0009018105102052673,0.0016973735166633426,0.00048328214999566197
4.206127149761482,0.0009035386432321212,0.0011406259930631863,0.00048420265882028444
4.206788130995578,0.0009052667969647308,0.0010216948939569986,0.00048512845840971625
4.207449112229675,0.0009069949506970273,0.001016923782074973,0.0004860595904668509
4.208110093463771,0.0009087231044295907,0.0010281283871427008,0.00048698723384398544
4.208771074697868,0.0009070441787185773,0.002189413030367773,0.0004865876495628924
4.209432055931965,0.0009047151927835681,0.0007163966234026629,0.0004859281647104046
4.210093037166062,0.0009023862068484501,0.000381066913476929,0.0004852696801929985
4.210754018400158,0.0009000572209133186,0.0016050194734431068,0.00048461387418641965
4.211414848735762,0.0008977287666732512,0.0010252491186861848,0.000483960863585108
4.212075667744078,0.000895400352345255,0.0014246092010206021,0.0004833105096432921
4.2127364867523935,0.0008930719380173097,0.0012565677086021606,0.0004826627710912362
4.21339730576071,0.0008907435236894384,0.0020395343969300357,0.00048201763775609696
4.214058204648512,0.0008884148279036726,0.001124633995485546,0.0004813749989626287
4.214719103849567,0.0008860861310143889,0.0007078771065002109,0.00048073493260598795
4.215380003050622,0.0008837574341249971,0.00027692675022378645,0.0004800974277990852
4.21604089223294,0.0008814287725366532,0.000761836071610482,0.00047946245741045093
4.216701629233437,0.0008791006471656854,0.0014376006369308204,0.000478832278158449
4.2173623662339335,0.0008773268667905409,0.0021227926848532636,0.00047852513028965563
4.21802310323443,0.0008760501528773986,0.0012561878905051854,0.00047850640151861644
4.218683845219681,0.0008747734293323902,0.0003695105407368369,0.0004784895895561068
4.219344621409345,0.0008734966396956852,0.0024109423552526434,0.00047847277725158565
4.220005397599008,0.0008722198500587707,0.001180860384735397,0.00047845596962774547
4.220666173788673,0.0008709430604221125,0.0005305277402548794,0.00047843915962964576
4.221326949978336,0.0008696662707852451,0.000784454709204993,0.00047842235560431785
4.221987726168,0.0008683894811484558,0.0012758225186144823,0.00047840555056174246
4.222648502357663,0.0008671126915116674,0.0013039027981245526,0.00047838874655188135
4.223309278547328,0.0008658359018750493,0.0017140217825636042,0.00047837193707872343
4.223970013048182,0.0008645591927916461,-0.0003738356289344879,0.00047835514461593703
4.224630627075106,0.0008632827164950365,0.0008035881611163823,0.00047833834694823325
4.225291241102031,0.0008620062401984813,0.0006306896927317306,0.00047832184628068434
4.225951855128955,0.0008610476941441459,0.000731171763358242,0.0004783500603029803
4.226612494956175,0.0008612729890721803,0.0011007303303719883,0.00047854116726290055
4.227273189163681,0.0008614983025453803,0.001218521457635227,0.00047873360272398293
4.227933883371188,0.000861723616018291,0.0006440725679356033,0.0004789262732959486
4.2285945775786935,0.0008619489294914681,0.0005885885683689046,0.00047911917398681515
4.229255209163743,0.0008621742216087618,0.0011663087745225266,0.0004793122914085287
4.2299157412337145,0.0008623994797886977,0.000659255184322251,0.00047950561249346396
4.230576273303686,0.000862624737968701,0.0012874985472118516,0.00047969916397999776
4.231236805373656,0.0008628499961487796,0.001798058438820581,0.0004798929550575983
4.2318973551019505,0.0008630752603509133,0.00044111753490332485,0.000480086988859223
4.232557926374357,0.0008633005318997218,0.0010080212855911148,0.0004802812628130722
4.233218497646762,0.0008635258034488498,0.0011334981630830576,0.00048047576921037124
4.233879068919168,0.0008637510749980135,0.0005084227418876183,0.0004806705148413989
4.234539661258403,0.0008639763537313167,0.0008329154888278003,0.0004808663812244099
4.235200273504093,0.0008724678860554414,0.0009167711036407961,0.00048119072554347696
4.235860885749782,0.0008819288025087289,0.0008235520468306905,0.00048153168856731004
4.236521497995471,0.0008913897189623566,0.0007830601705882461,0.0004818734868107783
4.237182016519964,0.000900849293193187,0.0009300946776500567,0.0004822159847191396
4.237842466653314,0.0009103078879651664,0.0008681694554034925,0.00048255917674820085
4.238502916786664,0.000919766482736968,0.001379729226314385,0.00048290312523907667
4.239163366920014,0.0009292250775086671,0.0002561163735745965,0.00048324781537187523
4.239823868510682,0.0009386844092232235,0.002000093568077629,0.0004835932777294877
4.240484398814887,0.0009481441521568454,0.0005599108362831757,0.00048393951647498286
4.241144929119092,0.0009576038950904829,0.0008517528606317427,0.00048428650070420916
4.241805459423297,0.0009670636380240052,0.0004177227828131726,0.0004846342488078769
4.242465875403826,0.0009765217436783599,0.001334194201627537,0.00048498270258333495
4.24312624362088,0.0009859791652909566,0.0010184163368423392,0.00048533104802173625
4.243786611837934,0.0009879286838444404,0.0010258783360105144,0.0004855571880061748
4.244446980054988,0.0009843254470114147,0.00122195450469597,0.0004856922341297603
4.245107346938716,0.0009807222174540633,-6.832670719654314e-05,0.00048582678081934415
4.245767713420921,0.000977118990087073,0.0005527466685789879,0.00048596142503583387
4.246428079903126,0.0009735157627203061,0.0005322472082695225,0.00048609619195080864
4.24708844638533,0.0009699125353533961,0.0005927736774660227,0.0004862310574525776
4.247748846897464,0.0009663091223056108,0.000668722809448409,0.0004863660536771937
4.248409254327551,0.0009627056715105926,-0.00047218176634899057,0.00048650115753103143
4.249069661757637,0.0009591022207153939,0.001263767742185261,0.00048663636939629354
4.249730069187723,0.0009554987699202921,-0.00024001923887760352,0.00048677126582382854
4.250390331778261,0.0009518961094286182,0.001332402271172966,0.00048684190848589297
4.251050577158966,0.0009482935428406196,0.00036469374596070545,0.00048686786518755933
4.25171082253967,0.0009446909762528468,0.0010805652605213201,0.00048689364254174774
4.252371067920374,0.0009448104173919097,0.0002511149180599003,0.0004869350923300308
4.253031389956747,0.0009559183579900984,0.0005113750584667878,0.0004870219668434523
4.2536917154961476,0.0009670263575164955,-4.521328415465608e-05,0.00048710922596087366
4.254352041035549,0.0009781343570426676,0.0010410340600818648,0.0004871965301180313
4.255012363568641,0.0009892423059966737,0.0021915139643869245,0.0004872838895977454
4.2556725270838305,0.0010003475799509238,0.0017552429403480483,0.0004873712810479963
4.256332690599019,0.0010114528539050614,0.0010546030196891844,0.00048745871674175565
4.256992854114208,0.001022558127858889,0.0010726811544378735,0.00048754619805849034
4.257653017492737,0.0010336633995141446,0.0014316325871007482,0.00048763373474074867
4.2583131793116795,0.0010447686449338775,0.0011603265797305422,0.00048772133148684583
4.2589733411306225,0.001055873890353721,0.0014483598396244656,0.00048780896908979165
4.259633502949565,0.0010669791357736317,0.0012322754058165417,0.0004878966523598526
4.260293670573189,0.0010780844788397172,0.0011452810960450948,0.00048798439822452807
4.260953873314634,0.0010891904126580719,0.0006102143776456855,0.0004880732925735176
4.2616140760560794,0.0010890955911878714,0.0006640621779867273,0.0004883320676531284
4.262274278797525,0.0010881200699742336,0.0004895353990906762,0.0004886057363348721
4.262934448595921,0.0010871445974372277,0.001047370957523663,0.0004888799342286404
4.263594489350895,0.0010861693155762206,0.0010872460030168349,0.0004891545481043323
4.26425453010587,0.0010851940337148287,0.0012854530306502339,0.0004894296115770955
4.264914570860844,0.001084218751853663,0.0020415135804090615,0.0004897051438977818
4.265574632826475,0.0010832434386515567,0.0012686796127299993,0.0004899811525144417
4.2662347537279866,0.001082268038365097,0.0007499481579437146,0.0004902576545012602
4.266894874629499,0.0010812926380787942,0.0011942084734969166,0.0004905346126928437
4.267554995531011,0.001080317237792271,0.0012418702765786588,0.0004908120495384926
4.268215063684379,0.001079341915446997,0.00044496421800357597,0.0004910899274778516
4.268875022624571,0.0010783667544760657,0.0015721696280318533,0.0004913682363272492
4.269534981564763,0.0010773915935052172,-6.236403212985073e-05,0.0004916462315778295
4.270194940504956,0.0010757429425782596,0.0006246415158304808,0.0004918054401007655
4.270854914610202,0.0010736423088452815,0.00040385208887898177,0.0004918843313913379
4.271514912789851,0.0010715415984862708,0.0006956720771571474,0.0004919627175963419
4.2721749109694995,0.0010694408881272537,0.0017999007622757138,0.000492041149352813
4.272834909149149,0.001067340177767827,0.001251245495896932,0.000492119617380056
4.273494907328798,0.0010652394674087022,0.0007776797566569348,0.0004921981195035881
4.274154905508448,0.0010631387570493728,0.0006780302103372313,0.0004922766648819922
4.274814903688097,0.0010610380466899614,0.000728073264832493,0.0004923552360594184
4.275474901867746,0.0010589373363307944,0.0010098703128950308,0.0004924338524022648
4.27613481793916,0.0010568368873142813,0.000529470948674324,0.0004925124973179056
4.276794654195202,0.0010547366923421948,0.0005495963991846501,0.000492591166621189
4.277454490451243,0.0010526364973701293,0.0008098728897760987,0.0004926698719275027
4.278114326707285,0.001050536302398085,0.00046710669034038795,0.0004927488779938044
4.278774208410631,0.0010484158849844284,0.0009653847372523346,0.0004928677663813759
4.279434124801052,0.0010462406661478855,0.0002742546334147059,0.0004930937060517044
4.280094041191473,0.001044065447311341,0.0011087464589154936,0.0004933206697808725
4.280753957581894,0.001041890228475068,0.0007123078215132454,0.0004935479447311455
4.28141377246956,0.001039715344212498,0.0008472700777762155,0.0004937755007967564
4.282073526961505,0.0010375406590266238,0.0007230843337062074,0.0004940033423706294
4.28273328145345,0.001035365973840643,0.001602900750604902,0.0004942315031092513
4.283393035945396,0.0010331912886546897,0.0018664112969760615,0.0004944599749767123
4.284052845448132,0.0010310164221418723,0.0005094274055116731,0.0004946887873274203
4.2847126800695925,0.0010288414728327065,0.0014678502313492528,0.0004949179205639887
4.285372514691054,0.0010266665235234636,0.001262060352537198,0.0004951473684227821
4.2860323493125145,0.0010244915742142352,0.0012308664826647794,0.0004953771323968282
4.2866920632008005,0.001022317022866208,0.0013936821018780648,0.0004956071825306272
4.287351735948911,0.0010201426071244056,0.000864391804778132,0.0004958406838301711
4.288011408697021,0.0010179679604167772,0.0010321550853684813,0.0004965484620168767
4.288671081445131,0.0010157932974981544,0.001208925966194251,0.0004972958932705906
4.289330785793166,0.0010136185304079573,0.0006371139842515582,0.0004980469758250253
4.289990497799175,0.0010114437380725366,0.0014697272349770635,0.0004988014695040618
4.290650209805183,0.0010092689457372223,0.0011663467563675213,0.0004995593882330228
4.291309921811192,0.0010070941534017527,0.0009844530950593965,0.0005003207690951352
4.2919696338172,0.0010049193610663133,0.00021467062776588444,0.0005010856353697889
4.292629345823209,0.001002744568731104,0.0009728448406933276,0.0005018540164049381
4.293289057829217,0.0010005697763956524,0.0005185724169951814,0.0005026259361724484
4.293948769835225,0.0009983949840602013,0.0005566429765157485,0.0005034014176596841
4.294608332609458,0.000996220683679155,0.0010631572596282632,0.0005041803111352324
4.29526788277979,0.0009940464248478335,0.0011742185587799955,0.000504962815030216
4.295927432950121,0.0009918721660164486,0.0009732149784019504,0.0005057447858166377
4.296586983120452,0.0009906857374579127,-0.00030293383971535413,0.0005058984046894931
4.297246611843348,0.0009901609135140553,0.0007522275942384247,0.0005056274455608733
4.2979062421310354,0.0009896360883249467,0.00038733857373349223,0.0005053541253302203
4.298565872418722,0.0009891112631358456,0.0009763674777039088,0.0005050812495893195
4.299225496464693,0.00098858644291292,0.000884136949460303,0.0005048088146037074
4.29988496494181,0.000988061746465881,2.8277799403381328e-05,0.0005045368817326579
4.300544433418926,0.0009875370500189967,0.000801354275112847,0.0005042653873478861
4.301203901896043,0.0009870123535723082,0.0012188603710282103,0.0005039943343773166
4.301863374160284,0.0009864876541120632,0.0006203566247251229,0.0005037237235221453
4.302522881908441,0.000985962926419788,0.0008870958664676293,0.0005034535207072725
4.303182389656599,0.0009854381987275892,0.0015735990650828694,0.0005031837653506308
4.303841897404757,0.0009849134710350166,0.0009401152387578923,0.0005029144339824344
4.304501405152915,0.0009843887433427603,0.001777653803060521,0.0005026462970095856
4.305160912901073,0.0009839611473286228,0.0009689093582111318,0.0005024943453955063
4.305820420649231,0.000983811225130885,0.001651162029685562,0.000502668118867019
4.306479928397388,0.0009836613029329724,0.0012038809781002673,0.0005028442487744596
4.307139401982075,0.000983511388501492,0.0011448203472590002,0.0005030205529036065
4.307798747957307,0.0009833615030786355,0.0014959353261659717,0.0005031970132673598
4.308458093932539,0.0009832116176559807,0.0017382680399240656,0.0005033736515406125
4.309117439907771,0.0009830617322329235,0.0014403455370374757,0.0005035504836995594
4.309776807376072,0.0009829118419241525,0.0014078086248401596,0.0005037274988310664
4.3104362334565005,0.000982761938291452,0.0005656748423448466,0.0005039047199572164
4.311095659536929,0.0009826120346585969,0.001455023266559226,0.0005040821354863513
4.311755085617357,0.000982462131025744,0.00036537228706530077,0.0005042597312953427
4.3124144590981475,0.000982312239350375,0.0009109618482111411,0.0005044374951357768
4.313073723430738,0.0009821623724868382,0.0009124462210925697,0.0005046154264267135
4.313732987763328,0.0009820125056232303,0.00047238077415641454,0.0005047935180300769
4.314392252095918,0.0009819313115728109,0.0012998929343467733,0.0005049686665806065
4.315051531428613,0.0009818563679175744,0.0017984179882267997,0.000505143692626214
4.315710835045365,0.00098178142150216,-2.1652457108422337e-06,0.0005053189078134088
4.316370138662116,0.0009817064750867366,0.0013644688789454617,0.0005054943078552328
4.317029442278867,0.000981631528671107,0.000998555677460442,0.0005056698800794729
4.317688745895618,0.0009815565822557941,0.0014855868436660364,0.0005058456434931366
4.31834804951237,0.0009814816358402981,0.0018897174840945164,0.0005060215911175934
4.319007353129121,0.000981406689424903,0.002327952800349406,0.0005061977130659056
4.319666656745872,0.000981331743009463,0.001244221010744426,0.0005063740291727102
4.320325880455034,0.000981256805677364,0.0006264916822743445,0.0005065504996777171
4.3209850223615645,0.0009811818776445493,0.00017720262365566205,0.0005067271381902371
4.321644164268094,0.0009811069496113765,0.0005905125462525636,0.0005069039601042817
4.322303306174625,0.0009810320215783582,0.0017940973965336155,0.0005070840371188501
4.322962492136236,0.0009809570934150708,0.0011853915358556483,0.0005077284197523845
4.323621714135803,0.0009808821647946816,0.0008966990628578638,0.0005087251756165071
4.32428093613537,0.0009808072361745309,0.001097701712995523,0.0005097301474694728
4.324940158134936,0.0009807323075545157,0.0012797719843311009,0.0005107410905756585
4.325599282199723,0.0009806573900659535,0.0010339285288546046,0.0005117579222998001
4.326258342514137,0.000980582479823386,0.0012925848879136413,0.0005127807449858225
4.326917402828552,0.0009805075695808805,0.00026252142809986485,0.0005138097268806583
4.327576463142967,0.0009804326593379547,0.0014516157334829429,0.000514844930153519
4.328235549438087,0.000980357746142438,0.00108654168920395,0.0005158864434007014
4.328894649049759,0.0009802828314331912,0.0012765204078515292,0.0005169343277969052
4.32955374866143,0.0009802079167240936,0.0005420531345597742,0.0005179886181659748
4.330212848273102,0.000980133002014834,-0.00032091375290977113,0.0005190493739236502
4.3308719478847735,0.0009800580873055543,0.0005249136004872291,0.0005201141916309331
4.331531047496445,0.0009801009758983487,0.0006315627265157564,0.0005208025996974168
4.332190147108117,0.000980550515249237,0.00011367361986076689,0.0005202000181087601
4.332849246719788,0.0009810000546002764,0.0014535254061432505,0.0005195909825931584
4.333508221701821,0.0009814495089475086,0.0006017169287559057,0.0005189841861496823
4.334167159665929,0.000981898938046582,0.0006180924949220185,0.0005183795372789492
4.334826097630038,0.0009823483671456102,0.0012728708187163293,0.0005177770039472353
4.335485035594147,0.0009827977962447365,0.0005269370059700713,0.0005171765598660932
4.336144039679722,0.0009832472704417905,0.0012476607010618022,0.000516578145768726
4.3368030577247065,0.0009836967541603057,0.0014827694610838969,0.0005159817805484434
4.337462075769691,0.0009841462378785241,0.0015140435513683187,0.0005153874797555966
4.338121093814676,0.000984595721596877,0.001803115127385482,0.0005147952209323095
4.338779969611331,0.0009850451082946679,0.0005859007538931713,0.0005142051217773456
4.3394388260338035,0.000985494481778252,0.00042942520270455376,0.00051361707121515
4.3400976824562765,0.000985943855261883,0.0005810647846918697,0.0005130343092335031
4.340756538878749,0.0009867208374250867,0.0011575767626968959,0.0005129445257036285
4.3414154320298906,0.0009875446410922027,0.001568331900851171,0.0005129281691008047
4.342074327762692,0.0009883684479870028,0.0010087565898040639,0.0005129122889896518
4.342733223495493,0.0009891922548819565,0.0010349549921926065,0.0005128964081216973
4.3433921192282945,0.0009900160617767866,0.0007190924059176762,0.0005128805306676944
4.344051014961096,0.0009908398686715469,0.0007296377643272408,0.0005128646650391944
4.344709910693897,0.0009916636755663685,0.0006079481854700528,0.0005128487903830377
4.345368806426698,0.0009924874824612752,0.0009159529705954511,0.0005128329194976522
4.346027695413643,0.0009933112809218162,0.0012240370641426494,0.0005128170401626522
4.346686429561493,0.0009941348857895435,0.0023238899006786497,0.0005128011757401539
4.347345163709344,0.000994958490657349,0.0012930533747575012,0.0005127853147472698
4.348003897857194,0.0009957820955251507,0.0012766749721448995,0.0005127694495675792
4.348662639628775,0.0009966057099246878,0.001492557630515352,0.0005127540875632439
4.349321453845341,0.0009972342263096074,0.0012599255714173065,0.0005128142692154797
4.3499802680619055,0.000997683519933068,-0.0002336833791961371,0.0005129439551332741
4.350639082278471,0.0009981328135568097,0.0010522643244757542,0.0005130742202660986
4.351297872513487,0.0009985820908253605,0.0017870092191508936,0.0005132045596251982
4.351956525170133,0.0009990312742690914,0.000448205010394583,0.0005133349888062088
4.352615177826779,0.0009994804577129696,0.0011090917749500867,0.0005134655126321124
4.353273830483426,0.000999929641157274,0.0008541376556815198,0.0005135961355782457
4.353932491060429,0.0010003788300028827,0.0015502763915335289,0.0005137268488044291
4.354591183040453,0.001000828040264059,0.0012703848066321964,0.0005138576870510941
4.355249875020476,0.0010012772505256305,0.0002915426983422845,0.0005139886187567957
4.3559085670005,0.0010017264607868892,0.0009880119847475183,0.0005141196448368563
4.356567258980523,0.001002175671048313,0.001223740345126444,0.0005142507719584275
4.357225950960547,0.0010026248813098588,0.0010407317324889554,0.00051438224842394
4.35788464294057,0.001002938250005159,0.0005107438719790757,0.0005145519076277907
4.358543334920594,0.0010025638655674553,0.0012018903601732093,0.0005149087961170422
4.359201977410726,0.0010021895092584838,0.0009743250838403949,0.0005152676602532669
4.359860507868364,0.0010018152166258686,0.0010313034648567567,0.0005156271993966205
4.360519038326002,0.0010014409239934782,0.0011216915103052273,0.0005159875055454286
4.361177568783639,0.0010010666313608515,0.0009301258575869659,0.0005163485625341147
4.361836127952966,0.0010006923224092374,0.0017050171155035443,0.0005167103837561596
4.3624947384671575,0.0010003179842746999,0.0015501362214043637,0.0005170730023046139
4.36315334898135,0.0009999436461398529,0.0004408801229458908,0.0005174363829831716
4.363811959495542,0.0009995693080051236,0.00040696005492911653,0.0005178005258653581
4.364470503691721,0.0009991950075641466,0.0004786430785772512,0.0005181654066357302
4.36512895270854,0.0009988207612206658,0.0017478714010676492,0.0005185310042577072
4.36578740172536,0.0009984465148771076,0.0016810830660065907,0.0005188973824196215
4.366445850742179,0.000998072268533499,0.001532458145776275,0.0005192638244599413
4.367104299123726,0.000997516890999036,0.0011481912735211103,0.0005195251306012947
4.367762746766693,0.0009969181661589278,0.0005025031353447481,0.0005197607825187239
4.3684211944096605,0.000996319441318876,0.0014529975339314441,0.0005199965934188044
4.369079642052628,0.0009957207164786833,0.0010158393078324736,0.0005202327150803752
4.369738110597369,0.0009951219726328242,0.001284996477674601,0.000520469168129349
4.370396598950591,0.0009945232107746757,0.0010564725473867962,0.0005207059454563894
4.371055087303811,0.0009939244489167464,0.0013811266167104604,0.0005209430634726726
4.371713575657033,0.000993325687058822,0.0009475163531405891,0.0005211804871552419
4.3723719728343085,0.0009927270081072348,0.0015157217850158826,0.0005214182153912609
4.373030299727662,0.0009921283930643344,0.0006167316028561243,0.0005216562342879169
4.373688626621016,0.0009915297780214492,0.001316668584684132,0.000521894577347554
4.374346953514371,0.000990931162978573,0.0006301582823740635,0.0005221332492922653
4.375005329692871,0.0009903325031210117,0.0010181975807447205,0.0005223717642219456
4.375663736630618,0.0009894010163294367,0.0002083550732742361,0.0005225346814172781
4.376322143568365,0.0009880538155927368,0.0006772294729977808,0.0005226031113496052
4.376980550506112,0.0009867066148562826,0.00023762959186766235,0.0005226709386469434
4.377638849846886,0.0009853596342793188,0.00022245640019574547,0.0005227387887400194
4.378297095349761,0.000984012763863133,0.0010497917255778773,0.0005228066573824237
4.378955340852635,0.000982665893447089,0.0010283908457276727,0.0005228745490519457
4.37961358635551,0.0009813190230306044,0.0015949515088409805,0.0005229424706124485
4.380271830900638,0.000979972154574088,0.0007737022183847216,0.0005230104190351267
4.38093007506782,0.0009786252868907999,-0.00019165977952081406,0.0005230783929048033
4.381588319235001,0.000977278419207729,0.0010651444785400978,0.0005231463845401483
4.382246563402183,0.0009759315515244579,-9.382768500613568e-06,0.0005232144167419683
4.382904838768556,0.0009745846200029388,0.0013051974210367293,0.000523282469094281
4.383563123620833,0.000973237669071899,0.0009983922381696774,0.0005233505377122058
4.384221408473111,0.0009718907305619361,0.0009805773278358802,0.0005234168895892471
4.384879693325389,0.0009705439327284152,0.001177735803490002,0.0005234648631033311
4.385537846333017,0.0009691974046380902,0.0007215521040348999,0.0005235127194804626
4.3861959697879,0.0009678509370103272,0.001725386010190971,0.0005235605839567224
4.386854093242782,0.0009665044693827956,0.0009654551521948983,0.0005236084674605124
4.387512216697664,0.000965158001755159,0.0012520395408980875,0.0005236563624263651
4.3881704095164205,0.0009638113922146555,0.0007490529359625749,0.0005237042669203301
4.388828613003534,0.0009624647608476132,0.0009524648601058123,0.000523752202861324
4.389486816490649,0.0009611181294802903,0.0002770404758865513,0.0005238001328899021
4.390145019977764,0.0009597714981132383,0.0006924736134444469,0.000523848086155247
4.390803075605823,0.0009584251692538279,0.0009741175620775652,0.000523896041090107
4.391461117720518,0.0009570788680417096,0.00021137626058051278,0.0005239439995923135
4.392119159835214,0.0009557325668295755,0.0006322950176422153,0.0005239919804372768
4.392777201949909,0.0009543862656173383,0.0007612373601128865,0.0005240413423519654
4.393435321337123,0.0009536265913435353,0.0009903484621991937,0.000524296386787621
4.3940934434791865,0.0009531029660883807,0.0010370872021852457,0.0005246358896491131
4.394751565621249,0.0009525793408332434,0.0008573049672969076,0.0005249766037797337
4.395409684804328,0.0009520557179323821,0.001500982142564289,0.0005253179814211729
4.396067604946435,0.0009515322533956628,0.0005341193062518242,0.0005256599153049658
4.3967255250885415,0.000951008788858829,0.0008907162146135938,0.0005260025213385436
4.397383445230648,0.0009504853243220154,0.00101024520862869,0.0005263457984247526
4.398041367862225,0.0009499618578048376,0.00012838276315231057,0.0005266897476586013
4.398699327374488,0.0009494383619435197,0.0013158342646926108,0.0005270343971085567
4.399357286886752,0.0009489148660823692,0.0017754536530873995,0.0005273797078559853
4.400015246399015,0.000948391370221328,0.0011101384355569801,0.0005277257077383745
4.400673205911278,0.0009478678743601904,-0.00038689432980598443,0.0005280723842852507
4.4013311654235405,0.0009473443784992088,0.0011211979333962672,0.0005284207972200474
4.401989124935803,0.0009468208622767153,0.0006538461936271289,0.0005289290175648436
4.402647084448066,0.0009462973069073365,0.0014594839553245345,0.000529743105249822
4.403305018245659,0.0009457737720000094,0.001178652925228219,0.0005305629624954393
4.4039628164603855,0.0009452503449786273,0.0011108003464345025,0.0005313864664998144
4.404620614675112,0.0009447269179578709,0.001575346437583109,0.0005322138043999225
4.40527841288984,0.0009442034909367695,0.0003552772464710175,0.0005330450250597597
4.405936227689245,0.0009436800507192759,0.0026825764991657433,0.000533880166549582
4.406594105916745,0.0009431565600300117,0.0002727592300409571,0.0005347193134110235
4.407251984144246,0.0009426330693409194,0.001157760965034242,0.000535562441636713
4.407909862371746,0.0009421095786516352,0.001173443606695438,0.000536409550888433
4.408567699493634,0.0009415861206712718,0.000755468562679349,0.0005372606409191038
4.409225416448545,0.0009410627583110141,0.0006723167503669988,0.0005381156470951667
4.409883133403455,0.0009405393959505017,0.0005111521082886859,0.0005389747399132548
4.410540850358366,0.0009400160335901232,0.00013782756813797024,0.0005398345266119128
4.411198579216663,0.000940942092500118,0.001002385643533403,0.0005401843626596683
4.41185633555467,0.0009419139988872661,0.0012998877240157779,0.0005405152012348956
4.4125140918926755,0.0009428859052744781,0.0011920703639633553,0.0005408465264233986
4.413171848230682,0.0009438578116616511,0.0010106644078539473,0.0005411784853993681
4.413829604568689,0.0009448297180487858,0.001272365312307335,0.0005415110379432581
4.414487360906695,0.000945801624435926,0.0010254895416056116,0.0005418442167346235
4.415145117244702,0.0009467735308230966,0.0010806187455418704,0.0005421780070576337
4.415802873582708,0.0009477454372102159,0.0010546895699458773,0.0005425124170758532
4.416460566072211,0.0009487172492542721,0.0015520145518959682,0.0005428474213851695
4.417118161175034,0.0009496889173988731,0.0011363395910242442,0.000543182993426291
4.417775756277856,0.0009506605855435415,0.000801853890759565,0.000543519178294768
4.418433351380678,0.0009516322536882472,0.0007556101474268923,0.0005438560051632763
4.419090981893927,0.0009526039741555878,-0.0002979841955530239,0.0005441955372954512
4.41974865699736,0.0009537972974823802,0.001225000768410714,0.0005448464849617291
4.420406332100794,0.0009551430007745733,0.00034382138492813506,0.0005457156970411588
4.421064007204227,0.000956488704066782,0.00046381736149676497,0.0005465905211262211
4.421721603473641,0.0009578342460528093,0.0008776164552116175,0.0005474694663567243
4.422379117366818,0.0009591796194842272,0.0009604182396089404,0.0005483525594861819
4.423036631259995,0.0009605249929158212,0.0006594861380582223,0.0005492399367467127
4.4236941451531715,0.0009618703663474844,0.001035473200622911,0.0005501316427687644
4.424351658404852,0.0009632157384660954,0.0009252679477751229,0.0005510277005686278
4.425009171099321,0.0009645611094452196,0.0012206182688285334,0.0005519281411351937
4.425666683793789,0.0009659064804238911,0.001537893459401479,0.0005528330294870201
4.426324196488258,0.0009672518514027339,0.0012131955836860585,0.0005537423719228074
4.426981732750657,0.0009685972706051031,0.0009926911350477715,0.0005546562570355381
4.427639286039847,0.0009699427246467202,0.0013026997947494282,0.0005555763788490472
4.428296839329036,0.0009710000000000749,0.001046938175989612,0.0005567590526289121
4.428954392618225,0.0009710000000001218,0.0014525433067573074,0.0005588836918544839
4.429611844977622,0.0009710000000000213,0.001488528647943623,0.0005610388137430054
4.430269237093932,0.0009710000000001385,0.0023945733717667186,0.0005632188454616345
4.4309266292102425,0.0009710000000000626,0.0009914454900001798,0.0005654244649174767
4.431584021326553,0.0009710000000000874,0.0007004060236166117,0.0005676561885956792
4.432241467165575,0.0009710000000000649,0.0009419819198193191,0.0005699146936940249
4.432898939270334,0.0009710000000000871,0.0010865347898769942,0.0005722004593238196
4.433556411375093,0.000971000000000058,0.0016402370681330952,0.0005745139356761542
4.4342138834798535,0.0009710000000002461,0.001550847459753867,0.0005768556722072389
4.434871240074252,0.0009709999999999865,0.00021181026305059692,0.0005792258375080207
4.435528551031042,0.0009709999999999733,0.0016550591790941193,0.0005816252769377695
4.436185861987832,0.0009710000000001244,0.0006712224660105554,0.0005840547546857892
4.436843172944623,0.0009709999999999141,0.0013676078138859572,0.0005864833194982689
4.437500483017236,0.0009703167409424051,0.0020643380730491503,0.0005841997158623697
4.438157792813262,0.0009694949169190832,0.0004961265226208331,0.0005809761096334047
4.438815102609287,0.0009686730928961153,0.0010339728800340807,0.0005777991222238589
4.439472412405313,0.0009678512688726449,0.0017746964766551059,0.0005746736594937866
4.440129722201338,0.0009670294448493445,0.0011650617403339565,0.0005715983520127095
4.440787031997363,0.0009662076208262017,0.0013104452360841359,0.0005685718600569721
4.441444341793389,0.000965385796803065,0.0011357140123455921,0.0005655929150393135
4.4421016515894145,0.0009645639727798088,0.0008983496742970931,0.0005626602942363639
4.44275882443626,0.00096374231998192,0.0009023077790936055,0.0005597733778936363
4.443415973134113,0.0009629206973771724,0.00042183519805318644,0.0005569305398258424
4.444073121831965,0.0009620990747727056,0.0009510920141591354,0.0005541305574530434
4.444730270529817,0.000961277452167791,0.0007243268528535349,0.00055137236510138
4.4453874907277315,0.000960455740167768,0.0009239425023403137,0.0005486614997975412
4.4460447193994375,0.0009602329243828687,0.0013817343056414843,0.0005470147789649476
4.446701948071144,0.0009607558982037164,0.0015914134054351267,0.0005466515462066823
4.44735917674285,0.0009612788720244265,0.00126904800153362,0.0005462974739681407
4.448016254369026,0.0009618017256544861,0.0008446067760832487,0.0005459441715999294
4.448673321967447,0.000962324571305132,0.000315954822645188,0.0005455915520166495
4.449330389565867,0.0009628474169558623,0.0011828643331806617,0.0005452396051986147
4.449987457164288,0.0009633702626066161,0.0001289994718523033,0.00054488834721351
4.450644563445922,0.0009638931390382383,0.0009147105349504871,0.0005445377398964746
4.451301670468689,0.0009644160160601741,0.0009504334055944249,0.0005441878098393876
4.4519587774914555,0.0009649388930816481,0.00034355106697194653,0.0005438385618459254
4.4526158845142225,0.000965461770103305,0.0012947859018001217,0.0005434899806049886
4.453272991536989,0.000965984647125027,0.0006451702412124742,0.0005431420598199053
4.453930098559756,0.0009665075241466621,0.0009053798125614692,0.0005427950729271025
4.454587205582522,0.0009671693586859743,0.00162979827648886,0.0005424933400722937
4.455244301793547,0.00097008215161949,0.0003537921772358061,0.0005428441387179328
4.455901247780345,0.0009729942786354136,0.0017295574691493791,0.0005431999089871982
4.456558193767142,0.0009759064056510895,0.0014608446878860639,0.0005435563881078741
4.45721513975394,0.0009788185326670966,0.000812691337798438,0.0005439135726193888
4.457872094525591,0.0009817306986244412,0.00014134259610407921,0.0005442714710863063
4.458529120474079,0.0009846431800964793,5.1942857773381104e-05,0.0005446301133995312
4.459186146422568,0.0009875556615686711,0.0010430104374634605,0.000544989466949235
4.459843172371056,0.0009904681430406132,0.0002647164373844158,0.0005453495411734309
4.460500173790511,0.000993380515779754,0.0005266179565448658,0.0005457103138648612
4.461157038727898,0.0009962922835177552,0.0008066814679856205,0.0005460717416134316
4.461813903665287,0.0009992040512555376,0.0010389363482787818,0.0005464338955789484
4.4624707686026746,0.001002115818993495,0.0018744948890016256,0.0005467967507734237
4.463127633330412,0.001005027585801972,0.0010007750947146415,0.000547165550810367
4.463784497190348,0.0010076411739546917,0.0008667666606213787,0.0005483214937427889
4.464441361050284,0.0010101052534567992,0.0005552274006039894,0.0005498868390910088
4.46509822491022,0.0010125693329587015,0.0005010650439641508,0.0005514683613352723
4.465755098335014,0.0010150334483411583,0.0012718924670243703,0.0005530636158028098
4.466412002709589,0.001017497679824417,0.0011788261806781844,0.0005546728933710248
4.467068907084165,0.0010199619113080496,0.001056920834943602,0.0005562962868559692
4.467725811458742,0.0010224261427915053,0.0015833405743703262,0.000557934040700982
4.4683826598568235,0.0010248901642919317,0.001136875467904125,0.0005595861954655144
4.469039362755375,0.0010273536399826833,0.0011704175796012288,0.0005612527553144615
4.469696065653926,0.0010298171156734477,0.00020210686456033496,0.0005629342832034441
4.470352768552476,0.0010322805913642414,0.0009875491304164692,0.0005646310340463335
4.471009496961489,0.0010347441627521423,0.0010400064519249595,0.000566343278942939
4.471666279807136,0.001037207938346649,0.0003571238028041452,0.0005680663705054631
4.472323062652782,0.0010388575314199196,0.0012016828124633786,0.0005690399652286272
4.472979845498428,0.0010383349717561533,0.0012930820126309307,0.0005680118039694535
4.473636570389632,0.0010378124582033907,-0.00014227545761822573,0.0005669760723393925
4.47429319229874,0.0010372900265865862,0.0018411548639192307,0.0005659461322185762
4.474949814207847,0.0010367675949699208,0.0010857470686978865,0.0005649217829579124
4.475606436116956,0.001036245163353193,0.0002720429518844546,0.0005639029866813037
4.476263073841765,0.0010357227191527965,0.0009814819222277878,0.0005628896531231227
4.47691973520344,0.0010352002561463977,0.00039236057124342465,0.0005618817139110673
4.477576396565114,0.0010346777931397476,0.0016884021897427249,0.0005608791796167181
4.478233057926789,0.0010341553301332497,0.0013141417973465295,0.0005598819801661378
4.478889719288463,0.001033632867126767,0.0013446572939535715,0.000558890095300914
4.479546380650138,0.0010331104041201144,0.001877697609593785,0.0005579034500816295
4.480203042011812,0.0010325879411133348,0.0006144835114722043,0.0005569220098382026
4.480859703373487,0.0010320654781070687,0.00039994318901885974,0.0005559522772398158
4.481516287270956,0.0010316083069651482,0.00031610784761683483,0.0005559671173150198
4.482172787733348,0.0010311605403658052,0.0009635069510117397,0.00055612913067573
4.482829288195741,0.0010307127737667259,0.0012626558788447239,0.0005562922365164552
4.4834857886581325,0.001030265007167444,0.0006805363437998061,0.0005564554801094025
4.484142330805343,0.0010298172121368872,0.0008513025648866929,0.0005566188913686687
4.484798911202668,0.001029369391017647,0.0014010062978555607,0.0005567824354616709
4.485455491599992,0.0010289215698988017,3.200070251937201e-05,0.0005569461346249936
4.486112071997316,0.0010284737487797613,0.001018609087763228,0.0005571099736112911
4.48676856209914,0.0010280259892468692,0.0006520630823684567,0.00055727393654643
4.48742498162201,0.0010275782778523754,0.0006882740998408839,0.0005574380293098095
4.48808140114488,0.0010271305664579817,0.0007452026411945373,0.000557602261827865
4.488737820667751,0.001026682855063395,0.0004533312129799958,0.0005577666444666521
4.489394239593176,0.0010262351440765316,0.00025179440107057503,0.000557933521905663
4.490050658121682,0.001025256101323602,0.001444484106854731,0.0005584585396752478
4.490707076650187,0.0010236892919239374,0.0007095574564176797,0.0005593824255583378
4.4913634951786925,0.0010221224825240922,0.0013619796058279778,0.000560313555884951
4.4920199395871965,0.0010205556113511674,0.0018495660075067816,0.000561249376794821
4.492676398575424,0.0010189887053780994,0.0005493808840732777,0.0005621899143049598
4.493332857563651,0.0010174217994048935,-8.593728537920737e-05,0.0005631351832869341
4.493989316551878,0.0010158548934314868,0.002105300168201673,0.000564085239076936
4.494645638926086,0.0010142883135429131,0.0005460553187164877,0.0005650399065801922
4.495301896629771,0.0010127218880171087,0.0013367784990522982,0.0005659993429982265
4.495958154333456,0.0010111554624914092,0.001441052571682948,0.0005669636661607534
4.496614412037141,0.0010095890369651909,0.0014107426917941937,0.0005679329233679474
4.497270727066498,0.0010080224746082912,0.0006008111264249505,0.0005689072575188538
4.497927064690519,0.0010064558583199156,0.0014042271148939347,0.0005698870467539994
4.498583402314542,0.0010048786936536834,0.0003234851162992789,0.0005709400091830032
4.499239739938563,0.0010031628758141887,0.0001402869462954324,0.0005728287166359293
4.499895956059644,0.001001447375611331,0.0009814850803250902,0.0005747313535432278
4.500552132883652,0.0009997319781402656,0.0013760438526107396,0.0005751213410095728
4.5012083097076605,0.0009980165806688097,0.0007400154879582301,0.0005752144970953807
4.501864486531669,0.0009963011831974212,0.0006021564830276786,0.0005753057668303016
4.502520726784679,0.000994585619908342,0.0008318165142817372,0.0005753970878781679
4.503176983524158,0.0009928700135195662,0.0008070694676064101,0.0005754884635777921
4.503833240263637,0.0009911544071308422,0.0011078942567323067,0.0005755798709199461
4.5044894970031155,0.0009894388007420873,-0.0001573779487488579,0.0005756713349009116
4.505145620051095,0.0009877235438538504,0.00171293928868521,0.0005757628193197167
4.505801716015358,0.0009860083577685045,0.0014210736157155882,0.0005758543325930094
4.5064578119796215,0.0009842931716833685,0.0004725285284690068,0.0005759458963608534
4.507113907943886,0.0009825779855979567,0.0013187802527265475,0.0005760373768053591
4.5077700030963035,0.000981505509723302,0.0009763564107279113,0.000576109784771594
4.508426098126489,0.0009807596929335674,0.001611854089534751,0.0005761724076644642
4.509082193156675,0.0009800138761433732,0.001531510028551799,0.0005762349677955395
4.50973828818686,0.0009792680593533234,0.001440527486484858,0.0005762975699235114
4.5103944198376675,0.0009785222009345111,0.001794010933241533,0.0005763601794191788
4.511050555287705,0.0009777763381975165,0.001057019696518108,0.0005764228146567099
4.511706690737742,0.0009770304754601695,0.0019225168229311225,0.0005764854776453374
4.512362826187779,0.0009762846127226874,0.000886453824900061,0.000576548146808257
4.51301881004333,0.0009755389223105375,0.0005181768777301041,0.0005766108282603531
4.513674784755336,0.0009747932422925158,0.001518595911379428,0.0005766735372675215
4.514330759467343,0.0009740475622741075,0.0009756146724370898,0.0005767362617495931
4.51498673417935,0.0009733018822560135,0.0014210715902155976,0.0005767989977987127
4.515642787195036,0.0009725561132256001,0.000637785361387604,0.0005768636270858127
4.51629884181035,0.0009720568908196036,0.0011154781170693527,0.0005772124374380287
4.516954896425664,0.000972280596644267,0.0002920025419498963,0.0005783847705134707
4.517610947702224,0.0009725043013305898,0.0010031891020646892,0.0005795698044354013
4.5182668012067815,0.0009727279385793406,0.0013321386959740228,0.0005807617881268285
4.518922654711339,0.0009729515758277072,0.0013068762666355541,0.0005819611452068614
4.519578508215897,0.0009731752130765193,0.0004415485546288689,0.000583167972646949
4.520234363803518,0.0009733988510354963,0.0012183461684445907,0.0005843823267393131
4.520890256809122,0.0009736225017536167,-5.140862132502308e-05,0.0005856043488822086
4.521546149814727,0.0009738461524714074,0.0009013189234870751,0.0005868340729850251
4.5222020428203304,0.0009740698031893453,0.0006898941801776041,0.0005880715900079495
4.522857935825935,0.0009742934539076645,0.0010914756584843612,0.0005893169451222582
4.523513828831539,0.000974517104625293,0.001903736168690052,0.0005905702536866411
4.524169721837143,0.0009747407553430628,0.0010999514461773148,0.0005918315717101159
4.524825614842747,0.0009749644060611691,0.0002897471391530952,0.0005930880618131563
4.525481487922286,0.0009748746190923734,0.0008843103349988582,0.0005924062002362418
4.526137220264179,0.0009747255381915643,0.0015075661128637486,0.0005913495168008967
4.526792952606072,0.0009745764572907879,0.00021103003514418115,0.0005902960520331838
4.527448684947965,0.0009744273763901372,0.0018430432999447014,0.0005892482049060561
4.528104430026022,0.0009742782925938393,-3.694691018361906e-05,0.0005882058724024402
4.528760242256625,0.0009741291935302768,0.0004980888390633945,0.0005871689513122008
4.529416054487228,0.0009739800944666892,0.001077344916314475,0.0005861374991237295
4.530071866717832,0.0009738309954035005,0.0012300440115013505,0.0005851114645794916
4.530727647691295,0.0009736819034465102,0.0011305384894965444,0.0005840908235300035
4.531383299282946,0.0009735328409041929,0.0018832474166679367,0.0005830757182292269
4.532038950874597,0.0009733837783618532,0.0019394388238936722,0.0005820658853901875
4.532694602466248,0.0009732347158198795,0.0015695512352209887,0.0005810612497008489
4.533350253862514,0.000973085653322338,0.00041529787851873206,0.000580064958741391
4.534005904602787,0.0009723976827172677,0.0011449744294183123,0.0005795468706736058
4.53466155534306,0.0009709817513618932,0.0015887981391644788,0.0005796667807102025
4.5353172060833336,0.000969565820006616,0.00021492424860851812,0.0005797909987335107
4.535972856823607,0.0009681498886509908,0.00031861109558173307,0.0005799152908427978
4.53662850756388,0.0009667339572955188,0.0011341913947143392,0.0005800396725918739
4.537284158304154,0.0009653180259401046,0.0004021727332068108,0.0005801641232554865
4.537939809044428,0.0009639020945848506,-6.376355950401028e-05,0.0005802886532829
4.53859541195288,0.0009624862665259105,0.0011175614301737384,0.0005804132619219342
4.539250902103695,0.000961070681976648,0.001031644387023812,0.0005805379283409889
4.539906392254511,0.0009596550974271823,0.0009286388889200124,0.000580662661715058
4.540561882405327,0.0009582395128779836,0.0012930739245544452,0.0005807874815277325
4.541217399057343,0.0009568238710969478,0.00012203944514983626,0.000580912393519799
4.541872969082273,0.0009554081140529008,0.0013452794643214188,0.0005810373625089438
4.5425285391072014,0.0009539927592714808,0.0020799463373286416,0.0005811539167904485
4.543184109132131,0.0009526515157559223,0.0014811589302381545,0.0005805685674503222
4.543839620474104,0.000951310392301362,0.0003230865649113206,0.000579980375511225
4.544495029934312,0.0009499694772885179,0.0013054668266609952,0.0005793940779032375
4.54515043939452,0.0009486285622754418,0.0011333146751320677,0.0005788095366496051
4.545805848854728,0.0009472876472624849,0.00018164332308309359,0.0005782267626084617
4.546461257993258,0.0009459467329077894,0.00041606842980921016,0.0005776457592640129
4.547116666647104,0.0009446058195445006,0.0016672547740949812,0.0005770664920736442
4.5477720753009505,0.0009432649061817238,9.05478592441582e-05,0.000576488971430096
4.5484274839547965,0.000941923992818056,0.0016071207030549438,0.0005759131773800148
4.549082910019006,0.0009405830438348848,0.0012341050935614894,0.0005753390960413014
4.549738359008175,0.0009392420479487839,0.0007780744547800494,0.0005747667092882513
4.550393807997343,0.0009379010520627744,0.0008001123864142803,0.0005741960350353208
4.551049256986512,0.0009365600561769953,-0.0006443658948792166,0.0005736292589124203
4.551704631394607,0.0009352625061148932,0.00025151551486861693,0.0005733948328259336
4.552359919856145,0.0009339961762473278,0.0009250239820235301,0.0005733989909873138
4.553015208317683,0.0009327298463794494,0.0016520128545063554,0.00057340472385881
4.553670496779222,0.0009314635165117302,0.001032493097128735,0.0005734104493955372
4.55432580490286,0.0009301971486474788,0.001384619800134923,0.0005734161829112432
4.554981132900952,0.0009289307423762696,0.0014125039651679831,0.0005734219200966914
4.555636460899045,0.0009276643361051552,0.0001742899849024014,0.0005734276411511022
4.556291788897138,0.000926397929833945,0.0016334188820620156,0.0005734333790575944
4.556947031908899,0.0009251316877968381,0.0013330614395416246,0.0005734391131708127
4.5576021994164355,0.0009238655916700865,0.0021322537192070834,0.0005734448397850578
4.558257366923972,0.0009225994955429141,0.001716042263348303,0.0005734505745372784
4.55891253443151,0.0009213333994164626,0.0013347323508520225,0.0005734563008631683
4.559567724144007,0.0009200672603787342,-0.00013120824511266558,0.0005734626588745842
4.560222931195685,0.0009188479079853952,0.001317236467590994,0.0005735658643066793
4.560878138247361,0.0009178797684455915,0.0019165720442521949,0.0005741724743324662
4.561533345299037,0.0009169116289058033,0.00014067123205831233,0.0005747843893785802
4.5621885523507135,0.0009159434893656228,0.0011765857381578313,0.0005753982669470654
4.56284375940239,0.0009149753498259468,0.0019970094954265345,0.0005760141073507839
4.563498966454066,0.0009140072102861447,0.001243069786244224,0.0005766319123465296
4.5641541735057425,0.0009130390707462041,0.0008952049958813282,0.0005772517192034785
4.564809280352329,0.0009120710792703436,0.0013769866747301391,0.0005778734303028067
4.565464326950509,0.0009111031768179236,0.0011986370608859129,0.0005784970852313287
4.566119373548688,0.0009101352743657082,0.0005487715277736199,0.0005791227790469601
4.566774420146867,0.0009091673719132623,0.001219862133556486,0.0005797504848393945
4.567429519105883,0.0009081993920917354,0.0008338733351827042,0.0005803803029876424
4.568084645551414,0.0009072313716560935,0.000977839694429452,0.0005810121799956502
4.568739771996945,0.0009062633512208597,0.0012365412084418125,0.0005816448157456814
4.569394898442477,0.0009057831540559364,0.00024532861996038127,0.0005820810666531209
4.5700498870454505,0.000905485330432833,0.0016782008706563685,0.0005824427880309365
4.5707048127788905,0.0009051875353966464,0.0017355586883418326,0.0005828046672536449
4.571359738512331,0.0009048897403603843,0.0004907786809251104,0.0005831672298884535
4.572014664245771,0.0009045919453239868,0.0013390549349910422,0.0005835304463856099
4.572669618354499,0.0009042941373857348,0.00042143324279453543,0.0005838943840498607
4.573324583647223,0.0009039963243617392,0.001211815398869037,0.0005842589907444561
4.573979548939948,0.0009036985113379323,0.0003248864313414116,0.0005846242795416815
4.574634514232673,0.0009034006983138547,0.0004375244338880378,0.0005849902676123001
4.575289479525398,0.0009031028852902389,0.0017397963356780223,0.0005853569286146314
4.5759444448181235,0.0009028050722663922,0.0006581359322044942,0.0005857242936894944
4.576599410110848,0.0009025072592423855,0.000844286372164586,0.0005860923359973288
4.577254375403573,0.0009022094462185252,0.00026402924983685296,0.0005864654197014707
4.577909216026351,0.0009021103751000882,0.00034799005964154946,0.0005875024866731857
4.578564020939645,0.0009024825079220426,0.0018202798932921184,0.0005901152203570751
4.57921882585294,0.0009028546407436758,0.0011082088551918666,0.0005927737456502515
4.579873630766235,0.0009032267735656227,0.0008220934580149338,0.0005954684895003279
4.580528500114854,0.0009035989430067631,0.0019327986311830185,0.0005982005821450313
4.5811833848609025,0.0009039711211983861,0.0011831216141617272,0.000600970651184068
4.581838269606952,0.0009043432993901966,0.0009379026883222191,0.0006037795176270808
4.582493154353001,0.0009047154775818815,0.000715361345844409,0.0006066281288859574
4.58314790493505,0.000905087579526572,0.0016425962710396084,0.0006095168053366192
4.583802629326343,0.0009054596665869171,-2.9998829722985895e-05,0.0006124469850411596
4.584457353717637,0.000905831753647289,0.0009965781611116114,0.0006154198112651964
4.5851120781089305,0.0009062038407074666,0.0008528431618663215,0.0006184362993458638
4.585766801912079,0.000906575927433557,0.0009945217145777886,0.0006214975591951751
4.586421525624196,0.0009069480141077604,0.0014854825093400248,0.0006245873395231721
4.587076249336312,0.0009073841209386529,0.0014614109583865604,0.0006251008189961569
4.587730973048429,0.0009078306249478094,-0.00041300819808527103,0.0006251747347209357
4.588385696760546,0.0009082771289568984,0.0010234834829257978,0.0006252458545530881
4.589040420472662,0.0009087236329661678,0.0005906563179913234,0.0006253170037713271
4.589695144184779,0.0009091701369752506,0.00014726032872638723,0.0006253881719631936
4.5903498678968955,0.0009096166409844028,0.0014284990836653355,0.0006254593655540984
4.59100444363176,0.000910063044077219,0.0010784665905816538,0.0006255305595969376
4.591659007038448,0.0009105094387624422,0.001371698259771343,0.000625601780567711
4.592313570445135,0.0009109558334473784,0.0005949251111870434,0.0006256730210485134
4.592968133851824,0.0009114022281326235,0.000768400370798402,0.0006257443104784163
4.593622773198784,0.0009118486746071121,-0.00038053970428752494,0.0006258156049227226
4.594277416423629,0.0009122951237261387,0.0004959977662750034,0.0006258869439224801
4.594932059648474,0.0009127415728451043,0.0024846059354190603,0.0006259547156332114
4.595586702873319,0.000912561232212682,0.0011188186025078305,0.0006254810065958919
4.596241189104395,0.0009115196490324086,-7.671911268564223e-05,0.0006242715010864005
4.596895672048465,0.0009104780710836258,0.0006788962975235192,0.0006230641331232862
4.5975501549925335,0.0009094364931346204,0.0013701880257638425,0.0006218637573898357
4.598204637931955,0.0009083949151929446,0.001896671948502241,0.0006206702722207196
4.59885912024161,0.0009073533382536828,-2.2392724544722598e-05,0.0006194836434880769
4.599513602551264,0.0009063117613143852,0.0005315189810913884,0.0006183037776340095
4.600168084860917,0.0009052701843749928,0.000946055138648888,0.0006171306431490172
4.600822567170572,0.0009042286074357706,0.00033542080703466274,0.0006159641440881732
4.601477049480225,0.000903187030496367,0.00023161376344293754,0.0006148042427030314
4.60213153178988,0.0009021454535571235,0.0005442392048492486,0.0006136508559870482
4.602786014099534,0.000901103876617812,0.0008683599615904135,0.000612503947224339
4.603440486551196,0.0009000623153669795,0.0011948886497001217,0.0006113634560629757
4.604094808629357,0.0008990209934283347,0.0008444996430490707,0.0006102328168735106
4.604749130707519,0.000897979787462506,0.001230829877310846,0.0006095954240309548
4.60540345278568,0.0008969385838828067,0.0014598637663419977,0.0006089732604149325
4.6060577819167925,0.0008958973690798975,0.0012886576861690334,0.00060835305984633
4.606712183798513,0.0008948560385111064,0.00044737562817289713,0.0006077346802140107
4.607366585680234,0.0008938147079423118,0.0004989704523924624,0.0006071181846143198
4.608020987561954,0.0008927733773735906,0.0008576708886165285,0.0006065035598796116
4.60867537102145,0.0008917320761195331,-0.0003277321621074794,0.0006058908246660717
4.609329612696309,0.0008906910004830246,-0.00024162407258260818,0.0006052800627156154
4.609983854371167,0.0008896499248470036,0.00025198071267953004,0.0006046711390170158
4.610638096046026,0.0008886088492107759,0.0004916357086470898,0.0006040640787484224
4.6112923490010225,0.0008875677556246617,0.0005385354133282019,0.000603458813641676
4.611946670474573,0.0008865265530072201,0.0010876781432158464,0.0006028552953089396
4.612600991948125,0.0008854853503893907,0.0013105517737383703,0.0006022611762568715
4.613255313421677,0.00088500000000024,0.00036491027530977593,0.000602811469045562
4.613909601337736,0.0008849999999999591,0.0001069196843148405,0.0006043708357424122
4.614563722444683,0.0008850000000000723,0.00043929586954628174,0.0006059486936060036
4.615217843551631,0.0008849999999999411,0.0015075182451514575,0.0006075389573098319
4.615871964658579,0.000885000000000005,0.0014587977343166383,0.000609141801740085
4.6165260934147305,0.000885000000000016,0.0002882186066786327,0.0006107574045822739
4.61718025413121,0.0008849999999999772,0.0005859537710501817,0.0006123860080040542
4.617834414847689,0.0008849999999999683,0.00014789855752217105,0.0006140276884564651
4.618488575564168,0.0008850000000000448,0.00016568595506362513,0.0006156826387393274
4.619142736280647,0.0008850000000000744,0.0013664738437583219,0.0006173510108234057
4.619796896997127,0.0008849999999999816,0.0004811365013278777,0.0006190330253566108
4.620451057713606,0.0008850000000000032,0.0007527239029591322,0.000620728849022191
4.621105218430086,0.0008850000000000037,0.002009375840670281,0.0006224372341486715
4.621759340168876,0.0008850832487151138,0.0012039212417712867,0.0006239301768870333
4.622413340752343,0.0008860496055672269,0.0009597101766091398,0.0006231553778427131
4.623067341335809,0.000887015962419329,0.0012621610720333163,0.0006223684303349055
4.623721341919275,0.0008879823192715151,0.0013299984651205723,0.0006215844361018094
4.624375363909656,0.0008889487077547727,0.0007550707933374082,0.0006208033596973439
4.625029444277217,0.0008899151824965394,6.326825067765767e-05,0.0006200251632311197
4.625683524644778,0.0008908816572382865,0.00026665372441511063,0.0006192498828006079
4.626337605012339,0.0008918481319801356,0.000990148543975652,0.0006184774747630898
4.62699162670905,0.0008928145200294009,0.0008074744843510085,0.0006177080393091762
4.62764550681344,0.0008937806988604249,0.0009834696485858851,0.0006169416072366706
4.628299386917831,0.0008947468776916262,9.821481542021291e-05,0.0006161780365278345
4.628953267022221,0.000895713056522977,0.0011974186567943136,0.0006154172738332942
4.629607159693085,0.0008966792539225035,0.0008773040949292366,0.0006146593106528519
4.630261079422009,0.000897645491303176,0.0006186238018150319,0.0006139082832649066
4.630914999150934,0.0008991293452627849,0.0008056101877083758,0.0006137890948246578
4.631568918879859,0.0009009131681195735,0.0006801311361323188,0.0006140379913366677
4.632222838608784,0.000902696990976385,0.0017959905721732414,0.000614289637481677
4.632876758337709,0.000904480813833193,0.0005905584175385171,0.0006145415970233344
4.633530678066633,0.0009062646366901098,0.0013881229929250424,0.0006147938466990377
4.634184597795559,0.0009080484595468491,0.0017137446511987864,0.0006150464283212598
4.634838459182582,0.0009098321232533215,0.0006651483578655853,0.000615299296331438
4.635492218852277,0.0009116155094856738,0.00039658419879348586,0.0006155524238650246
4.636145978521973,0.0009133988957180276,-1.0821650393271409e-05,0.0006158058829469796
4.636799738191669,0.0009151822819503373,0.0009638085520690366,0.0006160596434228197
4.637453528807098,0.000916965752599472,0.000699733379404128,0.0006163137348974883
4.638107368246291,0.0009187493564344611,0.0008734052120773001,0.0006165681704384482
4.638761207685483,0.0009205329602695874,0.0013796825491531302,0.0006168246929433737
4.639415047124675,0.000921591058217014,0.0014246376839844581,0.0006173576069362992
4.640068804271591,0.0009192872647017184,0.0015795180040593956,0.0006191423322281693
4.640722443550947,0.0009169838865432243,0.0012569401976093605,0.0006209506773273807
4.641376082830305,0.0009146805083846428,0.00128122304987754,0.000622774924367461
4.642029722109661,0.0009123771302262064,0.0012583340926387103,0.0006246153347228404
4.6426833785861366,0.0009100736914663096,-0.0004057724114396843,0.0006264721653583663
4.643337057504998,0.0009077701736210381,0.00037821840968249153,0.0006283456779510745
4.643990736423858,0.0009054666557759272,0.002214870390680537,0.0006302360818363699
4.644644415342719,0.0009031631379306617,0.0017260049706632257,0.000632143599725324
4.64529809426158,0.0009008596200853674,0.0008180472633653434,0.0006340685303419
4.645951773180441,0.0008985561022401787,0.00034784765814621513,0.0006360110992367597
4.646605452099302,0.0008962525843947631,0.001202685914206704,0.0006379716191501714
4.647259131018163,0.0008939490665496637,0.0006368530971017016,0.0006399503414074252
4.647912733420515,0.0008916458183429066,-0.000609393600891908,0.0006419387949624267
4.648566252353866,0.0008908931001696148,0.0027195669092457218,0.0006426561548868191
4.649219771287215,0.0008907445393754359,-2.181942001972068e-05,0.0006428665380023349
4.649873290220564,0.0008905959785813482,-0.0003857693896534885,0.0006430737947285003
4.650526828987083,0.0008904474132786071,0.0009369978578544682,0.0006432812702081864
4.6511803875674085,0.0008902988434717315,0.0013602713456438626,0.0006434889468738493
4.651833946147735,0.0008901502736649492,0.0020376523184602695,0.00064369680706629
4.652487504728062,0.0008900017038581373,0.0007594006913789884,0.0006439048904922678
4.653140979858603,0.0008898531530215485,0.0006692615488494273,0.0006441131458957845
4.653794378490253,0.0008897046195747754,-3.123894224127714e-05,0.0006443215688115069
4.654447777121902,0.0008895560861282794,0.00033952608369136193,0.0006445301946001654
4.655101175753552,0.0008894075526816565,0.0010803774985048869,0.000644739025632475
4.655754595916325,0.0008892590143404935,0.0018700691422362354,0.0006449480566684458
4.656408034202416,0.0008891104718794349,0.001794691272801109,0.0006451543725776173
4.6570614724885075,0.0008889048127268059,0.0014602949163728882,0.0006449106089805516
4.657714910774598,0.0008885334143602605,-0.0004330948620268455,0.0006433890473022046
4.65836834906069,0.0008881620159936953,0.0016636304995124957,0.0006418697561595912
4.659021787346781,0.000887790617627195,0.00025298517023445517,0.0006403611840060266
4.6596752256328715,0.0008874192192605159,0.0009234874729764783,0.0006388631780531261
4.660328663918963,0.0008870478208941269,0.0016013279507815351,0.0006373756427474783
4.6609820087409455,0.0008866764756502372,0.001084135256127782,0.0006358986395107154
4.661635287115179,0.0008863051681737016,0.0006833412051151559,0.0006344319957973511
4.662288565489412,0.0008859338606970589,0.0006718820774230433,0.0006329754502127587
4.662941843863646,0.0008855625532206096,0.0021348488330236496,0.0006315288712253486
4.663595146232551,0.000885191232106006,0.00016375482859246504,0.0006300921005706859
4.664248464268682,0.0008848199020866355,5.641939540114297e-05,0.0006286650671479471
4.6649017823048124,0.0008844485720672919,0.0004425542645873897,0.0006272476564951187
4.665555100340943,0.0008840772420478377,0.001708104531526813,0.0006258470839085595
4.666208318455164,0.0008836472026903604,0.0006756537399108652,0.0006255450029178914
4.666861476616239,0.0008832017663449483,-3.134976172848797e-05,0.0006255367489057732
4.667514634777313,0.0008827563299995033,0.0008506540494985408,0.0006255303997882878
4.668167792938387,0.0008823108936541779,0.0013495841952571982,0.0006255240329588091
4.6688209508483896,0.0008818654574800235,-0.00017716692041185738,0.0006255176801460136
4.669474108620069,0.0008814200214002574,0.00042691525855669557,0.0006255113339987219
4.670127266391748,0.000880974585320502,0.0010943010236511156,0.0006255049651689222
4.670780424163428,0.0008805291492407056,0.0013586419917565953,0.0006254986171467133
4.671433608526834,0.0008800836950259546,0.00011165813683390255,0.0006254922728039711
4.672086806357254,0.0008796382316272385,0.00016927526980809046,0.000625485919100627
4.672740004187674,0.000879192768228418,0.0009412461889602681,0.0006254795550662381
4.673393202018095,0.000878747304829792,0.00031811084012290617,0.0006254732071333994
4.674046263306147,0.0008783019345491351,0.0008879818453213324,0.0006254700915236289
4.674699261251814,0.0008779522024888692,0.0005474501004391618,0.0006259587920293755
4.675352259197482,0.0008778037601278396,0.000741673172028282,0.0006274793213564952
4.676005257143149,0.0008776553177669678,0.0007092785629396025,0.0006290178966373611
4.676658311046921,0.0008775068626853355,0.0011485468862721458,0.000630567958612894
4.677311388715856,0.0008773584022015078,0.001249270090267541,0.0006321295631934902
4.677964466384792,0.0008772099417174835,0.0003290511591003501,0.0006337028390057505
4.678617544053727,0.0008770614812335682,-0.00013717455360767207,0.0006352878821514937
4.679270506592236,0.0008769130469215511,0.0006613970167097634,0.0006368845974328441
4.6799234244596715,0.0008767646227642668,0.001011243961335055,0.0006384932881930392
4.6805763423271065,0.0008766161986070494,0.00016606700099995359,0.0006401142225255938
4.681229260194542,0.0008764677744498628,1.1055458655487337e-05,0.0006417475433910879
4.681882177807058,0.0008763193503506495,0.0016093910199230436,0.0006433934133118659
4.682535095329435,0.0008761709262719768,0.0016116052879424979,0.0006450520013466962
4.683188012851811,0.0008760225021931769,0.00048628024808620714,0.0006467119292154765
4.683840930374187,0.0008763778085989799,0.0006190671908789921,0.000646644606726961
4.6844938478965625,0.000876823131451488,0.00040114855326369624,0.0006462567460217938
4.685146765418939,0.0008772684543041574,0.001259609041035332,0.0006458675316251763
4.685799682941315,0.0008777137771566796,0.0015027545722067343,0.0006454790139568383
4.686452600463691,0.0008781591000094085,0.0015037187243968192,0.0006450912181343227
4.68710539434949,0.0008786043385353868,0.00033386623638680276,0.0006447041730377692
4.6877581521193665,0.0008790495524288665,-0.0003058254642840239,0.0006443178395067186
4.688410909889243,0.0008794947663220203,0.0006718907900166416,0.0006439322111125831
4.68906366765912,0.0008799399802154466,0.0005363487513633596,0.0006435472590587825
4.6897164884992595,0.0008803852371258117,0.0007268528096214233,0.0006431629743678396
4.690369325977806,0.000880830505384542,0.001178471582920994,0.0006427793638700072
4.691022163456352,0.0008812757736432012,0.0016600107259649968,0.0006423964294442338
4.6916750009348975,0.0008817210419018147,0.0009071039144553059,0.000642013535142664
4.69232770929737,0.0008821662032036052,0.0005847103817612565,0.0006415346396234878
4.692980387047906,0.0008826113119218559,0.00036778727710837407,0.000640896043695316
4.693633064798442,0.0008830564206400413,0.0011725513331244301,0.0006402583026877818
4.694285742548979,0.0008835015293583304,0.0013141450280636762,0.0006396224487994592
4.694938420051306,0.0008839466379071912,0.0009805599346050006,0.0006389884885319841
4.6955910975010555,0.0008843917464204983,0.000839372653804834,0.0006383564007056668
4.696243774950804,0.0008848368549335405,0.0006802614308253884,0.0006377261700546403
4.696896452400552,0.0008852819634465496,0.0008120679586058896,0.0006370978154643816
4.697549129850302,0.000885727071959871,0.001747523159058178,0.0006364713084120837
4.69820180730005,0.0008861721804730065,0.0010864071519968732,0.0006358466469375423
4.698854484749798,0.0008866172889859068,0.0015934609633988838,0.0006352238228957412
4.699507162199548,0.0008870623974991639,0.0009354257867003356,0.0006346028125980785
4.700159702736984,0.0008875074126418446,0.0007638553800868739,0.0006339837421219671
4.7008122205076805,0.0008879524122579564,0.0002404397047585154,0.0006333753511571701
4.701464738278378,0.0008870063573745225,-1.4808631517775517e-05,0.0006340962083119777
4.702117256049075,0.0008858937318704267,0.0009459411751177677,0.0006349883787485707
4.702769843415886,0.000884780987696047,-0.0004773077646320062,0.0006358855092549997
4.7034224408806535,0.0008836682263033395,0.0004562530357099877,0.0006367864364009765
4.704075038345421,0.0008825554649107489,0.0003721271877010617,0.0006376911942360246
4.704727635810189,0.0008814427035179992,0.0008744727053245465,0.0006385998287663251
4.70538005582288,0.000880330244703499,0.00167802642803885,0.0006395120984421797
4.706032453660155,0.000879217823701029,0.0006367879058539386,0.0006404282441749675
4.70668485149743,0.0008781054026984671,0.0017090304799186069,0.0006413483362593679
4.707337249334705,0.0008769929816960473,0.0012761402775722946,0.0006422723751672944
4.707989683077634,0.0008758804994697471,0.0012106430087373784,0.0006432004991614815
4.708642120631236,0.0008747680107459887,0.0003751343221915698,0.0006441326282261186
4.709294558184838,0.0008736555220221008,0.0010580617222758991,0.0006450756166771338
4.70994699573844,0.0008724821632696725,0.0017816018970315886,0.0006470568316280622
4.7105994332920424,0.0008712214860235009,0.0012921292690890223,0.0006505550179850076
4.711251870845644,0.000869960808777417,0.002103837598026333,0.0006541206204463409
4.711904308399246,0.0008687001315313838,0.0005443892770828605,0.0006577454250461917
4.712556745952848,0.0008674394542853173,0.00022407112948536671,0.0006614310585281647
4.713208997248143,0.0008661791369380658,0.00025122907473318975,0.0006651781932483917
4.713861235242753,0.0008649188452914307,-0.00016638004609207898,0.0006689895678967834
4.714513473237362,0.000863658553644584,0.0011793298044823135,0.0006728670973753959
4.715165711231973,0.0008623982619976615,0.0014748435966435492,0.0006768127397588526
4.715818024721354,0.0008611378244755138,0.0018238528737647905,0.0006808289659821559
4.716470342393002,0.0008598773788724514,0.0009178507678052774,0.000684917476732092
4.717122660064651,0.0008586169332688939,1.3600578922746877e-07,0.0006890803931298678
4.7177749777362985,0.0008573564876656702,0.0013638691363931118,0.0006933200158124555
4.718427141994194,0.0008560963384972782,0.0011824458335013275,0.0006975913076633023
4.71907930009684,0.0008555892474902117,0.0012106169489141737,0.0006949539883440676
4.719731458199486,0.0008551444931578005,-0.00011431807123155264,0.0006917385465526148
4.720383616302131,0.0008546997388254364,0.0007821670918953614,0.0006885635750330545
4.721035852092926,0.0008542549315119286,0.0017353610987283583,0.0006854314978158386
4.721688089867743,0.0008538101228453455,0.001756787954307545,0.0006823417138947383
4.722340327642561,0.0008533653141788738,0.0007584958614170294,0.000679293288974319
4.722992565417379,0.0008529205055120902,-0.00013826900131353663,0.0006762853084511989
4.723644606007649,0.0008524758313200058,6.885686431152562e-05,0.0006733177640174093
4.724296644309039,0.0008520311586890967,0.0007232030614764168,0.0006703889312522738
4.724948682610428,0.0008515864860577922,0.00011603766748681239,0.000667497934014471
4.7256007209700295,0.0008511418133871261,0.0006617626623713028,0.000664643968295725
4.726252799009887,0.0008506971136554302,0.0008090336939410987,0.0006618260980286754
4.726904877049745,0.0008502524139237994,0.0005570309551608721,0.0006590537962915141
4.727556955089603,0.0008507051281085595,0.0023404335245204295,0.0006578255326204938
4.728209033129461,0.0008523358791461813,0.0013390942141416958,0.0006585831449471649
4.728861111169319,0.0008539666301834861,0.0008745395384824878,0.000659356611301778
4.729513189209177,0.0008555973812210692,0.000513836256747283,0.0006601328202853428
4.730165267249035,0.0008572281322586575,0.0018676625099070155,0.0006609117774586393
4.730817340031143,0.0008588588701473069,0.0019590610685424675,0.0006616934883155727
4.731469218665977,0.0008604891225021744,0.0008324291124755933,0.0006624777435627394
4.732121097300809,0.0008621193748570501,0.0008355208548536057,0.0006632648028645718
4.732772975935642,0.0008637496272120704,0.0003527886510800817,0.0006640546705870611
4.733424857623664,0.0008653798872023936,0.0008590535586747097,0.0006648473831320659
4.734076815913636,0.0008670103387633344,0.0004925435555055749,0.0006656430124961838
4.734728774203609,0.0008686407903239922,0.0006739982505505211,0.0006664415201476031
4.735380732493582,0.0008702712418846503,-8.219939482720774e-05,0.0006672429091424441
4.736032682802815,0.0008719016734865404,-4.010329991050907e-06,0.0006680459977072516
4.73668448163369,0.0008737404001865879,0.0013287072210443121,0.0006686734856659255
4.7373362804645645,0.0008755925223475379,0.0009099493515310177,0.000669290092736752
4.737988079295439,0.0008774446445086122,0.0003557855180042948,0.0006699083287238722
4.738639878117761,0.0008792967666450123,0.0009402104578111867,0.0006705282800577504
4.739291676809621,0.0008811488884110872,0.00044675339319326943,0.0006711499587357417
4.739943475501482,0.0008830010101769442,0.0006873616116265301,0.0006717733727316602
4.740595274193343,0.0008848531319428286,0.00035500543101613265,0.0006723985338595505
4.741247072885203,0.0008867052537087867,0.00035794009743900126,0.0006730254385573412
4.741898871577063,0.0008885573754746755,0.0013965230710815749,0.0006736541025699988
4.7425506702689235,0.0008904094972406097,0.0013795355334620838,0.0006742845322143761
4.743202468960784,0.0008922616190066493,0.001574603573581704,0.0006749167418667713
4.743854254420344,0.0008941137031720636,0.0007327214527556461,0.0006755507065376077
4.7445058937019065,0.0008959653719650013,0.00030543777385372707,0.0006761824259543933
4.745157532983468,0.000896575090509989,0.0031103355560951626,0.000676223461148075
4.745809172265029,0.0008956121132835488,0.0013550144768835137,0.0006755187255987699
4.746460818993449,0.0008946491250522725,0.0016593991937008078,0.0006748112583973456
4.747112537915551,0.0008936860301350456,0.0007910384403123822,0.0006741059259020836
4.7477642568376535,0.0008927229352177115,0.0019663483844620075,0.000673402790537615
4.748415975759756,0.0008917598403004775,3.488953615878672e-05,0.0006727018717369614
4.749067674007593,0.0008907967759350896,2.3523015552011513e-05,0.000672003141721602
4.749719193678421,0.0008898339754666605,0.0010210555482792387,0.0006713045390025036
4.750370713349247,0.0008888711749982759,0.0006128701506860263,0.0006702714521133305
4.751022233020075,0.0008879083745299805,-4.472643052933303e-05,0.0006689886733067972
4.751673757205843,0.0008869455673893761,0.00122863945538753,0.000667711544397547
4.752325316646991,0.0008859827081493448,0.0026014124846453325,0.0006664416176948296
4.752976876088138,0.0008850198489091224,0.0009256996109509341,0.0006651789128206795
4.753628435529286,0.0008840569896691448,0.001645676552954375,0.0006639298693915091
4.7542799949704335,0.000882676187265406,-4.55781445263373e-05,0.0006636612716283387
4.7549315544115816,0.0008812690914049065,0.0008559020428927338,0.0006634607791487108
4.75558311385273,0.00087986199554426,0.0016734652488497542,0.0006632608928533456
4.756234673293877,0.0008784548996836045,0.0015746100141749261,0.0006630611684839015
4.756886206426917,0.0008770478606374406,-4.444923883257796e-05,0.0006628616453713395
4.757537566685053,0.0008756411949288034,0.0010777198534459834,0.0006626623513647874
4.758188926943188,0.0008742345292202292,0.0007582442619088561,0.0006624632459815785
4.758840287201323,0.000872827863511537,0.0006520168339046886,0.0006622643107908172
4.759491658675954,0.0008714211735799266,0.0007419360744410942,0.0006620655557483453
4.760143098557599,0.0008700143359180056,0.0021366093064811575,0.0006618669563594276
4.760794538439242,0.0008686074982558256,0.0014697730400942246,0.0006616685389537312
4.761445978320887,0.0008672006605935674,0.0015184149882961897,0.0006614703076692008
4.76209739440078,0.0008657938743333716,0.0011486070733710489,0.0006612748145977098
4.76274867498182,0.0008650000000000166,0.0006603501249335099,0.0006614664083505375
4.76339995556286,0.0008649999999999478,0.0016483769651350105,0.0006621592199298119
4.764051236143899,0.0008649999999999205,0.001583904972682375,0.0006628575512650043
4.764702516718027,0.0008649999999999576,0.0008605062430296133,0.0006635580944305762
4.765353797255237,0.0008650000000000081,0.0004603124869907781,0.000664260870357441
4.766005077792447,0.0008650000000000288,0.0019305392948657909,0.0006649658754677488
4.766656358329658,0.0008650000000000041,0.00033210040071923676,0.00066567311796404
4.767307638866868,0.0008649999999999283,-0.0005322847764249407,0.0006663826285988002
4.767958919404078,0.0008649999999999861,0.0004562242030469716,0.0006670944052402786
4.768610199941288,0.0008649999999999533,0.0011845337670411656,0.0006678084643777007
4.769261480478499,0.0008649999999999708,0.0014082768405502665,0.0006685248194995347
4.76991273348877,0.0008649999999999259,0.0007131553233681981,0.000669243455481809
4.770563854774083,0.0008649999999999071,-0.0001798789687895699,0.0006699642637735198
4.771214976059395,0.0008649999999998973,0.0009013431274117582,0.0006706907069675249
4.771866097344708,0.0008643144283907594,0.00018873910394568826,0.0006719181889119669
4.772517232973617,0.0008635742492058463,0.0007368930695828264,0.0006731957669051745
4.7731684338678395,0.0008628339958306884,0.0005825054464434399,0.0006744810252725822
4.773819634762061,0.0008620937424553322,0.0007203655789882219,0.0006757736682877158
4.774470835656283,0.0008613534890801451,0.0010447349611297603,0.0006770737518133569
4.77512199928105,0.0008606132780707796,0.0008617400315906314,0.0006783812881462712
4.775773001145696,0.0008598732509426747,0.0008973885916559849,0.0006796960796093218
4.776424003010341,0.0008591332238145748,0.000741080319330768,0.0006810185358602669
4.777075004874986,0.0008583931966864218,0.00029615515513047627,0.0006823487221322165
4.777726006741045,0.0008576531695566203,0.0011148619556618827,0.0006836867302947262
4.778377008612989,0.0008569131424202125,0.001028708369532785,0.0006850326207075001
4.779028010484933,0.0008561731152837918,0.0002565879685510827,0.0006863864683056618
4.779679012356877,0.0008554330881472319,0.00039823611905323857,0.0006877423216868722
4.7803300221761065,0.0008547544694921627,0.0009246713716080644,0.0006881863028406693
4.780981063842773,0.0008541624788881587,0.0009973067015947195,0.0006873428841147248
4.78163210550944,0.00085357048828431,0.00041297311215981596,0.0006864940456896954
4.7822831471761065,0.0008529784976802756,0.0009653439987607619,0.0006856483580875953
4.782934147894408,0.000852386544310661,0.0013275490353055832,0.0006848058199524799
4.783584990599621,0.0008517947346216848,0.0003796126771455306,0.0006839665899268613
4.784235833304836,0.000851202924933138,0.0011574302955096646,0.000683130435467163
4.784886676010049,0.0008506111152445312,0.0007623418953943493,0.0006822973458337565
4.785537535543037,0.0008500192902541922,-0.0007268746462684378,0.0006814672667416793
4.786188457840128,0.0008494274081927234,0.00019042027497177154,0.0006806401227993115
4.786839380137219,0.000848835526131262,0.0007855784303177062,0.0006798159769806606
4.78749030243431,0.0008482436440699052,-0.0005227585649480606,0.0006789948205908161
4.7881411902298225,0.0008476517933805616,0.0005421863965263211,0.0006781766835323493
4.788791953384501,0.0008470600560268349,0.0007008123105914016,0.000677367523123724
4.789442716539179,0.0008475317417657905,0.0006542153162969893,0.000677442372377211
4.790093479693858,0.0008481235463852822,0.0014147047959806188,0.0006776228513638642
4.790744242859866,0.0008487153510151098,0.000842387406214965,0.0006778041203389695
4.791395006065597,0.0008493071556807865,0.0007667086124966088,0.0006779855494556378
4.792045769271328,0.0008498989603468473,0.0004993748783189253,0.0006781671249004259
4.79269653247706,0.000850490765012744,0.001458926917850475,0.0006783488474460706
4.793347295682791,0.0008510825696785233,0.0023613706149174106,0.0006785307104971301
4.793998058888523,0.0008516743743445717,0.0004921805294331765,0.0006787127255676567
4.7946488220942545,0.0008522661790103509,-7.204099319436442e-05,0.0006788948873943329
4.795299585299985,0.0008528579836763257,0.0016652884297713613,0.0006790771911535124
4.795950311800727,0.0008534497549626392,0.0007802214122834461,0.0006792596282821471
4.796600915912659,0.0008540414149484058,0.0003372432671622886,0.0006794421733708404
4.7972515200245915,0.0008546330749342316,0.0011930348160200475,0.0006796247087885401
4.797902124136524,0.0008555898621125306,0.0010242702426648319,0.000679781329601627
4.7985527376021935,0.0008571428153723644,0.001452488394789646,0.000679895767098148
4.799203381540431,0.0008586958413673606,0.0006776064944243986,0.0006800099888559618
4.799854025478667,0.0008602488673621542,0.0001890502419094797,0.0006801242664948404
4.800504669416904,0.0008618018933570004,0.0008582400195468807,0.0006802386104922828
4.801155275415923,0.0008633548287945774,0.002062499928531309,0.0006803530071051845
4.801805760296802,0.0008649074751344388,0.00022293089259875758,0.0006804674405016811
4.802456245177682,0.0008664601214744946,0.0010237481197034083,0.0006805819249477923
4.803106730058562,0.0008680127678142507,0.0005267403940706419,0.0006806964688314252
4.803757214964124,0.0008695654142130854,0.000862691739766073,0.0006808110656990141
4.804407699947022,0.0008711180607965162,0.0003599330843321169,0.0006809257305062389
4.805058184929922,0.0008726707073798609,0.0017331199531684513,0.0006810404552643978
4.80570866991282,0.0008742233539632622,0.0020980735071438874,0.0006811552322648315
4.806359154895719,0.0008757760005467845,0.0019773447257738597,0.0006812732112983699
4.8070096398786175,0.0008776449916850143,0.00011863047835845137,0.0006818634305951262
4.807660124861516,0.0008795673160263497,0.0010871041504173647,0.0006825381780779403
4.808310609844415,0.0008814896403676922,-0.0008091161136488629,0.0006832154665189906
4.808961055502141,0.0008834118484946059,0.0005360395205268215,0.00068389472040335
4.8096113814762465,0.0008853337029304739,0.0012691942346001021,0.0006845758853091302
4.810261707450351,0.0008872555573663937,0.0011428925026893014,0.0006852591019523906
4.810912033424457,0.000889177411802008,-0.0009662303043238012,0.0006859443569640207
4.811562369349647,0.0008910992956456786,0.0009087628139156824,0.0006866316924598522
4.812212735167002,0.0008930212678270251,0.0008833224106442129,0.0006873211361943007
4.812863100984356,0.0008949432400081026,-0.00017427736892951522,0.0006880126460084532
4.8135134668017105,0.0008968652121895935,0.00045961439784659725,0.0006887062720795692
4.814163792604287,0.0008987870661185702,0.0007598783279314754,0.0006894019335249551
4.814813999449252,0.0009007085685019601,8.303319531270301e-05,0.0006901010605950695
4.815464206294218,0.0009013940937416196,0.0006270118114310031,0.0006910270802153193
4.816114413139183,0.000899546285270016,0.000190077264014474,0.0006924152918784457
4.816764620022896,0.0008976984766883485,0.001089571855955714,0.0006938149379407596
4.817414827020759,0.000895850667782271,0.0010749238537666422,0.0006952230988302922
4.818065034018622,0.0008940028588761756,0.0022990191695832257,0.0006966398414857337
4.818715241016486,0.00089215504997018,0.0015875578768563738,0.0006980652448951348
4.819365448014349,0.0008903072410640951,0.0013190159814002451,0.0006994994260006106
4.820015655012212,0.000888459432158054,0.0003358568281491512,0.0007009424593018769
4.820665862010076,0.0008866116232520211,0.0005083785963340666,0.0007023944371681382
4.821316069007938,0.0008847638143460013,0.00010468574248592342,0.0007038554412005987
4.821966235421238,0.0008829161207762543,0.0016874141563393754,0.000705325504769498
4.822616283495226,0.0008810687635124541,0.0020293197522596807,0.0007068045065106511
4.823266331569214,0.0008792214062486971,0.0005260362235014691,0.0007082928389469817
4.823916379643203,0.0008773740489848793,0.0014393140720996638,0.0007097788712717877
4.824566448088487,0.0008757625130872913,0.0008330964341414224,0.0007095102154485806
4.8252165757056895,0.0008742107195024027,0.001924287709598238,0.0007087856308079437
4.825866703322891,0.0008726589259170384,0.0012283283626977534,0.0007080603071410931
4.8265168309400925,0.0008711071323322245,0.0007602029182225792,0.0007073372056618977
4.827166907605715,0.0008695554603637158,0.0006771922340822234,0.0007066163699663822
4.827816836652346,0.0008680041407477964,0.0003330226272825254,0.0007058978907955582
4.828466765698977,0.0008664528211323543,0.0005305391387942311,0.0007051816125534978
4.829116694745608,0.0008649015015164985,0.0005741467895670415,0.0007044674979915765
4.829766644200502,0.000863350133188122,0.0016468517192275885,0.0007037555359578156
4.830416652783047,0.0008617986237276805,-0.0006267057481727016,0.0007030456482322253
4.8310666613655915,0.0008602471142671651,0.0015408982124316094,0.0007023379161279989
4.831716669948137,0.0008586956048066832,0.0003695916677799297,0.0007016323286077718
4.832366627640624,0.0008571442168159711,0.0006977187000502791,0.0007009319097374905
4.833016437703479,0.0008558062547419017,0.0007680161923005338,0.0007006924003171322
4.833666247766334,0.00085506758239593,0.00046585088150329844,0.0007017258029969242
4.834316057829189,0.0008543289100497282,0.00046995749471131246,0.0007027723024509369
4.834965878084599,0.0008535902261172919,-0.0008280745342605064,0.0007038235107155448
4.8356157280220575,0.0008528515084436499,0.0017477062594055456,0.0007048794886230082
4.836265577959515,0.0008521127907702567,0.0016759960415035182,0.0007059402120938827
4.836915427896973,0.0008513740730966664,0.0006074357387345367,0.0007070057525802264
4.837565277834432,0.0008506353554229622,0.0011268019844279799,0.0007080760993728592
4.83821512777189,0.0008498966377493257,0.0013030263618765453,0.0007091513150816642
4.838864977709347,0.0008491579200757788,0.0010181315025171672,0.0007102314344822837
4.839514827646806,0.0008484192024023712,0.0006334591382884524,0.0007113165058358743
4.84016462734144,0.0008476805418423836,0.000793959466740293,0.0007124064588776501
4.840814278827011,0.0008469420497589872,0.0007798788924578551,0.0007135011775350918
4.841463930312583,0.0008462035576759555,0.00043543883494800815,0.0007145926168755328
4.842113581798154,0.0008465348736055457,0.0016977722163511464,0.0007144322721594679
4.842763253279928,0.0008472733044781575,0.0018799810149768682,0.0007137887338165925
4.843412984284382,0.0008480118030056382,0.0004362223417883886,0.0007131436985113395
4.844062715288835,0.0008487503015331075,-0.0004506234569551156,0.0007125004237485344
4.844712446293289,0.0008494888000605807,-0.00018830456766643212,0.0007118588638880323
4.845362127794352,0.0008502272423213806,0.0013598624133456905,0.0007112190832234702
4.8460116603977434,0.0008509655153417531,0.0011842105627481994,0.0007105811743680607
4.846661193001135,0.0008517037883622526,0.0006738166078880097,0.0007099449594740484
4.847310725604527,0.0008524420613825413,0.0001379652649508978,0.0007093104666785397
4.847960268063905,0.0008531803456056549,0.001435503651085962,0.0007086776475789149
4.84860984055872,0.0008539186639676201,0.0017017754485410953,0.0007080464828270173
4.849259413053536,0.0008546569823295135,0.0007572831469182944,0.0007074169942500269
4.849908985548352,0.0008553953006913867,0.0009694945948066843,0.0007067901229481505
4.850558558043168,0.0008561870879395765,0.000978044256569906,0.0007063098895383929
4.851208130537984,0.0008572208511460752,0.0006037200918816497,0.0007064682058542668
4.8518577030328,0.0008582546143524639,-0.00021885311406506303,0.0007066308875037666
4.852507275527615,0.0008592883775590461,0.002342944692614167,0.0007067936928886054
4.853156800182262,0.0008603220646302705,0.0008713065320885519,0.0007069565789622458
4.853806174343745,0.000861355512198759,0.00030688741069649216,0.0007071195577956621
4.8544555485052285,0.0008623889597674512,7.074936200475316e-05,0.0007072826378418681
4.855104922666712,0.0008634224073359518,-0.00032802774844631994,0.0007074458360876919
4.855754315733176,0.0008644558849908677,0.0005623845942928376,0.0007076091551783861
4.8564037693965085,0.000865489459082881,0.002337554630478092,0.0007077725967004296
4.857053223059841,0.0008665230331747028,0.0008829762907921784,0.0007079361619594284
4.857702676723175,0.0008675566072666732,0.000735886750149357,0.000708099830134191
4.858352083962441,0.0008685901074770252,0.00034369520396653353,0.0007082636047964963
4.8590013393432105,0.0008696233660116721,-0.00041350658027081307,0.0007084325900171733
4.85965059472398,0.0008704220678014229,0.0016012333960357054,0.0007093776397634784
4.86029985010475,0.0008710862299321232,0.0006688283511168872,0.0007107779735072475
4.860949114663626,0.0008717504014516839,0.0019685131774392108,0.0007121896249907434
4.861598409952597,0.0008724146044070876,-0.0003424544113216564,0.0007136097842125718
4.862247705241569,0.000873078807362426,0.0010597251290153202,0.0007150384564349481
4.86289700053054,0.0008737430103177514,0.0015888693244391246,0.0007164757400646147
4.8635462958195115,0.0008744072132729739,0.0005387502974863968,0.0007179217133118259
4.8641955911084835,0.00087507141622828,0.0012143359025300615,0.0007193764590834349
4.864844886397455,0.0008757356191834428,0.0017787494804781313,0.000720840078168877
4.865494181686427,0.0008763998221387824,0.0009127503990135322,0.0007223126633021091
4.866143433228748,0.0008770639803430454,0.0013984753348583773,0.0007237941877106115
4.866792530302811,0.0008777279805325149,0.0018171417890321855,0.0007252844961695364
4.8674416273768735,0.0008783919807219813,0.0018733657812051471,0.0007267835485791111
4.868090724450936,0.0008791119618229332,0.0013145710966082653,0.0007282132780646111
4.868739838660032,0.0008804399972585507,0.0006935305154249119,0.0007288511055920017
4.869389015218913,0.0008817681602569058,0.00018283689162346302,0.0007294853439564703
4.870038191777794,0.0008830963232553504,0.00022579452480558416,0.000730121252464364
4.870687368336675,0.000884424486253831,0.0016949631928321741,0.0007307588068387766
4.871336503240435,0.0008857525640291998,0.0018599434876801063,0.0007313980010009187
4.871985481635121,0.0008870803215994588,0.00048777638107425813,0.0007320387140681216
4.872634460029807,0.0008884080791699078,0.0013128647661744077,0.0007326811196427163
4.873283438424492,0.000889735836740311,0.0003063056317011326,0.0007333252112225304
4.873932416896252,0.000891063594468459,0.0004972104334646182,0.0007339710210661957
4.874581395668112,0.0008923913528103158,-0.0017119083562126187,0.0007346185292984817
4.8752303744399725,0.0008937191111523547,0.0013599236286012295,0.000735267751006985
4.8758793532118325,0.0008950468694946178,0.002244755248811015,0.0007359186998874705
4.876528339804418,0.0008963746438371687,0.0019145857229809155,0.0007365683465353915
4.877177358124039,0.0008980148131438281,0.0011383387011733742,0.000736757856272319
4.877826376443662,0.0008999330212045016,0.0020008972846287673,0.000736536144046527
4.878475394763284,0.0009018512292651289,0.0014687891219435844,0.0007363118979296256
4.879124375165976,0.0009037693252604702,0.00045787344406423403,0.0007360878830464142
4.879773195388983,0.0009056869478360542,0.0009578142476367027,0.0007358641117301386
4.880422015611991,0.0009076045704118234,0.0005977021293348062,0.0007356405422627025
4.881070835834999,0.0009095221929874263,0.000640248216141431,0.000735417174499048
4.8817196707254,0.0009114398589132288,4.4000623834800534e-05,0.0007351940232098445
4.882368570416194,0.0009133577163601957,0.0015052738463992156,0.0007349710267203359
4.883017470106989,0.0009152755738071584,0.002076479422668742,0.0007347482318569041
4.8836663697977825,0.000917193431254103,0.0019011033144675305,0.0007345256518017854
4.884315234337353,0.0009191111848096325,0.00025348735837265625,0.0007343032820109208
4.8849639359821895,0.0009210284569211377,0.00021663457717924488,0.0007340811576098748
4.885612637627027,0.000922945729032957,0.001213523441465584,0.0007338625554278968
4.886261339271864,0.0009193460669625843,0.0003311575642547436,0.0007341440161224979
4.886910040989356,0.0009155856910141807,0.000709064391065055,0.0007344436922955984
4.887558743061777,0.0009118253130085634,-7.531891101912396e-05,0.000734743832586077
4.8882074451341975,0.0009080649350029169,9.182995068389758e-05,0.0007350443383680064
4.888856147206618,0.0009043045569973082,0.0012242878166872206,0.0007353452016063751
4.889504849279039,0.0009005441789916433,0.0008349548233592099,0.0007356464501746128
4.890153551351459,0.0008967838009859985,0.0010353589869782263,0.0007359480523830043
4.89080225342388,0.000893023422980488,0.0022505435642084645,0.00073625002102151
4.891450955496301,0.0008892630449748193,0.00026670249178689393,0.0007365523561978281
4.892099633272909,0.000885502807806731,0.000979920680874638,0.0007368550523798475
4.892748176880923,0.0008817433483828704,0.0009720031176286032,0.0007371580412463296
4.893396720488939,0.000877983888959376,0.000707382306802257,0.0007374614085334222
4.894045264096954,0.000874224429535681,0.0009123130433453089,0.0007377639965016393
4.894693819207483,0.0008728127905651598,0.0005356744816891025,0.0007378905394740973
4.895342442266253,0.0008748035627131189,0.0001323775466467676,0.0007377628439287637
4.895991065325022,0.0008767943348614212,0.0010291882067343754,0.0007376335305439808
4.896639688383792,0.0008787851070094344,0.0008321971249938316,0.0007375042887897588
4.897288284527081,0.0008807757965478222,0.0017058221435727451,0.0007373751276760949
4.897936709658003,0.0008827659612101113,0.0008701312439265451,0.0007372460667050971
4.898585134788925,0.0008847561258724377,0.0015928904729743108,0.000737117058101113
4.899233559919847,0.0008867462905349781,0.00038065344140914383,0.0007369881229652275
4.899881985111324,0.0008887364553830773,0.0015454530768321201,0.0007368592676229124
4.900530410720152,0.0008907266215124778,0.00011172404234619838,0.0007367304667024082
4.90117883632898,0.0008927167876415131,0.0020476844919900578,0.0007366017516201258
4.901827261937807,0.0008947069537706888,0.0015503378804247452,0.0007364730764098767
4.9024756875466355,0.0008966971198998052,0.0005111896227051539,0.000736344473489846
4.903124113155464,0.0008986872860288765,0.00030243705252063575,0.0007362143362225628
4.903772538764292,0.0009004287783110499,0.0007821885382392763,0.0007358432504862459
4.90442096437312,0.0009021239123189167,0.0002379317786475074,0.0007354263416832425
4.905069373084467,0.0009038190021531197,0.0012179885611611704,0.0007350098598695288
4.905717640313251,0.0009055137221191861,0.0006324265892287851,0.0007345941548480911
4.9063659075420345,0.000907208442085502,0.0005998394812965595,0.0007341791556058955
4.9070141747708185,0.0009089031620514427,0.00195934180851009,0.000733764855092894
4.907662445853916,0.0009105978920936664,0.00021343182822756296,0.0007333512658358397
4.90831075305047,0.0009122927165446732,0.0005688618547647374,0.0007329383257982547
4.908959060247025,0.0009139875409956923,0.0007577715038940246,0.0007325260951243803
4.90960736744358,0.0009156823654469227,0.0011990625549931047,0.0007321145416407159
4.910255661071113,0.0009173771544253468,0.0006083455639382015,0.0007317037050483049
4.9109038099237505,0.0009190715649290994,0.0015362974728628893,0.0007312936334169523
4.911551958776389,0.0009207659754326869,0.0013261196283981657,0.0007308863862449729
4.912200107629028,0.000921339446265188,0.0014659033035617007,0.0007308055637149836
4.912848256521123,0.0009189083353949145,0.0012780770484091448,0.0007315865687302574
4.913496405901904,0.0009164772226912226,0.0019322667805868868,0.000732375811503731
4.914144555282686,0.0009140461099875853,0.0024590413292886757,0.0007331675970693705
4.914792704663467,0.0009116149972840671,0.0024111960403295626,0.0007339619577432499
4.915440854044248,0.0009091838845805753,0.001526921660283281,0.0007347588900647337
4.9160890034250295,0.0009067527718769849,5.099858600799822e-05,0.0007355584165850823
4.916737152805811,0.0009043216591736788,-4.0689531724983925e-05,0.0007363605441277394
4.9173853021865925,0.000901890546469965,0.0006861360251982069,0.0007371652939594779
4.9180334414300715,0.0008994594717899056,0.0006460103950512601,0.0007379726548434192
4.918681393085176,0.0008970291007261871,-0.00021245757573668477,0.0007387824245869502
4.919329344740282,0.0008945987296625296,0.0020282490499620776,0.0007395948739284638
4.919977296395387,0.0008921683585988848,-0.0003134813880952354,0.0007404099840620975
4.920625251152612,0.0008897379758994642,0.0014317040700419586,0.0007412240448799881
4.921273282221976,0.0008874097136657277,0.0008759908283477173,0.0007414766329204274
4.921921313291341,0.0008851260984390479,0.0015611663977726483,0.0007414805946376505
4.922569344360705,0.0008828424832122911,0.0004637748306803579,0.0007414829373783821
4.923217371218568,0.000880558882826448,0.0004695067327692938,0.0007414852532815356
4.923865244028255,0.0008782758252956056,0.0006518242887225502,0.0007414875894439292
4.92451311683794,0.00087599276776469,0.0004936342743462033,0.0007414899182541699
4.925160989647626,0.000873709710233465,0.0019272813787158999,0.000741492254013142
4.92580886246536,0.0008714266526743199,0.0019095862487794363,0.0007414945682047713
4.92645673585334,0.0008691435931050164,0.0008168640236416541,0.0007414968979489884
4.9271046092413195,0.0008668605335364135,-9.532417979457109e-05,0.0007414992357589586
4.927752482629299,0.0008645774739675639,0.001973003716951891,0.0007415015581595343
4.9284003560172795,0.0008622944143986947,0.00020640232906245367,0.0007415038950338498
4.929048229405259,0.0008600113548299035,0.0012456547181217796,0.0007415079888500014
4.929696102793239,0.0008578597812354677,0.0006623354668640292,0.0007417913960369533
4.930343976181219,0.0008566815618437178,0.0005865496145334855,0.0007440584875740698
4.930991849569199,0.0008555033424520384,0.0009203043916933055,0.0007463598208938169
4.931639527906199,0.0008543254777792262,0.0019486526669307397,0.0007486818990494986
4.932287203686261,0.0008531476177563271,0.0008376941875098524,0.0007510257233671795
4.932934879466323,0.0008519697577336125,0.000540402826758613,0.0007533916387973431
4.933582555246385,0.0008507918977106237,0.0010774707613089183,0.0007557800282663002
4.934230308291425,0.0008496138971741365,0.0012953052833759215,0.0007581914850139476
4.934878063468715,0.0008484358927597357,-0.00016768298287293663,0.0007606261227340513
4.9355258186460045,0.0008472578883454522,0.00027730928000526463,0.0007630843173469304
4.936173573823295,0.0008460798839311949,0.0016052036424955836,0.0007655664300931665
4.936821139546039,0.0008449022240578938,-9.076915875676911e-05,0.0007680721191905771
4.93746869716584,0.0008437245789211906,0.001424762274879008,0.0007706024850876015
4.9381162547856405,0.0008425469337838514,0.0003811110483264865,0.0007731425417119021
4.9387638124054405,0.000842078847881196,0.0014804293683649363,0.0007733672778312483
4.939411444996004,0.0008422260873016587,0.0010599839511283235,0.0007715738637948796
4.9400590820057335,0.0008423733277267241,0.0010015485323685758,0.0007697796249106579
4.940706719015463,0.0008425205681517669,0.0024390367105794728,0.0007679977942682338
4.941354356025192,0.0008426678085767505,0.0015685981007085186,0.0007662282749620251
4.942001809463274,0.0008428150072668616,0.0016020280885529936,0.000764471397836461
4.942649248965918,0.0008429622027886352,0.0013588103231613898,0.0007627265541356568
4.943296688468563,0.0008431093983104695,-0.0001762073312691337,0.0007609935816677726
4.943944127971208,0.000843256593832062,0.0003582341134776145,0.0007592723389606623
4.944591568074328,0.0008434037894906114,0.0005726359635020357,0.0007575627020224076
4.945239008233902,0.0008435509851617259,0.00014571656982993763,0.0007558645271673496
4.945886448393477,0.0008436981808328229,0.0009865158586459032,0.0007541777104736152
4.946533888553051,0.0008438453765040698,0.0008729529419209703,0.0007525021062158797
4.947181328712626,0.0008439925721751284,0.0016792949019876547,0.0007508469953388112
4.9478287688722,0.0008465854112604287,0.000480118620239745,0.0007506041038603401
4.948476209031774,0.0008493082216610475,0.0002800449490969112,0.0007504454070786314
4.949123649191349,0.0008520310320615722,7.957807897545092e-05,0.0007502873121556699
4.949770949950777,0.0008547532562148745,0.0010589235403607674,0.000750129350366087
4.950418232030893,0.0008574754018122671,3.687103960644503e-06,0.0007499714757224573
4.9510655141110105,0.0008601975474092412,-0.0007481603357907534,0.0007498137167052095
4.951712796191127,0.0008629196930065669,0.0008034775650301973,0.0007496560496302159
4.952360112913574,0.0008656419842920263,0.0006742064790170811,0.0007494984843923357
4.953007435020484,0.0008683642982220762,0.0005304054209852319,0.0007493409950179822
4.953654757127395,0.000871086612152075,0.001106089176008488,0.0007491836177572805
4.9543020792343055,0.0008738089260821632,0.002115144143991699,0.0007490263247648814
4.954949267220349,0.0008765306759665916,0.000607217729687118,0.0007488691675264385
4.955596431283799,0.0008792523252442756,0.0012932008986493943,0.0007487125312904404
4.956243595347249,0.000880552498192425,-0.0004760398169561034,0.0007486198079903511
4.956890759410698,0.0008793020106864204,0.0012346022046629762,0.0007486407321549595
4.957537924061933,0.0008780515220443396,0.0014106819756437503,0.0007486623923785996
4.958185088832243,0.0008768010331727425,0.0014766261025661556,0.0007486840713118436
4.958832253602554,0.0008755505443005743,0.00261936544547506,0.0007487057431315971
4.959479418372864,0.0008743000554286201,-0.0002584201933415832,0.0007487274101960753
4.960126583143175,0.0008730495665568253,-0.0005442201888340631,0.0007487490773523819
4.9607737479134855,0.0008717990776847115,0.0011124749156797016,0.0007487707478819219
4.9614209126837965,0.0008705485888126982,0.0015453841198681036,0.0007487924323813558
4.962068077454107,0.0008692980999409711,0.0009081175056621062,0.0007488141023709201
4.962715085189117,0.000868047914501522,0.0012499767920540357,0.0007488357764057945
4.963362052653727,0.0008667978068751964,0.000281936543148908,0.0007488574539561385
4.964009020118335,0.000865547699248457,0.0010676798705778656,0.0007488791280973184
4.964655987582945,0.0008642975916219557,0.0009843642701114724,0.0007489041723391353
4.9653030167518235,0.0008636637375796732,-0.00040599955578673964,0.0007494347396463206
4.965950063569867,0.0008632224188449845,0.001437085162791021,0.000750127935803216
4.966597110387911,0.0008627811001104451,-0.00023635049523768937,0.0007508241253229073
4.967244157205955,0.0008623397813759344,0.001187751747767761,0.0007515222682386611
4.96789105430059,0.0008618985647602539,0.0009349907573456745,0.0007522221630675676
4.9685379038632185,0.0008614573805638872,0.0016033110360792438,0.0007529239923102242
4.969184753425847,0.00086101619636734,0.002007549686004205,0.0007536277717796577
4.969831602988476,0.0008605750121712341,-0.00011617393941986082,0.0007543335075394528
4.970478453116326,0.0008601338275892888,0.0012360023480458807,0.0007550412407827039
4.971125303442776,0.0008596926428719513,0.0018110295540851146,0.0007557509647706318
4.971772153769225,0.0008592514581544987,-9.638501421351127e-05,0.0007564626781415213
4.972419004095676,0.0008588102734370206,0.0007841534734444098,0.00075717641348049
4.973065854422126,0.0008583690887196986,0.0005877908262919332,0.0007578928978464531
4.973712704748576,0.0008583724536493087,0.0004620092711835679,0.0007587238015053351
4.974359555075026,0.000860651648934523,0.0019777780870031065,0.0007601171598306569
4.975006405401476,0.0008629308442198259,0.001000058452541754,0.0007615219604944706
4.975653145128795,0.0008652096498060341,0.0018357290756773185,0.0007629343502655255
4.976299837555613,0.0008674882887275826,0.000468218491821688,0.0007643545085190798
4.976946529982433,0.0008697669276489323,0.00013816854518584204,0.0007657826319760646
4.977593222409252,0.0008720455665706066,0.002244615418834598,0.0007672187796727536
4.978239942095017,0.0008743243015396315,0.0014615611502146303,0.0007686630740002009
4.978886674583784,0.0008766030816203847,0.00023542128669735258,0.0007701156030506357
4.97953340707255,0.0008788818617012181,-3.4567104362274136e-05,0.0007715763703612398
4.980180139561315,0.0008811606417823239,0.0010203316247075671,0.0007730454975067406
4.980826741967262,0.0008834389635127038,0.001467684019984813,0.0007745227297266866
4.981473277334596,0.0008857170490308104,0.0008973827039338882,0.0007760083051849784
4.9821198127019315,0.0008879951345488104,0.0020362094889757507,0.0007776063330441823
4.982766348069266,0.0008885892371613472,0.0008955060852319349,0.000795471918057461
4.9834128839609395,0.000887854286733284,6.164844915751964e-06,0.0008292654135660876
4.984059420148944,0.0008871193359682192,-0.0005028339028010287,0.0008678660640394411
4.984705956336949,0.0008863843852029862,0.0003639059371330416,0.0009123902060600578
4.985352492524953,0.000885649434438025,0.0008104133067283665,0.0009645194527048014
4.985999028712958,0.0008849144836729064,0.0006111041654183295,0.0010266864851636909
4.986645564900963,0.0008841795329079022,0.0019369646409732137,0.0011025672253255777
4.9872921010889675,0.0008834445821428267,-0.0007123198861412289,0.001198032496348375
4.987938637276971,0.0008827096313776901,-0.0007233916093686737,0.0013231656254603509
4.988585079499236,0.000881974787428317,-0.0012069124726951385,0.001497075867386144
4.989231457883356,0.0008812400160470274,0.0011615911476620683,0.0017617959216560278
4.9898778362674765,0.0008805052446660551,-0.0007093364265290471,0.002234747657427883
4.990524214651597,0.000879770473284495,0.004258824045874402,0.003447731023535677
4.991170616021403,0.0008790356757740448,-0.01976742958598955,0.041722971000703976
4.9918170344861394,0.0008789999999998716,-4.432252690799936,6.843315583600333
4.992463452950876,0.0008789999999999149,745.6468480785996,2842.0940993996255
4.993109871415613,0.000878999999999909,-472.4540962179829,2930.2793677195973
4.993756202946171,0.000879000000000036,-1101.1751884523842,2749.1127302373366
4.9944024636429,0.0008789999999999946,3063.2714406560754,2747.262340256248
4.995048724339629,0.0008790000000000352,-374.6094576977955,2805.7644994217953
4.995694985036358,0.0008789999999999155,-2324.148010184585,2681.888948571942
4.996341246192895,0.0008789999999999043,1415.3600249619112,2720.8443846556556
4.996987507759946,0.0008790000000000275,-1116.6615514182588,2610.2672859818535
4.997633769326997,0.0008789999999999719,-1492.2846214019485,2409.1976702539737
4.998280030894048,0.0008790000000000089,561.7132133104319,2505.4983380670915
4.998926292461099,0.0008789999999999926,2974.894365464433,2351.2375559598895
4.99957255402815,0.0008789999999999538,-4779.936738185808,2448.3536902718924
5.0002188155952005,0.0008790000000001398,-1142.9328411397498,2315.273027835182
5.000865077162252,0.0008790000000000401,2831.973524900843,2043.4614368001671
5.001511243922721,0.0008789999999999814,966.0335393034491,1748.460137859565
5.002157308569002,0.000878999999999913,-2375.807139644123,1723.4444035153438
5.002803373215283,0.0008789999999999456,5179.678419683983,1681.1018825536564
5.003449437861564,0.0008789999999999642,-142.50216960433164,1778.4265633132147
5.00409553878799,0.0008789999999999206,988.0852000759837,1729.66244610301
5.00474168273175,0.0008789999999999124,-59.64972364155759,1740.972871545096
5.00538782667551,0.0008789999999999319,611.042710959694,1760.3183608423683
5.006033970619271,0.0008789999999999731,-3455.10666941256,1818.3407639619172
5.006680029249206,0.0008789999999999539,209.0534303099656,1751.6191095941617
5.007325976322303,0.0008789999999999192,-1575.5334555664372,1823.6013422973633
5.0079719233954,0.0008790000000000269,686.4159511757304,1816.66278028927
5.008617870468496,0.0008789999999999631,-299.7154228556814,1743.533451628356
5.009263817920435,0.0008790000000000417,-33.15630310558382,1990.1033464636528
5.009909765920495,0.0008790000000000561,-416.25871620873846,1921.3281341576076
5.0105557139205565,0.0008790000000000303,1625.7242161989905,1832.903039264363
5.011201661920617,0.0008789999999999303,-1121.588535437921,1807.5862986407037
5.011847609920678,0.0008789999999999771,2024.8814989089576,1628.2957220952555
5.012493557920738,0.0008790000000001406,644.8890414089974,1652.04845988604
5.013139505920799,0.0008789999999999777,1158.537986188591,1665.961428950279
5.0137854539208595,0.0008789999999998969,104.30723888167235,1547.7683207014863
5.014431331488781,0.0008789999999999189,715.8103246133911,1467.3798560428609
5.015077082701637,0.0008789999999999137,593.2084302282693,1455.9768714755621
5.015722833914493,0.0008789999999999467,118.55963139384738,1423.1784518217708
5.01636858512735,0.0008789999999998996,-1036.7744558076495,1413.0208100150521
5.0170143626629855,0.0008789999999999438,608.1821889471107,1360.2908743733951
5.017660193153859,0.0008790000000000156,-1439.8897267244067,1384.1373444989424
5.018306023644733,0.0008789999999999504,3299.895744164135,1438.1516498130443
5.018951854135607,0.0008789999999998106,1210.3814626511153,1447.0612249413766
5.019597624442969,0.0008790000000000206,-1333.354426004577,1623.8790067007826
5.020243258196683,0.0008790000000000464,-1336.0397524342955,1608.9551346160047
5.020888891950397,0.000879000000000024,516.1827343139563,1652.6380083881838
5.02153452570411,0.0008789999999998274,-581.6917858073537,1598.7981929506072
5.022180159732511,0.0008789999999999582,-1133.2821282369437,1417.8085118498086
5.02282579446972,0.0008789999999999368,-4360.869198744763,1411.6578578044468
5.023471429206929,0.0008789999999999861,-6.690141659279938,1402.3401483229864
5.024117063944138,0.0008790000000000167,348.61302115215193,1372.0625613560571
5.024762698681347,0.0008789999999999098,1083.17375223238,1438.4955984866388
5.025408333418556,0.0008790000000000586,-1058.3788303990202,1423.3636734505865
5.026053968155765,0.0008789999999999588,-2118.574148655942,1472.040835877478
5.0266996028929745,0.0008790000000000772,1538.7256940915352,1551.1560413680745
5.027345193459896,0.0008789999999998918,-438.64630877666644,1461.0891198881015
5.027990631543299,0.0008790000000001828,2657.4867121979173,1496.5389147662568
5.028636069626703,0.0008790000000000682,-3019.5816548151693,1562.717960816792
5.029281507710108,0.0008790000000001686,-4455.384926849287,1597.6160354765893
5.0299269613897994,0.0008789999999999231,2446.938244843305,1692.7891783689724
5.03057247873176,0.0008789999999999436,1400.8557336380084,1663.1439841220856
5.03121799607372,0.0008789999999999764,194.86826835432885,1656.9353320515181
5.03186351341568,0.0008790000000000466,-3779.291997100483,1844.7334648719047
5.0325089975903445,0.0008790000000000528,-3023.5094215426548,1870.7084452359645
5.033154318328482,0.0008789999999999301,-1115.4102964757321,1776.6938737257187
5.033799639066619,0.0008789999999999313,-909.4669599891549,1776.597471720331
5.034444959804756,0.0008789999999998708,941.4154223593206,1734.6123150156454
5.035090280688624,0.0008789999999999402,-3333.5228839357806,1768.3600097361852
5.035735602466677,0.0008789999999999805,-712.6418302158676,1887.3551336969992
5.036380924244732,0.0008789999999999702,-654.5563460066508,1922.7020031768393
5.037026246022785,0.0008789999999999679,-3509.996292301269,1938.6462926816146
5.037671567800839,0.0008790000000000505,1705.1854615332381,1832.804842201617
5.038316889578892,0.0008789999999998927,2705.6815481080207,1808.5874713470798
5.038962211356947,0.0008790000000000022,1166.5841419545206,1776.3427364604245
5.039607533135,0.0008790000000002676,-1408.2254145322984,1640.8350610870775
5.0402528388881835,0.0008790000000000133,-1611.4438022384006,1722.4167665935388
5.040897964145666,0.0008789999999999741,48.29120199935643,1671.7471766235265
5.041543089403148,0.0008789999999998908,-1177.5408323769457,1585.4099134766327
5.04218821466063,0.0008790000000000208,-375.4591785916858,1569.1894613746806
5.042833344019354,0.0008789999999998801,626.4682563763216,1643.7735490002983
5.043478548515932,0.0008790000000003085,2227.6967657236673,1616.956149815827
5.044123753012508,0.0008790000000000323,176.71860806887685,1599.6210913916862
5.044768957509086,0.0008789999999999105,-594.3305973277553,1648.663358846639
5.045414157736647,0.0008790000000000417,522.3612380576858,1787.1414419835885
5.046059165762572,0.0008789999999998822,1629.4864731099144,1786.8176827899902
5.0467041737884974,0.0008790000000000016,187.89156319513535,1809.4797944077711
5.047349181814423,0.0008789999999999224,2932.8364151847313,1901.3881808506446
5.047994189840348,0.0008790000000001112,-827.1323057424102,1639.0715022089064
5.048639276401698,0.0008789999999999561,-1553.9019493386945,1651.29001886235
5.04928436365942,0.0008789999999999468,-2234.082762878677,1608.1613384392756
5.049929450917143,0.0008789999999999691,1407.4718396122557,1622.1061937074207
5.050574538174866,0.0008790000000000363,-1010.6508996229571,1698.0903727159905
5.051219436780427,0.0008789999999998822,164.9370144435783,1670.9952390560532
5.051864327617394,0.0008790000000001736,4531.842376146358,1647.175164135263
5.052509218454361,0.0008790000000000301,707.2490961195383,1617.234412374353
5.053154109291328,0.0008790000000001179,-407.49055407014015,1450.9686716854478
5.053799001166505,0.0008789999999998926,366.08691422293975,1473.004301417605
5.054443893120789,0.0008789999999997591,2553.682219236794,1516.4709771369871
5.055088785075073,0.0008790000000000206,870.4725221386367,1460.8822942461395
5.055733677029357,0.0008789999999997279,-705.247277682837,1560.2135017013354
5.056378568983641,0.0008789999999999553,-1786.7467252243425,1536.8002907144587
5.057023460937925,0.0008789999999999533,776.4888281959117,1481.2846098420562
5.057668352892209,0.000878999999999933,1480.6118895003624,1396.0971706168298
5.058313244846493,0.0008789999999999409,-344.2643943906756,1250.3410774235745
5.058957966922696,0.0008790000000001467,-359.58525396692835,1272.5305281284247
5.0596026625393336,0.0008789999999999255,-596.9240716254459,1303.9956178287875
5.060247358155971,0.0008789999999999635,-1095.7300182094345,1395.2172686756192
5.0608920537726085,0.0008790000000000313,-74.58029076237156,1480.5899549717117
5.061536782849707,0.0008789999999999583,131.6495506259777,1503.7998852066812
5.062181518646366,0.0008790000000002046,2619.7583867128915,1544.7285353851983
5.062826254443024,0.0008790000000000434,1683.2692547917663,1552.9817381527355
5.063470990239683,0.0008789999999998969,-1289.3405086664916,1426.5889374554436
5.064115600262658,0.0008789999999999784,972.7052801711711,1383.604062407554
5.06476017880382,0.0008789999999998114,121.57275946987116,1376.904634056835
5.065404757344982,0.0008790000000000205,-1258.6924081774725,1298.1628311367035
5.066049335886145,0.0008790000000000762,39.34748402831195,1386.8887761927524
5.066693915326897,0.0008789999999998913,-2664.783812769361,1463.4446018211463
5.067338495041537,0.0008789999999997573,-2003.468286983,1481.4773467296832
5.067983074756177,0.0008789999999999298,-467.61688043231163,1466.2050836130825
5.068627654470817,0.0008789999999999057,-2080.004387643844,1367.904285674287
5.0692722341854575,0.0008789999999999869,498.81314220483284,1350.6653222630496
5.069916813900098,0.0008789999999999318,-1207.1802731664336,1373.0905855186818
5.070561393614738,0.0008789999999999089,-3134.8041378457137,1307.8077664863429
5.071205973329379,0.0008789999999999809,74.96633322875198,1256.3175723758072
5.071850415949742,0.000878999999999953,-1211.560043608337,1257.14503578618
5.072494799459576,0.0008789999999999873,-1363.1838536001342,1253.5535246784773
5.07313918296941,0.0008790000000001498,-260.98622034728976,1244.4145240985115
5.073783566479243,0.0008789999999998791,-233.86794098005183,1162.502680001825
5.0744279766931015,0.0008789999999999934,628.6393158455454,1153.9787051319913
5.075072400401276,0.0008790000000000499,-307.20151819178585,1154.357500931161
5.07571682410945,0.0008789999999999314,-3913.7807495682696,1162.5534738858596
5.0763612478176245,0.0008790000000000509,1729.4549662103877,1158.0514917066137
5.077005572609841,0.0008790000000000951,-1124.2845488484672,1116.698115609662
5.077649839157518,0.0008790000000000324,-126.01981183058855,1110.0117690129578
5.0782941057051945,0.0008790000000000107,-1326.0355351026703,1132.6737518183518
5.078938372252871,0.0008789999999998047,1279.5723467813423,1098.0946245665393
5.07958261637315,0.0008789999999999535,-911.1598834027358,1095.665865180407
5.080226845179405,0.0008789999999999563,1314.0745241803695,1065.617694616331
5.0808710739856595,0.0008789999999999312,415.051252840758,1052.1436808280243
5.081515302791914,0.0008789999999999793,1587.4464567339633,1063.4251300644491
5.082159531598168,0.0008789999999998453,753.2257440826086,1082.8960172307836
5.082803760404423,0.000878999999999835,987.5094571861031,1094.5726853702379
5.083447989210677,0.000879000000000043,1539.2094677902548,1136.3505862838567
5.084092218016932,0.0008789999999999968,-399.7202542746909,1234.652671362472
5.0847363648206665,0.0008789999999999931,-2188.1821884482833,1216.882728104286
5.085380436525742,0.0008789999999999829,1291.185270030466,1239.9309408937245
5.086024508230816,0.0008789999999999106,-1934.4508026428089,1253.373818145149
5.086668579935891,0.0008789999999999493,-208.65556052437285,1215.414256368889
5.087312671169976,0.0008789999999999008,120.41596128262873,1212.2504607302794
5.087956783091657,0.0008790000000000965,73.6970099349786,1240.7401521527916
5.0886008950133395,0.0008789999999998172,1248.5810260893181,1156.8105855784365
5.089245006935021,0.000878999999999922,355.86912554926874,1099.8268053895115
5.089889030902902,0.0008789999999999664,2240.288108813583,1083.843737366275
5.090532946818727,0.000878999999999943,-654.4576731794173,1054.0969836542777
5.091176862734552,0.000878999999999999,-192.4809069283527,1050.5111256722373
5.091820778650377,0.0008789999999999387,975.8787677751214,1141.3895766045857
5.09246469509789,0.0008790000000001536,1235.5595356707915,1192.8815775399185
5.093108612306173,0.0008790000000000228,19.12117302913128,1187.6906962071694
5.093752529514456,0.0008789999999999484,-1509.490177028079,1180.2739139985106
5.0943964467227385,0.0008790000000001211,-1306.1399765637727,1082.7811738177397
5.095040363931021,0.0008789999999999372,-84.2287844158669,1053.857856213695
5.095684281139304,0.0008789999999999721,3.69724164577832,1053.0809152999982
5.096328198347588,0.0008789999999999127,1500.077083687454,1074.596652761247
5.096972115555871,0.0008789999999998247,-763.9830072242513,1093.5421591391903
5.097615967089745,0.0008789999999997953,2636.5026980851517,1131.4087813454028
5.098259688374959,0.0008790000000001196,-472.1797897984565,1133.7873260226015
5.098903409660172,0.000878999999999971,-675.4886902641995,1144.700198291655
5.0995471309453855,0.0008789999999999962,-337.83628133054486,1183.6518667961047
5.100190875709385,0.0008789999999999561,-973.4562144726214,1193.9587364340507
5.100834676146126,0.000879000000000006,-458.13637121316003,1198.575476395429
5.101478476582866,0.0008789999999998985,-1199.2435241215226,1275.322157787568
5.102122277019607,0.0008790000000000974,-1874.7291010105391,1321.1704660199691
5.102766026957729,0.0008789999999999647,-2490.192063803571,1272.3135793213219
5.103409631521041,0.0008789999999998057,2637.208639876669,1251.0836105889236
5.104053236084353,0.0008790000000001,1738.4557950826431,1255.5394569818538
5.104696840647666,0.0008789999999999124,-224.6903661554667,1382.1179217621655
5.105340445505584,0.0008789999999999288,1261.144666301631,1438.2017878644626
5.105984051417175,0.0008789999999999827,909.503805881891,1424.0593042066741
5.106627657328765,0.0008790000000000252,534.509287078015,1402.671648182374
5.107271263240356,0.0008790000000001568,366.9201967878159,1382.874121318026
5.107914862211207,0.0008789999999998992,1526.870917084429,1300.2003468201426
5.1085584292318735,0.0008789999999998646,2192.654918220855,1342.2694875599102
5.10920199625254,0.0008789999999998032,-2389.5911086761284,1328.8604234064674
5.109845563273206,0.0008789999999999113,-1876.322456628249,1250.9759471066432
5.1104891086128905,0.00087899999999992,3051.7036800157907,1311.6442903193424
5.111132518733736,0.0008790000000000792,-775.1998213802667,1291.1404478510885
5.111775928854582,0.0008790000000000911,1809.200322161249,1346.1469573449917
5.112419338975428,0.0008790000000000282,-718.5847241193043,1360.7046904624272
5.11306275302745,0.0008789999999999459,-759.6371120301544,1324.2253040816138
5.113706203403537,0.0008789999999999432,-1025.0819340185199,1380.867690060469
5.114349653779625,0.0008789999999997608,1464.9054334844782,1371.7914658728462
5.114993104155713,0.0008789999999999019,-117.76531693023242,1359.7825244246515
5.1156365434458335,0.0008790000000000828,2657.5223378119786,1375.5727234606327
5.116279798097278,0.0008790000000000724,3361.63252592447,1410.9468914559423
5.116923052748721,0.0008789999999999508,-110.68998419943216,1414.034826222031
5.117566307400165,0.0008789999999997902,-83.15687649954313,1459.2701342198548
5.118209562072966,0.0008790000000000129,1605.6179488470493,1444.0547234804678
5.118852818135356,0.0008790000000000232,1033.3386030217328,1460.4387170059945
5.119496074197747,0.0008790000000000358,-1019.1179511271376,1480.3492835423544
5.1201393302601375,0.0008790000000000385,602.8987080894408,1480.3437553094923
5.120782586322528,0.0008789999999997871,-1594.225005958565,1463.3610238857434
5.121425804589045,0.0008789999999998881,-248.79819965967607,1462.372233796861
5.122069021802779,0.0008789999999998554,431.6868812893429,1529.061752211448
5.122712239016512,0.0008789999999998914,1778.2030317602664,1506.372448141859
5.123355456230246,0.00087899999999989,-1847.8940170384244,1486.751877098821
5.123998527560259,0.0008789999999998841,-1623.25159583146,1508.688708040249
5.124641587980574,0.0008789999999999386,-232.99520272597317,1464.4423740340474
5.125284648400889,0.0008789999999999271,-2617.8819337166947,1468.7518740586872
5.125927708821205,0.0008789999999999901,-1480.2448696584493,1502.392968219166
5.126570804993978,0.0008790000000001426,-233.62214862591688,1514.5006866371582
5.12721390568989,0.000878999999999894,1156.3132271020731,1597.452590717209
5.127857006385803,0.0008789999999999833,-389.8777678079099,1592.6517718918317
5.128500107081715,0.0008790000000000772,-1461.1299730496785,1527.8464179542116
5.129143042617076,0.0008789999999999965,-2516.2794045431206,1565.7777413128317
5.129785947736922,0.0008789999999999127,1315.255662626944,1666.801125206786
5.130428852856768,0.0008789999999999158,2675.8350096263716,1562.4624007260938
5.1310717579766125,0.00087899999999993,172.77542028898208,1554.4772465705184
5.131714664276392,0.0008789999999999698,-790.9171995722289,1553.055728730136
5.132357570869716,0.0008789999999999558,3159.9511857841553,1506.331844885554
5.13300047746304,0.0008789999999999428,-2864.94232888817,1689.489318203803
5.133643384056363,0.000878999999999949,2632.9380191034106,1743.8506471386193
5.134286290649687,0.0008790000000000154,-1421.1895273625594,1750.0480230434143
5.13492919724301,0.0008790000000000352,-1974.0309301824675,1829.6564090851427
5.135572103836334,0.0008790000000000369,955.1573600241378,1691.9563111801926
5.136215010429658,0.0008790000000000654,-400.94714296042974,1648.8279741689507
5.136857777848329,0.0008789999999999223,-981.9554642400153,1670.619390525681
5.13750048894804,0.000878999999999966,-1607.7902457163414,1709.0584081427137
5.138143200047749,0.0008789999999998192,273.4284070754914,1604.0197001559798
5.13878591114746,0.000878999999999909,-1511.1548958025987,1552.8171996617277
5.13942864912421,0.0008790000000000394,-2853.055869565982,1604.2456699754464
5.140071400519805,0.000878999999999783,-1184.0147831648724,1557.5337992992615
5.1407141519153985,0.0008790000000000657,1268.0717607118952,1597.6583915469696
5.141356903310993,0.0008789999999999706,-822.5918049882379,1571.8374563619664
5.1419995332322435,0.0008789999999999479,-656.2777024916816,1551.6430575320871
5.142642089200141,0.0008789999999998069,-790.5550525979726,1591.9190668365754
5.1432846451680385,0.0008789999999999536,923.128523971292,1722.392533084279
5.143927201135936,0.0008789999999999235,2488.5414168101324,1946.0234397730699
5.144569757988011,0.0008789999999998749,1077.2250669122236,1942.538546963797
5.145212315491781,0.000879000000000011,4223.878031900728,1882.2422293691002
5.145854872995552,0.0008789999999999185,-2907.6236324429256,1830.1915471906614
5.1464974304993225,0.0008789999999998737,852.040174912469,1771.147725180993
5.147139988003094,0.0008789999999998751,3692.093147027777,1762.3654166046056
5.147782545506864,0.0008790000000000332,-2688.2669593047485,1963.9963612679237
5.148425103010635,0.0008789999999999551,2658.1645344527583,2005.2507646919962
5.1490676605144055,0.0008789999999998787,-773.5959760187314,2078.6726782508927
5.149710123779302,0.000879000000000008,4465.376924800602,1999.3918524521143
5.150352485937715,0.0008789999999999019,817.3032181073054,2047.6446651983497
5.1509948480961265,0.0008789999999999752,2273.1150416043047,2211.6981750429745
5.151637210254539,0.0008790000000000213,-2820.0158056210935,2194.9776763626837
5.152279589962662,0.0008790000000000062,-969.8135090987251,2214.7011885319507
5.152921992437178,0.0008789999999999754,1317.211399656907,2386.9417357747097
5.153564394911694,0.0008789999999999347,1635.5122443972616,2110.2036702564
5.15420679738621,0.0008789999999999038,-761.5591745961789,2041.6471032561503
5.154849124151766,0.0008789999999999423,3767.004910508134,2092.2878025482987
5.155491331346748,0.0008790000000000344,721.8617739357111,2059.4216704997525
5.15613353854173,0.000878999999999912,438.11179083672135,2113.851006032903
5.156775745736712,0.0008789999999999829,4277.444330781845,2121.720277398238
5.157417979779311,0.0008790000000000174,2233.840684910762,2267.2600684586423
5.15806026603097,0.0008790000000000271,1542.7186872082282,2451.7281751833843
5.1587025522826275,0.0008790000000000934,-659.641873339989,2152.444281227534
5.159344838534286,0.0008789999999999279,2850.072968775037,2243.5860823674625
5.159987067923245,0.0008789999999999552,2819.556898428227,2107.156961330299
5.160629158944711,0.0008789999999999407,1593.7187613134467,2021.243429143578
5.161271249966178,0.0008789999999998469,-1077.0033888285,2212.4162589179496
5.161913340987644,0.0008790000000000139,2974.5906165123447,2140.505909457633
5.162555432401572,0.0008789999999998408,-2172.80943240711,2118.157747560244
5.163197525041893,0.0008789999999998728,-1084.9100255242718,2236.290227519916
5.163839617682213,0.0008789999999999268,-1967.1313579759953,2311.5215043636963
5.1644817103225344,0.0008789999999999457,2579.0490323099507,2423.268995230731
5.16512379549715,0.0008789999999998588,-4742.2687635332795,2477.58184287177
5.165765849429209,0.0008789999999999026,4295.965730006845,2481.540024475089
5.166407903361269,0.0008789999999999521,-4080.0047769991206,2456.101304471849
5.167049957293328,0.0008789999999999818,5642.771512015968,2295.6367287467815
5.1676919888441155,0.0008789999999998432,-1354.1129116841803,2267.1464783536635
5.16833388633643,0.0008789999999997644,-1572.0847999498285,2818.2793748247796
5.168975783828744,0.0008790000000000411,-3022.333766244552,3033.438490863953
5.169617681321058,0.0008790000000000415,2554.1011202832906,3357.134916213893
5.1702595825659765,0.0008789999999999112,1262.930024108975,3747.699172975139
5.170901520401248,0.0008789999999999329,8171.404463317681,3762.381542043557
5.1715434582365205,0.0008789999999999205,-181.30420176819536,3209.76792383879
5.172185396071793,0.0008789999999999744,4140.68242944339,3037.5213976323507
5.172827325619877,0.0008789999999999937,4135.994084387697,2982.063492130654
5.173469068372845,0.0008789999999998384,-2375.883433599752,3295.9085294527267
5.174110811125813,0.0008789999999999996,-8.634324936246696,4163.319936544837
5.174752553878782,0.0008790000000000095,1624.9496467803956,4744.032016982281
5.175394296631749,0.0008789999999999863,9725.318086045636,4867.782423584253
5.176036041051286,0.000878999999999999,1741.9214011340578,4212.649842222849
5.176677785485186,0.000879000000000029,-322.57656075958323,4083.5053400322995
