Wavelength_um,Model_Depth,Transit_Depth,Error_ppm
2.8705440656200856,0.0013282169796687941,0.0017187200689400663,0.0005891506831785857
2.871219918514831,0.001331594364887123,0.001428654074111042,0.0005852900405283418
2.871895763808353,0.0013304420939843544,0.00018935939646498828,0.0005838746227706257
2.8725715630920616,0.00132928990152517,0.0008134619539496342,0.0005824726725144186
2.87324736237577,0.0013281377090660642,0.0019807712266432364,0.0005810807770969737
2.8739231616594787,0.0013269855166068902,0.0006735070416182617,0.0005796988020349518
2.874598972880794,0.0013258333037949352,0.0012631540370648068,0.0005783266329051508
2.87527481269201,0.0013246810422390676,0.0017028123236325667,0.0005769641153293752
2.875950652503226,0.0013235287806831193,0.001034867387731522,0.0005756111689665767
2.876626492314442,0.0013223765191272862,0.000633524835306695,0.00057426770392297
2.8773023092070065,0.0013212242966465448,0.0010961921475709188,0.0005729336601442741
2.8779780977695286,0.0013200721224660593,0.000748436325995514,0.0005716089165869196
2.8786538863320503,0.0013189199482857856,0.0012035247279425583,0.0005702933416497761
2.879329674894572,0.0013177677741056286,0.0007085850523383684,0.0005689875686821948
2.880005450594114,0.001316897487509695,0.0014397940318199313,0.0005678062189008189
2.880681217715283,0.0013165902158846748,0.001015474669866033,0.0005668593389498554
2.881356984836452,0.001316282944259857,0.002113139925622151,0.0005659186994028306
2.8820327519576208,0.0013159756726349547,0.0004356730291777423,0.0005649827235380163
2.882708502945143,0.0013156684083460081,0.001346568689868163,0.0005640513898613006
2.8833842486263195,0.001315361146469808,0.0007235562946529841,0.0005631246660759972
2.884059994307496,0.0013150538845935614,0.0020690223313082744,0.0005622024898951241
2.884735739988672,0.001314746622717502,3.253875802686364e-05,0.0005612848486405085
2.885411437168953,0.001314439382894627,0.0018353116408290444,0.0005603717244592037
2.8860871292561,0.001314132145387607,0.002869697366310206,0.0005594630687731209
2.886762821343247,0.0013138249078807813,0.0010993728785859346,0.0005585588092612336
2.887438515745513,0.0013135176693210397,0.00033363998333634675,0.0005576589204604927
2.8881142483571396,0.0013132104133877502,0.0013482272600316046,0.0005567631775156014
2.8887899809687663,0.0013122979713464295,0.0025604950169379553,0.0005558518114445085
2.8894657135803925,0.001310070619023455,0.001409644029827718,0.0005549023134080879
2.8901414354738035,0.0013078433020298809,0.0013211190313078115,0.0005539573922861708
2.8908171168431647,0.0013056161186119925,0.000146239441491553,0.0005530173394032133
2.891492798212526,0.0013033889351940172,0.0011729696354550114,0.0005520820646828776
2.892168479581887,0.00130116175177594,0.0019720200768182468,0.0005511515325029752
2.89284415320765,0.0012989345938823997,0.002082960791573214,0.0005502257089965034
2.8935198131424595,0.0012967074811169753,0.0017954241410018243,0.0005493045428772457
2.894195473077269,0.001294480368351846,0.0014088172808205033,0.0005483880097050626
2.8948711330120784,0.001292253255586429,0.0009490438696572012,0.0005474760545241944
2.8955467819464173,0.0012900261790811454,0.001599217705393002,0.0005465686479794729
2.8962224204480354,0.001287799136963702,0.0005708154090823226,0.0005456657581475048
2.896898058949653,0.0012855720948464217,0.0021758228139279667,0.0005447680761712771
2.897573697451271,0.001283841891308328,0.001475845944093938,0.0005439868014863637
2.8982493003188003,0.0012833042966656973,0.0017769308641846994,0.0005434732969432548
2.8989248852433875,0.0012827667163005996,0.0013063572182144428,0.0005429630293142525
2.899600470167975,0.0012822291359354874,0.0009606479582715161,0.0005424537105753373
2.9002760550925624,0.0012816915555702451,0.0016165768938891864,0.0005418724674284563
2.900951673109009,0.001281153948873039,0.0010679694183820029,0.0005411879047480615
2.901627298555048,0.0012806163362639338,0.0015442429906315385,0.0005405052255888605
2.9023029240010874,0.0012800787236548886,0.0016868421082834692,0.0005398251326309655
2.9029785494471265,0.0012795411110457643,0.0014711237946164683,0.000539147592605003
2.9036541252928463,0.0012790035379047567,0.0013035229123540106,0.000538472653766329
2.904329699503047,0.0012784659660656766,0.0004920513971233321,0.0005378002461959693
2.905005273713248,0.0012779283942262116,0.0022068792255821525,0.0005371303512683181
2.905680845361378,0.0012773908244253858,0.0021899983482757206,0.0005364628463628863
2.906356398143825,0.0012774191819590552,0.0008829719475719792,0.000535781207289407
2.9070319509262723,0.0012789548782137672,0.0015197307257991764,0.0005350586554650131
2.90770750370872,0.001280490574468487,0.0013836120771146894,0.0005343387274442231
2.9083830506860058,0.0012820262575267527,0.0021344187206549237,0.0005336217007938815
2.909058582042059,0.001283561905074021,0.0019386113693841195,0.000532907566465476
2.909734113398112,0.0012850975526212682,0.0014086942833585342,0.0005321962871929543
2.910409644754165,0.0012866332001684592,0.0024118327023657867,0.0005314878430818943
2.9110851670649933,0.0012881688271538896,0.0007421799498563873,0.0005307822380233088
2.9117606769960114,0.0012897044259968526,0.0014144495418649912,0.0005300794285585366
2.9124361869270294,0.0012912400248398402,0.0010804625327409411,0.0005293794042593096
2.9131116968580475,0.0012927756236826796,0.0011876136312968435,0.0005286821426757365
2.91378718222532,0.001294311166686491,0.002187362089067027,0.0005279876544733151
2.9144626493103445,0.0012958466681299357,0.0015306494513209219,0.0005272968979112486
2.915138116395369,0.0012976687967534957,0.000661955780510973,0.0005267605152288199
2.9158135834803938,0.0013003559242798076,0.0013319182856507033,0.0005266747965362828
2.916489079907918,0.0013030431685355688,0.0018468367866743434,0.0005265921147172766
2.917164587511064,0.0013057304572502626,0.0011499164862336679,0.0005265094613452924
2.91784009511421,0.0013084177459646406,0.001778426001631993,0.000526426846095294
2.9185156027173558,0.0013111050346790482,0.0006611918042619799,0.0005263442840351178
2.9191910654984543,0.0013137921450837118,0.0008671797176245457,0.0005262617558183347
2.91986652187283,0.0013164792300009395,0.001572363194828964,0.0005261792615199314
2.9205419782472055,0.00131916631491849,0.0011386018567332533,0.0005260968143193208
2.9212174340698627,0.001321853397640982,0.0009638273532727028,0.0005260144005777765
2.921892869023959,0.0013245403973446551,0.0014461703890581512,0.0005259320257755263
2.9225683039780557,0.0013272273970484165,0.0020156359150552477,0.0005258496941520387
2.9232437389321517,0.0013299143967521556,0.00185704665355063,0.0005257664375852607
2.9239191701068235,0.0013319312628819453,0.0011968931530749684,0.0005255364901847823
2.924594583641999,0.0013316241520326363,0.0006442009177185874,0.0005248101722832002
2.9252699971771747,0.0013313170411835607,0.0014611705573699637,0.0005240835523792517
2.9259454107123504,0.001331009930334354,0.0010831575696845922,0.0005233599377398836
2.9266208067380903,0.001330702827446666,0.0016816765985150307,0.0005226393391175758
2.927296166731907,0.001330395740942606,0.001252283915804624,0.0005219217395410165
2.927971526725724,0.0013300886544387615,0.001388005516697383,0.0005212071026307412
2.9286468867195405,0.001329781567934769,0.000923045616337453,0.000520495378626285
2.9293222660510057,0.0013294744726379713,0.0012315303433129623,0.0005197865513027012
2.9299976665599154,0.001329167367711543,0.001088834454780265,0.0005190805948608054
2.9306730670688252,0.0013288602627853532,0.0008216032314487939,0.0005183775030162771
2.931348467577735,0.0013285531578593817,0.001604427801667994,0.0005176772561383905
2.932023835947624,0.0013282460675468203,0.0015499154216961038,0.000516980194437489
2.932699185234188,0.0013273441730994402,0.0022933624637685407,0.0005163347409968726
2.9333745345207514,0.0013240434207328544,0.0018200633270558974,0.000515883030411448
2.934049883807315,0.001320742668366175,0.0016565966661069476,0.0005154337774197028
2.9347252164417026,0.0013174419973865062,0.0014890869726130991,0.0005149857111842692
2.9354005443147786,0.001314141349677701,0.001004502784319763,0.0005145388269057842
2.936075872187854,0.0013108407019686774,0.0010934861841563382,0.0005140931038683397
2.93675120006093,0.0013075400542599915,0.0016105145710993308,0.0005136485420620658
2.9374265080692368,0.0013042395036397193,0.001612445088782678,0.0005132051465709813
2.9381018145301825,0.0013009389605820817,0.0006631485930330602,0.0005127629075013748
2.938777120991128,0.00129763841752466,0.0006068483082188403,0.0005123218099475509
2.93945242329335,0.0012943378947927972,0.00138357273161134,0.000511881863426154
2.9401276762299107,0.001291037613334207,0.001402055130823707,0.0005114430800069913
2.9408029291664715,0.0012877373318755357,0.0013183834314734989,0.0005110055520151033
2.9414781821030322,0.0012850654666949515,0.0016986091517249057,0.0005105886280580186
2.942153444250252,0.0012854492692112617,0.0014356335175320489,0.000510264307953923
2.942828737698878,0.001285833089518424,0.0027974659874856595,0.0005099412185368601
2.9435040311475036,0.0012862169098258255,0.0009203086706071117,0.0005096187213390125
2.944179324596129,0.001286600730133059,0.001744974576268073,0.0005092968457500872
2.944854598741878,0.0012869845394691,0.0007243566257773556,0.0005089755887062428
2.9455298409745803,0.0012873683306665507,0.0013585412449432937,0.0005086549535461297
2.946205083207282,0.0012877521218637822,0.001130110235308157,0.000508334924132446
2.946880325439984,0.0012881359130613526,0.0012262391346215455,0.0005080155015812192
2.9475555564022886,0.0012885196978528678,0.0013371945384603962,0.0005076966761651202
2.9482307772282907,0.0012889034768832131,0.0008282878059145707,0.0005073784552953419
2.948905998054293,0.0012892872559138908,0.001201698238158057,0.0005070608308245894
2.949581218880295,0.0012896710349438983,0.0003143238381490672,0.000506743796486503
2.9502564180027684,0.0012897150638700515,0.0016646269991702806,0.0005064266311812447
2.950931606721266,0.0012877197346268193,0.0013599225522998018,0.0005061058127616935
2.9516067954397633,0.0012857244053837836,0.0010025285804125912,0.0005057855732548444
2.952281984158261,0.0012837290761406523,0.0008970886149494966,0.0005054659334369462
2.952957137551448,0.0012817338512914741,0.001214931153162873,0.0005051469161977334
2.953632283464689,0.001279738648547257,0.001943640828199188,0.0005048285187496642
2.9543074293779292,0.0012777434458027524,0.0014042554895837367,0.0005045107254303447
2.9549825752911696,0.0012757482430585006,0.000779245449482556,0.0005041935148790265
2.9556577606725347,0.001273752923677568,0.0002595888078151176,0.0005038769059611857
2.956332947094812,0.001271757601220271,0.001658812877069676,0.0005035608864241796
2.957008133517089,0.0012697622787628338,0.0014217503974997391,0.0005032454664823358
2.9576833123102437,0.001267766978851326,0.0018951921505492447,0.000502930642058405
2.9583584368228912,0.0012657718393502624,0.0012424438134789877,0.0005026164750347314
2.9590335613355387,0.0012639141153267292,0.0011498054378467478,0.0005023098048774756
2.959708685848186,0.0012631467539802538,0.0015021839534939269,0.0005020556388744169
2.960383804536908,0.0012623793992533425,0.001407417969091537,0.0005018022097494858
2.961058907650319,0.001261612062229694,0.0009693182300819793,0.0005015491706544001
2.9617340107637298,0.001260844725206012,0.0008235552091789168,0.0005012965187194665
2.9624091138771407,0.0012600773881825049,0.0012649091579217814,0.0005010442537003063
2.963084207982911,0.0012593100613970299,0.0007029560195761622,0.0005007923657497987
2.963759289698442,0.0012585427486946547,0.0003484006840684152,0.0005005408666748592
2.964434371413973,0.001257775435992193,0.0011480350181138016,0.0005002897385648525
2.9651094531295037,0.0012570081232900474,0.0015044456761361762,0.0005000389973178245
2.9657845226566955,0.0012562408244410415,0.0001566701934532452,0.0004997886384223405
2.966459582975703,0.0012554735360584626,0.0005787206327954634,0.0004995386513349158
2.96713464329471,0.001254706247675852,0.001890279686541602,0.000499289094619741
2.9678097036137174,0.0012540244190579585,0.0019040029768680412,0.0004990480552683893
2.9684847255194913,0.001254331351833341,0.00035334176389254673,0.0004988948192326147
2.969159732353123,0.001254638277755184,0.0010500342716141529,0.0004987423106058946
2.969834739186755,0.0012549452036769097,0.0011641654139240858,0.0004985899409943657
2.9705097460203866,0.0012552521295987923,0.002518341969808645,0.0004984377118855685
2.9711847879498676,0.0012555590714788097,0.0014704780009847517,0.0004982856112288952
2.971859835288599,0.0012558660158183811,0.0010386015337075607,0.0004981336497701047
2.9725348826273303,0.0012561729601578548,0.0005897130317283597,0.0004979818358192057
2.97320992921917,0.001256479904157935,0.0019811225561323226,0.0004978301427361175
2.9738849253567436,0.0012567868252162666,0.001232654925770609,0.0004976786068781851
2.9745599214943175,0.0012570937462746117,0.0005481787475722146,0.0004975272185879646
2.975234917631891,0.001257400667332977,9.65222045445184e-05,0.0004973759587658373
2.975909910287405,0.001257707586807942,0.001678145112436833,0.0004972248362393166
2.97658488503388,0.0012579891276311497,0.0004837779547315036,0.0004970730021888304
2.977259859780354,0.0012577589702955092,0.0020025779949189833,0.0004969062249596003
2.9779348345268284,0.0012575288129597225,0.001062033712854573,0.0004967395151566159
2.9786098026242573,0.001257298657891094,0.001088071404102443,0.0004965729687235333
2.9792847559809883,0.0012570685078490925,0.0014708928787175912,0.0004964066004017305
2.979959709337719,0.0012568383578071447,0.00036080803441402925,0.0004962403936930021
2.9806346626944498,0.0012566082077650005,0.0004927784252474446,0.0004960743577433233
2.981309591519798,0.0012563780660878458,0.0009742939318931013,0.0004959084947551334
2.9819844914081006,0.0012561479342778723,0.0016599095033295592,0.0004957428073726951
2.9826593912964032,0.0012559178024677464,0.0008388929843187379,0.0004955772775299863
2.9833342911847063,0.0012556876706575823,0.0008983523484684276,0.0004954119222559863
2.9840092156352997,0.0012554575304721397,0.0008880858858806055,0.0004952467184619419
2.984684156025674,0.0012552273848514025,0.0016083701814417315,0.0004950816983933905
2.9853590964160475,0.0012549935574727067,0.001828195074328254,0.0004949192866177531
2.986034036806421,0.0012544564899800873,0.001235412074657587,0.0004948876866993681
2.9867089385976358,0.001253919453201791,0.000893351618420923,0.0004948569535927545
2.9873838277932694,0.0012533824264462064,0.00044387903111231877,0.0004948262392879564
2.9880587169889026,0.00125284539969069,0.0019426232198361142,0.0004947955219260649
2.988733606184536,0.0012523083729346907,0.0016713770605122577,0.0004947648150876305
2.9894084761011284,0.00125177136152009,0.0008019834036370433,0.0004947341135941104
2.99008334391244,0.001251234351780471,0.0007980149069384086,0.0004947034135557038
2.990758211723752,0.0012506973420407994,0.0007250974100854817,0.0004946727284047582
2.991433078487058,0.0012501603331352737,0.0019313862292287245,0.000494642041030353
2.9921079249154032,0.0012496233404106656,0.0007691496381593596,0.0004946113671490018
2.9927827713437485,0.0012490863476859926,0.00142781535379161,0.0004945806903109817
2.9934576177720933,0.001248549354961567,0.0008797466181062248,0.0004945500241506487
2.9941324537052334,0.0012480123705881036,0.001201010791862538,0.0004945185956539591
2.9948072466820896,0.0012496484913623585,0.0014679868997813812,0.0004943711582492004
2.995482039658946,0.0012513358572968946,0.0017326998863790937,0.0004942203520215716
2.996156832635802,0.0012530232232309813,0.0005147608218043761,0.0004940696643716443
2.996831639519373,0.001254710623940199,0.0010931583247053875,0.0004939191124744884
2.9975064729952714,0.0012563980911453748,0.00043395718264483763,0.0004937686878323398
2.99818130647117,0.0012580855583502399,0.001447891294456695,0.0004936184002529181
2.9988561399470686,0.0012597730255553491,0.001472565915177056,0.0004934682484191769
2.9995309483255665,0.0012614604300025297,0.00031340688045144636,0.000493318550395614
3.0002057306131413,0.0012631477692076547,0.0008535187317797177,0.0004932170412895148
3.0008805129007157,0.0012648351084127356,0.0005424260893488788,0.0004932237992385213
3.00155529518829,0.0012665224476179015,0.0015299486455483623,0.0004932312730814426
3.002230057041346,0.0012682097357251283,0.0006576418707602932,0.0004932387459720546
3.0029048072631066,0.0012698969947474012,0.0021453434739784867,0.0004932469379280735
3.003579557484868,0.0012699999999999318,0.001279646858518783,0.0004933623704622244
3.004254307706629,0.0012700000000000302,0.0017786681186125579,0.0004934855663976367
3.004929041168754,0.001269999999999978,0.0007065888236227119,0.0004936089013385026
3.005603770014999,0.001269999999999992,0.0011580675713547,0.0004937323296299662
3.0062784988612443,0.0012700000000001985,0.0014698207210137241,0.000493855855147725
3.0069532277074895,0.0012699999999999491,0.0011932568966268263,0.0004939794646897443
3.0076279068224263,0.0012699999999998422,0.001135243063133028,0.0004941031658081821
3.0083025822358067,0.0012700000000000313,0.0011386465946023297,0.0004942269522815374
3.0089772576491867,0.0012699999999999743,0.0011266422690226396,0.0004943508403030972
3.009651936184276,0.0012699999999999465,0.0014387647375517238,0.000494474816316907
3.0103266520933674,0.0012700000000000395,0.001150550283601234,0.0004945988954609881
3.011001368002458,0.0012700000000000235,0.0007948079459430271,0.0004947230595764462
3.011676083911549,0.0012699999999999474,0.0009715183592392911,0.0004948485419281045
3.012350788390448,0.0012699309174368952,0.0012247662565035185,0.0004951563745596116
3.0130254531182707,0.0012698542335623426,0.0015076577915244538,0.0004954860898198456
3.013700117846094,0.001269777549687894,0.0013740240860624989,0.0004958165939487496
3.0143747825739164,0.0012697008658133489,0.0017938668611443623,0.0004961477617623089
3.0150494394027327,0.0012696241828367694,0.0026989168926309986,0.0004964795835233854
3.015724082760456,0.0012695475013912022,0.0007297681180717324,0.0004968120659293487
3.016398726118179,0.0012694708199457267,0.0012499491379664883,0.0004971452264059622
3.017073369475902,0.0012693941384999598,0.0006007900530498969,0.0004974790544483721
3.0177480018114533,0.0012693174583074194,0.0023569656642713167,0.0004978135508901651
3.0184226238004306,0.0012692407792906986,0.0017817015303798049,0.000498148708731704
3.019097245789408,0.001269164100273845,0.0014834387757748668,0.0004984845611940087
3.019771867778385,0.0012690874212573384,0.0018081311280668,0.000498821076843251
3.020446475625029,0.001269010743848051,0.0006376969735227835,0.0004991560835768531
3.021121076246614,0.0012698571256200462,0.0019923453476325334,0.0004991615125023369
3.0217956768681993,0.001270853921264842,0.0014381675863637514,0.0004991110589576163
3.0224702774897843,0.001271850716909146,0.0006854684072364791,0.0004990602531295124
3.0231448349646888,0.0012728474487999164,0.0018784099955316187,0.000499009473111548
3.023819382173715,0.0012738441655214877,0.0015846657196052108,0.0004989587087455696
3.024493929382741,0.0012748408822431786,0.0017667174646555134,0.0004989079595528822
3.0251684765917672,0.0012758375989649676,0.0009673634294200613,0.0004988572166015737
3.0258430624071604,0.0012768343727317245,0.0017987982682571354,0.0004988065024787762
3.0265176501082625,0.0012778311492848105,0.0017831805634104356,0.0004987557942962617
3.0271922378093645,0.0012788279258378365,0.0014015304300674639,0.0004987050971686347
3.027866819390684,0.0012798246933481514,0.0008293866359799363,0.0004986544195030632
3.0285413452370546,0.0012808213785045228,0.0007046556988758538,0.0004986037669079951
3.029215871083425,0.001281818063660342,0.0011646444423266912,0.0004985546567624822
3.029890396929796,0.0012817492795590968,0.000821509500328257,0.000498736533350181
3.0305649175544858,0.0012814425747166493,0.0015294475374763319,0.0004989717415661403
3.031239422039554,0.0012811358772128652,0.0015292963256161218,0.0004992076293613474
3.0319139265246227,0.0012808291797090684,0.000776669807506983,0.0004994438384790466
3.0325884310096907,0.0012805224822055182,0.0021689539713603133,0.0004996803969667911
3.0332629271679767,0.0012802157884879446,0.0011114321238607215,0.0004999172865884583
3.033937410293096,0.0012799091006965382,0.001094060406949653,0.000500154503666505
3.0346118934182145,0.0012796024129054543,0.001211349663336468,0.0005003920586931427
3.035286376543333,0.0012792957251138663,0.0006146080517278555,0.0005006299477990638
3.0359608310976016,0.0012789890503135865,0.0012358784697634134,0.0005008681791456685
3.0366352608287652,0.0012786823868006286,0.0005704287845743894,0.0005011067333514198
3.0373096905599284,0.0012783757232874898,0.0012988737703404005,0.0005013456178812355
3.0379841202910915,0.0012780690597745553,0.0012541738544314487,0.000501583642309801
3.038658577556775,0.0012803758925063738,0.001504194925447852,0.0005016372531985491
3.0393330477766827,0.0012834423631585025,0.0013647209911689334,0.000501636094477756
3.0400075179965897,0.0012865088338103832,0.0015430031948106804,0.0005016345686017533
3.040681988216497,0.0012895753044624156,0.0018688497228245352,0.0005016330518221255
3.041356416229646,0.0012926415832218115,0.0012242415269955495,0.0005016315313271135
3.0420308352830325,0.0012957078212458833,0.002419908599539116,0.0005016300100605135
3.042705254336419,0.0012987740592701046,0.0017847388735985636,0.0005016284941187105
3.0433796733898055,0.001301840297293979,0.0024600572538501595,0.0005016269682915772
3.0440540717338247,0.001304906441163071,0.0007276075423890527,0.0005016254565550716
3.0447284694326724,0.001307972582099191,0.00107558924603435,0.0005016239406450611
3.0454028671315196,0.0013110387230349872,0.001908946825515457,0.000501622421097151
3.0460772623840824,0.0013141048528487163,0.0023009675385909155,0.00050162089994138
3.046751638729743,0.001317170896702703,0.0012445692067164112,0.0005016214108670676
3.047426015075404,0.0013166576830956015,0.000728175194985879,0.000501928397734508
3.0481003914210643,0.0013148178476633926,0.0012370780207694798,0.0005023516432711993
3.0487747539305228,0.0013129780499793833,0.0009721537534036798,0.0005027767109945961
3.0494490768991316,0.001311138360170551,0.0014021864787149203,0.0005032028316556367
3.050123399867741,0.0013092986703619374,0.0017356703191393082,0.0005036300351342222
3.0507977228363496,0.0013074589805534154,0.0005701439944296069,0.00050405831623334
3.0514720578356247,0.0013056192579225811,0.0012350005087917862,0.000504487714342458
3.0521464106152494,0.0013037794867835281,0.0011182161170415592,0.0005049182127864187
3.052820763394874,0.0013019397156442515,0.001023522417054136,0.0005053498128921773
3.0534951161744983,0.0013000999445053445,0.0011550448262407018,0.0005057825056561089
3.054169440932572,0.0012982602498146194,0.0018914507197800062,0.0005062163021354143
3.0548437425527264,0.0012964206182486332,0.001291053575967779,0.000506651204293025
3.0555180441728806,0.0012945809866831536,-5.481432251143209e-05,0.0005070891246400425
3.056192345793035,0.0012938951248479492,0.00027494470050972255,0.0005078141740449372
3.0568666326419422,0.0012937418430002472,0.0009853742132105935,0.0005086765796851992
3.0575409129149933,0.0012935885626475007,0.002193180194056346,0.0005095442746330408
3.0582151931880444,0.0012934352822942417,0.0015622998003719853,0.0005104164240392446
3.0588894734610954,0.0012932820019409428,0.0023983784575606756,0.0005112930660768328
3.0595637358878265,0.0012931287256449137,0.0012773963935321805,0.0005121742184900245
3.060237994815126,0.001292975450144232,0.0017569505199161964,0.0005130599415689054
3.0609122537424254,0.00129282217464364,0.0014454001238851627,0.0005139502602854715
3.061586512669725,0.001292668899143029,0.0004139185035979489,0.0005148452483204976
3.0622607193035125,0.0012925156355299732,0.0016962102403006102,0.0005157448386807529
3.0629349248723456,0.0012923623721592945,0.0014962235477253975,0.000516649174063161
3.0636091304411783,0.0012922091087880373,0.0011996911046013978,0.0005175582724080766
3.064283341018421,0.001292055844278394,0.000944050449909645,0.0005184668234320912
3.0649575870696366,0.0012939485658997284,0.0013235399344076265,0.0005185683719574821
3.065631833120852,0.001297014017371341,0.0007609641513537577,0.0005182024890910079
3.0663060791720675,0.001300079468843122,0.001226531931235894,0.0005178342972734342
3.0669803086995597,0.001303144845190137,0.0007183689400956512,0.0005174669017427138
3.0676544929273706,0.0013062100155825432,0.0017935347410700441,0.0005171003051386148
3.0683286771551814,0.0013092751859748357,0.0015422153162939851,0.000516734483718443
3.0690028613829923,0.0013123403563673616,0.0016862478713723017,0.0005163694327694863
3.0696770368438764,0.0013154054869011819,0.0007601581920843611,0.0005160051565679943
3.070351199732016,0.0013184705602728919,0.001258920310185288,0.0005156416469898531
3.071025362620156,0.0013215356336446088,0.0013769490186708463,0.0005152789104269986
3.0716995255082957,0.001324600707016529,0.0021088179357045198,0.0005149169302832334
3.0723736765694527,0.0013276657266172139,0.0007190005557165144,0.0005145557138431958
3.073047818119272,0.0013307307029746594,0.0018924368572426809,0.0005141977613752609
3.0737219596690917,0.0013318204116544799,0.0014112200481795143,0.0005142177520110495
3.074396101218911,0.0013315138791775275,0.0015347420517916217,0.0005145061524775302
3.075070227884684,0.0013312073534683102,0.000629751473985381,0.0005147968183600368
3.075744348097534,0.0013309008306934286,0.0016519491006192727,0.000515087972248287
3.0764184683103846,0.0013305943079184536,0.0015601108949792296,0.0005153796213023891
3.0770925885232345,0.0013302877851434614,0.0013404135360014903,0.0005156717545817805
3.077766663892915,0.0013299812827588934,0.0011292870544792096,0.0005159643797742332
3.07844073076925,0.0013296747842359044,0.0014020688502038438,0.0005162574925468608
3.0791147976455853,0.001329368285713049,0.00046355631866040726,0.0005165511049324013
3.0797888645219205,0.001329061787190269,0.0009187711445046987,0.0005168452192833877
3.080462971214577,0.0013287552705628465,0.0004974666686884338,0.0005171398515512684
3.0811370785693564,0.001328448753634335,0.001614510608472174,0.0005174349936000136
3.0818111859241357,0.001328142236705975,0.0009874943812625912,0.0005177302197167335
3.082485285465809,0.0013277125485040497,0.0007669545025630558,0.0005179632895027344
3.0831593310099015,0.0013271762540270492,0.0018645662021505305,0.0005181422607089227
3.0838333765539936,0.0013266399595503132,0.0017001214188389962,0.0005183210499787609
3.0845074220980857,0.001326103665073305,0.0017060287010198358,0.0005185000196994296
3.0851814619006475,0.0013255673751642854,0.0013766819444829413,0.0005186791792922325
3.085855486113847,0.0013250310976588996,0.0011858753537458675,0.0005188585137323354
3.086529510327047,0.001324494820153522,9.857942606301116e-05,0.0005190380348714156
3.0872035345402464,0.0013239585426480362,0.0003697363516366151,0.0005192177463889108
3.0878775499698508,0.0013234222721315476,0.003060183538020845,0.0005193976493044304
3.0885515528535077,0.0013228860115964487,0.001206691165555874,0.0005195777190000717
3.0892255557371646,0.0013223497510615704,0.0023286355756593755,0.000519757985751878
3.0898995586208216,0.0013218134905267124,0.0010225615246402765,0.0005199384398857682
3.090573531949203,0.0013212772535071476,0.0006147259298103226,0.0005201193748012759
3.0912474815149085,0.0013209630008509398,0.0011383757143863997,0.0005203456434013799
3.0919214310806145,0.0013208863895554739,0.001594121305060864,0.0005206205847574558
3.0925953806463204,0.001320809778260166,0.0009506154819668297,0.0005208962747873824
3.093269358404285,0.0013207331637599647,0.0014303225934420014,0.0005211724282012235
3.093943348445103,0.0013206565478633549,0.0009260355507777298,0.0005214490164824544
3.0946173384859206,0.0013205799319670705,0.0010722567724766085,0.0005217260559013931
3.0952913285267383,0.0013205033160706588,0.001997086972783498,0.0005220035268024724
3.09596526674071,0.0013204267060657282,0.0011025394301046269,0.0005222814189104183
3.0966391949815972,0.0013203500971941987,0.0007761197696548015,0.0005225597649942425
3.0973131232224844,0.00132027348832304,0.0022232131327246064,0.0005228385416897436
3.0979870514633716,0.001320196879451833,0.0010010027800839523,0.0005231177645254964
3.098660958792058,0.0013201202729575222,0.0011196653704359637,0.0005233974343396585
3.099334865709476,0.0013200436665101335,0.0004920585245939908,0.0005236811046643481
3.100008772626894,0.001319769446648047,0.001649622738827724,0.0005244921224250615
3.1006826769285003,0.0013192332645490003,0.0007692357938141085,0.0005243110747518952
3.1013565625237987,0.0013186970973326992,0.0018015938766226711,0.0005241235703278031
3.102030448119097,0.001318160930116755,0.001053311789668342,0.0005239362715461066
3.1027043337143954,0.0013176247629007433,0.0016574944678613812,0.0005237491691090907
3.103378205210598,0.0013170886069022727,0.001393499398308144,0.00052356226695276
3.1040520375064995,0.0013165524820931075,0.0012770677809129315,0.0005233755821256857
3.104725869802401,0.0013160163572839903,0.0010787900234129609,0.0005231890970041649
3.1053997020983024,0.0013154802324745665,0.0012627592472271682,0.0005230028067610202
3.1060735508284534,0.001314944094589887,0.0015585277786761879,0.0005228167199302211
3.106747423596134,0.0013144079375797418,0.0024230316653787967,0.0005226308160890726
3.1074212963638144,0.0013138717805697806,0.0014697248962895495,0.0005224451104924744
3.108095169131495,0.0013133356235598885,0.000964002228245394,0.0005222598500866648
3.108769008070506,0.0013139452450928845,-0.00010950192824498578,0.0005221110618556664
3.1094428190490095,0.0013164726106633254,0.0011761931362788698,0.0005220226565988005
3.110116630027513,0.0013189999762340165,0.0013239625027598359,0.0005219346890325349
3.1107904410060163,0.0013215273418047332,0.0005935264167256018,0.0005218467714340892
3.111464237299812,0.0013240546522952255,0.0004774037273914185,0.000521758907061789
3.1121380269622656,0.0013265819379127527,0.0019418930478462006,0.0005216710755465793
3.1128118166247196,0.0013291092235297852,0.0011034531464213975,0.00052158329868204
3.1134856062871736,0.0013316365091470773,0.0004332073279879298,0.0005214955552074946
3.114159378254159,0.0013341637283911718,0.0008684529576690324,0.0005214078652318263
3.114833146601912,0.0013366909340603431,0.0009048344800780655,0.0005213202097358205
3.1155069149496653,0.0013392181397293963,0.001179646911347105,0.0005212326024717483
3.1161806832974186,0.0013417453453983535,0.0015568793132362923,0.0005211450377689354
3.1168543998895095,0.0013442723569393846,0.0016417890593727696,0.000521057401880244
3.1175281149564102,0.001345903096529926,0.001666975309368518,0.0005209510170333294
3.118201830023311,0.001345596757975118,0.0011638727040680255,0.0005208045762747264
3.118875549632538,0.0013452904173547522,0.002168938160678282,0.0005206579891527252
3.1195493051678853,0.001344984060398586,0.001793611357277799,0.0005205115038143005
3.1202230607032324,0.0013446777034427546,0.0007999706741991379,0.0005203651576512028
3.1208968162385795,0.0013443713464870105,0.0024363863761404504,0.0005202189245326877
3.1215705561445577,0.0013440649966375653,0.002511526272290395,0.000520072826427813
3.1222442499014766,0.0013437586677724094,0.0013701569063904366,0.0005199268568906047
3.122917943658396,0.0013434523389070886,0.002113667209996119,0.0005197810106319765
3.123591637415315,0.0013431460100418538,0.0014808685772385007,0.0005196352874040812
3.12426532278222,0.0013428396849916504,0.0001586312687313512,0.0005194896812685603
3.124938995230506,0.0013425333658154048,0.001311605131430015,0.0005193442188117191
3.125612667678791,0.0013422270466391562,0.0009819766380623131,0.0005191989253950914
3.126286340127077,0.0013417027617747355,0.0014227973317288319,0.000519063395246656
3.1269600011895418,0.0013405542148394,0.0009313593500699023,0.000518955103833966
3.127633652330542,0.0013394056848194317,0.0013994221701962941,0.0005188470621562238
3.128307303471542,0.0013382571547994747,0.0010109045531396497,0.0005187390881807121
3.128980954612542,0.0013371086247796085,0.001040824082400103,0.0005186311823863435
3.129654591374895,0.001335960119274521,0.0012714643978004225,0.0005185233536932388
3.1303282212099575,0.0013348116255796209,0.001160019393153162,0.0005184155832209258
3.1310018510450197,0.0013336631318850462,0.0010699279645140676,0.000518307880340134
3.131675480880082,0.0013325146381901252,0.0021864880203746424,0.0005182002499825082
3.1323490672959684,0.0013313662185223008,0.0012893257057229345,0.0005180926928339812
3.1330226438720823,0.0013302178156306633,0.0013674967405504954,0.0005179852086601431
3.1336962204481957,0.0013290694127388474,0.00043832080368641935,0.0005178777812715979
3.134369797024309,0.0013279210098470964,0.0015068144766124995,0.0005177703306262446
3.135043402081852,0.0013269848355027681,0.0013131839494240909,0.0005176477730871378
3.135717008471391,0.0013269082632179866,0.0014237871987258972,0.0005174654658872756
3.1363906148609297,0.0013268316909332862,0.0019305402631364173,0.0005172829449054759
3.1370642163835956,0.001326755119201604,0.0012200664278345591,0.0005171006178391902
3.1377377716584878,0.0013266785527273662,0.0015794091727402973,0.0005169184998469852
3.13841132693338,0.0013266019862527478,0.001184054261492043,0.0005167365741825665
3.1390848822082718,0.0013265254197784896,0.0005242073194207593,0.0005165548407725413
3.1397584324741055,0.0013264488538735767,0.0014460975076480977,0.0005163732988479436
3.1404319664491234,0.0013263722898203534,0.0009377086689738899,0.0005161919585533394
3.141105500424141,0.0013262957257674868,0.0014130291932579438,0.0005160108036604336
3.1417790343991587,0.001326219161714361,0.0007088250781250631,0.0005158298353137769
3.1424525563939443,0.0013261425990230371,0.001363029428111131,0.0005156490668810773
3.1431260584216765,0.0013260660386016098,0.001047781268562443,0.0005154685883976652
3.1437995604494087,0.0013261262474873552,0.0009304238197363126,0.0005153026388946982
3.144473062477141,0.0013270448681207822,0.00123650226482274,0.0005152232994394371
3.1451465371056377,0.001327963451382997,0.001808728025126188,0.0005151445797115449
3.1458199858946276,0.0013288819994018153,0.0008139584427800077,0.0005150658970061378
3.146493434683618,0.0013298005474200918,0.0016449771642151117,0.0005149872437490758
3.1471668834726083,0.0013307190954388285,0.0016737506598566182,0.0005149086330729515
3.1478403587226724,0.0013316376795490473,0.0009709707986425655,0.0005148300515820126
3.1485138479725343,0.0013325562827540677,0.0008224245169959164,0.0005147515063581938
3.1491873372223957,0.0013334748859591395,0.0010085803195917017,0.0005146730008988144
3.1498608264722576,0.001334393489164289,0.001864707141807084,0.0005145945265225316
3.1505342751829044,0.0013353120370761219,0.0014189925731030737,0.000514516098537668
3.151207713325156,0.0013362305705730824,0.0011980567558983577,0.0005144377019510511
3.1518811514674083,0.0013371491040703204,0.0014978560718279313,0.0005143593611280102
3.15255458960966,0.0013380676375671992,0.001960596949514722,0.000514283217112651
3.1532279979697004,0.0013389861304427513,0.0025314666982053854,0.0005142323506899065
3.153901404173757,0.001339904620377923,0.0017203856091609047,0.000514181664029682
3.1545748103778135,0.0013408231103129017,0.0012944375193572417,0.0005141309920089869
3.1552482150575965,0.0013417415981690185,0.0007712717696396879,0.0005140803448300675
3.155921599971206,0.001342660059065149,0.0014789013456031636,0.0005140297038598416
3.1565949848848147,0.0013435785199609825,0.0009086675706237664,0.0005139790715439535
3.157268369798424,0.0013444969808574594,0.0017603459700706514,0.0005139284654029099
3.157941743505381,0.0013454154264678356,0.0009749404419271213,0.0005138778675899676
3.158615075198761,0.0013463338147743215,0.0010666243542505128,0.0005138272961526471
3.1592884068921414,0.0013472522030808847,0.0009696920717720474,0.0005137767298345826
3.159961738585521,0.001348170591387341,0.0016579847836380435,0.0005137261882848683
3.16063508440842,0.0013490889989658315,0.0018217770370578927,0.0005136756935937431
3.1613084565593383,0.001349994417524874,0.0013667243287888411,0.0005136357921205728
3.161981828710257,0.0013493055066054883,0.0007392502923369502,0.0005143094268915199
3.1626552008611752,0.001348616595685954,0.00149981352721085,0.000514990513845256
3.1633285428941584,0.0013479277155794436,0.0010774569241608165,0.0005156742796749159
3.1640018533018024,0.001347238867828016,0.0011767801394801936,0.0005163607359411324
3.1646751637094463,0.0013465500200767087,0.0008480628938413439,0.0005170499453580643
3.1653484741170903,0.0013458611723253943,0.0012317490867256623,0.0005177419197839035
3.1660217711934098,0.0013451723382129353,0.0007425908524231293,0.0005184366712261092
3.1666950603166635,0.0013444835122370356,0.0019859275943253547,0.000519134209836034
3.1673683494399167,0.001343794686261312,0.0021549114855276604,0.0005198345710622004
3.1680416385631704,0.0013431058602855108,0.0010679852014394066,0.0005205377708602173
3.168714911409779,0.0013424170509621536,0.0005714155949992938,0.0005212438136065918
3.1693881792499874,0.001341728246760452,0.0010032631174859443,0.0005219527303364707
3.170061447090196,0.001341039442558718,0.0007131848538649521,0.0005226538363508022
3.1707347149304046,0.0013394128519585895,0.002090044031468818,0.0005217559683610502
3.1714079347254023,0.0013377294198730558,0.001270913320339735,0.0005207559066412931
3.172081149363885,0.0013360460006813955,0.00028978386240873324,0.0005197609412822742
3.172754364002368,0.0013343625814899343,0.0010910015826205235,0.0005187716651442766
3.1734275798655336,0.001332679159235921,0.0017797105796931076,0.0005177880186350631
3.174100824318582,0.0013309956654910457,0.0015035893729885954,0.0005168099114964716
3.1747740687716304,0.0013293121717462392,0.0019222660625817774,0.0005158373312875342
3.1754473132246788,0.0013276286780015633,0.002025690912454016,0.0005148702296665621
3.1761205485375115,0.0013259452071123488,0.0010375888569071276,0.0005139085556753793
3.1767937418976584,0.0013242618411287335,0.0014661624807092626,0.0005129523182296383
3.177466935257805,0.0013225784751453313,0.0016154329351279017,0.0005120014092209424
3.1781401286179514,0.0013208951091617782,0.0012233617360558073,0.0005110557744655541
3.1788133152381333,0.0013192117600319604,0.0008814797214844234,0.000510117895275956
3.179486487321289,0.0013210737873094792,0.0019370319843344764,0.000509560857686048
3.1801596594044446,0.0013234459976738443,0.0010861602092936528,0.000509062040524578
3.1808328314876,0.0013258182080385197,0.0012292124258926292,0.0005085650492799545
3.1815059890653936,0.0013281903672872008,0.0012336868490880912,0.0005080695186814915
3.182179129235584,0.0013305624651931403,0.0010847181735177138,0.0005075754301263385
3.1828522694057746,0.001332934563098556,0.001459137166156266,0.0005070827946555477
3.1835254095759655,0.001335306661004424,0.0006749935847906071,0.0005065915734148668
3.1841985371499963,0.0013376787145220137,0.0010278904217635343,0.000506101782366183
3.184871656046558,0.0013400507374609879,0.0018556932918972644,0.0005056134165635566
3.1855447749431196,0.0013424227603997091,0.0010520912782962589,0.0005051264563920157
3.186217893839681,0.0013447947833385972,0.0010745262253198423,0.0005046408933021278
3.1868909739399225,0.001347166669561927,0.0014767383980047936,0.0005041567539508938
3.187564039658294,0.0013495385051048238,0.0012292367619176447,0.0005036750390300488
3.188237105376665,0.0013485211946988969,0.001811956095565208,0.0005033486309986102
3.1889101710950363,0.0013466851436370953,0.0012592182793483972,0.0005030609577553547
3.1895832626540703,0.0013448490220847324,0.0007645747814552126,0.0005027740054479318
3.190256358187471,0.001343012889690725,0.0016603909488611117,0.0005024875503628991
3.190929453720872,0.001341176757296841,0.0011410559320325223,0.0005022015856683237
3.1916025491061415,0.0013393406253071668,0.0009037612692583546,0.0005019161058352719
3.192275604189883,0.001337504603255667,0.0005671998803946343,0.0005016311353530969
3.1929486592736245,0.0013356685812040414,0.002662447112096019,0.0005013466545467865
3.193621714357366,0.0013338325591524048,0.001673413817015133,0.0005010626544143876
3.1942947634544088,0.001331996553432078,0.000802190115379419,0.0005007791394246149
3.1949677760029913,0.0013301606474117149,0.0005520958820433576,0.0005004961259588236
3.1956407885515743,0.001328324741391551,0.00026932200604339084,0.0005002135842964136
3.1963138011001573,0.0013264888353713676,0.0020768512612976235,0.0004999321771057993
3.196986807745677,0.0013279083272735046,0.0006942922930156202,0.0004997464683001076
3.1976597990286963,0.0013305091119545837,0.0020288995929566398,0.0004995960627844065
3.198332790311716,0.0013331098966354626,0.001625855782046662,0.0004994460164814523
3.1990057815947353,0.0013357106813163262,0.0009322778208840851,0.0004992961164731018
3.199678755258497,0.0013383113979074243,0.0017818152553431997,0.0004991469966449004
3.200351704014421,0.0013409120182418769,0.0008044078972254122,0.000499096997009948
3.201024652770345,0.0013435126385760233,0.0011095459937291673,0.0004991374422058289
3.2016976015262695,0.0013461132589104548,0.00089929959928404,0.0004991784946217832
3.2023705725594382,0.0013487139653354466,0.0011202355418790365,0.0004992195588447314
3.2030435617619912,0.0013513147419763878,0.0015853792232477433,0.000499260636779168
3.2037165509645438,0.0013539155186173325,0.0014950869034428195,0.0004993017118601982
3.2043895401670968,0.0013565162952583947,0.0014736122416748733,0.0004993428153858752
3.205062486967887,0.001359116908036921,0.0009721823654040846,0.0004993839518675799
3.2057354144622794,0.0013603536320605186,0.0012048533317891544,0.0004994301495496327
3.206408341956671,0.0013608890978397627,0.00112775052013382,0.0004994789845045393
3.2070812694510633,0.0013614245636190457,0.0006921642443585007,0.0004995278396555467
3.2077541794379805,0.0013619600154671863,0.0012552712506328696,0.0004995767177208602
3.2084270856721835,0.001362495464329335,0.0011951547720237621,0.0004996256012704913
3.209099991906387,0.0013630309131913878,0.001990438884133325,0.0004996745042779352
3.20977289814059,0.0013635663620534526,0.001586782442125865,0.0004997234255836321
3.21044576357114,0.0013641017784469726,0.0020177319670241557,0.0004997723569609538
3.2111186272889958,0.001364637193477637,0.0011720341250089417,0.0004998212897253381
3.2117914910068515,0.001365172608508387,0.001592486506430842,0.0004998702500655257
3.2124643506562736,0.0013657080203016746,0.0015527062337782167,0.0004999192206863933
3.213137171863154,0.0013662434015052146,0.0021006481092915256,0.0004999682065828735
3.213809993070034,0.0013667787827089121,0.0013058387155193186,0.0005000168743958987
3.214482814276914,0.0013660127399303934,0.0017726433147579217,0.0005000155621619551
3.2151556448441356,0.0013643302811352771,0.001735451148568303,0.0004999789060773783
3.2158285064940073,0.0013626477446160344,0.0028799402763143595,0.0004999420176751587
3.2165013681438794,0.0013609652080968106,0.0006895748466861313,0.0004999051381209063
3.2171742297937516,0.001359282671577432,0.0016163296979201816,0.0004998682660931554
3.217847068796984,0.001357600191687477,0.0006323703632969146,0.0004998314033489847
3.218519868750391,0.0013559178094443626,0.0017363857241620407,0.0004997945547300658
3.2191926687037977,0.0013542354272014063,0.0013620023584922012,0.0004997577086864173
3.2198654686572046,0.0013525530449581503,0.0013058047576783676,0.0004997208714529411
3.2205382579274726,0.001350870689428927,0.0008573521761091926,0.0004996840477961911
3.2212110366287487,0.0013491883603282966,0.0009082987584394026,0.000499647227501806
3.221883815330025,0.001347506031227633,0.0014010453863226443,0.0004996104150045476
3.222556594031301,0.0013458237021267369,0.0010030095449313336,0.0004995737626713125
3.2232293591706727,0.0013443754977002123,0.0014062534458997031,0.0004995585669016208
3.223902116621161,0.0013431518851952163,0.001359773141943626,0.000499563963993084
3.224574874071649,0.0013419282726899154,0.0011411280411513945,0.00049956949980744
3.225247631522137,0.0013407046601849235,0.0009378809342672869,0.0004995750312286204
3.2259203396626037,0.0013394811373649569,0.0008287407834131083,0.0004995805754556085
3.2265930333687813,0.001338257640797964,0.0021483261827676963,0.0004995861077233433
3.227265727074959,0.001337034144231098,0.00189597193662176,0.0004995916441159641
3.227938420781137,0.001335810647664216,0.0019119015727405066,0.0004995971849337899
3.2286111512292726,0.0013345870842710796,0.0015491542368543457,0.0004996027215903283
3.229283885374805,0.001333363514153041,0.001652782011443293,0.0004996082531756726
3.2299566195203377,0.001332139944034982,0.0016164427041678805,0.0004996137991922318
3.2306293509852333,0.0013309163787924986,0.001471088743635632,0.0004996193319311065
3.2313020234459917,0.0013296929208667539,0.0019172144861566369,0.0004996247529271767
3.2319746959067506,0.0013291657739866022,0.0005569607377127802,0.0004996124468082331
3.232647368367509,0.001329548061131816,0.0013218326670274487,0.0004995770861604531
3.2333200370394986,0.0013299303461237978,0.0025951522128708324,0.0004995415654376821
3.23399268825618,0.0013303126211958718,0.001918698282779871,0.000499506072039824
3.2346653394728615,0.001330694896267818,0.0016431832556416072,0.000499470572166691
3.2353379906895428,0.0013310771713398192,0.0008852926130389063,0.0004994350877125507
3.2360106352549036,0.0013314594426318415,0.0016630983111755827,0.0004993996078627618
3.2366832652288497,0.0013318417056312176,0.0016854675201128423,0.0004993641348609182
3.237355895202796,0.001332223968630755,0.0019196387422253623,0.0004993286659069467
3.2380285251767416,0.0013326062316302784,0.0015390393399026363,0.0004992932173567557
3.2387011456397707,0.0013329884892246356,0.0011971897325674353,0.0004992577626804492
3.239373754372323,0.00133337074015267,0.0020312225868443484,0.0004992223295027147
3.240046363104875,0.0013337529910801768,0.0009032143038569735,0.000499186941099446
3.2407189718374276,0.001333729515983709,0.002210425400226408,0.0004991596855188712
3.241391543469644,0.0013329650562971741,0.0005158624326650547,0.0004991471250858414
3.242064088486064,0.001332200626862984,0.0009019712462084783,0.0004991346616052934
3.2427366335024836,0.001331436197428231,0.0014966677644331018,0.0004991221998520343
3.2434091785189034,0.0013306717679940326,0.0010461613305826874,0.0004991097387425736
3.244081752504277,0.0013299073056326604,0.001929706478854789,0.0004990972868075368
3.2447543379558086,0.0013291428302388347,0.000796469043938674,0.0004990848271392718
3.24542692340734,0.0013283783548450037,0.0012829675715470272,0.0004990723689504237
3.2460995088588716,0.00132761387945115,0.0006755647891039845,0.0004990599103156705
3.246772041861327,0.0013268494636719211,0.0012826085465402258,0.0004990474541175361
3.247444565641718,0.0013260850583748443,0.0016422808102029725,0.0004990349987544915
3.24811708942211,0.001325320653078028,0.001238382054971709,0.0004990225447153589
3.248789613202501,0.001324556247780729,0.0014895010629445702,0.0004990102574957279
3.2494621160774053,0.0013239791842585868,0.001439196240510774,0.0004990231650527544
3.2501346186231097,0.0013239027374532875,0.001414398979088073,0.0004991024232561301
3.250807121168814,0.0013238262906481123,0.001360388825437183,0.0004991821418316148
3.251479621200316,0.0013237498441284903,0.0017139454603216924,0.0004992619089575929
3.2521521025126736,0.0013236733997371063,0.00133938566433813,0.0004993417138651093
3.252824583825032,0.0013235969553455768,0.001200880983309254,0.0004994215603826335
3.2534970651373896,0.0013235205109539633,0.0014779693011701875,0.0004995014374315176
3.2541695303868003,0.0013234440683885227,0.0008819315455277366,0.0004995813524120126
3.2548419480071638,0.0013233676312370379,0.0015882296055867522,0.0004996612925741019
3.2555143656275267,0.0013232911940856654,0.00040165522527372123,0.0004997412879820284
3.2561867832478897,0.0013232147569344295,0.001429393760769112,0.000499821305064108
3.2568592164594428,0.0013231383180104825,0.0011263668058357197,0.0004999013739477965
3.25753167451128,0.0013230618762632876,0.0013739988529071032,0.000499981424408143
3.2582041325631175,0.0013232767127414541,0.0014479315693746882,0.0005000523112995289
3.2588765906149546,0.0013247289408597038,0.001543684142619548,0.0005000851685853474
3.2595490166704106,0.0013261810998791547,0.0020856891389077767,0.0005001177770138289
3.26022141306279,0.0013276331948389216,0.0011900829189011733,0.00050015038359043
3.260893809455169,0.0013290852897985916,0.0005498627152136507,0.0005001830052502784
3.2615662058475476,0.0013305373847582631,0.001335265614073443,0.0005002156341790571
3.2622385883954497,0.0013319894498196709,0.0012653620538575295,0.0005002482604186664
3.2629109635611853,0.0013334414989386793,0.0011029627030178298,0.0005002809027219974
3.2635833387269204,0.0013348935480575475,0.000873257334733297,0.000500313546568907
3.264255713892656,0.0013363455971767083,0.0013833727918110678,0.0005003461924321504
3.2649280723880296,0.0013377976102945976,0.001896159565033756,0.0005003788532288368
3.2656004263284615,0.0013392496135758605,0.0010780515300632934,0.0005004115214887985
3.2662727802688933,0.0013407016168569474,0.0007345228353300324,0.0005004442387960342
3.266945134209325,0.0013420889480849133,0.0009527861940407308,0.0005004859729259582
3.267617429673553,0.0013429296040023038,0.001435206086633697,0.0005005997919249696
3.268289719946114,0.0013437702534281912,0.0015025028164267619,0.0005007141762641835
3.268962010218675,0.0013446109028538728,0.0014751229873746765,0.0005008286313542519
3.269634302559017,0.0013454515548652435,0.0008792513748069766,0.0005009431643044715
3.270306633259415,0.0013462922548429308,0.0007589922534449556,0.0005010577854068224
3.2709789639598124,0.001347132954820851,0.0018774728280122233,0.0005011724855877019
3.27165129466021,0.0013479736547986343,0.0020563693572574525,0.0005012872654274539
3.272323614034935,0.0013488143406142003,0.0009026246900483198,0.0005014021158930523
3.272995883087552,0.0013496549635060968,0.001139579314618899,0.0005015170432717697
3.2736681521401683,0.0013504955863978614,0.0019032727157833496,0.0005016320511811351
3.274340421192785,0.0013513362092896345,0.0006604093909702388,0.0005017471292733737
3.2750126835342925,0.0013521768237896724,0.0012823008483843642,0.0005018623165676929
3.2756849313683047,0.0013529778314212634,0.0005814688682286972,0.0005019795501211245
3.2763571792023165,0.001351908103110718,0.0012487400138813571,0.0005021685577329944
3.2770294270363283,0.0013508383748001111,0.0018961912407252203,0.0005023582493733198
3.277701665349507,0.0013497686616398175,0.000771111275588576,0.000502548161275732
3.2783738919662535,0.0013486989670916665,0.0009966228921921237,0.0005027382775940161
3.279046118583,0.0013476292725435285,0.0017385259922757788,0.0005029286052573279
3.279718345199747,0.0013465595779954718,0.001867790209105556,0.0005031191481044751
3.2803905348359876,0.0013454899422931698,0.0010107852998342418,0.0005033099115366942
3.2810626978089736,0.001344420349019671,0.0022183806988823698,0.0005035008721847261
3.281734860781959,0.0013433507557456962,0.0004842413615384297,0.0005036920493171847
3.282407023754945,0.001342281162472439,0.0013587594543883082,0.0005038834438019171
3.2830792155508983,0.0013412115233336268,0.0006846168523551157,0.0005040750748121285
3.2837514189480834,0.0013401418657338522,0.000825251571196741,0.0005042669112782417
3.284423622345268,0.0013390722081344764,0.0010388580942247766,0.0005044578621178976
3.285095825742453,0.0013374325794119374,0.0007234777155482439,0.0005044824422341109
3.2857679770664565,0.001335751819111035,0.0018178248573266667,0.0005044938711114362
3.2864401188275334,0.0013340710827226094,0.0011235754964314239,0.0005045052231479585
3.2871122605886103,0.0013323903463344825,0.0015810397220098766,0.0005045165720734492
3.2877844023496867,0.0013307096099460605,0.0008859130056606204,0.0005045279207162625
3.2884565233947267,0.0013290289253597351,0.0016362661306613315,0.0005045392700512366
3.2891286439452334,0.0013273482420100733,0.00116373563486452,0.0005045506105933999
3.2898007644957397,0.0013256675586603786,0.0008610581514066414,0.0005045619659422226
3.2904728827471987,0.0013239868810594893,0.0014566073996041635,0.0005045733093187646
3.2911449820884737,0.001322306250744752,0.001774491494423562,0.0005045846666045673
3.2918170814297483,0.0013206256204302698,0.0014212572747864887,0.0005045960145547986
3.2924891807710233,0.0013189449901156085,0.0018848993907737788,0.000504607372691689
3.2931612699332447,0.0013172643852542986,0.0005850752214612176,0.0005046187122067988
3.2938333268600717,0.001317965659077081,0.0009451790700062906,0.0005046268070100215
3.2945053837868987,0.0013191116013190026,0.0017511389225046007,0.0005046342830611827
3.2951774407137258,0.0013202575435611271,0.0015807295705786138,0.0005046417524507717
3.2958494818924486,0.0013214034589504185,0.0005313792251996739,0.0005046492297400316
3.2965214964101808,0.0013225493288794678,0.0017522092924344475,0.000504656708906075
3.297193510927913,0.0013236951988085028,0.000984578790078125,0.0005046641832207691
3.297865525445645,0.0013248410687374686,0.0013475252160025188,0.0005046716581686571
3.2985375602720364,0.0013259869732955845,0.0015177383000191532,0.0005046791323541234
3.2992096152097234,0.001327132912145543,0.001543103881275713,0.0005046866125298222
3.299881670147411,0.0013282788509958933,0.0008505584125820956,0.0005046949443758976
3.3005537250850985,0.0013294247898461569,0.002253225078499345,0.0005048326168231553
3.301225740989689,0.0013305706621399448,0.001699532915660628,0.0005049988628826976
3.3018977343048803,0.001331716495915845,0.002104042042315167,0.0005051660050282166
3.302569727620072,0.0013318850357762555,0.0014822255850598068,0.0005054164355927455
3.303241720935264,0.0013317322753045931,0.0014249602554095126,0.0005056950958350047
3.3039136980441652,0.0013315795185168619,0.002282749428331011,0.0005059744064951105
3.304585670158154,0.001331426762864754,0.001484548424236763,0.0005062541706547633
3.305257642272143,0.001331274007212506,0.0017935432506495954,0.000506534404246724
3.3059296143861325,0.0013311212515603069,0.0020025818741956298,0.0005068150942132268
3.3066015485423814,0.001330968504536798,0.0013467777546709932,0.0005070962486142012
3.307273478257979,0.0013308157585228582,0.0009016641206173741,0.0005073778586997869
3.307945407973576,0.001330663012508636,0.0018396108976324293,0.0005076599373613809
3.3086173365920875,0.001330510266744178,0.0016819547898302002,0.0005079425023991544
3.309289223914643,0.0013303575303672678,0.001622441479764985,0.0005082255085717342
3.309961111237198,0.0013302047939901225,0.0016672897231417446,0.0005085089883686678
3.310632998559753,0.0013300520576131685,0.0010041224581856846,0.000508796353888939
3.311304892197358,0.0013319634870634614,0.0016109750677141131,0.000509597154410406
3.3119768199362305,0.0013349423641597006,0.001611660429666685,0.0005106714328537482
3.3126487476751034,0.001337921241255818,0.0016710552232561504,0.0005117543239432148
3.313320675413976,0.001340900118352304,0.001070309014516374,0.0005128441583769871
3.313992585501405,0.0013438789171940535,0.0005510118959847723,0.0005139409582779318
3.314664451629445,0.001346857521149016,0.0014215362695251656,0.0005150447709445513
3.3153363177574855,0.0013498361251041342,0.0027080441247498976,0.0005161557322281067
3.3160081838855255,0.0013528147290592278,0.0015118612177878812,0.0005172739128820037
3.31668004118135,0.0013557932938584403,0.0016183410162554596,0.000518399398604726
3.3173518861162123,0.001358771803857284,0.00032246795855197163,0.000519532259657991
3.3180237310510745,0.001361750313856128,0.001520624351529283,0.0005206725824430412
3.3186955759859367,0.001364728823854907,0.001774757171773448,0.0005218204609978442
3.319367397742954,0.0013677072310984803,0.002082704407411138,0.0005229684595875626
3.320039200295471,0.0013712039344247109,0.0010867737720656897,0.0005229954768672072
3.320711002847988,0.00137509822064647,0.001162914638041491,0.0005221586417687049
3.321382805400505,0.001378992506868069,0.0022184108286989234,0.0005213201224176342
3.3220545792740572,0.0013828866268443798,0.0015942410615992929,0.00052048564396543
3.322726339449576,0.0013867806674161744,0.001429418276447573,0.0005196551802935859
3.323398099625095,0.001390674707988177,0.0005816653506209256,0.000518828658504436
3.3240698598006135,0.0013945687485600843,0.0010591705412428811,0.0005180060573052366
3.3247416354795716,0.0013984628790017868,0.0016094344178096132,0.0005171873281346922
3.325413414880669,0.001402357031019931,0.0010438525686283777,0.0005163724533741814
3.3260851942817666,0.0014062511830382535,0.0017760169462135026,0.0005155614112703696
3.326756973682864,0.0014101453350564258,0.00117349130160448,0.0005147541641780162
3.3274287152667066,0.001414039267856597,0.00044672329483440233,0.0005139507350665275
3.3281004542557313,0.0014179331856151545,0.0011380704963070928,0.0005131528359883941
3.3287721932447556,0.0014190685355349101,0.0011685839525246663,0.0005126286325251846
3.329443929466763,0.0014170834091685154,0.001535107895632221,0.0005124105675104211
3.330115626086808,0.0014150983998341832,0.0006571826588254907,0.000512194805180101
3.3307873227068527,0.0014131133905004455,0.002376176915539651,0.0005119793023296207
3.3314590193268976,0.0014111283811662557,0.0014536442146334551,0.0005117640909063658
3.3321307118252528,0.0014091433840126347,0.0009565715000794635,0.0005115491485938254
3.3328023872628116,0.001407158437277416,0.0015880407812782276,0.0005113344733969761
3.333474062700371,0.001405173490542301,0.0011210357741776884,0.0005111200700193275
3.33414573813793,0.0014031885438069288,0.0016770255638744553,0.0005109059472498261
3.3348174067185057,0.0014012036173356214,0.0012863887283233694,0.0005106920945351384
3.3354890609749153,0.0013992187331952203,0.0009168449929714223,0.0005104785215812165
3.3361607152313244,0.0013972338490550631,0.0006551068169653962,0.0005102652079288321
3.336832369487734,0.0013952489649146074,0.00202204653931113,0.0005100528530931997
3.337503994977917,0.001393745259201819,0.0007983676951940507,0.0005099445738953548
3.338175585698892,0.0013930581708206484,0.0009238433609791757,0.000510011254191038
3.338847176419867,0.0013923710824397166,0.001228592201616253,0.0005100791324551858
3.339518767140842,0.0013916839940584815,0.0007992712452513401,0.0005101470434139049
3.340190381355773,0.0013909968816411952,0.0012671405116732005,0.0005102149802098546
3.340862012484576,0.001390309751919818,0.0015590200233529482,0.0005102829441586329
3.3415336436133796,0.0013896226221984643,0.0009469779792928399,0.0005103509314114923
3.342205274742183,0.0013889354924771864,0.0002549353445184901,0.0005104189495510974
3.342876862149011,0.0013882484074864308,0.0014652474231318822,0.0005104869943712275
3.343548431694179,0.0013875613407698455,0.001350909685445563,0.0005105550578814994
3.344220001239347,0.0013868742740531155,0.00130184273771405,0.000510623157072975
3.3448915707845144,0.0013861872073363788,0.0015995207280233101,0.0005106912688209844
3.345563122574867,0.0013855001587844177,0.002010679913561136,0.0005107594285446151
3.3462346709455635,0.001384501693260706,0.0015523662444806563,0.000510828600057096
3.3469062193162595,0.0013826697813604794,0.0010362383746349878,0.0005109004300383113
3.3475777676869556,0.0013808378694605296,0.0006358228174162048,0.0005109723047276811
3.348249295584945,0.001379006013407716,0.0011366530518672493,0.0005110442066051541
3.348920822782505,0.0013771741592656086,0.0022127471310337174,0.0005111161327251266
3.3495923499800644,0.0013753423051237642,0.002022487168120724,0.0005111880929946703
3.3502638711303963,0.0013735104674777703,0.0022853277496376573,0.0005112600844553487
3.3509353348165565,0.001371678786588156,0.0024173143576518338,0.0005113321037782907
3.3516067985027163,0.0013698471056984448,0.0017113847570666514,0.0005114041404594954
3.3522782621888765,0.0013680154248087036,0.0017538208562687526,0.0005114762162156247
3.352949734891011,0.0013661837193242503,0.001294558548716397,0.0005115483313363618
3.353621238981361,0.0013643519282163176,0.0006833561592729724,0.0005116204626425733
3.3542927430717113,0.0013625201371082073,0.0011908576305366323,0.0005116926989112599
3.3549642471620613,0.0013608181811675221,0.0012333726235865185,0.0005117757094013046
3.355635729643591,0.0013597495492768637,0.0007164076262149503,0.00051190953976066
3.3563071721619537,0.0013586809809857784,0.0015240469157532888,0.0005120438163530928
3.356978614680317,0.001357612412694697,0.001795406132894336,0.0005121781931923175
3.3576500571986805,0.0013565438444035594,0.0010751095516245725,0.0005123126852128822
3.358321489583393,0.0013554752922396104,0.0014542309189518464,0.0005124472725183249
3.358992910935294,0.001354406757633889,0.002056136556007989,0.0005125819706739119
3.3596643322871946,0.001353338223028204,0.0020663073839131013,0.0005127167696659945
3.3603357536390956,0.0013522696884226196,0.0005629262232245095,0.0005128516687416759
3.3610071493208205,0.0013512011946695307,3.0377870889243368e-05,0.0005129866797259917
3.3616785283438,0.0013501327274282465,0.0012619340974285248,0.0005131217908537727
3.3623499073667795,0.0013490642601869758,0.0015505885959287858,0.0005132570038520701
3.363021286389759,0.0013479957929456421,0.0013822107511844146,0.0005133923570798692
3.3636926343520215,0.0013469896261985848,0.0019664478532238476,0.0005135323188705027
3.3643639710514166,0.0013468370149917303,0.0004142814146358082,0.000513729105372478
3.3650353077508113,0.0013466844037847093,0.001502150778834963,0.0005139264934849419
3.365706644450206,0.0013465317925779293,0.0013027306759888784,0.0005141241134788625
3.366378015937869,0.001346379173462635,0.000947567903105604,0.0005143219666253702
3.3670493930378154,0.0013462265530717367,0.0014104748942269534,0.0005145200690966717
3.367720770137762,0.0013460739326806735,0.0012262460226281594,0.0005147183794440893
3.3683921472377083,0.0013459213122897701,0.0008234295615438391,0.0005149169257239785
3.3690634635062366,0.0013457687057272397,0.0017298209423946274,0.0005151156845269316
3.36973477904584,0.001345616099330334,0.0013566699092139466,0.0005153146784643302
3.3704060945854435,0.0013454634929335756,0.0017539633235605224,0.0005155138934650839
3.3710774052488377,0.0013453108876452012,0.0019369587087914367,0.0005157133393912219
3.37174867847286,0.0013451582908675873,0.0007836169507856881,0.0005159130218111654
3.372419951696882,0.0013450056940903412,0.0017533949623052226,0.0005161118800205779
3.373091224920904,0.0013439715642954357,0.001092814021890864,0.0005161571170788645
3.373762493023841,0.001342903273577955,0.0024587046183453722,0.0005161953656588338
3.3744337450920727,0.0013418350083791019,0.00076569282417662,0.0005162335870717488
3.375104997160305,0.001340766743180123,0.00135253968681784,0.0005162718223246203
3.3757762492285366,0.0013396984779812098,0.00166428321667444,0.0005163100509705263
3.3764474778945766,0.0013386302500256672,0.0019917763664837637,0.0005163482931856819
3.377118666503438,0.0013375620858194588,0.0009730861253414787,0.0005163865384745798
3.377789855112299,0.0013364939216128054,0.0016235279612690392,0.0005164247917790635
3.3784610437211606,0.0013354257574062958,0.0019848919097684927,0.0005164630685488454
3.379132252330928,0.0013343575613694808,0.0017219892796086946,0.000516501339165803
3.3798034813360958,0.00133328933287429,0.0010295951570732376,0.0005165396280689327
3.380474710341264,0.0013322211043790256,0.0009098921059557275,0.0005165779103075697
3.381145939346432,0.0013311528758838276,0.0020410549682576924,0.0005166168099646297
3.3818171301102633,0.0013304770355897053,0.0019024704749432341,0.0005167452033344139
3.3824882975686674,0.0013298667446522492,0.000882765679698007,0.0005168892280122177
3.383159465027072,0.001329256453714904,0.0021538490397637923,0.0005170334752513865
3.383830632485476,0.0013286461627773408,0.0018461830364762542,0.000517177838606131
3.3845017841336706,0.001328035886216184,0.0009592080394280392,0.0005173223164218395
3.3851729304429505,0.0013274256145095324,0.0012041552083639166,0.0005174669205532721
3.385844076752231,0.0013268153428032438,0.0014592925286218434,0.0005176116406497488
3.3865152230615108,0.0013262050710965484,0.0007563650662186733,0.0005177564866370028
3.38718635089487,0.001325594816190031,0.001762743810837142,0.0005179014493127147
3.3878574760563582,0.001324984563713272,0.0009491850818300587,0.0005180465284750601
3.388528601217847,0.0013243743112362953,0.0005519197071163449,0.0005181917339505167
3.3891997263793354,0.0013237640587593432,0.0017739184952466807,0.0005183370614167846
3.389870830402109,0.0013231538255037193,0.0021586580974110882,0.0005184829706733492
3.390541934417139,0.0013238557645211331,0.001364979507605352,0.0005186988752667566
3.3912130384321686,0.0013249999518620379,0.0009816857176454686,0.000518939050659232
3.3918841344873036,0.001326144125631937,0.0012866801626365528,0.0005191797267194017
3.3925551750709517,0.0013272882048267266,0.0012804534684478298,0.0005194207083815156
3.3932262156546003,0.0013284322840214004,0.0019319188417929577,0.0005196620306788517
3.393897256238249,0.0013295763632157995,0.00243203592888545,0.0005199036904952078
3.394568306959358,0.0013307204596942437,0.0013368357211349137,0.000520145694799066
3.3952393879350673,0.0013318646077546015,0.0003386134815050591,0.0005203880476179854
3.395910468910777,0.0013330087558151302,0.0012675294885968712,0.0005206307416834642
3.396581549886487,0.001334152903875509,0.001987757084293706,0.0005208737770610986
3.397252607704625,0.0013352970124538286,0.001893277992879075,0.000521117131505605
3.397923627147144,0.0013364410556043276,0.000896886748434494,0.0005213608272148774
3.3985946465896633,0.0013375850987547833,0.0007393212131098026,0.0005216055962725144
3.399265666032182,0.0013389236847345968,0.000757457957700638,0.000521960718300499
3.399936674868675,0.0013403729478805976,0.0010019743780388564,0.000522378486092099
3.4006076731713972,0.001341822188275167,0.0021406227813768365,0.0005225993933434378
3.401278671474119,0.001343271428669673,0.000979465695124709,0.0005227986387113567
3.401949669776841,0.0013447206690643978,0.0013312504260229855,0.0005229979867278179
3.402620641574744,0.001346169852213287,0.001354755244008157,0.000523197553036726
3.4032915976018674,0.001347619001300003,0.0019487753133600602,0.0005233973334718824
3.4039625536289906,0.0013490681503865877,0.002343372883472773,0.0005235973590930587
3.4046335096561138,0.0013505172994732273,0.0021594252000874457,0.0005237975996255224
3.405304433897974,0.001351966379909365,0.0015541830113241003,0.0005239980710311779
3.405975347654825,0.00135341543769923,0.0013501417195635821,0.0005241987738123587
3.4066462614116766,0.0013548644954897748,0.000803213754106133,0.0005243997064530463
3.407317175168528,0.0013563135532797994,0.001083521839408476,0.0005246035123355728
3.4079881058061274,0.001356518382624052,0.0010883956927791902,0.0005252081512943997
3.408659038817656,0.0013556032659909289,0.001430587732307964,0.000526177961257647
3.409329971829184,0.0013546881493578667,0.0018123831814196353,0.0005271555797525493
3.410000904765615,0.0013537730328271056,0.0005749990229522006,0.0005281386785628173
3.4106717762575203,0.001352858000103275,0.0014191305254290752,0.0005291271954540836
3.411342647749425,0.0013519429673796584,0.0017604700773032921,0.0005301212747210239
3.4120135192413303,0.0013510279346561332,0.001941891435342854,0.0005311209799677887
3.4126843880764492,0.001350112905556191,0.0013979177108058459,0.0005321263652126605
3.413355238437878,0.0013491979016533352,0.001231108080469083,0.0005331374298298236
3.4140260887993064,0.0013482828977504646,0.0009181353140103193,0.0005341542873120805
3.414696939160735,0.0013473678938476653,0.00048069973559951675,0.0005351769767071086
3.4153677842372985,0.0013464528971531145,0.0023597170959156226,0.0005362055577130634
3.4160386134695817,0.0013455379220692937,0.002224938674402568,0.0005372346991058898
3.4167094427018654,0.001344685753436602,0.0013620661540226975,0.0005374552887103284
3.4173802719341486,0.0013439231875251967,0.0017009734348258445,0.0005365246610139709
3.418051077437822,0.0013431606485872485,0.000986123859019025,0.0005355912919732089
3.4187218432906548,0.0013423981547225346,0.0017890266316937474,0.0005346628386589177
3.419392609143488,0.001341635660857752,0.0007328905535781535,0.0005337391995969688
3.4200633749963205,0.0013408731669928265,0.0017028614416013377,0.000532820321533188
3.4207341609722257,0.001340110650253275,0.0024705288968966885,0.0005319061549640216
3.4214049672092353,0.0013393481104817977,0.001314075379094524,0.0005309966573020038
3.422075773446245,0.0013385855707102226,0.0010251417481955663,0.0005300918094724968
3.4227465796832544,0.0013378230309387025,0.0010312655114871432,0.0005291915735504788
3.4234173476579635,0.0013370605346617378,0.0012872120340618096,0.0005282959533878859
3.4240880923869743,0.0013362980648095348,0.000738343595838152,0.0005274049066740064
3.4247588371159847,0.0013355355949573736,1.3394128517457866e-05,0.0005265198548954177
3.425429581844995,0.0013349092603568255,0.0027780330989591994,0.0005258664772215896
3.426100310819803,0.0013346043142441891,0.0016788319522620216,0.0005257443113702343
3.426771034426322,0.0013342993705723239,0.001540798070931063,0.0005256257634871802
3.4274417580328405,0.0013339944269002346,0.001009522500627481,0.0005255072876736435
3.428112481639359,0.0013336894832283665,0.0005235530383758635,0.0005253888949986828
3.428783168517046,0.0013333845562549281,0.0006658686298547486,0.0005252705952798118
3.4294538498825715,0.0013330796317879284,0.0008557881118079092,0.0005251523690813575
3.4301245312480972,0.0013327747073206412,0.0016304281085767645,0.0005250342293859683
3.430795212613623,0.0013324697828534966,0.0014402881386473552,0.0005249161580716715
3.431465852042508,0.001332164877452999,0.0005206679901194822,0.00052479818369378
3.432136491172361,0.001331859972187957,0.002102045091906215,0.0005246802882730755
3.432807130302214,0.0013315550669231132,0.0026162855688525765,0.000524562478221371
3.433477771668413,0.0013312501606417798,0.0012649775394937316,0.0005244449323578059
3.434148430062355,0.0013309726233092364,8.363571055435308e-05,0.000524357599411986
3.4348190884562975,0.0013308201662978953,0.0005194522445121331,0.000524404112580147
3.43548974685024,0.0013306677092859438,0.00164931345088514,0.0005244515169391438
3.4361603955928266,0.0013305152544686133,0.0009548002208725245,0.0005244989449844542
3.4368310136068376,0.001330362806636396,0.0014051412566744921,0.0005245463854172799
3.437501631620849,0.0013302103588041369,0.0003203931305905672,0.0005245938442686744
3.4381722496348606,0.0013300579109718738,0.0008525048382000388,0.0005246413009329081
3.4388428523598895,0.0013299054666151542,0.0015678457403909313,0.000524688779999309
3.4395134281462068,0.001329753028382334,0.001458563751484973,0.0005247362618973579
3.4401840039325235,0.001329600590149462,0.0016690602038155762,0.000524783766014492
3.440854579718841,0.001329448151916539,0.001608306392302728,0.0005248312745399627
3.441525145268795,0.0013292957160106846,0.001854205573343481,0.000524878810688407
3.4421956999432592,0.0013291432825771913,0.001418393577093816,0.0005249263669386257
3.4428662546177233,0.001329022879741743,0.0007114100372426938,0.0005249775620490807
3.4435368092921874,0.0013294040066456694,0.0012550993004979537,0.0005250801307561461
3.4442073511410802,0.001329785126259591,0.0014261725138786372,0.0005251831210536049
3.4448778847050208,0.0013301662411646655,0.00048642362320600594,0.0005252861619266316
3.445548418268961,0.0013305473560696018,0.0014348735613581708,0.0005253892580556508
3.4462189518329014,0.00133092847097485,0.00020790568591541386,0.0005254924205251803
3.446889439164123,0.0013313095596021592,0.0004827696643555931,0.0005255956310457274
3.447559909404467,0.0013316906385157107,0.0016206763727049634,0.0005256989151793875
3.4482303796448104,0.0013320717174289507,0.0010534457664495296,0.0005258022387982814
3.4489008498851543,0.0013324527963425499,0.001027182267681634,0.0005259056382727421
3.4495713545374893,0.0013328338948149735,0.0016690620458514548,0.0005260091053208858
3.450241865153518,0.0013332149966766814,0.0008243597951585554,0.0005261126287072915
3.450912375769547,0.0013335960985391955,0.0014338961016911464,0.000526216213446767
3.4515828863855753,0.0013339772004009938,0.0018035410892383904,0.0005263200384961935
3.4522533370967596,0.0013347881004844267,0.0008571897397964306,0.0005264506577374111
3.4529237862318958,0.001335626352415457,0.001378883085468623,0.0005265832547075378
3.4535942353670315,0.0013364646043461778,0.0009763282638066496,0.0005267159647704405
3.4542646804319674,0.0013373028511881235,0.002145550116128365,0.0005268487744394894
3.4549350873606737,0.001338141050348743,0.0007723272093750423,0.000526981680797298
3.4556054942893804,0.0013389792495093113,0.0007141466897246545,0.0005271146811834338
3.4562759012180866,0.0013398174486700114,0.0020017034940398195,0.0005272477896803257
3.456946303541204,0.0013406556420726284,0.0013919339074234276,0.0005273809927991487
3.457616689368688,0.001341493814850639,0.0008525559976247799,0.0005275143085687454
3.4582870751961723,0.001342331987628788,0.002318423591311936,0.0005276477093830468
3.4589574610236564,0.0013431701604066314,0.0007707702043510475,0.0005277812183909449
3.459627825332767,0.0013440083062809846,0.0008043104586136529,0.0005279148165753342
3.460298147864554,0.001344846399921657,0.0016803767917988517,0.0005280483892873281
3.460968470396341,0.001345746805133286,0.001546771443347475,0.0005281620742159216
3.461638792928128,0.0013466611930358942,0.0014826770562907543,0.0005282712210698621
3.4623091340834096,0.0013475756063432347,0.001593338666097717,0.0005283804096314026
3.462979496986635,0.0013484900493165879,0.0007072307470753663,0.0005284896673158218
3.4636498598898613,0.0013494044922903706,0.0015997120352814148,0.0005285989991910137
3.464320222793087,0.001350318935264117,0.0014293405640769695,0.0005287084040670627
3.4649905498903815,0.0013512333293946791,0.0006759826980411714,0.0005288178551254548
3.465660851326259,0.0013521476885205333,0.0014646236309368943,0.000528927380622341
3.466331152762136,0.0013530620476467255,0.0015967487637179715,0.0005290369730740904
3.467001454198013,0.001353976406772443,0.0003905802716855001,0.0005291466357975937
3.4676717407888877,0.001354890745648329,0.0011621314399090476,0.0005292563597217001
3.4683420211301828,0.0013558050759989904,0.001760226670251764,0.0005293661542707062
3.469012301471478,0.0013567194063498508,0.0016784970703210304,0.0005294759124981128
3.4696825818127737,0.00135684158383292,0.0019654261920993717,0.000529570825216199
3.470352844755739,0.0013566130331589743,0.0017913098278607414,0.0005296591041540716
3.47102310400378,0.0013563844837452225,0.0011951448400012213,0.0005297473695841661
3.471693363251821,0.0013561559343311226,0.0019371046361341062,0.0005298356888298241
3.472363622499862,0.0013559273849170841,0.0016122908455297028,0.000529924041797825
3.473033821905387,0.0013556988559086164,0.001735017773579174,0.0005300124336448111
3.47370401788163,0.0013554703280694409,0.0022393568445580334,0.0005301008749796284
3.474374213857873,0.001355241800230265,0.0010397725071464778,0.0005301893533586359
3.475044411114378,0.0013550132719546224,0.0007728054503600622,0.0005302778829184979
3.475714626369869,0.0013547847375415777,0.0005370911362936457,0.0005303664629747013
3.4763848416253595,0.00135455620312838,0.0010561981463659002,0.0005304550811346929
3.47705505688085,0.0013543276687153594,0.0009741276612137157,0.0005305437382641184
3.4777252645970576,0.0013540991368732286,0.0020251021835228566,0.0005306327155653041
3.4783954394853556,0.0013525767784704893,0.0013298310433676433,0.0005307632951035002
3.4790656143736536,0.001350063051337746,0.0013002408041863027,0.000530925955466276
3.4797357892619516,0.001347549324204957,0.0013369362548668994,0.0005310889679839989
3.4804059511928895,0.001345035645673314,0.0022650500159180787,0.0005312521351451679
3.481076083909279,0.0013425220767212449,0.0012289546531334614,0.0005314154500208996
3.4817462166256683,0.001340008507769234,0.001981329535509793,0.0005315789091215866
3.4824163493420572,0.0013374949388171426,0.0014310183209608667,0.0005317425243098359
3.4830864730452578,0.001334981403672039,0.0015806577956129194,0.0005319062658590388
3.4837565846776832,0.0013324679138027162,0.0012791033253294077,0.0005320701732513839
3.4844266963101083,0.0013299544239333853,0.0011478104973309685,0.0005322342260816816
3.4850968079425333,0.001327440934064102,0.0010313366545477791,0.0005323984307685836
3.4857668849421115,0.00132492757409748,0.00029614748539416006,0.0005325627784537222
3.4864369333306033,0.0013224143214469947,0.001020743838271994,0.0005327277138787853
3.4871069817190956,0.0013207668668827938,0.0007842274910166824,0.000532960247635709
3.487777030107588,0.0013202336920824127,0.0010272832226260738,0.0005332797673447107
3.488447105433036,0.0013197004958471878,0.0020051399166799736,0.0005336004425366373
3.4891171941850807,0.0013191672889285714,0.0014994787134820012,0.0005339217146734949
3.4897872829371255,0.0013186340820097267,0.0019022845959498244,0.0005342435509176878
3.4904573716891703,0.0013181008750911447,0.0015522886127541354,0.0005345659853301834
3.491127412086975,0.0013175677066490654,0.001677981817631417,0.0005348889681891919
3.4917974393968088,0.0013170345486213993,0.0013587698553206198,0.0005352125362705288
3.4924674667066427,0.0013165013905938276,0.001376626512067209,0.0005355366920807602
3.4931374940164766,0.0013159682325661255,0.0003338036442208298,0.0005358614307862734
3.4938075022172597,0.0013154350897442032,0.001609189500239387,0.0005361867591337409
3.4944775084497612,0.0013149019484884202,0.0002250492653158515,0.000536512675367307
3.4951475146822633,0.0013143688072326943,0.0007525623658342098,0.0005368385815877337
3.4958175198136607,0.0013140938939821523,0.0015950084909826029,0.0005370732248884369
3.4964874838954763,0.001314398492337117,0.0014005978109453271,0.0005371043480851386
3.4971574479772918,0.0013147030906921343,0.0016158808647272964,0.0005371341147047745
3.4978274120591077,0.0013150076890469148,0.0017501634182505244,0.0005371639038228885
3.498497373077158,0.001315312286009254,0.00108176814844806,0.000537193691372268
3.499167316085619,0.0013156168747832319,0.0016538740158226913,0.0005372234737817666
3.4998372590940803,0.0013159214635574334,0.0014388328441430063,0.0005372529202913081
3.5005072021025416,0.0013162260523312615,0.001680892819894962,0.0005372300395942637
3.5011771283897333,0.0013165306335028075,0.0023058602080419715,0.0005371900742620401
3.501847008186085,0.0013168351935375331,0.0012748284305563772,0.0005371500151261651
3.5025168879824364,0.0013171397535725682,0.0019971764145755868,0.0005371099595549508
3.503186767778788,0.0013174443136071596,0.001002242860326827,0.000537069912611119
3.503856663044661,0.001317748880674995,0.000897924811907579,0.0005370300789037189
3.5045265831997114,0.001318133662839074,0.0015119818037232862,0.000537022755894501
3.5051965033547625,0.0013188951953561098,0.0016994662313780185,0.0005371636994000027
3.5058664235098136,0.001319656727872707,0.0017951140599708243,0.0005373057427825195
3.5065363128315146,0.001320418225339953,0.001540670879966932,0.0005374478887909724
3.5072061715598135,0.001321179688029811,0.0012521796755608824,0.0005375901526237894
3.507876030288113,0.0013219411507196317,0.0014031821731204889,0.0005377325186882581
3.508545889016412,0.001322702613409602,0.0020496340188857335,0.0005378750097592982
3.509215734670585,0.0013234640612377311,0.0007577201221012604,0.0005380176086190646
3.509885572332157,0.001324225499979719,0.001567952108676289,0.0005381603100678571
3.5105554099937284,0.0013249869387220317,0.0009944131260824901,0.0005383031426561589
3.5112252476553003,0.0013257483774641924,0.0018756427337590755,0.0005384460711253471
3.511895054177468,0.0013265097808087,0.0019266526543110598,0.0005385891139507645
3.5125648497095603,0.0013272711716602822,0.001143448416605197,0.0005387322585901436
3.5132346452416523,0.001327996744118823,0.0012534129066987005,0.0005388727385907346
3.5139044407737448,0.0013279206136879312,0.00099899893680518,0.0005389593408785138
3.5145741821302496,0.001327844489414537,0.0009748700179028159,0.0005390456105344312
3.515243914478058,0.0013277683661652789,0.0011047862979713444,0.0005391319339329116
3.5159136468258665,0.0013276922429158453,0.0003480469680045017,0.0005392182826780242
3.5165833791736745,0.001327616119666727,0.001407387761405677,0.0005393046710657502
3.517253150880867,0.0013275399919435724,0.001934967672554829,0.0005393911197281291
3.5179229235831277,0.0013274638641073834,0.0013919005408629045,0.000539477603894924
3.518592696285389,0.001327387736271254,0.0017064905728149677,0.0005395641226392048
3.519262463267643,0.0013273116090854592,0.0006933942113785678,0.0005396506957629499
3.519932174556672,0.0013272354882296208,0.0011624011392512867,0.0005397372988683215
3.5206018858457013,0.0013271593673737797,0.0005326865072994814,0.0005398239372730568
3.5212715971347306,0.0013270832465180477,0.0010570547178193536,0.0005399106125005054
3.5219413039819534,0.0013270071261669144,0.001986536178443712,0.0005399985669224245
3.5226109942135277,0.0013272069768858255,0.0021113756803761486,0.0005402705557288471
3.5232806844451026,0.0013274353322728339,0.001431411695737383,0.000540563231966823
3.5239503746766774,0.001327663687659756,0.0014718871414826271,0.0005408564914332648
3.5246200510700385,0.0013278920383281193,0.0012088842453192655,0.0005411502293830513
3.5252896991906764,0.0013281203793560144,3.068821336103854e-05,0.0005414444452577809
3.5259593473113138,0.0013283487203834584,0.0015353622977541787,0.0005417391291019575
3.5266289954319516,0.0013285770614112201,0.001563855072993648,0.0005420343018852145
3.5272986247715816,0.0013288053960348223,0.0012290678166659284,0.0005423299447426999
3.527968230786578,0.0013290337227051874,0.000731098099604589,0.0005426260652635104
3.528637836801574,0.001329262049375444,0.001257368544877604,0.0005429226674570656
3.5293074428165703,0.0013294903760456872,0.0008415584553398272,0.0005432197608724958
3.5299770597015976,0.0013297187064224597,0.0013165000215757698,0.0005435173439922275
3.530646685015964,0.0013299470396733785,0.0007627827769956706,0.0005438142882210389
3.5313163103303307,0.0013301169285734006,0.0016155775299749025,0.0005439404366437241
3.5319859356446974,0.0013302691680448506,0.001231008682266441,0.0005440139085149673
3.5326555191964633,0.001330421398021268,0.0022055509336831127,0.0005440870522534971
3.5333250831111127,0.001330573623533352,0.0005892519708610073,0.0005441602440103352
3.533994647025762,0.0013307258490452198,0.0007860388785578779,0.0005442334472407645
3.5346642109404116,0.0013308780745571725,0.0004809506951096715,0.000544306692167839
3.5353337580771473,0.0013310302962548598,0.0015071173611641757,0.0005443799545331296
3.5360033009436087,0.0013311825169816233,0.0011989966066666418,0.0005444532530712428
3.53667284381007,0.0013313347377083308,0.0019967157989221338,0.0005445265744551596
3.5373423866765314,0.0013314869584349835,0.0017468865988413572,0.0005445999381229588
3.5380119103074117,0.0013316391747885277,0.001693633610810223,0.0005446733185740115
3.5386814321270084,0.001331791390730258,0.0011207459377962875,0.0005447467307999663
3.5393509539466046,0.0013319436066719632,0.0005119573802314773,0.0005448200967162684
3.540020473831839,0.001331473037946172,0.0014527012555814137,0.0005448822786393477
3.5406899325187786,0.001330636024356813,0.0011939482678450042,0.0005449378411566146
3.541359391205719,0.0013297990107679599,0.0018278333675184042,0.0005449933742282994
3.542028849892659,0.0013289619971792105,0.0012340850724729515,0.0005450489236661448
3.542698314509441,0.0013281249761759502,0.0012776653389834738,0.0005451044678539227
3.5433678135429463,0.001327287912142247,0.0008213135065573914,0.0005451600526055157
3.5440373125764513,0.0013264508481085726,0.0015574672877914002,0.0005452156530877491
3.5447068116099563,0.0013256137840748044,-0.00020042607195824174,0.0005452712701813387
3.545376294487111,0.0013247767402411645,0.001890075078760229,0.0005453269041402726
3.546045732132478,0.0013239397529601301,0.0007365514197251437,0.0005453825515173868
3.546715169777845,0.0013231027656791087,0.0012902165206207005,0.0005454382071259787
3.5473846074232123,0.0013222657783978132,0.0010455942776554964,0.0005454938916704072
3.548054029103969,0.0013214288110771494,0.001611539549890694,0.0005455494947475114
3.548723424670158,0.0013212597445368562,0.0012135734679736409,0.000545590586095108
3.549392820236347,0.0013217923998698154,0.0013946136873855552,0.0005456164259827762
3.550062215802536,0.0013223250552026654,0.001482716328354796,0.000545642192939922
3.550731600947509,0.0013228577022432123,0.002184990295413718,0.0005456679463731603
3.5514009754760925,0.0013233903408359303,0.0014734357363982513,0.0005456937090043656
3.552070350004676,0.0013239229794286594,0.0019313323888624455,0.0005457194695345144
3.5527397245332595,0.0013244556180211193,0.0011521341226927554,0.000545745252286289
3.5534090862043395,0.001324988246382976,0.0008254310945340442,0.0005457710201645848
3.5540784396966396,0.0013255208682363096,0.002164521130337165,0.0005457967958581222
3.55474779318894,0.0013260534900900183,0.0017179034051159016,0.0005458225714525208
3.5554171466812408,0.0013265861119437282,0.0006549332153454449,0.0005458483504345218
3.556086454303673,0.0013271186972973923,0.0014568104650620215,0.0005458741330430337
3.5567557446950566,0.00132765126893995,0.0024940067820784185,0.0005459001601176239
3.5574250350864403,0.0013280262599552973,0.0013383226743985518,0.0005459614301718264
3.558094325477824,0.0013281023329709074,0.0003132962931778288,0.0005460890223889027
3.5587636321338256,0.0013281784078351753,0.0007736312164947224,0.0005462171423992948
3.559432941835318,0.0013282544830458326,0.0024229291910463392,0.0005463453701154165
3.5601022515368106,0.001328330558256144,0.0016157786970672802,0.0005464736631116057
3.5607715612383033,0.0013284066334665321,0.0012660427147875635,0.0005466020541132029
3.561440812183569,0.0013284827019986682,0.0010562306313522828,0.00054673053503364
3.562110060514284,0.001328558770233544,0.001226077453364528,0.0005468591047744076
3.562779308844999,0.0013286348384683334,0.001248674675314572,0.0005469877500779768
3.5634485556509525,0.0013287109065300432,0.0009314741750985223,0.0005471165027023317
3.5641177829533155,0.0013287869723747406,0.0005585056145875328,0.0005472453284145961
3.5647870102556785,0.0013288630382194966,0.0007475157609794684,0.0005473742633509731
3.565456237558041,0.00132893910406451,0.0015334203789178246,0.0005475033366835616
3.566125460917836,0.0013286966107800115,0.0011393675161003017,0.0005476417690841415
3.566794667193168,0.0013271753416842075,0.0015675810963086258,0.0005478167012077775
3.5674638734685002,0.0013256540725880574,0.0006997987656993861,0.0005479920442507077
3.5681330797438324,0.0013241328034922619,0.0011089355993120747,0.0005481675495246337
3.5688022669478476,0.0013226115777498998,0.0013220339740867173,0.0005483432100748428
3.569471410150016,0.0013210904520346957,0.0013370341803663954,0.0005485190263480842
3.5701405533521835,0.001319569326319067,0.0010833328367068358,0.0005486950222736356
3.570809696554351,0.0013180482006036507,0.00016475641119385095,0.000548871175096399
3.5714788478084114,0.0013165270565847515,0.0008978363555566412,0.0005490475127586564
3.5721480103256895,0.0013150058869614387,0.001576000447612139,0.00054922401700581
3.5728171728429676,0.0013134847173381175,0.0015628924843347275,0.0005494006832465796
3.5734863353602457,0.0013119635477148227,0.0013226041829896818,0.0005495775251829951
3.574155476453493,0.0013104424267935465,0.0024831065441635243,0.0005497545233019433
3.5748245986339144,0.001309094392089864,0.0020952608849769973,0.0005499313506807752
3.575493720814336,0.0013109198930935037,0.002090116526919973,0.0005501024954562315
3.5761628429947576,0.0013127453940971145,0.001936513955263505,0.0005502737697613316
3.5768319380383344,0.0013145708210663728,0.0015308684096388722,0.0005504451948688052
3.577501018179226,0.00131639620737766,0.001516999905471835,0.0005506167803506073
3.5781700983201175,0.001318221593689294,0.0018522888894618463,0.0005507885283679687
3.578839178461009,0.001320046980000304,0.0005517861015692809,0.0005509604401307102
3.579508242635876,0.0013218723227532679,0.001967998435468584,0.0005511325118808418
3.5801773017589835,0.0013236976517241753,0.001464253597471291,0.0005513047288539898
3.580846360882091,0.0013255229806945846,0.002096945757681704,0.0005514771247681958
3.581515420005198,0.0013273483096652298,0.0014130974210713227,0.0005516496835593448
3.5821844240482097,0.0013291734883660847,0.00042835547265857423,0.0005518223905085757
3.5828534201258866,0.0013309986453358437,0.0011980500244874112,0.0005519952529361873
3.5835224162035635,0.0013328238023058454,0.0017767131199142366,0.0005521680308594115
3.5841914122812404,0.001333343494135768,0.0012526707281355748,0.0005523039725125115
3.5848604481800903,0.0013337237145828946,0.00044585797632980023,0.0005524358179802212
3.585529484590983,0.0013341039353210887,0.0009460214506074127,0.0005525677392348734
3.5861985210018754,0.0013344841560592553,0.0019284132978115826,0.000552699745331613
3.5868675512272747,0.0013348643732821516,0.0006806363306959312,0.0005528318441140532
3.5875365262924483,0.0013352445591570962,0.0011905744954350149,0.0005529640359026022
3.588205501357622,0.0013356247450315543,0.00024320241933637366,0.0005530963056014224
3.5888744764227956,0.0013360049309063288,0.0008763001193777057,0.0005532286894005115
3.589543442480528,0.0013363851116621897,0.001262691749443695,0.0005533611627439133
3.590212375524655,0.0013367652736556038,0.0009207188575854397,0.0005534937178589324
3.590881308568782,0.0013371454356495046,0.0014317617975088813,0.000553626371672703
3.591550241612909,0.001337525597643098,0.0009265822746764212,0.0005537591167276047
3.5922191677738655,0.0013379057557250547,0.0017561362705533403,0.000553891909643095
3.5928880798094482,0.0013362843703212145,0.0017609093734195754,0.0005540180656103517
3.5935569918450314,0.0013340032107138171,0.002218603482365838,0.0005541420293505134
3.5942259038806146,0.0013317220511059843,0.0009197103848632086,0.0005542660657536437
3.5948947881382476,0.0013294409862285423,0.002075792552803015,0.000554390163869635
3.5955636371561157,0.0013271600415273148,0.0010455934802260155,0.0005545143558214696
3.5962324861739843,0.0013248790968259797,0.0014877635150051284,0.0005546386156345739
3.5969013351918524,0.001322598152125073,0.0012704813336803162,0.0005547629731504036
3.5975702065353885,0.001320317131287426,0.0018465728030858629,0.0005548873998761381
3.598239095882225,0.0013180360490546036,0.00026036675659714013,0.000555011924015885
3.598907985229061,0.001315754966821383,0.0009083355914634259,0.0005551365319569285
3.5995768745758974,0.0013134738845884501,0.0014152729746341947,0.0005552612193273005
3.6002457230595333,0.0013111929417089349,0.0006486803961257787,0.0005553859791528345
3.600914551074135,0.0013089120686343046,0.002162086525307063,0.0005555107624562757
3.6015833790887375,0.0013082281081431594,0.0004927943868561874,0.0005556261409366611
3.6022522071033394,0.0013086082104473875,0.0021589746088137613,0.0005557352299067844
3.602921002400847,0.0013089882941582707,0.0016728296156485257,0.0005558443258665321
3.603589788412873,0.001309368372592011,0.0008912645240955045,0.0005559534882431416
3.6042585744249,0.001309748451025796,0.0008022066961247735,0.0005560627206653366
3.604927360436926,0.0013101285294593546,0.0019800756480426373,0.0005561720090419375
3.6055961277310615,0.0013105085972555238,0.0014499605341048195,0.0005562813657951211
3.6062648927437784,0.0013108886637552887,0.0009305030370112004,0.000556390790946552
3.6069336577564948,0.0013112687302548893,0.001259517873909695,0.0005565002705254505
3.6076024226154226,0.001311648796666909,0.0009462327742348114,0.0005566098119503358
3.6082711456334757,0.0013120288393006654,0.0014150300562098994,0.0005567194224377478
3.6089398686515293,0.0013124088819343404,0.0012817129320761172,0.000556829089786476
3.609608591669583,0.0013127889245679381,0.001058349931223021,0.0005569389145734136
3.6102773098285126,0.0013131013786637545,0.0018015527569272627,0.0005570615565742724
3.6109459908571764,0.0013133293899261047,0.001770971138369752,0.0005572001690320671
3.61161467188584,0.0013135574011886168,0.0011003650034694193,0.0005573390022815137
3.612283352914504,0.0013137854124510562,0.0009043663900610583,0.000557477934478654
3.6129520383416773,0.0013140134252130114,0.0003518454153314586,0.0005576169633804923
3.6136207387011297,0.001314241443067025,0.0009779738373837579,0.0005577561084733717
3.614289439060582,0.001314469460920829,0.0004164216526675403,0.0005578953554946251
3.6149581394200347,0.0013146974787747012,0.0005862289525177617,0.0005580347073005624
3.6156268189869083,0.001314925489538606,0.00081627490196342,0.0005581741531163319
3.616295458031455,0.0013151534864849807,0.0012036438692950944,0.0005583137017547146
3.616964097076002,0.0013153814834312165,0.0007658097666872969,0.0005584533440730818
3.617632736120549,0.0013156094803776208,0.0006509472619295096,0.0005585931024022645
3.6183013657052108,0.0013158374740981583,0.0014788685888472344,0.0005587330511494141
3.6189699837596763,0.0013159781762235798,0.0008460806835792078,0.0005588865689377109
3.6196386018141418,0.0013159021709886075,0.001023496199260354,0.000559073210975165
3.6203072198686073,0.0013158261657533234,0.001679127920462305,0.0005592602616743312
3.6209758143268274,0.0013157501632002683,0.001458211538592343,0.000559447487814398
3.6216443904050832,0.0013156741627367318,0.0008118365527123124,0.0005596349062167359
3.622312966483339,0.001315598162273165,0.0023755649402912686,0.0005598225136991608
3.622981542561595,0.0013155221618095523,0.0008569630955149734,0.0005600102957842276
3.623650076250123,0.0013154461661644319,0.0013987796810746617,0.0005601982609695878
3.624318589373946,0.0013153701728573237,0.002476382717722686,0.0005603864152434513
3.624987102497769,0.0013152941795499915,0.0022091157988696347,0.0005605747545392333
3.625655615621592,0.0013152181862428004,0.0012726908540214624,0.0005607632870788878
3.626324160362958,0.0013151421893414321,0.0010370014802888825,0.0005609520150344625
3.6269927138060387,0.0013150661914509557,0.0010346305084952968,0.0005611409511679101
3.6276612672491195,0.001315000000000008,0.0012353108818029667,0.0005613318595359719
3.628329820692201,0.0013149999999998918,0.0006875200804817734,0.0005615344658434091
3.6289983192767834,0.0013149999999999113,0.0007932135951474404,0.0005617373557803645
3.62966681141843,0.0013150000000001797,0.001702495163709509,0.0005619404602850509
3.6303353035600767,0.0013150000000000303,0.001905157301822652,0.0005621437867031382
3.6310037955839105,0.0013149999999999495,0.0008855690719996278,0.0005623473381445966
3.631672266744698,0.0013149999999999991,0.0015605481807873859,0.0005625510921211838
3.632340737905485,0.0013149999999999941,0.0008793263155903087,0.0005627550791654068
3.6330092090662722,0.001315000000000029,0.0017369144677534109,0.0005629592894794285
3.6336776753511075,0.0013150000000001208,0.0008656042678707348,0.000563163711330101
3.634346104554127,0.001314999999999973,0.0007763338281702876,0.0005633683601106029
3.635014533757146,0.001314999999999935,0.0008307006446066593,0.0005635732228182403
3.635682962960165,0.0013149999999999859,0.001417906678521831,0.000563778307635414
3.636351377906336,0.001314999999999933,0.00043270662949604355,0.0005639849228080773
3.637019744182578,0.0013152205561608181,0.001065171326793322,0.0005643883620374449
3.6376881104588197,0.0013154484860040815,0.0018595620498676655,0.0005648005998281174
3.6383564767350616,0.0013156764158466633,0.0014113782638423985,0.0005652137612012951
3.6390248565792334,0.0013159043503167983,0.0017121757723378506,0.0005656278463383887
3.639693263170485,0.001316132293908292,0.0006052536831382466,0.0005660428679600743
3.6403616697617363,0.0013163602374997683,0.0018723142685056133,0.0005664588024380937
3.6410300763529877,0.0013165881810912477,0.0015806638652834971,0.0005668756577141822
3.6416984555846073,0.0013168161153523132,0.0013458138657622934,0.0005672934111031545
3.6423668008878898,0.0013170440380429185,0.0014978103322088397,0.0005677120676263284
3.643035146191172,0.0013172719607333638,0.00145548576966964,0.0005681316548249433
3.6437034914944544,0.0013174998834244763,0.001620718770532421,0.0005685521708084551
3.644371825131748,0.0013177278021365368,0.0015489551216086063,0.0005689736195723141
3.645040149463387,0.001317955717675424,0.0018386487672418645,0.0005693946793238843
3.645708473795026,0.00131818361234203,8.248288316545769e-05,0.0005696188824170296
3.6463767981266644,0.0013184115019755044,0.0011789651426229802,0.0005697943770278806
3.6470450945260486,0.00131863938208451,0.0012519730011405891,0.0005699696983999038
3.647713376918349,0.0013188672574169632,0.001742911969942532,0.0005701451823381965
3.648381659310649,0.0013190951327496881,0.0012034703565295076,0.0005703208346180633
3.649049941702949,0.0013193230080824926,0.001383676722065228,0.0005704966425019235
3.6497181753161683,0.0013195508667819809,0.0014322584359663696,0.000570672606685623
3.6503863948093285,0.0013197787206669727,0.0014439908704936522,0.0005708487206189725
3.651054614302489,0.0013200065745516386,0.0009727932589206401,0.0005710250098269248
3.6517228337956498,0.001320234428436865,0.0010607978496615304,0.0005712014596902289
3.6523910889494653,0.0013204622944815337,0.000446327515196361,0.000571378083373558
3.653059348753387,0.0013206901621118095,0.002133879250355967,0.0005715548661058629
3.6537276085573085,0.001320918029742152,0.001208156618176627,0.000571730900737003
3.65439586836123,0.0013207082052548837,0.0013402658761497415,0.0005717714220351394
3.655064067279591,0.0013202525115166368,0.0011676095010619458,0.0005717351123260163
3.6557322658090032,0.0013197968180433462,0.0016795251486542357,0.000571698295961306
3.656400464338415,0.0013193411245702948,0.0010290076793833614,0.0005716615020791455
3.657068658563907,0.001318885434032288,0.001680469347570877,0.0005716247004037427
3.657736815169767,0.0013184297691498947,0.000527753696784325,0.000571587920817055
3.6584049717756275,0.0013179741042674692,0.0019326181321782754,0.0005715511371917207
3.6590731283814875,0.001317518439385165,0.0020064072106420958,0.0005715143578823662
3.6597412805559046,0.0013170627775249012,0.0008791129151045991,0.0005714776027954312
3.6604094162019614,0.0013166071269365865,0.0004762429710318772,0.0005714408386528544
3.661077551848018,0.0013161514763484281,0.0009942029933204047,0.000571404098036281
3.6617456874940753,0.0013156958257599008,0.0020758385583988883,0.0005713673473556067
3.662413816431983,0.0013152401797463203,0.0015234952113474375,0.0005713315835519761
3.6630819311195517,0.0013146408649317306,0.0019719146511600182,0.0005714425286173347
3.66375004580712,0.0013138813847821333,0.0017614971553844506,0.0005717170661082546
3.664418160494689,0.0013131219046325835,0.001212094515017429,0.0005719930900956201
3.6650862482379143,0.0013123624551120453,0.0013434869894699292,0.0005722694997566349
3.6657543000579067,0.0013116030464272398,0.0022485865259702594,0.0005725462876425666
3.666422351877899,0.0013108436377424644,0.0005196439110148554,0.0005728234902178216
3.6670904036978915,0.0013100842290577224,0.0009643414268800633,0.0005731010816358488
3.6677584659049747,0.0013093248085653732,0.0017200516118125086,0.0005733790943641021
3.668426537077036,0.0013085653778821364,0.0011160641728735253,0.0005736574966516104
3.669094608249097,0.0013078059471988608,0.0008503887366061224,0.0005739363150855292
3.6697626794211584,0.0013070465165156342,0.0024536370486992164,0.0005742155433360612
3.6704307111035535,0.001306287130722314,0.0013322488019730573,0.0005744951592788622
3.671098721018401,0.0013055277696732855,0.00027003438451400326,0.0005747745930749283
3.6717667309332485,0.0013047221219368115,0.0011694147921687118,0.0005749669285427456
3.672434740848096,0.0013038109922509397,0.0019331516616887129,0.0005749623577604192
3.6731027349962866,0.0013028998840696085,0.0015447537864652949,0.0005749564968610032
3.673770723960533,0.001301988782958999,0.0006389027501778158,0.0005749506257491704
3.6744387129247795,0.0013010776818482633,0.0013465214043996518,0.0005749447492086744
3.675106701889026,0.001300166580737835,0.0014910712199095596,0.000574938874953881
3.6757746548068995,0.001299255528792579,0.0019326207028797352,0.0005749330056477653
3.676442601873886,0.001298344484827594,0.0005992264520523583,0.0005749271429193475
3.6771105489408726,0.0012974334408626638,0.0004764558229820782,0.000574921273135793
3.677778496007859,0.0012965223968978833,0.0003737925386168773,0.0005749154004413805
3.678446382256128,0.00129561143588594,0.0007605600995998768,0.0005749095327043535
3.6791142664870784,0.0012947004776259355,0.00042667642336606797,0.0005749036611279549
3.6797821507180286,0.001293789519366269,0.0017845212325796108,0.0005748979298900799
3.6804500379745093,0.0012929291501850198,0.0007506039274983475,0.00057491269991857
3.6811179625065087,0.0012923976653921349,0.0015420131621072081,0.0005750554530126897
3.6817858870385085,0.001291866180599094,0.001240179037220753,0.0005751991664621408
3.6824538115705083,0.0012913346958061652,0.0006569116975287355,0.0005753429905786885
3.683121724948247,0.0012908032198888576,0.001965225063450348,0.0005754869190787623
3.683789588236479,0.0012902717838291118,0.0017173931494429617,0.0005756309405649492
3.684457451524711,0.0012897403477693335,0.001535803362917605,0.0005757750801233585
3.6851253148129426,0.0012892089117096347,0.0011367253595287769,0.0005759193186204314
3.6857931659896916,0.0012886774852872282,0.002086530006101172,0.000576063660915854
3.6864609873964267,0.0012881460825536044,0.0017234892748992396,0.0005762081087592316
3.6871288088031617,0.0012876146798202614,0.001684732918878271,0.0005763526665196705
3.687796630209897,0.0012870832770865675,0.0013385419780823581,0.0005764973305542539
3.6884644433249574,0.0012865518809509026,0.001327074360537183,0.0005766421059165015
3.6891322437929137,0.0012860204948789587,0.0027407430413893485,0.0005767867856793528
3.68980004426087,0.0012859270238394385,0.0011008525999599555,0.0005769022431798425
3.6904678447288264,0.0012858511201717323,0.0010262090894642794,0.00057701640765349
3.6911356136238784,0.0012857752200927679,0.0016808360584932808,0.0005771306035602041
3.6918033512833763,0.0012856993235643207,0.0024725072237577273,0.0005772448795687738
3.692471088942874,0.0012856234270352896,0.0005485232249890064,0.0005773592108101719
3.6931388266023717,0.0012855475305066373,0.001565467518329261,0.0005774736241550466
3.693806588802975,0.0012854716311884809,0.0011925020424654307,0.0005775881068966211
3.694474366759273,0.0012853957300796282,0.0016120467824297978,0.0005777026435169147
3.6951421447155717,0.0012853198289707562,0.0010855711370871468,0.0005778172654237065
3.6958099226718697,0.0012852439278618587,0.00011748374474237003,0.0005779319521231824
3.6964776568356275,0.0012851680317305005,0.0012668866837546205,0.0005780467065699041
3.6971453735615976,0.001285092137581132,0.00022287390560042902,0.0005781615115021668
3.697813090287568,0.0012850162434317536,0.0014188148176692518,0.0005782758952142872
3.698480807013538,0.001285536856458548,0.0012641208798740808,0.000578314423055047
3.6991484893526776,0.0012862198686264994,0.0005044141146758996,0.0005783318200745249
3.6998161642155303,0.001286902873145937,0.0011795373018362568,0.000578349135373967
3.700483839078383,0.001287585877665922,0.00201176952475823,0.0005783738833528967
3.7011515139412356,0.0012882688821858398,0.0019022176362542165,0.0005784014979859522
3.7018191693946525,0.0012889518668505787,0.0015035207885444534,0.0005784291267858337
3.7024868233279147,0.0012896348499603165,0.001239855187152063,0.0005784567688752175
3.7031544772611773,0.001290317833070138,0.0018867640311727388,0.0005784844047064387
3.703822129109917,0.001291000814047185,0.001637358848286897,0.0005785120587966208
3.7044897202622806,0.0012916837329349166,0.000764387027896773,0.0005785396999719648
3.705157311414644,0.0012923666518222339,0.0012247905150440355,0.0005785673593449669
3.705824902567007,0.0012930495707095813,0.001025770919227685,0.0005785950116462255
3.7064924964051125,0.0012937324923445591,0.0007597117412025179,0.0005786231688970646
3.7071601069250772,0.0012944616425200678,0.0010752205592616264,0.0005787259310348929
3.707827717445042,0.0012952205495568442,0.0006635822635661423,0.0005788771261380911
3.708495327965007,0.0012959794565932335,0.0009748702767608748,0.0005790287499803005
3.7091629235548544,0.0012967383466577797,0.0011690483359991497,0.0005791804934462098
3.7098304728598444,0.0012974971841080633,0.0023235969355133584,0.0005793323382698169
3.710498022164834,0.0012982560215583784,0.0018380685532169284,0.0005794843184433518
3.7111655714698237,0.0012990148590084336,0.000883596180506506,0.0005796364067774237
3.7118331134705995,0.0012997736881557283,0.001942707576194609,0.0005797886257208936
3.71250064185387,0.0013005325018232013,0.0015074591922510487,0.000579940947415807
3.71316817023714,0.001301291315490788,0.0017247331305139885,0.0005800933931763105
3.71383569862041,0.001302050129158102,0.0008832889524641997,0.0005802459594989111
3.714503207999188,0.0013028089212223297,0.0017483907043282705,0.0005803986568866307
3.7151706945429535,0.0013035676873285906,0.0007620635120948468,0.000580551677419389
3.7158381810867183,0.001304195849797677,0.0008841470932000718,0.0005807377471128639
3.7165056676304835,0.00130465105771565,0.0007725200386174442,0.0005809674951429867
3.7171731424794903,0.001305106257658302,0.0007855858957890847,0.0005811978157882632
3.71784060810547,0.0013055614513110662,0.0008001023638476224,0.0005814283963504987
3.718508073731449,0.0013060166449635016,0.0024991743731431586,0.0005816592453778794
3.7191755393574284,0.001306471838616146,0.0017855123223438876,0.0005838351007978822
3.719842963331798,0.0013069270038634203,-0.011783843269779149,0.011296183992300635
3.720510366212286,0.001307382154725304,21344.465729291675,24533.08617431296
3.7211777690927734,0.0013078373055871915,31706.392612058713,48704.88052354716
3.721845171973261,0.0013082924564491738,18648.451770377058,16689.750245084713
3.7225125897365845,0.0013087476174608475,-30508.52534061459,22047.975772330585
3.7231800119910106,0.0013092027815351833,-7361.805065883578,27969.322179595034
3.723847434245436,0.0013096579456095088,-22808.831251302192,20730.922303370076
3.7245148564998622,0.0013099622924861644,-14443.712756208852,21663.28767696613
3.725182225370639,0.0013098105660179539,-5956.055687194831,33085.6223880454
3.7258495864273518,0.001309658841325905,-162175.78392456917,100713.35678621654
3.72851898932699,0.001309051951954759,-2417586.75601848,1063328.9658857486
3.7291863294737815,0.001308900232016965,191123.28575125485,184084.94811961814
3.730520964587599,0.0013085968024126819,-6644.86144559634,70478.16607277584
3.731188262918478,0.0013084450919816268,-95653.21505233007,60133.09046377948
3.731855561249357,0.0013082933815507553,60884.41309808153,47360.029905154515
3.732522851878539,0.0013081416728706137,-47747.91575118238,105807.92718940934
3.7365264353331793,0.00130761577229675,764786.9395118247,810648.6846454998
3.7405298014076083,0.001307160740917472,-191641.22726909127,188335.1054072887
3.747868312746324,0.001306326553058348,23268.764014873603,71036.82437274356
3.7492025640166227,0.001306174881889677,585518.324364018,465708.90410353255
3.7498696936245026,0.0013060990458537188,-61750.75084016814,74074.2857078534
3.7505368232323826,0.0013060232098179372,1363.3577372060406,217813.67550145573
3.751203878561307,0.0013058947764125635,85240.27425224091,43764.27755498665
3.751870926106719,0.0013057431402349801,5246.988959863665,28829.881147103522
3.7525379736521307,0.0013055915040572435,14468.699457240302,29508.9132344596
3.7532050210419876,0.001305439867915006,10589.471121188237,27599.59329383533
3.753872047697119,0.0013052882364862225,-74393.14546591982,72239.38272716022
3.7545390743522504,0.0013051366050570357,-40893.17650057392,32410.003791631054
3.755206101007382,0.0013049849736286887,-20828.205385649908,27658.28684080458
3.7558731230829943,0.0013048333432407776,-19629.674120787447,44605.07606858549
3.7572070928399857,0.0013045300993771215,56928.974632812824,63206.47824523941
3.757874077718481,0.0013043784774452837,257946.21318157425,166046.27008860346
3.7765463304213656,0.0013163987693295361,19410.074250005426,76180.48309273596
3.777213101783169,0.0013168111914701526,3954.9829090237,52976.634457094566
3.777879876379363,0.001315219663109093,212475.63688925916,757396.9818664879
3.7785466509755565,0.001313628134748117,32534.607589322586,26327.162340901916
3.7792134243477893,0.0013120366093085695,-10678.356866985898,41609.93654542945
3.7798801378056557,0.0013104452268789485,15961.733480107447,27608.92943358789
3.780546851263522,0.001308853844449442,-14292.07546148705,24236.776856710658
3.7812135647213885,0.0013072624620199004,17766.875570884953,16074.027975464272
3.7818802731556844,0.001305671091581142,-8472.098029350893,11422.882086225041
3.7825469448761364,0.0013040798087747625,-1549.1436165874857,9931.909895351439
3.7832136165965884,0.001302488525968578,2039.068525893507,9775.83322769977
3.7838802883170404,0.0013008972431622732,-5796.04080452967,9202.09672689424
3.7845469554372304,0.0012993059713362301,5083.092881692363,7228.1378195785155
3.7852136062909345,0.001297714738337234,180.66693082475163,6703.117996429178
3.785880257144639,0.0012961235053378986,-9411.457502518282,8032.317239654438
3.786546907998343,0.0012945321054944163,-21304.687087074813,7323.906795164611
3.787213538795277,0.0012929407394907712,-3168.1376771366527,6803.346626363395
3.787880127056575,0.00129134947502696,6006.224003639584,7366.806025059989
3.788546715317873,0.0012897582105631923,-2082.4636759378595,6078.322064861722
3.7892133035791713,0.0012881669460994183,-2096.311666701385,4940.78502366605
3.7898798999898595,0.0012865756621815972,-6807.182861820845,5362.310573286483
3.790546507652437,0.001284984351403786,960.8964434748148,5387.332061739302
3.7912131153150144,0.0012833930406257995,7775.162053172484,6495.832837748616
3.791879722977592,0.001281801729847674,-6793.966487403474,9664.622323698144
3.7925462988923115,0.0012802104948574976,-1596.9372996727782,9908.174992960992
3.793212845431868,0.0012786193299909492,15382.210651766321,9802.574629536726
3.793879391971425,0.0012770281651245275,5195.653426993234,9425.14900685492
3.794545938510982,0.001275437000257955,-2714.400133188235,9320.846612061896
3.795212472143578,0.0012746702849667925,-1619.5984247287374,14144.403110313962
3.7958789978242224,0.001274215732331739,24389.789950483606,12476.642080556763
3.796545523504867,0.0012737611796965018,2556.0570509647855,14414.857369961175
3.7972120491855117,0.001273306627061517,-173.489853674366,10669.899412835268
3.797878544914837,0.0012728520948522943,-3479.433633313237,9367.288653076412
3.7985450288815734,0.0012723975706649807,-19283.95249687595,11930.586491384858
3.79921151284831,0.0012719430464776177,-9050.322220709939,7162.23541060209
3.7998779968150465,0.001271488522290196,4342.631465209444,7404.246755268314
3.800544429668348,0.0012710340329608373,237.9127271219234,6788.975366361903
3.801210851074011,0.0012705795514385695,1068.0781634491113,6559.437775595332
3.8018772724796746,0.0012701250699160538,-9565.52552178704,7287.993790172403
3.8025436938853376,0.0012696705883937245,-1161.9431022472393,7459.252650712181
3.803210152153721,0.0012692160817316966,3318.592213247895,7355.38791559575
3.8038766138179367,0.001268841048502857,8876.789685148764,7031.023932519111
3.8045430754821523,0.0012685380425177546,13249.592117817165,6834.172045069924
3.8052095362810463,0.0012682350369258904,-11333.762244176505,6215.495704720248
3.8058759368356285,0.0012679320587245008,956.8031078559452,4511.245505720022
3.8065423373902108,0.0012676290805226258,4386.738184543028,4463.865837079774
3.807208737944793,0.0012673261023210902,-3927.6716498134992,4333.158388085975
3.807875133801196,0.0012670231262553106,-525.1975349377805,4464.693745307604
3.80854149265753,0.0012667201670117788,-2043.6877783060525,4853.616743181438
3.8092078515138637,0.0012664172077680546,-4570.156135607824,4854.0160086691785
3.8098742103701975,0.0012661142485245044,-3854.369975569574,4716.965901290002
3.8105405604319076,0.0012658112932793944,8221.084267349785,4999.270708558891
3.8112068775952115,0.0012655083529914595,9217.132579227495,5038.612403874538
3.811873194758515,0.0012652054127034846,-3380.8598100807826,5231.7076118937
3.812539511921819,0.0012651706926740335,-1148.2625227384033,5785.571057610314
3.813205809765929,0.0012657008830693132,4582.383479864983,5612.218230684466
3.813872064399469,0.001266231039081022,-133.15246497938634,5554.754812029628
3.814538319033008,0.001266761195092726,-7484.297385081876,4933.368888836627
3.815204573666548,0.0012672913511045348,-57.057485632060335,4455.63522233522
3.815870844667893,0.0012678215201403452,2823.2185872868254,4507.086315398149
3.8165371395551273,0.001268351708183017,911.450205747928,4522.10147645426
3.8172034344423618,0.001268881896225686,-3770.3175843884965,4314.033413655912
3.8178697293295962,0.0012694120842682128,-6701.069297713812,5100.772877270616
3.818535993416095,0.0012699422478018993,-2051.072185942677,4868.413869716427
3.819202227208988,0.0012704723872300767,-768.1027131668295,4925.953174202116
3.819868461001881,0.0012710025266583962,-7641.274322257726,4428.28176051746
3.820534694794774,0.0012715326660865003,3242.708136825583,4153.567479573925
3.8212009035110293,0.0012720627784243695,2917.8509328120663,5013.703987153767
3.8218670956265406,0.0012725928244358999,1298.9667974614606,4687.970941776843
3.8225332877420515,0.0012731228704472547,-7.443775495007653e-05,0.012181321245676228
3.8231994798575624,0.0012736529164587374,0.0015195969082633675,0.0006120583050428625
3.823865657408724,0.0012741829508822623,0.001138314496488364,0.0006098772096047712
3.824531828687499,0.001274712980315134,0.002463917328042457,0.0006097372458320459
3.8251979999662744,0.001275243009748194,0.002057109850307288,0.0006095973723472581
3.8258641712450494,0.0012757730391810675,0.0018916099010334282,0.0006094576000963061
3.8265303093489127,0.0012763030422190571,0.0017488215272443088,0.0006093179238023184
3.827196438958126,0.0012768330384983321,0.0005533140677398414,0.0006091783444277946
3.82786256856734,0.0012773630347773506,0.0010190823522144672,0.0006090388595104728
3.828528698176554,0.0012778930310565887,0.0004200514051733833,0.0006088994914424894
3.8291947719739676,0.0012784229829299251,0.0015979044137117353,0.0006087602080251153
3.8298608390886124,0.0012789529294863881,0.0022836995602782814,0.0006086228946470842
3.830526906203257,0.0012791379802668502,0.0005625808688978054,0.0006087657725207411
3.8311929733179024,0.0012792894107805054,0.0008760654298582515,0.0006089379456335849
3.831859080263162,0.001279440850349602,0.0028235168854907826,0.0006091104594540906
3.8325251876260364,0.0012795922900138408,0.0009108286402838164,0.0006092831138053425
3.833191294988911,0.001279743729678018,0.0016982064463133932,0.0006094559154077431
3.833857395303097,0.0012798951677397224,0.002648362038815443,0.0006096288640225207
3.83452342076121,0.0012800465887828102,0.0007628713699887603,0.0006098019510348538
3.835189446219323,0.0012801980098259887,0.0023299465309344503,0.0006099751740487063
3.8358554716774362,0.0012803494308690085,0.0003153819152374365,0.0006101485388505384
3.8365214933373917,0.001280500851048493,0.0017859385548821833,0.0006103220689490173
3.8371874979691927,0.0012806522673568133,0.0008036713170485046,0.0006104957298397469
3.8378535026009937,0.001280803683665134,0.0015019496294970066,0.000610669535050548
3.8385195072327947,0.0012809550999731904,0.0014190924358707347,0.0006108432365945826
3.8391855002627437,0.0012803609907760549,0.002898581247623781,0.0006109777969997052
3.8398514632458283,0.0012794526529949974,0.0019143271736191871,0.0006110956909160896
3.8405174262289123,0.0012785443152139695,0.0012623834504400027,0.0006112135176725054
3.8411833892119964,0.0012776359774330675,0.001924007728124171,0.0006113314124018254
3.8418493288018394,0.001276727671559099,0.0013169237954644153,0.0006114493788933007
3.8425152293216143,0.0012758194189747701,0.001600223969518562,0.0006115674091186366
3.843181129841389,0.0012749111663905223,0.0014563372151273112,0.0006116854909616133
3.843847030361164,0.0012740029138060553,0.0013230776568058202,0.0006118036530731911
3.844512949799057,0.0012730946354182926,0.0010197514275898827,0.0006119218918926375
3.8451788905622037,0.0012721863279443108,0.0007222147192294717,0.0006120401945305988
3.84584483132535,0.0012712780204699595,0.00206154118903835,0.0006121585653811747
3.846510772088496,0.0012703697129959545,0.0018224435629801096,0.000612277008915894
3.8471766783179944,0.0012694614526237188,0.0018828404938233752,0.0006123957096372805
3.84784255801927,0.0012690372309636423,0.0011334296214499336,0.000612544373026571
3.8485084377205454,0.0012691129163127392,0.0010556011913769926,0.0006127240423754897
3.849174317421821,0.0012691886016618526,0.0016422465615704349,0.0006129040776341173
3.8498401696031745,0.0012692642838831153,0.0009626643021584859,0.0006130842625981512
3.850506007671356,0.0012693399644999287,0.002231844777121236,0.0006132645969669827
3.851171845739538,0.001269415645116935,0.001060615847258702,0.0006134450909061143
3.85183768380772,0.0012694913257339216,0.0018027733186043804,0.0006136257439836061
3.8525034903958275,0.0012695670027728489,0.0012460680718785727,0.0006138065571183536
3.8531692868361214,0.0012696426786584273,0.0013483473899210995,0.0006139875285687073
3.853835083276415,0.0012697183545438378,0.0019803330781494595,0.0006141686575066313
3.854500879716709,0.0012697940304292475,0.0015550288524632068,0.0006143499290513361
3.855166623015054,0.0012698697002744923,0.0015781320078528103,0.0006145313724246911
3.8558323570232744,0.001269945369063847,0.001622489201680961,0.0006147130836858215
3.856498091031495,0.001270231442690202,0.001059010171452145,0.000614915318557787
3.8571638250397156,0.0012710638939908432,0.0009021754483450996,0.0006151698555828678
3.857829597105553,0.0012718963928794243,0.0003616371422635658,0.0006154250904557428
3.858495371352287,0.001272728894495342,0.0009383399482606211,0.0006156806218419667
3.8591611455990207,0.001273561396111214,0.0020668089580939283,0.0006159364777982303
3.8598269173866018,0.001274393894651981,0.0015252404935047828,0.0006161926691219728
3.8604926305867333,0.001275226319933428,0.00048485731151965425,0.0006164491341919752
3.8611583437868644,0.0012760587452147966,0.0009748445324708761,0.0006167059408928174
3.861824056986996,0.0012768911704963066,0.002210779917232458,0.0006169630685757861
3.8624897645792227,0.0012777235887657134,0.0010432346246810273,0.0006172204987038116
3.8631554361670775,0.0012785559620141214,0.0018327131366759558,0.0006174782507316338
3.8638211077549323,0.0012793883352624558,0.00147242315956879,0.0006177363213475273
3.8644867793427866,0.001280220708510818,0.0018577332097185805,0.0006179946705212978
3.8651524461664013,0.001280971052852986,0.00043563132806550805,0.0006182434585381817
3.8658180969500684,0.001280517096874262,0.0016398469895922915,0.0006183605047981651
3.866483747733736,0.0012800631408952689,0.0014472000887073085,0.0006184767487481351
3.867149398517403,0.0012796091849164406,0.001393898677620209,0.0006185930377005989
3.8678150291368367,0.0012791552426892467,0.0012203050542679101,0.0006187093997535027
3.868480617515743,0.0012787013292687194,0.001333492500534245,0.0006188258146486603
3.869146205894649,0.0012782474158480606,0.0013212038651813447,0.0006189422982338188
3.8698117942735553,0.001277793502427673,0.0011690982595934764,0.0006190588494434493
3.8704773907541936,0.001277339583482152,0.0017465319878090916,0.0006191754652926063
3.871142998567768,0.0012768856568076321,0.0003613105565871915,0.0006192921500177867
3.871808606381342,0.0012764317301332097,0.0016148453080169875,0.0006194088976762192
3.8724742141949164,0.0012759778034586895,0.0011364594605307219,0.0006195257073858952
3.8731397802455834,0.0012755239052655582,0.0005915636177833548,0.0006196425854237102
3.873805306231428,0.0012750700343954551,0.001370556777451194,0.0006197600674172354
3.8744708322172734,0.0012745521398748706,0.0012241554771800828,0.0006199594672313867
3.8751363582031186,0.0012740225636668602,0.0018823960539790605,0.0006201745312147339
3.875801871633726,0.0012734929974496626,0.001159513374044809,0.0006203899433734739
3.876467376824484,0.001272963437788963,0.001349637701966253,0.0006206055581590106
3.8771328820152413,0.001272433878128226,0.0010236899160956869,0.0006208214016501017
3.8777983872059987,0.0012719043184673635,0.0010497292299548936,0.0006210374617354623
3.8784638634102273,0.0012713747818720541,0.001102561867845519,0.0006212537329458313
3.879129327014708,0.0012708452553026482,0.0012049732661910339,0.0006214702429597392
3.8797947906191883,0.0012703157287331616,0.0005450613642470204,0.0006216869788390311
3.8804602542236686,0.0012697862021638754,0.0013471697020673982,0.0006219039283317151
3.881125717828149,0.0012692566755942844,0.00043997711198562014,0.0006221211161802561
3.8817911814326296,0.0012687271490248709,0.001741359514930181,0.0006223385284818705
3.88245664503711,0.001268197622455482,0.0014551378715059902,0.0006225558032258556
3.88312210864159,0.0012679525905159765,0.0009321407443800832,0.0006227188996377023
3.8837874988137613,0.0012678769608077277,0.0010080040167550716,0.0006228494729040353
3.884452879261278,0.0012678013322049333,0.0009658994385940525,0.000622979906554536
3.8851182597087943,0.0012677257036020231,0.0006549781154463938,0.0006231104071401071
3.8857836401563106,0.0012676500749993667,0.0007258238023099076,0.0006232410093987197
3.8864490395707665,0.001267574444240657,0.0002707302605959728,0.0006233717087351233
3.8871144394598707,0.001267498813428176,0.001282002488442629,0.0006235024718035562
3.887779839348975,0.0012674231826156174,0.0020452862016803568,0.0006236333170633135
3.888445235097109,0.0012673475522737459,0.0006529683107393174,0.0006237642493777336
3.8891105739739364,0.001267271928395865,0.0016758149627985137,0.0006238952366368435
3.8897759128507636,0.0012671963045180544,0.0012442098608560087,0.0006240263236213
3.8904412517275913,0.0012671206806400962,0.001904654912072395,0.0006241574979756241
3.891106583947445,0.0012670450575189805,0.0011370056504832454,0.0006242889919060375
3.8917718812587774,0.0012670305616343713,0.0029294239983536172,0.0006244580656582841
3.89243717857011,0.0012671061807876343,0.000367685293344632,0.0006246823209331302
3.8931024758814425,0.0012671817999411867,0.0024079720055073485,0.0006249071959508022
3.893767773192775,0.0012672574190945335,0.001283714651533513,0.000625132310329777
3.8944330705041077,0.0012673330382478084,0.0015343313088660702,0.000625357649606476
3.8950983678154403,0.0012674086574012131,0.00018546818910820245,0.0006255832557503351
3.895763665126773,0.00126748427655463,0.002305147139749478,0.0006258091064691128
3.896428933826599,0.0012675598924558854,0.0011416625794847337,0.0006260351741628131
3.8970941480225196,0.0012676355021620485,0.0010881094517495484,0.0006262614848073825
3.8977593622184408,0.0012677111118685042,0.001011067078100418,0.0006264880376772456
3.898424576414362,0.0012677867215748731,0.0006774575045598777,0.0006267148399103196
3.8990897990851607,0.0012678623322442432,0.0008418423104434192,0.0006269418851397847
3.8997550327281965,0.0012679379441610892,0.0017084407333688362,0.0006271691834257334
3.900420266371232,0.0012680406728559882,0.0011320822312658023,0.0006273971962602106
3.9010855000142675,0.0012682675343917112,0.0013109959513557018,0.000627627597738509
3.901750701505791,0.0012684943849627303,0.0003242495223228195,0.0006278582359272955
3.9024158741517936,0.001268721225696907,0.0003609213029435864,0.0006280891063857594
3.9030810467977957,0.001268948066431104,0.001632667258376378,0.000628320254024913
3.903746219443798,0.0012691749071652594,0.0013745333425173349,0.0006285516548483166
3.9044113663982,0.0012694017391377108,0.0013467261645602794,0.0006287832919336499
3.9050764974994743,0.0012696285657041782,0.0010914920831294021,0.0006290151828613208
3.9057416286007482,0.0012698553922703515,0.0014594901710792778,0.0006292473442398599
3.9064067597020222,0.0012700822188366366,0.00035414184891552976,0.0006294797506120984
3.9070718613321294,0.0012703090353525137,0.0010200412305686824,0.0006297124092170709
3.9077369508938644,0.0012705358477528585,0.0006787967872317275,0.0006299453246832645
3.908402040455599,0.0012707626601531762,0.0011495620700113245,0.0006301784764200863
3.909067130017334,0.0012709894725534494,0.0007072932177576596,0.0006304123341661003
3.9097321863394203,0.0012705675019281568,0.002052562002452413,0.0006307092750578894
3.9103972343668043,0.0012701139570128444,0.001667943638698256,0.0006310101322344667
3.9110622823941883,0.0012696604120975574,0.0009644837198706955,0.0006313114268221299
3.9117273304215723,0.0012692068671823025,-0.0003726900905682304,0.0006316131574762885
3.912392395778707,0.0012687533104486384,0.0019170935471168422,0.0006319153220587761
3.9130574632587245,0.0012682997522672566,0.0008499699709420953,0.0006322179188880366
3.9137225307387418,0.0012678461940858062,0.0019271883433487399,0.0006325209743969242
3.9143875982187595,0.001267392635904515,0.0017421141541644697,0.0006328244426715931
3.915052605863366,0.0012669391185292154,0.0019380586781478782,0.0006331283311011693
3.915717612361586,0.0012664856019357006,0.0010993675384704709,0.0006334326424770894
3.9163826188598065,0.0012660320853422255,0.0008010804521845681,0.0006337374130642011
3.917047622387684,0.0012655785707744568,0.0008006767473510564,0.0006340426076543293
3.917712587361927,0.0012651250824992411,0.0014759176872010853,0.0006343472433447399
3.9183775523361697,0.0012645073353386258,0.000938088838422735,0.0006345034249361258
3.9190425173104124,0.001263827025600302,0.0020074438029908286,0.0006346021713265859
3.919707475574343,0.0012631467227271296,0.0006438271285425587,0.0006347005845089
3.9203723990297936,0.0012624664554656728,0.0013004231370533892,0.0006347990247747211
3.9210373224852444,0.0012617861882043,0.0016802038910832943,0.0006348975319167459
3.921702245940695,0.0012611059209427567,0.0015689382035230508,0.0006349960634161513
3.9223671589569333,0.001260425664361478,0.0021317420738702717,0.000635094658900462
3.9230320408987764,0.0012597454395714437,0.0006982708675792533,0.0006351932807044495
3.923696922840619,0.0012590652147817945,0.0011234377738000721,0.0006352919494359129
3.924361804782462,0.0012583849899919404,0.0009092793461245787,0.0006353906762955136
3.925026693360787,0.0012577047584122752,0.0011120105006196535,0.0006354894408470097
3.9256915947607744,0.0012570245137151562,0.0012583922168085764,0.0006355882418771681
3.926356496160762,0.0012563442690183238,-0.0006483394499411938,0.00063568756818983
3.927021397560749,0.001255813368060624,0.001641527292608668,0.0006358564708226291
3.927686272719511,0.0012554355122076984,0.0012188233348035121,0.0006360968152367982
3.92835111315293,0.0012550576760895272,0.001611507793644683,0.0006363379068932882
3.9290159535863483,0.001254679839971327,0.001974484285347253,0.0006365792562844804
3.929680794019767,0.0012543020038534337,0.00047826094893801984,0.0006368208823239493
3.9303456128808216,0.0012539241799949623,0.0016343483355845984,0.0006370627799841079
3.9310104118109983,0.0012535463674636605,0.0013808950136389255,0.0006373049425014597
3.931675210741175,0.001253168554932245,0.003143972754018878,0.0006375473903838557
3.9323400096713517,0.0012527907424009067,0.0019693909758290136,0.0006377901103480419
3.9330047833339106,0.0012524129442293963,0.0019425972290782396,0.0006380331012819371
3.9336695407660267,0.0012520351552817346,0.0004939756939783054,0.0006382763511239264
3.934334298198143,0.001251657366334419,0.001689844299674263,0.0006385198777263995
3.934999055630259,0.001251279577386818,0.002872621247572175,0.000638763959085127
3.935663813062375,0.0012510000000000951,0.0009418600890754856,0.0006390471511177587
3.9363285704944913,0.0012509999999999685,0.0014499756458326264,0.0006394396824347631
3.9369933279266074,0.0012510000000000255,0.0013346183765674889,0.0006398336782721246
3.937658085358723,0.0012509999999999889,0.002629288540886604,0.0006402283806888717
3.9383227775165643,0.0012509999999999074,0.000924183853556627,0.0006406237758382863
3.9389874519680994,0.001250999999999898,0.0007507167622894202,0.0006410199233005396
3.939652126419635,0.0012510000000000678,0.0013571065556670014,0.0006414167872639175
3.9403168008711704,0.0012509999999999709,0.0010438648300770822,0.0006418143893994703
3.9409814923546,0.0012509999999999353,0.0017136119246514282,0.0006422127373296286
3.9416461862711576,0.0012509999999999629,0.0005472557078695329,0.0006426118217986491
3.942310880187715,0.001250999999999921,0.0021284248720480417,0.0006430116765663168
3.9429755741042722,0.0012509999999999505,0.0021868468468399585,0.0006434122531334174
3.9436402093201313,0.001251000000000041,0.0012076302650613944,0.0006438135029530774
3.9443048422891445,0.0012510162078665345,0.0017422461686629324,0.0006442051343810093
3.9449694752581577,0.0012516961779382395,0.0021984659215993777,0.0006442635130012718
3.945634106100647,0.001252376145834403,0.0007139251542372865,0.000644319672386218
3.946298697592316,0.0012530560734716142,0.00048119789607536966,0.0006443758624814373
3.9469632890839845,0.0012537360011089212,0.0012612040991421096,0.000644432051556197
3.9476278805756535,0.001254415928746328,0.0011525064395366425,0.0006444882511410385
3.948292466296049,0.0012550958504792223,0.0006868656106173715,0.0006445444855378747
3.9489570163155494,0.0012557757356870369,0.0015897501278663857,0.0006446007194047797
3.9496215663350505,0.001256455620895277,-0.00047455086784959906,0.0006446569635056677
3.950286116354551,0.0012571355061034351,0.0005727529909915571,0.0006447132220193889
3.9509506569690624,0.0012578153816895222,0.0009820386706084622,0.0006447694968417246
3.951615165521571,0.0012584952244736151,0.0012466699823661452,0.0006448257856373241
3.9522796740740795,0.001259175067257776,0.0010035460351341956,0.0006448820888242201
3.9529441826265876,0.0012598549100419866,0.0006349000050194,0.0006449390107400819
3.953608697296907,0.0012601782327677164,0.0009582262356511565,0.000645085825155238
3.954273225319931,0.0012604048279108648,0.0009131487240632778,0.0006452577016474221
3.9549377533429544,0.0012606314230539902,0.000673265361779589,0.0006454298677088869
3.955602281365978,0.0012608580181971585,0.0014430852320079922,0.000645602191837165
3.9562667849327626,0.0012610846050009191,8.909771141530991e-05,0.0006457746288442956
3.956931252023453,0.001261311179367105,0.0016662848700772753,0.0006459472006474357
3.957595719114144,0.0012615377537329943,0.001493956222274254,0.0006461199095808028
3.9582601862048348,0.001261764328098923,0.00031994321455178644,0.0006462927610332339
3.958924633042902,0.0012619908955591069,0.001438179286412937,0.0006464657479283294
3.959589058676949,0.001262217455788871,0.001276537847645948,0.0006466388673841947
3.9602534843109956,0.0012624440160188327,0.0011061549509811868,0.0006468121310325831
3.9609179099450422,0.0012626705762487258,0.0015426233312716962,0.0006469855150303026
3.9615823117262767,0.0012628971283449848,0.0011122165755446548,0.0006471590141227146
3.9622466959088523,0.0012627938525014498,0.0022385948953663254,0.0006473273610107926
3.9629110800914273,0.0012624162327546662,0.0007464812730417446,0.0006474914157443083
3.963575464274003,0.0012620386130078362,0.0018540134398794053,0.0006476555577746479
3.9642398210145946,0.0012616610088583072,0.0014878594204763512,0.0006478198489649144
3.9649041637508704,0.001261283412668574,0.0014242549450678992,0.0006479842355293707
3.965568506487146,0.0012609058164788503,0.001860368787864549,0.0006481487510114763
3.966232849223422,0.0012605282202890597,0.0015220583970893945,0.0006483133928157524
3.9668972065381687,0.0012601506158131607,0.0008556278408774194,0.0006484781598435832
3.967561568750445,0.0012597730085539454,0.0015146845100162745,0.0006486430509941566
3.968225930962721,0.0012593954012943783,0.0016739644105880176,0.0006488080888167687
3.968890293174997,0.0012590177940349126,0.0019168177097279603,0.000648973237686684
3.9695546045387227,0.0012586402156765698,0.0018666731619325395,0.0006491384998912024
3.9702189058338693,0.0012582626430409174,0.0017643190002011185,0.0006493040742219505
3.9708832071290163,0.0012581608831443865,0.0007582065365832498,0.0006494995086441094
3.9715475084241634,0.0012586894247521125,0.0017772682770316075,0.0006497622698793667
3.972211771561,0.0012592179359998072,0.0012309975297849678,0.0006500257813769841
3.972876031420188,0.0012597464446397883,0.0015715527544201665,0.0006502896236531045
3.973540291279376,0.0012602749532796297,0.0007533314566576431,0.0006505537788169835
3.9742045508553456,0.001260803461694421,0.0007922216998757703,0.0006508182662698383
3.974868769283743,0.001261331937370547,0.0011820391873365859,0.0006510830455990049
3.975532987712141,0.001261860413046609,0.002438312211734825,0.0006513481677185337
3.9761972061405384,0.0012623888887229083,0.0010948593832991816,0.0006516136067363358
3.9768614207358524,0.0012629173613492783,0.001361049775433813,0.0006518793684678004
3.977525597738628,0.0012634458040656695,0.0015158835194618234,0.0006521454346446337
3.978189774741403,0.0012639742467821231,0.0018120649205551585,0.0006524118335887852
3.9788539517441786,0.0012645026894985505,0.0006268454652143206,0.0006526786187417615
3.9795181322142383,0.001265057822094221,4.345800712620687e-05,0.000652954921527454
3.9801823286984916,0.0012660392444966482,0.002860038984378645,0.0006533646053072602
3.980846525182745,0.0012670206668986255,0.0015946946771530988,0.0006537759671306842
3.981510721666998,0.0012680020893011449,0.0023065976874871207,0.0006541880918172517
3.9821749021228614,0.0012689834880195655,0.000176525356041637,0.0006546009877548298
3.9828390377051814,0.001269964820432749,0.0008055769990840864,0.000655014643452173
3.9835031732875015,0.0012709461528456732,0.0018761912981206967,0.0006554290803250194
3.9841673088698215,0.0012719274852587207,0.001634838098982816,0.0006558443210981693
3.9848314300235237,0.001272908796352133,0.0012899945183769844,0.0006562603292398065
3.985495524190554,0.0012738900675696298,0.0006603807847027129,0.0006566771219970184
3.9861596183575845,0.0012748713387869786,0.000761047960635307,0.0006570947178327228
3.9868237125246146,0.0012758526100046714,5.267592905614741e-05,0.0006575130903037737
3.987487788746584,0.0012768338547062823,0.0009059313260696229,0.0006579322795083315
3.98815184150349,0.0012778150647359304,0.0009983516971249146,0.0006583504837854578
3.9888158942603957,0.0012784900709427237,0.0025458918673568207,0.0006585064467522576
3.9894799470173017,0.0012790939611388966,0.0005410024657424608,0.0006585997600862722
3.9901439783236885,0.0012796978318278182,-0.00011085037974279495,0.0006586927086951183
3.9908079896756337,0.0012803016843702518,0.0011462136427171556,0.0006587856747454955
3.9914720010275793,0.001280905536912666,0.0018589751708542731,0.0006588787021619074
3.9921360123795244,0.0012815093894549862,0.0025255075721839016,0.000658971757765157
3.99279997384459,0.0012821131966302421,0.0015091792417162183,0.0006590648517640873
3.9934639024021026,0.0012827169738794078,0.0012431071465353817,0.0006591579766682648
3.994127830959615,0.0012833207511285254,0.0009652869461969806,0.0006592511408629369
3.9947917595171276,0.001283924528377517,0.0008231617946097905,0.0006593443487175412
3.9954557298722113,0.0012845283436373432,0.0016044974349212107,0.0006594376092243571
3.9961197193126727,0.0012851321762534977,0.000795382616406244,0.0006595308926157407
3.996783708753134,0.001285736008869448,0.0023836793839936065,0.0006596242364572748
3.997447698193595,0.0012862973275011274,0.0016243092354351549,0.0006597172749586995
3.998111593812481,0.0012868255463386242,0.002287427414169433,0.0006598100763872669
3.9987754614870448,0.0012873537429426945,0.0014475226991462332,0.0006599029055695636
3.9994393291616084,0.0012878819395467104,0.002585929657043327,0.000659996003729882
4.0001031968361715,0.001288410136150695,0.00037423424239636186,0.0006601253053704157
4.000767062461295,0.0012889383311239933,0.0014902458261861866,0.0006604446642808568
4.001430927737428,0.0012894665258197347,0.0007772418428407928,0.0006607657562099724
4.002094793013561,0.001289994720515444,0.00019827836959529195,0.0006610873093339846
4.002758658289694,0.00129052291521117,0.001081521698892126,0.0006614093393758491
4.003422562372445,0.0012910511407828436,0.0018667488542084142,0.0006617318683675631
4.004086469031527,0.0012915793684042623,0.0026083973261337547,0.0006620548493145555
4.00475037569061,0.001292107596025758,0.00081905989056286,0.0006623783198875912
4.005414278884857,0.0012926358208904204,0.0005379626118786723,0.0006627028910465934
4.006078022417861,0.0012929297411329586,0.0011662386882734003,0.0006631229809065496
4.006741765950866,0.0012927033877625815,0.001649727367537615,0.0006637532812178513
4.007405509483871,0.0012924770343921174,0.0013436591414539023,0.0006643867794298351
4.008069261414426,0.0012922506781580935,0.0016522299716453404,0.0006650221047695813
4.008733085312769,0.001292024297381074,0.0017050938363432555,0.0006656593214887931
4.009396909211111,0.001291797916604199,0.0003069051303728229,0.0006662983711696079
4.010060733109452,0.0012915715358271884,0.00026368038758909653,0.0006669392777009687
4.010724526426435,0.0012913451654794077,0.0011609076398625422,0.0006675819835681053
4.011388187224191,0.0012911188403235765,0.0023596712664000585,0.0006682264446199158
4.012051848021947,0.0012908925151679663,0.0007362330086724302,0.0006688727586930212
4.012715508819704,0.0012906661900126636,0.0013188134019157867,0.0006695209682019812
4.013379180157245,0.0012904398612628343,0.0017448627672558966,0.0006701710640736053
4.0140428799531565,0.0012902135228079193,0.001783707125297265,0.000670822767954277
4.014706579749069,0.001289961557428827,0.0008191590606962617,0.0006714257299962424
4.015370279544981,0.0012892826192423994,0.0021853057917718653,0.0006712697253333543
4.0160339939227265,0.001288603666139458,0.001344282713404532,0.0006711087559547966
4.016697735080959,0.0012879246856412254,0.0007308065418793386,0.0006709479068966203
4.017361476239191,0.001287245705142794,0.000795113977304975,0.0006707871641469968
4.018025217397424,0.0012865667246445814,0.0009191995681353282,0.0006706265469708525
4.018688887608432,0.001285887816722412,0.001683213134298121,0.0006704660538991442
4.019352465691563,0.0012852090030434627,0.0007401994990913934,0.0006703057071909471
4.020016043774694,0.001284530189364443,0.0013609701059775498,0.0006701454700760096
4.020679621857825,0.0012838513756854475,0.0005103894468143902,0.0006699853467412456
4.021343241511646,0.0012831725194812945,0.000543436344470622,0.0006698253387178118
4.022006899950393,0.0012824936236015274,0.0007778719881205107,0.0006696654273270614
4.022670558389139,0.0012818147277219106,0.0010499776532657088,0.0006695056253316977
4.023334216827885,0.0012811358318424214,0.0008979516931585009,0.0006693474472961837
4.023997777540354,0.0012794314371390298,0.0013601440230491195,0.0006694147235782789
4.0246612729294755,0.0012774706642229002,0.002038170176601839,0.0006695398380580386
4.025324768318596,0.0012755098913066224,0.0008464219996724859,0.0006696653929075167
4.025988263707717,0.001273549118390542,0.0011649383745964295,0.0006697910236734819
4.026651785667942,0.0012715882669506024,0.0015720337411807713,0.0006699167191564692
4.02731532006611,0.001269627378754381,0.0003323835248630548,0.0006700424939163624
4.027978854464278,0.0012676664905580184,0.000961690350852805,0.0006701683352427248
4.028642388862447,0.0012657056023615118,0.0013096464860344133,0.000670294262506641
4.029305923260615,0.001263744714164972,0.0016996014708349192,0.0006704202367829182
4.029969457658783,0.0012617838259684805,0.0009872334154497674,0.0006705462881180756
4.030632992056952,0.0012598229377722564,0.001190711144847261,0.0006706724146296066
4.031296526455121,0.0012578620495756819,0.0007025615916936476,0.00067079860133978
4.031959923312399,0.0012559015678423465,0.0009056037977161305,0.0006709252291822988
4.032623294699142,0.00125463343727523,0.0019281693513650935,0.0006711079989486055
4.033286666085885,0.0012539547578978231,0.0018342325451990392,0.0006713388340965759
4.033950037472628,0.0012532760785207008,0.0011823551879450906,0.0006715702408220634
4.03461352138486,0.001252597284021382,0.0015784222616614762,0.0006718019096475256
4.035277014446472,0.001251918480161774,0.0012144874643956203,0.0006720338374452235
4.0359405075080845,0.0012512396763018343,0.0020702034683980942,0.0006722659978648084
4.036603999614626,0.0012505608734191553,0.0009450002157043851,0.0006724983890977797
4.037267329677543,0.0012498822363193726,0.0014957498403977828,0.0006727309712430186
4.03793065974046,0.0012492035992197593,0.0005654420436434683,0.0006729638047139525
4.038593989803376,0.001248524962120059,0.0015482890796484463,0.0006731968674924572
4.039257319667295,0.0012478463252237767,0.0002757278243525217,0.0006734301802750952
4.039920647434174,0.0012471676904730515,0.001729125478507477,0.0006736637283088571
4.040583975201052,0.0012464890557224494,0.0013447603839530837,0.0006738976531670093
4.041247302967931,0.00124616849553794,0.001391790604140492,0.0006741524526521281
4.041910637624165,0.0012467716641274115,0.00039422471083085174,0.000674460058077231
4.042574006707005,0.0012473748640210217,0.0004680717407120142,0.0006747684602953108
4.043237375789846,0.0012479780639143556,0.0011165160895342207,0.0006750772646299914
4.043900744872686,0.001248581263807734,0.001774192291463098,0.0006753865156045582
4.04456407369282,0.001249184427090564,0.0017048651599272807,0.0006756961650734285
4.045227279815141,0.0012497874788043248,0.001745029724009296,0.0006760061850207413
4.045890485937464,0.00125039053051828,0.0014701299540567489,0.0006763166308976666
4.046553692059786,0.0012509935822321721,0.0006366006479330375,0.0006766275179893922
4.047216924463165,0.001251596657843186,0.0019945353635596984,0.0006769388240774088
4.047880210919228,0.0012521997826044264,0.0007582092270404887,0.0006772506099960511
4.048543497375291,0.0012528029073655186,0.0012305048312880702,0.0006775628133079281
4.0492067838313535,0.001253406032126616,0.0009108212520244578,0.0006778754505840364
4.0498700039757045,0.0012540022744063504,7.630378261001044e-05,0.000678186912824203
4.05053312749669,0.0012541530356931566,0.0010066164139762614,0.0006784271164975502
4.051196251017677,0.0012543037969801984,0.0012234311508136466,0.0006786671097389896
4.0518593745386635,0.001254454558267303,0.0010913432863728287,0.0006789073338160402
4.0525225170522665,0.0012546053238722918,0.0009956405088954894,0.000679147849454694
4.0531856796067505,0.0012547560940335436,0.0013713947635128774,0.0006793886102514036
4.0538488421612335,0.0012549068641949023,0.0004460893072633996,0.000679629638450435
4.054512004715717,0.0012550576343561646,-0.00045700734964935694,0.0006798709106608334
4.055175190629917,0.0012552084098283328,0.0016897987015446272,0.0006801124532532808
4.055838394479783,0.0012553591893780843,0.00023147446401450473,0.0006803542548668123
4.056501598329649,0.001255509968928047,0.0015589772785417218,0.0006805963185884443
4.057164802179515,0.001255660748477864,0.002751772594543853,0.000680838654098531
4.057827900949481,0.0012558115041376764,0.0013408897517640157,0.0006810811925917741
4.058490941889705,0.001255962246649865,0.0010080874703954491,0.0006813245546634594
4.059153982829929,0.0012558305355205013,0.0013851208066294465,0.00068165415893338
4.059817023770153,0.0012556044474527877,0.0006840031335532491,0.0006820135410278892
4.060480122874694,0.0012553783395516992,0.00252607970977212,0.0006823737069604657
4.061143244138936,0.0012551522240944828,0.0014411966852202456,0.0006827344727436381
4.061806365403179,0.0012549261086371524,0.0010636184850513185,0.0006830957961405423
4.062469486667421,0.0012546999931801067,0.0013323829404453733,0.0006834576992866757
4.063132477139138,0.0012544739223212217,0.0021351775083769337,0.0006838201021802388
4.0637954355191654,0.0012542478624054196,0.0011443550539524346,0.000684183061150946
4.064458393899193,0.0012540218024895131,0.0016693684972220264,0.0006845466129409992
4.0651213522792204,0.0012537957425737254,0.0024401388670633756,0.0006849107315696335
4.065784345080416,0.0012535696709206276,0.001905008377589802,0.0006852754485550919
4.06644734250478,0.001253343597691168,0.001450328578707818,0.0006856407617820021
4.067110339929146,0.001253117524461474,0.0012588129111268445,0.0006860066498806391
4.06777333735351,0.0012528190853866228,0.0018298872710508646,0.0006863745820337999
4.068436334777876,0.0012524422966709344,0.0012123470013149118,0.0006867446521691085
4.06909933220224,0.0012520655079550304,0.0010409280982281838,0.0006871153341597206
4.069762329626606,0.0012516887192391421,0.00047229992548890147,0.0006874866110532402
4.0704253208885826,0.001251311934025647,0.0010254150976177238,0.0006878584899002873
4.071088155466858,0.0012509352378569452,0.00040683237419299363,0.000688230881259081
4.071750990045134,0.0012505585416882473,0.002626745163460363,0.0006886038821623532
4.07241382462341,0.0012501818455197527,0.0008851149506915011,0.0006889774850093166
4.073076668495587,0.0012498051440694034,0.0019070124457766582,0.0006893517120460009
4.073739583385728,0.0012494284022585534,0.0018509889796289748,0.0006897265794401777
4.074402498275869,0.0012490516604477906,0.00024214746030725657,0.0006901020627465205
4.075065413166009,0.0012486749186373062,0.0004109860682119658,0.0006904781532168356
4.075728304549675,0.0012482981901854226,0.0011404372147790116,0.0006908545148112522
4.0763910978709745,0.0012479058102506354,0.001180625454331646,0.0006911795841900867
4.077053891192274,0.0012474537516024458,0.0014660123936580188,0.0006913124841759542
4.077716684513574,0.0012470016929543313,0.0003413222317267317,0.0006914441674973215
4.078379499598417,0.0012465496194622237,0.0011240275079105351,0.0006915759332026728
4.07904237322915,0.0012460975060389753,0.0015758897483591256,0.0006917077856939379
4.079705246859884,0.0012456453926157623,0.0015348262795816094,0.0006918397137144963
4.080368120490618,0.0012451932791924638,0.0008948290547503635,0.0006919717230371252
4.081030937400896,0.0012447412044555054,0.001512089719455774,0.0006921038017191358
4.081693648223649,0.001244289202075496,0.0023027239773302285,0.0006922359183676597
4.082356359046402,0.0012438371996955485,0.0015093787762124088,0.0006923681207669102
4.083019069869156,0.0012433851973157075,0.0015033505967067425,0.0006925003945570178
4.083681779764961,0.0012429331955677307,0.0002666935682429011,0.0006926327361284027
4.084344488409414,0.0012424811946734932,0.0003397318155795786,0.0006927651718993058
4.085007197053867,0.0012420291937793016,0.0010130857765593864,0.0006928988722975722
4.085669905698319,0.0012422818393716933,0.001469086150454543,0.0006932127953346781
4.086332635042752,0.0012425831484621367,0.0019294843663540426,0.0006935408284074915
4.086995384926075,0.0012428844668907328,0.0011711169108886265,0.000693869420199946
4.087658134809398,0.0012431857853191421,0.0018662088859507935,0.0006941984709920514
4.088320884692721,0.0012434871037474914,0.0014894592450964493,0.0006945279916698364
4.088983540395224,0.0012437883793568333,0.0014756551739556298,0.0006948579405739652
4.089646127508659,0.0012440896237821085,0.000725476616344244,0.0006951883273269093
4.0903087146220924,0.001244390868207404,0.0005880372578490221,0.0006955191859878542
4.090971301735527,0.0012446921126326176,0.0018407289911028485,0.0006958505235280842
4.091633941446032,0.0012449933809710063,0.0014777288571492762,0.0006961823389106493
4.0922966088567465,0.0012452946619035156,0.001480445382751496,0.0006965146663854206
4.09295927626746,0.0012455959428357983,0.0013172428109216765,0.000696847460795362
4.0936219436781744,0.001245897223768168,0.0010114079076379604,0.0006971795426713657
4.094284492089917,0.0012463473280242522,0.0013963229859338695,0.0006973321530613282
4.094946996756128,0.0012468745000900965,0.001621473324915754,0.0006973908058876695
4.095609501422338,0.0012474016721559299,0.0009176931675382563,0.000697448878938149
4.096272006088548,0.0012479288442218404,0.0019281702880932796,0.0006975069480819368
4.09693454229257,0.0012484560413829526,0.0005875483025111452,0.0006975650335613612
4.09759708603285,0.0012489832445412344,0.0016814918289173842,0.0006976231502853323
4.098259629773129,0.0012495104476993276,-0.0010027051658799415,0.0006976812694588653
4.09892217351341,0.0012500376508575361,0.0005524582235263869,0.0006977394034920199
4.0995847536317,0.0012505648829624454,0.0007900124058657912,0.000697797553321738
4.100247338590329,0.001251092118919122,0.002365235562019616,0.000697855728303324
4.100909923548958,0.0012516193548758846,0.0016672667735385107,0.0006979139181933769
4.101572508507586,0.0012521465908323405,0.0007567507501842949,0.0006979721104330823
4.1022349375402944,0.0012526737027147188,0.0008804865098891298,0.00069803113339814
4.102897359779797,0.0012528852649328858,0.0011746560855588472,0.0006982147590780307
4.103559782019299,0.001252584095467517,0.0007131157269480941,0.0006985999314985765
4.104222206963803,0.0012522829247720968,0.000965464435487886,0.000698987088642414
4.104884709490861,0.0012519817188038657,0.0011290663279300852,0.0006993749347232193
4.10554721201792,0.0012516805128356394,0.0016901957413848203,0.0006997634280240733
4.106209714544979,0.0012513793068674713,-0.0002532352122943647,0.0007001525629174638
4.106872199356848,0.0012510781089533783,0.00048144774449434635,0.0007005423408352463
4.107534539190151,0.0012507769769537018,0.0006860597942647922,0.00070093268647639
4.1081968790234535,0.0012504758449540742,0.0005620721950535856,0.0007013236693799544
4.108859218856756,0.0012501747129544775,-6.783495928495433e-05,0.0007017153283613081
4.109521565875334,0.00124987357768794,0.0010452560194377848,0.000702107643839832
4.110183944793489,0.001249572427918299,0.002214425647401656,0.0007025006317467287
4.110846323711643,0.0012492712781489031,0.0023221991654540537,0.0007028939593412426
4.111508702629797,0.0012489551874752703,2.2411182725333954e-05,0.0007032392920519725
4.112171081547951,0.0012485034114711735,0.0010637502006761172,0.0007031678465150238
4.112833460466105,0.0012480516354668925,0.0011958351245950254,0.000703093647843112
4.113495839384259,0.00124759985946278,0.001057680136652601,0.0007030194710635382
4.114158218302413,0.001247148083458717,0.0011149366981240455,0.0007029453054319926
4.114820543094654,0.001246696344371017,0.0016871950277026967,0.0007028711791198725
4.115482759357092,0.0012462446793064174,0.0007811356290439036,0.0007027971026345607
4.116144975619529,0.001245793014241373,0.0004490793206925756,0.0007027230320109047
4.116807191881968,0.0012453413491767388,0.001640813301402388,0.0007026489838484608
4.117469440815083,0.0012448896618290212,0.001869195847604981,0.0007025749583949623
4.118131737352923,0.001244437942012342,0.0007463208089422024,0.0007025009610031023
4.1187940338907625,0.0012439862221955379,0.00015093214647760598,0.0007024269888490706
4.119456330428601,0.0012435345023790513,0.0022161037208592973,0.0007023530261993331
4.1201185487482235,0.0012430828359111053,0.0005431277074295265,0.000702280474309847
4.120780682655698,0.001242323993042661,0.0009985220462710941,0.0007024157481701431
4.121442816563172,0.0012414961375091277,0.000522281909573779,0.0007025991383341798
4.122104950470646,0.001240668281975746,0.0011782334447514177,0.0007027830039472834
4.122767106065463,0.001239840399327145,0.0018075277697425902,0.0007029669929533651
4.123429279071245,0.001239012494909773,0.0008761959804593573,0.0007031511479602846
4.124091452077027,0.0012381845904925266,0.0006126395765772601,0.0007033354329890544
4.12475362508281,0.001237356686075179,0.001278588239855761,0.0007035198626227432
4.125415823941858,0.0012365287493339128,0.0018863992759819434,0.0007037044571005183
4.126078038119872,0.0012357007934394413,0.0005730359061490611,0.0007038891964370185
4.126740252297886,0.0012348728375453676,0.0015295683024813453,0.0007040740747656473
4.127402466475901,0.0012340448816508533,0.001772888904677875,0.0007042591123863582
4.128064566600147,0.0012332170683561799,0.0022299143096161343,0.0007044442464863588
4.12872661817314,0.0012323893157645796,0.0008935311012566152,0.0007046305323197403
4.129388669746131,0.0012316014210660999,0.0020061811166660446,0.0007049708252573984
4.130050721319123,0.0012308489187098349,0.0025588607564531645,0.0007054487073033745
4.130712835070581,0.001230096345680216,0.0015305758171165033,0.0007059285241282991
4.1313749669092505,0.0012293437520922562,0.0017730734455330766,0.0007064093219145865
4.13203709874792,0.0012285911585042854,0.001611129245814747,0.0007068911150540437
4.1326992305865895,0.001227838564916308,0.0023534777986219772,0.0007073738931557922
4.133361224613571,0.0012270861279682545,0.0004943791645160213,0.0007078575495247895
4.1340231938725545,0.001226333719171869,0.0016633482733898436,0.000708342191963984
4.134685163131538,0.0012255813103755713,0.001298186394419846,0.0007088278251134194
4.13534713239052,0.0012248289015792558,0.001132106452680421,0.0007093144511806004
4.136009137645875,0.0012240764518687503,-0.000257490046778836,0.0007098021144445952
4.136671146013914,0.0012233239986202292,0.001621247244154543,0.0007102907690115779
4.137333154381952,0.0012225715453715845,0.002531012933926706,0.0007107795746967506
4.13799516274999,0.0012220904642209198,0.0012497559291048507,0.0007111363979440527
4.138657171118028,0.0012224667336124114,0.0024343386680755526,0.0007110811812847632
4.139319179486066,0.0012228430030044885,0.000624469388988645,0.0007110232458363102
4.139981187854104,0.0012232192723961597,0.0020769681546262946,0.0007109653240936759
4.140643185666456,0.0012235955357884389,0.00014026898395830918,0.000710907412200182
4.141305031492798,0.001223971712795761,0.0017582492925222347,0.0007108495283897791
4.141966877319138,0.0012243478898026827,0.00032819057026536196,0.0007107916588150616
4.14262872314548,0.0012247240668101268,0.0006270487207971438,0.0007107338050862808
4.143290579963575,0.0012251002500644405,0.0015393138038226543,0.0007106759698470907
4.143952506043438,0.0012254764726857827,0.0011784526691484042,0.0007106181348957081
4.144614432123301,0.0012258526953071766,0.0005632926596596101,0.000710560320515543
4.145276358203165,0.0012262289179282217,0.000693993760593432,0.0007105025141461654
4.145938250359321,0.001226605121267993,0.0005285719631583106,0.0007104447266965802
4.146600013922804,0.0012269812515189684,0.0005682191597800348,0.0007103883637018027
4.147261777486286,0.0012273573411494489,0.002026670263779296,0.0007105414846633102
4.147923541049769,0.0012277334286484004,0.001608363490477265,0.0007107071043564387
4.14858531557824,0.001228109522379091,0.0002918047857676316,0.0007108729117443163
4.14924711826419,0.0012284856321121448,0.00048658120386567264,0.0007110388547834729
4.149908920950141,0.0012288617418448205,0.0017408187715889415,0.0007112048895126217
4.150570723636092,0.001229237851577709,0.002327575861879457,0.0007113710659095082
4.151232540770428,0.0012296139695216518,0.000796355857376957,0.0007115373384926309
4.151894384582571,0.0012299901026270542,0.0022159423190565384,0.000711703747382413
4.1525562283947135,0.001230366235732356,0.0015615841908032534,0.0007118702947555536
4.153218072206856,0.001230742368837649,0.0017506148595656406,0.0007120369318851545
4.153879847349066,0.0012311184629173273,0.002173744060844191,0.0007122036662767052
4.154541528670137,0.001231494503677054,0.0011641362568339034,0.0007123705018293965
4.155203209991209,0.0012318705444371338,0.0013268786745278943,0.0007125384035288013
4.15586489131228,0.0012330357755551554,0.0005611962908731457,0.00071284755854884
4.15652661224589,0.0012346154208438627,0.001654615299971603,0.0007132320487495622
4.157188373810759,0.0012361951631267745,0.0007853331917548578,0.0007136176936390087
4.157850135375628,0.0012377749054096002,0.0002053329203335649,0.0007140039620982032
4.158511896940497,0.001239354647692445,-3.5358526083699915e-05,0.0007143908649890734
4.159173566801054,0.0012409341710608495,0.0009002725152366998,0.0007147783495190331
4.159835165900153,0.0012425135255092633,0.002683540420746222,0.0007151664142038169
4.160496764999253,0.0012440928799573585,0.0006989799983944632,0.0007155551152809772
4.161158364098351,0.0012456722344054779,0.00042366250930222333,0.0007159444524197493
4.161819961948089,0.001247251585871297,0.0016608465787327014,0.0007163344341660401
4.16248155907972,0.0012488309356229804,0.0012036784396412805,0.0007167250545415801
4.163143156211351,0.001250410285374325,0.002246202170980661,0.0007171163111081662
4.1638047533429825,0.0012519896351256784,0.0005657755898509449,0.0007175078216965519
4.1644663794437475,0.0012535147998898083,0.0012563467614012877,0.000717840516053038
4.165128017676027,0.0012549436617236302,0.0013044702597811825,0.0007180688328795912
4.1657896559083065,0.0012563725235573634,0.0001177716836929289,0.0007182966818334429
4.166451294140585,0.0012578013853910097,0.0027330240918979542,0.0007185247439413248
4.167112806507157,0.0012592299754075826,0.0020828188905742204,0.0007187529723396593
4.167774282311605,0.0012606584864651334,0.001317841663776198,0.0007189814176986544
4.168435758116053,0.0012620869975227635,0.0018184710588515925,0.000719210075648386
4.169097233920501,0.0012635155085804167,0.0005372827067491088,0.0007194389529021958
4.169758777498747,0.0012649441660009966,0.0013973992088578194,0.0007196680728098093
4.170420333534836,0.0012663728503250734,0.0029113406076922118,0.0007198974186248554
4.171081889570925,0.0012678015346496417,0.0017559226449446606,0.0007201269927864847
4.171743445607015,0.0012692302189741009,0.0009970493731987762,0.0007203567797223012
4.172404853157375,0.0012706585826312293,0.001148839403280138,0.0007205867369103058
4.173066246790915,0.001271940530997764,0.0011865224473150084,0.0007208179481449366
4.173727640424456,0.0012709632501117,0.002005968669245417,0.0007210638644134366
4.174389034057996,0.0012699859692255255,0.0016564598540897986,0.0007213101258799704
4.175050506606012,0.0012690085717347122,0.00017148121103405137,0.000721556663186632
4.175711980466332,0.0012680311723047581,0.0009475860534970998,0.0007218034522168288
4.176373454326651,0.0012670537728749663,0.0012073890882455267,0.0007220504998214821
4.177034919624106,0.0012660763860978615,0.0016884340034559486,0.0007222977924072603
4.177696231107151,0.0012650992265978262,0.0011705543019580578,0.0007225452737975938
4.178357542590197,0.0012641220670978487,0.0020794471106533215,0.0007227930206170914
4.1790188540732425,0.0012631449075980817,0.0014419427972180762,0.0007230410092053528
4.179680170316455,0.0012621677410645544,0.0010667082358105729,0.0007232892732069695
4.18034152095139,0.0012611905237134712,0.0021020396769880056,0.0007235377920966336
4.181002871586325,0.0012602133063626267,0.0009977238871876366,0.0007237865799119919
4.1816642222212606,0.0012592360890116088,0.00038504187652034104,0.0007240348633223353
4.182325572856196,0.0012589999999998234,-6.084930171536772e-05,0.0007241726634563795
4.182986923491131,0.001258999999999665,-8.96344701557673e-05,0.0007242745865403503
4.183648274126067,0.0012589999999999427,0.001982212025372617,0.0007243763176171644
4.184309624761003,0.0012589999999999093,0.0016864893860386253,0.0007244781001098907
4.1849709440687075,0.0012590000000000639,0.0010709450889572428,0.0007245799195747739
4.185632173421664,0.001259000000000032,0.0006466170404655117,0.0007246817714126138
4.186293402774619,0.0012589999999999496,0.0019094444634361082,0.0007247836538330925
4.186954632127575,0.0012590000000001593,0.002160871354696969,0.0007248855878199993
4.187615887684246,0.0012589999999999507,1.4233537175595452e-05,0.0007249875767792092
4.188277197254256,0.001259000000000035,0.0016896481057178912,0.0007250895967414828
4.188938506824265,0.001259000000000022,0.0011349410353740884,0.0007251916714171043
4.189599816394274,0.0012590000000000665,0.000511562925108165,0.0007252937907835975
4.190261061881679,0.0012589999999999548,0.0007932977922200128,0.0007253970859727386
4.190922209124943,0.0012594793052680242,0.0006238607554653413,0.0007256730721393938
4.191583356368206,0.0012605313695333872,0.001301160903244723,0.0007261555948047504
4.1922445036114695,0.0012615834337987267,0.0012002340787916122,0.0007266404800621132
4.192905649984043,0.0012626354966785466,0.0006813359483435913,0.0007271263183832532
4.193566795345332,0.0012636875579489506,0.0013522442842622642,0.0007276131408973042
4.194227940706621,0.0012647396192194801,0.00044103535343056183,0.000728100956417384
4.19488908606791,0.0012657916804898436,0.0013911848328608466,0.0007285897383247253
4.195550253173984,0.0012668437763622702,0.0011300429997109212,0.0007290795282019746
4.196211439579806,0.001267895902945921,0.0016855139662775354,0.0007295703225394583
4.1968726259856295,0.0012689480295292068,0.0021399712429692416,0.0007300621200218426
4.197533812391453,0.0012700001561128183,0.0010961006929988215,0.0007305548991728065
4.198194901883562,0.001271052128480447,0.001669365817269495,0.0007310486160189865
4.1988559260005145,0.0012721039968181453,0.0013996513799517678,0.000731544201731908
4.199516950117468,0.0012732338243113793,0.0007302512241339164,0.0007321839407989681
4.200177974234421,0.0012748118061752364,0.002552623503968369,0.0007336223579723035
4.20083905163202,0.0012763899152292493,4.4745907521371534e-05,0.000735074773603741
4.20150015595387,0.0012779680885563838,0.0016665455051922428,0.0007365359027729953
4.2021612602757195,0.0012795462618834486,0.0020491494631567713,0.0007380057845381905
4.202822364597569,0.0012811244352107817,-0.0003765301674822331,0.000739484527144831
4.203483350272063,0.0012827023253056927,0.0007244861946535218,0.0007409719229892253
4.204144292330285,0.0012842801112806098,0.00036659880964657883,0.0007424682168403668
4.204805234388505,0.00128585789725578,0.0018807734815047632,0.000743973633739778
4.205466176446727,0.001287435683230605,0.0008861360157223123,0.0007454882574727139
4.206127149761482,0.0012890135438206989,0.0005131213588996836,0.0007470122363569216
4.206788130995578,0.0012905914233155927,0.002590749120683232,0.0007485456050204479
4.207449112229675,0.0012921693028104132,0.0011243728269832178,0.0007500884912977386
4.208110093463771,0.001293747182305441,0.002135121364190993,0.0007516261140126316
4.208771074697868,0.0012921072697277187,0.0007692316205102934,0.0007509447406002757
4.209432055931965,0.0012898534123710476,0.0008918737761589024,0.0007498292399024686
4.210093037166062,0.0012875995550145813,0.0011072530668511285,0.0007487159117809926
4.210754018400158,0.001285345697658017,0.001525810733081447,0.0007476075253678538
4.211414848735762,0.001283092354845189,0.0013875285688148167,0.0007465042961001384
4.212075667744078,0.00128083905065665,0.0006354560368254112,0.0007454059757756072
4.2127364867523935,0.0012785857464683488,0.001357098200598938,0.0007443124825760249
4.21339730576071,0.0012763324422800414,-4.5372060490136024e-05,0.0007432238199388093
4.214058204648512,0.0012740788657131074,0.0019612633434690032,0.0007421397655737005
4.214719103849567,0.001271825288078324,0.0018318260709938642,0.0007410604620368613
4.215380003050622,0.0012695717104435405,0.0013969799642350334,0.0007399858527676177
4.21604089223294,0.0012673181669709526,0.0014700720054017188,0.0007389159502298067
4.216701629233437,0.001265065142418438,0.000720590781543065,0.0007378544687565652
4.2173623662339335,0.0012633268667904835,0.0014205835547465157,0.0007373315266306564
4.21802310323443,0.001262050152877273,0.0010575013791068618,0.0007372891942380066
4.218683845219681,0.0012607734293322514,0.0008375625305262597,0.0007372500570872617
4.219344621409345,0.0012594966396956044,0.0007298138685969488,0.0007372109129867465
4.220005397599008,0.0012582198500587752,0.0014355112771670432,0.0007371717743165375
4.220666173788673,0.0012569430604220618,0.001656352218711908,0.0007371326417864282
4.221326949978336,0.0012556662707851778,0.0010540930151006402,0.0007370935247722555
4.221987726168,0.0012543894811484035,-0.00026359426432840923,0.0007370543983747998
4.222648502357663,0.0012531126915115351,-4.740572967882814e-06,0.0007370152851491778
4.223309278547328,0.0012518359018749514,0.0019262216226957705,0.0007369761851635208
4.223970013048182,0.0012505591927915837,0.0017643563527493604,0.0007369370865227348
4.224630627075106,0.0012492827164950592,0.0015218979495849596,0.0007368980024542548
4.225291241102031,0.0012480062401985647,0.0015677281244698,0.0007368594115795957
4.225951855128955,0.0012469999999999558,0.0017291403673542526,0.0007368947259139612
4.226612494956175,0.0012470000000000144,0.0020440515540222654,0.0007371992110198006
4.227273189163681,0.0012470000000001902,0.0019243703189966899,0.000737505916299489
4.227933883371188,0.0012470000000000293,0.0018312332128950608,0.000737812996983976
4.2285945775786935,0.001247000000000058,0.0018485814742236649,0.0007381204690405198
4.229255209163743,0.0012469999999999786,0.0013791415914812233,0.0007384282962709022
4.2299157412337145,0.0012469999999999777,0.0005412157534687484,0.0007387364499046384
4.230576273303686,0.0012470000000000673,0.0007517364408719036,0.0007390449970770091
4.231236805373656,0.0012469999999999313,0.0009797338682355635,0.0007393539313556997
4.2318973551019505,0.0012470000000000302,0.0006780848724367647,0.0007396632623471808
4.232557926374357,0.0012469999999997138,0.000996161811454141,0.0007399729893135345
4.233218497646762,0.0012470000000000215,0.0018471442756571785,0.0007402831056287444
4.233879068919168,0.0012470000000000456,0.000835775693922954,0.0007405936191949562
4.234539661258403,0.0012470000000000343,0.0016901794713379316,0.00074090556115221
4.235200273504093,0.0012564759677287309,0.0008862122387960632,0.00074136760225925
4.235860885749782,0.0012670631837597484,0.001357988696335261,0.0007418491314869537
4.236521497995471,0.0012776503997911554,0.00028559670040363607,0.0007423317453627505
4.237182016519964,0.0012882361138116351,0.0030680993504393263,0.0007428152404230534
4.237842466653314,0.0012988207317704246,0.0005184480138695157,0.0007432996699061415
4.238502916786664,0.0013094053497294188,-6.215059460685938e-05,0.0007437850511783978
4.239163366920014,0.0013199899676883697,0.002523789680382074,0.0007442714081977513
4.239823868510682,0.0013305754103210804,0.0007852047074027303,0.0007447587656652481
4.240484398814887,0.0013411613131278232,0.002472218555589006,0.0007452471194862614
4.241144929119092,0.0013517472159343547,0.0021716772986741474,0.0007457364543002429
4.241805459423297,0.0013623331187410106,0.0014740852163454795,0.0007462267728320402
4.242465875403826,0.0013729171893542677,0.0009146866136072209,0.0007467179978185365
4.24312624362088,0.00138350049449225,-6.053222286473217e-05,0.0007472088998103477
4.243786611837934,0.001385799226584598,0.0021761211332520145,0.0007475138860668905
4.244446980054988,0.0013819707874496842,0.001761694870144098,0.0007476803693393467
4.245107346938716,0.001378142356044744,0.0022560579615513113,0.0007478460049576058
4.245767713420921,0.0013743139269672443,0.0012524978046457472,0.0007480117560957103
4.246428079903126,0.001370485497890206,0.0015141861649541277,0.0007481776233106936
4.24708844638533,0.0013666570688129801,0.00032708156798423355,0.0007483435891905095
4.247748846897464,0.001362828442449628,0.000493175465468,0.0007485096674295884
4.248409254327551,0.001358999775979951,0.0017818575370865,0.0007486758670269474
4.249069661757637,0.001355171109510182,0.002400738783255696,0.0007488421625975529
4.249730069187723,0.001351342443040293,0.0011652298994075823,0.0007490080232140571
4.250390331778261,0.0013475146162678791,0.0022879656306998303,0.0007490904412037585
4.251050577158966,0.0013436868892682677,0.002827593728479217,0.0007491148432630298
4.25171082253967,0.001339859162268693,0.001992473261447487,0.0007491390914616476
4.252371067920374,0.001340038289072578,0.0011652025044768042,0.0007491957307324084
4.253031389956747,0.0013520468735030407,0.0013824300482814106,0.0007493463609427423
4.2536917154961476,0.0013640555216393707,0.00017971754222687085,0.0007494977383248193
4.254352041035549,0.001376064169775758,5.3353496619312204e-05,0.0007496492307372989
4.255012363568641,0.001388072763239604,0.001552510752763789,0.0007498008187369078
4.2556725270838305,0.0014000784648116379,0.00017699089577192357,0.0007499524804060906
4.256332690599019,0.0014120841663835795,0.001456788681252502,0.0007501042199935256
4.256992854114208,0.0014240898679555463,0.002233014241339484,0.000750256054785602
4.257653017492737,0.001436095567042299,0.000913850265896072,0.0007504080113137679
4.2583131793116795,0.0014481012377665452,0.0028418305034219387,0.0007505600453636866
4.2589733411306225,0.0014601069084906658,0.0019922240158869353,0.0007507121837810113
4.259633502949565,0.001472112579214595,0.001531080834999213,0.0007508644303913545
4.260293670573189,0.0014841183555022975,-0.0003548391236444376,0.0007510167579831879
4.260953873314634,0.0014961247704411789,0.0005861289250325884,0.0007511702973369827
4.2616140760560794,0.0014959564513705981,0.0007940323305694883,0.0007514932170604268
4.262274278797525,0.0014948308499699785,0.0010370595192728683,0.0007518309531761086
4.262934448595921,0.001493705304735346,0.0004340246041367145,0.0007521692323714853
4.263594489350895,0.0014925799795108493,0.0023916148489570794,0.0007525078904649672
4.26425453010587,0.0014914546542863733,0.0007051714589934744,0.0007528470055609163
4.264914570860844,0.0014903293290620206,0.0010828234107569331,0.0007531865781954128
4.265574632826475,0.0014892039676748777,0.001478921277926656,0.0007535266176012327
4.2662347537279866,0.0014880785058061156,0.0022314967267399476,0.0007538671510133535
4.266894874629499,0.0014869530439367618,0.00199972812144837,0.0007542081449609567
4.267554995531011,0.0014858275820681108,0.0016595155292610394,0.0007545495908658907
4.268215063684379,0.001484702210131016,0.0017390091767743086,0.0007548914840502134
4.268875022624571,0.0014835770243954933,0.0005648552442243769,0.0007552337721996948
4.269534981564763,0.0014824518386597329,0.0009642864872458627,0.0007555761669839093
4.270194940504956,0.001480653152762439,0.0009396697256801638,0.0007558625396769478
4.270854914610202,0.0014784024737630203,0.001601995515657194,0.0007561110923798599
4.271514912789851,0.0014761517126639743,0.0015574136786291393,0.0007563596655443068
4.2721749109694995,0.0014739009515646769,0.0017397280420212932,0.0007566084665936245
4.272834909149149,0.0014716501904656772,0.0014913615914045888,0.0007568575112477713
4.273494907328798,0.0014693994293662857,0.0009247064584511295,0.0007571068157666576
4.274154905508448,0.0014671486682672655,0.0013422007979551997,0.0007573563411340398
4.274814903688097,0.0014648979071679056,0.0014039960535441557,0.0007576061218160512
4.275474901867746,0.0014626471460687453,0.00030353006601088533,0.0007578561511807066
4.27613481793916,0.0014603966649795398,0.0015880984259743496,0.0007581063872703181
4.276794654195202,0.0014581464560809417,0.0018369685304945914,0.0007583568433402922
4.277454490451243,0.001455896247182183,0.0019744299922147416,0.0007586075648431843
4.278114326707285,0.0014536460382837046,0.0028218319273888713,0.0007588588643897067
4.278774208410631,0.0014513353173958665,0.0007627121422644886,0.0007591652958868737
4.279434124801052,0.0014488600683751714,0.0019003447484893206,0.0007596194847271974
4.280094041191473,0.0014463848193544673,0.0006956744042154763,0.0007600754511975394
4.280753957581894,0.0014439095703337819,0.0021872409128006224,0.0007605322426650109
4.28141377246956,0.0014414347020351873,0.0015206217048978276,0.0007609897770788396
4.282073526961505,0.0014389600602714493,0.0018436716935374526,0.0007614481049333647
4.28273328145345,0.0014364854185082204,0.0018709801766966087,0.0007619072581712178
4.283393035945396,0.001434010776744965,0.001578373384473378,0.0007623672412279237
4.284052845448132,0.0014315359286441421,0.0006532723063527872,0.0007628280866813696
4.2847126800695925,0.0014290609863267891,0.0018131235437224785,0.0007632897669037474
4.285372514691054,0.001426586044009497,0.0007510874351192486,0.000763752309041095
4.2860323493125145,0.001424111101692002,0.0011965359218282735,0.0007642156619788799
4.2866920632008005,0.0014216366122270796,0.0012678529843509225,0.0007646797918037342
4.287351735948911,0.0014191622770727656,0.0014538074730787677,0.0007651515422619992
4.288011408697021,0.0014166876790949368,0.0027319919932658424,0.0007666503016469354
4.288671081445131,0.0014142130626703026,0.0027307484753792454,0.0007682373390505866
4.289330785793166,0.0014117383277054976,0.0017067836058749614,0.0007698348317171547
4.289990497799175,0.0014092635640135514,0.0016933755607706226,0.0007714423332468568
4.290650209805183,0.0014067888003215286,0.0021058187239393665,0.0007730599359546754
4.291309921811192,0.0014043140366294877,0.001296241766788407,0.0007746877345289033
4.2919696338172,0.0014018392729375426,0.0009003638585843787,0.0007763258484399053
4.292629345823209,0.001399364509245682,0.0018466118029205544,0.0007779743626752308
4.293289057829217,0.001396889745553525,0.0009431440015417421,0.000779633406107487
4.293948769835225,0.0013944149818615817,0.0011750902366773645,0.0007813031098854044
4.294608332609458,0.0013919407779800128,0.0013024350733162238,0.0007829831773263675
4.29526788277979,0.001389466621378567,0.0029833496546021483,0.0007846740795312251
4.295927432950121,0.001386992464777304,0.0009820569536982235,0.000786367454922426
4.296586983120452,0.001385595948160625,0.002027468750089659,0.0007867847259033322
4.297246611843348,0.001384921174518104,0.0014102962741135412,0.0007863379629900283
4.2979062421310354,0.00138424639927509,0.0014547600764375976,0.0007858862594242202
4.298565872418722,0.0013835716240319495,0.0008285431162960484,0.0007854353166190817
4.299225496464693,0.0013828968551736658,0.0009578123936912282,0.0007849851759816796
4.29988496494181,0.0013822222454561404,0.0017760738321599117,0.00078453591842603
4.300544433418926,0.0013815476357384848,0.0021540067069736385,0.0007840874159826805
4.301203901896043,0.0013808730260214566,0.001343700398854953,0.0007836397008028252
4.301863374160284,0.001380198412429717,0.0006912513251510857,0.0007831927229419482
4.302522881908441,0.0013795237625397671,0.0006826770493370338,0.0007827465075581737
4.303182389656599,0.0013788491126495179,0.0021167191622422786,0.0007823010562948577
4.303841897404757,0.0013781744627592608,0.0015214688283798018,0.0007818563554647612
4.304501405152915,0.0013774998128691237,0.0021432866146709,0.0007814147853177991
4.305160912901073,0.0013769805736641887,0.001282953819461107,0.00078133590806217
4.305820420649231,0.0013769056125654746,0.001402558603888979,0.0007822771231949161
4.306479928397388,0.0013768306514663163,0.0005356494110866303,0.000783228586634923
4.307139401982075,0.001376755694250607,0.0014503193284863356,0.0007841834699986909
4.307798747957307,0.0013766807515392847,0.0019297724934450532,0.0007851416849272274
4.308458093932539,0.0013766058088278846,2.685196225237895e-05,0.000786103399960541
4.309117439907771,0.0013765308661163873,0.0005044708997696412,0.0007870686560336591
4.309776807376072,0.001376455920962188,0.0003383879982076061,0.0007880375227979678
4.3104362334565005,0.0013763809691456634,0.0014860567887199254,0.0007890100294903481
4.311095659536929,0.0013763060173293798,0.0021969597007806896,0.0007899861796183533
4.311755085617357,0.0013762310655130601,0.0012763311036672153,0.0007909659444093938
4.3124144590981475,0.0013761561196750662,-0.0003197187078075813,0.0007919492967472444
4.313073723430738,0.0013760811862433104,0.003379355068056436,0.0007929361418204624
4.313732987763328,0.0013760062528117114,0.00039650243139114803,0.0007939149990997603
4.314392252095918,0.0013760000000001557,0.001689200345621237,0.0007931441313572558
4.315051531428613,0.0013759999999998407,0.0002586347215408032,0.0007922053690796557
4.315710835045365,0.0013760000000001325,0.0006610881670258544,0.0007912688359276022
4.316370138662116,0.0013760000000002516,0.0019027826674647005,0.000790335626096477
4.317029442278867,0.001376000000000125,0.0023064753641891967,0.0007894057157819836
4.317688745895618,0.0013760000000002087,0.0011253186810343137,0.0007884790631029003
4.31834804951237,0.0013760000000001226,0.00322787997117534,0.0007875556634423222
4.319007353129121,0.0013760000000000087,0.002058447862794487,0.0007866355177740075
4.319666656745872,0.0013759999999999714,0.0010200125670643111,0.0007857185794999871
4.320325880455034,0.001376000000000032,0.0020350296803984206,0.0007848049398872904
4.3209850223615645,0.001376000000000049,0.0020978402318805774,0.0007838945955080391
4.321644164268094,0.0013760000000001115,0.0007553457311216611,0.0007829874221639055
4.322303306174625,0.0013760000000000972,0.0024673243182280844,0.0007820889168609753
4.322962492136236,0.0013760429065850068,0.0010394859501821959,0.0007820262409968997
4.323621714135803,0.0013761178352052316,0.0020072558022318286,0.0007825891038097748
4.32428093613537,0.0013761927638255057,0.0002658811765128223,0.0007831573247640862
4.324940158134936,0.0013762676924454099,0.0010730602184338073,0.000783726786548953
4.325599282199723,0.001376342609933908,0.0025500984965646,0.0007842974206158459
4.326258342514137,0.0013764175201767244,0.0007806190892868832,0.0007848692548171874
4.326917402828552,0.0013764924304193041,0.0011182455872714345,0.0007854423209362981
4.327576463142967,0.0013765673406617618,0.0015601271703360102,0.0007860166437965051
4.328235549438087,0.00137664225385737,0.0005603803146280986,0.000786592260336966
4.328894649049759,0.0013767171685666463,0.0013295566256234593,0.0007871691688365975
4.32955374866143,0.0013767920832760895,0.002287779251766364,0.0007877473203664403
4.330212848273102,0.0013768669979850635,0.0012506980117530792,0.0007883267474120275
4.3308719478847735,0.001376941912694297,0.0015209135007019357,0.0007889065945067131
4.331531047496445,0.0013770168293162925,0.0016408606488449871,0.00078935229773388
4.332190147108117,0.0013770917525414734,0.0006047818414268717,0.0007893406694990075
4.332849246719788,0.0013771666757666572,0.001929282138044012,0.0007893260125547241
4.333508221701821,0.001377241584824533,0.0015391376769367479,0.0007893113574441036
4.334167159665929,0.0013773164896744897,0.0014430286276851324,0.0007892967040375231
4.334826097630038,0.0013773913945241203,0.0027629470238204733,0.0007892820418301477
4.335485035594147,0.001377466299373854,0.0009916922963681398,0.000789267386932617
4.336144039679722,0.0013775412117402362,0.001586177172558361,0.0007892527261547514
4.3368030577247065,0.0013776161256933075,0.00022696163510814026,0.0007892380580266584
4.337462075769691,0.0013776910396464841,0.000804320100493326,0.0007892234078800727
4.338121093814676,0.0013777659535995329,0.0017715912072370262,0.0007892087561165076
4.338779969611331,0.0013778408513824133,0.002774943110132955,0.0007891941167610001
4.3394388260338035,0.0013779157469630682,0.0029132113191468745,0.0007891794442993367
4.3400976824562765,0.0013779906425436957,0.0023492885906543255,0.0007891680742471827
4.340756538878749,0.0013779999999999851,0.002106129872080757,0.0007896481766238799
4.3414154320298906,0.0013780000000002727,0.002496737218093151,0.0007902028072210701
4.342074327762692,0.0013780000000002313,0.0030321006095429697,0.0007907590428246252
4.342733223495493,0.0013779999999999715,0.0017858200228936334,0.0007913164705918707
4.3433921192282945,0.001377999999999974,0.0022819370638666524,0.0007918750871983906
4.344051014961096,0.0013780000000000563,0.0022670466557819517,0.000792434880730961
4.344709910693897,0.0013779999999999379,0.0022500553729536505,0.0007929958612602176
4.345368806426698,0.001378000000000188,0.0013809320536162294,0.0007935580346126491
4.346027695413643,0.0013780000000000539,0.001970239066192512,0.0007941214129147975
4.346686429561493,0.0013780000000000318,0.0017471491295328592,0.0007946858430951662
4.347345163709344,0.001377999999999702,0.0015738721480528582,0.0007952514775079673
4.348003897857194,0.0013780000000001894,0.0008882984013120175,0.0007958183300473575
4.348662639628775,0.0013780000000000094,0.00260206006040047,0.0007963845932292887
4.349321453845341,0.001378117113154901,0.001109697268313409,0.000796679520430577
4.3499802680619055,0.0013783417599664953,0.0011098005090904447,0.0007967241757323251
4.350639082278471,0.001378566406778326,0.0006874818708118069,0.0007967671762323266
4.351297872513487,0.0013787910454125484,0.000602728679387497,0.0007968101740667657
4.351956525170133,0.0013790156371347325,0.0012681873727833537,0.0007968531710790308
4.352615177826779,0.0013792402288566527,0.001374585897196334,0.0007968961718589597
4.353273830483426,0.001379464820578681,0.0025189061670854145,0.0007969391919908534
4.353932491060429,0.0013796894150012696,0.0024364562570851223,0.000796982206715014
4.354591183040453,0.001379914020131873,0.001192755781084608,0.0007970252399497158
4.355249875020476,0.0013801386252625778,0.0005565425606309671,0.000797068272798371
4.3559085670005,0.0013803632303933382,0.001665811248138601,0.0007971113178912304
4.356567258980523,0.0013805878355240282,0.0023847076515574844,0.0007971543722995883
4.357225950960547,0.0013808124406548552,0.0017414717050744054,0.0007971975646611162
4.35788464294057,0.001381061749994626,0.0015927534283325068,0.0007972638701070759
4.358543334920594,0.0013814361344326358,0.002856334364879984,0.0007974434822107861
4.359201977410726,0.0013818104907414898,0.0012980612788592969,0.0007976239472921287
4.359860507868364,0.0013821847833738348,-0.00048047903991857975,0.000797804504438006
4.360519038326002,0.0013825590760063679,0.0014068212724594896,0.0007979851850681625
4.361177568783639,0.0013829333686391039,0.0005287663338044228,0.0007981659873955348
4.361836127952966,0.0013833076775905935,0.0024129988322280495,0.0007983469229018901
4.3624947384671575,0.0013836820157254257,0.0014929026390167722,0.0007985280032722119
4.36315334898135,0.001384056353860149,0.0014294314341396536,0.0007987091958647233
4.363811959495542,0.0013844306919946856,0.003229035662139646,0.0007988905234338912
4.364470503691721,0.0013848049924357474,0.0015814759757987497,0.0007990719437829625
4.36512895270854,0.0013851792387795082,0.0009896315391857283,0.0007992534586874872
4.36578740172536,0.00138555348512293,0.0006084514004464505,0.000799435104836876
4.366445850742179,0.0013859277314665348,0.0017258860476073964,0.0007996168228785654
4.367104299123726,0.0013858792227498479,-0.0008216670640818597,0.0007997910953776061
4.367762746766693,0.001385729541539766,0.002255416310861622,0.0007999636282084408
4.3684211944096605,0.0013855798603296516,0.0011710729593464927,0.0008001362407088233
4.369079642052628,0.0013854301791196052,0.0005922417513339516,0.0008003089746019555
4.369738110597369,0.0013852804931581608,0.0011496063977443263,0.000800481830547691
4.370396598950591,0.0013851308026935213,0.0023274753040457706,0.0008006547877092525
4.371055087303811,0.0013849811122291205,0.0012750688349675732,0.0008008278676383588
4.371713575657033,0.001384831421764693,0.0018912624955229862,0.0008010010502296167
4.3723719728343085,0.001384681752026692,0.0010178448370815219,0.0008011743256701949
4.373030299727662,0.0013845320982661248,0.0011246225432520816,0.0008013476905142415
4.373688626621016,0.0013843824445054533,0.002248897521429743,0.0008015211985503567
4.374346953514371,0.0013842327907446612,0.0006368368678609359,0.000801694789461523
4.375005329692871,0.0013840831257802178,0.0006381701862224982,0.0008018684830104199
4.375663736630618,0.0013830349707525523,0.0014575849166817085,0.0008020381608481149
4.376322143568365,0.0013808644806772782,0.0017051888342304701,0.0008022027986142169
4.376980550506112,0.0013786939906016214,0.0006832039216021984,0.0008023674859164041
4.377638849846886,0.0013765238552278132,0.002549032188057526,0.0008025322580168243
4.378297095349761,0.001374353897335311,0.00207990827951688,0.0008026971037894488
4.378955340852635,0.0013721839394423571,0.001748997165428101,0.0008028620569246269
4.37961358635551,0.001370013981549459,0.0011783923702774397,0.0008030271232398978
4.380271830900638,0.0013678440268137457,0.0011295605996383478,0.0008031922777294469
4.38093007506782,0.0013656740733243105,0.0001689396872193074,0.0008033575263890775
4.381588319235001,0.0013635041198346348,0.001811960643539543,0.0008035228928623044
4.382246563402183,0.0013613341663449776,0.0016736175246621161,0.0008036883520162008
4.382904838768556,0.001359164110004821,0.001777764330877548,0.0008038539202214485
4.383563123620833,0.001356994022393431,0.001530309127875925,0.0008040197023607818
4.384221408473111,0.00135484216636703,0.002826001017261841,0.0008042049991455046
4.384879693325389,0.0013528967917187406,0.0018564497178893968,0.0008045950528187872
4.385537846333017,0.0013509518066994316,0.0004298169969366735,0.000804986975199665
4.3861959697879,0.0013490069090150898,0.0019996901935995233,0.0008053794480469629
4.386854093242782,0.0013470620113307421,0.0007004715624421939,0.0008057724811633288
4.387512216697664,0.0013451171136464291,0.002417471721951039,0.0008061660987294832
4.3881704095164205,0.0013431720109768133,0.0006032175771972096,0.0008065603117048075
4.388828613003534,0.0013412268767795188,0.0024508333924534386,0.0008069551140176232
4.389486816490649,0.001339281742582719,0.0016934524000069117,0.000807350500119685
4.390145019977764,0.001337336608385773,0.0021179432657072754,0.0008077464692105733
4.390803075605823,0.0013353919111444323,0.0015609945645778285,0.000808142928242849
4.391461117720518,0.0013334472538381317,0.0022782908052923537,0.0008085399520857167
4.392119159835214,0.0013315025965315087,0.0017946526177080268,0.0008089375662415699
4.392777201949909,0.0013295579392250678,0.0014249239560576454,0.0008093370323059198
4.393435321337123,0.0013289466559061784,0.0014725055971270603,0.0008099263760683104
4.3940934434791865,0.0013288718522983698,0.0010807960698398836,0.0008105944398422784
4.394751565621249,0.001328797048690548,0.002636486339716468,0.0008112646572210722
4.395409684804328,0.0013287222454190701,0.0017957380808000765,0.0008119365299946119
4.396067604946435,0.0013286474647707246,0.0006152923273212767,0.0008126098831250982
4.3967255250885415,0.0013285726841226417,-0.0006893651837534692,0.0008132848960700707
4.397383445230648,0.0013284979034743356,0.0015917947454942212,0.0008139616119643529
4.398041367862225,0.0013284231225436038,0.000993779108106455,0.0008146400083422515
4.398699327374488,0.001328348337420439,0.0022616367490975006,0.0008153201383992926
4.399357286886752,0.0013282735522973993,0.0021199051941260174,0.000816001982368512
4.400015246399015,0.0013281987671745767,0.0014188307219316887,0.0008166855489438042
4.400673205911278,0.001328123982051462,0.0031719876717360707,0.0008173708160308377
4.4013311654235405,0.0013280491969284932,0.0014372792034445675,0.0008180604995273612
4.401989124935803,0.001327974408896733,0.0014058719114865134,0.0008191600631532822
4.402647084448066,0.0013278996152722446,0.002204424160670463,0.0008210463357473491
4.403305018245659,0.0013278248245713585,0.0012652582531952456,0.0008229508949360321
4.4039628164603855,0.0013277500492825754,0.0005675105318058312,0.0008248683366336714
4.404620614675112,0.0013276752739938356,0.0011637868836864246,0.0008267992537207079
4.40527841288984,0.0013276004987054194,0.0017317513398830715,0.0008287437906414893
4.405936227689245,0.0013275257215312405,0.00043555564422367583,0.0008307021522244967
4.406594105916745,0.0013274509371471158,9.905712394880028e-05,0.0008326746324339513
4.407251984144246,0.0013273761527628645,0.0014129167225429866,0.0008346612470759106
4.407909862371746,0.0013273013683790368,0.001877136620855497,0.0008366621159751306
4.408567699493634,0.0013272265886670816,0.001280595588081572,0.0008386773043571337
4.409225416448545,0.0013271518226153653,0.001326241720260553,0.0008407067860751506
4.409883133403455,0.001327077056564245,0.001876692315850439,0.0008427510363733535
4.410540850358366,0.0013270022905126396,0.0011876458294042048,0.0008447922708792805
4.411198579216663,0.0013282319671155806,0.0012681327740787477,0.0008441459543291459
4.41185633555467,0.0013295029216217507,0.002378258174084143,0.0008433984337470202
4.4125140918926755,0.0013307738761281728,0.00216483758150031,0.0008426522848072799
4.413171848230682,0.0013320448306345957,0.0016778386329636753,0.0008419081363572928
4.413829604568689,0.0013333157851406206,-0.0003487953300155388,0.0008411659480068747
4.414487360906695,0.001334586739646761,0.0016308794061899719,0.0008404257123210661
4.415145117244702,0.0013358576941532518,-0.00048810239960265524,0.0008396874274688406
4.415802873582708,0.0013371286486593163,7.097573067108422e-05,0.0008389510822578002
4.416460566072211,0.0013383994797940381,0.0009922859925812818,0.0008382167238344101
4.417118161175034,0.0013396701227523563,0.001132055539315662,0.0008374844103930403
4.417775756277856,0.0013409407657108735,0.0024348409226346446,0.0008367540102442528
4.418433351380678,0.0013422114086691962,0.0017711056147716449,0.0008360255071888563
4.419090981893927,0.0013434821200496987,0.0005505662116848441,0.00083530275540865
4.41974865699736,0.0013448858860914718,0.0010864473911634245,0.0008351671443234932
4.420406332100794,0.001346381111971744,0.0012420460248662552,0.0008354367739224757
4.421064007204227,0.0013478763378520413,0.0014095833896874362,0.0008357093689650349
4.421721603473641,0.0013493713845030566,0.0023495726403041555,0.0008359821744824207
4.422379117366818,0.0013508662438711625,0.0025721493288820493,0.0008362552425190819
4.423036631259995,0.0013523611032398343,0.001697071644344347,0.0008365285489477203
4.4236941451531715,0.001353855962608115,0.0010350758635918047,0.0008368021464688207
4.424351658404852,0.0013553508205180758,0.0009460931649803326,0.0008370759910066443
4.425009171099321,0.0013568456771611264,0.0014070415793819451,0.0008373501373906344
4.425666683793789,0.0013583405338041588,0.0007301387286420724,0.0008376245219860616
4.426324196488258,0.0013598353904472275,0.0024664417021802816,0.0008378992033939025
4.426981732750657,0.0013613303006721163,0.0005862474512262693,0.000838174163255734
4.427639286039847,0.0013628252496074211,0.0035543994940730097,0.0008384513455584733
4.428296839329036,0.0013640000000000156,0.0010836186817358236,0.000839031985513464
4.428954392618225,0.001364000000000039,0.0008873299990437167,0.0008407064161333461
4.429611844977622,0.0013640000000000087,0.00253365491577753,0.0008423979644467723
4.430269237093932,0.0013639999999999774,0.0004535392887707382,0.0008440996309932136
4.4309266292102425,0.0013639999999999852,0.00017087998633127368,0.0008458116245516366
4.431584021326553,0.0013640000000000475,0.0014062683587336517,0.0008475340759310757
4.432241467165575,0.0013640000000000186,0.001422289061683409,0.0008492672221218714
4.432898939270334,0.001364000000000028,0.00129561707396338,0.0008510111238607609
4.433556411375093,0.0013640000000000958,0.0011273597519826577,0.0008527657732951098
4.4342138834798535,0.0013640000000001,0.0028082087556366383,0.0008545313477895433
4.434871240074252,0.0013639999999999933,0.00013796789607570183,0.0008563076095041826
4.435528551031042,0.0013639999999999512,0.0012430339891055472,0.0008580948542470341
4.436185861987832,0.001363999999999938,0.0010043317358382577,0.0008598933516513607
4.436843172944623,0.001363999999999988,0.0009280068911714424,0.0008616820854087893
4.437500483017236,0.0013632546264826528,0.0018190574059328863,0.0008603162580821402
4.438157792813262,0.001362358091184432,0.001966473063701763,0.000858302123885779
4.438815102609287,0.001361461555886492,0.001982935602473972,0.0008562978960162823
4.439472412405313,0.0013605650205881197,0.0017518810259580942,0.0008543076413835069
4.440129722201338,0.001359668485290333,0.001326754318910882,0.0008523311765247406
4.440787031997363,0.0013587719499921606,0.0007506076284521849,0.0008503683867618766
4.441444341793389,0.0013578754146942754,0.001933099794705287,0.0008484190936950679
4.4421016515894145,0.0013569788793961288,-0.0006704860128475135,0.0008464831258827697
4.44275882443626,0.0013560825308892967,0.0013385707314186371,0.0008445607687817619
4.443415973134113,0.001355186215320574,0.00023348020834590487,0.0008426514913330977
4.444073121831965,0.0013542898997518393,0.0011043044599331568,0.0008407551229652996
4.444730270529817,0.0013533935841830856,0.0015067513776840114,0.0008388715014510997
4.4453874907277315,0.0013524971710919729,0.0007097360873077363,0.0008370057690862811
4.4460447193994375,0.001352299474206382,-5.8579229582056283e-05,0.0008359798774776055
4.446701948071144,0.001352971869119066,0.0007489258006032033,0.0008359847246484425
4.44735917674285,0.0013536442640315872,0.0013801962384349848,0.0008359964049198329
4.448016254369026,0.0013543165044129655,0.0021223879591252158,0.0008360080953763797
4.448673321967447,0.0013549887345352663,-0.0002962788220914306,0.000836019779891547
4.449330389565867,0.0013556609646578237,0.001501030753368215,0.0008360314476111046
4.449987457164288,0.0013563331947796873,0.00151054970012603,0.0008360431339259697
4.450644563445922,0.001357005464477862,0.0015897717567779405,0.0008360548301360487
4.451301670468689,0.001357677734934625,0.0015975597187224502,0.0008360665175539336
4.4519587774914555,0.0013583500053907628,0.001201062315899089,0.000836078208029078
4.4526158845142225,0.0013590222758471154,0.0008725557750969457,0.0008360898968218563
4.453272991536989,0.0013596945463036248,0.0018941813240470635,0.0008361015902398698
4.453930098559756,0.0013603668167602625,0.0005312710799051018,0.0008361135385766552
4.454587205582522,0.0013611823862771143,0.0017787624320575778,0.0008361682172842392
4.455244301793547,0.0013643192402052735,0.0005352326264589488,0.0008368488102782981
4.455901247780345,0.001367455376991836,0.001565555215505512,0.0008375351347397344
4.456558193767142,0.0013705915137779742,0.002449216440365719,0.000838223138828598
4.45721513975394,0.0013737276505642719,0.0024262291433458506,0.0008389128598445048
4.457872094525591,0.001376863829287962,0.0017606077890186755,0.0008396042827519005
4.458529120474079,0.0013800003477962097,-0.00016754216792998103,0.0008402975199831797
4.459186146422568,0.0013831368663047745,0.00134688148698408,0.0008409924669596424
4.459843172371056,0.0013862733848129523,0.001520082040083086,0.0008416891482655919
4.460500173790511,0.001389409786224407,0.001351547072405164,0.0008423875576704427
4.461157038727898,0.0013925455360959352,0.0029929837956866783,0.0008430875567568645
4.461813903665287,0.001395681285967517,-0.0008520221478572436,0.0008437893255422513
4.4624707686026746,0.0013988170358391128,0.00064487175351567,0.0008444928410428837
4.463127633330412,0.0014019527847099944,0.0011672216899233517,0.0008452054567128108
4.463784497190348,0.0014047903715872071,0.0019417029787852681,0.0008470261624493406
4.464441361050284,0.0014074784583166472,0.0006120216075593988,0.0008494242430381042
4.46509822491022,0.0014101665450458605,0.0017028903293805143,0.0008518465853989038
4.465755098335014,0.0014128546709174861,0.0017769857738787493,0.0008542898068244291
4.466412002709589,0.0014155429234448806,0.0018532712942007526,0.000856754286725562
4.467068907084165,0.0014182311759725445,0.0013037797325475909,0.000859240254615808
4.467725811458742,0.0014209194284999433,0.00040092166025145707,0.0008617479682950741
4.4683826598568235,0.0014236074519547717,0.0020287721721201665,0.0008642775714852235
4.469039362755375,0.0014262948799810679,0.0008978309773732487,0.0008668290483797783
4.469696065653926,0.0014289823080074428,0.0018620505056632668,0.0008694032408017578
4.470352768552476,0.0014316697360338246,0.00114235646232514,0.0008720005328916415
4.471009496961489,0.0014343572684566075,0.0013900794656476524,0.0008746213347414597
4.471666279807136,0.001437045023650872,0.0017856329009966778,0.0008772586151376843
4.472323062652782,0.0014388575314196507,0.002870516189830275,0.0008787634827566885
4.472979845498428,0.0014383349717560993,0.0028272063934312065,0.000877243297123719
4.473636570389632,0.0014378124582032,0.0014420274483646052,0.000875711132792673
4.47429319229874,0.0014372900265865734,0.001605745081798104,0.0008741871936349975
4.474949814207847,0.0014367675949698688,0.000127169965350068,0.0008726711752473285
4.475606436116956,0.0014362451633531117,0.0004953174569876078,0.0008711630143971758
4.476263073841765,0.0014357227191530116,0.0019047476003294186,0.0008696626225740057
4.47691973520344,0.0014352002561463474,0.0013192069337396306,0.0008681698876630243
4.477576396565114,0.0014346777931397942,0.0010066070273860737,0.0008666848304663588
4.478233057926789,0.0014341553301331924,0.0029022677305281606,0.0008652073402232019
4.478889719288463,0.0014336328671267346,0.0015975807633139775,0.0008637374039015406
4.479546380650138,0.0014331104041201018,0.0012940100943609387,0.0008622749163701306
4.480203042011812,0.0014325879411135802,0.0008055211525715137,0.0008608198442082099
4.480859703373487,0.0014320654781069635,-0.0005705985267004149,0.0008593810270712612
4.481516287270956,0.0014314777426203743,0.0019267196733063938,0.0008592837884205472
4.482172787733348,0.0014308807204880915,0.001957111472822695,0.0008593869673363834
4.482829288195741,0.0014302836983555672,0.00237632527511615,0.0008594914350639635
4.4834857886581325,0.0014296866762232067,0.001322358187777816,0.0008595959633911022
4.484142330805343,0.00142908961618249,0.0006653260719207477,0.0008597005296830392
4.484798911202668,0.0014284925213570972,0.002894931173626782,0.0008598051369466678
4.485455491599992,0.0014278954265317604,0.0021047033516336804,0.0008599097919900202
4.486112071997316,0.0014272983317064197,0.001223683056617194,0.0008600144731181437
4.48676856209914,0.0014267013189958313,0.0022730483307400176,0.0008601191921299449
4.48742498162201,0.0014261043704697658,0.0031094329658441938,0.0008602239195900517
4.48808140114488,0.0014255074219438803,0.00197831673413537,0.0008603287060899937
4.488737820667751,0.0014249104734180519,0.002471135253812473,0.0008604335098389398
4.489394239593176,0.001424313525435326,0.0013240086026201107,0.0008605394293249005
4.490050658121682,0.0014232206775771097,0.0016273572770386738,0.0008608082132161645
4.490707076650187,0.0014215792582058962,0.000664521526095476,0.0008612573477664192
4.4913634951786925,0.0014199378388347768,0.0021432031962798155,0.0008617083768749951
4.4920199395871965,0.0014182963547489029,0.0006310086399414211,0.000862160147884019
4.492676398575424,0.0014166548342056458,0.000884184789250228,0.0008626126248838545
4.493332857563651,0.00141501331366206,0.0010938574289425127,0.0008630658161019501
4.493989316551878,0.0014133717931188248,0.001909120738670815,0.0008635197245291234
4.494645638926086,0.0014117306141879105,0.0026372599391819673,0.0008639742217087638
4.495301896629771,0.0014100895969702304,0.0007490839361691519,0.0008644294154631305
4.495958154333456,0.0014084485797527392,0.0034778043751980924,0.0008648853337787911
4.496614412037141,0.0014068075625350096,0.0017357692935468243,0.0008653419665899252
4.497270727066498,0.0014051664019704545,0.0013062936252369118,0.0008657993581486173
4.497927064690519,0.0014035251849066112,0.0017551630830108444,0.0008662583629780006
4.498583402314542,0.0014018681452757492,0.0018823887361354116,0.0008668633437823447
4.499239739938563,0.0014000031258848953,0.0018641957459683725,0.0008692351663511262
4.499895956059644,0.0013981384517514391,0.0022584998407774,0.0008716301528566708
4.500552132883652,0.0013962738892827477,-0.00023658056748356048,0.0008728559617885942
4.5012083097076605,0.0013944093268138285,0.0014718673645528607,0.0008738548560271063
4.501864486531669,0.001392544764345052,0.0024546212411570597,0.0008748556648686481
4.502520726784679,0.0013906800216392657,0.00149297239512154,0.0008758600002143362
4.503176983524158,0.0013888152320862999,0.0015848660742351923,0.0008768678465406276
4.503833240263637,0.0013869504425333898,0.0010366590703423106,0.0008778791667684892
4.5044894970031155,0.0013850856529803728,0.002586502839787288,0.0008788939789036453
4.505145620051095,0.001383221243319345,0.0010574658648745076,0.0008799121137670949
4.505801716015358,0.001381356910617884,0.0010408789703291134,0.0008809337364510039
4.5064578119796215,0.0013794925779164033,0.0012264360478946956,0.0008819589177705406
4.507113907943886,0.0013776282452152453,0.0027563898350872838,0.0008829889856820375
4.5077700030963035,0.0013765055097234046,1.1520474187836456e-05,0.000884220501745768
4.508426098126489,0.0013757596929334529,0.0008914060323808772,0.000885559187708665
4.509082193156675,0.0013750138761434334,0.002154953125798572,0.0008869046257571134
4.50973828818686,0.0013742680593533663,0.001119286796052301,0.0008882562129793617
4.5103944198376675,0.0013735222009348188,0.0016976865233926646,0.0008896140594005824
4.511050555287705,0.0013727763381975275,0.003689953547220048,0.0008909781689073148
4.511706690737742,0.0013720304754601632,0.0029758142906116765,0.0008923485666836836
4.512362826187779,0.0013712846127227766,3.133689262741694e-05,0.0008937252726515024
4.51301881004333,0.001370538922310678,0.0014568040033354737,0.0008951080648664866
4.513674784755336,0.0013697932422925185,0.0024152598787279315,0.0008964972545574808
4.514330759467343,0.0013690475622743425,0.0019842201459227228,0.0008978929436723477
4.51498673417935,0.0013683018822559252,0.002806423278985535,0.0008992951440786332
4.515642787195036,0.001367556113225946,0.001438144494248463,0.0009007026419977861
4.51629884181035,0.0013670568908196016,0.001829832111350568,0.0009018900369764041
4.516954896425664,0.0013672805966444723,0.0012169395722848946,0.0009024270528419913
4.517610947702224,0.0013675043013306413,0.002304903922103653,0.0009029606547669428
4.5182668012067815,0.0013677279385792731,0.00022780524248460182,0.0009034950574289008
4.518922654711339,0.0013679515758278844,0.0013390083313267061,0.000904030400649037
4.519578508215897,0.0013681752130766125,0.0020811021628550416,0.0009045666966405644
4.520234363803518,0.0013683988510355476,0.0010919059987414526,0.0009051039476577332
4.520890256809122,0.0013686225017535876,-0.00032501821881661484,0.0009056421950546834
4.521546149814727,0.001368846152471533,-0.0009562451702009392,0.0009061813957676681
4.5222020428203304,0.0013690698031895386,0.002829887962973321,0.0009067215548959965
4.522857935825935,0.0013692934539074552,0.0007690609746925661,0.0009072626888697557
4.523513828831539,0.001369517104625382,0.0007947706284194493,0.0009078047970536132
4.524169721837143,0.0013697407553432473,0.0006918765161314342,0.0009083478714381041
4.524825614842747,0.0013699644060613098,0.0009784453261994868,0.0009088828446753382
4.525481487922286,0.0013698119286384587,0.0013691282439781223,0.0009080568153154894
4.526137220264179,0.0013695883072874647,0.002269204395379472,0.0009069681622137988
4.526792952606072,0.0013693646859362768,0.0012083288663649653,0.0009058817100275556
4.527448684947965,0.0013691410645851605,0.002586395153965502,0.0009047991557589736
4.528104430026022,0.0013689174388906878,0.0017964884717403893,0.0009037204546788106
4.528760242256625,0.001368693790295606,0.00076554744021746,0.0009026454829028011
4.529416054487228,0.001368470141700394,0.0023603703515384456,0.0009015743534429054
4.530071866717832,0.0013682464931052418,0.0025135747629144037,0.000900507007476151
4.530727647691295,0.001368022855169502,0.0031982380571736716,0.0008994434938229585
4.531383299282946,0.0013677992613563496,0.0008515757847054776,0.0008983839504422938
4.532038950874597,0.0013675756675430029,0.0016440010379936206,0.0008973281381151164
4.532694602466248,0.001367352073729753,0.0014289352856331876,0.0008962760435184925
4.533350253862514,0.0013671284799831663,-0.00013834308299508755,0.0008952286408398086
4.534005904602787,0.0013663025799884277,0.0019689393724540154,0.0008943384088014111
4.53466155534306,0.001364663080524365,0.0023341709763179818,0.000893656837505963
4.5353172060833336,0.001363023581060024,0.0006801498460522071,0.0008929781778198059
4.535972856823607,0.0013613840815959533,0.0011211612535369534,0.0008923010830127919
4.53662850756388,0.0013597445821316777,0.0008948940148884177,0.0008916255092557568
4.537284158304154,0.001358105082667529,0.00168796166406256,0.0008909514726547349
4.537939809044428,0.0013564655832032512,0.001601695527526489,0.0008902789684140715
4.53859541195288,0.0013548262033459123,0.0011684671889739384,0.0008896080402127603
4.539250902103695,0.0013531871054466163,0.0017500002189712455,0.0008889387455249598
4.539906392254511,0.001351548007547314,0.001628702042911801,0.0008882709486372068
4.540561882405327,0.0013499089096479342,-7.617787901491595e-05,0.0008876046699151896
4.541217399057343,0.001348269745480595,0.0010527362104568504,0.0008869398691049242
4.541872969082273,0.0013466304478505743,0.002103370028786462,0.0008862765009042468
4.5425285391072014,0.0013449911502207202,0.0017513577742508456,0.0008856192910338757
4.543184109132131,0.0013433518525906869,0.001697286197718121,0.0008853474177506069
4.543839620474104,0.0013417127017015626,0.0024337709492636738,0.0008850784142149481
4.544495029934312,0.001340073805574539,0.0020606524895749037,0.0008848096762724705
4.54515043939452,0.0013384349094475673,0.0011327045302853937,0.0008845411808122243
4.545805848854728,0.0013367960133209018,0.0002879380923743386,0.0008842729351815646
4.546461257993258,0.0013351571179982336,0.0017012863348408146,0.0008840049322949772
4.547116666647104,0.0013335182238877266,0.0019649304517100116,0.0008837371823689505
4.5477720753009505,0.0013318793297770598,0.0018441231342337064,0.0008834696685845235
4.5484274839547965,0.0013302404356666144,0.001216939773940842,0.0008832024006483144
4.549082910019006,0.001328601498020153,0.001524491845897754,0.000882935368812603
4.549738359008175,0.0013269625030484157,0.0001240391142951088,0.0008826685844977866
4.550393807997343,0.0013253235080766374,0.0011996456646193932,0.00088240201374786
4.551049256986512,0.0013236845131048924,0.0002481523607589997,0.0008821376659611053
4.551704631394607,0.001322219124121359,0.0015532650311098654,0.0008821670208487354
4.552359919856145,0.0013208783042615833,0.000513724784475217,0.0008824079913701458
4.553015208317683,0.0013195374844015917,0.0023167526308440784,0.0008826505736849746
4.553670496779222,0.001318196664541896,0.001374652225228306,0.0008828933361326435
4.55432580490286,0.0013168558044502707,0.0025533442110759895,0.0008831363200450774
4.554981132900952,0.0013155149036925033,0.0010428641915183681,0.0008833795141432356
4.555636460899045,0.001314174002934809,0.0021270652797327947,0.0008836228784990243
4.556291788897138,0.0013128331021769577,0.0018048393883557498,0.0008838664679788437
4.556947031908899,0.0013114923753142283,0.0003771727057023317,0.0008841102230291353
4.5576021994164355,0.0013101518029446035,0.000988186348654436,0.0008843541369740296
4.558257366923972,0.0013088112305750209,0.0008618125596316738,0.0008845982774393485
4.55891253443151,0.0013074706582052785,0.002553039582822552,0.0008848425948603623
4.559567724144007,0.0013061300404010757,0.00198077667953758,0.0008850880627909032
4.560222931195685,0.0013048362085997778,0.002452453528323629,0.0008854767739094242
4.560878138247361,0.0013037935967875566,0.0009268101018080122,0.0008866099877300615
4.561533345299037,0.0013027509849754186,0.0008759393864951703,0.0008877525436577624
4.5621885523507135,0.0013017083731631895,0.0017820897656668877,0.0008888995193030853
4.56284375940239,0.0013006657613510793,0.002329211225023096,0.0008900509388719858
4.563498966454066,0.001299623149538831,0.0003972927784721119,0.0008912068453497027
4.5641541735057425,0.0012985805377267153,0.0016766106278367668,0.0008923672716710405
4.564809280352329,0.001297538085368044,0.0011837768676165358,0.0008935320348697204
4.565464326950509,0.0012964957288807476,0.0002972121956331152,0.0008947012718903118
4.566119373548688,0.0012954533723935713,0.0021583246243469683,0.0008958750992928857
4.566774420146867,0.001294411015906304,0.00046846661202869363,0.0008970535566544042
4.567429519105883,0.001293368576098848,0.0017510823392432946,0.0008982367527761175
4.568084645551414,0.001292326092553012,0.0008622068216717901,0.0008994247017743539
4.568739771996945,0.0012912836090069122,0.0030047044807255023,0.0009006147427336322
4.569394898442477,0.0012907831540560158,0.0009672244782907998,0.0009014155119727859
4.5700498870454505,0.0012904853304330573,0.0004022203129203831,0.0009020685247083659
4.5707048127788905,0.001290187535396579,0.0013020591894013598,0.0009027219039375926
4.571359738512331,0.0012898897403605353,0.0014683792303582298,0.0009033767094033004
4.572014664245771,0.0012895919453242365,0.001204290983883486,0.0009040329272690503
4.572669618354499,0.001289294137385719,0.0005550609666600001,0.000904690623267951
4.573324583647223,0.001288996324361938,0.002496490066044463,0.0009053497589799634
4.573979548939948,0.0012886985113381424,0.0027545956431908637,0.0009060103362927682
4.574634514232673,0.0012884006983141733,0.0019142063503472823,0.0009066723577286147
4.575289479525398,0.0012881028852902551,0.0008613346728865867,0.0009073358256220021
4.5759444448181235,0.0012878050722665416,0.0027066180000795796,0.0009080007579815833
4.576599410110848,0.001287507259242591,0.0006066747718508966,0.0009086671499339225
4.577254375403573,0.0012872094462188218,0.002023460623574833,0.0009093422383298982
4.577909216026351,0.0012871324501203918,9.00696607876103e-05,0.0009111256451355594
4.578564020939645,0.001287579009506526,0.0012362520469527925,0.000915542388407076
4.57921882585294,0.0012880255688927581,0.00038004691403060705,0.0009200417130987722
4.579873630766235,0.0012884721282788686,0.0016094534628165163,0.0009246080190404843
4.580528500114854,0.0012889187316082232,0.0009557431748357702,0.0009292433829474771
4.5811833848609025,0.0012893653454381987,2.2162989380763564e-05,0.000933949246926772
4.581838269606952,0.001289811959268355,0.0026080674681334473,0.0009387272877485629
4.582493154353001,0.001290258573098154,0.0022404292843779604,0.0009435793447855921
4.58314790493505,0.0012907050954318957,0.0017826570395430535,0.0009485063812698566
4.583802629326343,0.001291151599904342,0.001374850188419091,0.0009535111382621607
4.584457353717637,0.0012915981043766294,0.0011489280133229129,0.0009585959181808995
4.5851120781089305,0.0012920446088491215,0.001536225475185196,0.0009637628589727431
4.585766801912079,0.0012924911129202556,0.0009848696676170432,0.0009690141771175211
4.586421525624196,0.001292937616929342,0.0012350747300041833,0.0009743277624633485
4.587076249336312,0.0012933841209386559,0.002885465758321714,0.0009760188898762802
4.587730973048429,0.0012938306249478217,0.0004635308846613097,0.0009770930147783195
4.588385696760546,0.0012942771289569375,0.000619566009035581,0.0009781666911272292
4.589040420472662,0.001294723632966064,0.0012154570753282303,0.0009792438846652656
4.589695144184779,0.0012951701369752762,0.00238025330597648,0.0009803246634809781
4.5903498678968955,0.0012956166409844889,0.0023047719443539416,0.000981409030717939
4.59100444363176,0.0012960630440771621,0.0013967332008581936,0.0009824967557945023
4.591659007038448,0.0012965094387623766,0.0028117461763102567,0.0009835880753155308
4.592313570445135,0.0012969558334474946,0.0010329204768609222,0.00098468303439939
4.592968133851824,0.0012974022281325556,0.0007105301788676941,0.0009857816611573223
4.593622773198784,0.0012978486746070526,0.0011257073646669634,0.0009868841068922684
4.594277416423629,0.0012982951237261275,8.768572848827133e-05,0.0009879902646504832
4.594932059648474,0.001298741572845101,0.00147893801305854,0.000989089489767893
4.595586702873319,0.0012984985511000993,0.0022366877310881204,0.0009885801196270513
4.596241189104395,0.0012973081703228566,0.0009595704542675249,0.0009858817617009153
4.596895672048465,0.0012961177955240497,0.0013965145872166676,0.0009831910150692052
4.5975501549925335,0.001294927420725176,0.00035268976891306245,0.0009805221599046429
4.598204637931955,0.0012937370459348172,0.002693765374507797,0.0009778749224338419
4.59885912024161,0.0012925466722898537,0.0024157206677809196,0.0009752489946780027
4.599513602551264,0.0012913562986450007,0.0024370183156263653,0.0009726441051793637
4.600168084860917,0.001290165924999977,0.0010535374147119581,0.0009700599638204061
4.600822567170572,0.001288975551355094,0.001478508492318826,0.0009674963184215474
4.601477049480225,0.0012877851777102945,0.0009453064446130284,0.0009649528756816019
4.60213153178988,0.0012865948040651969,0.0013894390755227856,0.000962429364339222
4.602786014099534,0.001285404430420253,0.0007322265506420438,0.0009599255562953844
4.603440486551196,0.0012842140747050907,0.0016267644611013031,0.0009574412114445966
4.604094808629357,0.0012830239924897088,0.0008491881394323073,0.0009549798783954231
4.604749130707519,0.0012818340428140894,0.003101211960170713,0.0009530204679040037
4.60540345278568,0.0012806440958660307,0.0011857504120472582,0.0009510861610808686
4.6060577819167925,0.0012794541360911698,0.0006766236050372066,0.0009491636321085661
4.606712183798513,0.0012782640440128085,0.001874209675666654,0.0009472524967321288
4.607366585680234,0.0012770739519341553,0.0029124568099033795,0.0009453528502327563
4.608020987561954,0.0012758838598556014,0.0019890174086403907,0.000943464591394644
4.60867537102145,0.0012746938012794865,0.0030013976204464024,0.0009415876609264516
4.609329612696309,0.0012735040005522182,0.0006692199676416016,0.0009397222830302019
4.609983854371167,0.0012723141998249728,0.0014378185331123394,0.0009378679608905284
4.610638096046026,0.0012711243990979368,0.0011434683794711627,0.0009360245493026839
4.6112923490010225,0.0012699345778565691,0.0003757031710692842,0.0009341919460194053
4.611946670474573,0.001268744632008102,0.0007351449381639333,0.0009323698834075454
4.612600991948125,0.0012675546861594066,-2.0313393296399022e-05,0.0009305713403630869
4.613255313421677,0.0012669602917560977,0.0012985744540212007,0.0009307259261534605
4.613909601337736,0.0012668859155011828,0.0014425937392010782,0.0009325908106376533
4.614563722444683,0.0012668115582079476,0.0018096412583768233,0.0009344778869698528
4.615217843551631,0.0012667372009148603,0.0006780281454464937,0.0009363764448154929
4.615871964658579,0.0012666628436218623,0.0015682456482635483,0.0009382866122030689
4.6165260934147305,0.0012665884854592456,0.002270761044238595,0.0009402085352416599
4.61718025413121,0.0012665141236636564,0.002784749783734125,0.0009421423951051908
4.617834414847689,0.0012664397618679536,0.0007823906856346818,0.0009440882406030764
4.618488575564168,0.0012663654000722904,0.0002964899910255543,0.000946046176705898
4.619142736280647,0.0012662910382766094,0.0020754256480014547,0.0009480163171398245
4.619796896997127,0.0012662166764810245,0.0026384085258970265,0.0009499988312451238
4.620451057713606,0.0012661423146852464,0.0006948836326633743,0.0009519938144186984
4.621105218430086,0.0012660679528897344,0.0005418656045599426,0.0009540001036614724
4.621759340168876,0.001266115267451845,0.0003696303764535472,0.0009558087844162066
4.622413340752343,0.0012674533000161196,-0.0003807348414366265,0.000955538899403308
4.623067341335809,0.0012687913325805944,0.0008870001718061656,0.0009552553950285216
4.623721341919275,0.0012701293651451043,0.001202803500329481,0.0009549721326447366
4.624375363909656,0.0012714674415064042,-0.0002106841188251518,0.0009546891216028182
4.625029444277217,0.0012728056373027565,-0.0005702188809553121,0.0009544063423867483
4.625683524644778,0.0012741438330990584,0.0012625956630351587,0.0009541237942345746
4.626337605012339,0.0012754820288953732,-7.955635185287122e-05,0.0009538415016809889
4.62699162670905,0.001276820104655902,0.00015763383941145735,0.0009535594971165146
4.62764550681344,0.0012781578907299117,0.002115811293639175,0.00095327778129566
4.628299386917831,0.0012794956768038364,0.001671626104093131,0.0009529963282735463
4.628953267022221,0.0012808334628778483,0.002053269614325253,0.0009527151126736806
4.629607159693085,0.0012821712746619613,0.0008010672825617473,0.0009524341468771506
4.630261079422009,0.0012835091418045659,0.0009947374562940185,0.0009521537641503991
4.630914999150934,0.001285364625525915,0.002275181216426537,0.0009519281129728072
4.631568918879859,0.0012875200781444253,0.0024934867820490337,0.0009517344020798702
4.632222838608784,0.0012896755307632067,0.00035301177603221383,0.0009515410331058204
4.632876758337709,0.0012918309833817219,0.0024706225338964527,0.0009513477545743984
4.633530678066633,0.0012939864360003727,0.0007873233920021494,0.0009511546203240213
4.634184597795559,0.0012961418886192851,0.0007873765506354458,0.0009509615904426215
4.634838459182582,0.0012982971489309636,0.002613513747333129,0.0009507686864638371
4.635492218852277,0.001300452073961809,0.002562753569665471,0.000950575927831263
4.636145978521973,0.0013026069989927336,0.0016097459525479098,0.0009503832935813892
4.636799738191669,0.0013047619240234012,0.00313410559797085,0.0009501907741300957
4.637453528807098,0.0013069169510577028,0.00021041103977807274,0.0009499983464135117
4.638107368246291,0.001309072139025235,0.0009509606982993059,0.0009498060469026091
4.638761207685483,0.0013112273269924337,0.0011256054029084096,0.0009496156769942123
4.639415047124675,0.0013124855248535792,8.021719078311592e-05,0.0009497106200772141
4.640068804271591,0.001309587203979472,0.0022123572448213666,0.0009510929918198456
4.640722443550947,0.001306689405651209,0.0024550269801785728,0.0009524897593605057
4.641376082830305,0.0013037916073226346,0.001507914177914205,0.000953892653871264
4.642029722109661,0.0013008938089944448,0.0004542469440525095,0.0009553017719284829
4.6426833785861366,0.001297995934425599,0.0005413841524779567,0.0009567171697265594
4.643337057504998,0.0012950979603620497,0.0017697757098468119,0.0009581388975776388
4.643990736423858,0.0012921999862987043,0.0012576180820218525,0.0009595669551015635
4.644644415342719,0.0012893020122352944,0.0015144317160687942,0.0009610014114098494
4.64529809426158,0.0012864040381719189,0.001632218185208329,0.0009624422869574163
4.645951773180441,0.0012835060641085384,0.0015383911549474768,0.0009638896493515481
4.646605452099302,0.001280608090045114,-0.0005410327182106336,0.0009653435521556518
4.647259131018163,0.00127771011598172,0.0020054663367945124,0.0009668040152370337
4.647912733420515,0.001274812481141247,0.002223093215814032,0.0009682640369053281
4.648566252353866,0.001273893100169736,0.00024117940517043085,0.0009686842095780898
4.649219771287215,0.0012737445393754543,0.0008071805076493455,0.0009686916966430168
4.649873290220564,0.0012735959785813778,0.0014982265538525132,0.0009686964686954764
4.650526828987083,0.0012734474132786756,0.0011231953087282097,0.0009687012620488599
4.6511803875674085,0.001273298843471689,0.0013566440911681964,0.0009687060319997532
4.651833946147735,0.0012731502736650858,0.0025345499015083546,0.0009687108187948458
4.652487504728062,0.001273001703858178,0.0013957305586114101,0.000968715587253606
4.653140979858603,0.0012728531530214532,0.002053571979804541,0.0009687203834245211
4.653794378490253,0.0012727046195746795,0.0010315731405206754,0.0009687251455323623
4.654447777121902,0.0012725560861283527,0.0028287899871320766,0.0009687299241701073
4.655101175753552,0.001272407552681619,0.0030390787182759138,0.0009687346936585506
4.655754595916325,0.0012722590143404574,0.0009923278214916482,0.000968739481452067
4.656408034202416,0.001272110471879294,0.0033540795022476352,0.0009687430750327753
4.6570614724885075,0.0012718857752721678,0.0006212122736039619,0.0009685657233157539
4.657714910774598,0.001271440097232165,0.00198939941478082,0.0009678729822694761
4.65836834906069,0.0012709944191923945,-0.0007769277808190385,0.0009671783230691303
4.659021787346781,0.0012705487411526495,0.002178354336206537,0.0009664851555866497
4.6596752256328715,0.0012701030631125346,0.001574896724692337,0.0009657934712138258
4.660328663918963,0.0012696573850729718,0.0005869291272821108,0.0009651032736705386
4.6609820087409455,0.0012692117707803203,0.0039702419656814595,0.0009644146415129722
4.661635287115179,0.0012687662018084141,0.00025815827901677483,0.0009637275716092142
4.662288565489412,0.0012683206328364613,-0.0006775104721532497,0.0009630419416767997
4.662941843863646,0.001267875063864777,0.001893949188634626,0.000962357783120538
4.663595146232551,0.0012674294785271374,0.00039481537735922337,0.0009616750677558128
4.664248464268682,0.0012669838825039934,0.0012050802187887235,0.0009609937603719506
4.6649017823048124,0.0012665382864806836,-0.00021638869637056047,0.000960313923978104
4.665555100340943,0.0012660926904572726,0.002018807887367587,0.0009596422166861282
4.666208318455164,0.0012655296035870643,-0.0008341493293181248,0.0009599776572066414
4.666861476616239,0.0012649356884598185,0.0011364582496326747,0.0009605846282727058
4.667514634777313,0.0012643417733326184,0.001878517032386672,0.0009611945072401178
4.668167792938387,0.0012637478582056513,0.0016327262810232582,0.0009618055421463618
4.6688209508483896,0.001263153943306734,0.00039363289645453147,0.0009624177554209931
4.669474108620069,0.0012625600285334634,0.002553928848931788,0.0009630311249501642
4.670127266391748,0.0012619661137605843,0.003408859208331957,0.0009636456776494278
4.670780424163428,0.0012613721989876544,0.0004113509681250064,0.0009642613975530194
4.671433608526834,0.0012607782600346817,0.0012714887179412948,0.0009648783325083086
4.672086806357254,0.0012601843088363325,-0.0004968399826281501,0.000965496457016061
4.672740004187674,0.0012595903576378502,0.0022797779487774552,0.0009661157563904622
4.673393202018095,0.0012589964064395958,0.002158828463147966,0.0009667362708461464
4.674046263306147,0.0012584025793987517,0.001896340391684612,0.000967365103680065
4.674699261251814,0.0012579522024889003,0.0012013698784349796,0.0009691041045573822
4.675352259197482,0.0012578037601278544,0.000454141680378281,0.0009731875288751474
4.676005257143149,0.0012576553177669422,0.0016905641979338391,0.0009773387252940298
4.676658311046921,0.0012575068626853908,0.0011029942124197954,0.0009815438202863498
4.677311388715856,0.0012573584022016093,0.0017187154469405811,0.0009858037778965878
4.677964466384792,0.0012572099417175087,0.0008938753435203848,0.0009901196233715929
4.678617544053727,0.0012570614812334555,0.0017778839814895611,0.0009944925943056733
4.679270506592236,0.0012569130469215158,0.0008463315879114145,0.000998923180897284
4.6799234244596715,0.0012567646227642402,0.0013467714863766049,0.0010034131433333206
4.6805763423271065,0.0012566161986070415,-0.0017614568094457999,0.001007964134284236
4.681229260194542,0.001256467774450027,0.0018785110436618333,0.0010125775370401664
4.681882177807058,0.001256319350350763,0.0022369881492220354,0.0010172548167129082
4.682535095329435,0.0012561709262720847,0.0024178207459224933,0.001021997438021468
4.683188012851811,0.001256022502193188,0.002081271987579853,0.0010267735837119416
4.683840930374187,0.001256503744798734,0.0016312157893776874,0.0010265767755487506
4.6844938478965625,0.0012570975086021112,0.0027305352605457903,0.0010254554475525493
4.685146765418939,0.0012576912724056588,-0.0009802655113291371,0.0010243318568381773
4.685799682941315,0.0012582850362091043,-7.535149731427567e-05,0.0010232119576052117
4.686452600463691,0.0012588788000125644,0.0001431818185401129,0.0010220957054830528
4.68710539434949,0.0012594724513808621,-4.5150996341370396e-05,0.0010209833217276576
4.6877581521193665,0.001260066069905159,0.0013272819267861535,0.0010198745825242242
4.688410909889243,0.0012606596884293,0.0013790353240578826,0.0010187694613623054
4.68906366765912,0.0012612533069539813,0.0005900005610918229,0.0010176679357391057
4.6897164884992595,0.0012618469828343218,0.000551401669095629,0.001016569843965656
4.690369325977806,0.0012624406738461404,0.0008948818212601244,0.0010154752723272274
4.691022163456352,0.0012630343648574252,0.002532259302902823,0.0010143842222291582
4.6916750009348975,0.0012636280558690162,9.402471309684552e-05,0.001013293167858681
4.69232770929737,0.0012642216042712939,0.001190464135068,0.001011677472726916
4.692980387047906,0.0012648150825622872,0.0016162677965332816,0.0010091951662434186
4.693633064798442,0.001265408560853336,0.0011783361997116798,0.0010067252671042963
4.694285742548979,0.0012660020391442397,0.0012661459950232864,0.0010042733900501942
4.694938420051306,0.0012665955172096134,0.0015407849062824945,0.001001839319958835
4.6955910975010555,0.0012671889952272039,0.0011796657181125422,0.0009994228579438477
4.696243774950804,0.0012677824732446736,0.0014027857309550776,0.000997023758065865
4.696896452400552,0.0012683759512621751,0.0016708406470962514,0.0009946418300940901
4.697549129850302,0.001268969429279766,0.002123857674781448,0.0009922768730845713
4.69820180730005,0.0012695629072973689,0.0023164358057533646,0.000989928695493823
4.698854484749798,0.0012701563853149793,0.0011827387139337403,0.000987597075462443
4.699507162199548,0.0012707498633321417,0.0014159421433627662,0.0009852818365937153
4.700159702736984,0.0012713432168557906,0.00040310797936714943,0.0009829832682327283
4.7008122205076805,0.001271936549677336,0.0014069381708285754,0.0009807214322349422
4.701464738278378,0.0012707413860078979,0.0009667032319439293,0.000981568539090843
4.702117256049075,0.0012693320603692116,0.0002875883714231367,0.0009828116651274996
4.702769843415886,0.0012679225844149605,0.0002180133089905226,0.000984062163036861
4.7034224408806535,0.001266513086651048,0.001147229483930239,0.0009853174383612627
4.704075038345421,0.0012651035888867981,-0.0002915610809725224,0.0009865775336614629
4.704727635810189,0.0012636940911226451,-0.0004974116123954353,0.000987842451873896
4.70538005582288,0.0012622849766244502,0.0024347031907916684,0.000989111894973428
4.706032453660155,0.0012608759100211561,0.0012971915013061754,0.000990386202337971
4.70668485149743,0.0012594668434180647,0.0007147083239358173,0.000991665431225148
4.707337249334705,0.0012580577768149142,0.0007861801846091389,0.0009929496156414624
4.707989683077634,0.001256648632661669,0.00022070693015884338,0.0009942388722025742
4.708642120631236,0.0012552394802780806,0.001628223318137211,0.0009955331528433648
4.709294558184838,0.001253830327894188,7.423307866391018e-05,0.0009968446949777136
4.70994699573844,0.0012522993973647853,0.0002354069682694393,0.0010000241556252529
4.7105994332920424,0.0012505937752083488,0.000373383116309318,0.0010059372266403696
4.711251870845644,0.0012488881530518545,0.0012962198192736896,0.0010119746586501064
4.711904308399246,0.001247182530895222,0.0021348780641194613,0.0010181219748918876
4.712556745952848,0.0012454769087387578,0.0020691364769429045,0.00102438251843488
4.713208997248143,0.00124377177350441,0.0028279190997375194,0.001030758005819382
4.713861235242753,0.001242066673041225,0.0014515753880141903,0.0010372537193135297
4.714513473237362,0.00124036157257789,0.0022130095808009583,0.0010438736343143012
4.715165711231973,0.0012386564721146615,0.002070587096521365,0.0010506217338086166
4.715818024721354,0.0012369511742905538,0.000104222262058597,0.0010575030143881792
4.716470342393002,0.0012352458655331838,0.0025396362340636535,0.0010645211631811044
4.717122660064651,0.0012335405567755393,0.002922888560690887,0.0010716806791633473
4.7177749777362985,0.0012318352480182664,0.003276301560757054,0.0010789863717071773
4.718427141994194,0.001230130340319709,-0.00014523572524469965,0.001086359105740433
4.71907930009684,0.0012295207887384368,0.0023697443046797276,0.0010814699294283898
4.719731458199486,0.001229001908683985,-0.0007627930029157324,0.0010755711663165768
4.720383616302131,0.0012284830286297711,0.0010146758102327455,0.0010697612538916597
4.721035852092926,0.001227964086764061,0.0016838923997581556,0.0010640436982115573
4.721688089867743,0.0012274451433195496,0.0006194944426011674,0.001058416762765831
4.722340327642561,0.0012269261998750563,0.0020265527254911247,0.0010528780258756657
4.722992565417379,0.0012264072564306984,0.0030348583172314283,0.0010474252719876761
4.723644606007649,0.001225888469873398,0.0005884408062791336,0.0010420578759218516
4.724296644309039,0.0012253696851370248,0.0015002185646020914,0.001036772105185719
4.724948682610428,0.00122485090040088,0.0005472520459225031,0.0010315658819634622
4.7256007209700295,0.0012243321156181184,0.00289362178735646,0.0010264372226600393
4.726252799009887,0.001223813299264659,-0.0009453972781457095,0.0010213839228132278
4.726904877049745,0.0012232944829110952,0.001660309882417632,0.0010164195235224536
4.727556955089603,0.0012238974357746178,0.0018086447807647821,0.0010137756240550689
4.728209033129461,0.0012259729370950926,0.0008860848104408806,0.0010140933474955282
4.728861111169319,0.0012280484384154886,-0.0009304746718787654,0.0010144310159660678
4.729513189209177,0.001230123939735821,0.0019215100142015726,0.0010147689967440945
4.730165267249035,0.0012321994410564065,0.002309148466395017,0.0010151073380854862
4.730817340031143,0.0012342749256418404,0.0022326547158833454,0.0010154459908108702
4.731469218665977,0.0012363497922755324,0.0007096074012296348,0.001015784917643755
4.732121097300809,0.0012384246589090635,0.001401902876306265,0.0010161241727223767
4.732772975935642,0.0012404995255426469,0.0010752324937559929,0.0010164637533897952
4.733424857623664,0.0012425744018941956,0.0006851426855454621,0.0010168036969788342
4.734076815913636,0.001244649522062234,0.000503336938100615,0.0010171440237976774
4.734728774203609,0.0012467246422305008,-0.0001399462753545462,0.0010174846790249029
4.735380732493582,0.0012487997623984923,0.0017092429068308152,0.0010178256937904803
4.736032682802815,0.001250874857164764,0.0015949688934037446,0.0010181693284216009
4.73668448163369,0.001253436560261394,0.00041015399065064096,0.001018857573483269
4.7373362804645645,0.0012560295312866255,0.0012816038311804785,0.0010195716815206632
4.737988079295439,0.0012586225023118488,0.0014116266935093307,0.001020287439009388
4.738639878117761,0.001261215473303439,0.0019109568219547234,0.0010210047067316123
4.739291676809621,0.0012638084437754714,-0.0001776483358452317,0.0010217234969443546
4.739943475501482,0.0012664014142477291,0.002586335905868898,0.001022443812432576
4.740595274193343,0.0012689943847201087,0.00065650727564727,0.0010231656564933232
4.741247072885203,0.00127158735519234,0.0006414549041358781,0.0010238890573870947
4.741898871577063,0.001274180325664585,0.0005780055085512669,0.0010246139775284245
4.7425506702689235,0.0012767732961367893,0.0009230886080445236,0.0010253404423855945
4.743202468960784,0.0012793662666091363,-0.00040121991967615356,0.0010260684639065004
4.743854254420344,0.0012819591844410402,0.001462381856950072,0.001026798029368665
4.7445058937019065,0.0012845515207509286,0.0023931703961610163,0.0010275273879716967
4.745157532983468,0.0012855097198189718,0.0008035743796969586,0.0010280170817244323
4.745809172265029,0.0012843985922501864,0.002050515531718178,0.0010282027850309198
4.746460818993449,0.0012832874519834398,0.0013664083000454973,0.0010283865490787253
4.747112537915551,0.0012821761886173,0.0015465293738443863,0.0010285704359128422
4.7477642568376535,0.001281064925251201,0.002274311093099245,0.0010287544008106685
4.748415975759756,0.0012799536618850276,0.0015501224307186826,0.0010289384931781967
4.749067674007593,0.0012788424337714414,0.001049562180633158,0.0010291226727073088
4.749719193678421,0.0012777315101537706,0.0004450316047634927,0.001029305235811253
4.750370713349247,0.0012766205865364813,0.0008787739115975037,0.0010292371748299028
4.751022233020075,0.0012755096629190308,0.002677591209862028,0.0010289786596339636
4.751673757205843,0.0012743987316030465,0.00041902809278788783,0.0010287190902960649
4.752325316646991,0.0012732877401722006,0.00045370124491895354,0.0010284596948381124
4.752976876088138,0.0012721767487413726,0.0010473776148166988,0.00102820049627529
4.753628435529286,0.001271065757310467,0.002021271131998898,0.0010279421619953403
4.7542799949704335,0.0012693278154934419,0.0004267492562531358,0.0010277825602783175
4.7549315544115816,0.0012675504312484184,0.00021017489056059536,0.0010276298855007929
4.75558311385273,0.0012657730470032474,-0.001170956223997659,0.0010274773164590356
4.756234673293877,0.0012639956627582172,0.0017406863624621258,0.0010273248359460602
4.756886206426917,0.0012622183502789062,0.000561793396250862,0.0010271724046372038
4.757537566685053,0.0012604415093838642,0.0011947874258241853,0.0010270200977175513
4.758188926943188,0.0012586646684886276,0.0015292794561652763,0.001026867856579497
4.758840287201323,0.0012568878275935232,0.0020195075984481142,0.0010267156878233368
4.759491658675954,0.0012551109561009042,0.0022707108012884735,0.0010265635863019554
4.760143098557599,0.0012533338980014728,0.0018985136147242235,0.0010264115097337236
4.760794538439242,0.001251556839902124,0.0015734180946246163,0.0010262595344849314
4.761445978320887,0.0012497797818025104,0.0016784149564940307,0.0010261076335365351
4.76209739440078,0.0012480027886316429,0.0008652370884920686,0.0010259579101060455
4.76274867498182,0.0012469999999998936,0.0015858785096632688,0.0010261293177206065
4.76339995556286,0.0012469999999997015,0.00043274237143153794,0.0010267160774515157
4.764051236143899,0.0012470000000000866,0.00021931813042114093,0.0010273065910314726
4.764702516718027,0.0012470000000001666,0.0004973936815046478,0.0010278981208422238
4.765353797255237,0.0012470000000000322,0.0012386019914928101,0.0010284906954615065
4.766005077792447,0.0012470000000001384,0.0011894338530333973,0.0010290842734444739
4.766656358329658,0.0012469999999999305,-0.00013597051783841626,0.0010296788907104661
4.767307638866868,0.0012469999999999714,0.0002986751035632052,0.001030274531437705
4.767958919404078,0.0012469999999999792,0.002453137991068376,0.0010308712222333299
4.768610199941288,0.0012470000000000452,0.0022526431535537213,0.0010314689308062468
4.769261480478499,0.0012470000000000061,0.0022163961077206066,0.001032067687812227
4.76991273348877,0.001246999999999948,0.0018170063478812042,0.0010326674666016307
4.770563854774083,0.0012469999999999836,0.0011399752150734958,0.0010332681555399307
4.771214976059395,0.0012470000000000079,0.0008923076040732844,0.0010338740112120742
4.771866097344708,0.001246108756908076,0.000846920319757851,0.0010350995887819792
4.772517232973617,0.0012451465239675461,0.0008937341565421271,0.0010363831506291954
4.7731684338678395,0.001244184194579776,0.002159453014196394,0.0010376719589414386
4.773819634762061,0.001243221865191938,0.002067839887171594,0.0010389655684322208
4.774470835656283,0.0012422595358040696,-0.00027439652250765465,0.0010402640077179254
4.77512199928105,0.0012412972614921811,0.0011347098710696242,0.0010415672464530457
4.775773001145696,0.001240335226225662,0.0009470452039553678,0.0010428750849183221
4.776424003010341,0.0012393731909588447,0.0020481976913098855,0.0010441878153348231
4.777075004874986,0.001238411155692172,0.0012795387550266805,0.0010455055359309682
4.777726006741045,0.0012374491204234928,0.001995176117045201,0.0010468282287789102
4.778377008612989,0.001236487085146103,0.0009301593203650438,0.0010481559547820677
4.779028010484933,0.0012355250498688752,-0.00017523101850554917,0.0010494887239909443
4.779679012356877,0.0012345630145913068,-0.0003486394520329642,0.0010508201506781217
4.7803300221761065,0.0012337237781784721,0.001338215858996255,0.0010511790322295853
4.780981063842773,0.001233057788749295,0.0004737995219349961,0.0010501683935014389
4.78163210550944,0.0012323917993196255,0.0005419227614270653,0.0010491516285119765
4.7822831471761065,0.0012317258098902741,0.0019671510922372737,0.0010481378161805305
4.782934147894408,0.0012310598623493717,0.0015904196089557674,0.0010471270082146645
4.783584990599621,0.0012303940764497368,0.0018180490547459534,0.001046119336113879
4.784235833304836,0.0012297282905496525,0.002097394505865878,0.0010451145983665876
4.784886676010049,0.0012290625046497954,0.0011465923436965912,0.0010441127386229836
4.785537535543037,0.001228396701535886,0.0029261117861766922,0.0010431137080737347
4.786188457840128,0.001227730834216654,-2.4526884240223118e-05,0.001042117462663016
4.786839380137219,0.0012270649668976834,0.0003713184256540393,0.0010411240586287085
4.78749030243431,0.0012263990995784754,0.0019034348909480127,0.0010401334757309392
4.7881411902298225,0.00122573326755299,0.0013119812187420612,0.0010391457855250458
4.788791953384501,0.0012250675630302629,0.002628784194293096,0.0010381692809204126
4.789442716539179,0.001225664677207164,0.0005331280287351592,0.0010384217659281376
4.790093479693858,0.0012264044329815809,0.0014890227993685037,0.0010388214157413898
4.790744242859866,0.0012271441887688813,0.0008464396543645921,0.001039222453146564
4.791395006065597,0.0012278839446009562,0.0013598298879276512,0.0010396239550063734
4.792045769271328,0.0012286237004335181,0.00016373288552626948,0.0010400259333006954
4.79269653247706,0.0012293634562659539,0.000711027943339477,0.0010404283685431788
4.793347295682791,0.0012301032120984325,0.0007481022084245873,0.0010408312842270042
4.793998058888523,0.0012308429679305417,0.0009644487867267939,0.0010412346533450294
4.7946488220942545,0.001231582723762847,0.0004128075848954324,0.0010416385184030433
4.795299585299985,0.0012323224795952022,0.0006165588161392709,0.0010420428422906172
4.795950311800727,0.0012330621937032583,0.002688995639685347,0.001042447590764836
4.796600915912659,0.001233801768685466,0.0018683393232324108,0.001042852751090619
4.7972515200245915,0.001234541343667885,0.0004471501906639127,0.0010432590543989293
4.797902124136524,0.0012356741281286776,-0.0005577892825436126,0.001043764243611912
4.7985527376021935,0.0012374489318540507,-0.00011848783503326261,0.0010444301456000115
4.799203381540431,0.0012392238187053798,0.0017756516388289104,0.0010450984108071467
4.799854025478667,0.0012409987055567824,0.0007350526940458243,0.0010457679719942602
4.800504669416904,0.001242773592408041,0.0010116899165570105,0.0010464388167570982
4.801155275415923,0.0012445483757651745,0.0003277535289208008,0.0010471109192252994
4.801805760296802,0.0012463228287250651,-0.0013243801993419733,0.0010477842007987671
4.802456245177682,0.0012480972816851339,0.0006328186421571077,0.001048458777174648
4.803106730058562,0.0012498717346448322,0.002543435280309529,0.0010491346592190664
4.803757214964124,0.001251646187671983,-0.0005176576472183528,0.0010498118635393957
4.804407699947022,0.0012534206409103438,0.0004431038989063709,0.0010504903726778372
4.805058184929922,0.0012551950941485132,0.000536719547804129,0.0010511702121966512
4.80570866991282,0.0012569695473866674,0.00045853746583492496,0.0010518513740640557
4.806359154895719,0.0012587440006248383,0.0009886431861436448,0.0010525364690236523
4.8070096398786175,0.0012609613362396833,0.002401420170284138,0.0010536168766300022
4.807660124861516,0.0012632533383391694,0.003004732282440902,0.0010547698536357653
4.808310609844415,0.0012655453404382517,0.00246810854486234,0.0010559270912907533
4.808961055502141,0.0012678372039743823,0.0016516043565356648,0.0010570880610011712
4.8096113814762465,0.001270128645801837,0.0016590399151826982,0.001058252659747979
4.810261707450351,0.0012724200876291275,0.0013422735551984204,0.0010594211088506432
4.810912033424457,0.0012747115294566868,0.001773587089937332,0.0010605934713077642
4.811562369349647,0.0012770030063467914,0.002129025191135823,0.0010617697194220765
4.812212735167002,0.0012792945885629857,0.00023806053657305596,0.0010629499787424218
4.812863100984356,0.0012815861707792574,0.0014147236738806467,0.001064134174515601
4.8135134668017105,0.0012838777529953693,0.001614630280762117,0.0010653223522725443
4.814163792604287,0.0012861691942182877,0.0009355314318415006,0.0010665144364653608
4.814813999449252,0.0012884602162908743,0.0005970713876143115,0.0010677172790125636
4.815464206294218,0.0012892971487403143,0.0014040544736993756,0.001069989034214973
4.816114413139183,0.0012871536909132401,0.0010156422805285299,0.001074459143942244
4.816764620022896,0.001285010232958419,0.0007031807586636147,0.001079000367282068
4.817414827020759,0.001282866774627691,0.0017173867109692511,0.0010835995689204797
4.818065034018622,0.0012807233162962527,0.0005287638912702624,0.001088257974110026
4.818715241016486,0.001278579857965409,0.001017935373053796,0.00109297687283297
4.819365448014349,0.001276436399634418,0.0019999219769470753,0.0010977575493830972
4.820015655012212,0.0012742929413031947,0.0037597492490958435,0.0011026013905903332
4.820665862010076,0.0012721494829723283,0.0014939174601999712,0.0011075098314993232
4.821316069007938,0.0012700060246412972,0.0013051303198344474,0.0011124842293473267
4.821966235421238,0.001267862700100524,0.002300886787410525,0.0011175258491517661
4.822616283495226,0.0012657197656744555,0.0005179109609453915,0.0011226355321152116
4.823266331569214,0.001263576831248479,0.0009373979723368142,0.001127815823576536
4.823916379643203,0.0012614338968223906,0.0006476858141065747,0.0011330243462541912
4.824566448088487,0.0012595857292427904,0.002839758788151489,0.0011316614666338073
4.8252165757056895,0.0012578122508596615,0.001441376088112721,0.0011286000985637602
4.825866703322891,0.0012560387724766845,-0.0007110084304539643,0.0011255524760332397
4.8265168309400925,0.0012542652940938923,0.0008110896770291973,0.0011225293958849185
4.827166907605715,0.0012524919547013001,0.0009199026013047193,0.0011195307585909352
4.827816836652346,0.0012507190179976097,0.00165250693744396,0.0011165566934479114
4.828466765698977,0.0012489460812940456,0.001789580493539927,0.0011136061532265428
4.829116694745608,0.0012471731445904486,0.0017882458917321195,0.0011106788864964669
4.829766644200502,0.0012454001522151058,-0.00014766612433118518,0.0011077744856007863
4.830416652783047,0.00124362699854604,0.001219212147931986,0.0011048924676600137
4.8310666613655915,0.001241853844876749,0.0015545724106136149,0.0011020327899424938
4.831716669948137,0.001240080691207712,-0.0001020096554366363,0.0010991952089838487
4.832366627640624,0.001238307676360922,0.0006119463582265556,0.0010963834041602723
4.833016437703479,0.0012367868802162947,0.0011504330636175242,0.0010941640719251853
4.833666247766334,0.0012359743406354965,0.0018009982004998642,0.0010935317297239423
4.834316057829189,0.0012351618010547896,0.0020361808861110863,0.0010929109674125408
4.834965878084599,0.0012343492487291374,0.00024582984208962777,0.0010922912631427051
4.8356157280220575,0.0012335366592881717,0.0017741802013058977,0.001091672566990024
4.836265577959515,0.0012327240698472607,0.00028052809947285654,0.0010910549138631648
4.836915427896973,0.0012319114804062268,-0.000983865226533478,0.0010904383184447265
4.837565277834432,0.0012310988909652822,0.0011976350510226556,0.0010898227564681974
4.83821512777189,0.001230286301524292,0.0009688262537189964,0.0010892082345146808
4.838864977709347,0.00122947371208334,4.094282182462916e-05,0.0010885947629559413
4.839514827646806,0.0012286611226423492,7.93158863292274e-05,0.0010879823544236345
4.84016462734144,0.001227848596026362,0.0009405767224392023,0.0010873710078071104
4.840814278827011,0.0012270362547349776,-4.2178591252506076e-05,0.0010867607967229489
4.841463930312583,0.0012262239134434726,0.0019215985121169479,0.0010861543792047882
4.842113581798154,0.0012266418483265493,0.00150469789238629,0.0010859576075661359
4.842763253279928,0.0012275279653737958,0.0011929199602906814,0.0010859187908030215
4.843412984284382,0.0012284141636067305,-6.913120344539361e-05,0.0010858810113877223
4.844062715288835,0.0012293003618397168,0.00012921282016523962,0.001085843261343322
4.844712446293289,0.0012301865600727981,4.200052956963244e-05,0.0010858054869419557
4.845362127794352,0.001231072690785453,0.003572670468660195,0.0010857677446168706
4.8460116603977434,0.0012319586184102093,0.002369791149662995,0.0010857299960490435
4.846661193001135,0.0012328445460346215,0.0009341769057504175,0.0010856922638468375
4.847310725604527,0.0012337304736593242,0.0011095301164458565,0.0010856545325756153
4.847960268063905,0.0012346164147267425,-0.000582090071218953,0.0010856168084839527
4.84860984055872,0.0012355023967610102,0.0018765562946725226,0.0010855790645798889
4.849259413053536,0.0012363883787954342,0.00043561890304360444,0.0010855413567074834
4.849908985548352,0.0012372743608299779,0.001096324732653193,0.0010855037773538716
4.850558558043168,0.0012382004513638509,0.0011053497289465794,0.0010854879011490304
4.851208130537984,0.001239308054799396,-0.0005757287843223928,0.0010855674961341084
4.8518577030328,0.001240415658234815,0.0012935164257502532,0.0010856477608613675
4.852507275527615,0.001241523261670526,0.0014098886949122104,0.0010857280449823696
4.853156800182262,0.0012426307835322792,-0.0007973620353177373,0.001085808310039697
4.853806174343745,0.0012437380487842584,0.0033352818412761345,0.0010858886046210003
4.8544555485052285,0.0012448453140362981,0.001119260495308459,0.0010859689056397712
4.855104922666712,0.0012459525792883276,0.0018289951407571524,0.0010860492269835441
4.855754315733176,0.001247059876775945,0.0012881229359866507,0.0010861295981905036
4.8564037693965085,0.0012481672775886926,0.00252784840826664,0.0010862099551824306
4.857053223059841,0.00124927467840156,0.0006602501430142916,0.0010862903421941141
4.857702676723175,0.001250382079214326,0.0032645758477346442,0.00108637075921355
4.858352083962441,0.0012514894008680956,0.0019413225201738416,0.0010864511798753026
4.8590013393432105,0.001252596463583862,0.0025126335881694457,0.0010865376973202012
4.85965059472398,0.0012534689642236235,0.0005242635078814964,0.0010875448419984705
4.86029985010475,0.0012542069221466662,0.0001296293803212732,0.0010890894918714677
4.860949114663626,0.0012549448905020454,0.0007876989218405051,0.0010906443187403076
4.861598409952597,0.0012556828937855772,0.0008501920456880586,0.0010922058622321357
4.862247705241569,0.0012564208970692573,0.002267765681863926,0.0010937741367987057
4.86289700053054,0.0012571589003531663,0.00126706067552421,0.001095349193674992
4.8635462958195115,0.001257896903636596,0.002436624666266765,0.0010969310838817603
4.8641955911084835,0.0012586349069201787,0.001067547436901823,0.0010985198151248826
4.864844886397455,0.0012593729102039646,0.0016556429436463513,0.0011001154515074064
4.865494181686427,0.0012601109134876135,0.0007952317297357924,0.0011017180819834938
4.866143433228748,0.0012608488670477359,0.00016364486730198035,0.0011033276289683562
4.866792530302811,0.0012615866450362016,0.0028655178086118022,0.0011049438316617659
4.8674416273768735,0.0012623244230246,0.0012642596432956314,0.0011065669630310427
4.868090724450936,0.00126312440202549,0.0010935271720842344,0.0011081623753663005
4.868739838660032,0.0012645999969538976,0.0005773391479314204,0.0011094100067580788
4.869389015218913,0.0012660757336190182,0.0035392041675625548,0.001110659603808459
4.870038191777794,0.0012675514702836976,0.0019489026237658569,0.0011119134396619858
4.870687368336675,0.001269027206948347,8.826784349735958e-05,0.0011131715430054824
4.871336503240435,0.00127050284892125,0.0006807811346186072,0.0011144338559520791
4.871985481635121,0.0012719781351105807,0.0038996115975399926,0.0011157001489118272
4.872634460029807,0.0012734534212998686,0.0026439048231311764,0.0011169707640756442
4.873283438424492,0.001274928707489293,0.0019171536726788987,0.0011182457344244903
4.873932416896252,0.0012764039938536796,-0.000708043233965346,0.0011195250763826512
4.874581395668112,0.0012778792809005558,0.0009390970964691764,0.0011208088227998882
4.8752303744399725,0.0012793545679473097,0.0018911795079674769,0.0011220969928268565
4.8758793532118325,0.0012808298549939307,-0.00010494278462116731,0.0011233896296130353
4.876528339804418,0.0012823051598192879,0.0005739968439488917,0.0011246827697019165
4.877177358124039,0.0012841319069679033,0.002379164863086896,0.0011253821045892262
4.877826376443662,0.0012862714467278434,0.0009160353765061196,0.0011255490789649483
4.878475394763284,0.0012884109864880955,0.0027462480363182984,0.0011257125592226318
4.879124375165976,0.0012905504012520697,0.0004512849702699184,0.0011258761259907144
4.879773195388983,0.0012926892879709965,-0.00018308556075440508,0.0011260397227947434
4.880422015611991,0.001294828174690129,-0.0009845933159278034,0.0011262033940806651
4.881070835834999,0.001296967061408966,0.0011884223203902356,0.0011263671222239188
4.8817196707254,0.00129910599648028,0.0006636540724011507,0.0011265309366419816
4.882368570416194,0.0013012451451710793,0.0022599099280832353,0.00112669483576891
4.883017470106989,0.001303384293861848,0.00015248935396869486,0.0011268588246983822
4.8836663697977825,0.0013055234425527098,0.003148205897067567,0.0011270228804906252
4.884315234337353,0.0013076624753648582,0.0013301805896499175,0.0011271869754606815
4.8849639359821895,0.0013098009711814736,0.001043297854512151,0.0011273511350555457
4.885612637627027,0.0013119394669982463,-0.0005338453844320771,0.0011275166445722986
4.886261339271864,0.0013079878382330496,0.0017372290262425828,0.0011278819291248943
4.886910040989356,0.0013038587979762786,0.0015061521667126966,0.00112825467781872
4.887558743061777,0.0012997297554603743,0.0015731695989904047,0.0011286278237639864
4.8882074451341975,0.0012956007129443967,0.00243485726841573,0.0011290013487121283
4.888856147206618,0.0012914716704284022,-0.0001561439855683139,0.0011293752370938146
4.889504849279039,0.0012873426279124054,0.0004918899233805195,0.0011297494798849065
4.890153551351459,0.0012832135853964352,0.0007966977424787548,0.0011301241177855536
4.89080225342388,0.0012790845428805261,-5.152596096206119e-05,0.0011304990678819096
4.891450955496301,0.001274955500364566,-0.0001960993875286354,0.0011308744129656177
4.892099633272909,0.001270826612493368,0.001980361757754167,0.0011312501346040231
4.892748176880923,0.0012666985786163618,0.001485361490745188,0.0011316261403068533
4.893396720488939,0.001262570544739725,0.00155790587536485,0.0011320024995730802
4.894045264096954,0.0012584425108626317,0.003380045808566679,0.0011323767845409808
4.894693819207483,0.0012569633073364346,6.439301874703847e-06,0.0011323786762501631
4.895342442266253,0.001259322740993621,0.0014061261838298497,0.0011318436870194134
4.895991065325022,0.0012616821746504554,0.00040467199495923057,0.0011313059010469152
4.896639688383792,0.0012640416083074281,0.0026164868202259006,0.0011307688774185181
4.897288284527081,0.0012664009440567084,0.0018645048380757081,0.0011302326424500037
4.897936709658003,0.0012687596577306613,0.0018360488106085328,0.0011296972996327557
4.898585134788925,0.001271118371404489,-0.0005064169322157228,0.0011291626947402711
4.899233559919847,0.001273477085078332,0.002386977328999544,0.0011286288752726903
4.899881985111324,0.001275835798972568,0.0010683826089395048,0.001128095790242904
4.900530410720152,0.001278194514385017,0.0011237729340495563,0.001127563446643273
4.90117883632898,0.0012805532297974166,0.0024626639212736562,0.001127031868879707
4.901827261937807,0.0012829119452097179,0.0018291813564767698,0.001126501040523842
4.9024756875466355,0.0012852706606220864,0.001770715600933477,0.0011259709188104943
4.903124113155464,0.001287629376034363,-0.0002558900227873958,0.0011254432480836806
4.903772538764292,0.001289615140699085,0.0016438325675641168,0.0011251677054814212
4.90442096437312,0.0012915313791430295,0.0005147160312017477,0.0011249408363868676
4.905069373084467,0.0012934475676510914,0.002616754224622019,0.001124714408984782
4.905717640313251,0.0012953633380478756,0.001031716515697727,0.0011244881613100672
4.9063659075420345,0.0012972791084442672,0.000979911330056988,0.0011242620767933208
4.9070141747708185,0.0012991948788407465,0.000895429346941128,0.0011240360972195817
4.907662445853916,0.0013011106606277808,-7.93633747192006e-05,0.0011238102820170031
4.90831075305047,0.0013030265491375276,0.0012743755977937163,0.0011235845558328842
4.908959060247025,0.0013049424376474442,-0.0006233279163740681,0.0011233590056273152
4.90960736744358,0.001306858326157323,0.0003775016798292333,0.0011231335346212012
4.910255661071113,0.0013087741745679826,-0.0010821183888281712,0.0011229082288626117
4.9109038099237505,0.0013106895951373039,0.00044720963649025813,0.0011226831283254466
4.911551958776389,0.0013126050157065436,0.0012216682000715027,0.0011224605801430296
4.912200107629028,0.0013132593791460169,-0.00010247144347422677,0.0011226146185871345
4.912848256521123,0.0013105335881698618,0.0025033583957023947,0.0011237646968988778
4.913496405901904,0.001307807795138688,0.0038419325601492943,0.0011249249393647752
4.914144555282686,0.0013050820021073563,0.0012684841065168607,0.0011260887571604523
4.914792704663467,0.001302356209076054,0.0011271243578577165,0.0011272561898568994
4.915440854044248,0.0012996304160449723,0.00023694351244411393,0.0011284272337212294
4.9160890034250295,0.0012969046230135977,0.0020553392738443988,0.0011296019313331808
4.916737152805811,0.0012941788299823784,0.0010889225379340601,0.0011307802604823387
4.9173853021865925,0.0012914530369511775,0.0026994179010693684,0.0011319623103101613
4.9180334414300715,0.001288727286552355,0.00013429968344199402,0.0011331479993884257
4.918681393085176,0.0012860023250565239,0.002457979456552177,0.001134337074937182
4.919329344740282,0.0012832773635609585,0.0009976633704273132,0.0011355298985095711
4.919977296395387,0.0012805524020653093,0.0003940501110218798,0.0011367264753704425
4.920625251152612,0.0012778274275236138,0.001949090134017379,0.0011379202059364094
4.921273282221976,0.0012751532158698639,0.0019265362915483997,0.0011381232572989276
4.921921313291341,0.0012725012756066305,0.0011994689424523416,0.0011378880374686893
4.922569344360705,0.0012698493353433028,0.000746199336656819,0.0011376500909695522
4.923217371218568,0.0012671974123146493,0.0014035146255677415,0.0011374122781942378
4.923865244028255,0.001264546119698165,0.0006738456434289536,0.0011371747090449184
4.92451311683794,0.0012618948270813194,0.001866406001672029,0.0011369372590116754
4.925160989647626,0.0012592435344645346,0.000998351242459144,0.0011366999758986602
4.92580886246536,0.0012565922418150254,0.0017131424165489721,0.0011364628149243424
4.92645673585334,0.0012539409468318437,0.0006617777124750358,0.0011362258456547594
4.9271046092413195,0.0012512896518486443,-0.00018302644646869403,0.0011359889988960424
4.927752482629299,0.0012486383568657278,0.0019558485183550295,0.0011357523021452676
4.9284003560172795,0.001245987061882302,0.0035831677651735365,0.0011355157813999761
4.929048229405259,0.0012433357668990457,0.0006326325088812767,0.0011352810579675467
4.929696102793239,0.0012408334902170048,0.0015238914664720232,0.0011353107815655886
4.930343976181219,0.0012394343546894117,0.000883465186686815,0.0011372120364999802
4.930991849569199,0.0012380352191617755,0.0017348203375289165,0.0011391354193132253
4.931639527906199,0.001236636504862765,-0.00032298486878556075,0.0011410679844809034
4.932287203686261,0.0012352377960855197,0.002348110786501335,0.0011430103651571078
4.932934879466323,0.0012338390873083299,0.0024541914829068947,0.0011449627044669679
4.933582555246385,0.0012324403785310665,0.0010773060937308637,0.0011469250395242515
4.934230308291425,0.0012310415028943052,0.0029496246577846537,0.0011488977061932665
4.934878063468715,0.00122964262265236,-0.00035397084615820785,0.0011508805921684145
4.9355258186460045,0.0012282437424102905,0.002381400420731905,0.0011528737288234356
4.936173573823295,0.0012268448621683599,0.001989782036131336,0.0011548772410682334
4.936821139546039,0.0012254463910689635,0.0026739732164673654,0.0011568906166904507
4.93746869716584,0.0012240479374685382,0.001302540918899194,0.0011589144981000393
4.9381162547856405,0.0012226494838681271,0.0007034917804876101,0.0011609408964262078
4.9387638124054405,0.0012221182718216688,-0.00016414757278014809,0.0011617502758716285
4.939411444996004,0.0012223391309523605,0.003557525357054332,0.0011614955465787554
4.9400590820057335,0.0012225599915901722,0.002434917611214632,0.001161233978769233
4.940706719015463,0.0012227808522273203,0.002377428990694607,0.0011609725860250873
4.941354356025192,0.0012230017128650828,0.0015664769222609811,0.0011607113657318908
4.942001809463274,0.0012232225109002153,0.002817112673564466,0.0011604504072705757
4.942649248965918,0.0012234433041832188,0.0016822675053410723,0.0011601896126154825
4.943296688468563,0.001223664097465631,0.00041171246008713696,0.0011599290040769066
4.943944127971208,0.0012238848907482726,-0.00026146440315270923,0.0011596685573121352
4.944591568074328,0.0012241056842359967,0.003164717280221604,0.001159408285459644
4.945239008233902,0.0012243264777429047,-0.0007666674682389619,0.0011591482021901293
4.945886448393477,0.001224547271249328,-0.0008147191471462299,0.001158888292280542
4.946533888553051,0.0012247680647561707,-0.00015037079617710074,0.0011586285442486632
4.947181328712626,0.001224988858263028,0.0031904179360051797,0.0011583682821847846
4.9478287688722,0.0012280046671407484,0.0025734350973576443,0.0011579982698822324
4.948476209031774,0.0012311690143631563,0.0006094912236639345,0.0011576220381099198
4.949123649191349,0.0012343333615853797,-6.369879823695012e-06,0.0011572461450790965
4.949770949950777,0.0012374970274930462,0.0009695295526467478,0.0011568707126359387
4.950418232030893,0.001240660602106225,0.0007313379437978582,0.0011564956250209072
4.9510655141110105,0.0012438241767189012,0.0012263508450306316,0.0011561208987678263
4.951712796191127,0.0012469877513320094,0.0010225857133348876,0.0011557465472261616
4.952360112913574,0.001250151495258473,0.0014320789463241825,0.0011553725211781035
4.953007435020484,0.001253315265501435,0.002326637516796384,0.0011549988430259999
4.953654757127395,0.0012564790357444597,-0.0014060014023189106,0.001154625532663768
4.9543020792343055,0.0012596428059873227,0.0005349773398848266,0.0011542525687425502
4.954949267220349,0.001262805920717896,0.0009086652969172238,0.0011538800661755346
4.955596431283799,0.001265968918527626,3.986294736513978e-05,0.0011535085827647682
4.956243595347249,0.0012674472036494134,0.003029784001317392,0.0011532421237167927
4.956890759410698,0.0012659024837890697,0.00013404287094261535,0.0011531620190364442
4.957537924061933,0.001264357762525508,0.0015555300925486227,0.0011530831741946126
4.958185088832243,0.001262813040977922,0.0007276961006910494,0.0011530043583057343
4.958832253602554,0.0012612683194301942,0.0005642615940559148,0.001152925502382484
4.959479418372864,0.00125972359788258,0.0038490217719597914,0.0011528467044112161
4.960126583143175,0.001258178876334646,-0.0001200596925082112,0.0011527679250541054
4.9607737479134855,0.0012566341547870028,0.001066553404919429,0.0011526891314194716
4.9614209126837965,0.0012550894332392412,0.0005700993430092608,0.0011526103679096586
4.962068077454107,0.0012535447116916222,-0.001352132107860491,0.0011525316402862095
4.962715085189117,0.0012520003649725618,0.00019084967967632053,0.0011524529281048681
4.963362052653727,0.0012504561143749874,0.0030980411785382464,0.0011523742512153253
4.964009020118335,0.0012489118637775904,0.0038958522485429852,0.0011522955857404173
4.964655987582945,0.0012473676131799752,0.004185767730093555,0.0011522230246387732
4.9653030167518235,0.0012465516501063156,-7.256128035921898e-07,0.0011530662151932195
4.965950063569867,0.0012459632251268279,-8.254547514859869e-05,0.0011542039846929538
4.966597110387911,0.0012453748001473438,0.0025355519939677545,0.0011553470209317428
4.967244157205955,0.0012447863751679333,0.00015863427564380287,0.0011564934648611491
4.96789105430059,0.0012441980863470811,0.0025182247076060028,0.0011576430359846147
4.9685379038632185,0.0012436098407519276,0.0017309591438450728,0.0011587959514359671
4.969184753425847,0.0012430215951566039,0.00011975390242148411,0.0011599523220223063
4.969831602988476,0.0012424333495613883,0.0002187118136978926,0.0011611121441941234
4.970478453116326,0.001241845103452326,0.001298382501140231,0.0011622754555914978
4.971125303442776,0.0012412568571623158,0.00036182744406075356,0.0011634422630753946
4.971772153769225,0.0012406686108725974,0.0020306046950592333,0.001164612569541865
4.972419004095676,0.0012400803645827086,-0.0007110668821261495,0.0011657864085359835
4.973065854422126,0.0012394921182928094,0.00242956568668908,0.0011669652863145665
4.973712704748576,0.0012393844682830018,0.0008478310349934892,0.0011683794574615543
4.974359555075026,0.0012417371859968645,0.002053648784753419,0.001170953397130815
4.975006405401476,0.0012440899037107496,-0.0010302349406919149,0.001173552226166665
4.975653145128795,0.0012464422191545337,0.0019578663592330816,0.001176167984126286
4.976299837555613,0.0012487943625572359,0.0024055410182036896,0.001178801066054745
4.976946529982433,0.0012511465059602434,0.0014897342689518553,0.0011814519172381
4.977593222409252,0.001253498649363117,0.001136835686688729,0.001184120707062365
4.978239942095017,0.0012558508919118636,0.00046904493501891814,0.0011868077711295383
4.978886674583784,0.0012582031810276382,0.0004478715068617049,0.001189513295973088
4.97953340707255,0.001260555470143294,0.0014313911466639834,0.001192237350256636
4.980180139561315,0.0012629077592592659,0.003125150883144144,0.0011949802083291415
4.980826741967262,0.0012652595752387183,0.0034738730316132733,0.0011977414995285379
4.981473277334596,0.0012676111473867962,0.0013469679114962595,0.00120052171534628
4.9821198127019315,0.0012699627195342444,2.9029772650088952e-05,0.0012034797909117039
4.982766348069266,0.0012703838557419046,0.0015824593220668968,0.001231272105583921
4.9834128839609395,0.0012692814300996513,0.002356085014848746,0.0012834140162177438
4.984059420148944,0.0012681790039520075,0.0016586235235744387,0.0013429489609541444
4.984705956336949,0.0012670765778043885,0.0022031778165846143,0.0014115896711894536
4.985352492524953,0.0012659741516567761,0.0023836265980652846,0.001491912980664031
4.985999028712958,0.0012648717255094007,0.00018905794114483163,0.0015876430795514643
4.986645564900963,0.0012637692993618642,-0.0002556254796785894,0.0017044010764166472
4.9872921010889675,0.001262666873214211,0.0018355877360413273,0.0018511527915860118
4.987938637276971,0.0012615644470665422,-0.0012881300774579168,0.0020432721246915076
4.988585079499236,0.0012604621811426638,0.0040275015530220025,0.0023098363826243224
4.989231457883356,0.0012593600240707712,-9.578561038178302e-05,0.0027146399516590728
4.9898778362674765,0.0012582578669987014,-0.0021381281684703093,0.003435289107648377
4.990524214651597,0.0012571557099267045,0.007552375700377405,0.005272243714625695
4.991170616021403,0.0012560535136616872,-0.07991157856202047,0.062451501442113165
4.9918170344861394,0.00125600000000004,-2.165764091713993,10.20919562040322
4.992463452950876,0.0012559999999999512,38.40820731340488,4163.370248654416
4.993109871415613,0.0012559999999999759,-940.7805597639683,4296.244231522423
4.993756202946171,0.001255999999999936,385.52261180516695,4035.963355727467
4.9944024636429,0.0012560000000000871,3210.596856089128,4038.9949546856465
4.995048724339629,0.0012559999999999575,-676.9192638953704,4131.087196599291
4.995694985036358,0.0012560000000000867,490.6159657861787,3954.7919906761767
4.996341246192895,0.0012560000000001006,6350.191371424398,4022.1536103360904
4.996987507759946,0.0012560000000001166,1155.6277255730176,3865.0335408030937
4.997633769326997,0.0012559999999999685,-4744.44555705884,3574.1728925062007
4.998280030894048,0.0012560000000000958,126.80887401884246,3722.996535916487
4.998926292461099,0.0012559999999999906,7082.863462546405,3497.9047482358574
4.99957255402815,0.001256000000000035,-2792.402991009055,3654.1187237090444
5.0002188155952005,0.0012560000000000897,6205.872401790588,3459.0928438710143
5.000865077162252,0.0012560000000000101,3985.295310331792,3052.9472396662723
5.001511243922721,0.0012560000000000743,-495.32778505814514,2607.8892780832025
5.002157308569002,0.001256000000000163,-282.21537883583744,2571.217629706419
5.002803373215283,0.0012560000000000138,1110.4115544878105,2507.613287649024
5.003449437861564,0.0012560000000000134,-1437.8571069560571,2655.120336213544
5.00409553878799,0.0012560000000000646,1836.1472322813947,2581.846195296304
5.00474168273175,0.0012560000000001246,-1391.9171620166985,2600.8462679832714
5.00538782667551,0.0012560000000000297,1882.0316309794628,2632.267694999548
5.006033970619271,0.0012560000000000054,403.1228668459476,2721.1324944749017
5.006680029249206,0.0012560000000000082,3381.1556982063785,2618.1612658888753
5.007325976322303,0.0012560000000000242,-2207.2731280539524,2727.3133674585893
5.0079719233954,0.001256000000000007,1967.3157383433668,2715.3030823632103
5.008617870468496,0.0012560000000000023,6531.245693250709,2603.999076989637
5.009263817920435,0.0012560000000000847,-3564.5532934858115,2979.328335040893
5.009909765920495,0.0012559999999999826,1162.6954357782456,2871.6688649160346
5.0105557139205565,0.0012560000000000542,816.0420322392481,2735.970278138203
5.011201661920617,0.0012559999999998941,-1773.8631941167614,2697.917744332259
5.011847609920678,0.0012560000000001316,315.0443134660037,2427.2023633625577
5.012493557920738,0.0012560000000000008,-1638.6739888272502,2464.294783718619
5.013139505920799,0.0012560000000000897,-357.4678061377918,2485.7988586674237
5.0137854539208595,0.0012560000000000982,457.4020427834243,2307.0859412717214
5.014431331488781,0.0012560000000000774,2110.4282004042207,2184.156648753492
5.015077082701637,0.0012560000000000195,2257.4987560805002,2166.3957040339337
5.015722833914493,0.001256000000000009,959.749001424112,2115.6119717571087
5.01636858512735,0.0012560000000000535,-3471.1442543299713,2100.301109204599
5.0170143626629855,0.0012560000000000865,-609.2758594795592,2021.4642082096977
5.017660193153859,0.0012560000000001116,818.6650053414686,2056.505084831336
5.018306023644733,0.0012560000000000579,-1210.2142165062442,2137.0872243351996
5.018951854135607,0.0012560000000000605,-2621.056209897224,2150.4528161548333
5.019597624442969,0.001256000000000015,-982.4411359736814,2416.9598214580706
5.020243258196683,0.001256000000000068,2109.7059706029977,2394.2298225683626
5.020888891950397,0.0012560000000000071,597.1517857452603,2457.1272953478788
5.02153452570411,0.001255999999999967,3136.9752956506504,2375.4193099699787
5.022180159732511,0.001255999999999968,-3377.7192540114315,2102.4683031167883
5.02282579446972,0.0012559999999999783,-1498.0909060719887,2092.114190759527
5.023471429206929,0.0012560000000000403,950.6655130747968,2077.328976614199
5.024117063944138,0.0012559999999999585,-35.60632640224336,2031.560829569996
5.024762698681347,0.0012560000000000062,-1032.6114145445151,2130.0652188506165
5.025408333418556,0.0012560000000000696,1882.0243833705408,2106.3971982631488
5.026053968155765,0.0012559999999999414,1777.9143327412737,2176.550749924076
5.0266996028929745,0.0012560000000000377,-2453.020547579701,2291.707492658428
5.027345193459896,0.001256000000000007,2499.4363305808756,2157.3922265532738
5.027990631543299,0.0012559999999999353,-4522.492197875461,2208.562573439532
5.028636069626703,0.0012560000000000104,205.1123201960815,2304.5522172061665
5.029281507710108,0.0012560000000001344,2538.5935963320208,2354.9332299767284
5.0299269613897994,0.0012560000000000015,436.4091452341089,2498.316543737768
5.03057247873176,0.0012560000000000713,-259.212829254895,2454.1073950336954
5.03121799607372,0.0012560000000000496,3566.8016785408586,2445.8387141712924
5.03186351341568,0.001255999999999909,-1773.6033534822316,2723.0765703301236
5.0325089975903445,0.0012560000000000147,-2167.0134485685753,2764.5711444415565
5.033154318328482,0.0012560000000000483,2300.2453746920073,2625.859844408867
5.033799639066619,0.0012559999999999984,-1676.584582325928,2624.5790306411945
5.034444959804756,0.0012559999999999798,513.8721893532104,2561.9255388301613
5.035090280688624,0.001256000000000044,10481.528086765078,2612.1506879692784
5.035735602466677,0.001255999999999954,-760.6167825308717,2787.6933801766268
5.036380924244732,0.0012560000000001298,1254.8987169810307,2836.7956773498263
5.037026246022785,0.0012559999999998915,2078.0193711127677,2856.4842958136637
5.037671567800839,0.001256000000000065,287.4991909799535,2696.860268634124
5.038316889578892,0.0012560000000000526,-2375.2384185729725,2656.806762281862
5.038962211356947,0.0012559999999999817,2152.4514539000274,2606.6434199999553
5.039607533135,0.0012560000000000045,1643.575075311929,2405.1797097752074
5.0402528388881835,0.00125599999999987,-26.975287025018346,2520.1565930888887
5.040897964145666,0.00125600000000004,-1467.6772297022164,2444.9963964132244
5.041543089403148,0.0012560000000000552,-332.937145741381,2317.5407224999744
5.04218821466063,0.001256000000000098,597.9347506093552,2293.488042521455
5.042833344019354,0.0012560000000001236,5091.603220435218,2402.263536180515
5.043478548515932,0.001256000000000063,411.5227933238862,2362.0765971345754
5.044123753012508,0.0012559999999999542,716.6003523598598,2336.107296682399
5.044768957509086,0.0012560000000000286,-572.5615344665789,2407.105336449579
5.045414157736647,0.001256000000000021,-3124.8580753864435,2608.4942272857256
5.046059165762572,0.0012560000000000125,606.4542641586082,2608.7697760930373
5.0467041737884974,0.0012559999999999395,-3520.6590808627693,2642.678311126885
5.047349181814423,0.0012559999999999711,-1326.5722254653363,2777.7859870118896
5.047994189840348,0.0012560000000001147,1632.4673470087782,2397.955566201563
5.048639276401698,0.001255999999999985,-2131.074460058273,2417.500522896912
5.04928436365942,0.0012560000000000284,-1638.7603151365852,2356.1936823473625
5.049929450917143,0.0012559999999999702,4376.107280997845,2377.798435252864
5.050574538174866,0.001255999999999949,-1717.324738348243,2490.629364800178
5.051219436780427,0.0012559999999999926,-3543.0605598665898,2450.4761201105885
5.051864327617394,0.0012560000000000264,-1277.1187781635142,2417.798889323281
5.052509218454361,0.0012560000000000448,-2099.4456569401045,2374.2533813072496
5.053154109291328,0.0012559999999999412,898.5602528696847,2130.925206749752
5.053799001166505,0.0012560000000000331,-2208.176107758247,2164.970456171968
5.054443893120789,0.0012560000000001164,498.1857187304906,2230.4135337722105
5.055088785075073,0.00125599999999995,-3633.8087934322266,2150.7858837169047
5.055733677029357,0.0012560000000000654,-2100.5977059608676,2300.179292082985
5.056378568983641,0.001255999999999936,1349.5494213066968,2266.9750198732513
5.057023460937925,0.001256000000000031,1945.9628127073188,2186.8947622687692
5.057668352892209,0.0012560000000000492,2478.22507603185,2063.684023840893
5.058313244846493,0.0012559999999998907,-462.6090554054027,1848.6980849390957
5.058957966922696,0.0012560000000000075,233.42177842219104,1883.4483708508724
5.0596026625393336,0.0012559999999999468,702.6034967827853,1932.3247080400886
5.060247358155971,0.0012559999999999408,331.9744515829255,2069.9269698482353
5.0608920537726085,0.001255999999999947,172.6146274620312,2200.1936673527885
5.061536782849707,0.0012559999999999375,2567.591122414689,2235.9891706860876
5.062181518646366,0.0012560000000001225,30.568586999151865,2297.5429585007155
5.062826254443024,0.0012560000000000845,-1425.9663596491473,2309.1042800817386
5.063470990239683,0.001255999999999988,899.2628594231358,2117.0866405156094
5.064115600262658,0.0012560000000001615,2320.9175770072106,2052.629883378556
5.06476017880382,0.001256000000000129,-411.24265732802763,2042.8178437808149
5.065404757344982,0.00125600000000016,1934.2081737107924,1925.853884979887
5.066049335886145,0.0012560000000000613,-1450.4609631530418,2059.2209003123758
5.066693915326897,0.0012560000000000177,1204.5799832276925,2174.5915626135084
5.067338495041537,0.0012559999999999464,2360.472757089699,2202.0757055425834
5.067983074756177,0.0012560000000000173,-1058.1208506914938,2180.070778514498
5.068627654470817,0.0012560000000000281,645.3934105103099,2032.1108995701097
5.0692722341854575,0.0012559999999998365,-1119.756845878388,2005.5428714241452
5.069916813900098,0.0012559999999997848,3475.9586006796726,2038.4700272968412
5.070561393614738,0.001255999999999954,-1995.118081424405,1940.9145554020613
5.071205973329379,0.001255999999999958,927.0277747300826,1863.843021067348
5.071850415949742,0.0012560000000001014,3387.8338060232372,1865.746707588252
5.072494799459576,0.0012559999999999965,2036.313687640511,1860.8443518584593
5.07313918296941,0.0012559999999998868,-2495.215789552782,1846.1461469475473
5.073783566479243,0.0012559999999998555,-1376.913197828949,1724.1572111409816
5.0744279766931015,0.0012560000000000184,2999.2767288818463,1711.5295699689912
5.075072400401276,0.001255999999999969,1080.3866958399678,1711.9658079348544
5.07571682410945,0.0012560000000000375,1500.8803468361746,1724.3874490972662
5.0763612478176245,0.0012560000000001648,1077.9328809891879,1715.4902189013435
5.077005572609841,0.0012559999999999661,-1351.6727549819927,1652.452047283392
5.077649839157518,0.0012560000000000492,1737.9222782958582,1641.4288955133497
5.0782941057051945,0.001256000000000105,-294.3982595488106,1673.6505649154985
5.078938372252871,0.0012560000000000618,-1103.150788747669,1621.9550385962036
5.07958261637315,0.0012560000000002309,613.5680626060494,1617.4714019273385
5.080226845179405,0.0012559999999999921,2595.419510472014,1572.4673752397493
5.0808710739856595,0.0012560000000000277,311.2063017244824,1552.000463987802
5.081515302791914,0.0012560000000000546,1176.4911083763338,1567.4118367536346
5.082159531598168,0.0012560000000000928,2005.8912425085848,1595.6043986224863
5.082803760404423,0.0012560000000001058,269.61952589947754,1611.576173376906
5.083447989210677,0.0012559999999999607,-1717.081088005273,1671.6500461565886
5.084092218016932,0.0012559999999999826,1724.8100146593197,1816.0494068368353
5.0847363648206665,0.0012559999999998115,971.0619522470811,1788.660113197719
5.085380436525742,0.0012559999999999984,1892.4731104795599,1821.2103730087738
5.086024508230816,0.00125600000000024,-1987.8308254405813,1840.6496049428288
5.086668579935891,0.0012559999999999876,564.0278688892921,1785.351971404724
5.087312671169976,0.0012560000000003337,-237.24559088698746,1780.6229715620307
5.087956783091657,0.001256000000000098,-5117.165128631984,1821.5864885840303
5.0886008950133395,0.0012559999999999924,-1787.5060293602821,1699.3123726454965
5.089245006935021,0.0012559999999999783,-635.0606981651512,1615.4343399731727
5.089889030902902,0.0012560000000000429,306.7187677299679,1591.742665073372
5.090532946818727,0.0012560000000000468,-851.4164078131266,1548.3204819304688
5.091176862734552,0.0012560000000000013,1160.0139513217455,1542.8987997228123
5.091820778650377,0.0012560000000000745,441.1759092788882,1674.6119670399505
5.09246469509789,0.0012560000000000938,1724.8012668052324,1748.8085800207855
5.093108612306173,0.001256000000000009,-3981.351165677017,1740.8697183163426
5.093752529514456,0.0012559999999999748,-1328.823899892879,1729.8788806633272
5.0943964467227385,0.0012560000000000195,-768.7040910349241,1586.839529838577
5.095040363931021,0.0012560000000002443,346.14854177853385,1544.5258327296724
5.095684281139304,0.0012560000000000327,2738.2433630996297,1543.757969230643
5.096328198347588,0.0012560000000000151,-304.5927347637678,1574.9427994376865
5.096972115555871,0.001256000000000022,451.9868162256062,1602.459517910723
5.097615967089745,0.0012559999999998844,-954.7414222602102,1657.8312650730593
5.098259688374959,0.001256000000000072,2529.1840736266618,1661.9630382474627
5.098903409660172,0.0012559999999999995,2665.276040375344,1679.1953559437782
5.0995471309453855,0.0012560000000000524,-373.4248582305269,1737.4406370154131
5.100190875709385,0.0012559999999999787,238.1542387536554,1754.1798889862844
5.100834676146126,0.0012559999999998805,-1170.1771083739893,1762.446445006218
5.101478476582866,0.001256000000000035,2479.4449500641813,1876.1413353623657
5.102122277019607,0.001256000000000027,-640.609907841585,1944.167360577565
5.102766026957729,0.001255999999999996,97.42729228467162,1872.8623031572638
5.103409631521041,0.0012560000000000871,-1724.6262458515703,1842.3815506269154
5.104053236084353,0.001255999999999983,-2189.1585718421643,1849.0122858822228
5.104696840647666,0.0012560000000000672,820.0897798504495,2036.8011718828504
5.105340445505584,0.0012559999999999434,-1069.8718546395955,2120.0305658689035
5.105984051417175,0.0012560000000001051,1023.1754815171983,2100.3761607380675
5.106627657328765,0.0012559999999999507,-641.4433703319924,2069.2857334393016
5.107271263240356,0.0012560000000000793,-3332.0321551270217,2039.2459220476371
5.107914862211207,0.0012560000000001168,-5158.721135531662,1916.5023516512604
5.1085584292318735,0.0012560000000000674,527.0749798779837,1978.3202350688134
5.10920199625254,0.001255999999999985,327.6733269483849,1958.8156466110293
5.109845563273206,0.0012559999999999661,1649.6032401320074,1843.2835591980995
5.1104891086128905,0.0012560000000001897,1123.8521509416641,1932.480137032718
5.111132518733736,0.0012560000000000236,-804.6219566047041,1901.910746012094
5.111775928854582,0.0012560000000000615,3020.4598508875333,1982.8835423307207
5.112419338975428,0.0012560000000000852,573.0402329437857,2004.1382479277877
5.11306275302745,0.0012560000000000169,-2411.8281136647865,1950.8533116078165
5.113706203403537,0.0012560000000002426,-1873.0413824485706,2034.337395044194
5.114349653779625,0.0012559999999999195,-368.55543425835606,2020.7342272575665
5.114993104155713,0.0012560000000001788,1719.5183713107836,2003.4707891617895
5.1156365434458335,0.0012560000000002526,2545.305711386121,2027.781834442195
5.116279798097278,0.0012560000000000741,2271.593541349033,2081.024361621833
5.116923052748721,0.0012560000000001223,-2715.4968302562456,2086.155233970016
5.117566307400165,0.001255999999999947,4415.327031295016,2154.914761952207
5.118209562072966,0.001255999999999948,-1496.8496762381717,2133.4964632257
5.118852818135356,0.001256000000000094,-485.2972905726964,2158.5510391925613
5.119496074197747,0.0012560000000000262,-1065.4306680132895,2188.957650974561
5.1201393302601375,0.0012559999999999483,622.0980472180883,2188.5049739295464
5.120782586322528,0.0012560000000000013,746.1880639396306,2163.395931123964
5.121425804589045,0.0012560000000000258,-1881.3172696174615,2162.1571799867174
5.122069021802779,0.0012559999999999364,-1431.8948061857502,2260.23645981094
5.122712239016512,0.0012559999999999948,-3974.916820538728,2227.934359194869
5.123355456230246,0.0012560000000001342,-1273.1489964519296,2199.099636812407
5.123998527560259,0.0012560000000000693,-2264.1389911092942,2232.136448498717
5.124641587980574,0.0012560000000000583,990.5557755572071,2165.8646351341536
5.125284648400889,0.0012559999999999377,-97.25034426238031,2171.5466539211798
5.125927708821205,0.0012559999999999921,2863.157532726367,2220.406173062905
5.126570804993978,0.0012560000000001227,-3719.0386586169634,2236.7415824959708
5.12721390568989,0.0012559999999999505,1842.2073345845606,2358.3026041700646
5.127857006385803,0.0012560000000001162,1665.6877058689154,2350.55184967229
5.128500107081715,0.0012560000000000474,1737.397115087701,2253.8535329620227
5.129143042617076,0.001256000000000027,-585.2226471578091,2310.3477460419044
5.129785947736922,0.0012560000000000856,4536.7428549183105,2458.7015580383722
5.130428852856768,0.001256000000000051,-2414.8440583793695,2302.13938220099
5.1310717579766125,0.0012560000000000101,2859.9378342811,2289.0765633986784
5.131714664276392,0.0012559999999999828,-1158.1930924615408,2284.9038302307017
5.132357570869716,0.0012560000000000082,1733.629792732699,2214.9930960978068
5.13300047746304,0.0012560000000000208,542.6448536095321,2483.2673701397816
5.133643384056363,0.001256000000000015,-1613.0278462371887,2563.052334561789
5.134286290649687,0.0012560000000000405,-3644.5528554235993,2572.2485485617512
5.13492919724301,0.0012559999999999744,-788.3477962003642,2688.489017633588
5.135572103836334,0.0012560000000000412,-2300.4925980172648,2485.6060427882303
5.136215010429658,0.0012560000000000912,2199.9201986982,2420.5970905158197
5.136857777848329,0.0012560000000000576,-1236.1146285880966,2449.559975944401
5.13750048894804,0.0012560000000000876,-2164.5301056274366,2503.4022929205703
5.138143200047749,0.0012560000000000932,-500.0736465043685,2346.5764072153584
5.13878591114746,0.001255999999999986,5218.8481058892085,2272.1454874039373
5.13942864912421,0.0012560000000000412,2565.8466420352565,2345.7486957152823
5.140071400519805,0.001256000000000124,-3315.7649213411046,2278.717559730499
5.1407141519153985,0.001255999999999933,1222.7139038474013,2334.7916454941287
5.141356903310993,0.0012560000000000258,2690.4994342244445,2296.5290129796585
5.1419995332322435,0.0012560000000001173,-2183.5885158329115,2266.457675298334
5.142642089200141,0.0012560000000000349,-436.41294702470896,2324.574428078202
5.1432846451680385,0.0012560000000000078,2129.7665539375325,2515.395782113077
5.143927201135936,0.0012560000000000856,298.21541773525865,2838.8805849724085
5.144569757988011,0.0012559999999999423,1290.447772884069,2833.8266214617424
5.145212315491781,0.0012559999999998824,-3757.0369785242146,2748.3272709001913
5.145854872995552,0.00125600000000002,48.00370724262433,2674.764788068807
5.1464974304993225,0.001255999999999914,3152.0276225249686,2590.7635130679214
5.147139988003094,0.0012560000000000778,-473.6682735513148,2579.942725364136
5.147782545506864,0.0012560000000001602,1522.3414940697044,2874.2358453118336
5.148425103010635,0.0012560000000000154,-1706.7906999997188,2935.3086357307093
5.1490676605144055,0.001255999999999715,-2305.4692895111416,3044.273094758271
5.149710123779302,0.0012560000000000598,982.4698029073297,2931.9805164438017
5.150352485937715,0.0012559999999999748,2633.9625575074556,3005.735527939494
5.1509948480961265,0.0012559999999999796,4797.977464872896,3251.594153930252
5.151637210254539,0.001256000000000156,-472.2863666349122,3231.654029393098
5.152279589962662,0.001255999999999963,-749.9202217844698,3265.6305865472755
5.152921992437178,0.0012560000000000854,5442.4171562548745,3522.885162815549
5.153564394911694,0.001256000000000075,1471.9604295190293,3112.5696672521076
5.15420679738621,0.001256000000000097,1276.2955349949896,3013.437400683955
5.154849124151766,0.0012560000000000752,-5028.255700619974,3090.9411038134035
5.155491331346748,0.0012560000000000615,-655.7715730197106,3042.5957986031453
5.15613353854173,0.0012560000000000286,-4327.679049785987,3123.3976622989235
5.156775745736712,0.001256000000000059,-2618.62882021773,3134.0626628231776
5.157417979779311,0.0012560000000000206,3098.9495091171125,3348.3894959456975
5.15806026603097,0.0012560000000001058,-3130.0712201343413,3620.2050801449263
5.1587025522826275,0.0012560000000000117,707.3140755544488,3178.9001776445875
5.159344838534286,0.00125600000000022,-2465.9216257166727,3311.9208262138686
5.159987067923245,0.0012560000000000349,-5240.340354285578,3108.7435425931585
5.160629158944711,0.0012559999999999859,-6477.77023988514,2981.0066276493385
5.161271249966178,0.0012560000000000255,2139.23243265657,3265.038601304096
5.161913340987644,0.001256000000000032,-266.142902875937,3158.365323900364
5.162555432401572,0.0012559999999999934,-543.6610187546268,3125.514582037045
5.163197525041893,0.001256000000000052,3285.541425990483,3297.899633015835
5.163839617682213,0.0012560000000000878,-1686.0201015106059,3407.664686704688
5.1644817103225344,0.0012560000000000821,568.7942881411157,3572.2874970375333
5.16512379549715,0.001256000000000097,3.0157982323447614,3655.269039319361
5.165765849429209,0.0012560000000000648,4291.267492943053,3666.7406168984394
5.166407903361269,0.0012559999999999089,-2652.3315783508647,3632.883168313341
5.167049957293328,0.0012560000000000145,-332.95490758656416,3396.105200705816
5.1676919888441155,0.0012560000000000982,4524.090221188811,3356.430592098196
5.16833388633643,0.0012559999999999592,6926.185219492839,4174.987065952463
5.168975783828744,0.0012559999999999373,4857.952579415341,4495.15472213465
5.169617681321058,0.0012559999999999715,2446.836076463499,4976.940630512618
5.1702595825659765,0.0012559999999998592,-4866.928276187438,5556.3547527722385
5.170901520401248,0.0012560000000000461,997.1772538738289,5586.665011571668
5.1715434582365205,0.0012560000000000154,-35.08286717483644,4759.449299597201
5.172185396071793,0.0012560000000001316,-10069.087077791035,4505.471497803587
5.172827325619877,0.001255999999999975,5876.881995886237,4423.034548597304
5.173469068372845,0.0012560000000001953,4539.737658200519,4890.62713667814
5.174110811125813,0.0012559999999999887,1756.6605833404224,6182.55322178655
5.174752553878782,0.001255999999999998,-2749.149720409983,7047.341797726274
5.175394296631749,0.0012559999999998436,21.272227626871754,7222.336791916436
5.176036041051286,0.0012560000000000138,13906.026895411354,6230.287484447816
5.176677785485186,0.001256000000000025,3458.802750027329,6027.462825651525
