Wavelength_um,Model_Depth,Transit_Depth,Error
2.8705440656200856,0.0028143162550109133,0.002779929020668196,0.0003433650928959281
2.871219918514831,0.0028104674344258647,0.0033779748063410046,0.0003429314240629469
2.871895763808353,0.002806618657127766,0.0029530833373178247,0.00034302327298020514
2.8725715630920616,0.0028032181429257924,0.0030037033044271093,0.0003426708532665356
2.87324736237577,0.002800356392793476,0.0029505111098419995,0.0003421447940029676
2.8739231616594787,0.002798047283623589,0.0030047994531961528,0.0003418264082125785
2.874598972880794,0.002794984178219545,0.002982621454455345,0.00034105517363026944
2.87527481269201,0.002792428886018181,0.0031411626127176573,0.0003385503638825175
2.875950652503226,0.002790413092247749,0.0025627345199466123,0.00033622191861436745
2.876626492314442,0.0027890632030916507,0.0029980359664427024,0.00033560849598404516
2.8773023092070065,0.00278983292620377,0.0038091552293606362,0.00033718305870821625
2.8779780977695286,0.0027912038629568227,0.002725724553384751,0.00033774452956623934
2.8786538863320503,0.0027927423378862463,0.0029343908448516594,0.0003361174530502816
2.879329674894572,0.0027942817195776752,0.0025342479521269774,0.0003322549486498931
2.880005450594114,0.0027958210719684013,0.0026797631964805553,0.0003273168022935736
2.880681217715283,0.00279736040481837,0.0021230265582194707,0.0003228981945767523
2.881356984836452,0.00279889973766844,0.0032397749265947193,0.00031956589756426543
2.8820327519576208,0.00280065785651057,0.0028413138552447264,0.00031770418538241865
2.882708502945143,0.002802964173874109,0.002379047947890265,0.0003177642431454822
2.8833842486263195,0.002805273059087614,0.002626829792903626,0.0003184331361137756
2.884059994307496,0.002808636641842324,0.0019929367878477955,0.00031994322109448066
2.884735739988672,0.0028107030296255636,0.0034759684180506708,0.00032224586245419153
2.885411437168953,0.0028099334428599975,0.003435768643990671,0.00032498953213110483
2.8860871292561,0.0028091638618949377,0.0029929241842877917,0.00032545509293169657
2.886762821343247,0.002807788561860463,0.002498453566415894,0.00032377098945911336
2.887438515745513,0.002806625124294071,0.0033335631431468302,0.00032297536462848374
2.8881142483571396,0.0028058562091603932,0.0029539910696792337,0.00032396154594375857
2.8887899809687663,0.002805086582040074,0.0029072596935983885,0.00032606395162171
2.8894657135803925,0.0028036339098396314,0.002615756510872587,0.0003249698319744397
2.8901414354738035,0.002802547340007053,0.0021231135829690977,0.00032193530201201097
2.8908171168431647,0.002801999999999976,0.002422137469182776,0.00031824318572992017
2.891492798212526,0.0028019999999999764,0.003069697716403487,0.00031537638264055284
2.892168479581887,0.0028012386337335857,0.0025898228096988265,0.00031313796331353447
2.89284415320765,0.00280046967780703,0.0026811223320916022,0.0003107673543976414
2.8935198131424595,0.002800299331597402,0.002489988443873163,0.00030840904416633833
2.894195473077269,0.0028010000000001,0.0025944045803517083,0.0003065045710520277
2.8948711330120784,0.002801000000000114,0.0029384042573652497,0.0003078737845886116
2.8955467819464173,0.0028016079521029557,0.0027625363235319832,0.0003107355462268809
2.8962224204480354,0.0028023774720364386,0.0031178275761474033,0.00031169389971431334
2.896898058949653,0.0028032936494872475,0.003065076188533394,0.00031007140762002745
2.897573697451271,0.0028048309384556447,0.0026963349094358984,0.0003079167950520362
2.8982493003188003,0.002805684852299249,0.0025585732700621165,0.00030818113765127193
2.8989248852433875,0.002806454311211139,0.0029603866445940584,0.0003088518616499529
2.899600470167975,0.0028074475402459723,0.0030054304283560584,0.00030906566236997145
2.9002760550925624,0.0028089864580695873,0.0030280911765297133,0.0003074269740887897
2.900951673109009,0.0028105254512733125,0.0030482112919611817,0.00030609519871617805
2.901627298555048,0.00281153223070051,0.0026905937951779953,0.00030520024189222684
2.9023029240010874,0.002812602784985456,0.0024490884655816443,0.00030488428854108204
2.9029785494471265,0.0028141402037520874,0.0019494277030801502,0.00030519095032210264
2.9036541252928463,0.002815679100894882,0.0029219129908843225,0.00030568054747420547
2.904329699503047,0.0028178269914683135,0.0032400933271933855,0.00030541712998895514
2.905005273713248,0.0028197568877294525,0.003514625238522001,0.00030577699225197184
2.905680845361378,0.0028214436629660357,0.0031670199652601622,0.00030770882535301094
2.906356398143825,0.00282375192987642,0.002227777441141603,0.00031271250065893064
2.9070319509262723,0.002826746929049162,0.0025334523166613367,0.00031778999899394894
2.90770750370872,0.0028298225424742995,0.0031222344690307884,0.00032162284861443407
2.9083830506860058,0.002833122156526141,0.0027297860665305815,0.0003239975089030294
2.909058582042059,0.002836969146025316,0.003206170803529208,0.00032503598143375354
2.909734113398112,0.002840052908419564,0.0032142551119910935,0.0003222157260069044
2.910409644754165,0.0028351411249477347,0.0029541430964530047,0.00031593252674843306
2.9110851670649933,0.002827281886577503,0.0024670769689905427,0.00030858849453690925
2.9117606769960114,0.0028205008657881813,0.0026336843051379556,0.0003021454309294691
2.9124361869270294,0.002815121378283134,0.0026502093976838864,0.0002994508005718087
2.9131116968580475,0.002810346035138802,0.0029743827544949026,0.00029929644915292536
2.91378718222532,0.002806108301678138,0.003142925306473659,0.00030017742812421544
2.9144626493103445,0.0028024093425497725,0.0030208747785345365,0.0003013723854246973
2.915138116395369,0.002799332043756817,0.00289313089752431,0.00030224665994613625
2.9158135834803938,0.0027962547449640316,0.0027682382576997735,0.0003036772737376368
2.916489079907918,0.002794088656246228,0.002934417695471262,0.00030539932647640313
2.917164587511064,0.0027932247867021,0.003060604353781934,0.0003067106157331451
2.91784009511421,0.0027939932822686614,0.0026961078757987713,0.0003066407150825835
2.9185156027173558,0.002794000000000006,0.003270798772864092,0.00030655071515938093
2.9191910654984543,0.002793468034739726,0.0029125938967508504,0.00030739748284568536
2.91986652187283,0.002792397444481002,0.0028648477295978676,0.000309377666843184
2.9205419782472055,0.002790929409741188,0.0027271330798408987,0.00031249612331465037
2.9212174340698627,0.002790160097870314,0.0025817092152365796,0.00031557377777866757
2.921892869023959,0.0027893908097677135,0.0027576122478227528,0.0003168582733774289
2.9225683039780557,0.002788621952243348,0.0022655942740675496,0.0003147824454858124
2.9232437389321517,0.002787853372514656,0.0033252935423453527,0.00030987474145176736
2.9239191701068235,0.002787084088716697,0.0027926341013242905,0.0003050471883500853
2.924594583641999,0.002786999999999937,0.0024959607650644495,0.00030449882200309666
2.9252699971771747,0.002786545561301707,0.002496258786399275,0.00030520608601850724
2.9259454107123504,0.002785999999999926,0.0027520389029927076,0.00030586748367992145
2.9266208067380903,0.0027859999999999695,0.0030046556174989697,0.00030519584665553227
2.927296166731907,0.002785999999999935,0.0026990473028556793,0.00030640296503705255
2.927971526725724,0.0027860000000000124,0.0025954110169398247,0.00030866942588241296
2.9286468867195405,0.0027862994153981333,0.0031493278369626827,0.0003103785215077142
2.9293222660510057,0.0027870686401492125,0.0030451414907943864,0.00030993151745195135
2.9299976665599154,0.002787837889020423,0.002535425055618432,0.0003049185154952935
2.9306730670688252,0.002789214275783174,0.0022082979954443998,0.00029933775881207003
2.931348467577735,0.0027907527735255553,0.0027729313586657887,0.0002945820974911114
2.932023835947624,0.0027922908667752655,0.002824205647306071,0.00029108232248792055
2.932699185234188,0.0027938274976886243,0.002962712777685901,0.00028896760819157176
2.9333745345207514,0.002795365682279583,0.0026627150764104946,0.00028903987260113555
2.934049883807315,0.0027969040633425515,0.0029524995048096133,0.00028997623011985677
2.9347252164417026,0.0027986636097095856,0.002419651173200758,0.00029129349767259425
2.9354005443147786,0.0028009711081369067,0.0023543426509186867,0.0002925280365345926
2.936075872187854,0.0028010000000000977,0.0026973651761892734,0.0002942570996722915
2.93675120006093,0.0028010000000001237,0.0025888831194072932,0.00029652483567219875
2.9374265080692368,0.002801000000000178,0.002638990599751147,0.00029882011633818734
2.9381018145301825,0.0028010000000000933,0.0032646820484769205,0.0003006413521404893
2.938777120991128,0.0028010000000000764,0.0026692844246017844,0.00030137959923073546
2.93945242329335,0.002801000000000033,0.0028482845522887546,0.0003023932715030956
2.9401276762299107,0.0028010000000001107,0.00232955816770778,0.00030388907182634593
2.9408029291664715,0.002801142288344444,0.0026425240506953193,0.00030548920823424776
2.9414781821030322,0.0028019113691378226,0.002648654301930373,0.0003056018616497109
2.942153444250252,0.002801999999999999,0.0029323654128630408,0.0003028830156161294
2.942828737698878,0.002801999999999946,0.003110577943650818,0.0003012856464894474
2.9435040311475036,0.0028019999999999855,0.0027413443475690926,0.00030177539559084036
2.944179324596129,0.0028020000000000085,0.0029220525093814737,0.000304974304774487
2.944854598741878,0.002800488385553846,0.0030086338667244116,0.0003071839458835245
2.9455298409745803,0.0027984253725242846,0.0028770524822807494,0.0003076387189281375
2.946205083207282,0.0027964121111452764,0.0025093874464435302,0.000307530956518752
2.946880325439984,0.002794874117315223,0.0024677894946172826,0.00030786012141089585
2.9475555564022886,0.0027933377556262177,0.0028268708563099943,0.00030835144097690533
2.9482307772282907,0.0027918000518716824,0.0023455731598758457,0.00030812942903141476
2.948905998054293,0.0027902619634298893,0.002599326611573309,0.0003061894406323146
2.949581218880295,0.0027888619374940057,0.0028757212176110086,0.0003025364909691025
2.9502564180027684,0.00278809291799228,0.0024189571716135335,0.00029831830744263466
2.950931606721266,0.00278664782068021,0.0030025797234243244,0.0002954305399578482
2.9516067954397633,0.002785554902688319,0.002544500812045923,0.00029281159161240086
2.952281984158261,0.002784786138614231,0.0024111004367834946,0.00029028866741577356
2.952957137551448,0.002784018046016654,0.002756727921517932,0.00028786902157539143
2.953632283464689,0.0027847508923289337,0.0023029606101205953,0.0002874160687407488
2.9543074293779292,0.002784999999999976,0.0027513601881596593,0.00028741337991638853
2.9549825752911696,0.0027852888101266016,0.0024281844207939113,0.0002874860600225836
2.9556577606725347,0.002785999999999953,0.0025790198147741133,0.0002873038910371013
2.956332947094812,0.0027859999999998945,0.003041197187294402,0.00028634640936083726
2.957008133517089,0.002786595824051186,0.0030417310747570515,0.0002847440874222054
2.9576833123102437,0.002787000000000003,0.0024288355197002033,0.000283494945900103
2.9583584368228912,0.0027871326159714886,0.0029627594984254066,0.00028304472708197344
2.9590335613355387,0.0027879015504960205,0.0029659414728236393,0.00028362196884874213
2.959708685848186,0.002788670485020811,0.002263256651659384,0.00028465890243414827
2.960383804536908,0.002789439412912183,0.0028220890238487505,0.0002856165038304659
2.961058907650319,0.0027902083230639894,0.0029889915466555952,0.00028647620633504337
2.9617340107637298,0.002790977233216162,0.0031021790817211377,0.0002873851473545706
2.9624091138771407,0.002793235883539796,0.002807277267106839,0.00028898035738229757
2.963084207982911,0.0027950278086170304,0.002838528758680487,0.0002889351725476063
2.963759289698442,0.0027968483702681497,0.0023653673573429713,0.0002878760566263977
2.964434371413973,0.002799103351740373,0.0025716164744774487,0.00028672128614174006
2.9651094531295037,0.002800641123302019,0.0027864280459015517,0.00028812033912802227
2.9657845226566955,0.0028021788670994463,0.0021531995144736344,0.00029091666218417767
2.966459582975703,0.0028040748848828716,0.002975201728597098,0.00029374886828961076
2.96713464329471,0.002806381035135405,0.0031839198695811613,0.00029627848566089006
2.9678097036137174,0.002808684995268638,0.0031630549931465253,0.0002997910047363435
2.9684847255194913,0.0028109910894743486,0.0034644573883800493,0.0003037797619040464
2.969159732353123,0.0028132974909560442,0.0030282396517870764,0.00030445522227917274
2.969834739186755,0.0028154025949585055,0.0023176114184623588,0.00030165115541307065
2.9705097460203866,0.0028169401959461937,0.002610827575630236,0.00029680443137701203
2.9711847879498676,0.002816261061560368,0.002805154740903435,0.0002929383768305312
2.971859835288599,0.0028154922149335355,0.0026526563422943146,0.0002903605161954049
2.9725348826273303,0.002814723683017737,0.00266698564183827,0.0002881239408993345
2.97320992921917,0.0028139556614816303,0.0031702552966500507,0.0002854842096090459
2.9738849253567436,0.002813186873170047,0.0031554034841815414,0.0002835318150375741
2.9745599214943175,0.0028124180848584693,0.003080758920369627,0.00028186765102352317
2.975234917631891,0.0028116492965468386,0.002576871252161542,0.00028000980018589043
2.975909910287405,0.0028108805122012254,0.00259339946197397,0.00027778240596170513
2.97658488503388,0.002810111748252949,0.0026122903860814448,0.00027532448655245655
2.977259859780354,0.0028093437317628133,0.0024951136356327545,0.000273554254569224
2.9779348345268284,0.0028085753593087817,0.003090158141727988,0.00027274253437316196
2.9786098026242573,0.0028078066029336344,0.002768344394722229,0.00027269123839104137
2.9792847559809883,0.0028070378633473308,0.003019631308174484,0.0002729097793829952
2.979959709337719,0.0028077308762388263,0.00238935033422934,0.0002736171711695086
2.9806346626944498,0.0028084996158250493,0.003061992050780217,0.00027568027534592807
2.981309591519798,0.0028092683274712595,0.002111069338296829,0.0002782178102255026
2.9819844914081006,0.0028100369640591868,0.0026935859287917172,0.0002802053363036917
2.9826593912964032,0.00281080476825526,0.0027138911779570644,0.00028177377526201564
2.9833342911847063,0.0028115732245838493,0.0027521099937655494,0.0002845580901119342
2.9840092156352997,0.0028123419312474653,0.002918224086044868,0.0002871477003599953
2.984684156025674,0.0028131106560654365,0.0030862540103013467,0.0002886818666089729
2.9853590964160475,0.002813879380883717,0.002646565646436676,0.0002889053025977691
2.986034036806421,0.002815296211404257,0.002875804931509972,0.00028947689132313286
2.9867089385976358,0.0028168335731153455,0.002733278482291087,0.00029087190179619637
2.9873838277932694,0.002818370484171267,0.0027589404863641656,0.000293132653156827
2.9880587169889026,0.0028199060682340964,0.0025739730509626254,0.0002960689917297914
2.988733606184536,0.0028185567057297817,0.002447279664070388,0.0002984775654788117
2.9894084761011284,0.0028170194166262314,0.002836036267745973,0.0002979961306722794
2.99008334391244,0.002815741066159002,0.00243276481320255,0.00029515824084642306
2.990758211723752,0.002814944848009646,0.0029147980821389195,0.00029096467242266844
2.991433078487058,0.0028134075660887626,0.002778334614545532,0.00028626320853878583
2.9921079249154032,0.002812435165244347,0.002978648363442855,0.0002816323118155223
2.9927827713437485,0.0028116669267989926,0.002793987119531009,0.00027837260834451266
2.9934576177720933,0.002810899068596602,0.0026080993289600393,0.00027710118577593443
2.9941324537052334,0.002810130462750173,0.0025858297354417747,0.0002780279252927112
2.9948072466820896,0.002809361905828943,0.003261388380513159,0.0002805610665749985
2.995482039658946,0.0028090000000000215,0.0026231277082574525,0.00028339262717192153
2.996156832635802,0.002808824791986435,0.0029211058024055,0.00028566939902104044
2.996831639519373,0.0028080562192263872,0.0025935908339994934,0.0002861852030942248
2.9975064729952714,0.002807999999999936,0.0028492936855320167,0.00028564362134839394
2.99818130647117,0.0028084798479170742,0.0027117068661273017,0.00028363057788637026
2.9988561399470686,0.0028089999999998667,0.0033376337406766142,0.00028085675445722104
2.9995309483255665,0.002809017025427766,0.002504262993478738,0.00027823853608851314
3.0002057306131413,0.002809785570174391,0.002413590659412869,0.00027807129481469253
3.0008805129007157,0.002810554114921138,0.0030224877195798878,0.0002793906227493241
3.00155529518829,0.002811000000000093,0.0032084082674402087,0.00028080110197447504
3.002230057041346,0.002811091077407726,0.002725530875548773,0.00028193566672019845
3.0029048072631066,0.002811858711334516,0.002256448930388932,0.0002815019359049701
3.003579557484868,0.0028126270586388284,0.0031366668244985204,0.0002819898806948904
3.004254307706629,0.002813395566864094,0.0025284684753596257,0.0002834760852979804
3.004929041168754,0.002814328112001615,0.0030103742962318495,0.0002855381721420832
3.005603770014999,0.0028158650797607456,0.0031007382114087044,0.0002869028478330378
3.0062784988612443,0.0028152989762400306,0.0032052892309315886,0.00028774975330906466
3.0069532277074895,0.0028131219694421212,0.003009324374581766,0.00029044339553671247
3.0076279068224263,0.002810287007432027,0.002665227089009418,0.00029453161141019537
3.0083025822358067,0.0028079843431576793,0.002996892254607405,0.0002988629480974787
3.0089772576491867,0.002805679074091744,0.0023211396131937938,0.00029923643663816446
3.009651936184276,0.00280337379435886,0.0022005728059332,0.00029737066531293813
3.0103266520933674,0.00280106838692484,0.0032579603842551,0.0002939417143621908
3.011001368002458,0.0027987629794905726,0.002992881341570123,0.0002897548868688846
3.011676083911549,0.002796457572056254,0.0028149161199953845,0.00028661209453693714
3.012350788390448,0.002794769537223115,0.0030019115466186404,0.0002848730743704614
3.0130254531182707,0.0027928503879784622,0.0029102643594536575,0.0002840332543698078
3.013700117846094,0.002790545155423246,0.002533376176841896,0.0002835728734807925
3.0143747825739164,0.002788239922868193,0.0026965604276032165,0.0002824175660587941
3.0150494394027327,0.0027866231448685393,0.0026939699513291613,0.00027919012728586676
3.015724082760456,0.0027859999999999374,0.0020516360409242648,0.00027652752849549427
3.016398726118179,0.0027857747994097367,0.0028659064138328674,0.0002750072739295674
3.017073369475902,0.002785006412897604,0.0026679409126283246,0.00027493976225113025
3.0177480018114533,0.0027842389057891035,0.003308644667722588,0.00027497774980245605
3.0184226238004306,0.0027834708157170453,0.0026832714357615368,0.0002749428246994783
3.019097245789408,0.002782999999999999,0.002836555826175137,0.00027541294771411676
3.019771867778385,0.002782999999999942,0.0031868191006478586,0.00027686803828216926
3.020446475625029,0.0027829999999999127,0.002809928777361653,0.0002796025866455659
3.021121076246614,0.0027823974074639834,0.002824022724437249,0.0002819282308644443
3.0217956768681993,0.002781999999999935,0.002876776758785683,0.0002831373809185047
3.0224702774897843,0.0027819999999999998,0.0027213681120467894,0.00028312622651912445
3.0231448349646888,0.0027819999999999998,0.0029204991931617366,0.0002825579338719094
3.023819382173715,0.002782000000000044,0.0022298965990875945,0.0002833019180077002
3.024493929382741,0.0027819999999999776,0.0034167885837538704,0.0002837122881517456
3.0251684765917672,0.0027822112489653884,0.0027125098226759587,0.0002837557857320413
3.0258430624071604,0.0027829795699398307,0.0028087617328976565,0.0002838554099469524
3.0265176501082625,0.0027829999999999014,0.0023404504506484222,0.00028356399840536025
3.0271922378093645,0.002783515628907016,0.0024580057894327614,0.0002832669525123248
3.027866819390684,0.002784566786766965,0.002404660452880746,0.0002843207503046422
3.0285413452370546,0.0027860516460558853,0.0031147247836318145,0.00028769684519748404
3.029215871083425,0.002786819898728229,0.003289651493449573,0.0002904581296431902
3.029890396929796,0.0027881763028014344,0.003073568209041954,0.00029050869051060066
3.0305649175544858,0.0027897127962517557,0.002516149887314166,0.0002887019436889718
3.031239422039554,0.002791373879406212,0.0030173917992829375,0.000285577990184173
3.0319139265246227,0.002793678564434878,0.0030363960850542993,0.00028148520908796487
3.0325884310096907,0.002795320662137992,0.002625427955069439,0.00027823220125310864
3.0332629271679767,0.0027968563261229064,0.002720404432310949,0.00027660976702406
3.033937410293096,0.0027979999999998826,0.002443344828782286,0.0002765673878043534
3.0346118934182145,0.002797999999999947,0.002994404895848908,0.0002777869477527832
3.035286376543333,0.0027972672248937646,0.0027798392505580406,0.0002795375818949426
3.0359608310976016,0.002797000000000124,0.0025065835812496684,0.00028032839911528703
3.0366352608287652,0.002797000000000132,0.002629824204334628,0.00028050284384426857
3.0373096905599284,0.0027970000000001544,0.0026740490678593526,0.00028061769196501094
3.0379841202910915,0.0027969999999999683,0.0023078801995610907,0.00028212900139439984
3.038658577556775,0.0027970000000000573,0.0029654222185661193,0.0002840760150590041
3.0393330477766827,0.0027970000000000677,0.00268732002918047,0.00028606722529386634
3.0400075179965897,0.002797000000000122,0.0028560947553576874,0.0002878550141210641
3.040681988216497,0.0027969999999998985,0.002878716737117995,0.00028927367153668747
3.041356416229646,0.002797000000000115,0.0032922743922207997,0.0002914795437579877
3.0420308352830325,0.0027974127818919444,0.0031619546742374252,0.00029352884837359673
3.042705254336419,0.0027978197558810344,0.003044109296333278,0.0002949565317593526
3.0433796733898055,0.0027970516248410136,0.003266710667482657,0.00029526898238646754
3.0440540717338247,0.0027984329652247964,0.0022822808048243346,0.00029437034482435344
3.0447284694326724,0.0028014229466553596,0.0029884077540379248,0.0002943838466683736
3.0454028671315196,0.002805768872346997,0.002890979792352498,0.0002949670607850112
3.0460772623840824,0.0028111663998549846,0.0028291235731998403,0.000295468751070551
3.046751638729743,0.002817311059040938,0.0030102980569645917,0.00029472865697490044
3.047426015075404,0.002824006980294516,0.0026653515850334386,0.0002944102318466625
3.0481003914210643,0.0028315629904689375,0.002881804968012275,0.00029435687610287
3.0487747539305228,0.0028401956732308138,0.002532463404344496,0.0002942714081737446
3.0494490768991316,0.0028501799540872745,0.0026665088008954686,0.0002929838143516316
3.050123399867741,0.0028620482891615817,0.0028511892760369013,0.0002916029692647667
3.0507977228363496,0.0028751287141846986,0.002631406047739121,0.00029066992530491306
3.0514720578356247,0.002887312599869157,0.0030056206459629915,0.0002898809847664515
3.0521464106152494,0.002893457044330268,0.002477874798683904,0.00028807300492918495
3.052820763394874,0.002883509157084057,0.002857070125787102,0.00028599074669767067
3.0534951161744983,0.002872460562137851,0.002361344727231236,0.0002840250978980965
3.054169440932572,0.002862178483837357,0.0031423730361183864,0.000282219292730094
3.0548437425527264,0.0028529687636364713,0.0028375177625788862,0.0002805839568269462
3.0555180441728806,0.0028452887907417586,0.0031215750623207663,0.0002803774388899381
3.056192345793035,0.0028386870542775056,0.002926425590467306,0.00028117041922427695
3.0568666326419422,0.002832543210551844,0.0027902294077439393,0.0002819783318123467
3.0575409129149933,0.002826550082491564,0.0033111434372872354,0.00028214866644583897
3.0582151931880444,0.0028219474867710818,0.002681746324750348,0.00028222455546463504
3.0588894734610954,0.0028173407280562327,0.002982157474632502,0.00028255383596055594
3.0595637358878265,0.002813110843463438,0.002462229883788013,0.0002826564496452274
3.060237994815126,0.0028092711001415473,0.0028932130722045513,0.0002824770760929241
3.0609122537424254,0.0028054313568198156,0.0029440699868462728,0.0002823925314066621
3.061586512669725,0.002803636645399186,0.0029726586255326764,0.0002827380431442194
3.0622607193035125,0.002802550945047299,0.003026089981010391,0.00028274463713346743
3.0629349248723456,0.0028017836846555787,0.0023589059355861313,0.0002830018780700971
3.0636091304411783,0.0028010157967639842,0.003212476632554346,0.0002846385774515339
3.064283341018421,0.0028010000000000023,0.003358252137755804,0.00028920312785713176
3.0649575870696366,0.0028004799691689623,0.002670305941790096,0.0002931150834804139
3.065631833120852,0.0027997120351697714,0.0028539483858069253,0.0002951791723581238
3.0663060791720675,0.002799000000000122,0.002960340347277234,0.0002947333669714902
3.0669803086995597,0.002799000000000001,0.0034288423354672075,0.0002941756393894155
3.0676544929273706,0.0027984089955318276,0.00252437295283125,0.00029423960155547407
3.0683286771551814,0.0027976415977730745,0.002864337875198693,0.0002949945363055479
3.0690028613829923,0.002797000000000271,0.0026859562066444726,0.00029609118369115973
3.0696770368438764,0.0027970000000000525,0.0032949435248959677,0.00029596844327915586
3.070351199732016,0.002796338041307435,0.0030185772622700886,0.00029453985211511617
3.071025362620156,0.0027959999999999925,0.003051440435193272,0.00029385799988771393
3.0716995255082957,0.0027961976372534985,0.0024018648981972237,0.00029437546958055764
3.0723736765694527,0.002796965463063221,0.0024908428126224707,0.0002962092603887899
3.073047818119272,0.002797000000000102,0.0029359535299755993,0.00029729846740374417
3.0737219596690917,0.0027970000000001735,0.0026281340177255292,0.0002962734007185673
3.074396101218911,0.002797000000000023,0.003203018799268512,0.0002943308206788835
3.075070227884684,0.002797000000000036,0.002491964321168225,0.0002927441605817398
3.075744348097534,0.002797000000000188,0.0025116388614483116,0.0002914723547447215
3.0764184683103846,0.0027969999999998894,0.00300348834285703,0.0002910292509639476
3.0770925885232345,0.002797000000000029,0.002744430591801496,0.00029118984976606027
3.077766663892915,0.0027969999999998925,0.003238367297980906,0.0002917795560738236
3.07844073076925,0.0027969999999999176,0.0025452916716924576,0.0002925179899204465
3.0791147976455853,0.002797640999596428,0.0025425665386254073,0.00029322526973644253
3.0797888645219205,0.0027979999999999746,0.0032671816109288905,0.0002941705173195912
3.080462971214577,0.0027981765048002956,0.0026716335034148173,0.0002955943067513636
3.0811370785693564,0.002798944280830677,0.0031510055290080025,0.0002978929703849141
3.0818111859241357,0.0028004241137223555,0.0030957880102538,0.0002993231649563576
3.082485285465809,0.0028014792781182792,0.002708844509814939,0.00029960255648461126
3.0831593310099015,0.00280249278134363,0.002831467329256836,0.00029897200354264604
3.0838333765539936,0.0028040140963029505,0.0027409150446733245,0.00029785302915132615
3.0845074220980857,0.0028047818019340713,0.002313374055055221,0.00029832855255158293
3.0851814619006475,0.002806099002051618,0.0023123567231911574,0.0002989103941928617
3.085855486113847,0.0028073171823621984,0.0027170714264566896,0.00029819683453084284
3.086529510327047,0.002808169727396619,0.002539611858917965,0.0002956623134902437
3.0872035345402464,0.002809705090068683,0.002792225023447202,0.0002933857383112065
3.0878775499698508,0.00281123902154677,0.003007433025755768,0.0002942063412064389
3.0885515528535077,0.0028123867344572945,0.0028162016518559715,0.00029752601347493503
3.0892255557371646,0.00281315439150014,0.002685536549863179,0.00030256944473369105
3.0898995586208216,0.0028139220485430016,0.0033167222731895936,0.0003070795533519011
3.090573531949203,0.0028119309842282135,0.002969675048617332,0.0003084676885384504
3.0912474815149085,0.00280962819527947,0.0025318120196352032,0.0003082456459267372
3.0919214310806145,0.0028073261737863436,0.002632782194499482,0.0003070279689291176
3.0925953806463204,0.002805026004619958,0.002929050286118944,0.00030544702028467144
3.093269358404285,0.0028027231489602135,0.0025852371379720164,0.000305306433404074
3.093943348445103,0.002800946814475835,0.0029168138149379325,0.00030559475746206856
3.0946173384859206,0.0027994115296447585,0.0031064855179495534,0.0003057357524871835
3.0952913285267383,0.0027978143672207365,0.0030284331340020717,0.0003052658783592196
3.09596526674071,0.00279551161705904,0.003176795727070815,0.0003039957295294157
3.0966391949815972,0.0027938059339827556,0.0028096202745128192,0.0003027679242349761
3.0973131232224844,0.002792635809758324,0.003094204953339913,0.00030090190440905916
3.0979870514633716,0.002791868961886853,0.003108251427570461,0.0002980814377518951
3.098660958792058,0.0027911014136765876,0.0027490427914469238,0.0002940787717997251
3.099334865709476,0.0027916661340656175,0.002481321266593307,0.00029046613892318363
3.100008772626894,0.0027924336818073337,0.002958024956709321,0.0002875315771031351
3.1006826769285003,0.002793603679710214,0.0029963870504765393,0.0002869289237018555
3.1013565625237987,0.0027959062500813167,0.003596286915790159,0.0002869588111490672
3.102030448119097,0.0027989450939366113,0.002527018748863462,0.00028727221390918966
3.1027043337143954,0.002801509671380058,0.002470161024383001,0.0002873000883059412
3.103378205210598,0.002804080661551722,0.0026754065394421185,0.0002871281934605655
3.1040520375064995,0.0028071881406976857,0.0027338579304079466,0.00028694861421498907
3.104725869802401,0.002811025454455614,0.002797320896503972,0.0002879733104608906
3.1053997020983024,0.0028142902145709752,0.0029799029761198486,0.00028962214385925845
3.1060735508284534,0.002817700175560545,0.0030324620194344142,0.000291393996753891
3.106747423596134,0.0028214296864443192,0.002444997925361766,0.00029314951422376923
3.1074212963638144,0.0028244962291870115,0.0031206362792159346,0.0002955515911759444
3.108095169131495,0.0028275656908039724,0.002939784250042582,0.00029704916381126145
3.108769008070506,0.0028290000000001144,0.0030342371424295807,0.00029701891948261745
3.1094428190490095,0.0028281183425454865,0.003250261175007093,0.0002959833748969123
3.110116630027513,0.0028242811501852367,0.003046141341518752,0.0002955150900425153
3.1107904410060163,0.0028204439578244952,0.0021210302830592135,0.000296005558565871
3.111464237299812,0.0028166068490898893,0.003129080663471481,0.000296616589903108
3.1121380269622656,0.0028127711776890717,0.002596048336759191,0.0002975638616634438
3.1128118166247196,0.0028089384019093816,0.003282474254337587,0.000299212354698591
3.1134856062871736,0.0028051013309387182,0.0029801838659195994,0.00030222354720844144
3.114159378254159,0.002801811488591629,0.002933675940538586,0.0003041683947297317
3.114833146601912,0.0027990564466905767,0.0022089842434798597,0.00030453325355871646
3.1155069149496653,0.0027966723692498044,0.0027199076648042474,0.0003033749094281048
3.1161806832974186,0.0027936028095790133,0.0028915795404051195,0.0003029658447948119
3.1168543998895095,0.0027917667428485828,0.0028337616914652056,0.00030251459099717675
3.1175281149564102,0.002790232958005896,0.0033427957677056473,0.00030165539200693165
3.118201830023311,0.0027890000000000094,0.002938606810849958,0.0003003942624462092
3.118875549632538,0.002788999999999915,0.002253936477210518,0.0002990851738865442
3.1195493051678853,0.002789684857822141,0.003122900303297691,0.00029831597491825393
3.1202230607032324,0.0027904522331470994,0.0029396211709995356,0.00029785538364687135
3.1208968162385795,0.0027914392169445623,0.0028549587096099818,0.00029708449927831
3.1215705561445577,0.002792973931992092,0.002622566816185435,0.00029515159984313844
3.1222442499014766,0.0027937542709584448,0.002575298037090411,0.00029235140787560823
3.122917943658396,0.002794520982546428,0.0028212086765811812,0.00028963607930711346
3.123591637415315,0.00279557548386173,0.0031095133197851705,0.00028734587567409605
3.12426532278222,0.0027970550373374826,0.002624907212193815,0.0002858094266348648
3.124938995230506,0.002797822318030115,0.0033968857906818955,0.0002860932695689526
3.125612667678791,0.0027991791974460857,0.002891097839230321,0.0002874422285040557
3.126286340127077,0.002800356879415871,0.0021818007444928,0.0002891629404945708
3.1269600011895418,0.002801248011807934,0.0027975516621163428,0.00029096191958767246
3.127633652330542,0.0028027807789089113,0.0026322368605081947,0.0002928927516745117
3.128307303471542,0.002803657521038305,0.0023919577199283935,0.00029481400501304967
3.128980954612542,0.0028027256676112612,0.0027874032757036864,0.000296682162759931
3.129654591374895,0.0028004239474662585,0.002212420287966307,0.0002981502105768083
3.1303282212099575,0.0027981222509911793,0.002149995515213503,0.0002985314140566785
3.1310018510450197,0.0027958205545156076,0.0023578294297727,0.00029714682568287096
3.131675480880082,0.0027935188580406082,0.002593938382758141,0.00029597014465873096
3.1323490672959684,0.0027914788002368026,0.0027728820724572103,0.0002957006602349664
3.1330226438720823,0.0027899461415213608,0.002640552469034117,0.00029679048200325974
3.1336962204481957,0.002788411798523462,0.003008772231474309,0.00029644411140918763
3.134369797024309,0.002786877455525576,0.0031838633993532474,0.00029597518947476094
3.135043402081852,0.002785671523824846,0.0030941166530936096,0.000295604967925723
3.135717008471391,0.0027849043183697845,0.0026541911354843154,0.00029517046837764703
3.1363906148609297,0.002784137112914862,0.003200750868566804,0.000293078598083653
3.1370642163835956,0.0027833699130026045,0.002745912746418358,0.00029225922432840043
3.1377377716584878,0.0027826032176808176,0.003027131118953375,0.00029137034988685636
3.13841132693338,0.002782326485041992,0.003530365891482427,0.00029001243808794876
3.1390848822082718,0.0027838607795176674,0.0025540352352899746,0.00028813139992713097
3.1397584324741055,0.002786092593875099,0.0029851945957665867,0.0002872062434747998
3.1404319664491234,0.002788393962810238,0.002905593800022172,0.00028681574450708787
3.141105500424141,0.0027911588862422777,0.0026890268880470102,0.0002867109767549446
3.1417790343991587,0.0027949945011340794,0.0026251422403779103,0.00028661719298770635
3.1424525563939443,0.0027995908286277643,0.002784576493595209,0.0002867862487313426
3.1431260584216765,0.002804723700400566,0.0026503085784288513,0.00028780388548496486
3.1437995604494087,0.002810093306544389,0.0031700738205432235,0.0002886188548476493
3.144473062477141,0.002815595173455831,0.002709205046490148,0.00028828889924006646
3.1451465371056377,0.0028224986719258354,0.0030949448718554083,0.0002857915878105057
3.1458199858946276,0.002830002117251033,0.002379773896443789,0.00028360881538192547
3.146493434683618,0.0028384068521678744,0.0023750503464609555,0.000282595595049501
3.1471668834726083,0.002848011663355172,0.0035622010373008127,0.00028302696371596046
3.1478403587226724,0.0028595044150627313,0.002834112266203045,0.00028482350757220407
3.1485138479725343,0.002857663735919346,0.002784385243318617,0.0002854980278352705
3.1491873372223957,0.002854262700581209,0.003497695290947631,0.0002855257935187909
3.1498608264722576,0.0028520000000000086,0.0031426490516068112,0.0002847338270156781
3.1505342751829044,0.00285199999999999,0.0026030549392263925,0.0002826988917673473
3.151207713325156,0.0028527354365889754,0.003083501627504689,0.0002814233330015015
3.1518811514674083,0.0028540049008370046,0.002453894866119746,0.00028171122855313803
3.15255458960966,0.0028555383153802223,0.002412691635997704,0.0002828616830896166
3.1532279979697004,0.002857105915614067,0.002779850169637827,0.0002840942780093806
3.153901404173757,0.0028594068479741593,0.0030332927786890533,0.00028491857255044477
3.1545748103778135,0.0028611385202227673,0.0023115907765909605,0.00028603472906824973
3.1552482150575965,0.0028626724716574697,0.0029758747214756504,0.0002874771530473622
3.155921599971206,0.002864309567099665,0.0027586928527483447,0.00028900619047038205
3.1565949848848147,0.0028666104267133876,0.002956163608639937,0.0002892293433131717
3.157268369798424,0.002868272741293415,0.0029486512840415824,0.00028707760131830315
3.157941743505381,0.0028694028969310234,0.002639159841448261,0.0002843206363443406
3.158615075198761,0.002869830210479902,0.002799459859783406,0.0002817704898175729
3.1592884068921414,0.002869063317890502,0.0027709824951449302,0.0002802533841359521
3.159961738585521,0.0028682964253011014,0.0027852305264379007,0.0002792121001421718
3.16063508440842,0.002867529516619041,0.0029163670603628246,0.0002786742390903025
3.1613084565593383,0.0028667625779505157,0.0032786274241957394,0.0002784578604369889
3.161981828710257,0.0028659956442430817,0.003231639213721897,0.00027832623156839333
3.1626552008611752,0.0028652295780875387,0.002400849890400279,0.0002788616772609976
3.1633285428941584,0.0028644629352003615,0.002545496587706092,0.00027969288259279817
3.1640018533018024,0.002863696066854397,0.002788391780402757,0.0002810463486161126
3.1646751637094463,0.0028629291985086624,0.003389045928536631,0.0002831049638866653
3.1653484741170903,0.002862162330162703,0.0027481465636942817,0.0002859965807999689
3.1660217711934098,0.002861395477000787,0.0027965666502733195,0.0002878503962667166
3.1666950603166635,0.0028606286328967025,0.0023213837556622418,0.00028869568039280097
3.1673683494399167,0.002859861946029473,0.0029743575513930622,0.0002890450044605891
3.1680416385631704,0.0028590959743308012,0.0031847510308211625,0.0002906304975035293
3.168714911409779,0.0028556462903771775,0.002613458057974476,0.00029094034807927764
3.1693881792499874,0.0028522497528474357,0.0024771818826053765,0.0002894373122880627
3.170061447090196,0.0028489780917415096,0.002874452925569845,0.0002865715454636218
3.1707347149304046,0.0028451439924236134,0.0028176688350041415,0.0002832663991320444
3.1714079347254023,0.0028420481333694433,0.0025037168797079857,0.0002805665525772389
3.172081149363885,0.002838479241388493,0.0023473321056290274,0.00027935736790341627
3.172754364002368,0.0028349186150233322,0.002912127677284802,0.0002794816889947007
3.1734275798655336,0.0028318144654581883,0.002696989803258403,0.0002806708423703188
3.174100824318582,0.002827980499324791,0.0027152684134771803,0.00028139325362129547
3.1747740687716304,0.0028247172265529284,0.003361362079315324,0.0002810827508675428
3.1754473132246788,0.002821650053646193,0.002937213632587043,0.0002805060571229404
3.1761205485375115,0.002818582922380442,0.0026685266874879386,0.0002802804063631694
3.1767937418976584,0.0028155159822430783,0.0030293530163511984,0.00028151383590367
3.177466935257805,0.0028130889581646683,0.002972038585596473,0.0002830765490667812
3.1781401286179514,0.0028128066711115753,0.0032076038510806893,0.0002850502755937266
3.1788133152381333,0.0028148503145680546,0.002852615870476612,0.0002872466452140857
3.179486487321289,0.002818683868572466,0.0025016177107429777,0.00028908462624341287
3.1801596594044446,0.002822517422576531,0.0025612385403743793,0.00029060857260742093
3.1808328314876,0.002826350976580758,0.0027117717539920892,0.00029087104979991094
3.1815059890653936,0.0028301844479805853,0.0027315885915458332,0.0002895593971124914
3.182179129235584,0.002834021359969998,0.002512748296628549,0.0002865577025499201
3.1828522694057746,0.002838616173418094,0.0027296767924085085,0.0002833036961435866
3.1835254095759655,0.002842678870022623,0.002744299853108638,0.0002810846679729222
3.1841985371499963,0.0028468146046696685,0.0029779687364963527,0.00027964305525542485
3.184871656046558,0.0028514145060129243,0.0023872878917866004,0.00027879043423356973
3.1855447749431196,0.002856014407356067,0.0034283406546055132,0.0002786074811424551
3.186217893839681,0.002860614308699255,0.0033094638488039554,0.0002787195857989925
3.1868909739399225,0.0028648449540998656,0.002448021681759018,0.0002788481014879575
3.187564039658294,0.0028685417049296997,0.0027086150085155357,0.0002791009447831628
3.188237105376665,0.0028716045750928273,0.002761779540567292,0.0002802423734727022
3.1889101710950363,0.0028686618958142446,0.0031521528393447275,0.00028126676468830157
3.1895832626540703,0.0028643945604505277,0.002762602531772295,0.00028126798150488244
3.190256358187471,0.002859995682303604,0.0027204232604402423,0.0002806116987277806
3.190929453720872,0.0028561625642319357,0.0023744933867046784,0.0002802777922335281
3.1916025491061415,0.0028515953364046595,0.0029846025349351056,0.00028086358719720206
3.192275604189883,0.0028474994073386284,0.003246385406062423,0.0002811087481664021
3.1929486592736245,0.002843669366323306,0.0034154675139231186,0.00028087852843719724
3.193621714357366,0.002839803774323332,0.002701609486911546,0.0002802020001550576
3.1942947634544088,0.0028352043499698175,0.002800186780828509,0.0002805063433274654
3.1949677760029913,0.0028311709794819058,0.003370393071458425,0.0002803791477490996
3.1956407885515743,0.002827338333988748,0.0030728841819854837,0.00027946755567150234
3.1963138011001573,0.0028236045507965646,0.003317389671626577,0.00027788146884879535
3.196986807745677,0.002820538461295361,0.002652037702002861,0.00027710952640485427
3.1976597990286963,0.002817475317275657,0.0030899338297344127,0.0002776476270509556
3.198332790311716,0.002815602744519721,0.0030129183795603223,0.0002788260234404072
3.1990057815947353,0.0028148362396414653,0.0028588723078023836,0.00028048360243896134
3.199678755258497,0.0028140697548307905,0.0024876979045468785,0.00028265246658673067
3.200351704014421,0.0028140000000000547,0.002855671979683711,0.00028327383290910053
3.201024652770345,0.0028135368419472816,0.0026847690983519755,0.00028192102976784826
3.2016976015262695,0.002812999999999895,0.0029462724924693897,0.00028013336087260085
3.2023705725594382,0.002812999999999959,0.0028488911997575903,0.00027852714281593506
3.2030435617619912,0.002812238268757841,0.0029641578712674586,0.0002782761579711203
3.2037165509645438,0.002812000000000062,0.0029608721347996066,0.00027896596055439665
3.2043895401670968,0.0028117055351173288,0.002624826384262342,0.0002789742038867275
3.205062486967887,0.002811000000000034,0.0025224827923914167,0.00027706065476492574
3.2057354144622794,0.0028109999999999815,0.0027944466480946772,0.0002733987462302403
3.206408341956671,0.00281040621645026,0.002539264916692709,0.0002713913649283072
3.2070812694510633,0.0028100000000000065,0.002560568230980816,0.00027082495894551026
3.2077541794379805,0.002809874510890728,0.0031320052664913674,0.00027136410108902844
3.2084270856721835,0.0028091081028789595,0.002915219282591517,0.0002720242887011709
3.209099991906387,0.0028089999999998646,0.0028680569980314386,0.00027248908754958537
3.20977289814059,0.002808575286855783,0.003151845707033487,0.00027299930569260215
3.21044576357114,0.002807808925317676,0.00308540966307039,0.0002735700782664537
3.2111186272889958,0.0028070425657300492,0.0026238300293325943,0.000274134127976034
3.2117914910068515,0.0028062762061425847,0.002670353444539513,0.00027535441357238007
3.2124643506562736,0.002805510408809571,0.002792709837981014,0.00027562153946069
3.213137171863154,0.002804744678971312,0.0028121784336295106,0.00027539454269290097
3.213809993070034,0.002803978367801839,0.002512461216054865,0.0002753663285074656
3.214482814276914,0.0028032120566323397,0.002724623416069709,0.0002767133181203938
3.2151556448441356,0.0028029999999999496,0.0030089250827359574,0.00027683075075446195
3.2158285064940073,0.0028026793775694273,0.002847745757982277,0.00027624642451579324
3.2165013681438794,0.0028019130203372025,0.002823076058644265,0.0002755776964568912
3.2171742297937516,0.002801146663105193,0.0029738145217378426,0.00027652086600101454
3.217847068796984,0.0028003810366360902,0.0022186221859355837,0.00027822553598723566
3.218519868750391,0.002800000000000042,0.0024791488798233904,0.0002791687417935183
3.2191926687037977,0.0028001511033072905,0.002619172243400031,0.0002789177542003287
3.2198654686572046,0.0028009173902701287,0.002665965216821187,0.00027773503915907034
3.2205382579274726,0.00280100000000001,0.0027116000376239723,0.0002769406432147264
3.2212110366287487,0.0028014499278232498,0.00296863340995874,0.0002766570136587359
3.221883815330025,0.0028022159446303447,0.002738251770505106,0.0002764856320438573
3.222556594031301,0.0028029813356441973,0.002944596355522545,0.0002757891539365852
3.2232293591706727,0.0028037475616979764,0.0026199671677523055,0.0002754984570142861
3.223902116621161,0.002804513800252011,0.002896414630171574,0.0002750489544094
3.224574874071649,0.0028052800388058846,0.0028992638403447504,0.000274087404238803
3.225247631522137,0.002806046277360011,0.0027326618218447524,0.0002724970828091718
3.2259203396626037,0.0028068124597523335,0.00327132766218324,0.0002722199712897935
3.2265930333687813,0.002807578625704748,0.0031255582573998016,0.0002723213503039324
3.227265727074959,0.002808344399402606,0.003030710355462556,0.0002732945716401867
3.227938420781137,0.00280910981865735,0.002775615661606542,0.00027550387688269246
3.2286111512292726,0.002809876026457086,0.0027544601541439643,0.0002795082849810462
3.229283885374805,0.0028106422384678535,0.0032576461676259074,0.0002816295715081256
3.2299566195203377,0.0028114084504787767,0.0030532837183403806,0.00028214175866924187
3.2306293509852333,0.0028123493188729077,0.0032140698155829527,0.000281988336201636
3.2313020234459917,0.0028138816023826605,0.003018784284878595,0.00028324155122738475
3.2319746959067506,0.0028161208288384827,0.002765901561088583,0.0002864851788506943
3.232647368367509,0.0028179450929863618,0.002734631310577371,0.00028705687752458744
3.2333200370394986,0.0028197142495655528,0.0031380477801747925,0.0002847565630242609
3.23399268825618,0.0028220126022420852,0.002956019371486743,0.0002802840492743152
3.2346653394728615,0.0028243109549187127,0.002605765871895453,0.0002773971937234283
3.2353379906895428,0.0028260728717302962,0.0029291552420646324,0.00027598665496124635
3.2360106352549036,0.0028279076375453175,0.0026419121120350927,0.0002751204466090918
3.2366832652288497,0.0028302056833748304,0.0025703173401562707,0.00027406239173007686
3.237355895202796,0.0028325013488149624,0.0030900120892061226,0.0002721365229326811
3.2380285251767416,0.0028347990609682264,0.002725848574336963,0.00027156754837287045
3.2387011456397707,0.0028370973085640808,0.0032131696165647126,0.00027209827503276693
3.239373754372323,0.00283926367738564,0.003046137671299352,0.00027340022709139254
3.240046363104875,0.0028407958157286883,0.002636245026222498,0.0002745609696259961
3.2407189718374276,0.0028410000000000605,0.0026109232487972265,0.0002752141010145444
3.241391543469644,0.0028409999999999195,0.0028510684331722745,0.0002755510439838897
3.242064088486064,0.0028409999999999638,0.0029498039334352934,0.00027569700390286657
3.2427366335024836,0.002840999999999945,0.0027621739039304324,0.0002758328231554087
3.2434091785189034,0.0028410000000000457,0.0027799412865544314,0.00027696592698375354
3.244081752504277,0.002840999999999893,0.002922627530833046,0.0002783452513107031
3.2447543379558086,0.0028409999999998844,0.003327561909185619,0.0002792200030663854
3.24542692340734,0.0028409999999999026,0.0026372293286598225,0.0002788629155609297
3.2460995088588716,0.0028409999999999005,0.003104738662821651,0.0002777847905428187
3.246772041861327,0.0028410000000000687,0.0029106850404248584,0.00027664609965799244
3.247444565641718,0.002841000000000058,0.0029758047751555095,0.00027522453228529046
3.24811708942211,0.0028410000000000774,0.0031218066672015305,0.0002735008800006889
3.248789613202501,0.0028409999999999707,0.002587294921744112,0.00027210767686861747
3.2494621160774053,0.0028409999999999274,0.002598893646213753,0.00027136820155572385
3.2501346186231097,0.002840614329586293,0.0032444112634375756,0.00027127590707030664
3.250807121168814,0.0028396967627134237,0.0025072959730653233,0.00027168265818765746
3.251479621200316,0.002838164871981136,0.0028688020107563122,0.0002721535205034379
3.2521521025126736,0.0028366330238891826,0.0026890126632505332,0.0002737937449972698
3.252824583825032,0.0028351021983501696,0.0025932237496200015,0.00027513312403250914
3.2534970651373896,0.0028333574084143894,0.0026343540300428764,0.0002754778828161343
3.2541695303868003,0.002831059691161364,0.0029274602864313415,0.0002741216638710302
3.2548419480071638,0.0028302540455499917,0.0033136899265229494,0.00027172151190505924
3.2555143656275267,0.0028289763880922627,0.0026206631389775518,0.0002697839088759581
3.2561867832478897,0.002827444685084536,0.002264627392316849,0.0002686726243007814
3.2568592164594428,0.002825956522799273,0.002511767405788927,0.0002685811636742168
3.25753167451128,0.0028251914965740387,0.0031590716287002545,0.0002686163566931166
3.2582041325631175,0.0028238516342526097,0.0024485467385614583,0.00026831796422431764
3.2588765906149546,0.0028226599195729563,0.0026797164399122294,0.0002684488828014519
3.2595490166704106,0.0028217881169239193,0.003021327491478277,0.0002693245419865174
3.26022141306279,0.0028202564622715025,0.0022302995378695196,0.00027059098748029824
3.260893809455169,0.0028193624038097167,0.0025939469263799664,0.00027128602114157507
3.2615662058475476,0.002819403423516696,0.0027390262180648464,0.0002721551022004815
3.2622385883954497,0.0028201690425431886,0.0027626359152253853,0.0002734728365486861
3.2629109635611853,0.002820933974472338,0.0029889206135950562,0.00027542048979876596
3.2635833387269204,0.0028209999999999538,0.0034549841454366136,0.0002760304671471563
3.264255713892656,0.0028214655055724147,0.0031837619909256165,0.00027639315767027933
3.2649280723880296,0.0028222312897357845,0.0032832272022508724,0.0002763504952030646
3.2656004263284615,0.002822997068711228,0.0026966832125886486,0.0002755405556641791
3.2662727802688933,0.002824525695373289,0.003396241922383189,0.00027355740440343826
3.266945134209325,0.0028255286266621275,0.002940635669238245,0.0002719204253575608
3.267617429673553,0.0028265880083584195,0.0026023130489232368,0.0002713205186682674
3.268289719946114,0.002828058906544585,0.0033150306625057994,0.00027217545387947647
3.268962010218675,0.002828824613005364,0.002756860083717717,0.0002737075451808366
3.269634302559017,0.002830770965463595,0.0025089511005653787,0.00027406891475675757
3.270306633259415,0.0028330682229820406,0.003110228522033645,0.0002736600731587503
3.2709789639598124,0.0028352436536670167,0.0029368654505839676,0.0002726779777358499
3.27165129466021,0.0028367751586793216,0.0030869930920093642,0.00027116993272676386
3.272323614034935,0.0028356948486122496,0.002588974610970009,0.000270686276399858
3.272995883087552,0.002834164275427029,0.0025680578051011337,0.0002713962628292655
3.2736681521401683,0.0028326329108424113,0.0028855244469716077,0.0002730981773527783
3.274340421192785,0.0028311015462578306,0.002501354775407217,0.00027523293842070495
3.2750126835342925,0.002829570196960698,0.002681214175373376,0.00027690654849394167
3.2756849313683047,0.002828038880709999,0.0026405631228493933,0.00027688823156145825
3.2763571792023165,0.0028265075644593593,0.002876098045934766,0.0002756314059134487
3.2770294270363283,0.0028249881376151403,0.003048719797545744,0.0002738928739406362
3.277701665349507,0.0028242233613770358,0.003045793137045768,0.00027291462967158475
3.2783738919662535,0.0028229159636304394,0.0029197435264133264,0.0002721690429315575
3.279046118583,0.0028213846957106554,0.002631829488800408,0.0002718282824442944
3.279718345199747,0.0028198534277909795,0.0028071557489787262,0.0002720091462849091
3.2803905348359876,0.002818322244109472,0.0028483577584037215,0.00027275500132073775
3.2810626978089736,0.002816791121164129,0.002110644644431751,0.00027435967365088785
3.281734860781959,0.0028152599982188236,0.0028077960038071113,0.0002757452497578112
3.282407023754945,0.0028138645918599618,0.0024961645315896056,0.0002761343524629669
3.2830792155508983,0.0028130998685428087,0.0022182836416324426,0.00027429892567389823
3.2837514189480834,0.0028116687495486513,0.0023359839165687057,0.00027320466190318014
3.284423622345268,0.0028105687672604863,0.002457051558837441,0.0002731060892503833
3.285095825742453,0.002809606319493208,0.0026453534561546215,0.00027349443650696213
3.2857679770664565,0.002808075223083294,0.0027063977378183925,0.0002733212370683389
3.2864401188275334,0.00280727207422847,0.0026593596758220585,0.00027246591490685736
3.2871122605886103,0.0028065070983064725,0.0027415937964590485,0.00027190752465120534
3.2877844023496867,0.002805742138553827,0.002970019768016985,0.0002715058887617814
3.2884565233947267,0.0028049766248351812,0.0026513140719550757,0.0002710516754378016
3.2891286439452334,0.0028042111116797904,0.0023924847409114145,0.0002705915998358589
3.2898007644957397,0.0028040000000000274,0.0028510632862027625,0.0002710188035267078
3.2904728827471987,0.0028036800879872813,0.0029308025881165977,0.00027176720810607666
3.2911449820884737,0.0028029145989881105,0.00280260153132837,0.0002725114447674028
3.2918170814297483,0.002802149109988837,0.0028519216975009414,0.0002734618517667017
3.2924891807710233,0.0028019999999998775,0.002725779636623172,0.00027564119560997177
3.2931612699332447,0.002802000000000045,0.0028851131905422577,0.00027780667477024355
3.2938333268600717,0.0028020000000000614,0.0031432702338332966,0.0002791763387211377
3.2945053837868987,0.0028019999999999764,0.002640722104816237,0.0002786454325811525
3.2951774407137258,0.0028020000000000076,0.0028452772578481883,0.00027665839281874497
3.2958494818924486,0.00280200000000006,0.002209958564457359,0.00027463568207457246
3.2965214964101808,0.002801999999999891,0.0028548632343225163,0.0002729210005921891
3.297193510927913,0.0028019999999999625,0.0032828923367732004,0.000271718257665394
3.297865525445645,0.0028020000000000636,0.003306942745818134,0.00027075437878088497
3.2985375602720364,0.0028019999999998775,0.0026462706161388084,0.00027050194559428335
3.2992096152097234,0.002802000000000056,0.0029985354458642297,0.0002710209710131276
3.299881670147411,0.0028020000000000644,0.003003359489033706,0.0002724306628508999
3.3005537250850985,0.002802000000000064,0.0031781429801841167,0.0002734647319442802
3.301225740989689,0.002801999999999891,0.002864617936158458,0.0002722785029349021
3.3018977343048803,0.002801999999999958,0.002916713457531937,0.0002704820540070627
3.302569727620072,0.0028019999999999157,0.003478292085243453,0.00026883903403004256
3.303241720935264,0.00280200000000005,0.002598490607760372,0.0002688023923427329
3.3039136980441652,0.0028020000000000093,0.0031578896515997677,0.0002694366492600529
3.304585670158154,0.002803561139672636,0.0028632393317273544,0.0002703801581187062
3.305257642272143,0.0028064668870347634,0.002215197545131419,0.0002714281047362404
3.3059296143861325,0.002808762919314833,0.0029023154925580733,0.0002722800416928127
3.3066015485423814,0.002811745095865105,0.0033882391958568363,0.00027277952149226144
3.307273478257979,0.002814804224154521,0.003088558999696115,0.00027293057700272046
3.307945407973576,0.0028178629064853585,0.002562921892446836,0.00027272261538213385
3.3086173365920875,0.002820924084701833,0.0029232177834168484,0.00027215252641430766
3.309289223914643,0.0028232388060864108,0.0028966121213531686,0.0002718149614812737
3.309961111237198,0.002826046064862002,0.002493882010646069,0.00027151681433472755
3.310632998559753,0.0028291070549419286,0.002629730921421829,0.0002716491834778542
3.311304892197358,0.0028321680737920132,0.002564540459291275,0.0002725591506776328
3.3119768199362305,0.002835229248000911,0.0027399801482354547,0.00027417038383431564
3.3126487476751034,0.0028382878164964695,0.0031280351209310225,0.000274247080564738
3.313320675413976,0.0028416838007628525,0.002696082701521299,0.0002741746801803386
3.313992585501405,0.0028453061008020595,0.003193680785771513,0.00027476302264833115
3.314664451629445,0.002847601770943545,0.002643752671995278,0.00027647269913962693
3.3153363177574855,0.0028498974410847847,0.00293444401366969,0.0002767169921487623
3.3160081838855255,0.0028517954074841283,0.003105402890575451,0.00027643637952200656
3.31668004118135,0.002853325834126035,0.002495241248789153,0.0002760373850089324
3.3173518861162123,0.002854856232611058,0.0035922225135553714,0.0002758882870729058
3.3180237310510745,0.0028570775803791405,0.0029665062935126324,0.0002754383323519235
3.3186955759859367,0.002859829503352904,0.003030534635228174,0.00027561420610142036
3.319367397742954,0.002862890194728697,0.003469422485216687,0.00027618010921548887
3.320039200295471,0.002865950798612655,0.0024933325569948335,0.00027660179000355825
3.320711002847988,0.002869011402496427,0.0027799293372764615,0.00027569590948985654
3.321382805400505,0.0028725900079755503,0.0029466275586369356,0.0002745797475820011
3.3220545792740572,0.002876131191235688,0.0027320022282578344,0.0002737338471490935
3.322726339449576,0.0028792354182777774,0.002862011224784325,0.0002735099499222479
3.323398099625095,0.002883060931805791,0.0026639754735987855,0.0002737004967215402
3.3240698598006135,0.002887463734400461,0.002535626310864382,0.00027417911340276325
3.3247416354795716,0.0028917120471501343,0.002921717335633965,0.00027455671559916534
3.325413414880669,0.002895322602097994,0.0031113057968811413,0.0002746001183781824
3.3260851942817666,0.002897617975905814,0.0025632068761314458,0.0002741039424637098
3.326756973682864,0.0028941733005725307,0.0027495523117956806,0.0002734845610753675
3.3274287152667066,0.0028899879677661095,0.0030799655245355062,0.00027278843710369617
3.3281004542557313,0.0028861659780425645,0.0032051588091383766,0.00027192918556473634
3.3287721932447556,0.0028823405851665955,0.002622103517008958,0.0002706728642424212
3.329443929466763,0.0028778182496577444,0.003168502123555159,0.00027054740432580195
3.330115626086808,0.00287369005645326,0.0028900661342087974,0.00027101754123985743
3.3307873227068527,0.0028698649048583182,0.002867021128111753,0.0002715016531477089
3.3314590193268976,0.0028660397532636853,0.0029185477811892466,0.0002712624332817999
3.3321307118252528,0.002861457550169168,0.003317580307365772,0.00027035606751236205
3.3328023872628116,0.00285739256392032,0.0033781742016997926,0.00026969410912036407
3.333474062700371,0.002853570257970616,0.0031385983606786283,0.0002694200522606973
3.33414573813793,0.0028497452270050748,0.002502968338984013,0.00026968003888166563
3.3348174067185057,0.0028459202350881326,0.0027404887700597878,0.0002710655899041346
3.3354890609749153,0.002841514389692998,0.0025632667933790827,0.0002733021899680159
3.3361607152313244,0.002837270414400201,0.0023877751947771523,0.00027575901164782494
3.336832369487734,0.002833778453952729,0.002734380383906117,0.0002778871039320513
3.337503994977917,0.0028322502958409842,0.0029795435770241,0.00027854035307495943
3.338175585698892,0.002831999999999888,0.0026296756752009908,0.0002784420562691433
3.338847176419867,0.002832404528951847,0.0028265006536660714,0.000278197128854822
3.339518767140842,0.002832999999999986,0.002830366400651915,0.0002779851261612271
3.340190381355773,0.0028330000000000096,0.002675215147269977,0.0002778744819063896
3.340862012484576,0.002832999999999908,0.0032030315764515114,0.00027719301133078675
3.3415336436133796,0.0028334642865755957,0.0029790034611933353,0.0002757697489270258
3.342205274742183,0.0028340000000000964,0.0026184928725439963,0.00027429981504915884
3.342876862149011,0.0028339999999999707,0.0027645060087940487,0.00027370923239585784
3.343548431694179,0.0028339999999999095,0.0026298994499559065,0.0002737440027727271
3.344220001239347,0.002834522780454892,0.0030486168099978883,0.00027302805012953873
3.3448915707845144,0.0028350000000001044,0.003104255965139946,0.00027213954820282907
3.345563122574867,0.002834999999999946,0.0029067904162440408,0.00027159931502101863
3.3462346709455635,0.002835000000000127,0.0027985983278342778,0.0002717935574309899
3.3469062193162595,0.0028355822543465734,0.002403144052836611,0.0002724627701087562
3.3475777676869556,0.0028359999999999588,0.0026692091929784514,0.00027339300886814074
3.348249295584945,0.0028358891849829013,0.0030925873137795765,0.00027417900385755977
3.348920822782505,0.0028351243476281898,0.0024708186827559434,0.00027336110343204484
3.3495923499800644,0.002833719020546445,0.002746554273640319,0.0002724898682458122
3.3502638711303963,0.002832594679805869,0.0025700184908981705,0.00027211397968946685
3.3509353348165565,0.0028316598295750686,0.002891025459019251,0.00027207170258237447
3.3516067985027163,0.002830130299538337,0.00269631633553034,0.00027165602984442587
3.3522782621888765,0.0028293011806724473,0.0029069301979141753,0.0002716512360168697
3.352949734891011,0.0028280734968314613,0.002652459500466524,0.00027283945007387046
3.353621238981361,0.0028267719373788742,0.0036337395245922503,0.0002749658923071603
3.3542927430717113,0.0028260071263419857,0.0027049056798268516,0.0002775060813943125
3.3549642471620613,0.002824484630610411,0.0028285757106720753,0.0002801321051057118
3.355635729643591,0.0028234775288798857,0.0029284955231749905,0.0002825643955462711
3.3563071721619537,0.0028224255759408535,0.0026005904045101917,0.00028437543063632663
3.356978614680317,0.0028209481061657413,0.00277485590095448,0.0002851397831095262
3.3576500571986805,0.002820184235268874,0.003016693882129446,0.0002840010358768023
3.358321489583393,0.0028194197157365574,0.002282404927637886,0.00028194193653758074
3.358992910935294,0.0028186549989347638,0.0027058189417013627,0.0002794849270679601
3.3596643322871946,0.002817999999999913,0.002831333515464986,0.00027702638228752383
3.3603357536390956,0.0028180000000000535,0.0027837161164374195,0.0002752952237217183
3.3610071493208205,0.0028179999999998874,0.002762450955645901,0.0002739653435449289
3.3616785283438,0.0028184037908242803,0.002482343509763055,0.0002733706496747534
3.3623499073667795,0.0028190000000000714,0.0027628867032124345,0.0002737492894103917
3.363021286389759,0.002818999999999948,0.0028514089081399393,0.0002755218089418793
3.3636926343520215,0.002819696622268833,0.0029328721124792737,0.0002775047552130206
3.3643639710514166,0.002819999999999963,0.002852649468189731,0.00027890529891124247
3.3650353077508113,0.0028202258630419036,0.0032035469612624727,0.0002797921534045664
3.365706644450206,0.0028209904834283423,0.0027175716648814483,0.0002804354865647674
3.366378015937869,0.0028209999999999876,0.002751827587961166,0.00028129457741517494
3.3670493930378154,0.002821519809838005,0.0020034379021889796,0.0002814934010072054
3.367720770137762,0.0028220000000000224,0.002399011254620602,0.00028087353093931704
3.3683921472377083,0.0028220480036875075,0.0027980567108440804,0.00027941080898373196
3.3690634635062366,0.002822812600804457,0.0034819143924556114,0.0002777473538832133
3.36973477904584,0.0028235771970908383,0.0027053106446492787,0.0002756504742423243
3.3704060945854435,0.002824000000000109,0.0028969052701809292,0.00027395345441972625
3.3710774052488377,0.0028236808476692363,0.002898819459197232,0.00027303842163278573
3.37174867847286,0.0028213872033955715,0.0022425841429278242,0.0002729663422736465
3.372419951696882,0.002819730485331389,0.002584315747009096,0.00027273196386594026
3.373091224920904,0.0028178033317053947,0.002822894761884569,0.00027241477661733317
3.373762493023841,0.002815673136619994,0.0026608514207855467,0.00027221196288007457
3.3744337450920727,0.0028141440886285,0.002660050957076106,0.0002725846910157163
3.375104997160305,0.002812615040637085,0.002565634345911483,0.00027350610581043216
3.3757762492285366,0.0028110859926457053,0.002866588935595827,0.00027410865371841145
3.3764474778945766,0.002809778498981129,0.003423518497195459,0.00027413598387297387
3.377118666503438,0.0028090140472626186,0.0026235988067475893,0.0002734018477866613
3.377789855112299,0.002807500898492987,0.002906605613961309,0.0002729491391696383
3.3784610437211606,0.0028064862827777664,0.0032507999457003123,0.00027299189582248324
3.379132252330928,0.0028057218082790875,0.002616465398798228,0.00027317351712382324
3.3798034813360958,0.0028049573105510327,0.0027671250261699074,0.00027315469476924437
3.380474710341264,0.0028041928128232007,0.0029268914662318375,0.0002727585455944882
3.381145939346432,0.0028034283150951064,0.00263819577821015,0.0002728004093654049
3.3818171301102633,0.002803000000000072,0.002514649987994483,0.00027285055402886477
3.3824882975686674,0.0028030000000000463,0.003250777692228669,0.0002727134089418733
3.383159465027072,0.002802999999999967,0.0028191222424202465,0.0002725366227037248
3.383830632485476,0.00280362828301297,0.002922224984968384,0.00027291863952053904
3.3845017841336706,0.0028043926926351347,0.0031562433882713465,0.00027345679454852213
3.3851729304429505,0.0028053141923530182,0.002318574002413392,0.00027389670736479064
3.385844076752231,0.002806842999435467,0.002423142380035184,0.000273843765264934
3.3865152230615108,0.0028076859032592893,0.002695060824202318,0.00027360579007761223
3.38718635089487,0.0028088995469735473,0.002604334127032413,0.0002735607147668987
3.3878574760563582,0.002810427052520189,0.0028809785634821474,0.00027381072101025474
3.388528601217847,0.00281195581143017,0.0027634719015665436,0.00027443453231893914
3.3891997263793354,0.0028134845703400484,0.003098302131415386,0.00027512444260686833
3.389870830402109,0.002815013281098205,0.003275377005216971,0.0002754814428746584
3.390541934417139,0.0028165419918386105,0.0027006153843440557,0.0002759606075117421
3.3912130384321686,0.002818070702578902,0.003005353698135966,0.00027707707287964446
3.3918841344873036,0.002819599395187461,0.00290288559031912,0.0002799854127465131
3.3925551750709517,0.0028216900173069354,0.00242942497252022,0.0002822337735059704
3.3932262156546003,0.002823654249782702,0.0030093167725357556,0.0002831760626648512
3.393897256238249,0.002825091408016132,0.00287446484371249,0.00028265456448157283
3.394568306959358,0.0028258557026871294,0.002822604758421522,0.000281878469677048
3.3952393879350673,0.002826620031816766,0.002629020877102142,0.0002816002255757846
3.395910468910777,0.002826999999999926,0.002961062254448968,0.0002815437787645706
3.396581549886487,0.002827148690075806,0.0025911276837595238,0.00028130625912932113
3.397252607704625,0.002827912992829992,0.0029024562901409767,0.0002799292115276528
3.397923627147144,0.002828000000000114,0.0027324110378247704,0.000278681373883816
3.3985946465896633,0.0028284403719700314,0.0028878331288067797,0.0002781607448057955
3.399265666032182,0.0028289999999998715,0.0024000780457426947,0.00027784163374246137
3.399936674868675,0.0028289999999998863,0.003074256452758485,0.0002766698788604486
3.4006076731713972,0.002829733112951406,0.00319799558469626,0.000273897197605804
3.401278671474119,0.0028300000000000044,0.002665654741692473,0.0002730915448503697
3.401949669776841,0.0028302612852977855,0.0026625245439862387,0.00027300431979819767
3.402620641574744,0.0028310246487185256,0.0029459590517470335,0.0002735926403252752
3.4032915976018674,0.0028317888355374543,0.003217029188680098,0.00027425233936652805
3.4039625536289906,0.002831999999999981,0.0026073340565454734,0.00027472580176930874
3.4046335096561138,0.0028323172091754036,0.0027092063843379547,0.0002750701181970079
3.405304433897974,0.0028329186402073665,0.0030253514215266095,0.000275291095795966
3.405975347654825,0.0028321545015321504,0.0029760781218721765,0.00027516289293621186
3.4066462614116766,0.0028307807257137857,0.002738258118200967,0.0002751215060880813
3.407317175168528,0.0028296266494100375,0.0031758805769089783,0.00027543330957959433
3.4079881058061274,0.002828863205232328,0.002611714608151965,0.0002759869706019477
3.408659038817656,0.0028280990446269737,0.003720013322071873,0.00027605814662123054
3.409329971829184,0.0028266697680428563,0.0026773430981530673,0.0002750776265347445
3.410000904765615,0.00282557072350152,0.0026500113463788877,0.00027430332870469334
3.4106717762575203,0.0028248066329639864,0.0030221805128430954,0.0002740257574928394
3.411342647749425,0.002824042542426711,0.00283113845078603,0.000274372939265259
3.4120135192413303,0.0028232784518891487,0.00302535861528138,0.0002744677897089524
3.4126843880764492,0.0028225149168641306,0.0030375543904320322,0.00027481213145800375
3.413355238437878,0.0028217514368589687,0.0028506050455857513,0.0002752798131822876
3.4140260887993064,0.0028209999999998813,0.0029919005024738477,0.0002756704740964627
3.414696939160735,0.0028209999999999993,0.0024379299681932614,0.0002755180262346747
3.4153677842372985,0.0028204592434654487,0.0026066308371794104,0.00027559021945532016
3.4160386134695817,0.0028196952010597714,0.002849331117907892,0.00027582913331930634
3.4167094427018654,0.002819068763028276,0.0023372192468269883,0.000276154231423208
3.4173802719341486,0.0028198319362164144,0.002472244846073338,0.0002762697252220523
3.418051077437822,0.0028211915203596016,0.003128159361143514,0.0002764432115931494
3.4187218432906548,0.0028227194607987932,0.0032273292271857747,0.00027663451577348766
3.419392609143488,0.002824247401238102,0.0032222531965112097,0.0002767100884911511
3.4200633749963205,0.002825775341677181,0.0030994850806750824,0.00027619706861647616
3.4207341609722257,0.0028266516639774537,0.0026852609181683687,0.0002754213537031583
3.4214049672092353,0.00282783136038549,0.0025510413694834724,0.00027455005757796706
3.422075773446245,0.0028293589839506242,0.002613094882995101,0.0002737081583213263
3.4227465796832544,0.00283088527800509,0.0025342575447509417,0.0002730931897605398
3.4234173476579635,0.0028317065463074856,0.002715896812533925,0.0002730092161998743
3.4240880923869743,0.002832470492468022,0.003168836659427554,0.0002732203855758475
3.4247588371159847,0.0028334688772572707,0.0026510455759353358,0.0002734959059990702
3.425429581844995,0.002834996769578715,0.002572782099428457,0.0002735663760157495
3.426100310819803,0.0028357623130065364,0.002176710125163403,0.00027404294841226404
3.426771034426322,0.0028365262351095805,0.0026345000625490663,0.0002749815609119785
3.4274417580328405,0.0028375796542270963,0.0028828545171579074,0.0002758656100216181
3.428112481639359,0.0028389999999999947,0.00268417628631689,0.00027630132860294857
3.428783168517046,0.0028390000000000815,0.0036586563444726996,0.00027664033288328374
3.4294538498825715,0.002839000000000057,0.0028199240473678632,0.0002766283689673648
3.4301245312480972,0.0028386554313803744,0.002440776568683075,0.00027627863771049804
3.430795212613623,0.0028378915573875783,0.002359801176213377,0.0002756074202627069
3.431465852042508,0.002837127731158883,0.0027857135835384064,0.00027464895392576076
3.432136491172361,0.002836363905270555,0.0029784835623199012,0.0002738131255397951
3.432807130302214,0.0028360000000000403,0.0025467311239068444,0.00027342073474446386
3.433477771668413,0.0028358373898992382,0.0027906707275772665,0.00027345402710413335
3.434148430062355,0.0028350735420702455,0.0028965858427585003,0.000273663755915271
3.4348190884562975,0.0028343096942410662,0.0029117261565136266,0.0002739214924128517
3.43548974685024,0.002834000000000098,0.0029533487522842915,0.00027445484699550047
3.4361603955928266,0.002833782009575324,0.002800793769122555,0.0002752889836765577
3.4368310136068376,0.0028330182077371062,0.0028607593670893477,0.00027640992789891366
3.437501631620849,0.0028322552541287576,0.00265531246964651,0.0002774210026726358
3.4381722496348606,0.0028314917430127063,0.0032252429330062757,0.0002781047125844274
3.4388428523598895,0.0028307279585879554,0.0031098601854265633,0.0002783884659372503
3.4395134281462068,0.0028299999999999172,0.0028136824729136133,0.0002782378212436013
3.4401840039325235,0.002830000000000013,0.002622952597529754,0.0002778514671054003
3.440854579718841,0.002829436697358893,0.00275272889224675,0.0002775785990903503
3.441525145268795,0.002828672955274634,0.00297587367347891,0.0002773441705595202
3.4421956999432592,0.0028280000000001043,0.003212599389885104,0.0002771622041614774
3.4428662546177233,0.0028280000000001524,0.002403950101840738,0.0002773795264195246
3.4435368092921874,0.0028273829051341905,0.0028496778320747733,0.00027751572332094084
3.4442073511410802,0.002826999999999942,0.0031671969853147835,0.00027731729491857504
3.4448778847050208,0.0028268554843905924,0.0030657992804496506,0.00027673632706390545
3.445548418268961,0.002826091778736912,0.0027855566268139534,0.00027587716672474827
3.4462189518329014,0.0028259999999999796,0.002355130063528071,0.0002756149040544257
3.446889439164123,0.002825564420086364,0.0031022485723945182,0.00027593826582663787
3.447559909404467,0.0028248010131917854,0.0029557511919968,0.00027685933565919864
3.4482303796448104,0.0028240382484132293,0.003176277692047569,0.0002783971123320134
3.4489008498851543,0.0028239999999999836,0.0031649778701352436,0.0002793076778507321
3.4495713545374893,0.002823510985720433,0.002609535936327678,0.00027924042445241136
3.450241865153518,0.0028229999999999475,0.002968600390670625,0.00027874305041748065
3.450912375769547,0.0028230000000000646,0.0022223484421044102,0.00027848926640437706
3.4515828863855753,0.0028229999999999215,0.0025248273338925897,0.0002796626199708855
3.4522533370967596,0.00282299999999996,0.0025366120496972,0.00028176615469905215
3.4529237862318958,0.0028233061346606054,0.0029740278640521516,0.00028385201930292576
3.4535942353670315,0.0028240697441539154,0.0030581732457482975,0.00028499257289351065
3.4542646804319674,0.002824833349011233,0.0028462330250153154,0.0002831881177957747
3.4549350873606737,0.002825596910433667,0.003156055217555003,0.0002817336347158816
3.4556054942893804,0.0028263604718557667,0.0025695890809680944,0.00028118717865116566
3.4562759012180866,0.002827248066556016,0.002748336770527204,0.0002813409887574404
3.456946303541204,0.0028287751789092836,0.003094441229483874,0.00028054024817732913
3.457616689368688,0.0028296503860850497,0.002477526931152693,0.00027956951535939705
3.4582870751961723,0.002830827050560639,0.0031549169368986223,0.0002790645838786035
3.4589574610236564,0.002832354125338463,0.0024927838838985305,0.0002789847841939791
3.459627825332767,0.002833881151099736,0.002270549183744444,0.0002789412631554463
3.460298147864554,0.0028354080816960408,0.003358200810879208,0.0002789777933282233
3.460968470396341,0.002837402518438489,0.0026314994575408297,0.0002791212581881651
3.461638792928128,0.0028394619428887074,0.0028090526757768228,0.0002790320261113881
3.4623091340834096,0.0028409889159076475,0.0032689069124978588,0.0002782698658570006
3.462979496986635,0.002843271320773352,0.0028319281347046303,0.00027761975168941747
3.4636498598898613,0.0028455610246805774,0.0030440980058169622,0.000277587388717994
3.464320222793087,0.0028478515585185047,0.002428038992118241,0.00027813862242070556
3.4649905498903815,0.002850141970012797,0.0024048724204114164,0.00027910574306203224
3.465660851326259,0.0028524322938254243,0.0028522185375484056,0.00027885765914934305
3.466331152762136,0.0028547226176383867,0.0027483813525915057,0.00027782921577196654
3.467001454198013,0.002857011789071693,0.002707338962122867,0.000276936857737287
3.4676717407888877,0.00285929979768415,0.0030655062441074564,0.0002765417096640903
3.4683420211301828,0.002861590049419722,0.0027976169766735746,0.0002762381661867956
3.469012301471478,0.002863880301155397,0.0030583992583183566,0.0002754588851511236
3.4696825818127737,0.002866170552891057,0.00269133715045031,0.00027468372052190474
3.470352844755739,0.002868460745179042,0.0028313474058501674,0.00027420822507104444
3.47102310400378,0.002870750924841965,0.0028922048123655834,0.0002744964576811021
3.471693363251821,0.0028730411045050654,0.0027291269129936756,0.00027458551121764936
3.472363622499862,0.0028753297696240865,0.0030349095196783972,0.0002745440681900531
3.473033821905387,0.0028776178425013515,0.003112119273952082,0.0002746535851118924
3.47370401788163,0.0028799078059736946,0.002784997062172659,0.0002753750861142909
3.474374213857873,0.0028821977694460737,0.0029582175949171103,0.0002764920672831118
3.475044411114378,0.002884487737292831,0.0027815851839372834,0.0002773712787081298
3.475714626369869,0.0028867777666397396,0.0025395241772562605,0.00027790283804066015
3.4763848416253595,0.00288886440802725,0.0032885141501128525,0.0002780159518704118
3.47705505688085,0.002884284349333645,0.002977216195032358,0.00027764760858650856
3.4777252645970576,0.002879708091487721,0.0024497652520048254,0.000276974032668315
3.4783954394853556,0.0028754428275322274,0.002961246483556913,0.0002761854644429208
3.4790656143736536,0.0028715516102027602,0.0030656450915322515,0.00027541878948115676
3.4797357892619516,0.002866971827367096,0.003156480990752218,0.00027481268692295947
3.4804059511928895,0.002862392133078063,0.00266081774425662,0.00027453130454129936
3.481076083909279,0.00285817719869429,0.002877191168583939,0.000274419447586783
3.4817462166256683,0.002854234016207034,0.002664805671715641,0.00027447646879960694
3.4824163493420572,0.002849659731453497,0.002409116001292838,0.00027492529044576073
3.4830864730452578,0.002845734208170459,0.002854429627035948,0.0002756712264490849
3.4837565846776832,0.002841501699241324,0.0025468430256889575,0.0002763695733564489
3.4844266963101083,0.0028371019572316753,0.003049544094566083,0.00027699736767468884
3.4850968079425333,0.00283328583176239,0.0026384638113231404,0.0002776672680030208
3.4857668849421115,0.0028294699035186694,0.002634331732990893,0.00027808621709605314
3.4864369333306033,0.0028251849658502562,0.002916970810428276,0.0002782826517357189
3.4871069817190956,0.00282083969443068,0.002374812945318237,0.00027833163883511804
3.487777030107588,0.0028170282701502534,0.0028874189274051753,0.0002783329089313943
3.488447105433036,0.0028147274301831334,0.0023981210122865633,0.0002781935756146313
3.4891171941850807,0.0028134792776934557,0.002867732082260928,0.0002778431997997993
3.4897872829371255,0.002812716078659237,0.002605721370084451,0.0002776164980056017
3.4904573716891703,0.0028119528796250346,0.002898557246213778,0.000277797626191665
3.491127412086975,0.002811189735663992,0.0030490977084651266,0.0002785001056674587
3.4917974393968088,0.002810426606609634,0.002731907671934739,0.00027882879411060616
3.4924674667066427,0.002809663860401906,0.0031294119623913826,0.00027883034367845173
3.4931374940164766,0.0028089014874527448,0.002451232338005971,0.000278527713688168
3.4938075022172597,0.00280813838016268,0.0024762560310380797,0.00027788878305288865
3.4944775084497612,0.0028073752751141315,0.003238927777024428,0.00027698655199438765
3.4951475146822633,0.0028066121700656963,0.0026805989748726246,0.0002763926239224594
3.4958175198136607,0.0028059999999999843,0.002522210916444603,0.0002761774050878469
3.4964874838954763,0.002805999999999974,0.002855155047603537,0.0002760762196343797
3.4971574479772918,0.002805322952189918,0.002726173745382945,0.00027610289714653406
3.4978274120591077,0.002804560395837139,0.002756383922424053,0.0002765675102895724
3.498497373077158,0.0028037979805498915,0.0029700805994960985,0.00027728563923222504
3.499167316085619,0.002803034947510592,0.0027251697810371156,0.00027783537941626174
3.4998372590940803,0.0028022719144714585,0.002817177336541635,0.0002777701301325265
3.5005072021025416,0.0028020000000000167,0.002578890486929782,0.0002774811216792203
3.5011771283897333,0.0028025082651246184,0.0027664409503929044,0.00027732855476085734
3.501847008186085,0.002804034148318673,0.002703399174413174,0.0002771526248525802
3.5025168879824364,0.0028055583344309353,0.0029563194028958176,0.0002768012810903188
3.503186767778788,0.0028070837534825348,0.0029719711983923207,0.0002768397534476666
3.503856663044661,0.002808609710807805,0.0031332382532124753,0.0002773511361632787
3.5045265831997114,0.002810135724828511,0.002711019467596379,0.0002782665412457902
3.5051965033547625,0.002811661738849261,0.0028271190447849417,0.00027850045928818777
3.5058664235098136,0.0028131877528698606,0.002499925268752934,0.0002782129333064108
3.5065363128315146,0.0028150705449824865,0.002969179782261156,0.00027810225671810333
3.5072061715598135,0.0028172392982020876,0.002836116278335956,0.00027848452276369844
3.507876030288113,0.002818763436378035,0.0027791772324593277,0.00027951196228125297
3.508545889016412,0.0028209335615595257,0.003184034747590678,0.00027994786901047313
3.509215734670585,0.0028228148853544632,0.0028711533069131026,0.000279859128124403
3.509885572332157,0.0028245110671941873,0.0026981338131894634,0.00027952499841628293
3.5105554099937284,0.0028267998063567375,0.002966777272800591,0.00027957855139491757
3.5112252476553003,0.0028283923636794237,0.003042421744595019,0.0002798497287721307
3.511895054177468,0.002830377178282759,0.0028507580704736617,0.0002802775295529222
3.5125648497095603,0.0028322216720245244,0.003043112424722686,0.00028062691295749803
3.5132346452416523,0.002832983669216976,0.0030528431096575213,0.0002805592376402823
3.5139044407737448,0.0028292674215618613,0.0027380786313373315,0.0002793313416872155
3.5145741821302496,0.002825962723780302,0.0032277955086573553,0.00027823062923137997
3.515243914478058,0.0028231836635146954,0.002682943743017197,0.00027766552810782116
3.5159136468258665,0.0028208603789253816,0.003235871428624249,0.0002779073311353863
3.5165833791736745,0.002817809206498083,0.002923646476946958,0.0002780149242743798
3.517253150880867,0.0028153203041608537,0.002646062250142614,0.0002782031347318474
3.5179229235831277,0.0028133555271454076,0.002620496813494418,0.00027859200771019395
3.518592696285389,0.002811744773512405,0.0027352515352350717,0.00027922269593125623
3.519262463267643,0.0028094562758507638,0.00288415123673263,0.0002799063777650926
3.519932174556672,0.0028077786456567303,0.0027083130102849937,0.00028072576899425993
3.5206018858457013,0.002806253107412989,0.0030659934358314776,0.0002813831572568019
3.5212715971347306,0.0028048637845845747,0.003126992687237296,0.00028172113417239544
3.5219413039819534,0.0028041010205217725,0.0025148812624295083,0.00028155558317600153
3.5226109942135277,0.002802678056397103,0.0029723164307386704,0.0002811846415763675
3.5232806844451026,0.0028015766691968616,0.0026158554003933975,0.0002809337259291056
3.5239503746766774,0.002800813924058499,0.0028142882399718907,0.0002807688278519407
3.5246200510700385,0.002800051194680984,0.0027539751251594857,0.0002804943506914944
3.5252896991906764,0.002799288497504872,0.0029982595109268586,0.00027988648233227197
3.5259593473113138,0.0027989999999999187,0.00273692120554608,0.00027964229014462933
3.5266289954319516,0.002799236896847405,0.0035253543960053917,0.0002799021033303965
3.5272986247715816,0.0027999995726326905,0.002967107990600152,0.0002807539471218177
3.527968230786578,0.002800000000000069,0.0028240980426251553,0.0002812279379001506
3.528637836801574,0.00279999999999996,0.002903281777305583,0.00028123291256929706
3.5293074428165703,0.002800000000000111,0.0030594149954734904,0.0002808974383112157
3.5299770597015976,0.002800049042940218,0.002461322088164187,0.00028038875147350946
3.530646685015964,0.002800811714141299,0.0029743041864862467,0.00028032311268328487
3.5313163103303307,0.002801000000000034,0.0028818019979756234,0.0002805447645608669
3.5319859356446974,0.0028010000000001246,0.002510564196115851,0.00028105896066118037
3.5326555191964633,0.0028010985412261686,0.003000079037610219,0.00028183328075966416
3.5333250831111127,0.0028018611424955975,0.002522840416126327,0.0002826551746534707
3.533994647025762,0.0028019999999999265,0.0030503797233658943,0.0002829434660479394
3.5346642109404116,0.0028023863450346116,0.0027234015181475573,0.0002830624277276864
3.5353337580771473,0.002803000000000096,0.0023931302724900716,0.0002831434505240822
3.5360033009436087,0.0028030000000000906,0.002865835280592578,0.00028325789598710024
3.53667284381007,0.002803674081788356,0.002404589379642006,0.0002835804417660867
3.5373423866765314,0.002804436162316893,0.003512476660641471,0.0002839932015531826
3.5380119103074117,0.002804801924478922,0.003084132233857983,0.00028446638807686154
3.5386814321270084,0.002804039371153703,0.0025643749407431265,0.0002849739153603799
3.5393509539466046,0.0028039999999999324,0.0028276535007676425,0.0002847212480517012
3.540020473831839,0.0028040000000000413,0.0025435805483979166,0.0002836907840775354
3.5406899325187786,0.002803751785286103,0.0034302236862822815,0.00028233385729211117
3.541359391205719,0.0028030000000000585,0.003372700570126427,0.00028115543341320084
3.542028849892659,0.0028029999999999227,0.0032241486274148883,0.0002803279246080735
3.542698314509441,0.0028029999999999054,0.002901538278174815,0.0002795619165971866
3.5433678135429463,0.0028027029458509143,0.0029600621326157173,0.00027913212169648934
3.5440373125764513,0.0028019999999999673,0.0026570398662762386,0.00027921057863682146
3.5447068116099563,0.0028019999999999673,0.002813165927336486,0.00027957295418361505
3.545376294487111,0.002801999999999984,0.0029731568089237316,0.0002796963482614814
3.546045732132478,0.0028016529246782016,0.0029874339048535136,0.00027998797607328485
3.546715169777845,0.0028009999999999897,0.002815928917545677,0.000280603832571218
3.5473846074232123,0.002801000000000084,0.002071669532010417,0.00028140243419510976
3.548054029103969,0.002800999999999994,0.0027952972086125695,0.00028154924666481306
3.548723424670158,0.0028009999999999815,0.003119477286885625,0.0002815162669311254
3.549392820236347,0.0028010000000001103,0.0029367552985692076,0.0002815376022617985
3.550062215802536,0.0028009999999999533,0.0027603949126494384,0.00028191715141424515
3.550731600947509,0.0028003170832031836,0.002812791395573571,0.0002823254050652419
3.5514009754760925,0.0028000000000000373,0.0028437030390543834,0.00028278142314911326
3.552070350004676,0.0028000000000000026,0.0033268423562955738,0.0002832854192334237
3.5527397245332595,0.002799999999999966,0.002598474644598275,0.0002838233349134694
3.5534090862043395,0.0028000000000001214,0.0026473927223859754,0.0002830938941307438
3.5540784396966396,0.0027999999999999505,0.003084192445702574,0.00028214156272660963
3.55474779318894,0.002799743971310954,0.0027932570853276863,0.00028137044941149746
3.5554171466812408,0.0027989999999999786,0.0027355820629847184,0.0002811340861454794
3.556086454303673,0.0027990000000000384,0.0029128393038392385,0.000281377690447083
3.5567557446950566,0.0027990000000000115,0.002667417928260858,0.00028135697208303486
3.5574250350864403,0.0027989999999999313,0.002711510540952762,0.00028119533033752386
3.558094325477824,0.002798933570070822,0.0027680160360087675,0.0002810508215546514
3.5587636321338256,0.0027981712618064974,0.0031678019305724815,0.00028154416868190075
3.559432941835318,0.0027979999999999876,0.0027542853197671385,0.00028216608743265447
3.5601022515368106,0.0027979999999999975,0.002522928695740629,0.0002825990020645233
3.5607715612383033,0.0027979999999999438,0.0027264932860603087,0.0002827866996070397
3.561440812183569,0.0027979999999999524,0.0029133868265298827,0.000283074165051944
3.562110060514284,0.002797359839960992,0.0020271126360564655,0.000283358174138509
3.562779308844999,0.0027970000000000802,0.0026633403050215594,0.0002832733666781173
3.5634485556509525,0.0027969999999999935,0.003141766121896187,0.00028297533104998417
3.5641177829533155,0.0027970000000000104,0.0024615516079020214,0.0002830941886993587
3.5647870102556785,0.002797000000000068,0.0029848504413186013,0.00028339514145314535
3.565456237558041,0.002796999999999958,0.002678886005130791,0.00028320209121001895
3.566125460917836,0.0027969999999999657,0.0029536488045215333,0.00028263971831111545
3.566794667193168,0.0027969999999999723,0.0026797596716719753,0.0002820497185759894
3.5674638734685002,0.002796264080240661,0.0027090755379908,0.0002820521373182329
3.5681330797438324,0.0027960000000000645,0.0033590604816657265,0.0002823088513391875
3.5688022669478476,0.0027959999999999396,0.002711928850137728,0.0002827110075814272
3.569471410150016,0.0027960000000000758,0.0027786812930200226,0.00028316576232755475
3.5701405533521835,0.0027960000000000016,0.0021308382657914487,0.0002839010206533548
3.570809696554351,0.002796000000000039,0.002780133850382625,0.0002845943205566525
3.5714788478084114,0.0027959999999999786,0.002669423299293407,0.00028520120227244414
3.5721480103256895,0.0027959999999999877,0.002933169892569915,0.0002856751171005104
3.5728171728429676,0.0027960000000000125,0.0025485842760346947,0.0002858585520564447
3.5734863353602457,0.002795999999999981,0.002703930918961878,0.00028588644218047437
3.574155476453493,0.0027959999999999595,0.002587806487141831,0.0002864811251669391
3.5748245986339144,0.0027961179938882576,0.002888887097507999,0.00028773843716475985
3.575493720814336,0.0027968800920437423,0.003239594869077303,0.00028875425700433107
3.5761628429947576,0.002797642190198932,0.0032922255993228693,0.00028897344209367616
3.5768319380383344,0.0027984042574468538,0.002636105202246988,0.0002890169527764574
3.577501018179226,0.002799166118520171,0.002570317486664937,0.0002888458481275513
3.5781700983201175,0.002799927301843092,0.0029374872087327953,0.00028798502224714975
3.578839178461009,0.0028006892693179042,0.0030718711853799886,0.000286146394103604
3.579508242635876,0.0028014513014076974,0.002893386300371823,0.00028438301110634
3.5801773017589835,0.002802426655487545,0.002974778742981907,0.00028298761807413176
3.580846360882091,0.0028039507081597044,0.0027605870927961316,0.0002822107813445004
3.581515420005198,0.0028054747608320324,0.0032352409254517694,0.0002819100164448159
3.5821844240482097,0.002806997551872987,0.003058403126461193,0.000281571150293646
3.5828534201258866,0.0028085203191934123,0.002976587263833305,0.00028132259024230797
3.5835224162035635,0.002810044228254171,0.003038578872731244,0.00028131840576499584
3.5841914122812404,0.0028115681373148543,0.0023901859499473963,0.0002817279774588548
3.5848604481800903,0.002813638205626676,0.002839179275583053,0.000281929615154512
3.585529484590983,0.0028156161380205355,0.002348079000596831,0.00028212351012768603
3.5861985210018754,0.0028172102084347136,0.0026574789826190816,0.00028245450113166494
3.5868675512272747,0.0028194961887036086,0.0027862565438119802,0.00028300862996824506
3.5875365262924483,0.0028217799532166132,0.0029855088104991123,0.0002834941304785573
3.588205501357622,0.0028237095702906786,0.002624903643176725,0.00028428529624166
3.5888744764227956,0.002825000000000018,0.002699792972576638,0.00028553501483176994
3.589543442480528,0.0028249999999998836,0.0030795133743315765,0.0002872082010710353
3.590212375524655,0.002824359481179266,0.0027887627112812316,0.00028796188908000606
3.590881308568782,0.002824000000000113,0.002927626947906241,0.0002883860225823045
3.591550241612909,0.0028238357157028115,0.003129665215109834,0.00028848763976999586
3.5922191677738655,0.00282307384080421,0.002863373133773412,0.00028790907045278476
3.5928880798094482,0.0028230000000000273,0.0026266254256349627,0.0002868707950671054
3.5935569918450314,0.0028230000000001123,0.0025790015703267776,0.000286178231316609
3.5942259038806146,0.002822789403324993,0.0030729496292408102,0.000285813160710326
3.5948947881382476,0.0028220275761524373,0.002912028863594576,0.00028558934980123214
3.5955636371561157,0.0028219999999999643,0.003700052607357186,0.00028558546955178394
3.5962324861739843,0.002822000000000087,0.0022024193356644847,0.0002861859745711075
3.5969013351918524,0.0028222574916857684,0.0025933420854694885,0.0002870560173095149
3.5975702065353885,0.0028230184584685917,0.003014491761668169,0.0002877874877081353
3.598239095882225,0.002823780291437804,0.0029252996971194183,0.0002874927279001802
3.598907985229061,0.002825084248813306,0.0027810688999078442,0.0002871830144075397
3.5995768745758974,0.0028269118721272763,0.002997685967587681,0.00028709311437857214
3.6002457230595333,0.002829394462821332,0.002620844455013799,0.00028736740440675045
3.600914551074135,0.0028339650415088666,0.0031384701770470445,0.00028793639925691174
3.6015833790887375,0.0028373570801310073,0.002951244616635382,0.00028821506713983983
3.6022522071033394,0.002839350633792118,0.0026454841158221934,0.0002881103279476251
3.602921002400847,0.0028401116200465204,0.002971005507980071,0.0002875002083678191
3.603589788412873,0.0028408733353221262,0.0031722355807484804,0.00028599542746790904
3.6042585744249,0.0028422701011955385,0.002660772285151697,0.00028454916837952006
3.604927360436926,0.0028433967658734426,0.0032837677184740428,0.0002837738886854394
3.6055961277310615,0.002844158459830416,0.0023348055397740923,0.0002836672787438954
3.6062648927437784,0.00284492015118874,0.0031567145177753813,0.00028383385299563077
3.6069336577564948,0.0028456818425471922,0.0026303590273265625,0.0002838017154843714
3.6076024226154226,0.0028468860582831013,0.0032746254372469186,0.00028392420465493413
3.6082711456334757,0.002848204038306883,0.002880573900493507,0.00028410994310664025
3.6089398686515293,0.002848965681835554,0.002416686101022247,0.00028411512076565305
3.609608591669583,0.002849727325364049,0.002547797644118232,0.0002838364531760921
3.6102773098285126,0.0028509779267164603,0.0025294304479016537,0.0002838955889564601
3.6109459908571764,0.002852250559062731,0.002969892540726775,0.0002844449964073679
3.61161467188584,0.0028530121547675497,0.002933745312544164,0.00028561690003306206
3.612283352914504,0.0028537737504721037,0.002646487839733292,0.00028774399265906923
3.6129520383416773,0.002855069484281272,0.003398064337442423,0.00028944748169786586
3.6136207387011297,0.002856295829955908,0.0023029148270724033,0.0002900095528922665
3.614289439060582,0.0028567702092911016,0.003012626756215473,0.00028904451697965924
3.6149581394200347,0.0028537237384052947,0.002554422297400036,0.0002877859287991234
3.6156268189869083,0.0028495160433696406,0.0031627716545644213,0.0002871169004571714
3.616295458031455,0.0028452889633744432,0.0024605630350676057,0.00028674620587986654
3.616964097076002,0.002841585451303822,0.0024203833569703946,0.0002864976833709608
3.617632736120549,0.0028385427252762066,0.0026695904496948785,0.000286148749664896
3.6183013657052108,0.002836122896223606,0.0030081104211651917,0.0002858277074139004
3.6189699837596763,0.002834225549522448,0.0025080919852334704,0.000285420936574289
3.6196386018141418,0.002832851250781223,0.00274674877303485,0.00028501388230799975
3.6203072198686073,0.002832089726801086,0.0028825566429177686,0.00028496634046962645
3.6209758143268274,0.002831328229696184,0.0033980335813766243,0.0002857898370578826
3.6216443904050832,0.0028305667535249513,0.0026676995785501023,0.0002867714076495154
3.622312966483339,0.0028300000000001015,0.0029229278786050794,0.0002875118080728311
3.622981542561595,0.0028300000000000855,0.002860851287164839,0.00028746661596989516
3.623650076250123,0.002829999999999949,0.0026730702929663916,0.00028685488050171935
3.624318589373946,0.0028300000000000057,0.002895067577781647,0.0002864881701217002
3.624987102497769,0.0028297607033054804,0.002905364195595815,0.000286424969214678
3.625655615621592,0.0028289999999999977,0.002728684230297806,0.0002866544862473108
3.626324160362958,0.002828999999999979,0.0032898233656141053,0.00028661003949114426
3.6269927138060387,0.002829000000000026,0.002857940222944014,0.00028630324000407446
3.6276612672491195,0.0028287152818554442,0.0026585725618976483,0.0002860262741972873
3.628329820692201,0.002827909292272847,0.0024760604137076445,0.0002860278807802232
3.6289983192767834,0.0028263865164538547,0.0032406058861769323,0.0002864992119073811
3.62966681141843,0.0028248637553111486,0.002673820537835625,0.00028672031340035804
3.6303353035600767,0.002823340994168423,0.0025149286276241875,0.0002867208060974211
3.6310037955839105,0.002821909116647116,0.002717462024715346,0.00028664295559989764
3.631672266744698,0.0028211477599719213,0.0026416684675233636,0.00028724506890091784
3.632340737905485,0.0028197742027178626,0.002918368068453121,0.0002880369439225375
3.6330092090662722,0.0028182523711474177,0.0027200241853905117,0.00028826876149423036
3.6336776753511075,0.0028167296689039075,0.0025878328145143765,0.0002878803139661873
3.634346104554127,0.0028152070511295022,0.0028011042525142586,0.000287548127280847
3.635014533757146,0.002813684433354921,0.0027624752983714347,0.00028833374310627665
3.635682962960165,0.0028121618155803165,0.0029921523912333874,0.0002896732130494558
3.636351377906336,0.002810639230281646,0.0026027155749858556,0.00029129546978244163
3.637019744182578,0.0028091167558483843,0.002671545257776328,0.00029281265504171357
3.6376881104588197,0.0028082979403199174,0.002843794331670155,0.00029297718447191516
3.6383564767350616,0.002807074084886164,0.0030531552712390825,0.00029299995906201124
3.6390248565792334,0.0028055515795463054,0.00302102026386235,0.0002933439210733121
3.639693263170485,0.0028040290132791113,0.002924614767628299,0.00029448825243303837
3.6403616697617363,0.0028032532235060885,0.002605156769201233,0.00029526565450964826
3.6410300763529877,0.002803508059627758,0.002852154020628686,0.00029447041190230834
3.6416984555846073,0.002804538623199469,0.002839310955787497,0.00029269512149409353
3.6423668008878898,0.002806060980404848,0.002477528686938881,0.00029060355080770675
3.643035146191172,0.0028075816750652138,0.003133015909454594,0.0002892639093887202
3.6437034914944544,0.0028096554379082508,0.002481134177100391,0.00028832555636670523
3.644371825131748,0.0028116260253570366,0.002675631803373222,0.00028773583374168513
3.645040149463387,0.0028132968084891258,0.002712389135781978,0.00028748551818244815
3.645708473795026,0.0028163415662644116,0.0035463856180769373,0.0002877480136310118
3.6463767981266644,0.002818789743029772,0.0035175113170922328,0.00028861434184073646
3.6470450945260486,0.002821071994969393,0.0028589622363287947,0.00028963834358796135
3.647713376918349,0.0028234709654594457,0.003022361323694097,0.0002905769038664227
3.648381659310649,0.0028265155321670903,0.002788189274332568,0.00029113312192246155
3.649049941702949,0.0028302001235931064,0.0025970384704578874,0.00029163620369887874
3.6497181753161683,0.0028340055541919737,0.0022708440963678245,0.000292011518676353
3.6503863948093285,0.0028379730852574917,0.0032539766402909587,0.00029208842488972104
3.651054614302489,0.0028425395054838235,0.0028704918352054605,0.00029147334351016074
3.6517228337956498,0.002847790246662462,0.0030522306340516436,0.0002911924962459021
3.6523910889494653,0.0028535593988572995,0.0031820833805913536,0.00029081969101439425
3.653059348753387,0.002860054086029503,0.002991884245293769,0.0002905113603121487
3.6537276085573085,0.0028676652455273534,0.003236885159830795,0.0002906264326684397
3.65439586836123,0.002870182921507565,0.002937289993790295,0.0002912948905037244
3.655064067279591,0.00286953393868023,0.002749519750610119,0.0002914046200650092
3.6557322658090032,0.002867250800197243,0.0031442228296331616,0.000291084033429851
3.656400464338415,0.0028649676617139496,0.002688686683231559,0.000290580587770654
3.657068658563907,0.0028626845379364253,0.003150404222925009,0.00029094831472139236
3.657736815169767,0.0028604033611954703,0.0029039931279968884,0.0002919501831497304
3.6584049717756275,0.0028581219643201844,0.0028463097772917136,0.0002931505371861564
3.6590731283814875,0.0028558389690838057,0.0031867585675243557,0.000294179144157938
3.6597412805559046,0.0028535559889890077,0.0033863710775615193,0.00029463679199296527
3.6604094162019614,0.0028512730653691234,0.0026496445907049824,0.0002943399521931066
3.661077551848018,0.0028493267611662846,0.0028099758779162915,0.000294163681721375
3.6617456874940753,0.002847707551214834,0.00263621890142241,0.0002943843647226158
3.662413816431983,0.0028454272476724123,0.00262708595215675,0.00029419490390028113
3.6630819311195517,0.0028431448822795282,0.002989957992759729,0.0002929491902371196
3.66375004580712,0.002841241353514513,0.002889288160121288,0.00029180218563206747
3.664418160494689,0.0028397194521760957,0.002675237055288048,0.0002910839310962185
3.6650862482379143,0.0028381976122143137,0.002676962584509192,0.0002907570602368617
3.6657543000579067,0.002836675854082131,0.0029058739464436936,0.00029028114374634933
3.666422351877899,0.0028351540959501136,0.0025234162843757986,0.0002897216111122907
3.6670904036978915,0.002833632756091253,0.002905321588480534,0.0002892061097324723
3.6677584659049747,0.0028321127055631816,0.0031266270677531103,0.00028897750558498023
3.668426537077036,0.0028312955158575482,0.0030461032768064767,0.00028947502159468874
3.669094608249097,0.0028305346147504923,0.002679967737500674,0.00029007896928487506
3.6697626794211584,0.0028297737136431063,0.002832467723278666,0.0002904521326224858
3.6704307111035535,0.0028290128575129986,0.0025252825871739577,0.0002902148905538415
3.671098721018401,0.0028282520261750416,0.002629899883267976,0.00028983362909396895
3.6717667309332485,0.002827491194836946,0.0025215807307684404,0.000289924723034956
3.672434740848096,0.0028267306702527903,0.0031096189820667293,0.0002903973889175597
3.6731027349962866,0.002825970689070235,0.0026579364955643496,0.00029111428043307225
3.673770723960533,0.002825209881594096,0.0025267602152294812,0.0002913846567576296
3.6744387129247795,0.002823898148235093,0.002819569625894795,0.00029156953952896565
3.675106701889026,0.0028226882666410593,0.0027023300935316544,0.0002915560652269213
3.6757746548068995,0.0028218550004399747,0.0025944016919064983,0.00029131345839934536
3.676442601873886,0.002820333480925229,0.0031785657079709947,0.00029115939009075623
3.6771105489408726,0.0028194059807053265,0.002557742467634967,0.00029124500905993914
3.677778496007859,0.0028182912491290387,0.002836771990696107,0.0002911306215160963
3.678446382256128,0.0028167713388243484,0.0026842018318080224,0.0002907627671803995
3.6791142664870784,0.0028152499624438565,0.002357442745246123,0.0002906827527904508
3.6797821507180286,0.002813728586063659,0.0031473155746854996,0.00029089081165486433
3.6804500379745093,0.002812207202791488,0.00278497946744127,0.0002908881727391057
3.6811179625065087,0.002810685734609234,0.0031015793853476845,0.0002906300611393803
3.6817858870385085,0.0028091642664270374,0.002731380502573069,0.00029034145492476155
3.6824538115705083,0.0028083221711372726,0.0030838507761267453,0.0002902913203560601
3.683121724948247,0.002807123633375367,0.002804822214585045,0.00029040620021046236
3.683789588236479,0.0028058011523503217,0.0029311263570330243,0.0002906820198850052
3.684457451524711,0.0028050404880127647,0.002995873027527124,0.00029112794059265733
3.6851253148129426,0.0028042798236753218,0.0026821749072629855,0.0002912948060441117
3.6857931659896916,0.002803519173132443,0.002831754513462033,0.0002911807485037361
3.6864609873964267,0.0028027585564962014,0.0028962144007246135,0.00029087351207295466
3.6871288088031617,0.002801997942203344,0.002746777839540283,0.0002904838585516685
3.687796630209897,0.0028012381908874224,0.002878600130292025,0.0002902019899676488
3.6884644433249574,0.002801000000000208,0.0024915431175086627,0.0002903812707208364
3.6891322437929137,0.0028007172621949154,0.002980706684091833,0.0002908765658139791
3.68980004426087,0.0027999566694069666,0.0024780994324453275,0.0002915098719094347
3.6904678447288264,0.0027991960766185577,0.0025725626868293855,0.0002915559053913739
3.6911356136238784,0.0027990000000000788,0.0024791264366450026,0.0002914431800457248
3.6918033512833763,0.002798674998538345,0.00262675503132589,0.00029126249693104127
3.692471088942874,0.0027979999999999854,0.002751092512566687,0.0002911336777719171
3.6931388266023717,0.0027980000000000192,0.0030837520894709584,0.00029153735810986606
3.693806588802975,0.0027980000000000474,0.0026576432371372325,0.00029224298037125706
3.694474366759273,0.0027979999999999347,0.002528573141667759,0.0002928685039104184
3.6951421447155717,0.002797999999999798,0.003161844964718839,0.00029323796138800307
3.6958099226718697,0.0027979999999997833,0.003155542817404326,0.00029320201175122554
3.6964776568356275,0.0027979999999999494,0.0029305788279969424,0.0002932548452542212
3.6971453735615976,0.0027979999999999685,0.0027350789150920405,0.00029352485550691637
3.697813090287568,0.002797999999999807,0.0029492915821992703,0.00029409804507034455
3.698480807013538,0.0027979999999998713,0.0028199947592540344,0.0002951236039431102
3.6991484893526776,0.0027980000000000457,0.002970511540572419,0.00029595396942289884
3.6998161642155303,0.0027979999999999997,0.0027100194265653275,0.0002960820084854716
3.700483839078383,0.0027979999999999906,0.002386647830203688,0.0002952629060742993
3.7011515139412356,0.00279799999999984,0.0025599570099987703,0.0002947173096166226
3.7018191693946525,0.0027979999999999667,0.0029995110583452634,0.0002945400536830199
3.7024868233279147,0.0027979999999999386,0.002996756921964056,0.00029446244486291864
3.7031544772611773,0.002797999999999892,0.002920408790225919,0.00029445639335769756
3.703822129109917,0.002798000000000093,0.0025697389066606114,0.0002945086867147465
3.7044897202622806,0.002798000000000065,0.002345466171833896,0.00029482138128266247
3.705157311414644,0.0027979999999999954,0.0024638305558359113,0.00029508995611268475
3.705824902567007,0.00279800000000007,0.0025422151349864014,0.0002956301290813351
3.7064924964051125,0.0027979999999998085,0.00282984785558224,0.0002966619335727674
3.7071601069250772,0.0027980000000001177,0.002741155521116733,0.0002979221217342669
3.707827717445042,0.0027980000000000123,0.0029732138510613457,0.0002980350965633309
3.708495327965007,0.002798331808616148,0.0026610592421291157,0.00029719367408382463
3.7091629235548544,0.002798999999999944,0.0029667186563985147,0.00029557263015876487
3.7098304728598444,0.0027990000000001035,0.0024682071557634378,0.0002935518131980077
3.710498022164834,0.0028002255630177933,0.0031452068461078576,0.000292347350143678
3.7111655714698237,0.0028013730882347336,0.002561129790672824,0.0002918412537436302
3.7118331134705995,0.002802133234892378,0.003172266193234642,0.00029186670298279947
3.71250064185387,0.0028028926528485226,0.0029918426269498377,0.0002919674194573623
3.71316817023714,0.0028036528134820016,0.0028782556353522497,0.0002920542071487516
3.71383569862041,0.0028048261927572054,0.0026041109205938843,0.00029223964828212104
3.714503207999188,0.002806346715260153,0.0024301024633736467,0.00029250014452368713
3.7151706945429535,0.0028078671857469845,0.0025528972000541396,0.0002927252862695363
3.7158381810867183,0.0028093876562341074,0.0024288292378763744,0.00029285814388034655
3.7165056676304835,0.00281136219008133,0.0027710112554787665,0.00029306088053105176
3.7171731424794903,0.0028136421245031746,0.0025436190924316084,0.0002934663131585441
3.71784060810547,0.002815920164182444,0.003237925585346129,0.0002942479187726279
3.718508073731449,0.0028182007075106606,0.0027861056444088614,0.0002945651843236362
3.7191755393574284,0.00282048134176794,0.0030348025128211845,0.0002953700183647304
3.719842963331798,0.002823015778276915,0.004416111157861368,0.0054680673812687345
3.720510366212286,0.002826070422621137,7131.68971721474,5828.078724738041
3.7211777690927734,0.0028298711223962002,1256.6414912872256,7309.146046253604
3.721845171973261,0.0028336718221712628,-4948.1577230330595,4175.3995486635395
3.7225125897365845,0.0028351174411720102,782.6553248432031,4513.3465110526795
3.7231800119910106,0.002832892911182129,-513.0766670524038,4552.286989171322
3.723847434245436,0.00283137258714022,5285.251954156645,3856.8809727444673
3.7245148564998622,0.0028292783946471623,-3603.813226154103,3731.3475256322804
3.725182225370639,0.002827332060659165,6400.6313761759075,4387.828664723415
3.7258495864273518,0.002825717814029528,11615.307889240139,5938.570043020774
3.726516947484065,0.0028234375370701746,-8235.871497557966,7272.258442408545
3.727184308540778,0.002821772904343953,-2510.6109626386815,11912.50739489775
3.7278516491801983,0.0028202536465143594,-3707.7823144586764,11385.752962830476
3.72851898932699,0.0028186002642586823,-10572.89949097574,9342.035355767714
3.7291863294737815,0.00281632005874563,-2914.2586873892274,8594.100742230914
3.72985366625672,0.0028146932431509218,-1449.5249888036462,12836.771311970639
3.730520964587599,0.0028131732013949194,3643.6699377428336,7532.777540684538
3.731188262918478,0.0028118265798195673,13714.934630714923,7069.965269801124
3.731855561249357,0.0028110665589415533,-4068.6560046154464,6484.838570343351
3.732522851878539,0.0028096146714936252,-3680.230721185227,7216.682323334829
3.733190108398746,0.0028085477125298847,19035.460648977736,8727.391187123321
3.733857364918953,0.0028077877392723234,25400.918950921357,9662.061346821436
3.734524621439159,0.002807027766014532,-2554.3305778926588,11925.848348661784
3.7351918835350464,0.002806267786406507,-14067.412655649841,11711.866412461386
3.7358591594341126,0.0028059999999999197,2008.3085933548693,12021.789547935372
3.7365264353331793,0.0028067566127558245,-9699.257231358235,9466.994417018961
3.737193711232246,0.002809048742808824,-26459.958206905503,13167.197914573864
3.7378609632087914,0.002812085156808932,-3839.4325888710687,10190.113541741779
3.738528177923565,0.0028151238174193957,-8878.595555109028,19398.018957803888
3.7391953926383383,0.0028187452799886418,-9558.72597568558,16730.92299588488
3.739862607353112,0.002823254028206771,-23906.305911399108,15375.765010919435
3.7405298014076083,0.0028270535387677474,-5367.866885078507,7391.484784003624
3.741196974322187,0.0028314235147301843,5422.709133172272,11776.575444195372
3.741864147236765,0.0028363132467623666,-3059.03583777999,9398.821810041052
3.7425313201513437,0.0028415414344801224,-24038.510300999453,15306.870305440229
3.7431984805836747,0.002846095430605384,-15576.23303468322,20626.223681781274
3.74386563260012,0.002850653525741145,21523.96024641811,16101.253792089588
3.7445327846165646,0.0028552126511382104,-9047.637480250467,12686.772826894661
3.7451999366330093,0.002859900405957866,56.19013253819245,9565.209069090612
3.7458670447566282,0.002865219035645017,10178.107619012353,5938.1652557898915
3.746534134086527,0.0028698892989968672,3121.5502854532388,5977.716494896623
3.7472012234164254,0.0028744452110337176,-9687.28844769816,7096.096726919754
3.747868312746324,0.0028791665025333347,9168.557916994356,5936.446907661907
3.7485354344087427,0.002884485240160816,14831.490072124992,8857.717447771258
3.7492025640166227,0.002889117749544148,-2705.1959604518993,8239.218023410529
3.7498696936245026,0.0028923383609037218,-8164.4243803966265,7310.728808516177
3.7505368232323826,0.0028925583569171247,-405.2552618971467,8591.512284233846
3.751203878561307,0.0028872401481444634,30.03706695549385,6561.614910463873
3.751870926106719,0.002881922001427083,9028.534418714353,5894.015883739576
3.7525379736521307,0.002876607718356268,9112.149013230908,6412.5262959864085
3.7532050210419876,0.002871293681897654,-3474.5420644061805,6705.873812795096
3.753872047697119,0.0028659791729126758,447.57718926267626,10493.591826258247
3.7545390743522504,0.0028614209041986517,12038.697643291433,9667.967154369495
3.755206101007382,0.002856862635484906,8288.412946999155,9288.634729499085
3.7558731230829943,0.0028523043980660666,9409.112330242031,13360.112320391838
3.7565401079614897,0.0028477886790347737,-2444.917699437568,26349.928713887828
3.7572070928399857,0.0028439903596811397,-62.56217160253441,10146.069297985789
3.757874077718481,0.0028401952348209455,8007.333897344772,9740.881352860952
3.758541053760326,0.0028367195728459652,21672.25579166526,9634.336875574269
3.759207996867419,0.002833681107665578,18786.9766750792,10443.574737609151
3.759874939974511,0.002830642642485135,-48383.04393502893,43475.58828385002
3.76120883226208,0.0028259242633415105,45196.41145823397,197749.9346193916
3.7685448194386915,0.0028281349183554615,5471.671224984778,39675.9481420054
3.7765463304213656,0.0028689430324923527,24895.394773545766,20585.837550163407
3.777213101783169,0.002873495575311737,-17066.216407472242,12587.921095388085
3.777879876379363,0.0028777077242560616,11251.050668689903,16464.884095039954
3.7785466509755565,0.002880394184677291,-4382.9668496865615,7896.027331801255
3.7792134243477893,0.0028758376468260172,7070.387678620333,10952.432497044156
3.7798801378056557,0.0028712815184122912,-17629.70483912584,9138.1642172595
3.780546851263522,0.002866346288331762,-1647.3930789258422,9161.051088928474
3.7812135647213885,0.0028611692615852337,3420.0163599019575,7156.952235608317
3.7818802731556844,0.002856613167500937,-14470.989763490861,5590.606110762686
3.7825469448761364,0.0028514054446723697,-4657.114068564708,5242.198250994691
3.7832136165965884,0.0028465083148296716,5444.212399254118,5443.534695447375
3.7838802883170404,0.002841952471637499,1647.808889980434,5013.546871530148
3.7845469554372304,0.002837396659882284,-722.9540769401938,3855.5509725825514
3.7852136062909345,0.002832840959287417,-69.78572814102009,3507.8087408417646
3.785880257144639,0.0028282852586926943,3455.6209305138955,4240.195874730857
3.786546907998343,0.0028237295580978623,-3255.22255307474,4127.999234357331
3.787213538795277,0.002819173994565284,-4749.4303530456955,3804.3634961417597
3.787880127056575,0.002814623706098449,3209.87746019267,4107.519658222721
3.788546715317873,0.002810558568804883,789.4643327665292,3137.0418305512303
3.7892133035791713,0.002806762508091317,-1729.6577153696744,2332.7033502356535
3.7898798999898595,0.002802973120775117,-1637.1989108784624,2376.555115412076
3.790546507652437,0.0027999361838158396,3799.839158364045,2294.8022120336723
3.7912131153150144,0.0027968992468564748,-1896.3338282019852,2763.598420535505
3.791879722977592,0.002794147703148019,-158.01124906394546,3714.209134701311
3.7925462988923115,0.002791915036691602,4225.963554979086,3685.0954895785044
3.793212845431868,0.0027903967074443814,-2501.806333636949,3650.4532006505096
3.793879391971425,0.002790000000000087,-5596.32972793928,3654.6265239941963
3.794545938510982,0.002789680024475075,-5265.688766847871,3746.4398895547683
3.795212472143578,0.002788920874551736,-4361.60042666017,4980.126481168571
3.7958789978242224,0.0027881617336855207,-283.20622366723717,4322.928953868499
3.796545523504867,0.0027880000000000413,-5187.538761018119,4825.343587283027
3.7972120491855117,0.0027876438575818903,1331.759794618729,3906.4192095108215
3.797878544914837,0.002786885484151533,-2895.1164155877063,3437.1322362643114
3.7985450288815734,0.002786126390795414,3779.182943973345,4098.543027737975
3.79921151284831,0.0027860000000000224,1696.7719411179494,2816.3246873504163
3.7998779968150465,0.002785608204083061,3553.384265462251,3131.2309459601606
3.800544429668348,0.0027850000000000197,-1169.7270502865201,2937.7918731665295
3.801210851074011,0.0027849999999999776,2386.129045083347,2821.1984553639086
3.8018772724796746,0.002784331124738412,3885.1806490500676,2988.364635203885
3.8025436938853376,0.002783999999999963,77.97650180658263,3027.853870745227
3.803210152153721,0.0027840000000000508,3007.321793555446,3050.1521212196008
3.8038766138179367,0.0027840000000001032,-926.748639950529,2999.752422322642
3.8045430754821523,0.0027832960415921652,-4825.435073235215,2958.214395893131
3.8052095362810463,0.0027830000000000433,-1386.7309396645155,2819.2662454317283
3.8058759368356285,0.0027829999999999973,1336.5964587131637,2099.240389472626
3.8065423373902108,0.002782999999999936,-921.2669268479235,2086.3367623812564
3.807208737944793,0.002783000000000015,2557.613044715646,2059.162181545388
3.807875133801196,0.0027830000000000185,2363.4509249687576,2078.7653803042786
3.80854149265753,0.0027830000000000073,-1759.3796119358426,2250.037435573082
3.8092078515138637,0.002782984223788311,-7181.774974426027,2282.8363348825796
3.8098742103701975,0.0027822252729267846,-169.8461484970369,2272.936060772425
3.8105405604319076,0.0027819999999999425,-4315.7614297646605,2430.181670312441
3.8112068775952115,0.0027820000000000284,-5388.468812096542,2466.0831399827352
3.811873194758515,0.002781999999999952,-2129.3077347128074,2557.1799609030645
3.812539511921819,0.0027819999999998987,2197.8405025970305,2844.1273929301015
3.813205809765929,0.0027820000000000167,346.7656786753858,2757.2150395807234
3.813872064399469,0.0027819999999999416,-1920.3211852401635,2791.692793626678
3.814538319033008,0.002781999999999972,-123.90020402781936,2506.4104703715543
3.815204573666548,0.002781999999999956,2327.3662369341228,2275.153312702945
3.815870844667893,0.0027819999999999594,-2935.519448876668,2247.8611368962115
3.8165371395551273,0.00278199999999992,-1510.3513025749921,2185.6497916488124
3.8172034344423618,0.0027819999999999325,886.7798997153458,2072.2817786428477
3.8178697293295962,0.002781999999999993,-2848.882866201479,2442.9882030635945
3.818535993416095,0.002781999999999969,-2851.7552227946026,2456.4652422019353
3.819202227208988,0.002781999999999962,-2057.293006304186,2561.0149078227187
3.819868461001881,0.0027820000000000167,1156.9176563493702,2307.4596506742037
3.820534694794774,0.002781999999999915,-1576.477454790963,2216.0601869267307
3.8212009035110293,0.0027819999999999408,-5581.165623469725,2699.3159887647007
3.8218670956265406,0.0027824317717840994,-3962.1631543176986,2601.5467674430474
3.8225332877420515,0.0027830000000000073,0.0037218246562787387,0.005683408121850396
3.8231994798575624,0.002782999999999994,0.0021392161207623842,0.00030277009164100376
3.823865657408724,0.002782999999999995,0.0031381877294035065,0.0003014604847564452
3.824531828687499,0.0027830000000000324,0.002590613023857616,0.00030128759321644414
3.8251979999662744,0.002782999999999996,0.0028383687666629523,0.0003012929082018429
3.8258641712450494,0.0027829999999999964,0.002645429300322158,0.0003014966173720068
3.8265303093489127,0.0027837418101923257,0.0028152954210584396,0.00030167091304946706
3.827196438958126,0.002783999999999993,0.0030827853380574234,0.0003017251590362268
3.82786256856734,0.002784258050760075,0.0027317637634694776,0.0003016976490640275
3.828528698176554,0.0027850167405199934,0.0029118706300113825,0.00030164408503755713
3.8291947719739676,0.002785775366712911,0.003130231327089719,0.000302011360926087
3.8298608390886124,0.002786533985294541,0.0028708473446234523,0.00030269957724089026
3.830526906203257,0.0027872926038761225,0.002948291563493876,0.00030343315818849787
3.8311929733179024,0.00278805122245777,0.002730508531652256,0.00030400591042804235
3.831859080263162,0.002788809886404511,0.0026042959923681442,0.0003043935234965722
3.8325251876260364,0.0027907037120342305,0.0031124640314239495,0.0003044840147269791
3.833191294988911,0.0027929782288914034,0.0028797732339686673,0.00030467059472124506
3.833857395303097,0.0027953389307657753,0.0029035726628770376,0.0003051774521449787
3.83452342076121,0.0027983732153130394,0.00289316481082836,0.0003061319369395108
3.835189446219323,0.0028020093748252805,0.0029189750381889467,0.00030626426833430567
3.8358554716774362,0.002806162676611162,0.002716876227202367,0.0003059945312108264
3.8365214933373917,0.002809642961261731,0.002765257217719544,0.0003055267042541894
3.8371874979691927,0.0028073673190118983,0.0027754835859955737,0.000305066367594382
3.8378535026009937,0.002805729231852094,0.003013598540116161,0.00030446490508925604
3.8385195072327947,0.0028042129675789926,0.0028877560047860223,0.0003039709365401854
3.8391855002627437,0.0028026958991737403,0.0030697211180668598,0.0003037317655241207
3.8398514632458283,0.002801178899212268,0.002938671614088852,0.00030400413118952243
3.8405174262289123,0.002800330949625435,0.003145042064012023,0.0003043540708426545
3.8411833892119964,0.002799572449644684,0.0021203353143898797,0.00030445061016945327
3.8418493288018394,0.0027989999999999352,0.002971301623330595,0.0003042863603009864
3.8425152293216143,0.0027990000000000237,0.0027206846508357452,0.00030395472411875074
3.843181129841389,0.0027989999999999495,0.0024708660543048674,0.0003037760511024673
3.843847030361164,0.0027990000000000107,0.002545241408879558,0.00030382945646421786
3.844512949799057,0.0027990000000000003,0.0029822181164712567,0.00030411397647507653
3.8451788905622037,0.0027990000000000384,0.0032616636408599638,0.00030461760255338845
3.84584483132535,0.0027997355709856236,0.0027009563614905883,0.00030522185418243333
3.846510772088496,0.002799999999999998,0.002689850051207566,0.0003057937862493667
3.8471766783179944,0.00280025219376335,0.0030874679490709863,0.00030633745776232274
3.84784255801927,0.002801000000000109,0.003208380215624255,0.00030686008814483805
3.8485084377205454,0.0028010000000000847,0.0026496009872628225,0.00030718411263091903
3.849174317421821,0.00280152655742809,0.002648164798954346,0.0003068821565695791
3.8498401696031745,0.0028022849312109737,0.0033194836689924853,0.00030627256002347487
3.850506007671356,0.002802999999999941,0.0028008332158871384,0.0003056767259869929
3.851171845739538,0.002802999999999946,0.0027811890212158866,0.00030605354537151453
3.85183768380772,0.002803000000000022,0.0027567976948366904,0.000307374434454189
3.8525034903958275,0.002802999999999937,0.002290666663932427,0.0003089112722849605
3.8531692868361214,0.0028029999999999978,0.0027916569312850903,0.0003100551671880206
3.853835083276415,0.0028029999999999696,0.002668494407752701,0.0003093501322007526
3.854500879716709,0.0028029999999999926,0.0030604042470403106,0.00030885171326710176
3.855166623015054,0.0028029999999999618,0.002286690850939567,0.0003088083878822846
3.8558323570232744,0.00280300000000006,0.0025066538001137567,0.00030924345745268083
3.856498091031495,0.0028029999999999895,0.002447998767309736,0.0003098053030019834
3.8571638250397156,0.002803000000000043,0.0024545956461615604,0.0003106215537209265
3.857829597105553,0.0028030000000000385,0.002784082478966744,0.0003112404654565848
3.858495371352287,0.0028030000000000208,0.0025287641447005902,0.00031139460983916907
3.8591611455990207,0.0028030000000000355,0.0023264628799645796,0.0003106310198772168
3.8598269173866018,0.002803000000000005,0.00288462835806355,0.00030998667315364366
3.8604926305867333,0.0028029999999999965,0.002996695044595696,0.0003096787660642785
3.8611583437868644,0.002803000000000051,0.0024074405448070726,0.0003097396284737806
3.861824056986996,0.002803000000000054,0.0027154294693030874,0.0003101633587208109
3.8624897645792227,0.002803000000000056,0.0028636612070826553,0.00031073460974994775
3.8631554361670775,0.0028034469660217208,0.0024476265467551837,0.00031105317916331856
3.8638211077549323,0.0028039999999999693,0.003027629645900589,0.00031103980709336066
3.8644867793427866,0.002804000000000052,0.002758305533294986,0.0003106442006468007
3.8651524461664013,0.002804000000000008,0.0035671320845772686,0.0003101865624925649
3.8658180969500684,0.0028039999999999814,0.003025014409201633,0.00030982864169076254
3.866483747733736,0.0028037622463169013,0.0024143111514485574,0.0003096257602462423
3.867149398517403,0.002803004101916314,0.0028197440484605944,0.0003096289229358206
3.8678150291368367,0.002802999999999965,0.002223264210505555,0.0003095618899443698
3.868480617515743,0.002802999999999952,0.002847019533632726,0.0003093635378721653
3.869146205894649,0.0028029999999999856,0.002460117905058418,0.0003089715875216315
3.8698117942735553,0.002802972899460676,0.0027716555654136144,0.000308364078846706
3.8704773907541936,0.002802214816908642,0.002279667664094813,0.0003081713497470451
3.871142998567768,0.002801999999999939,0.003508774072353539,0.00030830669332995654
3.871808606381342,0.002802000000000013,0.0032137603295167203,0.0003084144518374326
3.8724742141949164,0.0028019405981855165,0.0027340680961294426,0.00030824764022095843
3.8731397802455834,0.002801183412689994,0.0029147311153500007,0.00030768421110422483
3.873805306231428,0.0028010000000001072,0.0027877622076633002,0.00030734541119504984
3.8744708322172734,0.0028010000000000816,0.00301961507722247,0.0003072736822643184
3.8751363582031186,0.0028009096148027823,0.0027502475907865013,0.00030745859280376423
3.875801871633726,0.002800151626840913,0.002444056906290718,0.00030770701814722927
3.876467376824484,0.0027999999999999956,0.0024609363903563483,0.00030779551110009966
3.8771328820152413,0.002799636084169244,0.002586825713347553,0.0003078266004413236
3.8777983872059987,0.002798999999999989,0.003235056912006787,0.00030782219369124026
3.8784638634102273,0.0027989999999999586,0.0025642837016600596,0.00030772839247878635
3.879129327014708,0.002798362953286115,0.003106025495776725,0.00030780685936649207
3.8797947906191883,0.0027979999999999438,0.0028852806056587216,0.00030811188250230704
3.8804602542236686,0.0027978470908613753,0.0030503812294887917,0.0003085538015723985
3.881125717828149,0.002797089159649001,0.0025763484910188497,0.00030882840499469764
3.8817911814326296,0.0027963312284367513,0.00277761709311104,0.0003083507982823203
3.88245664503711,0.0027960000000000307,0.0026500933015022716,0.00030782395984879223
3.88312210864159,0.002796000000000016,0.002461280449831779,0.0003074470791665425
3.8837874988137613,0.002796000000000041,0.002261920336990481,0.00030740456119743905
3.884452879261278,0.002795300820886935,0.002990621176417529,0.00030779336723042364
3.8851182597087943,0.0027950000000000292,0.0024430283092968987,0.00030839636165411037
3.8857836401563106,0.0027949999999999984,0.0032760589768253017,0.0003091070958926459
3.8864490395707665,0.0027950000000000366,0.0030075599773628295,0.00030979194367413256
3.8871144394598707,0.0027942694311389885,0.0032397095865180675,0.0003102416899349386
3.887779839348975,0.002793999999999911,0.0030940873074521147,0.00031047964573036594
3.888445235097109,0.002794000000000021,0.0026618749165606315,0.00031065767094613366
3.8891105739739364,0.0027939999999999302,0.0032253340084718468,0.0003109469227687366
3.8897759128507636,0.00279399999999992,0.002551617063653013,0.0003114217219548181
3.8904412517275913,0.002793481490059619,0.0028973101743934794,0.00031175987720822185
3.891106583947445,0.002793000000000064,0.0030686439230775578,0.00031195342959106954
3.8917718812587774,0.0027930000000000246,0.0026204735378230993,0.0003120108237658359
3.89243717857011,0.002793000000000019,0.0024145199248175376,0.00031212573103409996
3.8931024758814425,0.0027930000000000515,0.002400072989612245,0.0003121920090615229
3.893767773192775,0.002793000000000086,0.0027929522993295403,0.000312065210658193
3.8944330705041077,0.0027930000000000736,0.0022498768436254785,0.00031169309313402256
3.8950983678154403,0.002793000000000008,0.0028227134322154884,0.000311426480196656
3.895763665126773,0.0027924206547531544,0.0024869378500942396,0.0003118622370364007
3.896428933826599,0.0027919999999999586,0.0032179670431680104,0.00031318191197578156
3.8970941480225196,0.0027920945938823363,0.003038750217438276,0.00031532174984611676
3.8977593622184408,0.002792851379088077,0.002982303206132547,0.0003172321498224718
3.898424576414362,0.0027930000000000493,0.003138993846411749,0.0003161409142411359
3.8990897990851607,0.002792999999999996,0.0023872858812266245,0.00031417236105182574
3.8997550327281965,0.00279300000000004,0.0020544270343893795,0.00031229326972512136
3.900420266371232,0.002793000000000028,0.002452459511610417,0.0003115003711133063
3.9010855000142675,0.002793000000000012,0.00295714293271863,0.0003112167792570059
3.901750701505791,0.0027930000000000576,0.0028567350538618135,0.00031114751834919626
3.9024158741517936,0.0027930000000000814,0.0029109045964563676,0.00031123232243669246
3.9030810467977957,0.002793000000000017,0.0032595320097963108,0.0003114942896609975
3.903746219443798,0.0027936688148562285,0.003072370012357458,0.0003121053525699474
3.9044113663982,0.0027939999999999627,0.002981514871697118,0.0003126686844248229
3.9050764974994743,0.002794000000000002,0.0026370924037180383,0.0003128727912629946
3.9057416286007482,0.0027939999999998994,0.0024814069845374783,0.00031220520354059136
3.9064067597020222,0.0027939999999999168,0.002882282308667368,0.00031149052840817777
3.9070718613321294,0.0027940000000000217,0.002132792646236946,0.0003113239890396386
3.9077369508938644,0.0027942129281250854,0.002580411397711561,0.00031182705787923204
3.908402040455599,0.0027949704333206475,0.0026082420417290987,0.0003131173611366956
3.909067130017334,0.002794999999999991,0.0032435456824914744,0.00031463974637949344
3.9097321863394203,0.002795000000000046,0.0026999221061513377,0.0003152321942948686
3.9103972343668043,0.0027950000000000505,0.0028175918837349805,0.00031522917324362245
3.9110622823941883,0.0027950003216334605,0.0029640457717227623,0.0003151079987509496
3.9117273304215723,0.002795757779523434,0.002663825283449576,0.0003153462193279401
3.912392395778707,0.0027965146709655843,0.003046098707876258,0.0003153377450544198
3.9130574632587245,0.0027972715982446383,0.0029430233484689624,0.0003150769409117947
3.9137225307387418,0.002798029078290056,0.002658117917175253,0.0003145879093427972
3.9143875982187595,0.0027987865583357172,0.0028369471853195625,0.00031429846554696916
3.915052605863366,0.0027995439702316917,0.00288238025291417,0.00031401569179881177
3.915717612361586,0.002800000000000029,0.001999975666619428,0.00031371176576025815
3.9163826188598065,0.002800058791412092,0.0033263153537665723,0.00031339320512121973
3.917047622387684,0.002800816198619215,0.0025241120823451023,0.0003132983261674898
3.917712587361927,0.0028015729093991476,0.0031939873813464103,0.00031314747586159546
3.9183775523361697,0.0028023297862597722,0.0027872872077839895,0.0003130269872081994
3.9190425173104124,0.0028029999999999657,0.003057529253010719,0.00031297889624575485
3.919707475574343,0.002803000000000051,0.003029701256554766,0.00031299825523235276
3.9203723990297936,0.0028036018212184793,0.0030817626472983374,0.0003129731975777494
3.9210373224852444,0.0028043591372268824,0.0023198152069624396,0.00031295042294434403
3.921702245940695,0.002805116453235349,0.0022192207423565842,0.00031298458227052095
3.9223671589569333,0.002805873757354079,0.0025158599057661904,0.00031324195927121955
3.9230320408987764,0.002805999999999925,0.0026009764482307386,0.00031372892245997564
3.923696922840619,0.002806387155854891,0.0023463603796143725,0.00031420933362021373
3.924361804782462,0.0028070000000000282,0.0022218900020181437,0.0003145667851763012
3.925026693360787,0.002807000000000057,0.003019425026920869,0.00031462669896205163
3.9256915947607744,0.0028076589917548902,0.0027327471916494374,0.0003146334029873935
3.926356496160762,0.0028084162826432523,0.0026027139092070347,0.0003146799466180424
3.927021397560749,0.0028088266239353907,0.0030416539358741235,0.0003147478726557866
3.927686272719511,0.002808070224437463,0.0031942752181361245,0.00031475806049622586
3.92835111315293,0.002808000000000032,0.0024704819965990325,0.0003149822583140806
3.9290159535863483,0.002808000000000082,0.0032415509747947932,0.00031555331564898394
3.929680794019767,0.0028079999999999785,0.003366058492084998,0.00031640866289901255
3.9303456128808216,0.0028080000000000227,0.0025191221415297215,0.00031740660334122643
3.9310104118109983,0.002808000000000022,0.0026026187304335176,0.00031774002548405546
3.931675210741175,0.0028075270948277847,0.002434269879240396,0.00031750941739865747
3.9323400096713517,0.0028069999999999692,0.0027946772582287814,0.0003170250437846825
3.9330047833339106,0.0028070000000000104,0.00246198106831041,0.0003166795514300119
3.9336695407660267,0.002806999999999987,0.002628504815352708,0.00031679979331391726
3.934334298198143,0.002807,0.002606336885508052,0.00031749426797388167
3.934999055630259,0.002807000000000064,0.0023051922758529474,0.0003185438089855985
3.935663813062375,0.002806999999999958,0.0028030628457089623,0.0003196587729094672
3.9363285704944913,0.0028070000000000516,0.002801528317034914,0.0003186385940106416
3.9369933279266074,0.002806471152703155,0.002578715265776548,0.0003179000507625375
3.937658085358723,0.0028059999999999995,0.0026378841658135704,0.00031778585311085914
3.9383227775165643,0.0028059999999999357,0.0027787190102790222,0.00031844277358729454
3.9389874519680994,0.002806000000000028,0.002889562715941897,0.0003183954890001851
3.939652126419635,0.002806000000000002,0.0030265650114980327,0.0003182955570355654
3.9403168008711704,0.0028059999999999223,0.0026819207996366394,0.0003180564277817046
3.9409814923546,0.002805929963149622,0.0026075719235158063,0.00031760542983243917
3.9416461862711576,0.002805172908574999,0.002676154944704754,0.00031678340655448214
3.942310880187715,0.0028049999999999278,0.0023531018722614473,0.0003164866386341829
3.9429755741042722,0.002804659938377696,0.0027690413232314094,0.000316565641236214
3.9436402093201313,0.0028039029506604055,0.0027653657647210518,0.0003168898415407364
3.9443048422891445,0.002803145965502185,0.003070476401548977,0.00031706546321199654
3.9449694752581577,0.0028023889803438563,0.002778909616146665,0.00031725996466763296
3.945634106100647,0.00280163199760738,0.002624262240335409,0.00031749966146512335
3.946298697592316,0.0028008750596898533,0.0030679568566663253,0.0003177594197961661
3.9469632890839845,0.0028001181217722714,0.002643788992611868,0.00031790582915787685
3.9476278805756535,0.0027993619106079426,0.002642332592353223,0.0003179328101568908
3.948292466296049,0.002798605391462338,0.0027153380770624015,0.00031802982260832336
3.9489570163155494,0.0027976970015590927,0.0028190734017432663,0.00031824740998183355
3.9496215663350505,0.00279618322019354,0.002732473303272374,0.0003186037598524784
3.950286116354551,0.0027953347194139373,0.0025700584847767475,0.0003189098561116551
3.9509506569690624,0.0027945778394429543,0.002233556474836832,0.0003191140219149936
3.951615165521571,0.002793820995989178,0.0028959253832937636,0.00031922445138031426
3.9522796740740795,0.002793064152535216,0.002750505470897714,0.00031927503561381116
3.9529441826265876,0.0027916161942512516,0.0034830866964425,0.0003190910272058458
3.953608697296907,0.002790551597611631,0.002347485711970265,0.00031883762987961275
3.954273225319931,0.0027897947319818627,0.0025653511618799994,0.00031865940503547846
3.9549377533429544,0.002789037866351956,0.002701409320957417,0.0003187691878424432
3.955602281365978,0.0027882810007221815,0.0029141862116078203,0.0003194695352768285
3.9562667849327626,0.002787524162946752,0.002551727569480968,0.00032012941152647755
3.956931252023453,0.002786767631372577,0.002750105164572147,0.0003205033292622408
3.957595719114144,0.002786011696115817,0.00285559987521055,0.00032033742686794346
3.9582601862048348,0.0027859999999999244,0.0027817935099082964,0.00032022286275558843
3.958924633042902,0.0027860000000000025,0.0030118837606416438,0.0003201948266260406
3.959589058676949,0.0027860000000000133,0.003012988100770927,0.0003201051045738589
3.9602534843109956,0.002785999999999924,0.0031532416608011154,0.0003198169619334187
3.9609179099450422,0.0027859999999999105,0.002578395726087273,0.0003196276853489465
3.9615823117262767,0.0027859999999999678,0.0028682443719394543,0.0003199632959805964
3.9622466959088523,0.0027859999999998945,0.0025060452127414843,0.00032075146266729486
3.9629110800914273,0.0027859999999999547,0.002896410590591633,0.00032188859308418576
3.963575464274003,0.0027859999999999543,0.002490598048888711,0.0003226209056976758
3.9642398210145946,0.0027859999999999005,0.0030347514127774056,0.0003223621289549554
3.9649041637508704,0.0027859999999999096,0.00307969762591477,0.0003215641687389075
3.965568506487146,0.002785999999999948,0.0026326044929597986,0.00032058926617395037
3.966232849223422,0.002785999999999898,0.0028000008032838196,0.0003202663627319863
3.9668972065381687,0.002785999999999904,0.0025175285642858947,0.0003203010678733225
3.967561568750445,0.00278599999999997,0.0020390970737995877,0.00032048246904815787
3.968225930962721,0.0027859999999999387,0.0029390548358782815,0.0003207024961168657
3.968890293174997,0.0027859999999999825,0.0030895671222733834,0.00032085829809092085
3.9695546045387227,0.0027859999999999174,0.00257558538748975,0.00032089583935511647
3.9702189058338693,0.002785999999999905,0.0026915260381800894,0.00032101034205372784
3.9708832071290163,0.0027859999999999335,0.002669549768830441,0.0003211910419180176
3.9715475084241634,0.0027859999999999777,0.00273499549653021,0.0003211130652990987
3.972211771561,0.0027859999999999344,0.002786121943225363,0.0003207347512706469
3.972876031420188,0.0027859999999998945,0.0025679949422886166,0.0003204163900020457
3.973540291279376,0.0027860000000000007,0.0029555244397533507,0.0003202989978432204
3.9742045508553456,0.0027859999999999972,0.0029173907262955365,0.0003205476103282196
3.974868769283743,0.0027859999999998914,0.0030477199907128685,0.0003208973639882352
3.975532987712141,0.00278641456459243,0.0024192556323443847,0.0003212981621546258
3.9761972061405384,0.0027869999999999193,0.0029296854242396894,0.0003218193956844426
3.9768614207358524,0.002786999999999932,0.0028566521896411,0.0003226520396502742
3.977525597738628,0.0027870000000000373,0.002396470952816547,0.00032391544425067296
3.978189774741403,0.002786999999999997,0.002512634299151466,0.0003251091166116879
3.9788539517441786,0.0027870000000000464,0.0029418962491365216,0.0003260094022745316
3.9795181322142383,0.002786999999999967,0.0022281817670851438,0.00032631759677915643
3.9801823286984916,0.0027869999999999367,0.003116501242328771,0.00032615006151204994
3.980846525182745,0.00278700000000005,0.0022290964319126986,0.0003259037379846252
3.981510721666998,0.002787000000000014,0.002464052669433493,0.00032563192170925417
3.9821749021228614,0.002787000000000003,0.0033328998709291715,0.0003253685566598862
3.9828390377051814,0.0027877338312914347,0.0028572968151573726,0.00032559269198380775
3.9835031732875015,0.0027879999999999927,0.0025721703861764297,0.00032653548529246504
3.9841673088698215,0.0027882463654554436,0.002683957962504595,0.0003282594021200514
3.9848314300235237,0.0027889999999999872,0.0031427522044518218,0.00033079547774473065
3.985495524190554,0.0027890000000000245,0.0031123396517097265,0.0003311389876037707
3.9861596183575845,0.0027895155106579285,0.0022958497859782625,0.00032955431822865385
3.9868237125246146,0.002790271882146409,0.002216513883964443,0.0003272833358663454
3.987487788746584,0.0027910282010768857,0.002748855244399729,0.0003254224287748468
3.98815184150349,0.0027917836649641106,0.0032120466871874333,0.00032515596709534823
3.9888158942603957,0.0027930794857867077,0.0029786098545249223,0.00032517977836052093
3.9894799470173017,0.002794296067217853,0.0038142264621967457,0.00032522496895716856
3.9901439783236885,0.002794999999999934,0.0025397166364302826,0.0003251687775385441
3.9908079896756337,0.002795000000000052,0.0023967314155272958,0.00032562312272469644
3.9914720010275793,0.0027955649214437763,0.003267864552369541,0.00032607304508580084
3.9921360123795244,0.0027963208331962526,0.003247892094435798,0.00032618616881394526
3.99279997384459,0.002797076280005248,0.0036573062872606553,0.00032589931349395767
3.9934639024021026,0.002797832462872582,0.0028852264954034403,0.000326054654303982
3.994127830959615,0.0027985886457398716,0.003213035170138829,0.0003265571751676103
3.9947917595171276,0.002799000000000042,0.002639007880043956,0.0003269779738800258
3.9954557298722113,0.0027991010590799597,0.0030651369183727507,0.0003271674037094536
3.9961197193126727,0.002799857311290054,0.0025766734426956052,0.0003272756907051514
3.996783708753134,0.002800613563500168,0.002312461172309854,0.0003275674362378979
3.997447698193595,0.0028013693949871014,0.0025860238970580214,0.00032783399332197906
3.998111593812481,0.0028021248221098455,0.0026339157329689587,0.00032801448541174596
3.9987754614870448,0.002802880935634398,0.003074184853058971,0.0003281276590445554
3.9994393291616084,0.00280363704915899,0.0023495348995002246,0.0003282159658430036
4.0001031968361715,0.0028047863253672315,0.00296333417545952,0.000328139977215935
4.000767062461295,0.002806149273873897,0.002928431629955051,0.0003278702408002346
4.001430927737428,0.002806905384666802,0.0028956886033831425,0.0003274200940319731
4.002094793013561,0.0028076614954596476,0.0031586454032311445,0.0003269993444523262
4.002758658289694,0.002808417131160106,0.0027301155645593086,0.0003267879100730009
4.003422562372445,0.002809345244584157,0.003407609686848535,0.00032676432956191867
4.004086469031527,0.002810857560436316,0.002892961871231592,0.00032681384550013
4.00475037569061,0.0028116849381442377,0.0034479892674356546,0.0003266932594461245
4.005414278884857,0.0028124410921240317,0.003051132181531289,0.0003266279664979919
4.006078022417861,0.002812999999999943,0.002850754264260961,0.00032668807680472214
4.006741765950866,0.002813000000000001,0.0027656194033609067,0.0003269517662102641
4.007405509483871,0.0028137082019156837,0.0024734853748001337,0.0003272245950884609
4.008069261414426,0.0028139999999999992,0.003128026716086128,0.00032738011817635916
4.008733085312769,0.002814219914934757,0.0033115620275397805,0.0003273799598257699
4.009396909211111,0.0028149759786003426,0.002818620037993942,0.0003271853673188764
4.010060733109452,0.002814999999999972,0.0029582700363489953,0.00032711303508043267
4.010724526426435,0.002815000000000082,0.002928438579026756,0.0003271343509307998
4.011388187224191,0.002815243949002607,0.002695027520593384,0.00032719586722048863
4.012051848021947,0.0028159998269042274,0.0036856026421870107,0.0003272393716827992
4.012715508819704,0.0028160000000000433,0.0027040277345957487,0.00032734402888662365
4.013379180157245,0.0028165104557599393,0.0027501008713727696,0.0003276680947383728
4.0140428799531565,0.0028169999999999615,0.0030478583257369076,0.0003280715511012922
4.014706579749069,0.002816999999999995,0.0028522191157004523,0.0003284085232145169
4.015370279544981,0.0028170000000000135,0.0024437567900902515,0.0003282962191814776
4.0160339939227265,0.002817534161643208,0.0030877097026971215,0.00032840287430903006
4.016697735080959,0.002818000000000009,0.003315709595191641,0.000328749610100942
4.017361476239191,0.0028180460480536776,0.002278644289406652,0.0003293272380236991
4.018025217397424,0.0028188011574487464,0.003218822586135217,0.0003298224414858088
4.018688887608432,0.0028189999999999843,0.0031137855253477766,0.0003303491021673913
4.019352465691563,0.002819000000000081,0.003112943363023326,0.00033082150929719564
4.020016043774694,0.002819068386987081,0.003327662476234065,0.0003311579344784988
4.020679621857825,0.0028198241706809987,0.0023898790952392533,0.0003310944886799484
4.021343241511646,0.0028194199982783013,0.0030108582228619437,0.00033113677167692705
4.022006899950393,0.0028166515362312854,0.0021599141693379323,0.00033133176752101737
4.022670558389139,0.0028116375472020828,0.0029727152443599796,0.00033164559309519393
4.023334216827885,0.0028086140463422634,0.002658104108722342,0.00033173854706812327
4.023997777540354,0.0028061932430283195,0.0032408124085399875,0.00033134898708780746
4.0246612729294755,0.0028042841163336916,0.0025138222967417906,0.00033094892486443126
4.025324768318596,0.0028027727373152625,0.0029008014327540107,0.00033077351105242604
4.025988263707717,0.002801261358296828,0.002646405168246966,0.00033114167635214055
4.026651785667942,0.002799749918751845,0.002930998700893651,0.00033140079770248087
4.02731532006611,0.0027986196586278927,0.002964523334896159,0.0003314784296613007
4.027978854464278,0.0027978646304507035,0.002779430080577143,0.0003314165514606138
4.028642388862447,0.0027971088965120902,0.002897287009580794,0.0003314286849925895
4.029305923260615,0.00279635316257339,0.0025978180855369256,0.0003320369176718066
4.029969457658783,0.002795194857269312,0.0025799839661549495,0.00033283064933741397
4.030632992056952,0.0027938416946958764,0.002861617601032765,0.00033347968504371877
4.031296526455121,0.0027930859607573186,0.002640916182513461,0.00033331773912958476
4.031959923312399,0.002792330383471157,0.0023974425896291277,0.000333107916808896
4.032623294699142,0.0027915753188860483,0.0026712641400940093,0.0003332633045346807
4.033286666085885,0.0027908204258702877,0.002527550918966625,0.00033361654746708746
4.033950037472628,0.002790064877593878,0.0025212999295675985,0.00033367418429025634
4.03461352138486,0.0027893092011562295,0.00318011998910952,0.0003330160948794634
4.035277014446472,0.002789000000000025,0.002593702228462652,0.0003324985924655037
4.0359405075080845,0.0027887978274395765,0.0028196919775143586,0.00033225705628584754
4.036603999614626,0.0027880421416690477,0.0028903079145345457,0.00033236817264217534
4.037267329677543,0.002787287452016413,0.0029647933949020922,0.00033246727618839727
4.03793065974046,0.002787000000000009,0.002755904476352732,0.00033254944276342143
4.038593989803376,0.0027869999999999904,0.0028219458598167132,0.0003326393461797837
4.039257319667295,0.002786999999999988,0.0027655123833562347,0.0003327743525513402
4.039920647434174,0.0027869999999999427,0.0031547010473252377,0.0003334108469429457
4.040583975201052,0.0027869999999999835,0.00284097768034474,0.00033429096535443295
4.041247302967931,0.002787000000000009,0.0029417843335308625,0.0003351558734883956
4.041910637624165,0.00278699999999998,0.0031322776594784937,0.00033572978467131035
4.042574006707005,0.002787000000000041,0.002551528730269876,0.00033667655076312684
4.043237375789846,0.002787000000000044,0.003001172099607018,0.00033847884604812335
4.043900744872686,0.0027870000000000416,0.0031342781090495987,0.0003405032370959971
4.04456407369282,0.0027869999999999844,0.003437732649730423,0.0003420426883361756
4.045227279815141,0.0027870000000000056,0.0029311279761734506,0.0003406596929526462
4.045890485937464,0.0027869999999999215,0.002456442926414656,0.00033877415672927194
4.046553692059786,0.002787000000000048,0.002726781180697131,0.0003371364969046237
4.047216924463165,0.002786999999999968,0.0025655236354679626,0.00033624696093520164
4.047880210919228,0.0027870000000000308,0.0022220074418744947,0.00033603955471020464
4.048543497375291,0.00278699999999997,0.002140286021446174,0.0003358844869394679
4.0492067838313535,0.002787000000000003,0.0028352279089652395,0.00033590221938223456
4.0498700039757045,0.002787063785849219,0.0023709368889765392,0.00033621014054768263
4.05053312749669,0.0027878190518185846,0.0034401173845424776,0.0003371930971547808
4.051196251017677,0.0027879999999999706,0.002799488125265456,0.0003379308627548728
4.0518593745386635,0.0027880000000000045,0.0028609293056744704,0.0003380301417785002
4.0525225170522665,0.002788000000000007,0.0026552453166582505,0.0003374292108347017
4.0531856796067505,0.0027879999999999945,0.002850617229952106,0.0003369713348942394
4.0538488421612335,0.002788000000000015,0.002681676047359149,0.0003366696242463592
4.054512004715717,0.0027879999999999745,0.0028426736315763433,0.0003364949628613433
4.055175190629917,0.002787999999999994,0.003686387275913917,0.00033641170891423634
4.055838394479783,0.002787999999999998,0.002682979270667438,0.0003362934612718606
4.056501598329649,0.0027880000000000253,0.0028344269756697803,0.00033649362768837517
4.057164802179515,0.0027880000000000734,0.002772971395904667,0.00033697779553584913
4.057827900949481,0.0027881251719243175,0.0027717326848200057,0.00033767686776549143
4.058490941889705,0.002788880343838013,0.002647115403861742,0.000338351657391654
4.059153982829929,0.002789000000000058,0.0025656497502472004,0.00033877046303125815
4.059817023770153,0.0027890000000000467,0.002719554268804006,0.0003393288120801561
4.060480122874694,0.0027889999999999976,0.0024377155172624304,0.0003402580291869507
4.061143244138936,0.002788999999999997,0.0023256738338602355,0.00034198623625921663
4.061806365403179,0.002789000000000043,0.0027363808726167905,0.000343628944379558
4.062469486667421,0.0027890000000000996,0.002420991146095465,0.00034447435038577426
4.063132477139138,0.0027890000000001095,0.0031400534090397668,0.0003446337774273244
4.0637954355191654,0.00278900000000007,0.002606691652162852,0.00034472267546436705
4.064458393899193,0.0027896758472655695,0.00243208359068527,0.00034510391227575573
4.0651213522792204,0.002789999999999988,0.002723529869816009,0.00034523368431708343
4.065784345080416,0.0027899999999999674,0.0025790189588386333,0.0003451703440025537
4.06644734250478,0.002789999999999996,0.0030316147543196733,0.000345178351975529
4.067110339929146,0.0027899999999999024,0.0026085092041847765,0.0003448829569059327
4.06777333735351,0.0027899999999999926,0.002658006053971819,0.0003445037195025552
4.068436334777876,0.002789999999999972,0.0031401838980619316,0.00034409675131907933
4.06909933220224,0.0027899999999999726,0.003130679605577914,0.0003437128867829085
4.069762329626606,0.0027907156373878413,0.0029394143334789515,0.0003428096469947328
4.0704253208885826,0.002790529247279468,0.002851841457474892,0.00034216745518377933
4.071088155466858,0.002789999999999884,0.0031041867171811475,0.0003418326055141955
4.071750990045134,0.0027899999999999995,0.0028506423404342086,0.00034180142529704327
4.07241382462341,0.00278926527346594,0.0027010827524655803,0.00034154169650893424
4.073076668495587,0.0027885106281370802,0.0028846416214218587,0.0003415619319623069
4.073739583385728,0.002787755599788453,0.002419369380280735,0.00034197151624951546
4.074402498275869,0.0027870005714396968,0.0026201967881997897,0.0003428620134023094
4.075065413166009,0.0027869999999999167,0.0029193453522437054,0.0003428551781850416
4.075728304549675,0.0027864905415150975,0.002152610904435902,0.0003425394948717486
4.0763910978709745,0.0027857356516275108,0.00304717468295019,0.0003418454873127361
4.077053891192274,0.002785000000000109,0.0030369493262377037,0.0003407465711085831
4.077716684513574,0.0027849999999999967,0.0026770695392769827,0.00034019803197500527
4.078379499598417,0.00278447209612943,0.002860130111988493,0.0003404531651775615
4.07904237322915,0.0027839999999999645,0.002643766558264384,0.0003411266443165183
4.079705246859884,0.002783962133417082,0.0025637641211061313,0.0003418651839067184
4.080368120490618,0.0027832071520607735,0.0031086531725254734,0.0003416745986101298
4.081030937400896,0.0027829999999999726,0.003021568754393198,0.0003415120979184813
4.081693648223649,0.002782999999999935,0.0030896089476124457,0.00034153143271014203
4.082356359046402,0.002782942708707086,0.0028841015807613514,0.00034178928106831365
4.083019069869156,0.0027821887714798254,0.0029058049436743115,0.0003418981030632141
4.083681779764961,0.0027819999999998788,0.0029333180540177597,0.00034202523139273807
4.084344488409414,0.002781999999999912,0.0030573705585237275,0.0003423171609661733
4.085007197053867,0.0027819999999999776,0.002648393948695566,0.00034284271759633744
4.085669905698319,0.0027819999999999963,0.002946776192222697,0.00034352624897670766
4.086332635042752,0.0027819999999999846,0.0033141039062929466,0.00034377936295693784
4.086995384926075,0.0027819999999999213,0.0028115301593984415,0.0003437407590338456
4.087658134809398,0.002782000000000028,0.002533240989537883,0.0003435191977262964
4.088320884692721,0.0027819999999999213,0.0025348025023419723,0.00034341134674357126
4.088983540395224,0.002781999999999902,0.003001908175969831,0.00034348980381592126
4.089646127508659,0.0027819999999999885,0.0029824774829946324,0.0003437443417029302
4.0903087146220924,0.0027819999999999703,0.0026834403196140965,0.00034411489429904293
4.090971301735527,0.0027819999999999915,0.0028755956663542364,0.0003443351483870292
4.091633941446032,0.002782621801191449,0.003088701937203598,0.0003447015632975014
4.0922966088567465,0.0027829999999999014,0.0031695095498303345,0.0003450162600789996
4.09295927626746,0.0027831301552022204,0.0026846563118845083,0.0003451461573685639
4.0936219436781744,0.002783884901683551,0.003101417549765109,0.00034480709549870734
4.094284492089917,0.002783999999999944,0.0029037562688208297,0.0003443015187369189
4.094946996756128,0.0027843940737541377,0.0025689559412487863,0.00034399613064847967
4.095609501422338,0.002785148634877405,0.0029424690069954746,0.0003439373091958174
4.096272006088548,0.002785903196000584,0.0033074345725973143,0.00034402817546785245
4.09693454229257,0.0027866577930439084,0.0021673000081702774,0.00034439850503089573
4.09759708603285,0.0027874119295027487,0.002839363923973963,0.00034483751208730005
4.098259629773129,0.0027883317306904823,0.003223199245583959,0.000345195425280895
4.09892217351341,0.002789840941943953,0.002700281576298653,0.0003451897064840737
4.0995847536317,0.002791350236063108,0.002743106278201834,0.0003447344593666406
4.100247338590329,0.002792429770604004,0.0032945367801801052,0.00034430085641798825
4.100909923548958,0.0027933688463531374,0.002082723330526606,0.00034408323775325
4.101572508507586,0.002794878151497974,0.002541148408632359,0.0003443479946613867
4.1022349375402944,0.0027970782851204357,0.0030620751636717706,0.00034456081745883505
4.102897359779797,0.002798893758040535,0.002590634427989048,0.00034442249361923093
4.103559782019299,0.002800201346263441,0.0022259562435813897,0.0003439525494940783
4.104222206963803,0.0028009558165875913,0.003054973462046234,0.00034323596141865324
4.104884709490861,0.0027988688741769803,0.00254934626770592,0.00034314153343426425
4.10554721201792,0.0027961402641552583,0.00263429250026242,0.00034372860351768175
4.106209714544979,0.0027933415220558456,0.002810023448899399,0.00034493267001487295
4.106872199356848,0.0027910779065256205,0.0028499863904555916,0.00034665928994907715
4.107534539190151,0.002789544848259089,0.0025677633325100623,0.0003476500845782618
4.1081968790234535,0.002788036722042293,0.002265338743327629,0.00034837876680183036
4.108859218856756,0.002786763987634602,0.0029442045681555805,0.000348868424208224
4.109521565875334,0.0027860096060644047,0.002746008806115829,0.00034911994604348607
4.110183944793489,0.0027845103763247114,0.0030455091655386245,0.00034850446281783714
4.110846323711643,0.0027835007702601395,0.0032750741318432215,0.00034821062111627566
4.111508702629797,0.002782999999999995,0.0033128234192183748,0.00034837089302852236
4.112171081547951,0.002782991943631439,0.003468185217491367,0.00034906245424056484
4.112833460466105,0.002782238383997617,0.002602363455867122,0.0003484282666834451
4.113495839384259,0.002781999999999999,0.002814634474870413,0.00034782517980911943
4.114158218302413,0.0027817298197011448,0.001961425711560361,0.0003474585219180785
4.114820543094654,0.00278100000000003,0.003023156091999545,0.00034748148978438033
4.115482759357092,0.002781000000000048,0.0029071624087203657,0.00034757765145443706
4.116144975619529,0.002780999999999956,0.002748112136566047,0.000347726160753901
4.116807191881968,0.002780999999999997,0.0026099220208662672,0.0003480297273344621
4.117469440815083,0.0027810000000000014,0.0028068014540458346,0.00034854977338656104
4.118131737352923,0.002780999999999964,0.002636208944014787,0.00034905628398330946
4.1187940338907625,0.002780999999999993,0.0024395296491891367,0.0003489609311695565
4.119456330428601,0.002781000000000097,0.0022252825843082453,0.00034836140865276424
4.1201185487482235,0.0027810000000000413,0.002786811327060529,0.0003474277617186533
4.120780682655698,0.0027810000000000465,0.0027562549248763713,0.00034728758891246507
4.121442816563172,0.0027809999999999823,0.002966967959393208,0.00034741036905929385
4.122104950470646,0.0027809999999999662,0.002492478233144817,0.00034785886164136865
4.122767106065463,0.002781000000000047,0.0028198737193193945,0.0003487054009003346
4.123429279071245,0.002781000000000031,0.003240227724778708,0.00035018600632595923
4.124091452077027,0.0027810000000001002,0.0029669356067547987,0.00034991714060374007
4.12475362508281,0.002781000000000086,0.0023137124997094473,0.00034853589633344087
4.125415823941858,0.002781000000000042,0.0025645271932292425,0.0003466035052069053
4.126078038119872,0.0027810000000000378,0.003196605148628318,0.0003457511823423331
4.126740252297886,0.002781000000000107,0.0023853997325589526,0.0003459363613613085
4.127402466475901,0.0027809999999999857,0.0033518463688862665,0.000346890331159461
4.128064566600147,0.002780999999999955,0.0028941428884631287,0.0003485298662955226
4.12872661817314,0.0027809999999999745,0.0030016462698336474,0.0003508360387385566
4.129388669746131,0.002780999999999986,0.0029933936133300166,0.00035195684205556146
4.130050721319123,0.002781000000000031,0.002234195554449276,0.00035181065467383785
4.130712835070581,0.002780999999999969,0.0023829508516462093,0.00035073812658006036
4.1313749669092505,0.0027809999999999684,0.0030222733871181134,0.00035019480881010777
4.13203709874792,0.002780999999999987,0.002126933788304269,0.00035094754040703477
4.1326992305865895,0.002781000000000046,0.0022198785334338286,0.00035180833097784605
4.133361224613571,0.002781000000000115,0.0028918161744251355,0.00035226918333928575
4.1340231938725545,0.002781000000000108,0.0027175924604659536,0.0003516293083080361
4.134685163131538,0.002781000000000087,0.002716969795140673,0.0003506182631183584
4.13534713239052,0.002781000000000097,0.003016110055006076,0.000349907049802905
4.136009137645875,0.0027809999999999662,0.003308512202178449,0.000349702621272961
4.136671146013914,0.002781000000000051,0.0033165781581238635,0.00035022551979121004
4.137333154381952,0.0027810000000001046,0.0027470386253453803,0.0003509608493507172
4.13799516274999,0.0027810000000000083,0.0022592025948782,0.00035118981131372954
4.138657171118028,0.0027810000000000673,0.0025917290298431207,0.000350948720818199
4.139319179486066,0.0027810000000001046,0.0028488468043665004,0.0003506216609603366
4.139981187854104,0.002781000000000028,0.0025429558566129845,0.00035037817497758454
4.140643185666456,0.00278100000000002,0.0021413400688613015,0.0003497125241319147
4.141305031492798,0.0027811834071671863,0.003480822870328906,0.0003488404563907892
4.141966877319138,0.0027819372179033897,0.003555025724426845,0.0003483282616023977
4.14262872314548,0.0027820000000000123,0.002425591578393347,0.000348532534462276
4.143290579963575,0.0027819999999999447,0.0026686856927400837,0.0003492546484066875
4.143952506043438,0.0027819999999998735,0.0024958869688822194,0.00035047090567750415
4.144614432123301,0.0027819999999998788,0.0022582121184340836,0.0003521794666239297
4.145276358203165,0.0027819999999999442,0.003154506532760524,0.0003529959044278662
4.145938250359321,0.002781999999999922,0.002599204081376773,0.0003530522688958561
4.146600013922804,0.002781999999999995,0.0028515825325142836,0.00035258866052621123
4.147261777486286,0.0027819999999998822,0.0032068341925018218,0.0003519452702737541
4.147923541049769,0.002782719614391081,0.0024457523979952746,0.0003515806000714303
4.14858531557824,0.00278299999999992,0.0024980525260386065,0.00035156908279713436
4.14924711826419,0.002783000000000061,0.002367130367791766,0.00035163388435065576
4.149908920950141,0.002782999999999971,0.002701074998125983,0.000351407377178329
4.150570723636092,0.0027830000000000302,0.0027234726010930614,0.0003507651507511613
4.151232540770428,0.002782999999999964,0.002485428160769203,0.0003502917265667899
4.151894384582571,0.0027829999999999635,0.00279561540195604,0.0003498800286394839
4.1525562283947135,0.002783000000000008,0.0031454003668070322,0.00034939374013324856
4.153218072206856,0.0027837483738118226,0.003124291400367812,0.00034935941439915853
4.153879847349066,0.002783999999999977,0.003000364193574425,0.00034993374602910153
4.154541528670137,0.0027840000000000477,0.002356205442739335,0.0003510373003606837
4.155203209991209,0.002784009350787223,0.0025056966332940205,0.0003525931021745386
4.15586489131228,0.002784762974159742,0.003195502348155962,0.00035474656080060444
4.15652661224589,0.0027855166426491015,0.0029778570933601,0.00035578882483704307
4.157188373810759,0.002785999999999925,0.003267894808294957,0.00035575561357514623
4.157850135375628,0.002786022933229582,0.003424003815944101,0.00035478549115276596
4.158511896940497,0.002786776647995955,0.002794146592463757,0.00035472767249851504
4.159173566801054,0.0027875302583155667,0.002670074440306302,0.00035500396496114723
4.159835165900153,0.002788567576082447,0.0029889704298845634,0.0003553669277519908
4.160496764999253,0.0027900373177667643,0.002439938481576839,0.00035562818435951054
4.161158364098351,0.00279079084749253,0.00303792934372927,0.00035565213596195077
4.161819961948089,0.0027915443757951445,0.0024976303116857903,0.00035544939761527673
4.16248155907972,0.002792595128736589,0.002731288109167955,0.00035515755170900047
4.163143156211351,0.0027940502918124307,0.002234415323146863,0.00035488243353238956
4.1638047533429825,0.0027948038192972527,0.0028401066199614917,0.00035486169390695863
4.1644663794437475,0.002796114759552955,0.0028775790089105103,0.0003551332013005905
4.165128017676027,0.0027976219081458672,0.0028676958224410705,0.0003556302382780703
4.1657896559083065,0.0027991290567386837,0.003570644024549222,0.00035626848660675654
4.166451294140585,0.0028006362053317174,0.0028412031670524184,0.00035657350114713063
4.167112806507157,0.0028027146008217487,0.0029306833580414094,0.00035716649352470154
4.167774282311605,0.002804649106510937,0.003008805981261799,0.00035787064771364524
4.168435758116053,0.0028062315197587393,0.002930876341284389,0.0003585290536163128
4.169097233920501,0.0028084916876553816,0.0031115438135721095,0.00035861996943870137
4.169758777498747,0.0028107520871255005,0.0032998950514752214,0.0003594182030439773
4.170420333534836,0.0028133500388832213,0.002530426205344072,0.00036031323314524304
4.171081889570925,0.002816272971199055,0.002806338205592365,0.0003608422895554831
4.171743445607015,0.0028185334132358186,0.00255874860325372,0.0003598101643314503
4.172404853157375,0.002820194205136237,0.0021984315785703898,0.0003586184985858741
4.173066246790915,0.0028199501818077645,0.0023440058326799178,0.00035764230652510177
4.173727640424456,0.002817690294677333,0.0036893376133642903,0.0003570319258848639
4.174389034057996,0.0028154304075467406,0.0035112716595175016,0.00035689234965270705
4.175050506606012,0.0028131702507766814,0.0034437630768576898,0.0003564516978461026
4.175711980466332,0.0028112733930153065,0.0031015795732510167,0.0003561941025554244
4.176373454326651,0.0028096499282687804,0.0029335677366832368,0.00035635985368714603
4.177034919624106,0.002807389796272994,0.002508945149909669,0.0003573225014211758
4.177696231107151,0.002805754878026957,0.002521303103457342,0.00035763528218240475
4.178357542590197,0.0028046246667536617,0.0020723437403863346,0.0003575647985638409
4.1790188540732425,0.002803742929218127,0.0035685382276779785,0.00035732978020206624
4.179680170316455,0.0028022365140855654,0.002876167519579689,0.0003574694618110123
4.18034152095139,0.002801999999999991,0.002631461674266495,0.0003574585110471119
4.181002871586325,0.00280199999999999,0.003005426478445445,0.0003572078888670874
4.1816642222212606,0.0028021414831676675,0.00238985842415993,0.0003567971303568858
4.182325572856196,0.002802894729904523,0.002490976674121018,0.0003565469858267933
4.182986923491131,0.002804941718399789,0.003469050431252292,0.00035708616174794414
4.183648274126067,0.002807200253278077,0.0025891292168307087,0.00035802920985962344
4.184309624761003,0.0028094599934886514,0.0033219815946509824,0.00035906700206855385
4.1849709440687075,0.0028117196266584303,0.003094662324637935,0.00035952209203765146
4.185632173421664,0.002814638603287866,0.002952831622775664,0.00035936801323951657
4.186293402774619,0.002817238278273236,0.0032537129887883847,0.0003588685794260328
4.186954632127575,0.0028196627173042357,0.003443737341466567,0.0003582579583347922
4.187615887684246,0.002822671843841933,0.002679382173310233,0.0003579892583430073
4.188277197254256,0.002825013202463281,0.0029290672782111764,0.0003577976045619094
4.188938506824265,0.002827272802360756,0.0025435665605094003,0.000358103662753601
4.189599816394274,0.002829532402258349,0.0029367014382207205,0.00035897737763028134
4.190261061881679,0.0028317917831947553,0.003507404549253221,0.00036044689388306896
4.190922209124943,0.002831999999999908,0.0029889163883431184,0.0003604702032302687
4.191583356368206,0.00283199999999987,0.0024184089841288343,0.0003602821831351952
4.1922445036114695,0.0028319999999999834,0.002361248901070439,0.0003599741987350129
4.192905649984043,0.002831999999999982,0.003290037761317899,0.0003594336160772527
4.193566795345332,0.002831305472271924,0.002784752190459291,0.00035912706583331817
4.194227940706621,0.002830999999999969,0.002056454603372468,0.0003591408014220244
4.19488908606791,0.002830999999999951,0.0035271876254631238,0.0003592386675945294
4.195550253173984,0.0028309999999999585,0.001852979447915698,0.00035900831213175454
4.196211439579806,0.0028310000000000856,0.003261228352280374,0.00035882182050525385
4.1968726259856295,0.0028310000000000414,0.0023590699038817378,0.0003588883313155728
4.197533812391453,0.002831000000000106,0.002877924197598664,0.000359380012608533
4.198194901883562,0.0028310000000000574,0.002963989490874801,0.00036054539791109566
4.1988559260005145,0.0028309999999999594,0.002934796657119869,0.0003617764640487492
4.199516950117468,0.0028305296695700526,0.002645285859155767,0.0003622397693128326
4.200177974234421,0.0028299999999999393,0.0023419328331587995,0.0003623408965038435
4.20083905163202,0.002829999999999994,0.0028272450804421694,0.0003626964795360841
4.20150015595387,0.0028300000000000217,0.002268469289480291,0.0003629771858678018
4.2021612602757195,0.0028300000000000816,0.0025833286800648497,0.00036267966135611346
4.202822364597569,0.002830000000000031,0.0032856673072876904,0.0003621828528293601
4.203483350272063,0.0028299999999999927,0.003026146496340512,0.0003619615559934877
4.204144292330285,0.0028299999999999216,0.003103444251413302,0.00036214229434697234
4.204805234388505,0.002829999999999994,0.0025360046489574096,0.0003624112161157589
4.205466176446727,0.0028299999999999654,0.0027469966015173843,0.0003626868807580838
4.206127149761482,0.0028300000000000196,0.0026097507212782924,0.00036288770619155553
4.206788130995578,0.0028299999999999354,0.0032537025461656854,0.0003627513871566099
4.207449112229675,0.002829999999999921,0.002749440046258667,0.00036193339309216184
4.208110093463771,0.00283025523173547,0.002547629745290564,0.0003609521254590444
4.208771074697868,0.0028310080577424305,0.002758270053129262,0.00036031218375775836
4.209432055931965,0.002831760883749404,0.002815683415970753,0.00036048868073870337
4.210093037166062,0.0028325137097563796,0.002667097073076685,0.00036078172763787987
4.210754018400158,0.002833266535763204,0.0019229866244322648,0.0003610048740171383
4.211414848735762,0.0028340191899041307,0.0033341157984088537,0.0003610346232846861
4.212075667744078,0.002834771831143596,0.0026602703129010997,0.0003619653610814646
4.2127364867523935,0.002835523875713804,0.002189446771091337,0.0003636485645661129
4.21339730576071,0.002836275974670486,0.003364426299010989,0.0003656067275594574
4.214058204648512,0.0028370287068889156,0.002146309762510944,0.0003674070291910099
4.214719103849567,0.0028377814394642624,0.002899435289936674,0.0003680845390798511
4.215380003050622,0.002838534172039418,0.0032928443848548703,0.000368232205122393
4.21604089223294,0.0028392868932038333,0.003036484175885099,0.0003681999019643432
4.216701629233437,0.002840039396169977,0.0026007929141573668,0.0003682488914746434
4.2173623662339335,0.0028407910878655734,0.0024141221448224673,0.0003686550104524809
4.21802310323443,0.0028415433977613653,0.002310249983210992,0.00036886311832141585
4.218683845219681,0.0028422959512751887,0.0025533522306387313,0.00036877355045759034
4.219344621409345,0.002843048543746438,0.0030798431482544374,0.0003684027688276837
4.220005397599008,0.0028438011362175346,0.0025306697115910887,0.0003687733169834127
4.220666173788673,0.0028445537286886815,0.0015398746561342818,0.00036983646232164973
4.221326949978336,0.002845306321159817,0.0029768033415014214,0.0003712712664554134
4.221987726168,0.002846058846607485,0.0033538116482156608,0.0003728232874791148
4.222648502357663,0.0028468105828870207,0.002615255535509243,0.00037370569337033765
4.223309278547328,0.002847562959621146,0.0029965385904110746,0.00037336399322236095
4.223970013048182,0.0028483155046106585,0.0026713814792027122,0.00037233298022536443
4.224630627075106,0.002849067912386175,0.0030434284182270493,0.00037091998891565124
4.225291241102031,0.002849820320161825,0.0027987112597598674,0.00036939771573169
4.225951855128955,0.0028499999999999533,0.0027917194688300362,0.00036834357116613564
4.226612494956175,0.00284999999999997,0.002427199162417322,0.00036763367665290354
4.227273189163681,0.0028500775758404156,0.002636693827341962,0.0003671571902279539
4.227933883371188,0.002850829218852337,0.002658057224556084,0.0003664974779162712
4.2285945775786935,0.00285100000000013,0.0021923027984137753,0.0003659683116821541
4.229255209163743,0.002851000000000025,0.003154086889151534,0.000365760558906429
4.2299157412337145,0.0028510862656420883,0.0022220874776715414,0.00036586163098936865
4.230576273303686,0.0028518385800725427,0.0025675497279201856,0.00036563950463522295
4.231236805373656,0.0028520000000000034,0.002873839081572447,0.00036487254104869876
4.2318973551019505,0.002851999999999971,0.002444351986649402,0.00036425439610104324
4.232557926374357,0.002852095479379228,0.003057416595001727,0.00036405067291436533
4.233218497646762,0.002852846982533263,0.002731688579721979,0.00036426280994411917
4.233879068919168,0.002853000000000031,0.002726519100702073,0.0003643932430627268
4.234539661258403,0.002853351550408293,0.003541983285754937,0.00036436968847288083
4.235200273504093,0.0028541039561549818,0.002406032431524545,0.000364228636854738
4.235860885749782,0.0028548563619018277,0.003026604574422588,0.00036428778648524144
4.236521497995471,0.002855000000000009,0.0029938807784934537,0.0003647571094903197
4.237182016519964,0.0028553606558816146,0.003797120742993201,0.00036547490081136904
4.237842466653314,0.002856112148807883,0.002283191826093039,0.00036636323927566957
4.238502916786664,0.0028568643699164995,0.002865083214323613,0.0003672853318669724
4.239163366920014,0.0028576165910251423,0.0023847267762633607,0.000367875821417809
4.239823868510682,0.0028580000000000276,0.002783011979798362,0.0003681610223221598
4.240484398814887,0.002858121183160467,0.002639626835508816,0.00036813035959446113
4.241144929119092,0.002858873495579867,0.0032224591710780124,0.00036771802266729616
4.241805459423297,0.0028596258079992055,0.003538061417725562,0.0003674888194629477
4.242465875403826,0.0028607551203727543,0.002873755880207702,0.00036767794623362353
4.24312624362088,0.002862257958134141,0.003007374480516021,0.00036826184034587886
4.243786611837934,0.002863762213753881,0.0025564871750562244,0.0003689237435492831
4.244446980054988,0.002866532938747138,0.0027347156524043827,0.0003688949710505099
4.245107346938716,0.002869541443912213,0.002712222647648048,0.0003687474443965589
4.245767713420921,0.0028725499472478655,0.0028488950659592617,0.00036874373545387883
4.246428079903126,0.002875558450583806,0.0029334082282719207,0.000369312894498717
4.24708844638533,0.002878566953919443,0.002719855642135269,0.00037054592555802634
4.247748846897464,0.0028811803648377296,0.002806774769347027,0.00037199518086082915
4.248409254327551,0.0028835797463669893,0.002490273897416607,0.00037318929931019616
4.249069661757637,0.00288658843625346,0.0030626354537723775,0.0003729500026353219
4.249730069187723,0.0028895971261399356,0.003378196193543276,0.0003728490143164206
4.250390331778261,0.002892203867123903,0.00278339578065476,0.0003740443207285659
4.251050577158966,0.0028946131077857854,0.0027470634511303636,0.0003750405998699747
4.25171082253967,0.0028976210594061054,0.002312753665842361,0.00037506886530026053
4.252371067920374,0.002899969515086623,0.002896423842324989,0.0003742614372569857
4.253031389956747,0.002902632756067332,0.0029380525335554464,0.0003733827732497738
4.2536917154961476,0.002905480804656649,0.002685643539281261,0.0003724779117731627
4.254352041035549,0.0029077370422626817,0.0029936875195297023,0.00037132599483318077
4.255012363568641,0.0029106576927955497,0.002964980088508103,0.0003706094284692494
4.2556725270838305,0.0029132489535893913,0.0030891660112136086,0.00037042481649542976
4.256332690599019,0.0029156728501093412,0.002494311993182978,0.0003707253339004181
4.256992854114208,0.0029186804287663582,0.0029107383745431456,0.00037138688554304045
4.257653017492737,0.0029210137115793,0.003276197170887819,0.0003719912988150638
4.2583131793116795,0.0029236910219210183,0.00310800340762652,0.00037235654095976614
4.2589733411306225,0.0029265239446377472,0.003376971870656878,0.00037261140729557055
4.259633502949565,0.00292877962283439,0.0040425164306933485,0.0003730944233874196
4.260293670573189,0.0029317137611533915,0.0030936829012177033,0.0003726645364112118
4.260953873314634,0.0029342911388883803,0.0032920422616952976,0.0003721231618301145
4.2616140760560794,0.002935817681029601,0.0033125257212447256,0.00037172153504434416
4.262274278797525,0.002935065741688478,0.0022065700618485147,0.00037176638952131146
4.262934448595921,0.0029343146204823855,0.002515580071098493,0.00037190691276412305
4.263594489350895,0.0029331264479478835,0.001923148345720369,0.0003720242463853258
4.26425453010587,0.0029318114691277595,0.002433858676258393,0.0003720320084081445
4.264914570860844,0.0029310597142815035,0.0027041502166420704,0.0003717900703878326
4.265574632826475,0.002929615870554813,0.0032683982998607656,0.0003720904309727114
4.2662347537279866,0.0029285560891481395,0.0033894425337001478,0.00037287528243846985
4.266894874629499,0.002927608931446024,0.0019182039763613087,0.0003740917441931396
4.267554995531011,0.0029261069498725235,0.0020197172588086133,0.00037566812669522854
4.268215063684379,0.0029253017497900043,0.003087915572467126,0.0003773945090563967
4.268875022624571,0.0029245500881267764,0.0030590401390697634,0.0003770208632409524
4.269534981564763,0.0029235968529277,0.0031093808008955887,0.00037521164632039664
4.270194940504956,0.0029220935296014345,0.003342947402730916,0.00037337588859267666
4.270854914610202,0.0029212950858654454,0.0032727950580327585,0.0003734258768846836
4.271514912789851,0.0029200867590207227,0.0029900473477125575,0.00037397368713540564
4.2721749109694995,0.0029187919101598893,0.00270772032114185,0.00037470374540817864
4.272834909149149,0.0029180410589883903,0.0029281573732603894,0.0003752819216140376
4.273494907328798,0.0029165787987954265,0.0036727402390479232,0.0003745222871410853
4.274154905508448,0.002915537693042717,0.0025638891436210857,0.00037338061188203807
4.274814903688097,0.0029145719733756326,0.0032327950356290823,0.00037236733043185226
4.275474901867746,0.002913068560665765,0.0027128149883757576,0.0003721220696289531
4.27613481793916,0.002912282667495241,0.003144112564105796,0.00037216962145795665
4.276794654195202,0.00291106229112723,0.003021118529480606,0.000372454743680802
4.277454490451243,0.0029097798743444084,0.0030101615838137217,0.00037275225029618543
4.278114326707285,0.0029090292073864956,0.0029886642371763565,0.00037275685758966006
4.278774208410631,0.0029082776669584177,0.0030434810942026385,0.00037290777027475637
4.279434124801052,0.002906578161272025,0.0032338743594399876,0.00037352613545188506
4.280094041191473,0.002904097762225709,0.002764397713326663,0.00037432765508406814
4.280753957581894,0.002901091309422046,0.003393742719913353,0.00037491305962597125
4.28141377246956,0.002898085319045379,0.0026452373144082355,0.0003747561193668626
4.282073526961505,0.002894602235713879,0.0030159929347524897,0.00037456743716020205
4.28273328145345,0.002891078444403327,0.0024701075671464344,0.00037454193666818463
4.283393035945396,0.002888072729178042,0.003291018739101075,0.00037488595881444655
4.284052845448132,0.0028843334541677795,0.0027567799662848134,0.0003749624679607318
4.2847126800695925,0.002881060683054294,0.0032528408985684357,0.00037454563040052095
4.285372514691054,0.002878054602774269,0.0031702596206256914,0.0003741796804753889
4.2860323493125145,0.002875048522494285,0.003274953374564726,0.000374507855824959
4.2866920632008005,0.0028720429922514637,0.00260426425256954,0.0003761568359558813
4.287351735948911,0.0028690398819162326,0.0033479240546263663,0.0003769914125298137
4.288011408697021,0.0028662776468211804,0.002852269202977719,0.0003771270518958614
4.288671081445131,0.0028640236397089658,0.0030243751461461192,0.00037676099449102606
4.289330785793166,0.0028610260328329365,0.0035986190177573632,0.0003768463583060256
4.289990497799175,0.0028585153833741135,0.002647652255601801,0.0003766661954762169
4.290650209805183,0.002856507494748924,0.0027935318311547736,0.00037623169171710014
4.291309921811192,0.0028550047339152918,0.0029912498544183825,0.000375578281228606
4.2919696338172,0.0028527529596222576,0.002657748423573485,0.00037607027786432974
4.292629345823209,0.0028510003508004636,0.002008424204394202,0.000377617771798422
4.293289057829217,0.0028494987293183867,0.0023026757871879577,0.00038032113604095154
4.293948769835225,0.002847995968484528,0.0035857919830537604,0.0003843173033429931
4.294608332609458,0.0028464935475867297,0.0030526698080870973,0.0003892384219751248
4.29526788277979,0.002844991155399046,0.003109493664860203,0.00039247278619159386
4.295927432950121,0.002843488763211601,0.0028373289455937175,0.00039428408057681546
4.296586983120452,0.002841993185512122,0.002328675612086945,0.00039502905404974176
4.297246611843348,0.0028412418999506487,0.003138235514011412,0.00039579181107023793
4.2979062421310354,0.0028399823842297687,0.0031562150698702485,0.00039626447286006367
4.298565872418722,0.002838740464215565,0.0030063920744449356,0.00039640412840893653
4.299225496464693,0.0028379891839810044,0.002356843139331046,0.000396154999195176
4.29988496494181,0.002837238080931818,0.0025902075390460857,0.00039472641138258016
4.300544433418926,0.0028370000000000556,0.002775476702296979,0.00039243524423921686
4.301203901896043,0.0028367358748337657,0.0029850131684238832,0.0003903784944758076
4.301863374160284,0.0028359847848004965,0.001900975405242017,0.000389463482988398
4.302522881908441,0.0028352344915718196,0.0027761717569370387,0.0003897537799959198
4.303182389656599,0.002834483610869555,0.0032599230238295434,0.0003903745458138389
4.303841897404757,0.0028339999999999594,0.002182031491918887,0.000391153401086306
4.304501405152915,0.00283398131531555,0.003278102713294548,0.0003918834794852955
4.305160912901073,0.002833230167538605,0.002325755315832745,0.00039056426326560645
4.305820420649231,0.0028324790197617623,0.0033946680305670727,0.00038894839022860216
4.306479928397388,0.002831727871984701,0.002897544172887608,0.00038778201315983323
4.307139401982075,0.0028309767895541133,0.00313885813164931,0.0003876543875842687
4.307798747957307,0.0028302266803672256,0.002260473217209694,0.00038886244904594547
4.308458093932539,0.002829999999999981,0.003359870193689563,0.000389544415108096
4.309117439907771,0.0028297250114945652,0.002994882478105742,0.0003894103286602242
4.309776807376072,0.0028289740234897225,0.0029257511638876325,0.0003883383273486618
4.3104362334565005,0.00282822296872848,0.0029731897214024653,0.00038856510978880224
4.311095659536929,0.0028280000000000557,0.0023455895485670255,0.0003884951207869637
4.311755085617357,0.002827720859205772,0.0030687039793721826,0.00038838650120783007
4.3124144590981475,0.0028269698986369664,0.0032850754460913636,0.00038848228190170884
4.313073723430738,0.0028262198823313907,0.0024345477258553797,0.0003896392959507298
4.313732987763328,0.0028259999999999496,0.002514814773453058,0.0003911127903318669
4.314392252095918,0.0028257183916902996,0.002952965930244806,0.0003924180415529006
4.315051531428613,0.002825000000000032,0.002922918606250624,0.0003932469000194897
4.315710835045365,0.0028249999999999218,0.0025977761327167113,0.000394693356969843
4.316370138662116,0.002824465673505658,0.0026539568165947765,0.00039576984347860285
4.317029442278867,0.0028240000000000864,0.0024415712881932137,0.00039602615794253135
4.317688745895618,0.0028240000000000483,0.002310760333592456,0.0003951111113792344
4.31834804951237,0.0028240000000000287,0.0027061076245454914,0.00039258341725125065
4.319007353129121,0.002824000000000038,0.0033071143631836987,0.0003909190539712171
4.319666656745872,0.0028242877639475215,0.0024528789150692868,0.00038967329919591776
4.320325880455034,0.0028250000000000037,0.0024972870001406288,0.0003885608115425817
4.3209850223615645,0.0028249999999999833,0.002889841083511374,0.000387688410547727
4.321644164268094,0.002825000000000015,0.0025876474969650787,0.0003875967355947997
4.322303306174625,0.002824999999999977,0.0034054357752430118,0.00038785963078239247
4.322962492136236,0.002824999999999881,0.0027990130183524206,0.0003882346083578027
4.323621714135803,0.00282499999999995,0.002318351077811624,0.0003891562151329111
4.32428093613537,0.002825000000000041,0.0024516655927258784,0.00038886442437978717
4.324940158134936,0.0028249999999999773,0.0024939667640778225,0.0003884263113472906
4.325599282199723,0.0028249999999999183,0.003253662420463722,0.0003885764360419263
4.326258342514137,0.0028249999999999777,0.0022330048782206666,0.0003899100661660868
4.326917402828552,0.002825000000000028,0.0028805826649547324,0.00038878490608313277
4.327576463142967,0.002825295179912372,0.002847116296450641,0.00038708776561951623
4.328235549438087,0.002825999999999957,0.0030424053517544196,0.00038604680724365156
4.328894649049759,0.0028260000000000316,0.002638332026671171,0.00038658916307777953
4.32955374866143,0.0028260000000000633,0.0028792617123334398,0.0003870215376281068
4.330212848273102,0.0028259999999999228,0.0026202986455140125,0.0003877147544064017
4.3308719478847735,0.0028260000000000394,0.003026647668713663,0.0003888313718276625
4.331531047496445,0.0028260000000000928,0.002932820279703832,0.00038928539425004804
4.332190147108117,0.0028259999999999037,0.0025969162653691376,0.00039015162174365676
4.332849246719788,0.0028260000000000104,0.002759250450677394,0.0003914107821021517
4.333508221701821,0.0028259999999999644,0.0028876172801961344,0.0003928700885075704
4.334167159665929,0.0028260000000000416,0.0024156664422178105,0.0003921761426463124
4.334826097630038,0.00282599999999994,0.0015759844933188106,0.0003925218282939415
4.335485035594147,0.0028263007239113726,0.0031851896017483588,0.00039404843643365926
4.336144039679722,0.002827000000000083,0.0034363330986040995,0.00039660608653254727
4.3368030577247065,0.0028269999999999585,0.0022686808334958673,0.00039682244995198893
4.337462075769691,0.002827000000000113,0.003687812973788125,0.0003971179481500717
4.338121093814676,0.0028269999999999277,0.0028276534127609793,0.0003982368454457809
4.338779969611331,0.002827000000000002,0.0020090845222595845,0.0004004881111937366
4.3394388260338035,0.0028269999999999424,0.0022960278925719837,0.0004019922911289333
4.3400976824562765,0.0028269999999999966,0.0026444699880797703,0.0004034478496216572
4.340756538878749,0.002826999999999982,0.003205411276163048,0.00040518393654114746
4.3414154320298906,0.002827054022813102,0.003114818726803168,0.00040738178981785013
4.342074327762692,0.0028278044735339358,0.00315443298245286,0.00040976317662596
4.342733223495493,0.002828000000000048,0.0027568500505503663,0.000412357008239098
4.3433921192282945,0.0028279999999998853,0.002821204590405116,0.0004158432935729429
4.344051014961096,0.002828000000000099,0.003037827238379409,0.0004205984396281323
4.344709910693897,0.0028279999999999777,0.0024524384417231155,0.0004254789647679405
4.345368806426698,0.002828000000000154,0.002512635771424023,0.00042538832459784986
4.346027695413643,0.002828000000000088,0.0030795353322681865,0.00042331202763245596
4.346686429561493,0.002828056233858426,0.003218173296973499,0.00042114401227620184
4.347345163709344,0.0028288056469959713,0.003728679401593868,0.00042092195844342184
4.348003897857194,0.0028290000000002536,0.0031319346236124155,0.0004187437456716866
4.348662639628775,0.002828999999999925,0.0018109173798588614,0.00041677315613514914
4.349321453845341,0.002829000000000202,0.0029127651558078574,0.0004164887828491831
4.3499802680619055,0.0028290000000000173,0.002616797011676614,0.0004212223621390134
4.350639082278471,0.0028289999999999323,0.0031444458969262876,0.00042555247537511584
4.351297872513487,0.0028289999999999912,0.0029720386903339343,0.0004266610413407315
4.351956525170133,0.0028290574802844475,0.0023564817663266472,0.000423080125756565
4.352615177826779,0.0028298068007131514,0.0026586134897388955,0.0004166394895404904
4.353273830483426,0.0028300000000002485,0.00249136450267609,0.0004119464427837071
4.353932491060429,0.00283000000000004,0.0023799120515021013,0.00040800931045810744
4.354591183040453,0.0028299428439174236,0.0032919990422201712,0.0004044346867349697
4.355249875020476,0.002829192625261379,0.0029950550594465054,0.00040232048748050866
4.3559085670005,0.002828999999999971,0.0027477075250485184,0.00040422769747432277
4.356567258980523,0.002828692187949208,0.0022324067843560594,0.0004081960681113984
4.357225950960547,0.0028279420353125883,0.0019925942569723274,0.0004124126925183723
4.35788464294057,0.0028271926701472615,0.003307653520291721,0.00040838717415558765
4.358543334920594,0.0028270000000000066,0.002011980431372344,0.00040287860919019987
4.359201977410726,0.00282669250864393,0.003016475365645732,0.00039932458345061123
4.359860507868364,0.002825999999999983,0.0031036917607720304,0.0003992347856877307
4.360519038326002,0.00282599999999993,0.003093025111078625,0.00040088846951257044
4.361177568783639,0.0028254424045743905,0.002582559001371387,0.0004001458737112042
4.361836127952966,0.002825000000000047,0.0033008481655350565,0.0003986575198541119
4.3624947384671575,0.0028249422770565843,0.003400498072114134,0.00039755859431077356
4.36315334898135,0.002824193004572016,0.002731062046071566,0.0003993279903872772
4.363811959495542,0.002823999999999993,0.0031160238933833676,0.00040167305952120585
4.364470503691721,0.0028236930481871625,0.0028038606683529043,0.00040346828498367504
4.36512895270854,0.002823000000000075,0.0024927106638515293,0.0004041518118841286
4.36578740172536,0.0028229999999999306,0.0032735584380795863,0.00040481417702661004
4.366445850742179,0.0028224432223893587,0.0021893323411165742,0.0004072186368842059
4.367104299123726,0.0028216936301207244,0.003239458909787136,0.0004092613297934492
4.367762746766693,0.002820999999999893,0.002732868941615856,0.00040976677579438305
4.3684211944096605,0.002820999999999951,0.0025849460002442507,0.0004094388167670268
4.369079642052628,0.0028204445990288145,0.00259159809565836,0.00041062038725371255
4.369738110597369,0.002820000000000116,0.002788138215303643,0.0004135489624723905
4.370396598950591,0.0028199446481203473,0.003396153713358996,0.0004179061513747901
4.371055087303811,0.002819194661385274,0.003096301933499984,0.0004174154092687567
4.371713575657033,0.002818999999999883,0.002099208200753185,0.00041522472487887986
4.3723719728343085,0.0028186951389826127,0.003003186143531834,0.00041333614248316555
4.373030299727662,0.0028179999999998705,0.0027647671780783615,0.0004129298370009309
4.373688626621016,0.0028179999999999672,0.0023803979281257002,0.000415377525413798
4.374346953514371,0.0028174465221934204,0.0031867421443788294,0.00041769856421592163
4.375005329692871,0.0028170000000001306,0.0029095983098491314,0.0004189544136588117
4.375663736630618,0.0028169999999998006,0.003091772314078804,0.00041874323378656385
4.376322143568365,0.0028169999999997863,0.002597243341666835,0.00041902393159746554
4.376980550506112,0.0028169999999997845,0.0030926709024803327,0.0004195946113152209
4.377638849846886,0.002817000000000091,0.0028487489841019,0.00042081088074334575
4.378297095349761,0.002816999999999965,0.0019899313507603426,0.0004223666427202908
4.378955340852635,0.0028170000000000213,0.002333755826106932,0.00041801940681070377
4.37961358635551,0.002816449218274134,0.003120638753305771,0.000413625936745645
4.380271830900638,0.0028159999999999674,0.002205383915559119,0.0004117052425529492
4.38093007506782,0.0028160000000002484,0.0021291621926981734,0.00041336732640977637
4.381588319235001,0.002815999999999981,0.003130039763372229,0.00041468832333095714
4.382246563402183,0.002816000000000171,0.003356900934745925,0.000415273146643883
4.382904838768556,0.002815999999999957,0.0025057253301071346,0.0004159624631250919
4.383563123620833,0.002816000000000192,0.002728969882120334,0.0004173285770418462
4.384221408473111,0.0028160000000001656,0.0029251538579471966,0.0004200848367512446
4.384879693325389,0.002815452513296953,0.0020706091628125574,0.00042475259685175555
4.385537846333017,0.002815000000000035,0.0033453488953164166,0.0004294560033984762
4.3861959697879,0.002814999999999954,0.0028956934131919364,0.00043250360377961993
4.386854093242782,0.002815000000000053,0.0033944296354498273,0.0004286916504879778
4.387512216697664,0.0028150000000000492,0.0033576027124206506,0.0004242039854726595
4.3881704095164205,0.0028149999999997457,0.0025909048033215067,0.0004202099595495945
4.388828613003534,0.0028150000000001793,0.002382159342307313,0.00041742837533251926
4.389486816490649,0.0028150000000000635,0.0025442366334220813,0.0004170639774474711
4.390145019977764,0.002814456697064081,0.0025128145307864074,0.00041621130599487716
4.390803075605823,0.002813999999999921,0.004063195515759722,0.00041402192972283554
4.391461117720518,0.0028140000000001354,0.003333590648384513,0.0004102641693549505
4.392119159835214,0.0028140000000000664,0.0033938208245445226,0.00040867825807133426
4.392777201949909,0.002813999999999993,0.0025897997450948966,0.00040968913921539976
4.393435321337123,0.002814000000000067,0.002069966455862873,0.00041145829906953825
4.3940934434791865,0.0028139999999999576,0.0024396292051296715,0.00041262791008956365
4.394751565621249,0.0028140000000000105,0.002542215245269869,0.00041063495324524717
4.395409684804328,0.002814538365380814,0.00389714638540096,0.00040893829040316557
4.396067604946435,0.0028149999999999937,0.003416384572369548,0.00040808739860191234
4.3967255250885415,0.002814999999999947,0.0031778293418708893,0.0004085015411613336
4.397383445230648,0.002815000000000118,0.002686592086393446,0.00041105733572434437
4.398041367862225,0.00281499999999999,0.0025649880743873156,0.0004151435945249446
4.398699327374488,0.002814999999999847,0.0026014278940760804,0.00041797185172313126
4.399357286886752,0.0028150333563629693,0.0018209573344651288,0.0004173518405563411
4.400015246399015,0.0028157827407733413,0.002410803069225135,0.0004123604990268043
4.400673205911278,0.0028160000000000854,0.0029671017610560196,0.0004102844280277147
4.4013311654235405,0.002816000000000181,0.0027756175337236818,0.00041131297992455366
4.401989124935803,0.0028159999999999383,0.002834500731971526,0.00041552521344971345
4.402647084448066,0.002816000000000203,0.003224374691634933,0.0004175898904915027
4.403305018245659,0.0028160000000000364,0.0029899088476276993,0.00041586599186737596
4.4039628164603855,0.00281600000000017,0.0032341010485606074,0.00041338021712325105
4.404620614675112,0.00281602689598527,0.0022176899300903573,0.0004123841589658494
4.40527841288984,0.002816776096685336,0.0027053836692988976,0.00041502734197326996
4.405936227689245,0.0028170000000001167,0.003415051172018641,0.00041933083982332756
4.406594105916745,0.0028169999999996887,0.0025346248974676155,0.0004245608042801546
4.407251984144246,0.002816999999999951,0.0023782358322118513,0.0004298820304984995
4.407909862371746,0.002817000000000017,0.0025347124179124145,0.0004288401909198505
4.408567699493634,0.002817000000000015,0.0028998643807349204,0.00042584422929967044
4.409225416448545,0.0028169999999999723,0.002865882927948673,0.000423060024335179
4.409883133403455,0.002817019514127116,0.002944855432255771,0.0004221750992504588
4.410540850358366,0.0028177686222760063,0.0024314492173103316,0.0004259886535969068
4.411198579216663,0.0028180000000000154,0.0030561486192089834,0.00042937470657721975
4.41185633555467,0.0028177334066499657,0.003007441225112106,0.00042998397957449676
4.4125140918926755,0.00281699999999999,0.00293968667384338,0.00042604197677775194
4.413171848230682,0.002816999999999871,0.0025737907721248227,0.0004229505811523495
4.413829604568689,0.0028164867829512915,0.0025136357694027864,0.0004229315192407299
4.414487360906695,0.0028160000000000077,0.0031050370289481682,0.00042526730667857685
4.415145117244702,0.002815988476942301,0.002075298314608526,0.0004293639196345395
4.415802873582708,0.0028152393239376187,0.0032041894110856183,0.0004306398742757116
4.416460566072211,0.002814999999999984,0.002549862302148843,0.0004288383908292806
4.417118161175034,0.0028147415686290175,0.002531230572400154,0.0004263047194873722
4.417775756277856,0.0028139934438748677,0.003677479094123313,0.000425086844779039
4.418433351380678,0.002813244474509514,0.0028786986691099843,0.0004270396292647162
4.419090981893927,0.0028130000000000104,0.003145139119649537,0.00042918616189020065
4.41974865699736,0.0028127464043310496,0.003371977659876407,0.00043090918380274266
4.420406332100794,0.0028119973438487556,0.0029091507109192203,0.0004315970560029047
4.421064007204227,0.002811248283366574,0.002992949565053111,0.0004299624029633111
4.421721603473641,0.002811000000000002,0.0024932240304185653,0.00042825085603091616
4.422379117366818,0.0028107507197192346,0.0021780080866456797,0.00042601762326061694
4.423036631259995,0.0028100026948121508,0.002591422749211409,0.00042285315089313777
4.4236941451531715,0.0028092538210100068,0.002480575659832962,0.0004216132234425597
4.424351658404852,0.002809000000000017,0.002264424278140554,0.0004228797112542724
4.425009171099321,0.00280875606936302,0.0023183749436727513,0.00042496594053833186
4.425666683793789,0.002808007193856727,0.0031442821755935995,0.0004260106515023988
4.426324196488258,0.002807258318350465,0.0022463525458596683,0.00042144113667566584
4.426981732750657,0.002807000000000106,0.00290130325192986,0.00041773093847261803
4.427639286039847,0.002806760766735225,0.0033888701419021797,0.0004164897662620247
4.428296839329036,0.0028060126970090747,0.002598040896415581,0.00041947259105890483
4.428954392618225,0.0028059999999999205,0.003196422017989694,0.0004266480492393576
4.429611844977622,0.002805514982941165,0.002884280025344956,0.0004302249569054727
4.430269237093932,0.002804766244767612,0.0031334906968242694,0.0004293105736158226
4.4309266292102425,0.0028040175065944676,0.0028249159310133757,0.00042345165254013676
4.431584021326553,0.0028040000000000525,0.0037707975038357732,0.0004187470105814589
4.432241467165575,0.0028040000000001983,0.003251340664433515,0.00041691437087752
4.432898939270334,0.002803772278735331,0.003058371354940408,0.0004171853845429308
4.433556411375093,0.0028030234494589297,0.0021881788821655306,0.0004187517030853987
4.4342138834798535,0.0028029999999998503,0.0028606379393634252,0.00042174816686921983
4.434871240074252,0.002803000000000102,0.0025264085173768813,0.00042375840743808614
4.435528551031042,0.0028027772767300115,0.003160120572724225,0.0004244325489619479
4.436185861987832,0.0028020286309934973,0.0028131286569052574,0.00042344533157300424
4.436843172944623,0.0028019999999998584,0.0025513519130724617,0.0004229947258419688
4.437500483017236,0.0028019999999999165,0.0026798163261126215,0.0004224890762525072
4.438157792813262,0.002801999999999966,0.002005970403216826,0.00042254539580856716
4.438815102609287,0.0028020000000000007,0.0030964873299631325,0.0004241135861846134
4.439472412405313,0.0028012865462354293,0.00215937831109086,0.0004279890454471227
4.440129722201338,0.00280100000000002,0.0035032891479259156,0.00043108706133731666
4.440787031997363,0.0028010000000000955,0.0024339581193966882,0.00043215386897591646
4.441444341793389,0.0028010000000000547,0.0029945085415009477,0.0004295721350129478
4.4421016515894145,0.002800999999999962,0.002386230133917343,0.0004247637308160001
4.44275882443626,0.002800543999503787,0.0026694489980074424,0.00042266677777109523
4.443415973134113,0.0027999999999998577,0.002975073402842998,0.00042376527787181084
4.444073121831965,0.0028000000000000394,0.0034965997658638137,0.0004287531456884747
4.444730270529817,0.0028000000000000178,0.0032904238666961044,0.00043141862589855264
4.4453874907277315,0.002800000000000008,0.003197450624874504,0.00042967926410616535
4.4460447193994375,0.0027999999999999818,0.0031262102191628636,0.0004253368290717811
4.446701948071144,0.002799999999999834,0.002760486556070413,0.00042147918362567965
4.44735917674285,0.0027993058285062894,0.0026135711007251672,0.0004206604927078173
4.448016254369026,0.002798999999999905,0.002691850752595322,0.00042241884367823695
4.448673321967447,0.0027990000000000046,0.0028303929335755317,0.00042646366457910006
4.449330389565867,0.0027990000000000233,0.0023029242435644126,0.0004324167858274573
4.449987457164288,0.002799000000000053,0.003057018682905156,0.00043517999936095407
4.450644563445922,0.0027990000000000276,0.003524575285458505,0.00043447049508715894
4.451301670468689,0.002799000000000015,0.002866969987722617,0.00043208796639510646
4.4519587774914555,0.002798999999999938,0.002817950619330476,0.00043146619836585237
4.4526158845142225,0.0027990000000000276,0.002540190991206405,0.00043240872814891097
4.453272991536989,0.0027989999999999504,0.002805912251331907,0.0004328294138614336
4.453930098559756,0.002799000000000024,0.0026058671058978174,0.000433409630733321
4.454587205582522,0.002798999999999961,0.002322947330519976,0.0004361890583130193
4.455244301793547,0.0027990000000000345,0.00250891044089716,0.0004402006584186037
4.455901247780345,0.0027990000000000168,0.002428641001342859,0.00044199242513701066
4.456558193767142,0.002799000000000023,0.0030444687401199504,0.0004419827534923738
4.45721513975394,0.002799000000000041,0.001973969071823888,0.00044226702061030755
4.457872094525591,0.0027989999999999803,0.002495405634081069,0.0004413248168059612
4.458529120474079,0.0027989999999999526,0.0032324537587223915,0.0004393008017124979
4.459186146422568,0.0027990000000000423,0.0025685234766175636,0.0004372983755481869
4.459843172371056,0.0027989999999999617,0.0032603684766692965,0.0004379484304885087
4.460500173790511,0.0027989999999999907,0.0027519234294619784,0.00044057001207971135
4.461157038727898,0.0027990000000000055,0.0023460583460795633,0.0004403984256233188
4.461813903665287,0.002799000000000015,0.0022425763008351663,0.0004368019078910002
4.4624707686026746,0.0027989999999999673,0.002716644207487976,0.0004302266397440966
4.463127633330412,0.0027990000000000436,0.0031063105700195035,0.00042685711596140324
4.463784497190348,0.0027989999999999573,0.0021410575450055537,0.0004267833989210967
4.464441361050284,0.0027991461970959795,0.0027067356175683958,0.00042942668658652993
4.46509822491022,0.0027998943336106936,0.0036511333885452593,0.00043310567914206136
4.465755098335014,0.002800000000000017,0.002816653196445945,0.00043603841412946675
4.466412002709589,0.0028000000000000676,0.00258079345775473,0.0004371067290695302
4.467068907084165,0.0028001386883779373,0.002937455956845929,0.0004362013238894375
4.467725811458742,0.0028008860198620775,0.003665446741642874,0.0004337791570884429
4.4683826598568235,0.002801000000000022,0.002749818408710147,0.0004320111493104225
4.469039362755375,0.00280100000000008,0.0032926964519701236,0.00043201024057397196
4.469696065653926,0.0028011299153234137,0.0032387384837781917,0.0004339897540900433
4.470352768552476,0.0028018778685108673,0.0026754082055825334,0.0004378850832882715
4.471009496961489,0.0028019999999999326,0.003269450345086789,0.00044045862226376874
4.471666279807136,0.002801252210006512,0.0027086697831083684,0.00044145185170324253
4.472323062652782,0.0027997563989698403,0.00396816460890488,0.00044101654321231895
4.472979845498428,0.0027982620125178172,0.002928629726921411,0.0004400873634214646
4.473636570389632,0.0027973831772327763,0.0033236487812933566,0.0004419366284259787
4.47429319229874,0.0027966353162885154,0.002392035957926025,0.0004455118508838692
4.474949814207847,0.0027960000000000025,0.0030180958385552024,0.00045013776321331235
4.475606436116956,0.0027959999999999908,0.0033500715105397906,0.0004536885692637593
4.476263073841765,0.0027953917154421963,0.0029702216733082025,0.000453928591165101
4.47691973520344,0.0027950000000000527,0.0030266714435630447,0.0004532451991469909
4.477576396565114,0.0027948960221102367,0.0024776146241531957,0.0004518923565751891
4.478233057926789,0.0027941489670911582,0.0024058131855948838,0.00044749802830139525
4.478889719288463,0.0027939999999999584,0.0026609869465066944,0.0004430173897159805
4.479546380650138,0.002793999999999957,0.0022756620471506483,0.0004401231314509509
4.480203042011812,0.0027940000000000065,0.003113122794196476,0.0004388890363882873
4.480859703373487,0.00279399999999997,0.0026999549124956945,0.0004368888746477601
4.481516287270956,0.0027934096955911595,0.0022221707904116293,0.0004343838939628829
4.482172787733348,0.002793000000000087,0.002647636456949474,0.0004331195828247558
4.482829288195741,0.0027929999999999995,0.0025036730467494412,0.00043369738333212183
4.4834857886581325,0.002793000000000019,0.0026408340925655046,0.00043586726028040974
4.484142330805343,0.0027930000000000797,0.003146640699097928,0.00043813393284206244
4.484798911202668,0.002793000000000027,0.0033322556502377336,0.00043990117620851303
4.485455491599992,0.0027930000000001023,0.0020776437262640204,0.0004406680255528375
4.486112071997316,0.0027929999999999904,0.003025770231380735,0.00043882737727592657
4.48676856209914,0.0027924287447618342,0.002440434801158114,0.0004392404138526946
4.48742498162201,0.0027920000000000267,0.002174225565854237,0.0004419465948145402
4.48808140114488,0.002791999999999953,0.002331835929211496,0.00044675339151268386
4.488737820667751,0.0027920000000000193,0.0025327626070501346,0.0004503263257812956
4.489394239593176,0.002791999999999964,0.002604671176416672,0.0004488722879811648
4.490050658121682,0.002792000000000013,0.0038024962465532473,0.0004455150183817491
4.490707076650187,0.0027919999999999933,0.0020684511313432056,0.0004421198626503604
4.4913634951786925,0.0027919999999999963,0.0025436539710635064,0.00044142797448006553
4.4920199395871965,0.0027925511840401,0.002798224731583167,0.0004409219282732375
4.492676398575424,0.0027930000000000446,0.0027994271800629933,0.00044030554970632413
4.493332857563651,0.0027930000000000615,0.002419860202560015,0.00043961660865762445
4.493989316551878,0.0027930000000000402,0.002963583878796683,0.00044149896768958294
4.494645638926086,0.0027935405910320147,0.002927377073607106,0.00044476999212324106
4.495301896629771,0.0027939999999999922,0.0027775429529075953,0.00044696239104830617
4.495958154333456,0.0027940354832954586,0.0024950276190034947,0.00044637594044867374
4.496614412037141,0.0027947829294272105,0.0027513955783812884,0.0004435102936406043
4.497270727066498,0.0027950000000000036,0.0024088645433997455,0.0004407007582510218
4.497927064690519,0.0027952768390551927,0.0032173616034917012,0.0004389739689350498
4.498583402314542,0.0027959999999999743,0.0027651962012476823,0.0004390714023327461
4.499239739938563,0.002796000000000081,0.003408303498666439,0.00044110967002521377
4.499895956059644,0.0027965193121409116,0.0024187921319568143,0.000445393309304736
4.500552132883652,0.002797266666154564,0.002577999210196098,0.0004497445824380315
4.5012083097076605,0.002797999999999963,0.0037557123956635623,0.0004497129548826665
4.501864486531669,0.0027979999999999026,0.0028186967792481065,0.00044534300802466606
4.502520726784679,0.002798508221597984,0.0028782682345560836,0.00044334084400246267
4.503176983524158,0.0027992551065195194,0.002520332569227124,0.00044427806292672144
4.503833240263637,0.0028000000000000477,0.002546023698981754,0.00044885061924558855
4.5044894970031155,0.002800000000000056,0.0028125952732894165,0.00045446806818759904
4.505145620051095,0.0028004972893519893,0.003078686046532474,0.0004591490058120833
4.505801716015358,0.002801244551270387,0.0030408732166663723,0.00046212903227429124
4.5064578119796215,0.002801991813188675,0.001842657649330859,0.00046257766188504296
4.507113907943886,0.00280273907510697,0.0025557046780227913,0.00045921414325993814
4.5077700030963035,0.002803485782817139,0.002838310897039115,0.0004549903176183068
4.508426098126489,0.0028042324580028707,0.0030780220525700153,0.0004514374294786271
4.509082193156675,0.002804979718857132,0.0038106849493856378,0.00045016270174777295
4.50973828818686,0.0028057269797115937,0.002782655818525116,0.00044953884861666655
4.5103944198376675,0.0028064742822751574,0.0027562001326322944,0.0004492200172231368
4.511050555287705,0.0028072215891658736,0.002933324158875765,0.00044860633136172706
4.511706690737742,0.002807968896056701,0.0028511168279324473,0.00044694465800048207
4.512362826187779,0.0028080000000000075,0.0022983308188674746,0.00044777969426109483
4.51301881004333,0.0028080000000000084,0.0026924073650620235,0.00044941794507969443
4.513674784755336,0.0028080000000000062,0.0031156048568980283,0.0004501031690093414
4.514330759467343,0.002808000000000044,0.0030110935545960118,0.00044730242997300935
4.51498673417935,0.0028080000000000297,0.0024356553525439655,0.00044678497640148005
4.515642787195036,0.0028079999999999737,0.002989873493079516,0.00044745874174931596
4.51629884181035,0.002808000000000076,0.0026248247760793843,0.00044822102225537517
4.516954896425664,0.0028079999999999924,0.001935231504858908,0.0004473375725360993
4.517610947702224,0.0028079999999999967,0.0033106329920536796,0.0004473147704709571
4.5182668012067815,0.0028079999999999924,0.002779585683676855,0.0004490349143232632
4.518922654711339,0.0028080000000000006,0.002158322155756514,0.00045219311456537545
4.519578508215897,0.002807999999999999,0.0030167716957155005,0.00045605506724673793
4.520234363803518,0.002808000000000089,0.0029352464704897455,0.00045724856395984865
4.520890256809122,0.002808000000000055,0.003110101813274741,0.0004594367216595876
4.521546149814727,0.0028080000000000856,0.0029880458739312606,0.0004622500510446394
4.5222020428203304,0.0028080000000001016,0.0040087684739931505,0.00046380797176370867
4.522857935825935,0.002808000000000015,0.0030089622745075977,0.00046316871297168654
4.523513828831539,0.002808000000000095,0.002703360974702939,0.0004641831491820548
4.524169721837143,0.002808160275440923,0.0032200654042026586,0.0004672264894108422
4.524825614842747,0.0028089073061990295,0.0027777561089565167,0.00047193289834933345
4.525481487922286,0.0028089999999999313,0.0031030630139367308,0.00047442356723265085
4.526137220264179,0.0028094011620321694,0.0027519236544837943,0.0004743803395954008
4.526792952606072,0.0028102956828352003,0.002895743792098511,0.0004724711366436295
4.527448684947965,0.0028117876790625606,0.0031938931968891505,0.000470652678469974
4.528104430026022,0.0028132811617905167,0.001985167063422695,0.0004640211414871778
4.528760242256625,0.0028151625589634068,0.002944253778838129,0.0004565906968123442
4.529416054487228,0.002817403375241049,0.0023034066376859197,0.00045010419364119124
4.530071866717832,0.0028196441915188464,0.002497653373517715,0.00044763058346980884
4.530727647691295,0.0028218849009953723,0.002389101313215034,0.0004503196186362739
4.531383299282946,0.002824125168392787,0.0033250533362184495,0.0004556108137127041
4.532038950874597,0.0028260000000000394,0.002141075937321056,0.00046165932276532614
4.532694602466248,0.002826000000000021,0.0027676319114004603,0.00046273399267601035
4.533350253862514,0.002826000000000012,0.0027937425645193606,0.0004596211822933624
4.534005904602787,0.0028259999999999987,0.0023260103260363913,0.0004562650109038306
4.53466155534306,0.0028260000000000134,0.0027503709866458967,0.00045407354748675557
4.5353172060833336,0.002826000000000035,0.0029723840176146933,0.00045469146879757076
4.535972856823607,0.002826000000000053,0.003087770985366293,0.00045688354593326463
4.53662850756388,0.00282599999999997,0.0032504531078990408,0.0004588482258110223
4.537284158304154,0.0028260000000000195,0.003149675121805643,0.000460091039314171
4.537939809044428,0.0028259999999999397,0.003401395890947758,0.00046136589982947643
4.53859541195288,0.0028259999999999457,0.0025193169432528475,0.00046176578753801304
4.539250902103695,0.002826000000000059,0.0029225363594326077,0.0004594223346720079
4.539906392254511,0.0028259999999999657,0.003539399081553934,0.0004543476827473176
4.540561882405327,0.0028259999999999783,0.00228886798541544,0.000451173677966265
4.541217399057343,0.0028265733474457547,0.0031593192556323597,0.00045129849980717513
4.541872969082273,0.0028270000000000595,0.0027581312634695444,0.00045110049133913503
4.5425285391072014,0.002827000000000017,0.002996335531005626,0.00044904835493918217
4.543184109132131,0.0028270000000000487,0.0034927093234432206,0.000445994953766692
4.543839620474104,0.00282700000000008,0.0029245069924784496,0.0004463288255707808
4.544495029934312,0.0028270000000000027,0.0036136445755931713,0.0004488131227005107
4.54515043939452,0.002827000000000019,0.0022203993399279092,0.00045263073530240835
4.545805848854728,0.0028270000000000044,0.003223747839600356,0.000454272169911972
4.546461257993258,0.0028270000000000794,0.0021033661768608707,0.00045486937978926243
4.547116666647104,0.002827000000000014,0.002848006722340816,0.0004544552101976161
4.5477720753009505,0.002827000000000039,0.00225681622562545,0.0004529779751230295
4.5484274839547965,0.0028269999999999663,0.003109914160083693,0.00044974990558551163
4.549082910019006,0.002827529510272269,0.0027398261527976594,0.000447084646013117
4.549738359008175,0.0028280000000000514,0.002798642805419079,0.00044605446566402745
4.550393807997343,0.0028279999999999915,0.002841856795047014,0.0004474708219910222
4.551049256986512,0.002828000000000038,0.003338135936415127,0.0004511192246702944
4.551704631394607,0.002827999999999997,0.0021888595031620294,0.00045371579684570903
4.552359919856145,0.0028280000000000197,0.002288441948935288,0.00045400162409036255
4.553015208317683,0.0028280000000000033,0.0030990212604046063,0.00045097103739515836
4.553670496779222,0.0028280000000000917,0.0024779658627676537,0.00044758311414149144
4.55432580490286,0.002828499777793696,0.003203570524119749,0.0004447038049471621
4.554981132900952,0.0028289999999999873,0.002837537678812063,0.00044299969397413447
4.555636460899045,0.0028289999999999748,0.002788563424933481,0.00044316614440686076
4.556291788897138,0.0028289999999999284,0.0027713554301646544,0.00044696477230377773
4.556947031908899,0.002829000000000009,0.0032529964636781924,0.0004498453087303758
4.5576021994164355,0.0028290000000000056,0.0032214047012936184,0.000451774874936478
4.558257366923972,0.002828999999999924,0.003235072932022975,0.0004527979399819906
4.55891253443151,0.0028297227043638223,0.0023392802584457553,0.0004524862578721037
4.559567724144007,0.0028299999999999957,0.0031438154179588636,0.00044999766889919303
4.560222931195685,0.0028300000000000243,0.002690511867683428,0.0004471417836737538
4.560878138247361,0.002830000000000056,0.002338646158721714,0.00044634886367661005
4.561533345299037,0.00283000000000003,0.0025754718965494234,0.0004487514504010533
4.5621885523507135,0.0028300000000000334,0.0029746476118159815,0.000451047736911892
4.56284375940239,0.0028301990425995526,0.002538075478898192,0.0004527292909546884
4.563498966454066,0.0028309452920889564,0.0024061302251355706,0.000453276097807349
4.5641541735057425,0.002831000000000061,0.002509786665146132,0.00045518167097465803
4.564809280352329,0.00283100000000001,0.0029619591093900774,0.0004585397498141969
4.565464326950509,0.002830999999999991,0.0034288186043715542,0.00046260389554610994
4.566119373548688,0.0028310000000000197,0.003301230890652559,0.0004657559278460537
4.566774420146867,0.0028310000000000167,0.0025700979852566717,0.0004654761735101125
4.567429519105883,0.0028314215234424606,0.0032435313918465192,0.00046477892209646424
4.568084645551414,0.002831999999999996,0.002643668609482257,0.00046428026302816394
4.568739771996945,0.0028319999999999626,0.0028526529691693513,0.0004645661605071061
4.569394898442477,0.0028320000000000133,0.002484767215899148,0.00046615789563909786
4.5700498870454505,0.0028319999999999856,0.002698137726326787,0.00046749660067678915
4.5707048127788905,0.002832151267401907,0.0029090032369902224,0.0004683373940197471
4.571359738512331,0.002832897196483282,0.003201350060063689,0.0004687028747678048
4.572014664245771,0.0028329999999999983,0.0031839104714148814,0.0004715722901497112
4.572669618354499,0.002832999999999952,0.0025326525680143207,0.00047411764490542537
4.573324583647223,0.002832999999999932,0.003254609990293123,0.00047464941076806464
4.573979548939948,0.002833,0.0024260776340229604,0.00046945288268623875
4.574634514232673,0.0028329999999999033,0.0037499713752814057,0.00046595700469457326
4.575289479525398,0.00283299999999997,0.0025389095926412033,0.0004646551434583043
4.5759444448181235,0.002833000000000021,0.002645082774633924,0.0004647792092912359
4.576599410110848,0.0028330000000000083,0.003068410673917322,0.00046277705068990756
4.577254375403573,0.002832390926730785,0.0022488198354806786,0.0004623400152474995
4.577909216026351,0.002831999999999882,0.0030613162741453576,0.00046401577343960085
4.578564020939645,0.0028319999999999517,0.003115152972294008,0.00046752020917188903
4.57921882585294,0.002831999999999898,0.0015840035288452322,0.00047001064775190103
4.579873630766235,0.0028319999999999457,0.003068302234500202,0.0004712375729571455
4.580528500114854,0.002831999999999887,0.0029483370942609854,0.0004708055483228551
4.5811833848609025,0.0028319999999999314,0.0033114542488583048,0.0004688989570033525
4.581838269606952,0.002831999999999994,0.00359008532509264,0.00046778787199410783
4.582493154353001,0.002831999999999958,0.0027980612719276884,0.0004660415252850041
4.58314790493505,0.002831999999999919,0.002431047800036116,0.000465436300680773
4.583802629326343,0.002831934362954004,0.0019770673598367167,0.00046676436041822493
4.584457353717637,0.002831188663191722,0.0023363764511312966,0.00046983058867108656
4.5851120781089305,0.002831000000000003,0.0022713239765465854,0.00046933082873211934
4.585766801912079,0.002831000000000034,0.0032416862916375736,0.0004672942474334839
4.586421525624196,0.0028310000000000717,0.002717302720990044,0.0004649537867942732
4.587076249336312,0.0028310000000000527,0.003039981723340761,0.00046422756997517545
4.587730973048429,0.0028310000000000553,0.0031598286053794106,0.00046490872132004063
4.588385696760546,0.00283100000000008,0.003625400106841195,0.00046650673873044107
4.589040420472662,0.0028309999999999585,0.0027347876191980394,0.00046854661601441507
4.589695144184779,0.0028310000000000297,0.002108576051867899,0.00046682553056043047
4.5903498678968955,0.0028310000000000145,0.0025854033800405537,0.0004628580603218509
4.59100444363176,0.002831000000000077,0.002944850319431857,0.0004589815149620019
4.591659007038448,0.002830999999999967,0.002393719588812202,0.0004569021029127149
4.592313570445135,0.002831000000000031,0.003289212154290685,0.0004579784727942808
4.592968133851824,0.0028310000000000154,0.0025100634393938727,0.000461918912842612
4.593622773198784,0.0028310000000000973,0.0020697254662003003,0.00046793886273386036
4.594277416423629,0.0028309999999999984,0.0021114109221148447,0.00047529969740250536
4.594932059648474,0.0028295215042175395,0.0029751708137109147,0.00047974927281228
4.595586702873319,0.002827545434373601,0.002900340309469022,0.00048010403207149647
4.596241189104395,0.002825539432563969,0.002803345467071642,0.00047698821383327023
4.596895672048465,0.0028240485830332215,0.0020549758937714086,0.00047123715123937026
4.5975501549925335,0.002822559374305942,0.0034491131316032853,0.0004659363580852779
4.598204637931955,0.002821069161886147,0.0025541967695467114,0.00046441552488612066
4.59885912024161,0.00281957831380042,0.0025920474417372285,0.00046621503144942474
4.599513602551264,0.002818087465714677,0.0027038702228443004,0.0004708908115068381
4.600168084860917,0.002816596617628882,0.002480423083099584,0.0004745951373065418
4.600822567170572,0.002814658654314596,0.0020248347925936917,0.0004797851583440444
4.601477049480225,0.0028126149214573646,0.001914634833226892,0.00048617287153666054
4.60213153178988,0.002811124073371537,0.002051839543364105,0.0004927579746900144
4.602786014099534,0.0028096347802057716,0.0016607909775537147,0.0004925209371256266
4.603440486551196,0.002807717016339799,0.002881964085639157,0.0004912082833539179
4.604094808629357,0.002805654194466094,0.003641287068840578,0.0004895714515357113
4.604749130707519,0.0028041637113723765,0.0033687495157560406,0.00048781708366186247
4.60540345278568,0.002802673228278683,0.0022458260234941097,0.0004828024080095888
4.6060577819167925,0.0028011827291188622,0.0029713779423571193,0.0004777088981077083
4.606712183798513,0.002799692064240416,0.002429758293201982,0.00047390504755367177
4.607366585680234,0.0027982013993616195,0.0028590310581143676,0.00047391502654608433
4.608020987561954,0.0027973561006121896,0.003265052794686151,0.00047622752371270316
4.60867537102145,0.0027962223894728334,0.0028210410437820234,0.0004779603677329473
4.609329612696309,0.002794732089530019,0.0031777052720042844,0.0004777021773908332
4.609983854371167,0.002793241789587443,0.003519065188075628,0.00047264718918523527
4.610638096046026,0.00279237574482229,0.0033402422739828236,0.00046726891932216203
4.6112923490010225,0.002791261164006725,0.0025191535286666457,0.0004653552429910114
4.611946670474573,0.002789885471587567,0.0032633352841592925,0.00046711859522796927
4.612600991948125,0.0027891410785572876,0.0022944065673306657,0.00046993047768415967
4.613255313421677,0.0027883959983807855,0.0032874181030818645,0.0004716696247000386
4.613909601337736,0.0027876507957429117,0.0030991771810415657,0.00047336954055406816
4.614563722444683,0.0027869057830925905,0.0031507711226911603,0.00047522005959140976
4.615217843551631,0.002786160770442213,0.0021943255431178125,0.00047634470205975415
4.615871964658579,0.00278658424220794,0.001762941126773444,0.00047818990188199363
4.6165260934147305,0.002787329263570293,0.002722321201664044,0.00047999169006811206
4.61718025413121,0.002788074236781811,0.003312105353043784,0.0004813656552037844
4.617834414847689,0.002788818446925743,0.0031322143667120964,0.0004818233923664581
4.618488575564168,0.0027895632979090487,0.003255915148998736,0.0004808643370984624
4.619142736280647,0.0027903083556728068,0.0030806789274701045,0.00048033812616514004
4.619796896997127,0.0027911068268727333,0.0025911151275635857,0.00048124974688877283
4.620451057713606,0.002792596942400009,0.0016748099834471954,0.00048439645595913455
4.621105218430086,0.0027940870579273346,0.003744537786218817,0.0004850312725497694
4.621759340168876,0.0027952885423335114,0.002930976234938147,0.0004850340440975529
4.622413340752343,0.0027960667593910343,0.0034112782258439982,0.0004857195664587594
4.623067341335809,0.002797554815326043,0.0025329559976375433,0.0004894816846889244
4.623721341919275,0.002799044059041649,0.0023289431247132094,0.0004900272729285625
4.624375363909656,0.002800533858564082,0.0018113466207131353,0.0004888257213243163
4.625029444277217,0.0028020237910642357,0.002925429370686418,0.0004871157096050772
4.625683524644778,0.0028035137235644693,0.002749047112318936,0.0004884013253964593
4.626337605012339,0.002805003656064484,0.002577209464935831,0.0004869576666080461
4.62699162670905,0.0028064928935359243,0.0029719577409738395,0.000482420788392738
4.62764550681344,0.0028079806753434446,0.00306173886236601,0.0004746040632960122
4.628299386917831,0.0028094701296533697,0.0026414774414519884,0.00047083662705394526
4.628953267022221,0.0028114394089596676,0.0028717759543594673,0.0004718486276559779
4.629607159693085,0.00281344911091819,0.0031972263387517975,0.00047624087997888604
4.630261079422009,0.0028149386774989705,0.002755344938005696,0.00048246265613530783
4.630914999150934,0.0028171423661194827,0.0013487992630179702,0.0004831720297836942
4.631568918879859,0.0028189178106602705,0.0017396762285434388,0.00048160659740770684
4.632222838608784,0.002820406913785656,0.0021096024336504067,0.0004793188784407759
4.632876758337709,0.002821894785751352,0.003346550362273986,0.0004783283308369656
4.633530678066633,0.002824076348746986,0.0024626830079573806,0.0004762612181624268
4.634184597795559,0.0028258737990787693,0.002644897546046614,0.0004746478717511042
4.634838459182582,0.002827363232762157,0.002711471935241852,0.0004746610070373294
4.635492218852277,0.0028288524347432325,0.0024462268280051047,0.0004785644329715241
4.636145978521973,0.0028310124550863605,0.002779460957512848,0.0004840913096036578
4.636799738191669,0.002832415419352567,0.0031212561356845953,0.0004863191605836874
4.637453528807098,0.0028328401264992803,0.0022971931208326983,0.00048416272186927313
4.638107368246291,0.0028320962818584707,0.0029750111306877177,0.0004767988567619733
4.638761207685483,0.002831351699674863,0.002531480681972106,0.0004728820036978143
4.639415047124675,0.0028306070078307098,0.002870094618856719,0.0004715481271371381
4.640068804271591,0.002829862409713398,0.002569199430079102,0.0004717443692446345
4.640722443550947,0.002829117945841798,0.0024322081872549303,0.00047071374693785954
4.641376082830305,0.002828373481970069,0.003169132194940808,0.0004705889330576882
4.642029722109661,0.002828000000000121,0.0031927428831564986,0.000472471439580421
4.6426833785861366,0.002827885673592159,0.003017377819374081,0.00047610473077742466
4.643337057504998,0.0028271411645728857,0.00310294043231232,0.0004789408399861512
4.643990736423858,0.002826396655553723,0.002483140681188362,0.00048071333083478363
4.644644415342719,0.0028256521465345246,0.0019554306997182883,0.0004831788473345689
4.64529809426158,0.0028249999999999113,0.0031183097275792656,0.0004864800187856245
4.645951773180441,0.0028250000000000146,0.00260539014755399,0.00048779837598986436
4.646605452099302,0.0028244186194768314,0.0020287468366042448,0.00048820269249467296
4.647259131018163,0.0028236744812080634,0.0037526203711314987,0.0004894660016811869
4.647912733420515,0.002822930827539185,0.003225446652305462,0.0004921214644105377
4.648566252353866,0.00282218650073593,0.002460151523038144,0.00049412707183933
4.649219771287215,0.002821999999999981,0.0032087798254988057,0.0004940814611322154
4.649873290220564,0.0028216978471291153,0.003287645578943677,0.0004923695588954003
4.650526828987083,0.00282095349773681,0.0031767767885418907,0.0004895137639871542
4.6511803875674085,0.0028202091257775756,0.0027421099750159932,0.0004898725535941048
4.651833946147735,0.002819464753818184,0.0025686703076820377,0.0004939809274207871
4.652487504728062,0.002818999999999986,0.002812928571384203,0.0004974687565811296
4.653140979858603,0.0028189772438967317,0.0024542345986712406,0.0004969868980721875
4.653794378490253,0.0028182330541113147,0.0026274255218313607,0.000488940820303095
4.654447777121902,0.002817488864325828,0.0026246542103408686,0.00048153151402802885
4.655101175753552,0.0028167446745403935,0.0029138123712889336,0.00047657096856912524
4.655754595916325,0.002816000460231982,0.0022264438911262082,0.0004755381760138981
4.656408034202416,0.002816000000000048,0.0036041412626853985,0.0004809021467946704
4.6570614724885075,0.002815512545519344,0.0034770474186413326,0.0004871680610411835
4.657714910774598,0.0028147688943341567,0.00235655375998699,0.0004922850931690093
4.65836834906069,0.0028140246593841805,0.0031038482038811396,0.0004936105614902653
4.659021787346781,0.0028132804244341177,0.0031464147850749683,0.0004942262068059981
4.6596752256328715,0.0028125361894841406,0.0028244080188033027,0.000495723452907721
4.660328663918963,0.00281179195453425,0.0030178882834251955,0.0004959126912389977
4.6609820087409455,0.0028110478260353435,0.002729532092686391,0.0004913996110427971
4.661635287115179,0.0028110000000000665,0.002887119081617405,0.0004874814993063069
4.662288565489412,0.002810560221286214,0.002375754719673337,0.0004870950913775942
4.662941843863646,0.002809816806533414,0.0032128916344808627,0.000489212345344781
4.663595146232551,0.0028090727263864737,0.002494044716205593,0.0004916679000402693
4.664248464268682,0.002808328628395599,0.003108422570758604,0.000489971307766219
4.6649017823048124,0.0028075845304045117,0.0017308675594246352,0.0004892501262395103
4.665555100340943,0.0028069999999999974,0.002831348201134298,0.0004908132506370669
4.666208318455164,0.00280699999999996,0.0033352334019647423,0.0004966133543202175
4.666861476616239,0.002806352532327825,0.003346570582712155,0.0004993663324878335
4.667514634777313,0.0028056090616867084,0.003105596809202896,0.0004989732520298467
4.668167792938387,0.002804865839477974,0.003573307186567866,0.0004963710846632755
4.6688209508483896,0.002804121923862915,0.0027070385646493305,0.0004945382459583441
4.669474108620069,0.002803999999999984,0.002892902405746428,0.0004928072341477135
4.670127266391748,0.0028036340929479195,0.002901811041079013,0.0004909704229094559
4.670780424163428,0.0028028901774902974,0.003062871890551583,0.0004892451609505292
4.671433608526834,0.0028021462317462053,0.0024774226840965975,0.0004888512994584992
4.672086806357254,0.0028020000000000297,0.0037455833860040814,0.0004906318774427789
4.672740004187674,0.002801658698307526,0.003123647852755173,0.0004937671885592868
4.673393202018095,0.0028009154874509266,0.0022092427452444206,0.000497822275191053
4.674046263306147,0.0028001716818836955,0.003052165428500289,0.0005012732545030344
4.674699261251814,0.0027999999999999492,0.0028354668584518,0.0004980066248348148
4.675352259197482,0.002799684215037137,0.0026124271972428072,0.0004918443551933983
4.676005257143149,0.0027990000000000285,0.0029764587470622558,0.000485187466478589
4.676658311046921,0.0027989999999999612,0.002086954824523288,0.00048466863795201684
4.677311388715856,0.002798453482689628,0.0034470721982014334,0.000486286542582105
4.677964466384792,0.0027979999999999247,0.002359346084877402,0.000488679075395432
4.678617544053727,0.0027979999999999997,0.001507491666518589,0.0004911288379995234
4.679270506592236,0.0027979999999999915,0.00367173690516206,0.0004945700095808067
4.6799234244596715,0.0027979999999998913,0.003086687077172909,0.0004966908746062715
4.6805763423271065,0.0027977353732037587,0.0034679027379862044,0.0004973658161017318
4.681229260194542,0.0027970000000001076,0.002347123103226279,0.0004964661866625839
4.681882177807058,0.002797000000000075,0.0029957186069523595,0.0004942288782265665
4.682535095329435,0.0027965050110018673,0.002276610954126186,0.0004934993693963796
4.683188012851811,0.002795999999999948,0.0025913576836854345,0.0004938130705304299
4.683840930374187,0.0027959999999999526,0.003272741544122965,0.0004947529485264584
4.6844938478965625,0.002796000000000035,0.0026075298026624182,0.0004977965180139955
4.685146765418939,0.002795531018885104,0.002882816069496528,0.0004991602884476819
4.685799682941315,0.00279499999999999,0.003473150420041821,0.0004983091253878727
4.686452600463691,0.0027950000000000566,0.00283912025665149,0.000494649560288672
4.68710539434949,0.0027949999999999533,0.002718005526897085,0.0004936807680388704
4.6877581521193665,0.0027949999999999967,0.0028663164576933874,0.0004947171204939992
4.688410909889243,0.0027948144534291,0.002710930607482923,0.0004963825602974603
4.68906366765912,0.002794070993554466,0.0021347142509379525,0.0004961860271701254
4.6897164884992595,0.0027939999999999814,0.00271242798162154,0.0004967515682831609
4.690369325977806,0.0027939999999999,0.0037811002229150765,0.0004978941864942279
4.691022163456352,0.002794000000000021,0.003135486379749997,0.0004989381537975604
4.6916750009348975,0.0027940000000000282,0.0022335869872897327,0.0004981951038869895
4.69232770929737,0.0027939999999998877,0.002184636273669522,0.0004955146015521304
4.692980387047906,0.002793611176482996,0.003763034103514075,0.0004931403592469812
4.693633064798442,0.0027930000000000485,0.003833237326198691,0.0004920698735932415
4.694285742548979,0.0027930000000001083,0.002781410068417347,0.0004945032653834424
4.694938420051306,0.002793000000000083,0.0033398237424213098,0.0004975065961690375
4.6955910975010555,0.0027929999999999795,0.002113186358341957,0.0005005598792056416
4.696243774950804,0.002793000000000048,0.0027799361498379287,0.0005032583072138477
4.696896452400552,0.002793000000000038,0.002160884298410777,0.0005042936320121638
4.697549129850302,0.002792408270932544,0.002226943522569916,0.0005073357147279083
4.69820180730005,0.002791999999999985,0.0028688622680645057,0.0005109340703564492
4.698854484749798,0.0027919999999999378,0.0028872085635389786,0.0005139441727320169
4.699507162199548,0.0027920000000000982,0.0031592138519762614,0.0005119275344535035
4.700159702736984,0.002791999999999974,0.002375681200749648,0.0005079258455067846
4.7008122205076805,0.00279199999999999,0.0033551888296481855,0.0005043314300225216
4.701464738278378,0.002792000000000051,0.0029825264731778277,0.0005025084706215559
4.702117256049075,0.0027920000000000657,0.0029165039338378616,0.0005057979532715088
4.702769843415886,0.002792000000000092,0.0029569328797066645,0.000507482461609248
4.7034224408806535,0.002792000000000078,0.0034443085995920913,0.0005060896172803105
4.704075038345421,0.0027920000000000497,0.0030270135433616476,0.0005008780872563527
4.704727635810189,0.0027919999999999525,0.0025389749969609516,0.0004978439130141889
4.70538005582288,0.002792509175196961,0.003258663202251108,0.0004975224919511719
4.706032453660155,0.0027930000000000498,0.003817782626309321,0.0004985032699296819
4.70668485149743,0.0027930000000000324,0.003729910982663002,0.0004996175003945918
4.707337249334705,0.0027930000000000155,0.002459526176246744,0.0005008390444640355
4.707989683077634,0.002793480276853711,0.004146138358545905,0.000500001452974475
4.708642120631236,0.002793999999999984,0.0034970831684573217,0.0004979581644763008
4.709294558184838,0.002793999999999937,0.004056678914205846,0.0004957686669928362
4.70994699573844,0.0027939999999999333,0.003294778219531745,0.0004977947001348319
4.7105994332920424,0.002793999999999983,0.002414298530458505,0.000501022597062724
4.711251870845644,0.002794195752671563,0.0027118346183124305,0.0005035426921988554
4.711904308399246,0.002794938847835028,0.002690906070681834,0.0005022490082432719
4.712556745952848,0.0027949999999999815,0.0019112994300769692,0.00050175201585492
4.713208997248143,0.0027954236870707,0.0031154793888916133,0.000503665327376914
4.713861235242753,0.002796000000000076,0.0034392433171000917,0.0005067447505646335
4.714513473237362,0.0027959999999999977,0.00258103109272651,0.0005076182445227617
4.715165711231973,0.002795999999999936,0.002516989354613324,0.000508950389033971
4.715818024721354,0.002796395244557369,0.001928534386420883,0.0005112624641864466
4.716470342393002,0.002796999999999984,0.0023554729107336243,0.0005141416472120629
4.717122660064651,0.0027970000000000204,0.00390028949306071,0.0005158905073207482
4.7177749777362985,0.0027976234103939284,0.0031740078502953298,0.0005183972497655275
4.718427141994194,0.002797999999999975,0.0033361015120337606,0.0005205399341725408
4.71907930009684,0.0027981085422515268,0.00337193945885874,0.0005218034084949649
4.719731458199486,0.002798851319133859,0.0018139909622950975,0.0005211669766193889
4.720383616302131,0.002799000000000046,0.0026751997386171805,0.0005190537603773195
4.721035852092926,0.0027993369613814336,0.002128266827275773,0.0005153202992347911
4.721688089867743,0.002800000000000014,0.003839938430782717,0.0005101957388552501
4.722340327642561,0.0028000000000000546,0.002904108172576315,0.0005054085930075819
4.722992565417379,0.0028005649208388867,0.0031350705586239364,0.0005037401037692553
4.723644606007649,0.0028010000000001332,0.00256305691724152,0.0005045304971990046
4.724296644309039,0.002801049708780183,0.0027001946331508663,0.0005075355276167033
4.724948682610428,0.0028017923492145744,0.00303388210149734,0.000511510921005123
4.7256007209700295,0.0028020000000000536,0.0031302140052678886,0.0005157810773219364
4.726252799009887,0.0028019999999999924,0.003078645539982252,0.0005188504277878799
4.726904877049745,0.002802020337940571,0.0030053764278341975,0.0005195017303665287
4.727556955089603,0.002802762178713973,0.0024797194322614797,0.0005160300122490076
4.728209033129461,0.002803000000000066,0.0023921482077686345,0.0005120939052107732
4.728861111169319,0.002802999999999967,0.003049965450678801,0.000508936387430152
4.729513189209177,0.0028029999999999926,0.002924346273050424,0.0005076580277768016
4.730165267249035,0.0028037326506254417,0.0016826513618533922,0.0005063950264640586
4.730817340031143,0.0028040000000000326,0.0028326007807758903,0.0005053999154182924
4.731469218665977,0.00280421778891343,0.0027990450170539065,0.0005051931007342836
4.732121097300809,0.002804960247495252,0.0028554552117766177,0.0005065269858297953
4.732772975935642,0.0028049999999998697,0.0022339311544337906,0.0005098946174074857
4.733424857623664,0.002805444029184114,0.002749579651049538,0.0005128155096401392
4.734076815913636,0.0028061865784893003,0.0028453929028593775,0.0005150143037031093
4.734728774203609,0.0028069291277946352,0.003045845492907883,0.0005162447399240491
4.735380732493582,0.0028070000000000772,0.002097174854263373,0.000515908332606763
4.736032682802815,0.00280741421731532,0.0028363784811113587,0.0005132279480421012
4.73668448163369,0.002808000000000024,0.0031159384817428474,0.0005090568554724818
4.7373362804645645,0.0028080000000001073,0.0035270346554928163,0.000505531130012629
4.737988079295439,0.002808640590779807,0.0014397141615973266,0.0005050648570471664
4.738639878117761,0.0028093825491089337,0.0033265853168829244,0.0005053405051397276
4.739291676809621,0.002810124916639655,0.0036525887779987856,0.0005059031492993575
4.739943475501482,0.0028108672841702055,0.0023524999982322634,0.0005067029461910135
4.740595274193343,0.002810999999999951,0.0020280680967762763,0.0005065815472847544
4.741247072885203,0.002811352019231513,0.0018775969227710222,0.0005050088118936475
4.741898871577063,0.0028120942793822723,0.002648405686073722,0.000502092246388444
4.7425506702689235,0.0028128358023536163,0.002805150706477636,0.0004992319525922162
4.743202468960784,0.002813577982871017,0.0026367983653050354,0.0004986798868154069
4.743854254420344,0.0028143203353306343,0.002484526247558152,0.0005011855339847889
4.7445058937019065,0.0028150625213005753,0.002815645388053149,0.0005068913331510526
4.745157532983468,0.0028158047072705697,0.0025889857471657245,0.0005118094216941517
4.745809172265029,0.0028165468932403147,0.0035512265971136565,0.0005145392607589884
4.746460818993449,0.0028172890876918834,0.003275594708940473,0.0005176098831021032
4.747112537915551,0.0028179373426267286,0.003295127276468455,0.0005224551873994565
4.7477642568376535,0.002816454478185204,0.002990112385431984,0.0005250985968709596
4.748415975759756,0.00281548522123028,0.0024698775076224667,0.0005258658048010217
4.749067674007593,0.002814742968100773,0.003606686418949934,0.0005265060638871804
4.749719193678421,0.002814000918361777,0.0022472651328474687,0.0005284972296958574
4.750370713349247,0.0028132588686227834,0.0033864951152835446,0.0005299623239696334
4.751022233020075,0.0028125168188837565,0.0022562620448537424,0.0005298165848284215
4.751673757205843,0.002811774764002523,0.002546487399649898,0.000528031409899154
4.752325316646991,0.0028110326689670256,0.002454043362822376,0.0005235095035574528
4.752976876088138,0.0028102913810146113,0.0034043713902987354,0.0005185133923876406
4.753628435529286,0.0028095496178481972,0.0024698669724879494,0.0005161398811132804
4.7542799949704335,0.0028088075228126425,0.0038386642863754055,0.0005152572958462525
4.7549315544115816,0.0028080654277773077,0.003300274445724925,0.0005138940117129916
4.75558311385273,0.0028073233327418827,0.002403154272707236,0.000511936344383637
4.756234673293877,0.0028070000000000625,0.0024481006357831197,0.000510750885505084
4.756886206426917,0.0028068393556008047,0.002842955955054802,0.0005105718715405426
4.757537566685053,0.0028060983314163648,0.002457230299155009,0.0005117276498497699
4.758188926943188,0.0028059999999999917,0.002008331067980767,0.0005138638053852511
4.758840287201323,0.0028056147070600478,0.0032405574070140954,0.0005143889869958535
4.759491658675954,0.002804999999999947,0.003183494395239223,0.0005134637172709952
4.760143098557599,0.002805000000000029,0.0031565041109031166,0.0005134849861883752
4.760794538439242,0.0028043889083834866,0.002925086148158475,0.0005157214379853659
4.761445978320887,0.00280400000000004,0.0029545754918282375,0.0005199440990680681
4.76209739440078,0.0028039999999999667,0.002477605182360685,0.0005258881734394756
4.76274867498182,0.0028039999999999424,0.00313227332006131,0.0005316773873109857
4.76339995556286,0.0028034226018645325,0.0030605477613313906,0.0005326577027768948
4.764051236143899,0.0028029999999999093,0.0024076601388172175,0.0005315945904764761
4.764702516718027,0.002802999999999967,0.0027668640212350016,0.0005297357008194845
4.765353797255237,0.0028029999999999496,0.002226965547230969,0.0005279627865793214
4.766005077792447,0.0028029999999999336,0.003725719082574306,0.0005239565372653169
4.766656358329658,0.0028027137148864826,0.003477831757705004,0.0005195975919139674
4.767307638866868,0.0028020000000000076,0.002512707070030617,0.0005160478307698883
4.767958919404078,0.002802,0.004071753652209207,0.0005157932023338587
4.768610199941288,0.002801999999999943,0.002400072304841661,0.0005160163333475457
4.769261480478499,0.0028019999999999282,0.0034598887158591414,0.000516530592437829
4.76991273348877,0.0028019999999999248,0.00353660313154377,0.0005172198321771623
4.770563854774083,0.002801264402307361,0.0018329654800120743,0.0005201551792032175
4.771214976059395,0.0028005228063104903,0.0024883659998301893,0.0005230339972603717
4.771866097344708,0.002800000000000029,0.0029573616444851765,0.0005261158626885876
4.772517232973617,0.002800000000000054,0.002626789998908283,0.0005297993512381328
4.7731684338678395,0.00279929905026438,0.0035519272374564775,0.0005305330831537192
4.773819634762061,0.002798999999999983,0.0026830543333055865,0.0005302562857177925
4.774470835656283,0.0027988156769290138,0.003669731852261465,0.0005299702132266654
4.77512199928105,0.0027980740327095363,0.002573187740128788,0.000531304290762742
4.775773001145696,0.0027979999999999654,0.0035883999998484522,0.0005314046864491644
4.776424003010341,0.0027979999999999863,0.003092410421473689,0.0005320731536218338
4.777075004874986,0.0027979999999999104,0.0032038027809753135,0.0005331300253070979
4.777726006741045,0.002797999999999893,0.003094848879423124,0.0005334311217651798
4.778377008612989,0.0027986321282607554,0.0020702851555828936,0.0005355845513449867
4.779028010484933,0.002799373588251732,0.002975109628747552,0.0005366436422827876
4.779679012356877,0.0028001150482424852,0.0022638648450277847,0.0005356644365828318
4.7803300221761065,0.0028008565172849185,0.0028113790888178417,0.0005314993723764316
4.780981063842773,0.002801598022600022,0.0029396530908310124,0.0005269739158302015
4.78163210550944,0.0028026790558302265,0.0030315173213731205,0.0005240297163391846
4.7822831471761065,0.0028041618820843473,0.0026669197754077985,0.0005236471029293134
4.782934147894408,0.002805643112387786,0.0026449856115393668,0.0005285285657930566
4.783584990599621,0.002806562631662483,0.002924325598548182,0.0005307391626127627
4.784235833304836,0.0028076078207399362,0.0027542348748994384,0.0005305474902991766
4.784886676010049,0.0028091355672325304,0.003117270142950354,0.0005285125152394925
4.785537535543037,0.0028113594608531276,0.003631309745221545,0.000530742757903817
4.786188457840128,0.0028130557126198603,0.0029275858156472003,0.0005321951444619952
4.786839380137219,0.0028145384513375755,0.002536843177039377,0.0005312264328393325
4.78749030243431,0.00281602116594842,0.0034398043212996326,0.0005267055059547355
4.7881411902298225,0.002817502139316913,0.0021889038446810095,0.0005228335728635878
4.788791953384501,0.0028189839484841243,0.0037551379585752903,0.0005211071715736907
4.789442716539179,0.002820466324690683,0.0031531617647811857,0.0005210640121840497
4.790093479693858,0.0028219487008970573,0.0027955612160882456,0.0005223618327714397
4.790744242859866,0.0028234310771295236,0.002705876054063787,0.0005233282390066527
4.791395006065597,0.002824456726726197,0.0020550842355368626,0.0005252911502092111
4.792045769271328,0.0028251976897284018,0.002486765771054552,0.0005288058763706323
4.79269653247706,0.0028259380346723705,0.003735534000555332,0.0005348741406558911
4.793347295682791,0.0028246416954835576,0.0018283415088493646,0.0005401912131571288
4.793998058888523,0.0028231593191605903,0.0038470567357826876,0.0005445067026397964
4.7946488220942545,0.0028218384714188585,0.003361693843309534,0.0005473451671603825
4.795299585299985,0.0028210972832574126,0.0027025966237112713,0.0005475290860073939
4.795950311800727,0.0028197122738024215,0.003558507366173946,0.0005431127791135872
4.796600915912659,0.002818230259880047,0.00256048859164554,0.0005372863018546403
4.7972515200245915,0.002816748532367173,0.0019111449431866055,0.0005314605101949211
4.797902124136524,0.0028152682044676257,0.003172455688345832,0.000528421976715716
4.7985527376021935,0.002814393237355084,0.002330668038320967,0.0005279286368625851
4.799203381540431,0.002813304370067291,0.002933111433888847,0.0005293779865764638
4.799854025478667,0.0028118222654244596,0.0022798213495033343,0.0005326648545458281
4.800504669416904,0.002810340160781535,0.0022279138201017562,0.0005377656074202902
4.801155275415923,0.0028088581425606933,0.002954716365448359,0.000541576002341144
4.801805760296802,0.002807688200117597,0.0031625167710633614,0.000543863531918774
4.802456245177682,0.0028068947777527753,0.002843569387814763,0.000544541386675331
4.803106730058562,0.0028054147211409195,0.0024131119749737917,0.0005447066111271091
4.803757214964124,0.002803933451106682,0.0023619127650280286,0.0005434626452346185
4.804407699947022,0.002802725854274441,0.00253126260875638,0.0005414172524714382
4.805058184929922,0.002801984982995554,0.0028472083561275276,0.0005389288082288535
4.80570866991282,0.00280124411171669,0.0024614206613413985,0.0005355654536791213
4.806359154895719,0.0028000064808753286,0.003397120184711075,0.0005341981657728813
4.8070096398786175,0.0027987626395009663,0.0027362785736739785,0.0005337093428936234
4.807660124861516,0.0027980226110789624,0.0017315381170330503,0.0005330205075389182
4.808310609844415,0.002797281765553139,0.0032937158177658984,0.0005312153923754395
4.808961055502141,0.0027965409390637097,0.002509884676601601,0.0005319584419836625
4.8096113814762465,0.0027960000000001096,0.002224882837005224,0.0005349532291498201
4.810261707450351,0.002795999999999931,0.003025609288157256,0.0005397354395158393
4.810912033424457,0.002795318868536968,0.0033227969883093834,0.0005427145565688966
4.811562369349647,0.0027949999999998957,0.002810797679094971,0.0005459405907647368
4.812212735167002,0.0027948376164196485,0.0028982687957522617,0.0005500752415864063
4.812863100984356,0.0027940977235672414,0.0029810502467922037,0.0005562917725108385
4.8135134668017105,0.0027939999999999484,0.003015209915028572,0.0005599584404060477
4.814163792604287,0.002794000000000046,0.002631559131824638,0.000560374133607721
4.814813999449252,0.002793999999999976,0.003415689290170244,0.0005578242626323759
4.815464206294218,0.0027939999999999597,0.0021877214738385315,0.0005538072198301848
4.816114413139183,0.002793999999999983,0.002599346618885727,0.0005502570452733758
4.816764620022896,0.0027939999999998916,0.0032373448910482856,0.00054670016482792
4.817414827020759,0.0027939999999998877,0.0030536473470157035,0.0005435952832612801
4.818065034018622,0.002793999999999931,0.003257051283385443,0.000544637963820189
4.818715241016486,0.0027940000000000144,0.0016333894841353434,0.0005465158662719861
4.819365448014349,0.0027939999999998808,0.0025344040188828867,0.000545355992015338
4.820015655012212,0.002794000000000045,0.0023103643487218865,0.0005396728881112596
4.820665862010076,0.0027939999999999606,0.0034038876132049156,0.0005342547815122576
4.821316069007938,0.002794000000000033,0.003020862985234265,0.000532866164663597
4.821966235421238,0.0027939999999999723,0.003722015243266091,0.0005356776561776832
4.822616283495226,0.002793999999999913,0.00361707360361733,0.0005432680330010657
4.823266331569214,0.002793999999999946,0.003609129717344885,0.0005522115280100685
4.823916379643203,0.0027939999999999805,0.003337547055581318,0.0005551448448068021
4.824566448088487,0.0027939999999998634,0.003026750768381554,0.0005538253843372782
4.8252165757056895,0.002793999999999986,0.002394012122233454,0.0005503867203400362
4.825866703322891,0.0027940000000000464,0.0027914784271691807,0.0005491403644355301
4.8265168309400925,0.002793999999999877,0.0028536265276725907,0.0005499427274634706
4.827166907605715,0.0027940000000000486,0.0019893692325335904,0.0005520716265481325
4.827816836652346,0.00279399999999993,0.0036071647847660307,0.0005543603470180477
4.828466765698977,0.0027940000000000083,0.002535590630708846,0.0005521454229643612
4.829116694745608,0.0027939999999999896,0.003301874708190206,0.0005491155354892697
4.829766644200502,0.0027939999999999935,0.004080539294044717,0.0005467729261107799
4.830416652783047,0.0027939999999998895,0.0025218435997769475,0.0005480017711192447
4.8310666613655915,0.0027946317327626827,0.0020494151538889877,0.0005528498882513436
4.831716669948137,0.0027950000000000843,0.0032251440638028975,0.0005583291506977756
4.832366627640624,0.0027949999999999668,0.0032496513669634714,0.0005633750866968828
4.833016437703479,0.0027950000000000795,0.002263370004157448,0.0005661194246164265
4.833666247766334,0.0027949999999998996,0.0028110468234242053,0.0005647083717254362
4.834316057829189,0.0027953315009443466,0.001980894499255051,0.0005603713881462116
4.834965878084599,0.0027960000000000966,0.002482295690020256,0.0005540746671003741
4.8356157280220575,0.0027959999999999426,0.0026771397846540213,0.0005496115637811853
4.836265577959515,0.002796551911115684,0.00353720496397222,0.0005473079506590911
4.836915427896973,0.002797000000000017,0.0022650531202367367,0.0005460767349414803
4.837565277834432,0.0027970310681485187,0.00269871822893147,0.000545248026179673
4.83821512777189,0.002797771216141022,0.002768646950668106,0.0005419538042637184
4.838864977709347,0.002798511364133623,0.0017786128376500716,0.0005397881843203251
4.839514827646806,0.002798999999999975,0.002567028836727024,0.0005392086667387319
4.84016462734144,0.002799000000000011,0.002910800491648739,0.000540703766221361
4.840814278827011,0.002798999999999993,0.0022386740565429157,0.0005404003248990749
4.841463930312583,0.002798999999999988,0.003402972060997115,0.0005395773548991586
4.842113581798154,0.0027992111283255544,0.0021205291306591175,0.0005397072592750003
4.842763253279928,0.0027999502312628472,0.002688454362352713,0.0005429204069866426
4.843412984284382,0.0028000000000000754,0.003697266209954904,0.0005475170159126557
4.844062715288835,0.0028004301996456538,0.003057970343577884,0.0005472585997066134
4.844712446293289,0.0028011702121792117,0.0028644703668622923,0.0005433148363831888
4.845362127794352,0.002801910168330705,0.0027060550690646955,0.0005391343467312891
4.8460116603977434,0.0028019999999998883,0.0020228379490277596,0.0005392753652208152
4.846661193001135,0.0028023897414592193,0.002879609928153031,0.0005428775978323063
4.847310725604527,0.002803129380664897,0.0034002318664557527,0.0005495779458447767
4.847960268063905,0.0028038683368189236,0.003300154309397323,0.0005583075651301092
4.84860984055872,0.002804608018859553,0.003395264887752733,0.0005627464526057386
4.849259413053536,0.0028053478508580938,0.003092694821715141,0.0005630781296226687
4.849908985548352,0.002806087682856774,0.002737012740097529,0.000559977775232803
4.850558558043168,0.002806827514855464,0.002294879771508547,0.0005574058150040165
4.851208130537984,0.0028075673468541274,0.002586520657504434,0.0005598023757101948
4.8518577030328,0.0028083071788528122,0.003393636766284208,0.0005656587671543448
4.852507275527615,0.0028090939147385786,0.00240760570679297,0.0005743490588719462
4.853156800182262,0.002810571786535225,0.0032993722140458545,0.0005822518795602819
4.853806174343745,0.0028115252555170594,0.0031580751055666186,0.0005859534748196391
4.8544555485052285,0.0028122648616232078,0.0026672882419035656,0.0005856391082509863
4.855104922666712,0.0028130089354594574,0.0024699340908174595,0.0005814189713579641
4.855754315733176,0.0028144881907361894,0.003680156084325079,0.0005755458905387071
4.8564037693965085,0.002815483792023355,0.0015608252242325172,0.0005698177366467601
4.857053223059841,0.0028164464688506304,0.0031800065673913383,0.0005646561160611553
4.857702676723175,0.0028179241791198256,0.0029094945455001645,0.0005605429724096603
4.858352083962441,0.002818701690162366,0.0021638618508921835,0.0005562089322157638
4.8590013393432105,0.0028198823219662494,0.0024605281164791198,0.0005514001553360956
4.85965059472398,0.00282136126360818,0.003076948872074739,0.00054669236096738
4.86029985010475,0.002822840205250012,0.002113831492468626,0.0005431486715309933
4.860949114663626,0.002823659583899367,0.003690202439457088,0.0005417842843238164
4.861598409952597,0.0028247982003476793,0.003145126283844554,0.0005417533481643984
4.862247705241569,0.0028254461649984855,0.0023057112817169456,0.000543565350099832
4.86289700053054,0.0028224914651624787,0.0028826394613760157,0.000549457802286426
4.8635462958195115,0.002818300939730049,0.00256925383041663,0.0005550907723181216
4.8641955911084835,0.002814219868402732,0.0026315509909811147,0.0005581848283994662
4.864844886397455,0.00281061782962427,0.00224946938182931,0.0005583373480226598
4.865494181686427,0.002807659764526577,0.002427940392903998,0.0005573414875868239
4.866143433228748,0.0028052764240475386,0.0030209452756609625,0.0005532708435060078
4.866792530302811,0.002803372368330746,0.0023472837817298925,0.0005484866287293125
4.8674416273768735,0.0028019469540649547,0.0034150549251367136,0.000544184177242306
4.868090724450936,0.002801208504606446,0.0020258422577044584,0.0005432312418815269
4.868739838660032,0.0028004694320501763,0.0031742481888385916,0.0005440584908078436
4.869389015218913,0.0028000000000001062,0.003115561134009822,0.0005457436437719809
4.870038191777794,0.002800000000000029,0.0026769936092435995,0.0005476853055878754
4.870687368336675,0.002800000000000022,0.002396495557951738,0.0005486423540180162
4.871336503240435,0.002799999999999996,0.003117690289201843,0.000551748294310363
4.871985481635121,0.0028002269415644872,0.0025732835609043473,0.0005559096295597781
4.872634460029807,0.0028009652560067504,0.0031118605721204367,0.0005598096068821787
4.873283438424492,0.0028017043717817967,0.00278980647228046,0.000558466678961227
4.873932416896252,0.0028024435272167646,0.0030024710602351416,0.0005566215657701976
4.874581395668112,0.002803182682993308,0.0039467779221409195,0.0005556246512291851
4.8752303744399725,0.0028039218387698513,0.0031042570920125825,0.0005575883846278907
4.8758793532118325,0.0028046609945464366,0.0031931149451607686,0.0005600169490051542
4.876528339804418,0.002805800318461036,0.0024073237600468114,0.0005614148739854943
4.877177358124039,0.0028071392015062728,0.0029613215088488696,0.0005613264311816888
4.877826376443662,0.002807877561369379,0.002165878127676828,0.0005589255379630773
4.878475394763284,0.0028092332454744016,0.0018838358427517225,0.0005534843833904568
4.879124375165976,0.0028107115607424542,0.0030360637791799145,0.000547941986008942
4.879773195388983,0.0028120947555682345,0.002548332490720325,0.0005435516613459764
4.880422015611991,0.002812833730765383,0.00218005331199195,0.0005433454907323466
4.881070835834999,0.002814145411924841,0.0026262932857912618,0.0005431043770110931
4.8817196707254,0.002815623395729826,0.0033464955606985697,0.0005436742400090317
4.882368570416194,0.0028170507058204388,0.0034229063355919226,0.0005457317680016425
4.883017470106989,0.0028177889307246943,0.002997034209440748,0.0005522145808016167
4.8836663697977825,0.002819055512067916,0.003806608846754076,0.000558706965767843
4.884315234337353,0.0028205335634107482,0.0023822900769775567,0.0005635297629034768
4.8849639359821895,0.0028220056218475602,0.002624046823726031,0.0005652437511495696
4.885612637627027,0.0028227444619899245,0.0034893128657179804,0.0005646768304728253
4.886261339271864,0.0028225166978680188,0.0029143022336751475,0.0005642069569495229
4.886910040989356,0.002821778110364792,0.0028995647033486344,0.0005632055242448157
4.887558743061777,0.002821040110282483,0.0023581295222252115,0.0005608698803769374
4.8882074451341975,0.002819602630673782,0.0036977790776820847,0.0005599488433160168
4.888856147206618,0.0028181249494154967,0.003303964248621323,0.000560479626654894
4.889504849279039,0.0028166472681569314,0.0035259565330343187,0.0005618958477913946
4.890153551351459,0.0028151695868987507,0.002800124110696707,0.0005631083122226738
4.89080225342388,0.0028136919056403324,0.003279571949144721,0.0005622761247941302
4.891450955496301,0.0028126071121910828,0.0029336305105233636,0.0005609208933258075
4.892099633272909,0.002811736898127598,0.0030821964961779092,0.0005599210586290872
4.892748176880923,0.002810261258518926,0.0023792158904941754,0.0005614998422995806
4.893396720488939,0.0028087842357882712,0.00219763092133873,0.0005655209727308191
4.894045264096954,0.0028076534577484214,0.002419491353919471,0.0005707311307128212
4.894693819207483,0.0028069147845016158,0.0042075871883782544,0.0005760323212272328
4.895342442266253,0.002806176033865306,0.0022628964251869585,0.0005762344189617402
4.895991065325022,0.0028054372832288653,0.0019541823314058932,0.0005735949444094031
4.896639688383792,0.002804698532592517,0.0036574521772191676,0.0005713177337900189
4.897288284527081,0.0028039598583309744,0.0021596840577717932,0.000570903920617492
4.897936709658003,0.002803222173312801,0.0032849921046591395,0.0005722495276802043
4.898585134788925,0.0028024839011515684,0.003403829871995152,0.0005694193424721174
4.899233559919847,0.0028017453759454614,0.003399905630166795,0.0005638980695221713
4.899881985111324,0.002801006850670572,0.0024131157151302297,0.0005568066118122599
4.900530410720152,0.0028010000000000274,0.003214240684035398,0.0005536642169308335
4.90117883632898,0.0028005297991698136,0.003069435475762819,0.0005540295196264206
4.901827261937807,0.0027999999999999293,0.0029822843429863238,0.0005567627023137138
4.9024756875466355,0.0028000000000001175,0.0024491122552684234,0.0005605244123066404
4.903124113155464,0.002799315360870753,0.0023839136619363452,0.0005643548539117438
4.903772538764292,0.0027989999999999777,0.0024134954675282625,0.000569628772324982
4.90442096437312,0.0027989999999999955,0.003176546309906322,0.0005764990593701226
4.905069373084467,0.0027990000000000267,0.002844217124359796,0.000584992066912846
4.905717640313251,0.00279899999999995,0.0023887016744837068,0.0005852001775828527
4.9063659075420345,0.0027990000000000567,0.0024264705092295414,0.0005827610520337522
4.9070141747708185,0.0027991151021284468,0.003144998245552843,0.0005799886652030432
4.907662445853916,0.002799852611892986,0.0024428100004127437,0.0005816653763268
4.90831075305047,0.0028000000000000065,0.002496733058567533,0.0005829415271076993
4.908959060247025,0.0028006584515877266,0.0028255708107435946,0.0005825271037745413
4.90960736744358,0.0028020000000000007,0.0031124925115394225,0.000580057559824453
4.910255661071113,0.002802000000000033,0.003637910334199768,0.0005765976587106758
4.9109038099237505,0.002801455797353283,0.001947780840948714,0.000574909561736968
4.911551958776389,0.0028007175868151693,0.0030674995643363073,0.0005742710638222072
4.912200107629028,0.0027999793997394453,0.002468491664014553,0.0005743085860679712
4.912848256521123,0.0027992420289862474,0.0033020912965496503,0.000574464668390644
4.913496405901904,0.0027985040935058717,0.0028365657688355634,0.0005752471072867253
4.914144555282686,0.002797765882365931,0.003473208711224943,0.0005764394157237585
4.914792704663467,0.002797027671226219,0.002984897638981087,0.0005778463957991782
4.915440854044248,0.002796289460086309,0.003415798833454968,0.0005790829235605986
4.9160890034250295,0.0027955512489465087,0.002783225788659923,0.0005769361202768482
4.916737152805811,0.0027949999999999295,0.0025275122346844884,0.0005724785901891779
4.9173853021865925,0.002795000000000057,0.0031392432817371014,0.0005675870189205598
4.9180334414300715,0.0027943373817633644,0.0026115917331010373,0.0005668869408187322
4.918681393085176,0.002793999999999928,0.0024156095558425274,0.0005679034700548379
4.919329344740282,0.002793999999999916,0.0025261766653218343,0.0005696399727567228
4.919977296395387,0.0027939999999999627,0.002815471278042925,0.0005699377862839926
4.920625251152612,0.002793999999999977,0.0027367117760144404,0.0005663558113505816
4.921273282221976,0.0027939999999999454,0.003515660732685167,0.0005626918651960305
4.921921313291341,0.0027940902312757004,0.0027513144799738124,0.0005604272451377112
4.922569344360705,0.0027948274679870807,0.0033885997223325076,0.0005627043213681401
4.923217371218568,0.002794999999999916,0.0022951627255078867,0.0005654730769134303
4.923865244028255,0.0027953032392122427,0.0033157529729123435,0.0005684756361027319
4.92451311683794,0.0027960411353507735,0.0030994654173875065,0.0005716719914051294
4.925160989647626,0.0027967790314892484,0.004392100246135148,0.000575905446146161
4.92580886246536,0.00279751692763717,0.0028518698475220794,0.0005794633444551386
4.92645673585334,0.002798254824434408,0.00311541878731754,0.0005831139428060833
4.9271046092413195,0.002798992721231572,0.003318146004517601,0.0005875093964990988
4.927752482629299,0.002799729786836739,0.0020301158340574575,0.000587245957202692
4.9284003560172795,0.0028004673758739657,0.002438537494289772,0.0005840820647872065
4.929048229405259,0.00280120527267124,0.001966763410991999,0.000579720271242601
4.929696102793239,0.0028019431694683997,0.00234941974545706,0.0005763743458770699
4.930343976181219,0.0028026810662656145,0.0032591734260308176,0.0005789092705218341
4.930991849569199,0.0028038379261257538,0.002262617039756274,0.0005834688092020396
4.931639527906199,0.0028051566377063444,0.002265120729807034,0.0005881992475899161
4.932287203686261,0.002805894309437752,0.000754938547106222,0.0005890413413490749
4.932934879466323,0.002806631262191584,0.002753778366370271,0.0005874497767956718
4.933582555246385,0.0028077370278959705,0.004127011135299914,0.0005862464767760274
4.934230308291425,0.0028090000000000944,0.0017814105477787518,0.0005860540160698905
4.934878063468715,0.002808999999999709,0.003442216661071607,0.0005871264592831756
4.9355258186460045,0.002808999999999934,0.002577835146081266,0.0005885472164931805
4.936173573823295,0.0028093195601631457,0.0017503378198564976,0.0005885055338497706
4.936821139546039,0.002809999999999972,0.0025402856236449306,0.0005863740897798579
4.93746869716584,0.0028100000000000113,0.0037795372892411383,0.0005835258433652639
4.9381162547856405,0.002809999999999972,0.0029356357631663992,0.0005796196304221744
4.9387638124054405,0.0028100000000000672,0.0026721570721522222,0.0005745864796011901
4.939411444996004,0.0028100000000000186,0.0027964952266313846,0.0005684108871463666
4.9400590820057335,0.002810000000000015,0.00410575792863423,0.0005656904321216588
4.940706719015463,0.002810000000000042,0.003187883166763789,0.0005661341115644724
4.941354356025192,0.0028099999999999996,0.0033886781310906874,0.0005689611353592308
4.942001809463274,0.002809999999999939,0.0024919761295848983,0.0005735027792623812
4.942649248965918,0.0028099999999999176,0.0028874359645999657,0.0005792783709519578
4.943296688468563,0.0028099999999998773,0.003874772776714046,0.0005831161169092936
4.943944127971208,0.0028100000000001115,0.00159134761474008,0.0005840036561397542
4.944591568074328,0.002809999999999891,0.0028930593068046758,0.0005801485498712996
4.945239008233902,0.002809999999999976,0.0023207652019968956,0.000578534303577714
4.945886448393477,0.0028100000000000603,0.0030154833013824964,0.0005802080226030349
4.946533888553051,0.0028101171851402295,0.0033129045057522294,0.000584944220404477
4.947181328712626,0.0028108545885110595,0.003068073614736305,0.0005909311521653301
4.9478287688722,0.002810999999999955,0.0033156614283042455,0.0005973782261550058
4.948476209031774,0.0028109999999999147,0.00367808637621572,0.0005997886835483674
4.949123649191349,0.0028110656596714335,0.0038830178260491587,0.0005963775504900021
4.949770949950777,0.0028118029042721177,0.002303231036140715,0.0005879988535651246
4.950418232030893,0.002812000000000122,0.003721022924885237,0.0005834708547197838
4.9510655141110105,0.00281227735092366,0.0020475964247356976,0.0005814429682987325
4.951712796191127,0.0028130145576690936,0.0028113180872492475,0.0005812951805988091
4.952360112913574,0.002813750981699028,0.002920608265323159,0.0005827505704948268
4.953007435020484,0.0028144879669936215,0.0018885200079425564,0.0005855303601893085
4.953654757127395,0.002815225235908213,0.002762357010190487,0.000588903493595504
4.9543020792343055,0.0028159625048226745,0.0030617683354810087,0.0005920166473920507
4.954949267220349,0.002817399241959839,0.003297245910827657,0.0005919625829447491
4.955596431283799,0.0028184367098905583,0.0022039419362893187,0.0005891268268598691
4.956243595347249,0.0028193475976018892,0.003721839433609989,0.0005855949836496528
4.956890759410698,0.0028208217754230416,0.0019129483001865232,0.0005853279690272792
4.957537924061933,0.002821647240115999,0.002897855848528295,0.0005861888883149446
4.958185088832243,0.002822767856110018,0.0025073209493831367,0.0005856135968498231
4.958832253602554,0.002823757964458777,0.0029553844240352775,0.0005840552984440526
4.959479418372864,0.0028222837850278904,0.003415681232226712,0.0005848450606009195
4.960126583143175,0.002820214408394699,0.004194681539578927,0.000585157800744619
4.9607737479134855,0.002818003139247769,0.0033960559497408145,0.0005835395311461964
4.9614209126837965,0.0028157918701008622,0.0036580652149191453,0.0005797959403669744
4.962068077454107,0.0028135806009540318,0.0027209490645271075,0.0005763425198085614
4.962715085189117,0.0028119144819360375,0.003370999691813183,0.0005746969630429471
4.963362052653727,0.0028101626902492047,0.002661654967177997,0.0005738945318283372
4.964009020118335,0.0028079520952676395,0.0026784177391550785,0.000573446315013571
4.964655987582945,0.0028057415002860986,0.0023247270963030076,0.0005738208221382134
4.9653030167518235,0.0028040204629798085,0.0030575326404535625,0.0005779863978910664
4.965950063569867,0.0028023198283491494,0.0021731246409161537,0.0005847402560298731
4.966597110387911,0.002800108962228364,0.0022755866360972704,0.0005928622974222907
4.967244157205955,0.0027986003249010536,0.002927780948244318,0.0005957255159780281
4.96789105430059,0.002797127438950779,0.002348948682143695,0.0005963209030297517
4.9685379038632185,0.0027956539775325327,0.003099904393557584,0.0005945743733485099
4.969184753425847,0.002794180516114165,0.0016853682709478874,0.0005897546016580873
4.969831602988476,0.0027927070546957225,0.0035119837865452714,0.0005848806894452037
4.970478453116326,0.00279123359199013,0.002567631158981946,0.0005828903801008766
4.971125303442776,0.0027897601288318636,0.0030071966516907155,0.000583933339198167
4.971772153769225,0.002788286665673728,0.0035382143270572676,0.0005871464971616847
4.972419004095676,0.002787407276341665,0.003918291585933715,0.0005869140936719132
4.973065854422126,0.002786671008630699,0.002136710289581648,0.0005848417440040603
4.973712704748576,0.002785934277051722,0.002557277180660517,0.0005818869113386438
4.974359555075026,0.0027851975454725795,0.0034730247486819232,0.0005818065468218901
4.975006405401476,0.002784460813893615,0.0034215180105726826,0.0005838250617598031
4.975653145128795,0.0027840000000000508,0.0032795168912358717,0.00058659600816639
4.976299837555613,0.002783987656542546,0.0034008315389042728,0.0005893153131051666
4.976946529982433,0.002783251104803687,0.0027585325114444217,0.0005920084277581433
4.977593222409252,0.002782999999999704,0.0016665230608921228,0.000596781497348216
4.978239942095017,0.0027829999999998897,0.0015177973547655123,0.0006031804884545645
4.978886674583784,0.0027829999999999665,0.002568976954025851,0.0006107154610700828
4.97953340707255,0.0027829999999999483,0.0023016130589322567,0.0006098497739210251
4.980180139561315,0.0027829999999999483,0.002504581658110218,0.0006062500709211268
4.980826741967262,0.00278283286791906,0.0032550813466940332,0.0006015709650332156
4.981473277334596,0.0027820964950629485,0.0022042158460664463,0.0005982068124689804
4.9821198127019315,0.0027819999999998553,0.002265712929115239,0.0005980995971333507
4.982766348069266,0.0027820000000001116,0.0033473294553134124,0.0005983264440761991
4.9834128839609395,0.002782000000000004,0.0038086561699160375,0.000597625033760286
4.984059420148944,0.002781999999999835,0.0029091604837567556,0.0005928275424843268
4.984705956336949,0.0027819999999999187,0.0014205151277454143,0.0005891748852434076
4.985352492524953,0.002781999999999918,0.0034559873893031346,0.0005864374339882275
4.985999028712958,0.0027820000000000388,0.001986467123901935,0.0005843454912500649
4.986645564900963,0.0027820000000000084,0.0027212238750608866,0.000580922397451237
4.9872921010889675,0.0027820000000000223,0.0037002475906661213,0.000580126887887571
4.987938637276971,0.002782000000000025,0.0021500753397006057,0.0005823268635756149
4.988585079499236,0.002782000000000082,0.0028916630052980025,0.0005881508439676155
4.989231457883356,0.002782000000000077,0.002042910274273944,0.000596874544834919
4.9898778362674765,0.0027819999999998957,0.0028630873190930765,0.0006046908014631546
4.990524214651597,0.002782209811676017,0.0034478115331213173,0.0006104002226755178
4.991170616021403,0.0027829460319150397,0.0021671732738168413,0.0006120632207437316
4.9918170344861394,0.002783000000000005,0.0037539860727980137,0.0006079763752775525
4.992463452950876,0.0027830000000000576,0.002863677386681242,0.0006034417943026236
4.993109871415613,0.002782999999999889,0.0028806563954793616,0.0006003158094176496
4.993756202946171,0.0027829999999998806,0.004220626008518011,0.0006022949468172776
4.9944024636429,0.00278299999999994,0.0021937279523673945,0.0006075534601223752
4.995048724339629,0.002782999999999996,0.002267226782744544,0.0006108185282291736
4.995694985036358,0.0027830979328432974,0.002792181211460794,0.0006108108355200626
4.996341246192895,0.0027838339933860257,0.0022123498532235497,0.0006077738952078832
4.996987507759946,0.0027840000000001405,0.00331111127128208,0.0006050513424508008
4.997633769326997,0.0027839999999999163,0.0015733586574238584,0.0006033128434751288
4.998280030894048,0.0027840410374647827,0.003298451814254799,0.0006172776600087991
4.998926292461099,0.002784777098475152,0.003663399839385453,0.0013376138288265045
4.99957255402815,0.002785000000000037,0.05199372385576065,0.076960522395955
5.0002188155952005,0.0027850000000001094,-2581.7922685631324,1599.0337468056625
5.000865077162252,0.0027850000000000466,-1107.434868518204,1413.9216098371533
5.001511243922721,0.0027850000000000518,365.1248929555912,1246.0162360533986
5.002157308569002,0.002785000000000006,-324.51873212517427,1233.8790269113904
5.002803373215283,0.0027849999999999655,407.18557813598966,1203.8294070253653
5.003449437861564,0.0027849999999999815,285.5395186210127,1252.2947649058717
5.00409553878799,0.0027850000000000474,978.7352235824108,1208.2127489627183
5.00474168273175,0.00278500000000009,-1980.7374617713203,1205.1393414853576
5.00538782667551,0.002785000000000037,16.99371791799082,1204.3128035926654
5.006033970619271,0.002785000000000009,2024.8627827850273,1239.0378843109843
5.006680029249206,0.002784999999999981,537.2034153475877,1211.545980846161
5.007325976322303,0.0027849999999999633,-68.69799835816742,1260.1304998907651
5.0079719233954,0.0027850000000001042,-1444.754141608154,1276.4951238746198
5.008617870468496,0.0027850000000000583,1848.6291000565607,1226.673703976539
5.009263817920435,0.0027850000000000314,1042.398626397982,1372.6306816433166
5.009909765920495,0.002785000000000007,248.35582106144017,1322.6192425877348
5.0105557139205565,0.0027850000000000418,755.542650211699,1250.478599823366
5.011201661920617,0.002785000000000034,-1462.7601976425744,1221.8387726260814
5.011847609920678,0.0027850000000000986,1504.3581169043346,1108.308949694269
5.012493557920738,0.0027849999999999798,-632.6014432824957,1122.5144902783316
5.013139505920799,0.0027850000000000335,964.8623567676644,1126.8551443779936
5.0137854539208595,0.002785000000000018,-964.7641870672143,1050.1098118933878
5.014431331488781,0.002785000000000077,-1401.5836695961589,1003.7553772810303
5.015077082701637,0.0027850000000000505,-251.1693338783952,971.6823712605069
5.015722833914493,0.002785000000000177,596.9010543706031,930.3080025194778
5.01636858512735,0.002784999999999991,1275.0689358188758,898.5303114539391
5.0170143626629855,0.0027850000000000544,310.33051271599237,855.3987149752047
5.017660193153859,0.0027849999999999464,-53.752218969605465,865.0952503615746
5.018306023644733,0.0027850000000003055,-90.34074088824057,892.3472368305827
5.018951854135607,0.0027850000000000236,-695.1178337844023,892.8130810419615
5.019597624442969,0.00278500000000009,580.2027023627232,984.5543282438309
5.020243258196683,0.0027850000000000617,-466.65089085984044,988.0251853485885
5.020888891950397,0.002785000000000049,856.7185783380373,1032.8543787121378
5.02153452570411,0.0027850000000000405,730.3584175937065,1013.4957354362489
5.022180159732511,0.0027850000000000214,1118.7022348715811,916.3634834287901
5.02282579446972,0.0027850000000000023,448.6322719911025,909.6499465415146
5.023471429206929,0.0027850000000000756,326.4221647966889,905.7007534182944
5.024117063944138,0.0027850000000002578,-1665.2635776125767,899.9063413250179
5.024762698681347,0.0027849999999999867,706.104411279548,961.7694459193352
5.025408333418556,0.002785000000000088,1040.1633569077426,977.1278750232492
5.026053968155765,0.0027850000000000015,105.0895359750835,1021.8167697348447
5.0266996028929745,0.002784999999999992,699.4988471594714,1076.5944910144308
5.027345193459896,0.0027850000000000518,-1657.7626952652404,1003.8346298678565
5.027990631543299,0.0027850000000000335,-782.4204881490506,1021.9908284180025
5.028636069626703,0.0027850000000000778,15.021819382331406,1065.02823850622
5.029281507710108,0.0027850000000000496,1710.705971987841,1096.0473171644735
5.0299269613897994,0.002784999999999991,-2131.056985477737,1144.863638357527
5.03057247873176,0.002785000000000107,-390.64298427830596,1135.4523781414196
5.03121799607372,0.0027850000000000995,-289.7494235001679,1126.5519263301803
5.03186351341568,0.0027849999999999897,-953.6923699511267,1241.0422476327603
5.0325089975903445,0.002784999999999971,-235.28574490515317,1233.3117324845105
5.033154318328482,0.002785000000000099,1532.5573745823433,1150.3424718377876
5.033799639066619,0.0027850000000000474,336.35297304271324,1129.36100873075
5.034444959804756,0.0027849999999999737,-278.9706760163886,1094.3139422846
5.035090280688624,0.002784999999999985,-2000.1561006114662,1096.6368784892618
5.035735602466677,0.0027849999999999832,-334.7930059882272,1161.286992823911
5.036380924244732,0.0027850000000000682,1070.7473230505748,1204.1962139285617
5.037026246022785,0.0027849999999999975,-1636.4267785463946,1240.9903439363695
5.037671567800839,0.002785000000000032,433.75846166412975,1214.1133556059722
5.038316889578892,0.0027849999999999936,-1450.3975178306323,1215.7581110655815
5.038962211356947,0.0027850000000000804,571.2931837074555,1195.2185306317817
5.039607533135,0.0027850000000000682,170.35855637528962,1108.7380466717757
5.0402528388881835,0.002785000000000043,-933.3480459966354,1187.6121381231962
5.040897964145666,0.002785000000000091,1047.1329515309235,1171.5639333267577
5.041543089403148,0.0027850000000000236,2919.631693009469,1130.54973630803
5.04218821466063,0.0027850000000000353,38.166629142164716,1122.8913144375103
5.042833344019354,0.0027850000000000704,-351.7964494927918,1139.3402206047037
5.043478548515932,0.0027850000000000305,-727.125813366693,1111.1125521902766
5.044123753012508,0.002784999999999978,10.670019358273588,1099.970748180637
5.044768957509086,0.002785000000000074,1202.1594956100137,1127.080924423378
5.045414157736647,0.0027849999999999793,827.9468908762669,1221.12552861955
5.046059165762572,0.002785000000000101,-1048.744880692573,1239.906126058384
5.0467041737884974,0.002785000000000011,990.4071676655828,1274.0525088686168
5.047349181814423,0.002785000000000062,201.41204541177441,1342.1322129455991
5.047994189840348,0.0027850000000000387,572.5010880120013,1173.9892073088022
5.048639276401698,0.002785000000000082,-1095.0188171327359,1196.657144763151
5.04928436365942,0.002785000000000092,343.16231603429264,1164.3518525774682
5.049929450917143,0.0027849999999999867,-393.05706555689824,1151.3998802397823
5.050574538174866,0.0027850000000000904,593.6399849533284,1178.473933441682
5.051219436780427,0.0027850000000000227,59.303108577849606,1146.8285368939316
5.051864327617394,0.002785000000000094,-456.2615310222468,1113.9261955071747
5.052509218454361,0.002785000000000041,-1678.7511291792755,1093.2393420760552
5.053154109291328,0.0027850000000000192,-123.31880237472615,996.4525048400158
5.053799001166505,0.0027850000000000283,-722.3428636026503,995.8054699419988
5.054443893120789,0.0027850000000000166,-1064.0382086541392,1009.7181893777392
5.055088785075073,0.002785000000000003,-2351.71118465845,969.776738355871
5.055733677029357,0.0027850000000000886,1708.0957391796603,1012.0095008922777
5.056378568983641,0.002785000000000003,792.232314424308,999.2402888042664
5.057023460937925,0.002785000000000036,-609.9261919713894,961.5878865755843
5.057668352892209,0.0027850000000001667,-505.59475586025866,904.7599019897356
5.058313244846493,0.002785000000000032,620.0715473843511,831.4901671978946
5.058957966922696,0.0027849999999999563,824.2759404301737,848.5771682194053
5.0596026625393336,0.0027850000000000964,508.82831953564005,868.1916553062846
5.060247358155971,0.002784999999999893,-323.2373041920675,923.9623799735625
5.0608920537726085,0.002785000000000044,-1965.7067760165287,956.2643455896751
5.061536782849707,0.0027850000000000656,-225.5792529569217,956.5672036512913
5.062181518646366,0.0027850000000000834,567.4208186974699,967.6616480592161
5.062826254443024,0.0027850000000000023,-170.14429387063282,966.3480530478749
5.063470990239683,0.0027850000000001944,687.2195109261999,909.9197667905779
5.064115600262658,0.0027850000000000734,1216.178391931173,895.4669667124957
5.06476017880382,0.0027850000000000366,-409.3063880568684,907.6988730155292
5.065404757344982,0.0027849999999998783,61.25933982512708,872.9530485065035
5.066049335886145,0.0027850000000000526,-1013.7189123467207,922.7180034337623
5.066693915326897,0.0027850000000000665,138.3118925112897,964.2710952706718
5.067338495041537,0.0027850000000000518,1796.217945162495,974.0498829340536
5.067983074756177,0.002785000000000047,575.9113080884039,962.1900937033472
5.068627654470817,0.002784999999999807,-440.72308214770396,904.8751335786974
5.0692722341854575,0.0027850000000001567,-995.728991468283,895.817987460617
5.069916813900098,0.00278500000000003,854.8948338578612,918.675381446834
5.070561393614738,0.002784999999999954,-2781.455018039231,884.821303188074
5.071205973329379,0.002785000000000089,451.91537788528785,860.6852069092045
5.071850415949742,0.002785000000000043,-164.50408025398983,866.2435765005282
5.072494799459576,0.0027850000000000175,211.08040578986243,855.5413174272026
5.07313918296941,0.0027850000000000062,251.14505759107536,838.3751520313339
5.073783566479243,0.002785000000000098,754.2577087876706,771.0285054136184
5.0744279766931015,0.0027850000000001277,-529.3197188514209,751.4846443200771
5.075072400401276,0.0027849999999999715,98.3020910154591,745.3749258167123
5.07571682410945,0.002785000000000092,-297.39314084553536,750.5454044545801
5.0763612478176245,0.0027850000000000943,1398.3576186768216,764.8743643311926
5.077005572609841,0.002784999999999957,27.244147314324948,752.1094684854442
5.077649839157518,0.002785000000000064,180.69894798675216,749.5690121366458
5.0782941057051945,0.0027850000000001073,155.2698585459523,769.2213911603396
5.078938372252871,0.0027850000000001133,1040.1791604734215,745.0716882059169
5.07958261637315,0.0027849999999999655,585.8304777319211,740.3899158705018
5.080226845179405,0.0027850000000000444,404.62301688045284,720.1078734935966
5.0808710739856595,0.0027849999999999785,-64.31968978494122,712.3433927995509
5.081515302791914,0.0027850000000001008,750.1126594640174,723.8577807786459
5.082159531598168,0.0027850000000001164,408.6509302377421,728.7610947382086
5.082803760404423,0.002785000000000011,84.0845513444817,735.9569502530006
5.083447989210677,0.002785000000000067,116.3998431072345,768.5342297573076
5.084092218016932,0.0027849999999999685,-317.0821887161628,827.6866595716889
5.0847363648206665,0.002785000000000133,-700.8347983299775,829.3681107844969
5.085380436525742,0.0027850000000001003,-331.02523730252466,848.2878662117889
5.086024508230816,0.0027850000000001177,-1422.4605652697687,861.1458905892648
5.086668579935891,0.0027850000000001307,-615.1750496141402,834.9345023365063
5.087312671169976,0.0027849999999999837,702.2364717779412,829.2707186634351
5.087956783091657,0.002785000000000065,-72.53757319138604,852.5879108977874
5.0886008950133395,0.00278500000000013,994.9048204350048,798.676119737389
5.089245006935021,0.002785000000000079,372.1547975007776,762.3469337290475
5.089889030902902,0.0027849999999999724,-136.11883769172644,751.8587444650939
5.090532946818727,0.002785000000000032,98.09058402927518,723.8483409520641
5.091176862734552,0.0027849999999999746,-648.6425343377192,712.0681556989657
5.091820778650377,0.002785000000000096,1187.6838982198115,772.2867012828324
5.09246469509789,0.002784999999999961,-3.671661876816119,807.8761772456282
5.093108612306173,0.0027849999999999607,-316.71443025129514,804.5327367890392
5.093752529514456,0.0027849999999999897,679.6252572036535,799.1955621082363
5.0943964467227385,0.00278500000000012,-647.0774964876658,739.6592331154872
5.095040363931021,0.002784999999999997,802.2155543017915,722.2525518816173
5.095684281139304,0.002785000000000028,135.7355799450274,718.0597136994678
5.096328198347588,0.0027850000000000917,-484.53686698000604,728.734039370581
5.096972115555871,0.002785000000000011,1519.9564888560458,738.5943733822654
5.097615967089745,0.002784999999999964,-904.3095009205833,757.8264515589682
5.098259688374959,0.002785000000000041,341.6865354965531,754.2295227670285
5.098903409660172,0.00278500000000013,-695.3839521945217,753.1924362985104
5.0995471309453855,0.002785000000000127,459.5115832523615,772.226849404754
5.100190875709385,0.002785000000000069,-658.9657982794279,776.8813500077492
5.100834676146126,0.002785000000000099,-235.61246097830414,781.3098531257336
5.101478476582866,0.0027850000000000778,-811.195438105067,828.5842334079059
5.102122277019607,0.0027850000000001363,-132.37765842583875,861.039063990342
5.102766026957729,0.0027850000000000327,-1026.6428767890977,828.9839720610506
5.103409631521041,0.0027849999999999837,-795.4233691585742,811.3285369962737
5.104053236084353,0.0027850000000000682,433.2252981397473,811.9504320928638
5.104696840647666,0.0027849999999999186,-153.01101033208118,873.1872481979392
5.105340445505584,0.0027849999999999303,-162.8557313485057,912.9966952213028
5.105984051417175,0.002785000000000071,-1826.3577605896412,922.5406818695587
5.106627657328765,0.0027850000000000856,-654.9594993898163,927.9656372303156
5.107271263240356,0.0027850000000001116,2150.135041390687,926.381288735623
5.107914862211207,0.002785000000000012,23.362064058825208,875.56704701614
5.1085584292318735,0.0027850000000000335,71.77104930507008,895.5939751456092
5.10920199625254,0.002785000000000027,645.6362683941172,877.2856945022166
5.109845563273206,0.00278499999999994,-708.0506693151339,827.5811775169103
5.1104891086128905,0.0027849999999999416,361.4851586252629,858.8456847938752
5.111132518733736,0.002784999999999933,31.810285585545692,842.0766053655733
5.111775928854582,0.002784999999999999,-145.5463906654605,867.7283761086292
5.112419338975428,0.0027850000000000028,-1003.9710354892229,881.9000427962425
5.11306275302745,0.002784999999999978,1697.3512454749923,855.7594117780006
5.113706203403537,0.00278499999999987,792.9438871156735,887.8079880415748
5.114349653779625,0.0027850000000002005,-1693.1534050004286,880.141918830911
5.114993104155713,0.002784999999999906,827.9658475544537,879.7707619847539
5.1156365434458335,0.002785000000000007,340.6294187515895,884.9360743415843
5.116279798097278,0.002784999999999999,293.26898537793767,892.8564170337107
5.116923052748721,0.0027849999999998735,890.4852025899016,887.4687155857396
5.117566307400165,0.002785000000000055,2510.349038596628,905.9756678546431
5.118209562072966,0.002785000000000068,1477.7636029574576,904.2404407372977
5.118852818135356,0.002784999999999963,1004.7044338228632,925.3736657566337
5.119496074197747,0.0027850000000000596,-100.8132139897191,959.3248514667013
5.1201393302601375,0.0027849999999999893,-447.4890833046935,989.4100493902167
5.120782586322528,0.002784999999999989,131.7861595024826,990.5171417354115
5.121425804589045,0.0027849999999999997,-481.7403697555389,983.379105218095
5.122069021802779,0.002785000000000086,946.9261990050837,1026.947728471822
5.122712239016512,0.0027850000000000557,489.74433553365446,1001.73160216199
5.123355456230246,0.0027849999999999845,170.79266003854994,992.0137544614744
5.123998527560259,0.0027850000000000366,-59.66729934498081,1015.423249311226
5.124641587980574,0.0027850000000000674,-460.8048219261763,997.954361193653
5.125284648400889,0.002785000000000036,900.2870129051081,1001.4672019287344
5.125927708821205,0.002785000000000038,1500.1159768753546,1027.1631388653059
5.126570804993978,0.002785000000000087,-969.8284692246261,1039.2359135375316
5.12721390568989,0.00278499999999998,780.7278250317601,1087.3428598220662
5.127857006385803,0.0027850000000000778,655.337099601167,1075.4176124167727
5.128500107081715,0.002785000000000039,226.52711043565822,1025.9508851661608
5.129143042617076,0.002785000000000073,260.8352859552914,1037.3151242734452
5.129785947736922,0.0027850000000000964,102.92595162107773,1099.7714164674592
5.130428852856768,0.002785000000000054,-36.220177158485576,1046.3346597504394
5.1310717579766125,0.002785000000000062,-1408.5098509475188,1045.8492764465789
5.131714664276392,0.0027849999999999915,497.0214790612349,1050.8172416341088
5.132357570869716,0.0027850000000000817,-1009.4087648045604,1022.7550253981836
5.13300047746304,0.002785000000000088,-1084.0352439005483,1120.1177246895588
5.133643384056363,0.00278500000000007,687.443632866242,1132.7738121493385
5.134286290649687,0.002785000000000068,-1584.1250834749499,1122.2883730313035
5.13492919724301,0.002785000000000069,970.7910790592415,1142.6647962351456
5.135572103836334,0.0027850000000000873,267.0327343187439,1048.617050517316
5.136215010429658,0.002784999999999975,1906.0617983834209,1016.0975289268584
5.136857777848329,0.0027850000000000114,-273.3855664892375,1027.5300200305753
5.13750048894804,0.002785000000000095,-1171.5140487276306,1053.3288543681565
5.138143200047749,0.0027849999999999906,-883.6547841044726,1037.1353626241157
5.13878591114746,0.0027850000000000266,-530.0348883171058,1011.2567571346364
5.13942864912421,0.00278499999999999,1252.424955988352,1035.828198589124
5.140071400519805,0.0027850000000000704,1112.4226922900511,999.1954638502071
5.1407141519153985,0.002785000000000053,-256.2268026929347,1023.7672896621406
5.141356903310993,0.00278500000000009,933.788320966241,1008.0941977309087
5.1419995332322435,0.0027850000000000617,1273.1439275475338,1003.9027665306705
5.142642089200141,0.002785000000000049,-888.7842989905967,1043.6763680082533
5.1432846451680385,0.0027850000000000986,1858.7023797158681,1124.8565313896056
5.143927201135936,0.0027849999999999655,161.45995808766452,1295.65769940676
5.144569757988011,0.0027850000000000192,2104.255772541122,1326.3477049220173
5.145212315491781,0.0027850000000000934,-800.2956551063324,1318.6434570963959
5.145854872995552,0.002785000000000045,-2317.3412869393487,1319.1014761429935
5.1464974304993225,0.0027850000000000353,-919.1209092563914,1279.9499895920123
5.147139988003094,0.0027849999999999967,856.1584329366036,1267.226196408146
5.147782545506864,0.0027850000000000552,1055.8629894899386,1396.7014340616806
5.148425103010635,0.00278500000000001,56.85202016185361,1395.2614820003623
5.1490676605144055,0.0027850000000001146,-1783.2612578303326,1410.0425776319541
5.149710123779302,0.002785000000000084,248.7145962220193,1348.84754818378
5.150352485937715,0.002785000000000078,-1089.0180616780497,1381.882638768893
5.1509948480961265,0.0027850000000001216,-1940.7510521991876,1500.7094815727241
5.151637210254539,0.0027850000000000518,101.06840102416157,1522.0691856263109
5.152279589962662,0.002784999999999969,-307.7951929788051,1535.9866104945343
5.152921992437178,0.0027850000000001146,31.877026144429365,1630.0463498460556
5.153564394911694,0.002785000000000121,265.03111548638594,1457.6853934156784
5.15420679738621,0.002785000000000026,-2129.7459360619155,1403.024013447895
5.154849124151766,0.002784999999999951,1957.31116095034,1426.6953045400442
5.155491331346748,0.002785000000000027,277.0304433463212,1423.5908207005573
5.15613353854173,0.00278500000000001,-140.54760300905417,1467.1046708493002
5.156775745736712,0.0027850000000000405,-282.49563221826327,1461.2362133817928
5.157417979779311,0.002785000000000049,-1403.0272164080427,1566.9421159919368
5.15806026603097,0.0027849999999999394,-775.9208030192616,1723.6815848840765
5.1587025522826275,0.0027849999999999503,-2311.8045618170486,1541.7665373409695
5.159344838534286,0.002784999999999976,1790.150675089799,1587.1674580566166
5.159987067923245,0.002784999999999966,-798.4887484411215,1445.8394870441987
5.160629158944711,0.0027850000000000795,242.19378674735668,1333.7910708671232
5.161271249966178,0.0027850000000000812,2748.1672443384155,1367.8291067576058
5.161913340987644,0.0027850000000000444,7.0024089353706715,1318.9373298152418
5.162555432401572,0.002784999999999965,703.6811374779068,1324.0995922748791
5.163197525041893,0.002785000000000022,1912.1254183180224,1417.1079474079531
5.163839617682213,0.0027850000000000357,1705.5993248087889,1472.1219212634255
5.1644817103225344,0.002785000000000061,1197.2725188647794,1544.9111031334746
5.16512379549715,0.002785000000000056,-780.2636796611052,1564.2021333140522
5.165765849429209,0.002784999999999987,1697.922328219445,1515.3170790764948
5.166407903361269,0.0027850000000001042,-642.6663942054427,1459.5304997990395
5.167049957293328,0.002785000000000106,-2066.2587875813224,1382.4451713687918
5.1676919888441155,0.0027850000000001107,-1514.3837871653054,1370.505892466358
5.16833388633643,0.0027850000000000205,900.0501907683033,1662.7577464402082
5.168975783828744,0.0027849999999999767,-2389.592062140552,1786.7772155727514
5.169617681321058,0.0027850000000000444,-3826.697399477096,1937.9248640549113
5.1702595825659765,0.002785000000000103,1579.9297504784302,2140.1478826804528
5.170901520401248,0.0027850000000000665,-1818.6790229531466,2128.3855148289585
5.1715434582365205,0.0027850000000000743,9.34008827870857,1911.054986038878
5.172185396071793,0.002784999999999961,392.05594338893604,1823.9061325557602
5.172827325619877,0.002784999999999934,276.35595786472584,1798.40728269905
5.173469068372845,0.002785000000000043,-1680.4006719467957,1991.5702220647197
5.174110811125813,0.00278499999999997,-882.4748123747804,2467.595071198841
5.174752553878782,0.0027850000000000075,-420.27138518145284,2674.605996285087
5.175394296631749,0.002785000000000047,2138.981182925963,2628.43358936312
5.176036041051286,0.002784999999999981,1125.0926503949831,2326.489311823125
5.176677785485186,0.002785000000000019,-247.9649752944531,2268.34063499477
