Wavelength_um,Model_Depth,Transit_Depth,Error
0.8309,0.0012280000000000197,0.000997440667092275,0.0001853135247876772
0.8318,0.001228569457834134,0.0010583626761193122,0.00016492197826967406
0.8328,0.001229707589423913,0.0013464046720068886,0.00016234562259311494
0.8338,0.0012291537382305231,0.0011369062496482227,0.0001605942310016504
0.8348,0.0012309703985401359,0.0012216474143806465,0.00015847370124190944
0.8357,0.0012448875508016435,0.0012287718453864614,0.00015530284600282016
0.8367,0.0012335523158748332,0.0014003957891707793,0.00015264304897470281
0.8377,0.0012304243245827092,0.0010675971635606225,0.0001512283611404298
0.8386,0.0012352409994867,0.0011892784847659633,0.00015046344545785416
0.8396,0.0012404299481287794,0.0011924191693407546,0.00014947710801937455
0.8406,0.0012299999999998174,0.0009371845295439883,0.00014794571929458352
0.8415,0.0012693610397722123,0.001454978087189816,0.00014659472579672434
0.8425,0.0012450487595734507,0.0012376837449431634,0.00014557727168615231
0.8435,0.0012325672807280722,0.0011876214118847132,0.0001446312154910529
0.8445,0.0012319692423175385,0.0012621213302008662,0.00014396175907886784
0.8454,0.0012309442189330536,0.0012891687448672894,0.00014459098931407624
0.8464,0.0012298052135457963,0.001218077752881008,0.00014647987013950364
0.8474,0.0012296666885825928,0.0009875162831109083,0.00014700341340013765
0.8483,0.0012310000000000645,0.0012858250543645242,0.0001453292683409714
0.8493,0.001230999999999944,0.0010267273557193846,0.00014440813730677446
0.8503,0.0012303644487253382,0.0013205936552267443,0.0001441096496599574
0.8512,0.0012299999999999382,0.0012291596521804408,0.00014269038578768826
0.8522,0.001231599024318577,0.0011388424676080755,0.00014086642379141883
0.8532,0.0012329374498360687,0.0011759168338279496,0.00014019178063796875
0.8542,0.0012356184195256002,0.001312076635815796,0.00014024555976986143
0.8551,0.0012309999999998785,0.0012795998840941455,0.00013962484058522353
0.8561,0.0012310000000000012,0.0010527169938772446,0.00013814714937111864
0.8571,0.001231000000000064,0.001125006016881566,0.00013667697901223404
0.858,0.0012305968332007883,0.001356438491604674,0.0001356082850958825
0.859,0.0012305421721864726,0.0012467541687717187,0.00013484157248003394
0.86,0.0012309999999999693,0.0014222556699627343,0.00013430726867836817
0.861,0.0012301799528126555,0.0009803763459805353,0.00013415566076360776
0.8619,0.0012308450705717834,0.0012610766949538116,0.00013420124659207282
0.8629,0.001230017043581343,0.0013895044083919472,0.00013421171946289342
0.8639,0.0012301218745071273,0.0014065557763513709,0.00013472981713233298
0.8648,0.0012308531021083167,0.0011738405417929545,0.00013719806309430148
0.8658,0.0012302859032790117,0.0011225954540981659,0.0001414736359657965
0.8668,0.0012310000000000211,0.0011649772930807573,0.00014329258728781213
0.8677,0.0012310000000000268,0.0012420561068141587,0.00014176067136268238
0.8687,0.0012315877305988051,0.0012495165279998088,0.0001403151384376535
0.8697,0.0012327266680994724,0.0012873794367251506,0.00013712346333886384
0.8707,0.001233000000000129,0.0011602410312573635,0.0001327878269007079
0.8716,0.0012330000000000208,0.0013525420946222354,0.0001303224748164604
0.8726,0.0012330284954192856,0.0013635447517510565,0.0001297219440089971
0.8736,0.00123366513416049,0.0011665129439816296,0.00012984831609046287
0.8745,0.0012323849126080542,0.0012468907031020651,0.00012955169853658854
0.8755,0.0012333370766171511,0.0012272632370304874,0.00012859917049207683
0.8765,0.0012315296008081219,0.0012639666394152944,0.00012797141250168458
0.8774,0.0012319897179111218,0.0011648695109125287,0.00012842761147619652
0.8784,0.0012330000000001244,0.0012414618507893898,0.00012993677587730572
0.8794,0.0012329999999999913,0.001312364276334652,0.00013108625003877193
0.8803,0.0012322027501038531,0.001225783890940496,0.00012971080624903564
0.8813,0.001234808562189636,0.0011506818311645376,0.00012707650518890476
0.8823,0.001235075107240286,0.0013559751472947386,0.00012525577695732043
0.8833,0.0012362129913321583,0.0014550828139545243,0.00012431869395233876
0.8842,0.001236523970567001,0.001146387274251811,0.0001236389112969441
0.8852,0.0012365080804150124,0.0011946286802224403,0.00012287757043076973
0.8862,0.001241063830416847,0.0012454381236379447,0.00012214374146848536
0.8871,0.0012489440209189635,0.001247946796698636,0.00012152983885519746
0.8881,0.0012621461690845467,0.0013736186723318322,0.00012105895069196896
0.8891,0.001282355698483227,0.0012881118128878586,0.00012068253564877762
0.89,0.0012859999999999927,0.001145054465683324,0.00012038333249741905
0.891,0.001316434120078239,0.0010897365260421645,0.00012015838989631091
0.892,0.0013335175447083546,0.0013047993006951764,0.00012007444710892245
0.893,0.0013310341989783286,0.0014023016342067274,0.00012001126339833239
0.8939,0.0013124484422027084,0.0013938388685884363,0.00011963931593573005
0.8949,0.0012541967933541993,0.0012348171419398484,0.00011903779879198242
0.8959,0.001255738192199822,0.001115797151627763,0.00011850991739557497
0.8968,0.0012568942241929712,0.0011764219847793331,0.00011818153658937039
0.8978,0.0012648707905141222,0.0015025428684363514,0.00011790557336075059
0.8988,0.0013467009002927194,0.001158572670756347,0.00011765184377658062
0.8998,0.0013239635066075361,0.0011618592458831616,0.00011767977086367974
0.9007,0.0013070170480297624,0.0014403374275636966,0.0001184930562108428
0.9017,0.0012686738078264799,0.0013520738914002768,0.00012011967954970075
0.9027,0.0012501706009431473,0.0011915973464870942,0.00012048746401189987
0.9036,0.0012483039207890315,0.001276391719657236,0.00011856580179739448
0.9046,0.0012881102696461714,0.0012768900664929218,0.00011654256403421531
0.9056,0.001283076492248518,0.0011073586658016895,0.00011558265938020802
0.9065,0.001246414826238917,0.0009854890943297831,0.00011527532911690152
0.9075,0.0012473915816513092,0.00126966015012573,0.00011524078617594398
0.9085,0.001270813641976062,0.0010691556071337946,0.00011523177681704841
0.9095,0.001247956784989216,0.0011163668257439883,0.00011521139706126652
0.9104,0.0012674371758028796,0.001349319162549814,0.0001150180541678173
0.9114,0.0012689745075991391,0.0012623632156365113,0.00011455036488779723
0.9124,0.0012648625991873226,0.0014325512807704065,0.00011405253224596833
0.9133,0.0012703870918038822,0.001160397273509135,0.00011375340400969024
0.9143,0.0012444589139767623,0.0014375339765379264,0.00011361776712176187
0.9153,0.0012482210627318086,0.0012588785729401714,0.00011349614116774152
0.9162,0.0012516776562258717,0.0013868283234953894,0.00011340712378013624
0.9172,0.0012405667374162023,0.0013236865828881428,0.00011353692422371864
0.9182,0.0012341819521196123,0.0012325918614236305,0.00011381340567481582
0.9192,0.0012761433215825412,0.0013188832404641981,0.00011378230891796314
0.9201,0.001229710526277356,0.0014758876356186557,0.00011308290307428676
0.9211,0.0012725842592938327,0.0012141603868950502,0.00011231960684279843
0.9221,0.001322800787824743,0.0011248001700820346,0.0001120306397696724
0.923,0.0012318987581693519,0.0011517267437222486,0.00011206165314108306
0.924,0.001229559253753301,0.001255392769698795,0.00011227573848935145
0.925,0.0012355855300312738,0.0011271940780236394,0.00011251033793224545
0.9259,0.0012336607121704126,0.0012533301408213118,0.00011240866019547392
0.9269,0.0012294133399232614,0.0011553456106690222,0.00011202604053710105
0.9279,0.0012320005386411567,0.001204033804207558,0.00011174290858447597
0.9288,0.001261175293707144,0.0010286381131029629,0.00011144395605065592
0.9298,0.001261932760029966,0.0012703863520094926,0.00011120285332696394
0.9308,0.0012309999999999578,0.0012512132460633857,0.00011129360685971418
0.9318,0.0012849145262593743,0.0013529411054604376,0.00011104456990203292
0.9327,0.0013026272332513891,0.0011375366047657325,0.000110130045992189
0.9337,0.001255281806819702,0.0012164410047229184,0.00010908297848542278
0.9347,0.0012471250066734378,0.0012852087035821694,0.00010826583280817168
0.9356,0.0012312371772902403,0.00104142494940731,0.00010779710798464031
0.9366,0.0012407088981315462,0.0013231960987277907,0.00010769401143399892
0.9376,0.001336584419728364,0.0013623316203067162,0.00010792812526877098
0.9385,0.0012828229833224815,0.00137750275194926,0.00010840683963635952
0.9395,0.0013042804370613007,0.001363980583000535,0.00010861956361910858
0.9405,0.001437042849460202,0.0015281091326884153,0.00010832164092154284
0.9415,0.0013004225756097607,0.0013339022933498508,0.00010794850410524938
0.9424,0.0012964025740032725,0.001122620982401884,0.00010778655359032979
0.9434,0.0012771763110584723,0.0014711067632638285,0.00010771231093434469
0.9444,0.0012459591264094945,0.0012695392872266872,0.00010733462999156721
0.9453,0.0012301856685368962,0.0010662102618780168,0.0001067673447616201
0.9463,0.0014912142970057364,0.001414590459153755,0.00010646553424028624
0.9473,0.001227999999999981,0.0012025660634704548,0.00010669176418095846
0.9482,0.0012281161587830883,0.0011319874783998168,0.0001070122934371227
0.9492,0.001229255096283427,0.001282885352645603,0.0001070090693122148
0.9502,0.0012296058983291692,0.0012088947257780332,0.00010653345270163152
0.9512,0.0012290000000001848,0.0013369729654467632,0.00010568688322301513
0.9521,0.001270854691668194,0.0013782342542549076,0.0001047849899232411
0.9531,0.001291467051457194,0.0011479119833361724,0.00010433241388137952
0.9541,0.0012392474764953436,0.001299217676368428,0.00010454626276241928
0.955,0.001230859889875644,0.0011812589371804297,0.00010490353720079227
0.956,0.0012329976547518612,0.0011435867935404133,0.00010479334266467409
0.957,0.0012336158431814493,0.001167353270761637,0.00010443874162906365
0.958,0.0012524806818037231,0.0012095970377917025,0.00010426704576989662
0.9589,0.0012550914889534724,0.0012803368508989927,0.00010398118724127781
0.9599,0.0012486379604989824,0.001418462074857986,0.00010341766566987688
0.9609,0.0012427424386617092,0.0011745564536474492,0.00010284525118851324
0.9618,0.001237810862903782,0.0011475762016024365,0.00010253508034059258
0.9628,0.0012872157976065897,0.0012947234405620111,0.0001024800853177035
0.9638,0.0013004783003858547,0.0013317065866284812,0.00010255693998403971
0.9647,0.0012411458612845976,0.0014537210655863528,0.00010262146149782383
0.9657,0.0012329999999998753,0.0011048060131535037,0.00010262659483502045
0.9667,0.0012337335647028018,0.0013196882397962903,0.00010254884013735184
0.9677,0.0012505224030270792,0.0012103696565089297,0.00010225818603564075
0.9686,0.0012675749674255685,0.00131551018849797,0.00010198390668957465
0.9696,0.0012430886890262482,0.0013175698773004783,0.00010186153677665856
0.9706,0.0012381275320118839,0.0013133799362211507,0.00010184128747641961
0.9715,0.00123635082061965,0.0012579206661040537,0.00010168483813332481
0.9725,0.0012367872880843101,0.0011922885590408868,0.00010119354078839217
0.9735,0.0012490377831079634,0.001261066253001417,0.00010069929684557772
0.9744,0.0012480979865992566,0.001111220764518246,0.00010054814944972237
0.9754,0.0012376296094056094,0.001330357428807538,0.00010056597007559221
0.9764,0.0012485789917618113,0.0011440885221178539,0.00010042394059918645
0.9773,0.001258926319230801,0.0012393422009591385,0.00010003347306854383
0.9783,0.0012412575993548732,0.0012277117806624854,9.972192498434926e-05
0.9793,0.0012518617534246176,0.0013823620008647332,9.97154336482719e-05
0.9803,0.001305182864508581,0.0013565770427462795,9.968003452499153e-05
0.9812,0.0012694209765736057,0.0012581286967191289,9.93501749482005e-05
0.9822,0.001257506147701747,0.0012864358421805484,9.892321221108761e-05
0.9832,0.0012463979625420266,0.001253224829741334,9.863595686012964e-05
0.9841,0.0012479931302255376,0.0011604104780557549,9.846647930476247e-05
0.9851,0.0012471869843207477,0.0011867596987628687,9.83592162380448e-05
0.9861,0.001242823524001595,0.0012001357864958536,9.837267673435327e-05
0.987,0.0012533773373896238,0.001234656706418338,9.85337101494307e-05
0.988,0.0012729999999998272,0.0011874263072090545,9.85374287926602e-05
0.989,0.0012528282637845158,0.0012046528245738665,9.826881539865164e-05
0.99,0.0012687567312983994,0.001321016243186353,9.788511558904916e-05
0.9909,0.0012513881517902258,0.001289074457367253,9.747253537770571e-05
0.9919,0.001239241396815006,0.0011713176058566024,9.709453427383495e-05
0.9929,0.0012564104033798503,0.0012455581477830702,9.685297998589056e-05
0.9938,0.0012784835530934011,0.001319907342142724,9.680024368661397e-05
0.9948,0.001245086366153855,0.001072415196235252,9.712505977796925e-05
0.9958,0.0012500000000000733,0.0013825116524758111,9.778131203836848e-05
0.9968,0.001249540996086544,0.001332737099652711,9.795662865146421e-05
0.9977,0.0012475495700770218,0.0012001964911227368,9.747446408803781e-05
0.9987,0.0012466218937328482,0.001246104306988168,9.709865225926259e-05
0.9997,0.001242435012600185,0.0012124550540435518,9.706462578793416e-05
1.0006,0.001239428290764575,0.0010546780750107854,9.701474032244785e-05
1.0016,0.0012445491600298606,0.0010182362910656018,9.684688490109369e-05
1.0026,0.001274374093335918,0.0012384357351295507,9.663890358504453e-05
1.0035,0.0012648246361246565,0.001164770198023891,9.63396590148563e-05
1.0045,0.0012643601239493475,0.0011972193555744735,9.597878386138741e-05
1.0055,0.0012642477597995842,0.0012542081766109877,9.567445261844257e-05
1.0065,0.001252468063719391,0.0014799382945382693,9.538631578683823e-05
1.0074,0.0012484709489668342,0.0012631443819954282,9.517999794857415e-05
1.0084,0.0012480000000000813,0.0012818563955679042,9.516229629179388e-05
1.0094,0.0012463872207084845,0.001244003568401344,9.51731755403781e-05
1.0103,0.0012451685190831717,0.0011817722562792682,9.503696296617193e-05
1.0113,0.001245970350530493,0.0015141701897095012,9.472654093797767e-05
1.0123,0.0012401092315084549,0.001346266889312707,9.454817753916795e-05
1.0132,0.0012419331576579604,0.0012436970495231952,9.482384985290021e-05
1.0142,0.001249088711401882,0.0012460581320497372,9.538927537140259e-05
1.0152,0.00125816774856627,0.0012452775892698483,9.560013619647117e-05
1.0162,0.0012559989429724839,0.0011710466380569905,9.515309322501488e-05
1.0171,0.0012441242793871583,0.0015277174118659496,9.44654280868982e-05
1.0181,0.0012427133370531405,0.0010713464601811726,9.397776291143498e-05
1.0191,0.0012438518801712293,0.0013614429120068611,9.380970987670578e-05
1.02,0.0012448769714425885,0.0009986428331326307,9.395236050464214e-05
1.021,0.0012419201158509437,0.001186935475785779,9.432194229911392e-05
1.022,0.0012383920325321775,0.0014285598002424305,9.445663955983358e-05
1.0229,0.0012449272074254445,0.0011615090335318488,9.391582514789619e-05
1.0239,0.0012396821958502071,0.0012108634923824655,9.317988512151812e-05
1.0249,0.001239456673763254,0.0012521390756844782,9.27862287409431e-05
1.0258,0.0012414452951037124,0.0012617129204825276,9.26586356946782e-05
1.0268,0.0012485869337963702,0.0013347719344468645,9.252961755887479e-05
1.0278,0.0012474473450435142,0.0012427029011098938,9.232593164896244e-05
1.0288,0.0012388199482355022,0.0012656067005527012,9.215212147968785e-05
1.0297,0.0012361548045164918,0.0012793786662352255,9.213413210112746e-05
1.0307,0.0012382458694214246,0.0013069547920050014,9.232861417380292e-05
1.0317,0.001242801890970507,0.00125530356227072,9.284273622768373e-05
1.0326,0.001245324077801495,0.0013275594008903162,9.3731996411212e-05
1.0336,0.0012422734106494083,0.0012450624343452188,9.422820100790857e-05
1.0346,0.0012410000000001183,0.0012541974905453603,9.362465053932129e-05
1.0356,0.001239717660647567,0.0011111268866205231,9.254256517030847e-05
1.0365,0.0012363349562102834,0.0013047084790217083,9.17509783504638e-05
1.0375,0.001235000000000007,0.0011487319557198909,9.13601181783742e-05
1.0385,0.0012359429969961357,0.0012196426602347852,9.121972963819006e-05
1.0394,0.0012360000000000025,0.0010823907171096279,9.117584421661132e-05
1.0404,0.0012337858126907726,0.001279725717027694,9.110377515003796e-05
1.0414,0.0012317540367318555,0.0011841194471928613,9.105009462328687e-05
1.0423,0.0012315414923450274,0.0011295881113578413,9.11251030610075e-05
1.0433,0.0012325910790254736,0.0012111705962244274,9.122122151825045e-05
1.0443,0.001232547790588248,0.0013454198491969578,9.107316555265034e-05
1.0452,0.001233000000000032,0.0012535775746529776,9.075455560102331e-05
1.0462,0.001242254534206383,0.0012692446104759503,9.058661323430518e-05
1.0472,0.0012468507568601783,0.001116441843165171,9.049620497480554e-05
1.0482,0.0012301931839509678,0.0011684152318730378,9.02768658520109e-05
1.0491,0.0012299862854332822,0.0012431764900503069,9.003761105114785e-05
1.0501,0.001229000000000027,0.0011016272152481698,8.991665142254943e-05
1.0511,0.001228999999999962,0.0011409048909268148,8.992685074309234e-05
1.052,0.0012286836794352753,0.0010936601131474053,9.017016233259937e-05
1.053,0.0012279999999999566,0.0013902710759735107,9.053256679649444e-05
1.054,0.0012303736675496816,0.0012194231083453814,9.04741236376418e-05
1.0549,0.0012344740326345755,0.0012352623817646412,9.004402777940346e-05
1.0559,0.0012299409778221582,0.0013454569656089928,8.989024074234588e-05
1.0569,0.0012280000000000648,0.0011263515490254645,9.055945213980026e-05
1.0579,0.0012280341138210299,0.0011344874756161823,9.213154359690562e-05
1.0588,0.0012290000000001007,0.0013151189163918761,9.30997485886899e-05
1.0598,0.0012288017895205794,0.0011423094368375707,9.212893784293537e-05
1.0608,0.0012279999999999995,0.0014006564070623755,9.064738127710729e-05
1.0617,0.001228000000000039,0.0012122250165003574,8.989788663006189e-05
1.0627,0.001227499393415442,0.0011656577848242926,8.961274283431051e-05
1.0637,0.0012270000000000017,0.001035222623173773,8.927380582550737e-05
1.0647,0.0012277779128003299,0.001354362661837684,8.888854474636055e-05
1.0656,0.0012288030040714577,0.00125340195695557,8.873363113148107e-05
1.0666,0.0012280581263148737,0.0012010662433576795,8.890060785296416e-05
1.0676,0.0012269999999999744,0.0011774962547095827,8.94859066389525e-05
1.0685,0.001226999999999942,0.001116108840777248,9.039382531179666e-05
1.0695,0.0012269999999999957,0.0012745388841720567,9.080846871527109e-05
1.0705,0.0012273827063922986,0.0012022095737790827,9.016658890892766e-05
1.0714,0.0012279999999999173,0.0011666224196319865,8.924021942547352e-05
1.0724,0.0012274539546423245,0.00119833260328027,8.871176915501327e-05
1.0734,0.001226999999999972,0.0012905216709778028,8.863456980939545e-05
1.0743,0.0012269999999999382,0.001309366114524651,8.878562668086054e-05
1.0753,0.0012270000000000403,0.0011147970794149764,8.877895785034613e-05
1.0763,0.0012269999999999766,0.0011544580853491597,8.847514321690368e-05
1.0773,0.001226999999999891,0.0011024311270208228,8.844101955301755e-05
1.0782,0.001226999999999949,0.0013389940049803105,8.897101993049624e-05
1.0792,0.0012269999999999475,0.0012013052558173664,8.929404346727586e-05
1.0802,0.0012270000000000254,0.0011881690646960575,8.890806489517215e-05
1.0811,0.0012274532881890315,0.0013285753677960708,8.84307862821513e-05
1.0821,0.0012280000000000678,0.0011525346050284455,8.805175766478848e-05
1.0831,0.00122799999999999,0.0013086018007381624,8.763304937994485e-05
1.0841,0.0012280000000000901,0.0011911511381962512,8.725306808688011e-05
1.085,0.001228000000000056,0.001313734593584335,8.696959456679033e-05
1.086,0.0012280000000000654,0.001218034867074952,8.68543808929937e-05
1.087,0.0012281718002250823,0.0012647172978082065,8.693036794788845e-05
1.0879,0.0012301756892976854,0.0011483952534907201,8.70606580575918e-05
1.0889,0.0012333259108504833,0.0011003860784488835,8.704040673030258e-05
1.0899,0.0012290523535655772,0.0012200015281193936,8.68307720647886e-05
1.0908,0.0012289978289766886,0.0010023787216357103,8.663354205386968e-05
1.0918,0.001249771307161161,0.0010889204487103555,8.6590738722684e-05
1.0928,0.001240826449987582,0.0012548593488812382,8.671064705754566e-05
1.0938,0.001232256439547845,0.0012016313069763578,8.70080429976421e-05
1.0947,0.0012338792228437337,0.001242929765671873,8.756357301885365e-05
1.0957,0.0012592704301977744,0.0013794265517535936,8.815724254531851e-05
1.0967,0.0012370426221947816,0.0011926248424552162,8.866767041431447e-05
1.0976,0.0012297576982760292,0.001328527243331446,8.92104205890527e-05
1.0986,0.001229760888258314,0.001164777942370646,8.91251642594154e-05
1.0996,0.0012341158824565207,0.0012783763696070363,8.834146610582169e-05
1.1005,0.0012555097704736598,0.0013986386099838937,8.801604171887584e-05
1.1015,0.0012491308671608236,0.0014697791320287014,8.814581363695545e-05
1.1025,0.001234893277286582,0.0011584395894680165,8.79933297934365e-05
1.1034,0.0012585407376820843,0.001217111704362444,8.747988042423961e-05
1.1044,0.0013851694774236751,0.0013636427962884828,8.70447451498477e-05
1.1054,0.001292028565287401,0.0012451836324598466,8.694594084610349e-05
1.1064,0.0012605795346132787,0.0012172262561673266,8.684057901266576e-05
1.1073,0.0012501363716516877,0.0012750334760239853,8.646299350467482e-05
1.1083,0.0012522593465470492,0.001325465904708112,8.616878371834958e-05
1.1093,0.0012523505995798631,0.0011899068386928674,8.62827578085304e-05
1.1102,0.0012456398747473655,0.0011642392835848224,8.664210981839598e-05
1.1112,0.0012512890092679478,0.0011329843226450297,8.698305773964564e-05
1.1122,0.001248792562115373,0.0012833831942771217,8.697019950542779e-05
1.1132,0.00124699436302451,0.0011372626271980647,8.635636978394615e-05
1.1141,0.0012469218474018822,0.001289038328264523,8.558468461016803e-05
1.1151,0.0012822801444590086,0.001196990452118044,8.513800150761345e-05
1.1161,0.0013200978746956949,0.0013368652719143797,8.500881529195936e-05
1.117,0.0013429996126713684,0.0012315061580853918,8.500144521116375e-05
1.118,0.0013461540980589848,0.0013653314132921488,8.498282660761532e-05
1.119,0.0013321687082971884,0.0013910502180778694,8.494203576616576e-05
1.1199,0.0013589629609057903,0.0013426194533771323,8.482309487786516e-05
1.1209,0.0012905765323596064,0.0012967916743120492,8.456487670061918e-05
1.1219,0.0012641732063208215,0.0014045704207013563,8.434729558770389e-05
1.1228,0.0012930600334487914,0.0012480563450363341,8.436779682026462e-05
1.1238,0.001310312809086133,0.0013967649385866455,8.472344864099233e-05
1.1248,0.0012979107409675106,0.001332755909141593,8.53336635245597e-05
1.1258,0.001279103474984024,0.0013041655778305537,8.559407067589714e-05
1.1267,0.0012720000000000643,0.001228295928967023,8.520659486862168e-05
1.1277,0.0012771760090902614,0.001311382397120164,8.470915900569288e-05
1.1287,0.001285936341201001,0.0011620584608481284,8.446819405839673e-05
1.1296,0.0012784639260675556,0.001216513156370831,8.440251019815409e-05
1.1306,0.001261699733725455,0.0013963077468217059,8.442397877779034e-05
1.1316,0.0012455736760551067,0.0011807034005701352,8.451642334891325e-05
1.1326,0.0013084818724370716,0.0014406076464218997,8.470421927749832e-05
1.1335,0.001401020887361844,0.0013811833721617585,8.488355893741415e-05
1.1345,0.0013906115807118342,0.001323067796807022,8.487388948058071e-05
1.1355,0.0012786002799274232,0.0013141894987533697,8.457864054963412e-05
1.1364,0.0013060375486821532,0.0012618958781888436,8.431057787391522e-05
1.1374,0.0013332996692766667,0.0013804189048752932,8.450218863163219e-05
1.1384,0.0013144767891140837,0.0013015442816199758,8.510143299052764e-05
1.1393,0.001304186890691361,0.0011915040412517398,8.55036057682511e-05
1.1403,0.0012959404916438792,0.0013999423552121682,8.514568277918786e-05
1.1413,0.0012789413223615815,0.001219764580032295,8.449903294407122e-05
1.1422,0.0012665618538536707,0.001156429637198938,8.416690922979935e-05
1.1432,0.0012865072423375319,0.0012873938665782,8.395772501895127e-05
1.1442,0.001301352183626366,0.0013309517342960928,8.363344848958707e-05
1.1452,0.0013781217601836746,0.0014677967664770732,8.341501873944562e-05
1.1461,0.0013890204805622058,0.0014518734798942795,8.354180916672777e-05
1.1471,0.001303595240355991,0.0011803884685735464,8.384364583374234e-05
1.1481,0.001298737306605844,0.001306421430681054,8.393198279795976e-05
1.149,0.0013254847437744683,0.0012841977615059676,8.376849188024776e-05
1.15,0.0013639785756000351,0.0014270011786958994,8.35933515732632e-05
1.151,0.0013038022394203264,0.0012317862727131022,8.353556864865333e-05
1.1519,0.001321630097667665,0.0014571363224275694,8.346781643530816e-05
1.1529,0.0013565555427567583,0.001247885166272799,8.326920253835584e-05
1.1539,0.0013832463969011362,0.0013519361095655023,8.310728712902549e-05
1.1549,0.0014488677459142054,0.0015557826932387532,8.310132660337405e-05
1.1558,0.0014958663478755595,0.001553220715702933,8.308477389381904e-05
1.1568,0.0014853871926587068,0.001534379403586386,8.30660363722638e-05
1.1578,0.0014240472940697858,0.0012790961775437622,8.350607448742404e-05
1.1587,0.001441256953072071,0.0014294356618658158,8.449155959419074e-05
1.1597,0.0014231242172311324,0.0014609297860833743,8.523273138921957e-05
1.1607,0.0013468853952324652,0.0013965882802311202,8.505730440292047e-05
1.1617,0.0014084804618505668,0.0013163058370363621,8.470201737788249e-05
1.1626,0.0013744294449214926,0.001422368145314395,8.521121703276505e-05
1.1636,0.001307217795335295,0.001268205336998193,8.620750499936344e-05
1.1646,0.0013003176840172205,0.0011639920545914032,8.594023802058379e-05
1.1655,0.0013687558629376822,0.0013337728245706847,8.438820048390094e-05
1.1665,0.0013280419008519567,0.0013825941900021059,8.323540159946078e-05
1.1675,0.0012828076275683351,0.0013088803849841686,8.314416420126942e-05
1.1684,0.0013027211629047157,0.0013135479498181475,8.383835278900288e-05
1.1694,0.001340065290637867,0.0013247370825174613,8.436797852995932e-05
1.1704,0.0013678699456909846,0.0012934473805097592,8.39027025588138e-05
1.1713,0.001362829828657657,0.0013454635619255322,8.31035886825008e-05
1.1723,0.0013820607245384432,0.0013066222941142212,8.277135628756766e-05
1.1733,0.0013970244860465211,0.001472031800245771,8.284018419218868e-05
1.1743,0.001377106786723552,0.0014852794892249702,8.296392296977163e-05
1.1752,0.0013608943250998653,0.0014224673951933374,8.29791783647259e-05
1.1762,0.001354999999999781,0.0013909976417347423,8.300587418116345e-05
1.1772,0.0013426111200805942,0.0012625793150088521,8.314282917818369e-05
1.1781,0.0013164576483975397,0.0012734219379016358,8.322300378717516e-05
1.1791,0.0013161915108022202,0.0013831315510198553,8.31788446895849e-05
1.1801,0.0013170120429734867,0.0012608954367502772,8.306339183567936e-05
1.1811,0.0013010682256869796,0.0012900862342067037,8.298564025474914e-05
1.182,0.0012932477758362815,0.0013375860394910571,8.313889825535404e-05
1.183,0.0013071001121938315,0.0013843799987480663,8.339983036397755e-05
1.184,0.0013463377207275516,0.0013097391506585992,8.330945286993543e-05
1.1849,0.0013674847268037164,0.0012952729986374434,8.286737029799414e-05
1.1859,0.0013316314137832707,0.0013347623951986151,8.258316130563803e-05
1.1869,0.0012875003334340363,0.0010424096815184458,8.298970889684138e-05
1.1878,0.0012907273022646907,0.001263068227820375,8.406650550816762e-05
1.1888,0.0012947469458091986,0.001354464145671739,8.46616143840919e-05
1.1898,0.0013054856042015802,0.0012475650207979085,8.379694107067636e-05
1.1908,0.0013285085400384755,0.0012350078513358332,8.257162825793196e-05
1.1917,0.0013353172960563367,0.0012870531884841272,8.198027552513061e-05
1.1927,0.0013138610765893986,0.0012059813856923622,8.190587507682382e-05
1.1937,0.0013066154356241992,0.0012996614000282656,8.207338564172585e-05
1.1946,0.0012949238963638936,0.0012976944893743091,8.236546800527851e-05
1.1956,0.0012901628327946313,0.0013457380461850616,8.282759602011802e-05
1.1966,0.0012841437790855456,0.0013495297681407393,8.357770145417987e-05
1.1975,0.0012719977463862826,0.0012634423947622323,8.429474445342148e-05
1.1985,0.0012723629069318467,0.0011894628619095646,8.438598851492681e-05
1.1995,0.0012889450489731878,0.0013332846157295844,8.389369443807422e-05
1.2004,0.0012940000000000679,0.0013109300978549393,8.323623535449193e-05
1.2014,0.0012851607840500129,0.0012394671311830464,8.284289537142172e-05
1.2024,0.0012681983037434565,0.0014269768814465578,8.296916220243582e-05
1.2034,0.0012668747873849303,0.001180966991659908,8.332010336771899e-05
1.2043,0.001266512423765193,0.0011007451115937887,8.331915542806542e-05
1.2053,0.0012571734226896295,0.0012487024786711847,8.296674116241226e-05
1.2063,0.0012530000000000128,0.001252374705778592,8.272523845094851e-05
1.2072,0.0012530934023981147,0.0011863457498519595,8.292255857899017e-05
1.2082,0.0012538930896941025,0.0012832309143831655,8.362026194891489e-05
1.2092,0.0012477060382467616,0.0012253874628563946,8.458544322218296e-05
1.2102,0.0012450000000000419,0.0013929386883070603,8.523293424713725e-05
1.2111,0.0012459749026458185,0.0012254893077421208,8.46886152658871e-05
1.2121,0.0012802022056493227,0.0012526280791200907,8.324017256886718e-05
1.2131,0.001270186229822906,0.0013312477857430293,8.2164197705534e-05
1.214,0.00124995009899766,0.001188541846218736,8.173277939036222e-05
1.215,0.0012432868638786367,0.0013072055049004848,8.160438613055139e-05
1.216,0.0012422686145755098,0.001348826455232957,8.15655529832844e-05
1.2169,0.0012455393001397387,0.00123903296867121,8.156049646042487e-05
1.2179,0.001239849443248907,0.0011619815703875899,8.162747916530174e-05
1.2189,0.0012356310190359601,0.0011436907131341524,8.1792012872388e-05
1.2198,0.0012353940722350408,0.0012932778650459583,8.195738006536789e-05
1.2208,0.0012471946300688062,0.0011619852726610844,8.200829716711395e-05
1.2218,0.0012509524748765377,0.0013205745522615552,8.197346767409336e-05
1.2228,0.0012374696095091653,0.0011979381561426315,8.193587335693475e-05
1.2237,0.001256707528498832,0.001258033726059941,8.191381768077988e-05
1.2247,0.0013067674041261322,0.0012553704976729111,8.202297324941081e-05
1.2257,0.001235661660170444,0.0012497064467393046,8.257050648730807e-05
1.2266,0.001232724257571278,0.0011754208624814636,8.342723217209439e-05
1.2276,0.001231276425992116,0.001119180421339129,8.373065348559805e-05
1.2286,0.0012344876435786566,0.0012491450705333052,8.306893921785221e-05
1.2296,0.0012335721849861313,0.0011478986369429826,8.236583464342668e-05
1.2305,0.0012299999999998916,0.0012557200081894147,8.214099479186224e-05
1.2315,0.0012307175735351405,0.0011511359460710641,8.217942675681516e-05
1.2325,0.001230999999999928,0.0012066772642789706,8.231909166474435e-05
1.2334,0.001230119604532076,0.0012976931425457859,8.254539703435974e-05
1.2344,0.0012299999999999484,0.0012575995384154553,8.273619143365006e-05
1.2354,0.001230316540937645,0.0011910415833244349,8.277745166398144e-05
1.2363,0.0012318166382601621,0.001289964149777436,8.269997099470813e-05
1.2373,0.0012303559992316623,0.0012688699414561283,8.248968971614549e-05
1.2383,0.0012285399022113886,0.0012511772406301165,8.225619256495447e-05
1.2392,0.0012280000000000613,0.001065264043542711,8.216167936483934e-05
1.2402,0.0012279999999999858,0.0012149505513952851,8.217910783953564e-05
1.2412,0.0012280000000002196,0.0012235555034621232,8.220948183436513e-05
1.2422,0.001227097930551916,0.001213866567762063,8.21975329276641e-05
1.2431,0.0012270000000001765,0.0011515646929534523,8.211667278776513e-05
1.2441,0.0012309999999999288,0.001232835646962069,8.20185070661322e-05
1.2451,0.0012305922064639898,0.0012473995224176562,8.194709039535116e-05
1.246,0.0012287710119608499,0.0011270087162775664,8.191106278841693e-05
1.247,0.0012279999999999514,0.0012857333482064156,8.190698098663795e-05
1.248,0.001228000000000026,0.001184165217971278,8.18983491180548e-05
1.2489,0.0012279999999999357,0.0011761805492617847,8.190473326690918e-05
1.2499,0.0012279999999999767,0.0011508380729043958,8.204866608129575e-05
1.2509,0.0012271913096397631,0.0011680706279538278,8.239992701903056e-05
1.2519,0.0012269999999998536,0.0011727336636908562,8.280907973318773e-05
1.2528,0.0012270000000002776,0.001196020982356704,8.303295394481716e-05
1.2538,0.0012279999999999533,0.0012244302315032654,8.297505508425435e-05
1.2548,0.0012282493872936588,0.001295582562893997,8.274771096389279e-05
1.2557,0.0012287255214353085,0.0011821596613866344,8.258748532867886e-05
1.2567,0.0012275865160481028,0.0011844503665176284,8.255277307875007e-05
1.2577,0.0012281034503542753,0.0012829255682387244,8.2503883740488e-05
1.2587,0.0012276195599984125,0.0013771269097533323,8.239112100729737e-05
1.2596,0.0012269999999999872,0.001227208236023773,8.229100873326634e-05
1.2606,0.001226999999999798,0.0012348549899670047,8.225215867823891e-05
1.2616,0.0012270000000000063,0.0012143147440535243,8.233815610038588e-05
1.2625,0.0012269999999999764,0.0012588755771174814,8.26593344077772e-05
1.2635,0.0012270000000001145,0.001271356472688816,8.317036066657905e-05
1.2645,0.001226999999999886,0.0011590010794393806,8.339226612353001e-05
1.2654,0.0012269999999999254,0.0013218894313016605,8.304526055804152e-05
1.2664,0.0012269999999999486,0.0011406332930727439,8.257099811048755e-05
1.2674,0.0012275972995694163,0.0012304089748029425,8.233067270674268e-05
1.2683,0.001227378067815855,0.0013155231863342194,8.227918149304805e-05
1.2693,0.0012270000000000013,0.0012083067317963973,8.230323790917134e-05
1.2703,0.0012269999999998272,0.0011187989598261641,8.235605322693876e-05
1.2713,0.0012279613232016107,0.001211882815643947,8.24258950598608e-05
1.2722,0.0012270000000000694,0.001089580140086367,8.251836977300472e-05
1.2732,0.0012272016345047459,0.0012245389916156996,8.265250000499836e-05
1.2742,0.0012276594958815286,0.0011722734762986708,8.276539682834904e-05
1.2751,0.001227000000000175,0.0012172964192665855,8.276025124487023e-05
1.2761,0.0012270000000000494,0.0010875741911682366,8.266533534898984e-05
1.2771,0.0012270000000000067,0.0011517881464319045,8.26127772100779e-05
1.2781,0.0012270000000000054,0.0011597952118025904,8.26594796862668e-05
1.279,0.0012278064280968387,0.0012772374966972823,8.278088160492923e-05
1.28,0.0012279999999999039,0.0011808801470664144,8.304221159606594e-05
1.281,0.0012280000000001845,0.0012843018165747933,8.346568916213461e-05
1.2819,0.0012282185398315307,0.0010882910937204848,8.390897613478642e-05
1.2829,0.001229999999999858,0.0012332587121540288,8.418804475864717e-05
1.2839,0.0012299999999999844,0.0011086250349555302,8.425740803676796e-05
1.2848,0.0012299999999999635,0.00126366384652294,8.409119520895092e-05
1.2858,0.0012299999999998508,0.0013250524281816886,8.37187379124086e-05
1.2868,0.0012299999999998749,0.0012944010700439294,8.336937585414474e-05
1.2878,0.0012308270243621578,0.0014166955810304498,8.325144760077072e-05
1.2887,0.0012310000000001998,0.0011149141034492351,8.335771034408765e-05
1.2897,0.0012319909240097338,0.0013862410210055782,8.350091817621332e-05
1.2907,0.001231740412753408,0.0011496201889314684,8.360382338852863e-05
1.2916,0.0012296902302111354,0.0012501775955610717,8.358478234408323e-05
1.2926,0.0012282935559357517,0.0012674950502846642,8.35415499437619e-05
1.2936,0.001230294862829683,0.0012137361079324486,8.357633854756944e-05
1.2945,0.0012320000000000612,0.0013412823122982346,8.362414957405072e-05
1.2955,0.0012427229168312155,0.0012428170882225976,8.360711254800385e-05
1.2965,0.0012382466045546413,0.0012203080428906323,8.357399547009066e-05
1.2974,0.0012347588142334479,0.0012383611648424686,8.358253172775518e-05
1.2984,0.001238590179686647,0.0012435325066789112,8.366856129304039e-05
1.2994,0.0012428543418589527,0.0012080706339807293,8.382443890041249e-05
1.3004,0.0012393508398450884,0.0011736970446066006,8.3971552950561e-05
1.3013,0.0012412005111938765,0.0012255820190164245,8.406854077913115e-05
1.3023,0.0012406440211655326,0.0012979769910233976,8.416142175344537e-05
1.3033,0.0012413407306973547,0.0013910559975223195,8.423702509424683e-05
1.3042,0.0012490187081096392,0.0012503153302737145,8.416054508982813e-05
1.3052,0.0012420994618359451,0.0011875065174333447,8.397178043079555e-05
1.3062,0.0012328791459419155,0.0012877326047341436,8.387762425359021e-05
1.3072,0.0012329190831282628,0.0012197946270565954,8.394283440175506e-05
1.3081,0.001234886200506689,0.0013454274171115948,8.412082453142438e-05
1.3091,0.0012380000000000292,0.0012877459152760503,8.439456921682633e-05
1.3101,0.0012375581791036166,0.0012613160529962087,8.48101826287476e-05
1.311,0.0012364920034384373,0.0013123636462521674,8.546413236342866e-05
1.312,0.0012403074146047455,0.0009870958575666053,8.621242643199012e-05
1.313,0.0012481819021446321,0.0011399535652721368,8.638575543302574e-05
1.3139,0.0012602174355891517,0.0012829489826906729,8.590474490532129e-05
1.3149,0.0012532633114687342,0.0012128652344450131,8.541195364745953e-05
1.3159,0.0012387429595981762,0.001256457220591702,8.501773753508119e-05
1.3168,0.001240403181245639,0.0013591576391654009,8.468159426538786e-05
1.3178,0.0012548414450377489,0.001423192509005593,8.453921374651902e-05
1.3188,0.0012592348118395514,0.001299768971108454,8.458013714354428e-05
1.3198,0.0012529338530105655,0.0011754795008536152,8.469488254269755e-05
1.3207,0.0012505832560371472,0.001178877819561968,8.477110876025248e-05
1.3217,0.0012507085071033852,0.0013495461825064948,8.471380632462187e-05
1.3227,0.0012472934346376674,0.0013190407552261306,8.458874005107225e-05
1.3236,0.0012477803660154258,0.0013902707098086594,8.452891286614628e-05
1.3246,0.0012577878994257865,0.001165980189455644,8.45678261629288e-05
1.3256,0.0012644853213574735,0.001204719954603671,8.466869000392308e-05
1.3266,0.0012669999999999845,0.0011721536571826419,8.484457822563509e-05
1.3275,0.0012669294978500255,0.0013043117398948657,8.519136596404706e-05
1.3285,0.0012667315765933886,0.0013697688465526003,8.566561641676746e-05
1.3295,0.0012809285181867248,0.0012545371773124594,8.59241094163484e-05
1.3304,0.0012973711854417538,0.0013527667036142116,8.580403643311952e-05
1.3314,0.001308761239314907,0.001261749454242349,8.561155295609293e-05
1.3324,0.0013213715267246767,0.001298400638617103,8.564790010727488e-05
1.3333,0.001334306296233497,0.0014039209077698182,8.578978929025161e-05
1.3343,0.0013125496574523882,0.001411707626064311,8.569394582822643e-05
1.3353,0.0012784121949147114,0.0013773299093062768,8.543759942495699e-05
1.3362,0.0012769419121362326,0.0011935740293688144,8.531732958392643e-05
1.3372,0.001290919174533032,0.0012511406008696463,8.540569363420454e-05
1.3382,0.0012919678336647587,0.0013141504937484096,8.566324094422084e-05
1.3392,0.0013233204429122976,0.0014069363627973144,8.589661658216375e-05
1.3401,0.0013784823453030673,0.0013906206519420012,8.591393660509502e-05
1.3411,0.0013787434940033486,0.0014199987796445768,8.579455612429534e-05
1.3421,0.0013177384704294453,0.0012314029051148296,8.570912340406532e-05
1.343,0.0012902054829169237,0.0013719683518647779,8.56893104402019e-05
1.344,0.001314350136863368,0.0014492172877863551,8.568149874061842e-05
1.345,0.0013315493659713992,0.0013362489084777231,8.566981454030547e-05
1.3459,0.0013487881534028246,0.0012307098578393997,8.566010225890011e-05
1.3469,0.0014322424145590037,0.0014851903590942092,8.565856780717951e-05
1.3479,0.001421978784800086,0.0013593834629515391,8.572708049759969e-05
1.3489,0.0013858270746203002,0.0013919131125825872,8.594173917755508e-05
1.3498,0.0013457199987270453,0.0014382863974307454,8.620382765552928e-05
1.3508,0.0013825137420167967,0.0013474994118904222,8.626481595830403e-05
1.3518,0.0014886110369914157,0.0016410269794639263,8.613603855139384e-05
1.3527,0.0015187303697849323,0.0015871460345788237,8.605029593312812e-05
1.3537,0.0015181309319237512,0.001534581985480799,8.607749474461813e-05
1.3547,0.001403333234052713,0.00127006692653208,8.620109581263228e-05
1.3557,0.0013429231200337087,0.0011876038382944696,8.63469591058064e-05
1.3566,0.0015227933427467374,0.0015884496078953814,8.639876829764558e-05
1.3576,0.0016461395147017973,0.001660585277630487,8.63658958735643e-05
1.3586,0.0013935225465726063,0.001418319688167995,8.636785898187201e-05
1.3595,0.0013591045533267903,0.001459244448121498,8.642504590943232e-05
1.3605,0.001355161806154314,0.0014618563712596121,8.65052787612167e-05
1.3615,0.0013682829967143666,0.001469266800580377,8.656124283131113e-05
1.3624,0.0013722240558229736,0.001166529500988921,8.661459085070981e-05
1.3634,0.0013720000000000635,0.0013510522078146064,8.667757803925303e-05
1.3644,0.0014167321800544349,0.0016006937699290676,8.674358839761234e-05
1.3654,0.0013931415069336802,0.0012430881669756376,8.6869535685078e-05
1.3663,0.0013131299005043548,0.0012939787403938366,8.714433739142017e-05
1.3673,0.0013513104596620932,0.0013441797852973526,8.762769214652463e-05
1.3683,0.0015194153143812375,0.0015227158410879098,8.811705830979152e-05
1.3692,0.001520477900720227,0.0013940596129951197,8.815572268724094e-05
1.3702,0.001405348981592264,0.0013980641414597817,8.783248002316206e-05
1.3712,0.0014340502685164641,0.0016704428085526073,8.76336320578121e-05
1.3721,0.0014935167894905457,0.0014102901194297717,8.760284647875411e-05
1.3731,0.0014252611238481491,0.001331339578350444,8.760521769062984e-05
1.3741,0.0013276933816027251,0.0013668572022146634,8.761438896964942e-05
1.3751,0.0013456649351967455,0.001520963714971901,8.76022762439307e-05
1.376,0.001388263023463315,0.0014456212155498453,8.756236572667591e-05
1.377,0.0014005906194485065,0.001560449017290062,8.752211447079232e-05
1.378,0.0013910612405590174,0.0014137709035247803,8.752167086795516e-05
1.3789,0.0013747004301379341,0.0012727754460035213,8.761296344575606e-05
1.3799,0.0013554422783991608,0.0013374782121062941,8.783129592581974e-05
1.3809,0.0013484714395179803,0.0013671511526103003,8.816002912072296e-05
1.3818,0.0013497358895303284,0.0012414024009358357,8.842885145345058e-05
1.3828,0.0013460170262799705,0.0014034545765856743,8.840637881335982e-05
1.3838,0.0013544978709297837,0.0014757731235241,8.819152356102706e-05
1.3848,0.0013997597692398372,0.0014512810861734052,8.805986483416974e-05
1.3857,0.0014298395081087745,0.0014241756810072954,8.807231144265359e-05
1.3867,0.0014111229403328779,0.0012616528357136283,8.815578985668482e-05
1.3877,0.001382868860542033,0.0013283261555941627,8.826007380030136e-05
1.3886,0.0013701162478504689,0.0012635599220941023,8.835356568538833e-05
1.3896,0.0013617536791582204,0.0014176777991006435,8.841960023060224e-05
1.3906,0.0013537815918630183,0.0013450655530830543,8.845485042520269e-05
1.3915,0.001348432823546202,0.001399021221805022,8.849108417595206e-05
1.3925,0.0013617857152789332,0.0011991107974244485,8.860103602941772e-05
1.3935,0.0013739081152653531,0.0012650945994667811,8.88256231884545e-05
1.3944,0.0013624168486714786,0.0014108043901555458,8.909584765486115e-05
1.3954,0.0013579597519721288,0.0013528770815813506,8.930347913833278e-05
1.3964,0.001380314715513498,0.0014193040236700673,8.942105360411017e-05
1.3974,0.0013965256953493935,0.0014349548074664422,8.948228299209118e-05
1.3983,0.0014229316220817005,0.0013764758172633812,8.954627837655754e-05
1.3993,0.0014995971945238767,0.0016038294116099147,8.968420641014554e-05
1.4003,0.0014440842854492077,0.0014738622596676338,8.985513616255836e-05
1.4012,0.0014246140761493904,0.0012815322782254843,8.992597583995386e-05
1.4022,0.0013902610458356945,0.0014668557512984822,8.984073756253151e-05
1.4032,0.0013657073929162235,0.001533259716215584,8.967315735959162e-05
1.4042,0.0014017200527148604,0.0015154780908808445,8.955449655052709e-05
1.4051,0.0014879818892683742,0.0014074638546583823,8.962039890151237e-05
1.4061,0.001533000000000001,0.001632042647369286,8.985274555760153e-05
1.4071,0.0014923419885308346,0.001598430462627345,9.003936459686145e-05
1.408,0.0013957882130071534,0.0014818578171741992,9.003387267221374e-05
1.409,0.0013646811824616233,0.001145742052184334,8.994728159679521e-05
1.41,0.0013581437740890522,0.0013135064505975275,9.005425670613931e-05
1.4109,0.0013500227605781426,0.0012664274425190243,9.050010582900152e-05
1.4119,0.0013683356590923018,0.001404434545335057,9.108615711398002e-05
1.4129,0.0014896306483241294,0.0013889498920807062,9.141369443835552e-05
1.4139,0.0016014638161712458,0.0018012536290839287,9.151848292905844e-05
1.4148,0.0016027646124803017,0.0015378975565405835,9.176461765501682e-05
1.4158,0.0015301477575540938,0.0015301733575091502,9.21001455438384e-05
1.4168,0.0014210763953346312,0.001503233268727147,9.214441280612667e-05
1.4177,0.001421667491040633,0.0014350605631665177,9.192856124740516e-05
1.4187,0.0014725319243064814,0.001592674693665647,9.167230865554452e-05
1.4197,0.0015523080172180567,0.0016053856495454584,9.14662948025034e-05
1.4206,0.0016451110617217866,0.0016773111251615366,9.14164474914982e-05
1.4216,0.0017005971354873358,0.001576538740718942,9.172943089954616e-05
1.4226,0.0016778079949076531,0.0016783790541150996,9.266599703127017e-05
1.4236,0.0015585275030113976,0.0014857604924642226,9.379473971418742e-05
1.4245,0.0013997664707331768,0.0016075919842355958,9.394034525794162e-05
1.4255,0.0013444023852859771,0.001141419309041718,9.311722142301145e-05
1.4265,0.0013254687447602955,0.0013540719971930951,9.24508382197377e-05
1.4274,0.0013132776764835478,0.0012858386300176486,9.230282311365663e-05
1.4284,0.0013035463355549138,0.0013743665614317914,9.247929451282485e-05
1.4294,0.0012965646213538838,0.0013155065313255356,9.283578956072422e-05
1.4303,0.001306104716689783,0.0011540700887445773,9.3062297370007e-05
1.4313,0.0013321015325212225,0.0011317140727853182,9.286296506844219e-05
1.4323,0.0013628204503238772,0.001310878465880825,9.246580173402525e-05
1.4332,0.0013821924887810904,0.0013094078013613675,9.213735355499087e-05
1.4342,0.0013636129373884576,0.001353376320031048,9.210668931050592e-05
1.4352,0.0013291157184679638,0.0014191777421487916,9.230092411723598e-05
1.4362,0.0013495031827001306,0.001404487771024488,9.248705867354252e-05
1.4371,0.0014004917997477776,0.0014170940435416066,9.259071210726307e-05
1.4381,0.0014686106958052066,0.0012671340701723938,9.275675470536167e-05
1.4391,0.001531978696818801,0.0016797665404710681,9.31110259634656e-05
1.44,0.0014872405330858876,0.0013288477638403536,9.355403966116284e-05
1.441,0.001344914065280629,0.0013272691961952055,9.386031328996785e-05
1.442,0.0013118822127289906,0.0013406808979042858,9.40111879506162e-05
1.4429,0.0013033289603579861,0.0012731011976539514,9.419797484589593e-05
1.4439,0.0012997620704406272,0.0013666889940442384,9.433408810491894e-05
1.4449,0.0013176299268162618,0.0014998101369002304,9.416979325340575e-05
1.4459,0.0013466368121796846,0.001388864049931265,9.386164269119265e-05
1.4468,0.001342035373991902,0.0012220781491275024,9.356896676453202e-05
1.4478,0.0013337532210556029,0.0013670809937094232,9.344681943233061e-05
1.4488,0.001378288781550511,0.001432415996567931,9.35354757735945e-05
1.4497,0.0014401321423473654,0.0014323131015841074,9.356620913445749e-05
1.4507,0.0014003982582005716,0.0012342932164451834,9.343933924175488e-05
1.4517,0.0013586976990752784,0.0015174904104923853,9.327785991764582e-05
1.4527,0.001348012298505961,0.0014920558719883452,9.328888235004907e-05
1.4536,0.0013474771204276203,0.0012327297324406386,9.364310943757655e-05
1.4546,0.0014026238685643311,0.0015349384073261036,9.421763892020694e-05
1.4556,0.0014675186214576357,0.001666298890227444,9.45649720506163e-05
1.4565,0.0015018481270825865,0.001553472283793078,9.447109701187198e-05
1.4575,0.0014446006081921359,0.0012512977327909511,9.42159780362559e-05
1.4585,0.0013873900355728462,0.0013646342955680728,9.405141553024178e-05
1.4594,0.0013353304018702658,0.0013443543352943425,9.400805822045577e-05
1.4604,0.0013036882114714138,0.0011863935032691488,9.415406550369804e-05
1.4614,0.0012848354069528861,0.0012854904126051252,9.45319602512846e-05
1.4624,0.0012692189820585537,0.001348283253686878,9.48699729400906e-05
1.4633,0.001262980673005734,0.0012826671544243886,9.498805557899004e-05
1.4643,0.0012587515424584584,0.0010103983827037609,9.515687538653257e-05
1.4653,0.0012589509839989338,0.0012618756135341794,9.548800211754195e-05
1.4662,0.0012629043010807378,0.0012235835265069525,9.553277940627832e-05
1.4672,0.0012687242460283977,0.0013078846688093946,9.50709541874847e-05
1.4682,0.0013077867545299208,0.0013256547010251339,9.46185253163531e-05
1.4691,0.00139817303209587,0.0014625259438486018,9.482396729501858e-05
1.4701,0.0014287463803388436,0.0011947358396767137,9.5787020473865e-05
1.4711,0.001402770894678483,0.0013129393490832425,9.680392766147186e-05
1.4721,0.0013257747489738739,0.0013129916925596152,9.706282448458641e-05
1.473,0.0012656425124027927,0.0013642962121736607,9.658787049492526e-05
1.474,0.0012564304196436638,0.0012355514145232138,9.609576438555558e-05
1.475,0.0012799220368596295,0.00155905095427324,9.599328377530592e-05
1.4759,0.0012976093717502084,0.001328769968581052,9.603055118982088e-05
1.4769,0.0012809623310493102,0.0012247438928591633,9.587266145460286e-05
1.4779,0.0013113671975450265,0.0014879205781626094,9.55151125906642e-05
1.4788,0.0014162940445119497,0.001404736002615565,9.515775418886456e-05
1.4798,0.0015641758278432782,0.0017160797458363863,9.497768300314721e-05
1.4808,0.0016157761338653623,0.0016897089374602523,9.511694954540623e-05
1.4818,0.0015971556239378116,0.0014603187120329295,9.554935851171892e-05
1.4827,0.001499731725542986,0.0015881995509736985,9.602387320674641e-05
1.4837,0.0013517734802524183,0.0014389719632685563,9.638075487788252e-05
1.4847,0.0012682842859950074,0.0012450719398029513,9.691128975257395e-05
1.4856,0.0012513280790499052,0.0012911534429875236,9.820425823593693e-05
1.4866,0.001246536344610769,0.0011910495821450288,0.00010069789118454526
1.4876,0.0013001908254524908,0.0015329418260204824,0.00010343846501287232
1.4885,0.0014007356696855546,0.0012669693101469222,0.00010371089903282987
1.4895,0.0014036894949737311,0.0013088410316713958,0.0001012787295197464
1.4905,0.001301601552315873,0.0012506521975954468,9.890760758327591e-05
1.4914,0.001254184400762665,0.0012989805469116426,9.74429343634845e-05
1.4924,0.0012409496577743765,0.001132699374837849,9.651229590102131e-05
1.4934,0.001241897443471486,0.0012492996132624963,9.616620579336496e-05
1.4944,0.0012597727123077438,0.0014703884398449135,9.652651671582e-05
1.4953,0.0013505487264230118,0.0013595753201507948,9.725435491289495e-05
1.4963,0.0013263615833533967,0.0013032806822176734,9.758719404639556e-05
1.4973,0.0012544632791512283,0.0012441156101677556,9.727294202572324e-05
1.4982,0.0012392439371424816,0.0013271312930337275,9.694996456931825e-05
1.4992,0.0012443210919668914,0.0013145598555217657,9.704047075185956e-05
1.5002,0.0012497700828603344,0.0012378974800466719,9.792147837539159e-05
1.5012,0.0012509999999999887,0.001277835943804113,0.00010014212982742377
1.5021,0.0012509999999999648,0.0012628634004055966,0.00010336563454228806
1.5031,0.0012430451642798073,0.0011551273594116414,0.00010573619419526397
1.5041,0.0012385328705945692,0.001343953376487858,0.00010564764187065128
1.505,0.0012522900797901253,0.0011248001991911566,0.00010390210241118219
1.506,0.001343866974085502,0.0014763916762736515,0.00010166831509040475
1.507,0.0014388513105733952,0.0013639855805824548,9.966314831151701e-05
1.5079,0.0014439317453881799,0.0013227451568136443,9.844854312909574e-05
1.5089,0.0014302111588479604,0.0012570676467229336,9.809065670455936e-05
1.5099,0.0014087637527049409,0.0012660359676458389,9.808913285778414e-05
1.5109,0.0013837056341844856,0.0014354566202626922,9.79716128828158e-05
1.5118,0.0013557409788231708,0.0013496673884886253,9.781993633382271e-05
1.5128,0.0013209243588632963,0.0013427225639982643,9.777070076787649e-05
1.5138,0.0012865943344480722,0.001286209070826726,9.781716479689758e-05
1.5147,0.0012451449069325173,0.0012068197131595974,9.825205861297295e-05
1.5157,0.0012329715855018395,0.0013031815649727854,9.927665882720029e-05
1.5167,0.0012305181897800462,0.0011866418413539186,0.00010006891618428053
1.5176,0.0012294936751885875,0.0012182717114565438,0.00010013883388143032
1.5186,0.00122964463215253,0.0014633252589837697,9.975458639339563e-05
1.5196,0.0012307836375399588,0.0011818525048879033,9.939828946974529e-05
1.5206,0.001234690028614193,0.0012782157563995568,9.955898663293086e-05
1.5215,0.001237842795274138,0.001209100721521797,0.00010024376065895841
1.5225,0.0012439134947133319,0.0013144731368519122,0.00010062169761686418
1.5235,0.0012416539931590484,0.001304550827947614,0.0001001246735693011
1.5244,0.0012360022970213942,0.0011282035819460963,9.94499475917825e-05
1.5254,0.001232611568868057,0.001251853883752537,9.921874253808648e-05
1.5264,0.0012320000000000343,0.0012098591304476926,9.930563160964173e-05
1.5273,0.0012320000000001052,0.0013285940492678608,9.935045633597265e-05
1.5283,0.0012333805169038707,0.0012862494670706451,9.936180649862667e-05
1.5293,0.0012422912806552226,0.001341888112404846,9.950109151788756e-05
1.5302,0.0012422915613265442,0.0011435160289423383,9.966905539751215e-05
1.5312,0.001232067752759953,0.0012003711549301356,9.990759156262016e-05
1.5322,0.0012299999999999828,0.001129295315829827,0.0001002788971817516
1.5332,0.001230269960772576,0.0011397968240640685,0.00010071642872951946
1.5341,0.0012312950520439443,0.001230387999673981,0.00010088552267785737
1.5351,0.0012319999999999428,0.001044562250928329,0.00010046741757680346
1.5361,0.0012388751245381389,0.0012267614908265554,9.999159424098864e-05
1.537,0.0012667195366097758,0.0013380434330721544,0.00010021180595514589
1.538,0.0013048175377352836,0.0013308939331620126,0.00010148516050728763
1.539,0.0013453659114965272,0.0013597205074527706,0.00010334385678033029
1.5399,0.0013634956479342609,0.001293733290200093,0.00010417029367266663
1.5409,0.001374883854251218,0.0014135018680752037,0.00010300615104315212
1.5419,0.0013560233393333598,0.0013403335885602277,0.00010128976919805421
1.5429,0.0012681201428737523,0.0013987529205876455,0.0001002179202192389
1.5438,0.001236297287152394,0.0012755961255582554,9.965733838838473e-05
1.5448,0.0012387545754817485,0.001230366397490372,9.948892660574704e-05
1.5458,0.001262315691971947,0.0013623433756286894,9.967833730125864e-05
1.5467,0.0012665649115838947,0.0012728245693221659,0.0001000317082788049
1.5477,0.0012473675200686738,0.0009994941817974953,0.00010040824038124912
1.5487,0.0012347177959867461,0.0012559892340931079,0.00010087053553830175
1.5497,0.0012361185005551432,0.0013990981296821256,0.00010138880844827123
1.5506,0.0012378313169022894,0.0010702670793911208,0.00010156667544270175
1.5516,0.0012346607330250762,0.0011621082316395383,0.00010124820648404783
1.5526,0.001229276391056447,0.0012723932283879606,0.00010090430668771678
1.5535,0.0012283861688687522,0.0012289334146018626,0.00010084685163056077
1.5545,0.0012311001539296988,0.0013175765452402438,0.00010096714579557858
1.5555,0.00124030448256642,0.0011700803827093937,0.00010110602174983519
1.5564,0.0012405550031640304,0.0012073461656237324,0.00010133264648855411
1.5574,0.0012323834978435618,0.0012241146348023005,0.00010175431182787876
1.5584,0.0012281023864311753,0.001389486684749165,0.00010221919309808996
1.5594,0.0012292094816063956,0.0013162318143489344,0.00010238949604243679
1.5603,0.0012312596641488056,0.00127107775219807,0.00010224805929426674
1.5613,0.001233000000000169,0.001069311897805588,0.00010224405382315116
1.5623,0.0012330000000001517,0.0012248477791900396,0.00010255031966831652
1.5632,0.0012334316593944057,0.0011644537295064207,0.00010276541516943028
1.5642,0.0012345706647816292,0.001243566296003241,0.00010244335597713073
1.5652,0.0012378381375811047,0.0011673915226581228,0.00010189363467687603
1.5661,0.001234592246001308,0.001167267809911303,0.0001017019983357247
1.5671,0.0012303791068388158,0.0013053566374817787,0.00010194238539165515
1.5681,0.00123001136171529,0.0012418084866161758,0.00010243336554417798
1.5691,0.001230999999999797,0.0010976843557593107,0.00010278832792989206
1.57,0.001231350916747282,0.0012229244743135815,0.0001027014255904417
1.571,0.0012333143279873865,0.0011660643936704652,0.00010240778595712285
1.572,0.0012349066667491824,0.0011689948034632807,0.00010241154916761646
1.5729,0.0012359999999999747,0.0011917922586528703,0.00010307793070929212
1.5739,0.0012366161553073439,0.0011649261134317624,0.00010466790321979185
1.5749,0.0012604099815300277,0.0014169166027354933,0.00010667190805922284
1.5758,0.0012898432533767585,0.0013296421384097884,0.00010847403635754095
1.5768,0.0012528012857718875,0.0013230349711822302,0.00010910434474386403
1.5778,0.0012339430119855327,0.0012930167022249372,0.00010776286883556129
1.5788,0.0012341751457683788,0.001299721657181826,0.00010577446417684793
1.5797,0.001242756131287359,0.0012766500799694723,0.00010481959064003868
1.5807,0.0012506006857017648,0.0011071484512537775,0.00010511777959073866
1.5817,0.0012414988239001078,0.0011501255030049863,0.00010596291271777885
1.5826,0.0012488031487665136,0.0011273849535497955,0.0001063434353120573
1.5836,0.0012477204023289812,0.0013100619548321011,0.00010601319574755676
1.5846,0.0012399967438996417,0.001388965077082064,0.00010546923311957601
1.5855,0.0012423029699651944,0.0013692671312270023,0.00010541092994511643
1.5865,0.0012333525212141242,0.0012008412976984213,0.00010640933676963058
1.5875,0.0012459664926106051,0.0012429762479667936,0.00010838321887502529
1.5884,0.0012590453358521738,0.001255115868032136,0.00011035371859439424
1.5894,0.001231733424801521,0.0012114219543489075,0.00011080133338825512
1.5904,0.0012309999999997989,0.0013379417779000608,0.00010937428480874206
1.5914,0.0012315444501994708,0.001285461440123906,0.0001073030797440649
1.5923,0.0012342755741123694,0.001263476178463635,0.00010554381896555054
1.5933,0.0012374145442640466,0.0014168579164150065,0.00010454915980638036
1.5943,0.001233768612403282,0.001186026139124251,0.00010432985492179233
1.5952,0.001231257533966384,0.0012466867160938577,0.00010454280510208529
1.5962,0.001232020476808311,0.001116386900667818,0.00010476707611072908
1.5972,0.001234745370016598,0.0012440792344854668,0.00010475930052964244
1.5982,0.0012395739489058939,0.0012708070180252645,0.00010474134525873683
1.5991,0.0012413120657240972,0.0011370391690751975,0.00010499389728511065
1.6001,0.001242451071111366,0.0013668572471200516,0.00010546604785311968
1.6011,0.0012465396443498821,0.0011852733643695189,0.00010582394482835295
1.602,0.0012557653519580322,0.0011468277936973862,0.00010572594782547663
1.603,0.0012712976932201727,0.0012608295210386094,0.00010537822120943165
1.604,0.0012750000000000567,0.001151689875180837,0.00010514248275264047
1.6049,0.0012750000000002718,0.0012439780934587275,0.0001051120206840562
1.6059,0.0012754413529659397,0.00129711872246259,0.00010541315927126957
1.6069,0.0012644438977898432,0.001085311065326268,0.00010604702771167772
1.6079,0.0012609934067693324,0.0013553750310168614,0.00010648477503280344
1.6088,0.0012698615361867768,0.0011828614890783294,0.00010639335822618408
1.6098,0.0012978418353000495,0.001310349965499884,0.0001061572010542845
1.6108,0.0013559561863335612,0.00147332419610042,0.00010615186491183538
1.6117,0.0013495736681824434,0.0015138769224732143,0.00010634076636028269
1.6127,0.0013008607938763482,0.0011578554654380281,0.00010657802820832616
1.6137,0.0012610659866419862,0.0013716212608844381,0.0001071984532471996
1.6146,0.0012628493993668288,0.0012586775763239715,0.00010856688254172118
1.6156,0.001270709486602907,0.0013667546367595509,0.00010965149446692433
1.6166,0.001281326491092886,0.0014440797848944897,0.00010927680472032988
1.6176,0.001302575975923824,0.0013958639052160738,0.00010862086926463454
1.6185,0.0013234668335272374,0.001390854098520614,0.0001088691825493727
1.6195,0.00134196406729839,0.0011695187013576838,0.00010951578726088509
1.6205,0.00135585374814765,0.0015259782623216786,0.00010947068835196913
1.6214,0.0013698860834941763,0.0015245060434463775,0.00010855981041525957
1.6224,0.0013858186979847323,0.001361004989117413,0.0001076705739781246
1.6234,0.001403726157916001,0.0016517932868251597,0.00010721630489599423
1.6243,0.0014198963101676744,0.001483296020797592,0.00010710046065075258
1.6253,0.0014050892401326885,0.0014573972530783814,0.00010699950397370544
1.6263,0.0013905697862976166,0.001226997963825965,0.00010683393271244824
1.6272,0.0013804470566626612,0.0014269726989559652,0.00010676109482891202
1.6282,0.001374755955759211,0.0016377303973854264,0.00010690888892888143
1.6292,0.0013690616076910396,0.0014337599048614366,0.00010730405409169147
1.6302,0.001357553109961845,0.0013894957665632921,0.00010784191343763167
1.6311,0.0013449786985568442,0.001392858805188761,0.00010835918354536192
1.6321,0.0013322029079272523,0.0014708431650399144,0.0001087040630927117
1.6331,0.0013475417122112826,0.0014798011154877851,0.00010875616755474791
1.634,0.0013669623999975795,0.0014264348335676837,0.00010867242447787
1.635,0.0013834225838386374,0.001433057208261946,0.00010873463281838367
1.636,0.0013796740902355603,0.0013893711930032836,0.00010914104137448842
1.6369,0.0013755742682452765,0.0013629418604637381,0.0001100045699726546
1.6379,0.0013680512531267634,0.0014976430484032602,0.000111166392619178
1.6389,0.001356033647628451,0.0013493562147560718,0.00011194754937225581
1.6399,0.0013435060818788795,0.0012807402109397481,0.00011207267802614198
1.6408,0.0013784714853553373,0.0014047851682890587,0.00011171367340593124
1.6418,0.0014479213461212933,0.0014092747146260264,0.00011093739711720525
1.6428,0.0015169659305215807,0.0017895400241744314,0.00011009745515173485
1.6437,0.001471667120531623,0.0011638211631414589,0.00010965332579785338
1.6447,0.001389047410343735,0.0014448641101830082,0.00010963999375307633
1.6457,0.0013308376086328545,0.0012425844066553317,0.00010992812257235356
1.6467,0.0013210638934158536,0.0012547727895112243,0.00011047900379982344
1.6476,0.00132516179631802,0.0011908408949360023,0.0001110533486071452
1.6486,0.0013256424094268394,0.0013930172827378944,0.00011130243386915569
1.6496,0.0013217287973043479,0.0014223050624503834,0.00011113210720165718
1.6505,0.0013269002436157933,0.0013586324020296737,0.00011083441374291186
1.6515,0.001335854092469879,0.001616308844235611,0.00011082486266144312
1.6525,0.0013576188866416734,0.0013710617321161613,0.00011120639269163452
1.6534,0.0013855904184050748,0.0014653211729331779,0.0001117101625804774
1.6544,0.0013881938669123232,0.0013250017432058032,0.00011195333176086092
1.6554,0.0013612803318829895,0.0012668851936322879,0.00011179189495001054
1.6564,0.0013367707224088195,0.0013330088763130394,0.00011152745965152902
1.6573,0.0013215552336221397,0.0013423039677498512,0.0001113958243820647
1.6583,0.00130975578414123,0.0012858251429651193,0.0001113794523975368
1.6593,0.0013000936704041072,0.0013387192309954666,0.00011136748831244826
1.6602,0.001304330294824073,0.0013371926680003337,0.00011136131195291529
1.6612,0.0013133834300116853,0.0012998622515762762,0.00011150616683253052
1.6622,0.0013265017950168723,0.0012380365653450504,0.00011184804176241486
1.6631,0.0013247608391624961,0.0013570883140498957,0.00011227705623664389
1.6641,0.0013296460758894294,0.0013370562923660566,0.00011265061561318433
1.6651,0.0013381489327067386,0.001284996297110874,0.00011295459354559366
1.6661,0.0013512850821460055,0.0010433934924212818,0.00011326036615988286
1.667,0.0013642183588502069,0.0013193612030467864,0.00011337608442123754
1.668,0.001379782434213851,0.0016133854913872184,0.00011336925726927262
1.669,0.0013975426799801142,0.0013319103357189769,0.00011335017444072184
1.6699,0.001414875840936389,0.0014314841568631577,0.00011348993776068125
1.6709,0.0014228542432329022,0.001316504196891061,0.0001138713426128232
1.6719,0.001420576714560138,0.0013622646441064975,0.00011430310710794847
1.6728,0.0014189999999999518,0.0013467920708765747,0.00011452055519464134
1.6738,0.0014201241171104251,0.0014364770015555376,0.00011465946023793106
1.6748,0.0014235411332723736,0.0014592365349617197,0.00011505145511367362
1.6758,0.00142565258070455,0.0014333443713451465,0.00011541313624356277
1.6767,0.0014144795764149103,0.0014164904160529,0.00011535651965218006
1.6777,0.0013951322795014963,0.0014155890569874834,0.00011503253094105283
1.6787,0.0013767294716107378,0.0014820125308148305,0.00011485898023488647
1.6796,0.0013681640056358744,0.0013058458186678372,0.00011507359979967657
1.6806,0.0013611704672203202,0.0014277508635468252,0.00011560497585517382
1.6816,0.0013586032401499359,0.0011494270860298035,0.00011612601314564516
1.6825,0.0013757714612523996,0.0013224380075284436,0.00011623535149564225
1.6835,0.0014030879680659955,0.001421887740782381,0.00011591878964216268
1.6845,0.0014304208387926796,0.0014119408264040136,0.00011554274000308867
1.6854,0.0014550230293013924,0.0013076068105509749,0.00011537505077533028
1.6864,0.0014823591585962706,0.0014995958860086088,0.00011548311978757102
1.6874,0.001496750683338434,0.0015253306243448305,0.0001157560614876536
1.6884,0.0014609987300273704,0.0017164890847826521,0.0001160268236461689
1.6893,0.0014231253562615052,0.0014867802620471217,0.0001162147589414458
1.6903,0.0013868680622909017,0.0014512988995263,0.00011630813462806259
1.6913,0.0013717579916604167,0.0014740078268837484,0.00011621531396435846
1.6922,0.0013577414211059819,0.001277837289331442,0.00011595960950385924
1.6932,0.0013499316450566324,0.001210693460338641,0.0001157914099966143
1.6942,0.0013552337954096222,0.0013048373711528085,0.00011586058213826472
1.6952,0.0013639495802338934,0.0014248259675864574,0.00011614806258232573
1.6961,0.0013783006208068045,0.0011651824345719542,0.0001165586702826627
1.6971,0.0014056026488806345,0.001333588618417029,0.00011700225433480841
1.6981,0.0014357739224357283,0.0013463137879279332,0.0001175099348916242
1.699,0.001449952132509599,0.0015620613818402313,0.00011825553124897546
1.7,0.00141713059778596,0.0011382495681163773,0.00011923639350670757
1.701,0.001385242248604642,0.0013880007338969201,0.00011985372469354162
1.7019,0.0013711094063169147,0.0016061180871261714,0.00011955708345880242
1.7029,0.0013861920740954067,0.0013489057018226682,0.00011874967980510182
1.7039,0.0014044050950591603,0.0011911905615682328,0.00011816889557678139
1.7049,0.0014123679714854662,0.0014561976088044463,0.00011808413427705935
1.7058,0.0014097423396014267,0.0012509901475791258,0.00011848865372249997
1.7068,0.0014042335764332715,0.0014571163141682809,0.00011908781486370702
1.7078,0.0013981796396644684,0.001403555845608299,0.00011973984784460121
1.7087,0.0013889550401864764,0.0010988625251705615,0.00012078916548879886
1.7097,0.001378959103734071,0.0013697490567157395,0.0001229457540189988
1.7107,0.001367088238692177,0.0011646700828494613,0.00012552324250682118
1.7116,0.001351294833311392,0.0014761816539578406,0.00012584888284591767
1.7126,0.001334195792344543,0.001412729880762005,0.0001235675687449779
1.7136,0.0013335675579235354,0.0012563224690350014,0.00012141386448973003
1.7146,0.0013585399875598212,0.0015752638964156643,0.00012066764730468315
1.7155,0.0013887971687577942,0.0015767533095124603,0.00012090871823906516
1.7165,0.001409981487213304,0.0013446932038150895,0.00012123014432263516
1.7175,0.001386109898537798,0.0013073992931727338,0.00012107629631214556
1.7184,0.0013647653410960774,0.0014448863856846182,0.00012080712648754078
1.7194,0.0013464963083376098,0.0015384985813446177,0.0001208853289560066
1.7204,0.0013412415682154612,0.0012616284764942047,0.00012123724217101441
1.7213,0.0013371412031307737,0.0013535931550658971,0.00012149580423947021
1.7223,0.001331984911019054,0.0011890580696932466,0.00012161796584917486
1.7233,0.0013240685178718219,0.0012641834554603536,0.00012175684258355931
1.7242,0.0013197004203883377,0.0013554790620337088,0.00012182273351374897
1.7252,0.001351599149282538,0.001371684235490891,0.0001218778311936311
1.7262,0.0013710868722919185,0.001258259476040311,0.0001221292232698752
1.7272,0.0014260759049242232,0.0015209075980814372,0.00012252134579113135
1.7281,0.0014670627540554321,0.0013788651060277655,0.0001228151273538473
1.7291,0.0014381508456776165,0.0015085768468447796,0.0001229563821581654
1.7301,0.0013930758644312034,0.0013810020196674793,0.00012323249304255194
1.731,0.001365347153857002,0.0011916631781336096,0.00012412420868375363
1.732,0.0013774758539046204,0.0013404837989953527,0.0001260652276744876
1.733,0.0014116191144820447,0.0013220828232734542,0.0001280863245151103
1.7339,0.0014439845460095318,0.001371467782559959,0.00012813945530280386
1.7349,0.00144619591019956,0.0012887560680392308,0.0001268262386266798
1.7359,0.0014394598329756283,0.0014002656984733334,0.00012590287343754297
1.7369,0.0014310277184235466,0.001572679189442353,0.00012554267226944378
1.7378,0.001415943004599448,0.0013778858691381383,0.0001252955163088448
1.7388,0.0013935547520109663,0.0013995718872642654,0.00012515522252601457
1.7398,0.001381469275229089,0.001419513689648537,0.00012534966827745748
1.7407,0.0013765534716630588,0.0014802026080763012,0.00012575813363185207
1.7417,0.001370915535711809,0.001338131837393787,0.00012586923329790053
1.7427,0.001369167257410846,0.0012554413870183116,0.00012559784503682087
1.7437,0.0013660853275655434,0.0012492603748139452,0.00012528745024283886
1.7446,0.0013610167562532226,0.0012873324469997408,0.00012555257787629385
1.7456,0.0013570000000001129,0.0013958147317314064,0.00012666206879093265
1.7466,0.001364686665007143,0.0012488126493011861,0.00012800264502437354
1.7475,0.0013936750177549492,0.0015337213221967587,0.00012814861039064178
1.7485,0.0014266830248039458,0.0014303732509397557,0.00012691856915426523
1.7495,0.001453374319263481,0.0014715268392138834,0.00012582106759152737
1.7504,0.0014670130656771114,0.0015129448644591614,0.00012549725700747416
1.7514,0.001479143431504818,0.001505355242680945,0.00012556469943378475
1.7524,0.0014881482188688008,0.0012842251559702102,0.00012568447083536054
1.7534,0.0014798295199627792,0.0014678839733987352,0.0001258074704941736
1.7543,0.0014696207465257451,0.0015159028255339903,0.00012598133293915744
1.7553,0.0014581016854044674,0.0013221045460868434,0.00012619100545777472
1.7563,0.0014392397430350045,0.0013263472372749363,0.00012638762791412702
1.7572,0.0014204504542257878,0.0013135103950872528,0.0001265722713913227
1.7582,0.0014017213642320324,0.0013375612536416558,0.00012682709939338305
1.7592,0.0014043276239364716,0.0012310162924672721,0.00012725925251115148
1.7601,0.0014203509258713086,0.0013571055048830312,0.0001280211359770987
1.7611,0.0014377890738137117,0.0013638904491354716,0.00012908156270716683
1.7621,0.0014446992314714967,0.0014263580263476068,0.00012969218644040114
1.7631,0.0014418119770909451,0.0012537773272619426,0.00012932079851958592
1.764,0.0014384734065548436,0.0014171509391382577,0.00012870737158478794
1.765,0.0014246144980516165,0.0012621609153461598,0.0001284197698989339
1.766,0.0013835682204469538,0.0013481063681558074,0.000128364416143626
1.7669,0.0013580940392739372,0.0013079878893907375,0.00012853284834410416
1.7679,0.001347768008356951,0.001580494207599762,0.00012889170328022907
1.7689,0.0013359903852597772,0.0011523585976280777,0.00012924806252247528
1.7698,0.0013389242339252622,0.0011868079195737282,0.0001295868740356647
1.7708,0.0013528085741377298,0.001014089600864803,0.00013011566982415324
1.7718,0.0013812017225121257,0.0013150982770661684,0.0001308487903834043
1.7728,0.001414244944857026,0.0015544042943557465,0.00013121082024670483
1.7737,0.0014413997682993034,0.0012817162863710812,0.000130812361412032
1.7747,0.001433109540517915,0.0015633975138529754,0.00013026669891408769
1.7757,0.0013879658870739877,0.0015465074510893474,0.00013007059568605675
1.7766,0.001348859772241143,0.0014525380148544757,0.00013010175322624386
1.7776,0.001325127133262011,0.0010236521219343295,0.00013019126724323293
1.7786,0.001328703667364881,0.0013924862105912192,0.00013035611470850605
1.7795,0.0013442848944522582,0.0014702126262233915,0.0001305041743356609
1.7805,0.0013647869914235576,0.0015597598870608414,0.00013073074712854202
1.7815,0.0013409363012291768,0.0012313605594096244,0.0001311385985038272
1.7824,0.0013371229079054755,0.0013949088181170045,0.00013171433747924524
1.7834,0.001338926705605949,0.0013529848414163743,0.0001323388814837786
1.7844,0.0013292337198105482,0.0012693522428004088,0.0001328059830285691
1.7854,0.0013130621538010737,0.0012629437677325961,0.000132769392771364
1.7863,0.001299737732333312,0.0012896921164808931,0.0001322872519364895
1.7873,0.001309740327255711,0.00134033618406642,0.00013179919999432412
1.7883,0.0013465504651949999,0.0015788318333147104,0.00013147221111589207
1.7892,0.0013894757695644795,0.0013860776739033547,0.0001313056113885246
1.7902,0.001431289096163213,0.0013453224860289635,0.00013136234837994002
1.7912,0.0014226306940481638,0.0013910173739275465,0.000131676324643438
1.7922,0.0014161992296167956,0.0014363021516071192,0.00013215701681634494
1.7931,0.0014103075249048407,0.0013599881874219338,0.0001326170788801632
1.7941,0.0013962760819455525,0.0015936586448502595,0.00013283894040274597
1.7951,0.001382977520745041,0.0010246570500633506,0.00013278173260932298
1.796,0.00137272660803321,0.0017027427942907349,0.0001327830169581988
1.797,0.0013733307566718576,0.0015802752661272916,0.00013307046112722866
1.798,0.0013824343851239589,0.0011982780310117946,0.00013352793939651968
1.7989,0.0013906333321330327,0.0010870806131152463,0.00013394931573728366
1.7999,0.0013900636561922557,0.0015727786294031701,0.00013433658184101364
1.8009,0.001364538045096783,0.001038739197596079,0.00013492145527299742
1.8019,0.0013385931262645011,0.0014957644440398935,0.00013587809981865237
1.8028,0.0013201100054330776,0.0014715225676882825,0.00013682679271608653
1.8038,0.0013154088688374264,0.0012436897642301805,0.00013691329767447901
1.8048,0.0013170957484494768,0.0014801257836261114,0.0001360863414395082
1.8057,0.001319145659444567,0.0011802262558938599,0.00013527963014617786
1.8067,0.0013235591755477514,0.0015312379508835331,0.00013505663545193894
1.8077,0.0013292493626635119,0.0013390508267512968,0.0001353045617911305
1.8086,0.001335247942253307,0.001197359693295361,0.00013579582075732346
1.8096,0.001339959012711501,0.001384546698736197,0.0001364049404173318
1.8106,0.0013368473321832312,0.0012462113689943812,0.0001368954587893454
1.8116,0.0013415392111775577,0.001432302767262566,0.00013689079559614522
1.8125,0.001355948805460709,0.0013812076273201307,0.00013654326860388066
1.8135,0.0013434561556249845,0.0015259622326898783,0.00013640812234551965
1.8145,0.001319472987746365,0.0013793791343265484,0.00013690863961873695
1.8154,0.0013106708078492013,0.001388393687101385,0.0001377357393199258
1.8164,0.0013079999999999494,0.0013104941582124858,0.00013837464061656983
1.8174,0.0013178596412467723,0.001329140980639563,0.00013858352209238477
1.8183,0.001367779823676567,0.001502849427982993,0.00013830474350684163
1.8193,0.0015233636407613767,0.0014778269065868106,0.00013768623397409767
1.8203,0.001547377900108323,0.001512180520979221,0.0001371574989415284
1.8212,0.0015594557457493064,0.0016428978888113565,0.00013700897195907086
1.8222,0.001562212683841542,0.0012939202846623207,0.00013719507557492466
1.8232,0.0014850019212518065,0.0015046959109934878,0.00013738118557193234
1.8242,0.0013841334743718108,0.001442835208240336,0.00013740238597040127
1.8251,0.001360352374170278,0.00124848341455096,0.00013743622889867815
1.8261,0.001355591144196845,0.0014380002212767457,0.00013767418357229968
1.8271,0.0013436965121396318,0.0013609314689012155,0.0001382463487599237
1.828,0.001332376059149157,0.0014110246002523512,0.0001390568928767787
1.829,0.001321895220745639,0.00135620839828323,0.00013953259062311806
1.83,0.0013229502771330821,0.0013435362095059326,0.0001393097078654051
1.8309,0.0013322248816697484,0.001207409259168175,0.00013883280691416597
1.8319,0.0013560865844777388,0.0012601084003006622,0.00013848821501247067
1.8329,0.001375269355504802,0.0016620366803267762,0.00013836128796179665
1.8339,0.0013524655527449596,0.001419099159342956,0.00013848288305520537
1.8348,0.0013252606788410504,0.0015902119980620696,0.0001388746720718087
1.8358,0.00129933127885953,0.0013826128317738513,0.0001395419886068172
1.8368,0.001292050208610785,0.0014712409676047016,0.00014036071098576087
1.8377,0.001296068400997749,0.0012635452699502922,0.00014098145865691552
1.8387,0.0013029024333215907,0.0014637305071254914,0.0001411521624617038
1.8397,0.0013045286979934494,0.0013565901372436082,0.00014118935179091227
1.8407,0.0012912889139005403,0.0014169421413822375,0.0001414506563894943
1.8416,0.0012813741115839416,0.0013571426369567653,0.00014184691845014875
1.8426,0.0012758168646559754,0.0011633153260577965,0.0001420226762439571
1.8436,0.0012815709708698935,0.0014630362594002244,0.00014173191539692287
1.8445,0.0012923056970914058,0.0011846626386614685,0.00014130595508000422
1.8455,0.001304834756351548,0.0014519525967366929,0.00014105720002006774
1.8465,0.0013195953346373166,0.0014100872904186201,0.00014116313225704486
1.8474,0.0013381592725250563,0.0014364887351287566,0.00014134340131152448
1.8484,0.0013611138176624724,0.0015360932128791983,0.00014136411605033408
1.8494,0.001381349014664625,0.0015227244469630296,0.00014138774272552229
1.8504,0.001386104915679762,0.0011968478672506218,0.00014167188127043397
1.8513,0.0013830022752975143,0.001492637506391089,0.0001423026077380702
1.8523,0.001381362857935696,0.001358622190539245,0.00014308041566179838
1.8533,0.001369366023999867,0.0013330306407105172,0.0001435227207420485
1.8542,0.0013443813788776796,0.001373781948518851,0.0001435862910587017
1.8552,0.0013173870136547743,0.0012544922505337362,0.00014370021900883968
1.8562,0.0012952929179512243,0.0012335925367464387,0.00014382161889243928
1.8571,0.0012873106140554593,0.0010845290386241793,0.00014371455705035064
1.8581,0.0012928982685409135,0.001070866557177591,0.00014358634488811727
1.8591,0.0013088470558565966,0.0015455174143797442,0.00014345367295387317
1.8601,0.0013220775895172571,0.001304847317935944,0.00014329689747257583
1.861,0.0013234556471231349,0.0015853872010766024,0.00014334411292465574
1.862,0.001329150224377218,0.0010387081887811183,0.0001435645404695995
1.863,0.0013517142740190162,0.0016393367626505678,0.00014372253417570014
1.8639,0.0013390763960643927,0.0013551423097538007,0.0001438045703878807
1.8649,0.0013034888757259245,0.001317365711400906,0.0001440507200024133
1.8659,0.0012737645625156473,0.001376648609493992,0.0001444519763377888
1.8668,0.0012594897679143666,0.0012907228318926784,0.0001446888008986595
1.8678,0.0012740272709841462,0.0016105905251682262,0.0001446933591538539
1.8688,0.0013000764755736031,0.0012477382431942633,0.00014479930094093093
1.8698,0.001330816861337336,0.0013599937694969556,0.00014540354322161342
1.8707,0.0013459498958803002,0.0013617981070640748,0.0001470185251967616
1.8717,0.001347271015436637,0.0014433542076141065,0.00014978549477761015
1.8727,0.0013461331331427462,0.0013754970557361974,0.0001521691894540301
1.8736,0.001346000000000069,0.0012834674718528365,0.00015275882080127676
1.8746,0.0013294453861003395,0.0011978925788922734,0.00015279154500864907
1.8756,0.0013091154145522528,0.001405725969573952,0.00015263229041173777
1.8765,0.0012920784084781757,0.001221128056027529,0.00015138171483919255
1.8775,0.001297003319958276,0.0013101164791121888,0.00014945124635121974
1.8785,0.0013767363552362858,0.0012152707385287387,0.00014787404164739388
1.8795,0.0015000406760908285,0.0015272170011295333,0.00014688970832156065
1.8804,0.0016305174703228596,0.0015296200996990567,0.00014647696571658869
1.8814,0.0015713479626336302,0.0015267773238759469,0.00014654524243195465
1.8824,0.0013892757214174728,0.0014210401913607859,0.0001468375226315644
1.8833,0.0012915742163110938,0.0012097083557513885,0.0001471616383828619
1.8843,0.0012599236975910373,0.001221090867965286,0.00014765106540648912
1.8853,0.0012615836935544245,0.0011249166324709616,0.00014830165043258463
1.8862,0.001279168951986122,0.001386272411604075,0.00014871958343348253
1.8872,0.0013300032554340662,0.001453895140265296,0.0001488682510166007
1.8882,0.0013808255672062757,0.0016246513619067443,0.00014944987752167778
1.8892,0.0013834399527024469,0.0016996392766786704,0.00015089668473389786
1.8901,0.0013738701359918147,0.0012006451832978432,0.00015239153883813688
1.8911,0.0013644391888942096,0.0014125486761388788,0.00015282669079696765
1.8921,0.0013668358840074296,0.0013727186035560326,0.0001526851251488859
1.893,0.0013797782557275436,0.0013109441156586368,0.0001525257206145113
1.894,0.00139707278803871,0.0013324890718963988,0.00015206157040733616
1.895,0.0014000032771985561,0.0014829649593078751,0.00015144051208256483
1.8959,0.001344844170120862,0.0012014948349287904,0.0001511313802852823
1.8969,0.0012758539907503155,0.001439122094736475,0.00015163063132534845
1.8979,0.0012483687677654711,0.0011122126760060474,0.00015299014355754927
1.8988,0.001243412283087073,0.0012207133145845522,0.00015425761081197488
1.8998,0.0012422734134734284,0.0012404865298328788,0.00015406298189110982
1.9008,0.0012411344080860926,0.0012983439226645006,0.00015292451338619304
1.9018,0.0012409954079290624,0.001226927541251558,0.0001523240532188622
1.9027,0.001240056827693063,0.0011040394255454119,0.0001524752458606745
1.9037,0.0012425022577013658,0.0012106804167592521,0.00015255099338861341
1.9047,0.0012462256984840867,0.0013334557740698617,0.00015200361754846454
1.9056,0.0012506569005926822,0.001401221095744669,0.0001513197075643828
1.9066,0.0012577630840465651,0.0012861192648511849,0.00015114603475925955
1.9076,0.0012680869761565626,0.0012858034301491286,0.00015141065336219845
1.9086,0.0012817125802096474,0.0015049081257868758,0.0001518211317588026
1.9095,0.0012950387667347873,0.001124221608406645,0.0001519650912681639
1.9105,0.0012952663453608452,0.0013965011460683426,0.0001519145606687459
1.9115,0.0012918998243464416,0.0011772201427421435,0.00015184973963177313
1.9124,0.0012898498128602596,0.001150175517147275,0.00015176613941180568
1.9134,0.001289278273197893,0.001191904012143374,0.00015174159168675674
1.9144,0.0012968153211728463,0.0012663541786740225,0.0001519243318034242
1.9153,0.001305393057760204,0.0015979376415580892,0.00015232670699963371
1.9163,0.0013156441062455691,0.0011774649301431114,0.00015277386736128472
1.9173,0.0013278496366635746,0.001320803832096607,0.0001530922881953557
1.9182,0.0013835913640675643,0.0014479820362916093,0.00015343901231484693
1.9192,0.0015486449764312343,0.0016237425035479382,0.00015409170945743242
1.9202,0.001790475922499924,0.0017455108978844083,0.0001548533048308093
1.9212,0.0017479857510369905,0.0019573029751785358,0.00015527090106619092
1.9221,0.001519509501712172,0.001470452414408345,0.0001552104611635544
1.9231,0.001344146394143126,0.0014751217767552767,0.00015486543901316663
1.9241,0.0012576762151784038,0.0013290078755334388,0.00015461921611700533
1.925,0.001239422496943367,0.0010541906428825462,0.00015476058267034046
1.926,0.0012405615023306485,0.0010404459501319955,0.0001551910370364827
1.927,0.0012424010154360404,0.0010179144636900904,0.00015546085949339782
1.928,0.0012455152672257292,0.0010694509780286242,0.00015548136537149118
1.9289,0.0012554966261564917,0.0013409819376686883,0.00015562603488596802
1.9299,0.001274084061364148,0.0014821257240218786,0.00015619427756628047
1.9309,0.0013193195069995068,0.0012626266033478745,0.00015708845642894656
1.9318,0.0013703523710074477,0.0012364820457384411,0.00015750411896200769
1.9328,0.0013283126938978154,0.001629937413187568,0.00015706785451744654
1.9338,0.0012828229769139901,0.0010862033239962396,0.000156542188621447
1.9347,0.0012561056583899471,0.0011577190688332687,0.00015631617821673633
1.9357,0.0012423572282203594,0.001230024293012999,0.000156185302123827
1.9367,0.0012392540017566686,0.0012008181030819648,0.00015619726751602952
1.9377,0.0012381160031991953,0.0010099855355124524,0.00015629913075359777
1.9386,0.001237999999999952,0.001433498013070337,0.0001566137715562254
1.9396,0.0012380478255634617,0.0010247567306539383,0.00015707222601123703
1.9406,0.0012399341547537047,0.0012130267108459707,0.00015770705244164406
1.9415,0.0012488710883104318,0.0011265371455465435,0.0001588941799019596
1.9425,0.0012852204232591865,0.0011065509487378775,0.00016101599456520816
1.9435,0.0012916351368409563,0.0013860543656836375,0.000163762610904736
1.9444,0.001254782179708858,0.0013371551054327257,0.0001664443916800777
1.9454,0.001253526191554892,0.001370576694745625,0.00016790875575863106
1.9464,0.0012854984835407456,0.0010950130936262159,0.00016672013270731058
1.9473,0.001334645582055607,0.0013909774217352874,0.00016404410593226073
1.9483,0.0013974519047828021,0.001571489992156726,0.00016211396198616526
1.9493,0.0014648874673517187,0.0014931855764372063,0.00016198420526447862
1.9503,0.0015168889275205496,0.001305313830833429,0.0001630644442019337
1.9512,0.0014675659938108514,0.0014327953374067082,0.00016327259432375455
1.9522,0.0013407387596366413,0.0014372949329144156,0.00016194426548574685
1.9532,0.0012670316017602,0.0013792150746448672,0.00016075291583460177
1.9541,0.001240848359257727,0.0011557312653660888,0.0001603952579388861
1.9551,0.001240189472728476,0.0011074442823404453,0.0001602320273971205
1.9561,0.0012604165315043476,0.0012676968083382542,0.00016006014646587633
1.9571,0.001312806022783234,0.0014963103828203722,0.00016023845876269468
1.958,0.0013929950287420792,0.0011158856490762208,0.00016091618287924264
1.959,0.0013858317283508184,0.0013393046721124663,0.00016177196008864664
1.96,0.0013680604854922943,0.0013357525918582947,0.00016212090212655553
1.9609,0.0014171700043992856,0.0015573312364659364,0.00016197501034820357
1.9619,0.0014987925290953505,0.0015929624022190513,0.0001621964997131228
1.9629,0.0014596536706222541,0.0010956091787430794,0.00016307525544419135
1.9638,0.0013664120913704301,0.001338595571726791,0.00016367740933567949
1.9648,0.0012938382570617073,0.001595990372370156,0.00016327019750668904
1.9658,0.0012570487244415753,0.0014512504973255387,0.0001622912953745664
1.9668,0.0012582590367444988,0.0010549700624877185,0.00016178283028058394
1.9677,0.0012708657027050438,0.0010854364524244496,0.0001618168237954316
1.9687,0.0012932450798139408,0.0014695663008653843,0.0001620571324040858
1.9697,0.0013155578213130568,0.0012180134028140215,0.00016237051088485895
1.9706,0.0013219544112826936,0.001505755294529604,0.00016302296118301913
1.9716,0.0013185373951210388,0.0013157937335895164,0.00016437424469840518
1.9726,0.0013151229241798457,0.0012172349604388797,0.0001659950467076111
1.9735,0.0013061957172923926,0.0010392666776922108,0.00016661484685234236
1.9745,0.001260960221692209,0.0011804142755193197,0.00016617812548712092
1.9755,0.0012370047534953621,0.0011415965883691472,0.0001663239953931861
1.9765,0.0012330672372806073,0.0013285541347596613,0.00016873811889271128
1.9774,0.0012340920878942568,0.001248502704704919,0.00017319849305374264
1.9784,0.0012354601184263489,0.0015190886505988318,0.0001757691426142217
1.9794,0.0012381071938013454,0.0013431081994270471,0.0001736143791591823
1.9803,0.0012419701004895438,0.0011291741854539065,0.00016993563427760753
1.9813,0.0012492642038817153,0.0012533604249785587,0.0001673695369460074
1.9823,0.0012523287336675842,0.0011804446908229827,0.0001661792969445984
1.9832,0.0012520000000000749,0.0010977789893338,0.00016637504207002763
1.9842,0.0012528348528050416,0.0014360153157637087,0.0001679724671820063
1.9852,0.0012539738581924947,0.0013440728315880794,0.0001699014697630079
1.9862,0.0012474363609696136,0.001432342140420812,0.0001703391328119688
1.9871,0.0012431376622865748,0.0015366994626848766,0.0001691448658684775
1.9881,0.001245378427561976,0.001412829825192921,0.00016761062387778508
1.9891,0.0012523164410080505,0.0011168223246432014,0.00016670489740717233
1.99,0.0012548017680137492,0.001210786675421322,0.0001667242382664064
1.991,0.0012496853928620289,0.0013016787248993449,0.00016781422633050706
1.992,0.0012451299144075818,0.0011074674875643387,0.00016979814745670643
1.9929,0.0012425164643376143,0.0013465445574525013,0.00017189013916184872
1.9939,0.001246401716653596,0.0011361264091932243,0.0001728930807589618
1.9949,0.001262445020514812,0.0011405367553393724,0.00017207362436637332
1.9958,0.0012863331996769993,0.001253209142956707,0.00017106922990189902
1.9968,0.0013195775264873031,0.001327396275768006,0.00017048747104988213
1.9978,0.0013329341271646796,0.001049458464108968,0.00016955380829754984
1.9988,0.0013083361900695087,0.0013103583664215977,0.00016848924761498653
1.9997,0.0012882675353900691,0.0012097795549880024,0.00016787183651475757
2.0007,0.001269637865348855,0.0015190402185084279,0.0001678526926194746
2.0017,0.0012647630119236978,0.0016728628356367274,0.00016833471256287415
2.0026,0.0012744464792505334,0.0015069317252024335,0.000168908303939344
2.0036,0.0013010716802646955,0.0012650571010964199,0.00016913083456666155
2.0046,0.0013540934260896124,0.0012200402509453933,0.00016911804326533397
2.0056,0.0014097384859054125,0.0015102159679106614,0.0001691450685750634
2.0065,0.0013935659614686174,0.0014485203505473349,0.0001692114309467971
2.0075,0.0013768565808884234,0.0012556675383210243,0.00016939425489680346
2.0085,0.0013614244995812789,0.0011353091777201632,0.0001698507234881145
2.0094,0.0013295298824786196,0.0009898825049509778,0.00017033292829959597
2.0104,0.001270832495096223,0.0010676210882370014,0.00017036844492394074
2.0114,0.0012400617884330237,0.0012641580514132908,0.00017011711917038467
2.0123,0.00123449881151767,0.0009729573554921588,0.00017008885834760983
2.0133,0.0012349714926240783,0.0014514007551810347,0.00017032642926115602
2.0143,0.0012389954118486762,0.0011947215803116444,0.0001705363533299778
2.0152,0.0012526876836961207,0.0012996495625436353,0.00017056974946101736
2.0162,0.0013153579713306204,0.0012673028906365952,0.00017057831359655598
2.0172,0.0014262961471610163,0.0009880860187228603,0.00017072805793087116
2.0182,0.0014513790889383817,0.0014931065742985405,0.00017109455317139657
2.0191,0.0013923060438810312,0.0016311101692878184,0.00017171813336821397
2.0201,0.0013382380189309138,0.0011088759783091273,0.00017252978180071045
2.0211,0.0013037891224229035,0.0014383989920952163,0.00017323434260904275
2.022,0.001282412884132336,0.0013271507238314748,0.0001733723911043611
2.023,0.0012853588155515901,0.0011134636910533997,0.00017335490978265464
2.024,0.0013100548577799603,0.0011217809046493797,0.00017334115932478723
2.025,0.0013402627224235854,0.0010078613910574127,0.00017316460717226812
2.0259,0.0013529618270284995,0.0016070129937200603,0.00017294671794470718
2.0269,0.0013265235471441815,0.001234346052834367,0.00017294804273159102
2.0279,0.0012992633076951295,0.001397292954354839,0.00017318072999835356
2.0288,0.0012781842791096316,0.001425386870071173,0.00017361597514812627
2.0298,0.0012573065061112863,0.0010606615075961516,0.0001741636969772498
2.0308,0.0012395016376778743,0.0014195697171243,0.0001744330889643233
2.0317,0.001235225868364109,0.001176972576779689,0.00017426161819492244
2.0327,0.001252323775967174,0.001475418513835027,0.0001740783890390247
2.0337,0.0013046205707801643,0.0013767425837781328,0.00017419180903576481
2.0347,0.0013013819207471273,0.0014626704834939557,0.0001744583681648898
2.0356,0.0012662269619395554,0.0013257336261156083,0.0001747102289961794
2.0366,0.001245448471451624,0.0012114358245779745,0.00017507159845587704
2.0376,0.0012393571781161292,0.0013397494194156265,0.00017561740017508324
2.0385,0.0012403350126920516,0.001083226430842655,0.00017602947649985806
2.0395,0.0012434191278791111,0.0010462928356429432,0.00017603114181556712
2.0405,0.001246835736719768,0.0014273427645393932,0.0001758374186433078
2.0414,0.001250881347378047,0.001231693152200766,0.0001756905498063866
2.0424,0.0012553272466562869,0.001433076714428007,0.0001755919950381857
2.0434,0.0012589888346680076,0.0013282231263661475,0.00017557309645826186
2.0443,0.0012630891997526205,0.001479004727027895,0.0001756938150316829
2.0453,0.0012680558477591434,0.0011955988467872644,0.0001759331652246881
2.0463,0.0012726501174959697,0.0013724655297500455,0.00017617781729737205
2.0473,0.001276753585103701,0.0012744648606990568,0.0001763639895036217
2.0482,0.0012851286109802627,0.0012807700648200307,0.0001765948710713194
2.0492,0.0012999280316258839,0.001233898531862682,0.00017674423496224947
2.0502,0.0013188448218342333,0.0011921721506946044,0.000176934418549345
2.0511,0.0013197924791305306,0.001120423127965377,0.00017720830115827745
2.0521,0.0013052987772796468,0.0013287171405624465,0.00017755898910057534
2.0531,0.0012933644853040812,0.0011878239492034523,0.00017781744021450754
2.0541,0.0012844097725210459,0.0011804421344745848,0.00017792518089212694
2.055,0.0012787160207449783,0.0016864350283633,0.00017803330695479608
2.056,0.0012742130036061583,0.0012776003005817466,0.00017826591788082296
2.057,0.0012752036052348387,0.0012153421318707304,0.00017867712313933274
2.0579,0.0012813113350896084,0.0014615759169619655,0.0001793368596932448
2.0589,0.0012955667998155527,0.0015665448163821732,0.00018023384394948378
2.0599,0.0012525620219374974,0.000888298529200463,0.00018118402544134752
2.0608,0.0012408152316707864,0.001235518980717888,0.00018184518049754134
2.0618,0.0012377997689969212,0.0011278960246537183,0.00018227762851016216
2.0628,0.0012369999999999914,0.0012745006369089308,0.00018290000518024108
2.0638,0.0012441599631864144,0.0013094749427224194,0.00018311967363784224
2.0647,0.0012705795723084456,0.0011815273095697769,0.0001824357932926362
2.0657,0.001325553630542093,0.001056810626208648,0.0001816978726115462
2.0667,0.0013959303281606517,0.0012953612024527031,0.00018160220292708798
2.0676,0.0014429777984619882,0.0015653026307296237,0.00018207130960588865
2.0686,0.0014029078511822494,0.0015485916955864686,0.00018309307445644495
2.0696,0.0013493865232706772,0.0013627597257068577,0.00018467846500951746
2.0705,0.0013052569531763797,0.0013468011669304013,0.00018580296394853337
2.0715,0.0012698165489491633,0.001088892203304815,0.00018542841894752827
2.0725,0.001255077414884775,0.0016612301842478113,0.00018423017054715983
2.0735,0.0012499092574759737,0.00110057486854422,0.00018322567670519264
2.0744,0.0012458088923912676,0.0013650180380198296,0.00018283108736988406
2.0754,0.001241939245810673,0.001325422582146012,0.00018286299982995277
2.0764,0.0012401742123232986,0.0014129176856976413,0.00018318870687482921
2.0773,0.0012417017578958774,0.0014436895127298364,0.0001835032203445831
2.0783,0.0012449658677033443,0.0013113289681055186,0.00018356299028238112
2.0793,0.0012520198337842698,0.0016910289549524277,0.00018347715264005736
2.0802,0.0012603731344479267,0.0012179501286491423,0.0001835011988866655
2.0812,0.0012706229609704685,0.0014843144465980702,0.00018371637720861463
2.0822,0.00128087082273724,0.0012919850957498512,0.000184156454201627
2.0831,0.0012914544030539674,0.0011753303292384913,0.00018478270509447075
2.0841,0.0013051208384173604,0.0011183736159116999,0.00018526951283913434
2.0851,0.0012997481805892197,0.0010517444116454465,0.00018532824898467198
2.0861,0.0012768288925275096,0.0011328845825425138,0.00018518077219046585
2.087,0.0012766887010995924,0.0015148202365543157,0.00018516166834748726
2.088,0.0013128829749765446,0.0010739522238187027,0.0001854336718394419
2.089,0.0013611530453761138,0.0016073803933496415,0.00018601283773467752
2.0899,0.0013251172084243383,0.0012644634430259809,0.00018685191283649268
2.0909,0.0012635621406016102,0.001445267311886112,0.00018812051612387016
2.0919,0.0012426189621597172,0.0012211318565117498,0.0001894807545838408
2.0929,0.001241228754870392,0.0008818629192802658,0.00018949723096745272
2.0938,0.0012445561180028195,0.0013906782423760951,0.00018819920882423108
2.0948,0.0012483336973428665,0.001419900646658896,0.00018720460343657562
2.0958,0.0012526670749116525,0.001365815843115722,0.0001871945325874281
2.0967,0.0012567674399962887,0.001162304339929092,0.0001875005828288431
2.0977,0.0012625590354555488,0.001446926144634761,0.00018738623838829237
2.0987,0.0012711873182152675,0.0009120145220235454,0.00018711007883315486
2.0996,0.0012819258771128114,0.001352891921811077,0.00018714618276603054
2.1006,0.0012963576978888389,0.0011070135153835804,0.00018751429611120428
2.1016,0.0013133449971192911,0.0012541167236032294,0.0001878148524019032
2.1026,0.0013203400481725147,0.0013468665645826816,0.00018791212747358506
2.1035,0.0013117873889687886,0.0013381689373769675,0.0001879490396179626
2.1045,0.001299764745864321,0.001256266839677661,0.0001882274414160688
2.1055,0.0012883760497282794,0.0013162814951361737,0.00018887027837118377
2.1064,0.001280100109613059,0.0013250235678410173,0.00018974611298774627
2.1074,0.0012746213635128983,0.0014101091362687175,0.00019089050957675802
2.1084,0.0012720000000000277,0.0012978647633531094,0.00019278332703333035
2.1093,0.001273445889223181,0.001212301466336555,0.0001949879512725595
2.1103,0.0012829964660783324,0.0016350356302716293,0.000195168180255252
2.1113,0.0012972390748114079,0.001435204156793379,0.0001930017203042488
2.1122,0.0013020000000000724,0.0011872825321609804,0.00019104164299780198
2.1132,0.0013020000000000028,0.001346542970840668,0.00019026276837355872
2.1142,0.001302869151712869,0.0013484276557646764,0.00019049874534029926
2.1152,0.0013040802132644163,0.0012384290756688174,0.0001919633774024442
2.1161,0.001314629139355051,0.0014857073757742073,0.0001943911918980144
2.1171,0.0013367793042006813,0.0014609744810698164,0.00019582810480894356
2.1181,0.001362433108944471,0.001250304116475724,0.00019507169040899248
2.119,0.0013877049077408825,0.0015245075681469596,0.00019379250754622264
2.12,0.001398842241152533,0.0014753406596464556,0.00019314595624842442
2.121,0.001349715770625852,0.0013575877280971353,0.0001930362314159235
2.122,0.0013027045176338752,0.0015511103574868423,0.00019347837048264502
2.1229,0.0012897928632055783,0.0013362848322088206,0.00019421331163968017
2.1239,0.0012861709870706085,0.00140212084355675,0.000194636343677344
2.1249,0.0012863755333797594,0.0013101097328862411,0.0001946510162391466
2.1258,0.001293549271446614,0.0016648562106120449,0.00019462917967776917
2.1268,0.001301740868084032,0.0015502700519675254,0.00019463262269937023
2.1278,0.0013112046531703113,0.0013100598319541056,0.00019467799026361908
2.1287,0.0013204238739883366,0.0011718816338868988,0.00019464664101793665
2.1297,0.0013348281009648777,0.0012008480352445675,0.0001943893856027125
2.1307,0.0013541935007012852,0.001359759634679764,0.00019399386169338927
2.1316,0.0013716154360064953,0.001526380587265641,0.00019366622413138614
2.1326,0.0013926078633383246,0.0014830658169651917,0.00019352723394229035
2.1336,0.00141328238975148,0.0015111241654033245,0.00019357260185504013
2.1346,0.0013739409025188209,0.0016850301222950405,0.00019383356394424343
2.1355,0.0013322844413462683,0.001246138851352033,0.00019424559977242647
2.1365,0.0012911111021280614,0.001442074999172956,0.00019455009671354918
2.1375,0.0012609670606661732,0.0012915538552913824,0.00019459769301256218
2.1384,0.0012481478865152542,0.0014866474110324342,0.00019453185646406168
2.1394,0.0012486947790679122,0.001362008725448169,0.00019449639695902853
2.1404,0.0012528151838784995,0.0010412038831674522,0.00019458953515274723
2.1414,0.001257371748522323,0.000931541362041708,0.0001948738859646501
2.1423,0.001262338784272275,0.001430453699807927,0.00019529925331148798
2.1433,0.0012659999999999822,0.001101142682029873,0.00019569437023489174
2.1443,0.0012660000000000824,0.001171970278956427,0.00019594493554438763
2.1452,0.0012658302800518096,0.0015103876270128912,0.00019617308044094073
2.1462,0.00126500000000005,0.0011468838234927343,0.00019639177310338578
2.1472,0.0012654472213589057,0.001203844870560353,0.00019657861230992297
2.1481,0.0012660000000000533,0.0012455913381339096,0.0001969089272756545
2.1491,0.001266610552655319,0.0011376139225170736,0.0001973437079974174
2.1501,0.0012677494222689564,0.0014246031689256397,0.0001976050336470266
2.1511,0.0012688882918824506,0.000986908065743811,0.00019768486943711912
2.152,0.0012699133831536509,0.0012995725332537436,0.0001977534381956616
2.153,0.0012796680097124458,0.001459605348513852,0.0001978844308036069
2.154,0.0012952343345938254,0.0012833136182422516,0.00019797942836321145
2.1549,0.0013128762324513044,0.0013669244146743823,0.00019795015987189463
2.1559,0.0013337301013573205,0.0013055213151310252,0.00019790428841523662
2.1569,0.0013504377692706393,0.0011427133814574907,0.00019801849196465207
2.1578,0.0013570703489544375,0.0017942777272970715,0.00019830355038301284
2.1588,0.0013622795370358467,0.0011467944188872695,0.00019864953500344147
2.1598,0.0013671801942725438,0.0014056221943189611,0.00019894032519631542
2.1608,0.0013726695909086807,0.0017266737376949602,0.00019917435601579398
2.1617,0.0013701229716412424,0.0011793622711526253,0.00019947107135627725
2.1627,0.0013535488982840587,0.0013817242426197546,0.0002000034184057288
2.1637,0.001336933543420269,0.0013466312280131212,0.00020096991611626467
2.1646,0.0013241322890089316,0.0014561770412087035,0.00020242893524902633
2.1656,0.001313600947039062,0.0015129575738467133,0.0002038717519208363
2.1666,0.0013126935588688802,0.0012661144958733626,0.0002043835369451561
2.1675,0.0013200684546774042,0.0014645013277755463,0.00020386943240842465
2.1685,0.0013317168707705407,0.0014375815140255115,0.00020311024414270366
2.1695,0.0013459287732762643,0.001073654671777217,0.00020269130731152385
2.1705,0.0013607340782528954,0.0016233627746010944,0.00020260453460863847
2.1714,0.0013549304637169657,0.0013793831050602544,0.00020264053561574934
2.1724,0.0013378498684099521,0.00158883922004205,0.00020278098091469466
2.1734,0.0013207814595910922,0.0011533640196495056,0.00020299759679837275
2.1743,0.001306017745120095,0.0011241864088399629,0.00020325199585060228
2.1753,0.001292993227791391,0.0015598069089295917,0.0002036803195182831
2.1763,0.0012885843380728527,0.0013847727539023028,0.0002044318757318834
2.1772,0.0012902174720459535,0.0014920279579711754,0.00020557283785549324
2.1782,0.0012917471600056884,0.001300046216049322,0.0002064781213877513
2.1792,0.001292886029619282,0.001564042869590314,0.00020618672898287005
2.1801,0.0012948222417810272,0.0010800006544190426,0.00020514986771510518
2.1811,0.0012939500094960906,0.0012353447226634204,0.0002045355593501587
2.1821,0.0012928110835017709,0.0011436627720433643,0.0002045608607304825
2.1831,0.0012919999999999635,0.0015803376955731167,0.0002046588184770379
2.184,0.001291648046402224,0.001312841799458216,0.0002045630380070585
2.185,0.0012924724696339945,0.0010422408403967444,0.00020457808751117346
2.186,0.0013002996437228114,0.0013591090261042757,0.0002049238685615258
2.1869,0.0013098930568651939,0.0013548865088825607,0.00020554616920874296
2.1879,0.0013209302204291989,0.001366905522495657,0.00020607891727182924
2.1889,0.0013332482151038989,0.001175428071559511,0.00020607571031290686
2.1899,0.0013450578829825065,0.001416582934848862,0.00020571223031394238
2.1908,0.00136052986885376,0.0014441772969665426,0.0002054223986372612
2.1918,0.0013787561274292575,0.0012900535129411065,0.00020534753307906435
2.1928,0.0013973444428080426,0.0013034872115324071,0.0002054857487534237
2.1937,0.0014143612783515044,0.0015583468112634793,0.0002058185504724358
2.1947,0.001426145798042441,0.001247650103931553,0.0002062591938756833
2.1957,0.001422597447006486,0.0013148043553252889,0.00020668552924299062
2.1966,0.0014143967168368879,0.0019480501522085802,0.0002070453502303944
2.1976,0.0014052933984263429,0.0011126529498021141,0.0002072587376363094
2.1986,0.0013971590244753744,0.0009689625136911162,0.00020725958559694995
2.1996,0.0013916261256398186,0.0014609324291632187,0.00020721858596434476
2.2005,0.001405977403436479,0.0015671067449191897,0.0002072824732513856
2.2015,0.0014219215780271585,0.0014767765507454874,0.00020752833920731768
2.2025,0.001437862876744502,0.0012157894410476523,0.0002080012223596657
2.2034,0.0014522010850842005,0.0009870802817709644,0.00020871713429062157
2.2044,0.0014594179241901556,0.0016001725325904797,0.00020953659497005602
2.2054,0.001448185818648138,0.001297826546468658,0.00021025377857057662
2.2063,0.0014335554862749368,0.0014483153867319654,0.00021066378159096042
2.2073,0.0014167264053763075,0.0017754809938590364,0.00021066535989427236
2.2083,0.0014006792807611267,0.0013999324055192122,0.0002105403193299383
2.2092,0.0013866659023136197,0.001454218452606606,0.0002104744193131362
2.2102,0.0013786919141868352,0.0010310937280380587,0.00021036609324814477
2.2112,0.0013707198268916227,0.001404230596296921,0.00021025433936116785
2.2122,0.0013627514395514232,0.0015221643141604569,0.00021014653904539686
2.2131,0.001355580073362967,0.0009127140053181579,0.00021004118198205185
2.2141,0.0013526274305617819,0.0015380933633324055,0.00021007516413378268
2.2151,0.001361432288949827,0.0010292920602319338,0.00021027318585745513
2.216,0.0013719166299388564,0.0011489030714647642,0.00021049442835245372
2.217,0.0013842358586826828,0.0008842084218118466,0.0002106439329528946
2.218,0.0013967508959584324,0.0010866378394508405,0.00021075905258066617
2.219,0.0014063777867102227,0.001502220797358545,0.00021091643983700618
2.2199,0.0014023744309236339,0.0012709728062512532,0.00021113648620940627
2.2209,0.001394771808111552,0.0014084172714503424,0.00021138057790344198
2.2219,0.0013879385904300022,0.0013423891233064994,0.00021161075444075343
2.2228,0.0013849999999998716,0.0012989048767491035,0.00021186781423507766
2.2238,0.001391057511748891,0.0016420157412191936,0.0002121954923667288
2.2248,0.001388314613846433,0.0013404506520666246,0.00021260784694930406
2.2257,0.0013878370177457513,0.0014627495672685279,0.0002131750030775254
2.2267,0.001392880794533809,0.0018506219145785702,0.00021382712833015633
2.2277,0.0013986833374094812,0.0015781626383107267,0.0002143700667580714
2.2286,0.0014013593640511625,0.001554565768706433,0.00021457141288399123
2.2296,0.0013747195332383252,0.001313582505932377,0.00021438563735870297
2.2306,0.0013338222851242254,0.001521182701451607,0.00021408996358085916
2.2316,0.0012978800243993172,0.0013306111314284233,0.0002139351156371395
2.2325,0.0012722335853620438,0.001331454974166448,0.00021396566575750548
2.2335,0.0012522197525965649,0.001241114160577063,0.0002141474791402328
2.2345,0.0012540028694168637,0.0012306995690808161,0.0002144618125464389
2.2354,0.001266474372585754,0.0011349651597592973,0.00021493591577464188
2.2364,0.0012854517868320107,0.0013610255396305365,0.0002155314481135323
2.2374,0.001309851329191674,0.0014312138838088705,0.00021613147446851287
2.2384,0.0013368628660651723,0.0010736091677986134,0.00021661959964107413
2.2393,0.0013555878140182286,0.0015956867843622453,0.00021686042622347457
2.2403,0.0013651611172930175,0.0015589001830079504,0.00021693791079279825
2.2413,0.0013754133877416622,0.0015300368052603504,0.00021720585474785959
2.2422,0.00138463035255404,0.0010829621815624194,0.00021762929274778318
2.2432,0.001394878785135504,0.0013532567480259656,0.00021772618998054885
2.2442,0.0014033222535118001,0.0012999967231411983,0.0002175717375268238
2.2451,0.0014086413517217058,0.0014175585488746774,0.00021764277312336634
2.2461,0.0014153356997898046,0.0016730656732379537,0.0002181823145318255
2.2471,0.0014212362786511135,0.0014265317582645195,0.00021901774492157577
2.2481,0.0014277200589015836,0.0014076324786197153,0.00021940612132403391
2.249,0.0014335837213607376,0.0014335143769493098,0.00021904966496401275
2.25,0.001441047835990799,0.0014511991635284935,0.00021870324064798325
2.251,0.0014485278959512821,0.001627226847822221,0.00021876978132847488
2.2519,0.0014557035348496902,0.0014153009076573206,0.00021910869941501774
2.2529,0.0014636691652371852,0.0015012163640077823,0.00021959530041465482
2.2539,0.0014725904429789664,0.0015820257958917092,0.00022007758929238087
2.2548,0.0014759216899307523,0.001801972815300579,0.0002202774961628238
2.2558,0.0014804510650287632,0.0016266711379474682,0.00022013373602325364
2.2568,0.0014850065434831806,0.0014683785105554972,0.0002199352437540954
2.2578,0.001489561329847126,0.00111968604043396,0.00021992492922828482
2.2587,0.001493243373410381,0.0014944894051028108,0.00022010231562390127
2.2597,0.00149444640103558,0.0014340725343116383,0.00022046030567629776
2.2607,0.0014933075314220265,0.0014092472571896684,0.00022107534171349056
2.2616,0.0014922824401507318,0.001752134601877073,0.00022197084481850198
2.2626,0.001490289089719458,0.00143923538335291,0.00022278913265199774
2.2636,0.0014890055683283103,0.0012521305994495377,0.0002231152247957518
2.2645,0.0014890577541863625,0.0013581063991282842,0.00022322523296762085
2.2655,0.0014926335702257132,0.0014563416707554626,0.00022344680522598073
2.2665,0.0014968917865102601,0.0010562147780648738,0.00022355839090370662
2.2675,0.0015007425424620729,0.0022715169119299464,0.0002233715332211301
2.2684,0.0015043802523082087,0.001421246351569677,0.0002231402340616315
2.2694,0.0015036041851347875,0.0016188168188302563,0.00022317531224330884
2.2704,0.0014946190512272728,0.0015289724583292012,0.00022344650830274817
2.2713,0.00148360495236691,0.001806731759386445,0.00022369723619194724
2.2723,0.0014719794423792472,0.0015374045731153258,0.0002237952266893348
2.2733,0.0014596021357646692,0.001712825068041408,0.00022390224060209714
2.2742,0.001449740489221142,0.0010875435355557801,0.00022410073562946706
2.2752,0.001446000000000091,0.0010798200683459287,0.00022440469372965265
2.2762,0.001446342888469132,0.0014683654969320115,0.0002248346544935632
2.2771,0.0014469999999999783,0.001791630085890417,0.00022542514610514967
2.2781,0.0014470000000000318,0.0011343901138797963,0.00022637589186571034
2.2791,0.0014470000000000327,0.0014080615954883487,0.00022804050513974835
2.2801,0.0014571883752948728,0.001627826537544701,0.00023035847778697888
2.281,0.0014745537362066505,0.0016075810773344768,0.00023214103659834317
2.282,0.001495058277104143,0.0013565687027548,0.00023208909966343136
2.283,0.0015166228417325888,0.0013651257115866063,0.0002306560034472895
2.2839,0.0015362100798795805,0.0019549332613730814,0.00022905855231879316
2.2849,0.0015539999999998975,0.0018681353378690285,0.00022794092494775024
2.2859,0.0015516689113886702,0.0017638049874422242,0.000227530224472915
2.2869,0.0015453630780887658,0.0013568889384428758,0.00022757073992580863
2.2878,0.001539688917244672,0.0018149336035372127,0.00022766440055045265
2.2888,0.0015335489684259512,0.0013209075190004711,0.00022780067592035233
2.2898,0.0015270255444293454,0.001262680302038922,0.0002282870696593911
2.2907,0.0015191666624030026,0.0010002404944763174,0.0002295504228458651
2.2917,0.0015090626686809542,0.0015552990653657417,0.00023197436473396495
2.2927,0.0014989516878236863,0.0016704537075514665,0.00023529567189033807
2.2936,0.0014905948273609539,0.001606858459820255,0.0002380945603921457
2.2946,0.001480640000745423,0.0017609873591788083,0.000239259148779501
2.2956,0.0014858467380115866,0.001485536974281822,0.00023938982976478461
2.2966,0.0015189093524872934,0.0012386757870430994,0.00023905673977217285
2.2975,0.0015539002597882458,0.001469575145684305,0.0002378697377412744
2.2985,0.0015937541414925039,0.0013758258203086231,0.00023671223283793682
2.2995,0.0016353639824243675,0.001310573781447045,0.00023752678511479363
2.3004,0.0016741921529573398,0.001397601898682192,0.00024033349057998003
2.3014,0.0016546854541752809,0.0021456603534504085,0.0002426663343483409
2.3024,0.0016161391342213107,0.0016801230880025082,0.00024261067707971116
2.3033,0.0015823509935105214,0.0019444842687567341,0.00024109025886197738
2.3043,0.0015454405876107558,0.0015568461439374303,0.0002396000055225691
2.3053,0.001510615125408723,0.0015607573049381482,0.00023803480656477596
2.3062,0.001484403671090837,0.0015636304774499822,0.00023614512815815203
2.3072,0.0014630736805784032,0.0016389427829722777,0.00023459635757591067
2.3082,0.0014437198147784702,0.0018848351476842295,0.00023414892991868022
2.3092,0.0014243544150421602,0.0012883616372356425,0.00023486988215953877
2.3101,0.0014078732832299137,0.0016251243959186385,0.0002356234725587202
2.3111,0.001392348630588057,0.001087072676337523,0.0002355348075157278
2.3121,0.0014136871544117129,0.00113582893944085,0.0002353700138913576
2.313,0.001444660451676203,0.0012845343115821628,0.00023569366498797745
2.314,0.0014803513906559743,0.0012287907157422396,0.0002360693643054515
2.315,0.0015173290299258686,0.0015702546464351052,0.00023633706402740207
2.316,0.001555575718907995,0.0014161492133298328,0.00023657429829901375
2.3169,0.001572512664030225,0.0017789830815129882,0.0002366008776984459
2.3179,0.0015675569037739688,0.0016048365658946724,0.00023644039899739776
2.3189,0.001556340451737979,0.0011235417851699508,0.00023640293609555454
2.3198,0.001547083029049551,0.0015650157912282367,0.0002367235587892921
2.3208,0.0015358307586009257,0.0014269761672896797,0.00023728663109356214
2.3218,0.0015253121467539632,0.0017755869244621275,0.00023813868237465284
2.3227,0.001515064577347819,0.001483969209727836,0.00023946707039238757
2.3237,0.0015032523201701361,0.0020820237608333673,0.0002408748694430031
2.3247,0.0014912925158178892,0.0012656766935998363,0.00024202413362714163
2.3256,0.0014804487504372194,0.0016341588001099778,0.00024313313499021424
2.3266,0.001468652906969549,0.0014730934687700208,0.0002445225504426753
2.3276,0.0014607644894960967,0.001105509451619146,0.00024673894703219776
2.3286,0.001463022619156162,0.0015484436710755673,0.00024984279400220465
2.3295,0.0014651092025478934,0.0011548917545795801,0.0002515891676416054
2.3305,0.0014687010818515895,0.0009642711051004286,0.0002498324292235088
2.3315,0.001477973820853641,0.0011450392005600478,0.0002469232986037764
2.3324,0.0015143990493617203,0.0015813695903817851,0.0002463262169309408
2.3334,0.0015490236282001513,0.0012844732490251295,0.0002479587541656924
2.3344,0.0015560991982740977,0.0012369686885543647,0.00024912041102418206
2.3354,0.0016004755062372857,0.0011396688511990977,0.0002479347075440406
2.3363,0.0016476630105822137,0.0016270983183447932,0.00024571043340155786
2.3373,0.0017030410555793653,0.0020354126328065957,0.000244438938696528
2.3383,0.001754380949641718,0.0013600512187854125,0.00024422838441960946
2.3392,0.001706898642572381,0.002118503992601566,0.0002440179868074218
2.3402,0.0016501760586540904,0.0015270112709139289,0.00024337602535436507
2.3412,0.001595078217613019,0.0018421127344431464,0.00024285345911232573
2.3421,0.0015477011084965157,0.0014211175795439967,0.0002425288579745507
2.3431,0.0014975170262017698,0.001607112822463809,0.00024241676156071804
2.3441,0.0014836172946937332,0.0015473544589250112,0.000243031702277118
2.3451,0.0015142203688217719,0.0014874575386567656,0.00024394357074266438
2.346,0.0015498991623967443,0.0014808253841293167,0.00024428611148068956
2.347,0.00159072415884129,0.0014281632022461526,0.00024459313164798937
2.348,0.0016328973627112529,0.0014212201542175191,0.0002456732690985825
2.3489,0.0016684041879258603,0.001350733939251172,0.0002470255103239078
2.3499,0.001670270831218923,0.0014926921984645069,0.00024778007426038497
2.3509,0.001637649005099271,0.0022135668231866978,0.000248465244587236
2.3518,0.0016093769334519594,0.0013085865590996987,0.0002502115301444813
2.3528,0.0015786449425604038,0.0014977956103314205,0.0002523241601773668
2.3538,0.0015486087500154967,0.0013111612126393217,0.0002535963887318433
2.3548,0.0015223830415905372,0.0016571515378806631,0.00025458621730972355
2.3557,0.0015242278999204714,0.0019192865510804917,0.00025496209338056545
2.3567,0.0015300508733930138,0.0016834241378905167,0.00025357439447020927
2.3577,0.0015357409423793125,0.0013787536372555857,0.00025148215463828674
2.3586,0.0015410380491982167,0.0018283890810778909,0.0002499018752692628
2.3596,0.001547560746803397,0.0015604673385213918,0.0002488317742305365
2.3606,0.0015428816584628,0.0017748624599474194,0.0002481781146909265
2.3615,0.0015220494643539847,0.0016763044806884005,0.0002479773138463283
2.3625,0.0014958715548637944,0.0015164515097638982,0.0002483332176996509
2.3635,0.0014704343945059872,0.0016403695788051878,0.0002495613496210089
2.3645,0.0014453792630067664,0.0013972807795615484,0.0002518978757844046
2.3654,0.0014237441979931696,0.0014280326455496455,0.0002538570798039993
2.3664,0.001416725563362274,0.0014447591040230702,0.00025366969146812553
2.3674,0.0014317224497789654,0.001257476248443612,0.00025243822117121037
2.3683,0.0014458422484864824,0.0017469434585472765,0.0002522855601414414
2.3693,0.0014610050575760336,0.0011670844597004822,0.00025336474836304185
2.3703,0.0014769530338296034,0.001651227480669406,0.0002553448725218396
2.3712,0.0014907825750816966,0.0013186253302903987,0.0002586703899554811
2.3722,0.0014923757568914926,0.0013028032300747016,0.0002623209079479796
2.3732,0.0014844100362975622,0.001542392491052754,0.00026381037607700445
2.3741,0.0014772360033630495,0.0012968477280842529,0.0002630986496122365
2.3751,0.0014692639160678283,0.0015386352368570086,0.00026124331644400287
2.3761,0.0014612899279409781,0.001686205960895084,0.0002586264066873202
2.3771,0.0014547599649092837,0.0017663905059206904,0.0002563625557737788
2.378,0.0014545285215963892,0.0019044818703319935,0.00025554161039855004
2.379,0.0014572093912354617,0.0016056006974072157,0.0002560868820238579
2.38,0.0014600845431453789,0.0018755508190266643,0.00025704851590952404
2.3809,0.0014627012738899466,0.0013863340051919971,0.00025893271221805484
2.3819,0.0014654124649152245,0.0014225351503631425,0.00026362257971181407
2.3829,0.0014659999999999615,0.0014672770845984527,0.00026954958389165904
2.3839,0.0014532231744753183,0.0015669091012915093,0.0002720208158892303
2.3848,0.0014399049119536809,0.0013290765934718582,0.0002709013446924768
2.3858,0.0014260916829728707,0.001445072105518495,0.0002683742724572938
2.3868,0.0014115687826587583,0.001515781892067541,0.000264456160000462
2.3877,0.001399271933493766,0.0014051704569206943,0.0002605259571746909
2.3887,0.0013927950268444215,0.0011673246223748077,0.00025862395110519187
2.3897,0.0014020515158965,0.0012666539566303272,0.00025931169185523865
2.3906,0.0014143526111507375,0.0011794664822031456,0.00026170388332336444
2.3916,0.0014280190465140136,0.0021250718461185447,0.00026357489725412363
2.3926,0.0014416765803314446,0.0010151391707583332,0.0002629701667511739
2.3936,0.0014552845903191749,0.0011547471752490009,0.000261130497634533
2.3945,0.0014650535503030802,0.0013178743825215653,0.0002600815627724644
2.3955,0.0014659999999998821,0.0014065238995353395,0.0002600416492784699
2.3965,0.0014663315610777246,0.001162827609467878,0.0002612503813610661
2.3974,0.0014673559753626544,0.0015189770499764621,0.0002633669137885967
2.3984,0.0014680000000000277,0.001422856742759105,0.0002637615053222292
2.3994,0.0014686332526240827,0.0016945339563290381,0.0002621584177585819
2.4003,0.0014690000000001089,0.0012653198375504764,0.0002612941880350907
2.4013,0.0014697972135087492,0.001463386722145506,0.00026139232456588263
2.4023,0.0014699999999999414,0.001150832305453103,0.0002614430959994668
2.4032,0.0014709600809072315,0.0011211480522546988,0.0002618443157143082
2.4042,0.0014710000000000823,0.0015992388362600835,0.00026237589999179194
2.4052,0.001471238046216013,0.0016656425042672835,0.0002620172202650481
2.4062,0.0014704923366816779,0.0012972656514461714,0.00026101909344799563
2.4071,0.0014663938009806155,0.0012875102935647445,0.00026029041645544434
2.4081,0.0014618410489510088,0.0014479334520908589,0.00026028884399939214
2.4091,0.001457284484307196,0.0018171587924602503,0.000260868573626319
2.41,0.0014531841192222724,0.0014387192845369038,0.00026188043103319365
2.411,0.001448628640767833,0.0013922583542659347,0.0002632303128441761
2.412,0.0014499634188432388,0.0014502602280290367,0.00026567689285195655
2.413,0.0014599576930435351,0.0017547707780385697,0.0002701564979285314
2.4139,0.001468300782188504,0.001146414325079848,0.0002763293811319077
2.4149,0.0014785530526371833,0.001389054605275423,0.00028108557742711733
2.4159,0.0014888028791595746,0.0016113666620775216,0.00028118466310035416
2.4168,0.0014980287006005298,0.001551750308616879,0.00027720157311248475
2.4178,0.0014947982991536876,0.001324726717276754,0.0002723035374068614
2.4188,0.0014759589059956649,0.0011151193429287164,0.00026914479100550266
2.4197,0.0014582614759127387,0.0012201125036450542,0.00026793439092635303
2.4207,0.0014380076100690116,0.0012322589545384448,0.0002676559373135917
2.4217,0.0014185631260441776,0.0013832514373407188,0.0002679899899237453
2.4226,0.0014025384076408853,0.0016638065460348422,0.0002684978052321743
2.4236,0.0014000850449128938,0.0012904235172600499,0.0002684562674262366
2.4246,0.0014371869270829252,0.0017018527604143476,0.00026840934726418756
2.4256,0.0014763858949839385,0.0017598610106062684,0.000269694396335557
2.4265,0.0015132506088743453,0.0013544702864657925,0.0002725000256932761
2.4275,0.0015559935863437696,0.001080338625726389,0.00027475566336045306
2.4285,0.0016000245390002856,0.001657780355289677,0.0002741794013810716
2.4294,0.0016161545612101127,0.0016141621260335674,0.0002721886744160216
2.4304,0.0015890515533654875,0.001563717642543724,0.0002713132313551734
2.4314,0.0015548841014157836,0.0014526852690237284,0.00027113051196177583
2.4324,0.0015218638713780021,0.001571093235236033,0.0002707641966819583
2.4333,0.0014926338332747681,0.0012490899252428707,0.0002706193019056491
2.4343,0.0014618843537072387,0.0018937810491435523,0.000270619310096942
2.4353,0.0014408896421810955,0.0015433974002347804,0.00026995128795762746
2.4362,0.0014364613855488437,0.0015241656772829095,0.0002691991224424188
2.4372,0.0014353222443877155,0.0016239807066093601,0.00026910454369190664
2.4382,0.0014349999999999038,0.0015201104155696881,0.0002696167192071361
2.4391,0.0014341594224552077,0.001360633819994039,0.00027028400493638363
2.4401,0.0014330205528416248,0.0017389830309967051,0.0002707346384088974
2.4411,0.001432709900632231,0.001517247797614713,0.0002708213140819874
2.4421,0.0014400573202748008,0.0018050371293637224,0.00027077034381387416
2.443,0.0014488141025203862,0.001410462190891069,0.00027132416067352015
2.444,0.0014635650375819224,0.00140060456500794,0.0002735385636599774
2.445,0.0014913336338573584,0.0014836469298250363,0.00027820696398464517
2.4459,0.001532459315271774,0.001081465623372922,0.0002846648123976815
2.4469,0.0015780319731065959,0.0012123507412946546,0.0002898209434502663
2.4479,0.0015113469184641311,0.001933713681600563,0.0002900783057325692
2.4488,0.0014644380500810324,0.0016409920178374622,0.00028572972955085525
2.4498,0.001444749265423236,0.0014777814868685484,0.0002809683997177278
2.4508,0.001433688455429494,0.0015270498174877066,0.0002784161551111715
2.4518,0.0014245753261418004,0.0008319628936285931,0.000277546448051225
2.4527,0.0014203101236560968,0.0013733117763064897,0.0002773780019440888
2.4537,0.0014388408096070529,0.0013014708923749707,0.0002782520569917347
2.4547,0.0014775623764699869,0.0014147732131084537,0.00028046549873306324
2.4556,0.0015136752137899499,0.0014961092793838004,0.0002823910625967735
2.4566,0.001556211993206674,0.0019624221329435304,0.0002834669832162838
2.4576,0.0015994601089079476,0.0014586877305346477,0.0002835047320329945
2.4585,0.001640262343838902,0.0016515908582658393,0.0002824498876709707
2.4595,0.001650737607777754,0.0012098656073285905,0.00028134850047012124
2.4605,0.0016145033495128204,0.0018409668565852171,0.0002809565317590423
2.4615,0.001579546830474953,0.0012288704348786994,0.00028016936377009606
2.4624,0.001549179946118193,0.0011720140515512727,0.0002784681986361648
2.4634,0.0015166846943292858,0.0011962116898372485,0.0002774507513668378
2.4644,0.0014854391438999866,0.0020829720838012895,0.00027786335048709035
2.4653,0.0014631656263695016,0.001610935266891541,0.0002787286976621608
2.4663,0.001448856370374137,0.0010896446182148325,0.0002793635080964725
2.4673,0.0014374676742381202,0.0011897503054038128,0.00028010598330015295
2.4682,0.0014272278914901093,0.001154301795306521,0.00028142658507063033
2.4692,0.0014158394549115374,0.0016064179453379893,0.00028308517714938786
2.4702,0.0014044480433019106,0.0012913270828122246,0.00028396218292765877
2.4711,0.0013950379914129919,0.0015806302996620222,0.0002835656210346839
2.4721,0.0013879066015076507,0.0014130607149426737,0.0002829303034687805
2.4731,0.0013822155639197282,0.0010846383111028004,0.00028266219251882183
2.4741,0.0013779119148689867,0.0017158525070889068,0.0002823956962019008
2.475,0.001378441696201698,0.001634164019114793,0.00028236804282959693
2.476,0.0013901798604038736,0.001546750043962723,0.0002830452700269479
2.477,0.0014239634840146692,0.0013704899066630197,0.00028516463142325886
2.4779,0.001424475342526718,0.0014075628961286897,0.0002897840279265551
2.4789,0.0013992514262622655,0.0010573142523827108,0.00029758914317958734
2.4799,0.0013810928445176381,0.001208908109308479,0.0003051497545360599
2.4809,0.0013680427757557544,0.001799579553286007,0.0003077426907326505
2.4818,0.0013602113028767322,0.001221009658006096,0.00030555055779256504
2.4828,0.0013545881371265695,0.0016009623437265984,0.00030146784051059106
2.4838,0.0013604138312894045,0.0011759864919470972,0.00029799266756053784
2.4847,0.0013790959624028465,0.001241736208554915,0.000297942031158419
2.4857,0.0014030122242885785,0.0015296343401644927,0.0003014364858256502
2.4867,0.001429021995014884,0.0012970638928095162,0.000303241750904119
2.4876,0.0014525740623559814,0.0013856360262374944,0.0002992671172411205
2.4886,0.001479182677683789,0.0013404760134932492,0.00029351959251013
2.4896,0.0014986538232790113,0.0013756987111726436,0.0002910649366725974
2.4906,0.0014882936423611778,0.0014395695082848748,0.0002919383452824563
2.4915,0.0014683073854902166,0.002167645293331845,0.0002932716802645707
2.4925,0.0014473262780095718,0.001277927968742851,0.0002941096137668638
2.4935,0.0014260468208643245,0.001404437122792116,0.00029564843525138027
2.4944,0.001407382187410991,0.0011654538930373542,0.0002966865779858064
2.4954,0.001387833504678908,0.0015086219320883355,0.0002951142451890566
2.4964,0.0013733692196822836,0.0012305990375759861,0.0002929574309905295
2.4973,0.0013660815964353402,0.0010163224493867958,0.0002931827505069178
2.4983,0.0013572294661537187,0.0011975538671722744,0.0002956107894604776
2.4993,0.0013492573788583526,0.0015863167394849869,0.0002973279554240944
2.5002,0.0013424986342513842,0.0017256903351945232,0.0002957863381873778
2.5012,0.0013362211804748077,0.001146315886471336,0.0002933242790190657
2.5022,0.001333305366481326,0.0015422306935730197,0.00029245298962561926
2.5032,0.0013346656522609164,0.0011306012635450345,0.0002932685238727283
2.5041,0.0013358577269987283,0.0011802471279116463,0.00029431474852374955
2.5051,0.001337993193224496,0.0013403835918080597,0.00029452498119793323
2.5061,0.0013392709324517456,0.0011536383981930072,0.0002950377065513965
2.507,0.0013411603748377926,0.0020992645410447893,0.00029683264052265615
2.508,0.0013417017118412947,0.001154245181771227,0.00029830604431835153
2.509,0.0013379379947637,0.0016274935328824246,0.00029831517784317823
2.51,0.001330542206401456,0.0013001225703907343,0.0002982358318365925
2.5109,0.001324391658774309,0.001580126260076165,0.0002985973579473334
2.5119,0.00131755844109261,0.001141522552393269,0.0002987453957915914
2.5129,0.001310729596863991,0.0014176951328386915,0.0002987554825606256
2.5138,0.0013045815094967846,0.0010882414374865988,0.00029841724038887996
2.5148,0.0012989577770884191,0.0013218363124794746,0.000297471885391386
2.5158,0.0012978189074750745,0.00145447776497005,0.00029677428883203145
2.5167,0.0012970000000000245,0.000843207976576458,0.00029696186607347866
2.5177,0.0012973446608577593,0.0015512959610783964,0.00029753496109616615
2.5187,0.0012984827840714275,0.0006142449669543242,0.00029765210485458755
2.5196,0.001299000000000136,0.0011755526419215824,0.00029757233124541176
2.5206,0.0012996470165034934,0.001085503562783429,0.0002984864017288332
2.5216,0.001300785886117157,0.001069396692800665,0.0002992865800826296
2.5226,0.001301000000000109,0.001101229235288233,0.0002991762930784863
2.5235,0.0013009999999999806,0.00100256394151903,0.00029932284461997935
2.5245,0.001301999999999984,0.0013126022810382551,0.00030041102308671775
2.5255,0.0013022267188245685,0.0017587994911492022,0.0003017294182088327
2.5264,0.0013030000000000973,0.0011028834373291037,0.0003026454566142207
2.5274,0.0013045609409996688,0.001581763345392843,0.0003018466943721997
2.5284,0.0013106988725944682,0.0010274919116629658,0.00029915938890536637
2.5294,0.0013180053091897213,0.0008134211605002951,0.00029681646033505126
2.5303,0.0013248465987881152,0.0012565805783405159,0.00029615838063861463
2.5313,0.0013328205869148856,0.0013623576450146207,0.00029677062950332384
2.5323,0.0013407926742102306,0.0017661113302473328,0.00029774134216643567
2.5332,0.0013479603855622534,0.0017922436275354138,0.00029801006393558055
2.5342,0.0013474015524479774,0.0016013228070221644,0.000297353775214772
2.5352,0.0013345488938872809,0.0016888384851509064,0.0002970200676817186
2.5361,0.001327702835152538,0.000982697255629873,0.0002979452014963088
2.5371,0.0013326655253472193,0.0015493209329806566,0.0002998434297496564
2.5381,0.0013566470634268392,0.0015151957993501546,0.0003018472878444581
2.5391,0.0013996549701908118,0.001700661119670821,0.00030337086762600166
2.54,0.0014511138703991358,0.0014082480844113598,0.00030496726705371254
2.541,0.0014290484460992919,0.0012421027654361389,0.0003071015436373916
2.542,0.001381392375542308,0.0008391523033874741,0.0003081862594139155
2.5429,0.001342721259253933,0.0004720695301255423,0.00030723025625664294
2.5439,0.0013075292434518364,0.0016087227121037145,0.0003054671315803799
2.5449,0.0012815991021157777,0.001620024829914728,0.00030480019806309336
2.5458,0.0012665720885325488,0.000927948817403786,0.0003051249658587588
2.5468,0.0012614449822810495,0.0012001459720171876,0.00030575860615914273
2.5478,0.001269200956620198,0.0013408761935916164,0.00030632540553271443
2.5488,0.0012821023909931198,0.0011379563482795327,0.00030712052307537785
2.5497,0.001295970733955656,0.0014365995564094764,0.00030820483936529723
2.5507,0.0013119149085461285,0.0013048224384353626,0.00030881207555392634
2.5517,0.0013299850321523623,0.0013964542970851131,0.00030835789763600366
2.5526,0.0013461091002029315,0.0013934484387107095,0.0003074862254136979
2.5536,0.0013575510868776832,0.0010121467389799274,0.0003071642551150927
2.5546,0.0013574533046991771,0.0006937147030159496,0.0003076369431822723
2.5555,0.001365049426797771,0.0010565606422230753,0.0003083177982288142
2.5565,0.0013877640376688404,0.0020874624030961567,0.00030849901828808817
2.5575,0.001431608345526489,0.001337701909447704,0.00030823916968957427
2.5585,0.0014968578506852248,0.0016784148445224932,0.00030835882392634285
2.5594,0.001569535261184514,0.0018422785346975906,0.000309570005684619
2.5604,0.0016052348744037997,0.0013269646619882643,0.0003112609862267194
2.5614,0.0016115349469022215,0.0016694471055821243,0.0003121810549267119
2.5623,0.0016167915823352662,0.0011260354427195846,0.00031242058035989566
2.5633,0.0016233490565655774,0.0017337470689856131,0.000312590271367994
2.5643,0.0016294537148444997,0.0019900579226660394,0.0003126995607381854
2.5652,0.0016351702187261017,0.0013801342093187005,0.0003120503692336338
2.5662,0.0016276875595405667,0.0013638713830376585,0.00031189959341037767
2.5672,0.0015644809281474383,0.001872675543459829,0.00031237619490667327
2.5681,0.0014904774846239456,0.0014997254652943473,0.0003118895129256152
2.5691,0.001423022125313585,0.0016941214153093087,0.00031028738270012015
2.5701,0.0013746013640836179,0.000853537201154697,0.0003087243270335978
2.5711,0.0013427950707263726,0.0012177441503054315,0.0003079453673971509
2.572,0.0013223374282785173,0.0011113290399607984,0.00030808474201179757
2.573,0.0013109463128371927,0.0013759515951387727,0.000308812741713695
2.574,0.0013166344578076868,0.001321713707807451,0.0003101131968733317
2.5749,0.0013253145864743777,0.0018415288032408795,0.0003115913455338532
2.5759,0.0013355668569227468,0.0009751263480429018,0.00031187400526684004
2.5769,0.0013458166834456355,0.0009946794636673812,0.0003111084670374245
2.5779,0.001356057333051191,0.001348742781710327,0.00031034686248596353
2.5788,0.0013662023120437066,0.001157527094862367,0.00030964493977381316
2.5798,0.0013709361852763504,0.0011048166444704301,0.00030954996553068817
2.5808,0.0013506298863579492,0.0012589953470626611,0.00031052036832784945
2.5817,0.0013332033347473878,0.0016275792144951275,0.0003120150227504434
2.5827,0.0013142113471784217,0.0013701364043968308,0.000313694694698219
2.5837,0.0012970009306469627,0.0005702297751217825,0.0003155771349107944
2.5846,0.001283174677646817,0.0015843738692717406,0.00031722973105977693
2.5856,0.0012710249503099169,0.0011224119413325555,0.0003178538008587827
2.5866,0.001268803035570961,0.0014125150206394349,0.000316554954807335
2.5876,0.001279349169820952,0.001057348808320632,0.0003148887913321573
2.5885,0.0012935220050505597,0.001036628434777107,0.00031406456369141757
2.5895,0.0013127803609931988,0.0014274303880625248,0.00031363067560735334
2.5905,0.0013323896290076789,0.0016019592086218034,0.0003128483385852446
2.5914,0.0013511050720388662,0.0018616868531240527,0.000311960565134419
2.5924,0.0013727399386772665,0.002213104419818625,0.0003114008293106861
2.5934,0.001382363320526601,0.0016843715417780754,0.0003114619681354207
2.5943,0.0013821413021912524,0.0014192972121533567,0.0003122994058217164
2.5953,0.0013908047278019696,0.001739193885373245,0.000313304799158847
2.5963,0.0014135129774263467,0.0013454451046066016,0.00031362258510032545
2.5972,0.0014475718557926554,0.0014856519082239443,0.0003133203737011928
2.5982,0.0014965741901441776,0.001647751057765648,0.00031303474239987076
2.5992,0.001547804240997952,0.001954105702384601,0.00031306906545255496
2.6002,0.0015328375963804038,0.0013179425622561216,0.000313197830002695
2.6011,0.0014480550560049868,0.0014916454633731593,0.0003130147388212823
2.6021,0.0013744612459394845,0.001932190802091548,0.000312649197045708
2.6031,0.0013270820440409953,0.0018579546718140102,0.00031258205718237325
2.604,0.0013041395616813667,0.001496701091692079,0.0003129346017015074
2.605,0.0012904485299145287,0.0012013279848054838,0.00031356061733217095
2.606,0.0012826359002671448,0.0009263265697884437,0.0003144189603100848
2.607,0.0012842318404266261,0.0007034432789979992,0.0003156985417807694
2.6079,0.001291454708438438,0.0012192539610473142,0.0003179517820341795
2.6089,0.0013005678377260707,0.0013970235333219977,0.000320022931318429
2.6099,0.0013096787946347268,0.0015441754636044281,0.00032042605801708854
2.6108,0.0013182394654049875,0.0008549151307988567,0.00031964939510502826
2.6118,0.001327990481713202,0.0014713878353249095,0.00031978302962996257
2.6128,0.0013377325893050853,0.0009487710422039245,0.000320771658215152
2.6137,0.0013423232642937246,0.0012099274645905331,0.0003215967531591314
2.6147,0.0013430000000001698,0.0017580501941699238,0.0003221496963015255
2.6157,0.0013439396429214333,0.0016449354225889778,0.0003224443601287386
2.6166,0.001344000000000122,0.001704159094574317,0.00032235851886282756
2.6176,0.00134400000000005,0.0013044047519939117,0.0003218765738564453
2.6186,0.0013442413344675857,0.0015439770344595196,0.00032151007452878495
2.6196,0.0013450000000001482,0.0016875271385583404,0.00032202878363979685
2.6205,0.0013433777324009172,0.0010738201654328001,0.00032378945897942126
2.6215,0.001341000000000016,0.0006754265590484294,0.0003267825751777077
2.6225,0.0013450951725567139,0.001399626511209778,0.00032961600549419264
2.6234,0.0013561943597989977,0.0009841233636924828,0.0003303963763548057
2.6244,0.0013811532014920665,0.0015648407555103332,0.00032991866304487964
2.6254,0.0014214549611642378,0.0016053702500388005,0.00032946552047693524
2.6264,0.0014797034970500794,0.0012074364762392291,0.000328266993313612
2.6273,0.001531620870318848,0.0011615839435292277,0.00032631003137167366
2.6283,0.0015668957837742243,0.0009055179188812277,0.00032508373142612447
2.6293,0.0016030613636200642,0.0021067224043897744,0.00032513692195001873
2.6302,0.0016368804145064418,0.0015528327563275916,0.0003248809468861876
2.6312,0.001675652198443807,0.0018781945229365748,0.00032427394593388263
2.6322,0.0017155126349203114,0.0018047864151556558,0.0003242556251782974
2.6331,0.0017528671374707546,0.0013718308196692499,0.00032529285688638913
2.6341,0.0017691340348716068,0.0017633437998027354,0.0003269840065172443
2.6351,0.0017082544335646275,0.0016874102529881544,0.00032887680597270977
2.6361,0.001643832682789899,0.0013979739935322257,0.0003306527732713268
2.637,0.0015888789942961798,0.0016228916505896004,0.00033232929073346066
2.638,0.001531035820824202,0.0014706846563841284,0.00033474848451626164
2.639,0.0014773129927303243,0.0020240855801194786,0.0003379753398631481
2.6399,0.0014326415340104382,0.0017953552418002385,0.000339381217045416
2.6409,0.0013992916487084272,0.0011301095802066993,0.00033688193177996636
2.6419,0.0014012947047065886,0.0016996421540203237,0.0003324641276281059
2.6428,0.0014135848832374036,0.001688494743161229,0.00032916244333459606
2.6438,0.0014281859485563407,0.0012623144517818483,0.00032796054643793225
2.6448,0.001444067503805261,0.0012272623323130716,0.0003278449108993368
2.6458,0.001460230871491659,0.002012830379251658,0.0003273833800008095
2.6467,0.001475603167349185,0.0018018752174265207,0.00032658838568837376
2.6477,0.0014798005058453733,0.0015210550618307637,0.0003262616031005508
2.6487,0.0014380091872161003,0.001258731715754036,0.0003265858821125166
2.6496,0.0013861443329900613,0.0013867643557024217,0.00032747418142596395
2.6506,0.0013462497279486734,0.001928869656193221,0.000329222660453155
2.6516,0.0013238813843609338,0.0010583731693598257,0.00033102580706806525
2.6525,0.0013150916960350174,0.0015134467950748208,0.00033281224546735915
2.6535,0.001313016993042674,0.0014449939717428705,0.0003350956463333539
2.6545,0.001317121876571083,0.0009410518840313942,0.00033718564954867005
2.6555,0.0013169570152613882,0.0018995037655624141,0.00033725109561791593
2.6564,0.0013137141625440823,0.00113983617243619,0.0003356892018573452
2.6574,0.001314272671696327,0.0009646072879953731,0.00033427725218507226
2.6584,0.0013227525113395028,0.0013297228903941618,0.0003337382527585598
2.6593,0.0013397560109898337,0.001778830668475762,0.0003339616188416023
2.6603,0.0013719801153818621,0.0011133664462856985,0.00033471211163621354
2.6613,0.001421680369505266,0.0016115450154752721,0.0003358771791173735
2.6622,0.0014493751451496945,0.0007554205197984421,0.0003374041025621624
2.6632,0.0014160924253008057,0.001665119514733335,0.0003393572861217189
2.6642,0.0013804774225012033,0.0019706298399335483,0.00034205599938049813
2.6651,0.0013535703347451002,0.0015075224007632484,0.0003453344123884619
2.6661,0.0013293651161628331,0.0010266206897673366,0.00034730939104462964
2.6671,0.0013128322187993119,0.0011025272398750626,0.00034541592493835693
2.6681,0.0013033499865345854,0.0018543182971729614,0.0003408868281865596
2.669,0.00130226631060288,0.0013044218251172495,0.00033733478064408665
2.67,0.0013161290398602016,0.0017262252470205657,0.0003355681438759082
2.671,0.0013446014840512686,0.0012729083241448834,0.0003351085228327914
2.6719,0.0013807052644976804,0.0016740367646441575,0.0003354084438175505
2.6729,0.0014330693404735067,0.0011135681715070552,0.00033688121994549707
2.6739,0.0014971971725775287,0.0015890199103034386,0.00033968262940233234
2.6749,0.0015695839184737184,0.0018632788992490805,0.00034300322711355944
2.6758,0.001635625403263332,0.0020030289714727486,0.0003442804271916456
2.6768,0.0016637127259760492,0.0012622177363836994,0.00034226148868886494
2.6778,0.001642572398093614,0.0017234063982454703,0.0003391667428272784
2.6787,0.0016244607127892355,0.0016623859637212724,0.00033727349317906483
2.6797,0.0016050999293577225,0.0018389725146503936,0.0003369103495033958
2.6807,0.0015866913219965782,0.0014800167800855843,0.0003375815925754882
2.6816,0.0015702898616573888,0.0019059446097054518,0.0003386158880751528
2.6826,0.0015555526093882712,0.0017794976368667057,0.00033909784971491264
2.6836,0.0015387963858844319,0.0012817803212998124,0.00033856610175368767
2.6846,0.0015118546231037695,0.0016109453112158367,0.00033755182180311813
2.6855,0.0014887062142619019,0.0015088294569784362,0.00033677099281577514
2.6865,0.0014636451087205117,0.0019333837245073455,0.000336644853383099
2.6875,0.0014400068259385686,0.0014371221844609657,0.0003372135386802875
2.6884,0.001419511842002064,0.0017240147891718753,0.0003380012652887256
2.6894,0.0013975977272434998,0.001282565883730205,0.0003385190798527667
2.6904,0.0013769527632030768,0.00118197396655625,0.00033867816637341133
2.6913,0.0013544824704319954,0.0014826717132648249,0.0003385964762765533
2.6923,0.001333507145852369,0.0011505592191347566,0.0003387366827225864
2.6933,0.0013173506773510558,0.0008411771589307642,0.00033894669280352735
2.6942,0.0013057079850807775,0.0014824798363097624,0.00033955940840308324
2.6952,0.001295255431155549,0.001614079385877537,0.00034053226329022507
2.6962,0.0012873583556850831,0.0007531295166228759,0.0003418003484567218
2.6972,0.0012820156724794886,0.0013492278588574046,0.0003433118729591568
2.6981,0.001284081183284809,0.0013120679405868604,0.00034499322658738913
2.6991,0.0012986335571911981,0.0014863960489665889,0.0003468510122004351
2.7001,0.0013200987888066316,0.0020249050557750695,0.0003485208461021009
2.701,0.001344185940927056,0.0015780711347741219,0.0003488383715781536
2.702,0.001380671230641536,0.0015842475658714443,0.000347347196935591
2.703,0.001431186299039467,0.0019714719154535158,0.00034524238710367523
2.704,0.0014948049741497981,0.0018431484866389084,0.0003437390280720327
2.7049,0.0015486026858110024,0.0006035433200422067,0.0003432439179668534
2.7059,0.0015262780097668241,0.0007802029656372593,0.0003436872142420057
2.7069,0.0014547223654466951,0.0014711891800894506,0.0003445834354976131
2.7078,0.0013987732543251762,0.0017222352225296639,0.00034550079679135706
2.7088,0.001348909735295048,0.0010318795984751447,0.0003463936102525394
2.7098,0.001311571607133865,0.0014752629358860533,0.00034719903364709105
2.7107,0.0012861041440507006,0.0016149534940401783,0.0003476049416502518
2.7117,0.0012694263938955797,0.0012128596121460302,0.00034747548277044567
2.7127,0.0012623957794504002,0.001924663636479286,0.00034705171445495724
2.7136,0.0012642605476292162,0.0015027830132457298,0.0003468904388454142
2.7146,0.001267677971112227,0.0008531928126503973,0.00034682555642145577
2.7156,0.001271094579953065,0.0012724241856363673,0.00034711099939183315
2.7166,0.0012753482517251437,0.0009559925572223836,0.00034767151257018353
2.7175,0.001279444693468582,0.0013611113038659753,0.0003482579478315144
2.7185,0.0012839995394558215,0.0017629128030499186,0.0003486024230467345
2.7195,0.0012896951301244843,0.0009299690328443259,0.0003487221271285686
2.7204,0.00129498470377654,0.0011803313591891417,0.0003487834155511658
2.7214,0.0013030298690969427,0.0011123586325281103,0.0003487675638377162
2.7224,0.0013161789537933372,0.0011308232824085445,0.0003488415191877468
2.7234,0.0013338575984459665,0.0008214769501841159,0.0003494902531064353
2.7243,0.001354302926031183,0.0016345072418440854,0.00035031376276544184
2.7253,0.0013853145885077119,0.0017073822639536535,0.0003503806738403029
2.7263,0.0014265421907601796,0.0016077541861999906,0.00035000515133459776
2.7272,0.0014718501225777642,0.0016349098466032915,0.0003500108325651187
2.7282,0.0014425891539412807,0.001318478461115949,0.0003504334559714146
2.7292,0.0014080217190265165,0.001694580115385581,0.0003509853126928437
2.7301,0.0013818105590402909,0.0010514483844381675,0.0003515479343526234
2.7311,0.0013611194150746435,0.0014675597892566557,0.00035203593613718833
2.7321,0.0013481045741232907,0.0011219877648593315,0.00035255679621704945
2.7331,0.0013446252134842892,0.0011071913363532163,0.00035324006597317674
2.734,0.0013515030475520669,0.0011845050544482423,0.00035394141007018503
2.735,0.0013613133949505539,0.0003609432633452565,0.0003540865473216607
2.736,0.0013611433689405292,0.00138970579471134,0.00035429177494552795
2.7369,0.0013590931863980184,0.0017033362258262875,0.0003547476066224709
2.7379,0.001357908862537484,0.001318168995193309,0.00035519973684441155
2.7389,0.0013567699929240313,0.0015107321576405379,0.00035537019358301435
2.7398,0.0013560000000000343,0.0015857739514341268,0.00035514740135590613
2.7408,0.0013560000000000074,0.0013152513579729927,0.00035474812498863934
2.7418,0.0013565331091220962,0.001420723422663673,0.00035461549349157233
2.7428,0.0013509590717095293,0.0011875728281809808,0.00035492347101332816
2.7437,0.0013410406894553647,0.00266275355253854,0.0003554036722786249
2.7447,0.0013304867939872892,0.0013045940508383388,0.00035576972300963976
2.7457,0.0013202369674647175,0.0011541055694049116,0.0003560053674391674
2.7466,0.0013120099075768466,0.0014134618180177158,0.0003563772909447569
2.7476,0.0013030357792043576,0.001997394710908214,0.0003572067173855582
2.7486,0.0012953461997481015,0.0013913588998302545,0.00035836322115806126
2.7495,0.0012900978260606975,0.0019911144885477574,0.0003593732831395501
2.7505,0.0012875604057395967,0.0010152375038921112,0.00035999717645490996
2.7515,0.0012875784638736168,0.001509075309631565,0.0003602297989114473
2.7525,0.001290150365940096,0.0009850665523322161,0.0003603943805253254
2.7534,0.0012961909014762602,0.0019004208979953674,0.0003609992211649431
2.7544,0.0013085651236080878,0.0014065665099550356,0.0003621003813242953
2.7554,0.0013274438213619236,0.001408460131685756,0.00036275239218967444
2.7563,0.0013512872477119858,0.001051638827791412,0.0003630379287485832
2.7573,0.001374606824438877,0.001045178176752472,0.0003631217048518863
2.7583,0.0013434346517156497,0.0011609956984715629,0.00036319016941244945
2.7592,0.001310341226356246,0.0013924001983707437,0.00036332787036664013
2.7602,0.0012867216916095238,0.0009255884749460489,0.0003634512384122833
2.7612,0.0012733831884432665,0.000921327388631224,0.00036352733094726893
2.7621,0.0012667540927791736,0.0016516697761981992,0.00036360405614760063
2.7631,0.001262638536420487,0.0016147273092423703,0.0003637544942986566
2.7641,0.0012601478934666172,0.0008560495464453626,0.0003642887344728212
2.7651,0.0012594544601613345,0.0008917166187143366,0.00036533387377538985
2.766,0.0012669001415140995,0.0007670210247159908,0.00036634677799030356
2.767,0.001278514857113104,0.0013229869216298503,0.00036680347263026486
2.768,0.0012921326019704317,0.0014402064016556199,0.00036689360357487245
2.7689,0.001306875585464685,0.0010567821592826245,0.00036710646351503074
2.7699,0.0013244935497378982,0.0012639804340237384,0.0003675411493117753
2.7709,0.0013433851800278022,0.0012099605646493706,0.0003680936863859519
2.7719,0.0013643631356311822,0.001511856392218963,0.0003688528749362096
2.7728,0.00138298912053568,0.0011115408602692636,0.00036979768537587037
2.7738,0.0014025139363143511,0.0012718064775283614,0.0003705608102272794
2.7748,0.001423100434409901,0.001669942785605419,0.0003711511754278248
2.7757,0.0014425771685623032,0.0017495908779924893,0.0003710442184924131
2.7767,0.0014647647113495224,0.0018242101378316343,0.0003708046382662465
2.7777,0.0014890840066639332,0.0014965483795804544,0.0003706653328372321
2.7786,0.0015116213039322423,0.0011777236810309242,0.00037095273085449793
2.7796,0.0015372526370419884,0.0025839777965030045,0.00037199366995651175
2.7806,0.001544138628913978,0.0019935911191802016,0.00037379286088489843
2.7816,0.0015173736284467415,0.0012239759812703393,0.00037555432857109427
2.7825,0.0014875292039854382,0.0009457090252049004,0.00037646575074997085
2.7835,0.0014555911763740306,0.0015218575653963616,0.0003768254557066882
2.7845,0.0014287260174414922,0.0016270603539036439,0.000377406605974328
2.7854,0.0014079230815566097,0.0018579522129508607,0.00037801569697016945
2.7864,0.0013898382272741914,0.0015033757992404908,0.00037795056958982035
2.7874,0.001376415162139551,0.0011245040892295818,0.000377197497609354
2.7883,0.0013743807080732146,0.0014538101621880083,0.0003764052862375591
2.7893,0.0013916802140148184,0.0014955174560351697,0.00037600879416293647
2.7903,0.0014266244133186983,0.0016020450163109375,0.0003761866150835152
2.7912,0.0014703604957563342,0.0012217765639694492,0.00037684638918263335
2.7922,0.0015271714277331028,0.0011795149545240076,0.0003777659971522891
2.7932,0.001590696976402965,0.0025082979195786585,0.0003787056254623245
2.7942,0.001658696404528818,0.0016025212379777861,0.0003793430715998181
2.7951,0.001723957019119567,0.001913856930411004,0.0003799779795630603
2.7961,0.0017629387931910997,0.0016652985461301365,0.0003803162300334275
2.7971,0.0017142768001971013,0.002387133364122998,0.0003809557312651918
2.798,0.0016589850164426872,0.0019292279337551712,0.00038186802581821415
2.799,0.0015999598353392095,0.0014202658882032904,0.0003831774313847155
2.8,0.0015442964565129304,0.0017112504286960707,0.0003845021978521659
2.801,0.0014915086107535973,0.0012535873535622045,0.00038539407263593975
2.8019,0.0014472777575794806,0.0015107577727097219,0.0003860088486419726
2.8029,0.0014024265317635555,0.0013769981154987398,0.0003873086032271337
2.8039,0.0013764601914181846,0.001601051939191158,0.0003887119203763305
2.8048,0.001392989451623462,0.0015326569434741533,0.0003902731365211624
2.8058,0.0014188668179523141,0.0009296006665550652,0.0003935722438561941
2.8068,0.0014467496757072742,0.0015335752737209514,0.00040118670303582714
2.8077,0.0014735094495650016,0.0008400402093817793,0.0004123321472537544
2.8087,0.0015049662542320904,0.001279119114507855,0.00048540089013049143
