Wavelength_um,Model_Depth,Transit_Depth,Error,Num_Transits
0.8309,0.0027291665167449787,0.002758824977101,0.00026188698746817534,1.0
0.8318,0.0027280275903234907,0.003242995334368525,0.000240104237928536,1.0
0.8328,0.0027248303576959355,0.0026204793514896,0.000236806751749144,1.0
0.8338,0.002742078973622473,0.0030983786081103058,0.0002331559428823367,1.0
0.8348,0.0027568223912406735,0.0029488901080361703,0.00023045435815398704,1.0
0.8357,0.002777805769566093,0.002622318010590266,0.00022933171401876728,1.0
0.8367,0.0027563138952494876,0.002706101205987776,0.00022757679650361418,1.0
0.8377,0.0027412878377089363,0.0027381897457537537,0.0002253521787206207,1.0
0.8386,0.00275354584905064,0.002442512955174523,0.00022393773736010687,1.0
0.8396,0.0027605067301730473,0.0023755716566108346,0.0002220656180217083,1.0
0.8406,0.0027427199428965154,0.0024380018420024885,0.0002198069556378943,1.0
0.8415,0.0027687556011183534,0.0026047111212831324,0.00022024146563728698,1.0
0.8425,0.0027498637757114707,0.0031481901092456476,0.00022445027138870072,1.0
0.8435,0.002765754605460687,0.0028276534636084527,0.00022972607338889102,1.0
0.8445,0.0027676924231752388,0.0031063571992052987,0.00023068019667130764,1.0
0.8454,0.002756995940797325,0.0030725976397554993,0.00022984337835294476,1.0
0.8464,0.0027398052135459814,0.002541655933843971,0.0002323423662654172,1.0
0.8474,0.0027430001314962147,0.0027995608958048483,0.0002332712204529609,1.0
0.8483,0.002749569566453092,0.002724178955877155,0.0002268881072271249,1.0
0.8493,0.0027539525928367177,0.002570184545357674,0.00021984040620876984,1.0
0.8503,0.002760999999999845,0.002740229412760637,0.00021650089934572905,1.0
0.8512,0.002753733678752632,0.0027388730917838264,0.0002168268976693697,1.0
0.8522,0.002769987803982773,0.002918086424290793,0.00021902113893474637,1.0
0.8532,0.0027787497993443802,0.0030388418745973733,0.00022031612671941347,1.0
0.8542,0.002763855258576752,0.00280164723894841,0.00021892700942789187,1.0
0.8551,0.0027518241106265213,0.0027281878938874623,0.00021560530825238448,1.0
0.8561,0.0027651158616015313,0.002370391912373816,0.00021232230638265233,1.0
0.8571,0.0027567577017479574,0.0024678322559406078,0.00020963084749032017,1.0
0.858,0.002754371498807371,0.0030514404217952904,0.00020792327208438835,1.0
0.859,0.0027527952053051524,0.0028015472676791347,0.00020832826241862435,1.0
0.86,0.002764854425929946,0.0029314665153203703,0.00020740218147510402,1.0
0.861,0.002753419103439964,0.0025861190201542207,0.00020406627633309286,1.0
0.8619,0.0027483098588565466,0.0025580409909289584,0.0002006968412460239,1.0
0.8629,0.002748982956418602,0.0024804988878913137,0.00019813544054481195,1.0
0.8639,0.0027543906274633805,0.0027716692192882937,0.00019722088950407655,1.0
0.8648,0.0027489717147583695,0.002617910543877969,0.0001998994572549341,1.0
0.8658,0.002744429516394688,0.0029751577349051237,0.00020612935570212272,1.0
0.8668,0.002751398726235139,0.002634198739749943,0.0002076641645670259,1.0
0.8677,0.0027559999999998974,0.002761298680264822,0.00020375167303489242,1.0
0.8687,0.0027571754611977204,0.00271132487247558,0.00020303168207285794,1.0
0.8697,0.0027659933490928727,0.002794030405113749,0.00019977902362992484,1.0
0.8707,0.002758612732802588,0.002711525191842718,0.00019346390637899839,1.0
0.8716,0.0027596718869524308,0.0025260883724770493,0.00018938662570163438,1.0
0.8726,0.002762256458773545,0.002298344231373603,0.0001866324602148922,1.0
0.8736,0.0027663118782478833,0.002658395322915824,0.0001845041390343902,1.0
0.8745,0.002750313339555045,0.0026494274804049625,0.0001832376226362254,1.0
0.8755,0.0027743707661727164,0.002535433171561653,0.000182365586827445,1.0
0.8765,0.00275065121777997,0.002661290604523929,0.00018140407885903356,1.0
0.8774,0.002743453730599458,0.002860759762482149,0.0001803721517616283,1.0
0.8784,0.0027574993351693654,0.002821594583464815,0.00017943740099503488,1.0
0.8794,0.0027606833204646764,0.002733705365542381,0.00017873744116656614,1.0
0.8803,0.00274564950187014,0.002777055200813938,0.00017778512006744478,1.0
0.8813,0.0027644684975173944,0.002964482054315106,0.00017655891933857583,1.0
0.8823,0.00275142703756544,0.0024812849598199738,0.00017540171589748726,1.0
0.8833,0.002769425982664346,0.0026596260631866733,0.00017454001016550393,1.0
0.8842,0.0027674297792525835,0.002603489436924351,0.00017403956294257376,1.0
0.8852,0.0027582621206228685,0.002684560441993705,0.00017436768463132538,1.0
0.8862,0.0027640638304169806,0.003003402239353351,0.00017553708277772795,1.0
0.8871,0.002778428407376133,0.0028192828591250174,0.00017590175643374356,1.0
0.8881,0.002797146169084496,0.0032278478556896154,0.0001751400905037376,1.0
0.8891,0.002810813419090281,0.0027863383402415526,0.0001743323191002242,1.0
0.89,0.0028129999999999605,0.0026320199221377453,0.00017386386959911,1.0
0.891,0.002845397611696303,0.0028800452004817644,0.00017432419571466475,1.0
0.892,0.0028657587723546246,0.002849221375254275,0.00017390127488110978,1.0
0.893,0.0028676196964237356,0.003052727350012216,0.00017119890695887376,1.0
0.8939,0.002861836331651892,0.0027652463619994186,0.00016925661944498704,1.0
0.8949,0.0028138161652245925,0.002877432706165654,0.00016956911411438095,1.0
0.8959,0.0028129842562664596,0.002534610568899094,0.00017027055788800544,1.0
0.8968,0.002806509593776819,0.002677809212178312,0.00016958757694486486,1.0
0.8978,0.002824539335969452,0.0028383315806444005,0.0001672898005229117,1.0
0.8988,0.0028798938535028085,0.0029175778223468935,0.0001651958724962098,1.0
0.8998,0.0028559657874444176,0.0029090864733584214,0.0001644201358798387,1.0
0.9007,0.00284018087335832,0.0030355243358426596,0.00016457726394692866,1.0
0.9017,0.002807507498217588,0.002666608619386918,0.00016539671872684217,1.0
0.9027,0.0027887804006288598,0.0028129724348912788,0.00016568860324583216,1.0
0.9036,0.0027952156831572896,0.002949300196027242,0.0001648148336620045,1.0
0.9046,0.002845833311145902,0.002676980591070396,0.00016283224579234044,1.0
0.9056,0.002839504789965184,0.003004607960215532,0.00016060633281205449,1.0
0.9065,0.0027873481852763986,0.002875009819773067,0.00015961387252039634,1.0
0.9075,0.0027937961006555792,0.002656291685332995,0.0001591705608885066,1.0
0.9085,0.0028236314454741017,0.0027442648052666075,0.0001582301165282183,1.0
0.9095,0.0027947175887419657,0.0026564688917822352,0.00015746737884750854,1.0
0.9104,0.0028089999999999908,0.00310528152774426,0.00015712049803427803,1.0
0.9114,0.002804974507599027,0.00289434806856533,0.00015653732416636058,1.0
0.9124,0.002791401625701537,0.0026986712281526805,0.00015531745637006425,1.0
0.9133,0.0027842580612027247,0.0026489763144981254,0.000154077308798049,1.0
0.9143,0.0027649178279537945,0.002753352375657824,0.00015315470617185403,1.0
0.9153,0.0027600421014753987,0.0028320606724706954,0.00015248073663023435,1.0
0.9162,0.0027623882811292576,0.0026427794379398194,0.00015196863230075756,1.0
0.9172,0.002754200060642412,0.0028471841357951442,0.00015152999945868386,1.0
0.9182,0.002739591344388506,0.002903376099670652,0.00015111595229929046,1.0
0.9192,0.002798368766006772,0.002924649677102142,0.00015074311734550734,1.0
0.9201,0.0027373157892944416,0.0028205937357644027,0.00015067531339116978,1.0
0.9211,0.002784910952583311,0.0028247921092904404,0.00015093664216912244,1.0
0.9221,0.0028050740910726757,0.002700276143529419,0.0001514158833944631,1.0
0.923,0.0027265950326768743,0.002645489362338832,0.00015178878695660451,1.0
0.924,0.002720592537534355,0.002791783312022096,0.00015165061210030298,1.0
0.925,0.002756418606425582,0.0027182094978214447,0.00015119782845405018,1.0
0.9259,0.002741071414469715,0.0026243244737824164,0.0001511852914199813,1.0
0.9269,0.002717928919642321,0.002779113645182059,0.00015136689550873038,1.0
0.9279,0.0027470000742953323,0.0027324613648295796,0.0001509921615314372,1.0
0.9288,0.00275079966433446,0.0026298738187796196,0.00015052039781798246,1.0
0.9298,0.002741688164330929,0.002715829318915722,0.00015010344381509414,1.0
0.9308,0.0027380298484593374,0.002511991057887243,0.00014943952478107292,1.0
0.9318,0.0028121721966510318,0.0031111409603833615,0.0001487579042915598,1.0
0.9327,0.0028396310156474087,0.002939045526731485,0.00014824465308201892,1.0
0.9337,0.002758879695853222,0.002646057780345184,0.00014745381626190296,1.0
0.9347,0.0027579249959958927,0.0026133317147188084,0.0001465701156273144,1.0
0.9356,0.002759462453898666,0.0026778787537996823,0.000146209276837455,1.0
0.9366,0.0027408444312407385,0.00290570691626278,0.00014624862675421838,1.0
0.9376,0.0028045925008212767,0.0028160497501838445,0.0001463051717648762,1.0
0.9385,0.002812975778875113,0.002858048161565155,0.00014633808943145812,1.0
0.9395,0.0028086127860866127,0.002879549612833107,0.00014613129713667825,1.0
0.9405,0.0029031214691195547,0.0029904547922251657,0.00014537100256765753,1.0
0.9415,0.0027862355566394535,0.0027816441148049926,0.00014435399767261133,1.0
0.9424,0.0027914151808528923,0.002611676581386715,0.00014335721137969566,1.0
0.9434,0.002767161487926938,0.002799430299325087,0.0001426576729175443,1.0
0.9444,0.00279062892925977,0.002647903100396858,0.00014226068324440995,1.0
0.9453,0.002769570056107155,0.002636960242309163,0.00014179056994019656,1.0
0.9463,0.0028907938011013433,0.0029370917856514278,0.00014148240429700385,1.0
0.9473,0.002755801798133691,0.0028331480321235787,0.0001413767489243853,1.0
0.9482,0.0027423737770376194,0.0026470217767274934,0.00014096687989732388,1.0
0.9492,0.002740969140189714,0.0026309418065063508,0.00014039890181559596,1.0
0.9502,0.002763147458230743,0.0029665986256755144,0.00014017354436466505,1.0
0.9512,0.0027448017649726623,0.0031119939914122426,0.00014036452841167122,1.0
0.9521,0.002766554752445377,0.0026781892861964408,0.0001401434237861761,1.0
0.9531,0.002786696274919058,0.0026780619001441595,0.00013936709138483684,1.0
0.9541,0.0027602842722828716,0.002791709971436843,0.00013879792578269805,1.0
0.955,0.0027498406607469436,0.0027964286148741005,0.00013844169216289614,1.0
0.956,0.002752995309503983,0.0028083088424689672,0.00013807639593302147,1.0
0.957,0.0027426521114830827,0.0030415032622820148,0.00013805585283455538,1.0
0.958,0.002759063888854004,0.0027985970657472283,0.00013781195944075143,1.0
0.9589,0.002775300654695949,0.002662020084217905,0.00013684581607824336,1.0
0.9599,0.002774241359667206,0.0028056801175245214,0.00013604118809904943,1.0
0.9609,0.0027638996338290953,0.0029767454299424873,0.00013552424938301452,1.0
0.9618,0.002761018104840053,0.0024585780738485084,0.0001351939414370991,1.0
0.9628,0.0027956383860721756,0.002632118337727686,0.00013529837424376543,1.0
0.9638,0.00279643490115702,0.002702153400638004,0.00013555735590963742,1.0
0.9647,0.0027533493787552338,0.003055817256952083,0.0001353658570471564,1.0
0.9657,0.0027549764873443746,0.002735505225893959,0.00013485929701299022,1.0
0.9667,0.002773615914716172,0.0027333557066534495,0.0001345409856190698,1.0
0.9677,0.0027626780380230844,0.0025411111666475313,0.000134799806133854,1.0
0.9686,0.0027651159179748392,0.002742093401827487,0.00013583203242290565,1.0
0.9696,0.002783615680885883,0.0026758313917831563,0.0001364517593140221,1.0
0.9706,0.0027795236321103366,0.0026079370787411853,0.0001357192180718248,1.0
0.9715,0.002773544255662965,0.002922663206757974,0.00013413215429209613,1.0
0.9725,0.0027744254238315563,0.0026149706503204332,0.00013270148701701392,1.0
0.9735,0.0027638141835241515,0.002700896384444585,0.0001322837574273263,1.0
0.9744,0.0027591959731985464,0.0028203649370896517,0.00013232085782486863,1.0
0.9754,0.0027592698326022696,0.0027830727948393343,0.00013211460355900292,1.0
0.9764,0.0027684105884666385,0.0027679748959547577,0.00013198197981749652,1.0
0.9773,0.0027831505309615237,0.0028372654585174122,0.00013182837528319621,1.0
0.9783,0.0027649588576036783,0.002728996399014216,0.0001314831464053189,1.0
0.9793,0.002771184661448259,0.002612877588203338,0.0001308593325859136,1.0
0.9803,0.002786724573761041,0.0027133246254476976,0.000130120812433736,1.0
0.9812,0.002774242079593619,0.0029334586124298906,0.00012967489757018005,1.0
0.9822,0.0027718362022607764,0.002933864693492668,0.00012935233766805926,1.0
0.9832,0.002780772592833089,0.0028046960745490685,0.000129082525534327,1.0
0.9841,0.002776017174436233,0.0027769794915766892,0.0001289097185045333,1.0
0.9851,0.002784574549651138,0.0029315713109328238,0.0001286260153147789,1.0
0.9861,0.002801823524001587,0.0027339749209354166,0.00012808444760253136,1.0
0.987,0.0028034016187579724,0.0027081949257340785,0.00012756732721831604,1.0
0.988,0.002819930527259202,0.003008616161751421,0.000127151721641635,1.0
0.989,0.0028038091982101753,0.00292063639947432,0.0001270117270489413,1.0
0.99,0.0028028956400148494,0.003017768679980741,0.00012732951451230868,1.0
0.9909,0.00279475229866351,0.0027854831933837106,0.00012834940283049467,1.0
0.9919,0.002788000000000031,0.00307750882225295,0.0001295868252210364,1.0
0.9929,0.0028089315994365427,0.003138743343109485,0.0001298187664720902,1.0
0.9938,0.002803989035395536,0.002835550281118365,0.0001290617753171818,1.0
0.9948,0.0027858886476920873,0.002688692949497618,0.0001286013428893028,1.0
0.9958,0.002807039800761282,0.0029410537728429818,0.00013001398514968893,1.0
0.9968,0.0027926068943388296,0.002707014007295646,0.00013182563916999264,1.0
0.9977,0.002785735626255438,0.002491305147568508,0.000131089330039583,1.0
0.9987,0.0027927562125343174,0.002782035692216684,0.00012934025236458713,1.0
0.9997,0.002785913350133512,0.0027124915881012604,0.00012926076570669617,1.0
1.0006,0.002776927308440971,0.0028157851605221554,0.000129142607907997,1.0
1.0016,0.002786098320059536,0.0031108689713009088,0.00012749720883504527,1.0
1.0026,0.0028286855960055392,0.0027886830592733255,0.00012546164476890789,1.0
1.0035,0.0028100521832511976,0.002713345999760883,0.00012427364227966746,1.0
1.0045,0.0028214533746497104,0.002756771822050212,0.00012407215147504442,1.0
1.0055,0.0028164199751069944,0.0028279867806615174,0.00012433684456335017,1.0
1.0065,0.002795917878135681,0.0027791975427337683,0.0001241677538803065,1.0
1.0074,0.002787529051033219,0.0028628208733770385,0.0001235101007214468,1.0
1.0084,0.002796675995359759,0.002845177830346024,0.00012289464071646905,1.0
1.0094,0.002797774441417127,0.0027800029452412947,0.00012239325252106164,1.0
1.0103,0.0027986629618338755,0.002850165684681517,0.00012213862130623879,1.0
1.0113,0.002796088948408491,0.002939420857879798,0.00012206331864392376,1.0
1.0123,0.002780109231508291,0.002952942581669897,0.00012206218990453318,1.0
1.0132,0.0027833995482633407,0.0028135572545519745,0.0001223196319929163,1.0
1.0142,0.0028003608892523697,0.0028562881638883393,0.00012260133695687135,1.0
1.0152,0.0028105789318042308,0.0026737533273022544,0.00012242439546225658,1.0
1.0162,0.0028056986258643796,0.0028751822640245956,0.00012172574917209345,1.0
1.0171,0.0027893988470193793,0.0026810337666151617,0.00012105916543629611,1.0
1.0181,0.002786000000000171,0.0027981727534210302,0.00012068194861992162,1.0
1.0191,0.0027894075206851485,0.002733604991042157,0.00012043611452292754,1.0
1.02,0.0028005236573101252,0.0028442509427356526,0.00012034598486204877,1.0
1.021,0.0028033769036381485,0.0029506823499856217,0.00012032706344742071,1.0
1.022,0.00277165082209792,0.00272167797656287,0.0001200892898424461,1.0
1.0229,0.002804066427226655,0.0027562166517248656,0.00011941352826331845,1.0
1.0239,0.0027847287834010547,0.002920848711014438,0.00011882780932262772,1.0
1.0249,0.0027842833688167747,0.002722126286086048,0.00011890060139993987,1.0
1.0258,0.002790854120276337,0.002664067163686062,0.00011957995711574971,1.0
1.0268,0.0028067946380145527,0.0027173575501952736,0.00012026410856202857,1.0
1.0278,0.002806412241739458,0.0027900517512730594,0.00012016807730767776,1.0
1.0288,0.0027833573511770802,0.002908087716819849,0.0001193073839154456,1.0
1.0297,0.0027736192180658446,0.0028717334827187938,0.0001185893780470528,1.0
1.0307,0.002777553206198504,0.002804442576802636,0.00011857511688388278,1.0
1.0317,0.0027876037819411633,0.002829190232198237,0.00011874863764929233,1.0
1.0326,0.0027928734630024324,0.002796435734347797,0.00011888410456136583,1.0
1.0336,0.0027886367053247194,0.0028227129345698393,0.00011943660001696287,1.0
1.0346,0.002785990799749567,0.00278368070226123,0.00011962756660532925,1.0
1.0356,0.0027827176606474643,0.0028187581025611867,0.00011874050642091172,1.0
1.0365,0.0027826662609472114,0.00297133679504814,0.00011767548899290315,1.0
1.0375,0.0027701303965077992,0.0026724001172344016,0.00011686389110566019,1.0
1.0385,0.0027585130270346156,0.0029047459853678357,0.00011633421249062015,1.0
1.0394,0.002768648970940733,0.0029424894296774034,0.00011606107838410625,1.0
1.0404,0.0027585368459437675,0.0025439126466344363,0.00011593742418650446,1.0
1.0414,0.002738491926536542,0.0027709471055612635,0.00011608782181376385,1.0
1.0423,0.0027454149234498204,0.0024650937982562612,0.00011677332296808878,1.0
1.0433,0.002760408920974435,0.0029342528873368403,0.00011773433763797321,1.0
1.0443,0.0027571654658826747,0.002835042976066876,0.00011793418937389243,1.0
1.0452,0.0027482711814063327,0.0028631317776062768,0.00011717371624245223,1.0
1.0462,0.00274115245101342,0.0024739981865219323,0.00011608440428456867,1.0
1.0472,0.0027400000000002527,0.002848770668384144,0.00011527326487312191,1.0
1.0482,0.0027281363651417236,0.00263767024923513,0.00011508417926043015,1.0
1.0491,0.002731958856300216,0.0028211125992439355,0.00011540358058237088,1.0
1.0501,0.0027283896632791876,0.0024327089940057406,0.00011569979244646755,1.0
1.0511,0.0027305402017821882,0.0025815239700793394,0.00011537637920268809,1.0
1.052,0.002737357268141276,0.002891718825014977,0.00011467493113330538,1.0
1.053,0.002719364707998892,0.0027280722677152304,0.00011404220125828558,1.0
1.054,0.0027161868337748384,0.0028800822664583497,0.0001135270938049677,1.0
1.0549,0.002736792261075764,0.0026698789056714585,0.00011326194796935977,1.0
1.0559,0.002712645866932955,0.002786709772523886,0.00011361718278564465,1.0
1.0569,0.00270099999999996,0.0026355377510873866,0.00011517282157504002,1.0
1.0579,0.0027105458211356174,0.0027496189554760157,0.00011831895829234229,1.0
1.0588,0.0027257631796315032,0.0027280016793098426,0.00012022817746156637,1.0
1.0598,0.002720414316164345,0.0027845784355984516,0.0001176063901083002,1.0
1.0608,0.002716359560651484,0.0027024266717225213,0.00011438979817560224,1.0
1.0617,0.0027206378286359105,0.0028095687701458582,0.00011308714855805079,1.0
1.0627,0.0027089866551385754,0.0027459107659027425,0.00011245122237494232,1.0
1.0637,0.002710778148260155,0.0026465346110567767,0.00011197364386297346,1.0
1.0647,0.002741337384008656,0.0027602379961788317,0.00011186949346461139,1.0
1.0656,0.002739166955213651,0.0028851009290149898,0.00011189762565285375,1.0
1.0666,0.002706860042076659,0.002886816432897279,0.00011162687187046712,1.0
1.0676,0.0027084418191584505,0.002685755706018553,0.00011120834132808763,1.0
1.0685,0.0027023144941740592,0.0025352313485851857,0.0001108445115843068,1.0
1.0695,0.002705974804020297,0.0027580027296386783,0.00011051919575228334,1.0
1.0705,0.0027059383488610925,0.002769910511157239,0.00011040997178275673,1.0
1.0714,0.0027050779766352577,0.002815587020869886,0.0001106787672206253,1.0
1.0724,0.0027066316371393228,0.0026728698375567657,0.00011147449368386547,1.0
1.0734,0.0027002618651509936,0.0024133049133757277,0.00011233151204669943,1.0
1.0743,0.0027053866248512135,0.0028526579971745875,0.00011186221164002974,1.0
1.0753,0.002701212043223547,0.0026471957806019704,0.00011052253352867871,1.0
1.0763,0.002702962499953044,0.0024980809953356717,0.00010963030065126012,1.0
1.0773,0.0026982328383409935,0.0026722119762639523,0.00010920462074970906,1.0
1.0782,0.0026867516095848854,0.0027676281065084104,0.00010892302641986924,1.0
1.0792,0.0026947612549559586,0.002476433411226386,0.00010910440705679821,1.0
1.0802,0.002712135741440352,0.0027672646353524544,0.00010978371975296073,1.0
1.0811,0.0027248131527563813,0.0027917036225374972,0.00010993245763668705,1.0
1.0821,0.0027121926605900696,0.0027821395936541435,0.00010915326009237352,1.0
1.0831,0.0026998090058674897,0.00279788927488978,0.00010833824021007528,1.0
1.0841,0.002700738059250132,0.0026868037137643104,0.00010793937298343075,1.0
1.085,0.002702788241792608,0.002920925240200738,0.00010780485225901016,1.0
1.086,0.0027235381328608076,0.002794483741063155,0.00010767951648235487,1.0
1.087,0.0027106872008999423,0.0029526288317879923,0.00010746563256406341,1.0
1.0879,0.0027247771518942314,0.00252867690435306,0.00010729169343651365,1.0
1.0889,0.002758285829444098,0.002910752142891953,0.00010730707731764572,1.0
1.0899,0.0027242067731366214,0.002464306431652395,0.00010752776036697797,1.0
1.0908,0.0027139913159069653,0.0028674363494948464,0.00010768622560074109,1.0
1.0918,0.0027760383532791483,0.00292625827979789,0.00010763427656669941,1.0
1.0928,0.0027663251826663213,0.0028010036905106043,0.00010743949663273086,1.0
1.0938,0.0027302224760816438,0.002726090300717065,0.00010709165169161312,1.0
1.0947,0.002727999999999949,0.0025008270179155264,0.00010685244063151841,1.0
1.0957,0.0027413710655265697,0.003109742407436893,0.00010708575371169654,1.0
1.0967,0.0027339999999999266,0.0027905539748807142,0.00010746804056365746,1.0
1.0976,0.0027366653189633107,0.0027807671775631204,0.00010728124358981223,1.0
1.0986,0.0027514675501950905,0.002660836347330554,0.00010664446033528917,1.0
1.0996,0.0027734249023401683,0.002740937735467292,0.00010615569753210135,1.0
1.1005,0.002803054175487791,0.0027769537581964878,0.00010599577947898679,1.0
1.1015,0.002811482485586591,0.002817139622151016,0.000106039407985463,1.0
1.1025,0.0027652900837799614,0.0029104440385936798,0.00010618036270905119,1.0
1.1034,0.0027763095760128783,0.0026351406294206348,0.00010626633629126364,1.0
1.1044,0.0028538928290869135,0.002823278463063689,0.00010632774044095834,1.0
1.1054,0.002778255355991319,0.002812838862128864,0.00010661310821413002,1.0
1.1064,0.0027716844363898734,0.002882815272491834,0.00010678709684622636,1.0
1.1073,0.0027685757522323807,0.0029039146292025343,0.00010645890783356386,1.0
1.1083,0.0027763890198204745,0.002684918470906755,0.00010595222413850976,1.0
1.1093,0.0027821752997900257,0.002985378155769968,0.00010553576812769064,1.0
1.1102,0.002774689718181374,0.002728351448050289,0.00010541335603340088,1.0
1.1112,0.002781933513902086,0.0026717527462913034,0.00010579551325055784,1.0
1.1122,0.002784264187371722,0.002633770806502502,0.00010613000912266276,1.0
1.1132,0.0027769323562935218,0.0027702563505863226,0.00010565432033104179,1.0
1.1141,0.002766659325323888,0.002700762495116799,0.0001049407876906582,1.0
1.1151,0.002821546004510566,0.002887171663209843,0.0001046357423372215,1.0
1.1161,0.00283214838051414,0.0029130714021493617,0.00010458383767812975,1.0
1.117,0.0028280000000000514,0.002841477244703609,0.00010448294230451462,1.0
1.118,0.0028237559514144744,0.002639924352898962,0.00010440615471404827,1.0
1.119,0.00282083129170285,0.00278550048818258,0.00010449884059152663,1.0
1.1199,0.0028550471356160534,0.0027849655737398897,0.00010455358827458183,1.0
1.1209,0.0028182340397237874,0.002898737090713148,0.00010435421985391259,1.0
1.1219,0.002796519618962016,0.0028526368148605297,0.00010399543766076642,1.0
1.1228,0.0028194355108458755,0.002782848344842582,0.00010373193751420514,1.0
1.1238,0.0028389236454541156,0.0028057293596745084,0.000103838709552451,1.0
1.1248,0.002835417310084633,0.0028970980931311723,0.00010426939139738949,1.0
1.1258,0.00282352039317159,0.002696720624515238,0.00010433497247221123,1.0
1.1267,0.0028178620375457516,0.0028407051100424506,0.00010387305468836346,1.0
1.1277,0.0028201408072723025,0.002766223908848284,0.00010342115646219189,1.0
1.1287,0.002829904511801472,0.002797922867133615,0.0001031396922384446,1.0
1.1296,0.0028105221114452465,0.0030726669346310717,0.00010302869355084636,1.0
1.1306,0.002781139591712321,0.002881584626133988,0.00010295161608728741,1.0
1.1316,0.002778918046277897,0.0027569509987298616,0.00010272605768141048,1.0
1.1326,0.002796837690018831,0.0028302312819634546,0.00010265783311215023,1.0
1.1335,0.0028518694507972038,0.002846743149012593,0.00010291461018528045,1.0
1.1345,0.0028930021972307855,0.0029269247985380057,0.00010320735868892012,1.0
1.1355,0.0028068008397825464,0.0027972280467259596,0.00010343578498202796,1.0
1.1364,0.002835586416744004,0.00288008634348553,0.00010386574965424651,1.0
1.1374,0.002857852039758201,0.0029037788551240424,0.00010447335813317118,1.0
1.1384,0.002847209284354397,0.0029182335268803554,0.00010481859353250743,1.0
1.1393,0.0028424602520274217,0.002615772770998571,0.00010464594471593315,1.0
1.1403,0.002839134355949234,0.0029121091681468324,0.00010400087092088281,1.0
1.1413,0.002826941322361591,0.0028970997375294943,0.00010309236356844776,1.0
1.1422,0.002814147856277238,0.0028474695178433633,0.00010244628818453543,1.0
1.1432,0.002822181956045853,0.002849486953480083,0.00010208596488447627,1.0
1.1442,0.0028447395016576974,0.0028245165309025203,0.00010170732975606887,1.0
1.1452,0.002870688312921506,0.0029517783932440744,0.00010140576420044112,1.0
1.1461,0.002870827745998039,0.0029162237849993224,0.00010127989370922439,1.0
1.1471,0.0028505162346911554,0.0029442895687513,0.00010125021837341711,1.0
1.1481,0.0028417677707520557,0.0028184209609742788,0.00010121199546526047,1.0
1.149,0.002828416025556975,0.0028135663052370335,0.00010113897689632033,1.0
1.15,0.002827733403729483,0.002881699951008629,0.00010113675107608983,1.0
1.151,0.002816253499094051,0.0027874336426156805,0.00010116284718632162,1.0
1.1519,0.002842104078134373,0.0027559413082474706,0.00010102635331511029,1.0
1.1529,0.0028622500287970383,0.0029928233063326658,0.00010080726970515979,1.0
1.1539,0.00284557557468795,0.002696784687678318,0.00010064463905095119,1.0
1.1549,0.0028790326817627224,0.0028637842936803737,0.00010060073681369065,1.0
1.1558,0.002905000000000085,0.0028478562695507643,0.00010066375717506983,1.0
1.1568,0.0028905914617726076,0.002970320053728129,0.00010077978530975247,1.0
1.1578,0.002875070999058612,0.002885963188143309,0.0001010892769039673,1.0
1.1587,0.002912252263444927,0.0029076031447296843,0.00010182158300899336,1.0
1.1597,0.0029123891521184936,0.0028335865206492077,0.000102482965438609,1.0
1.1607,0.0028724863927228894,0.002959151245708945,0.00010220780685497329,1.0
1.1617,0.0028945921847402622,0.003005987354862661,0.00010167411630962444,1.0
1.1626,0.0028814387549702105,0.0028052879874914164,0.00010179203053688073,1.0
1.1636,0.002852230506288789,0.002899355243134494,0.00010245638231359088,1.0
1.1646,0.0028412447576239767,0.00292982417665204,0.00010231777817347575,1.0
1.1655,0.0028643930599847912,0.0027423070593858598,0.00010117227972714832,1.0
1.1665,0.002838772010629519,0.003017838080390725,0.0001003960632757531,1.0
1.1675,0.0028156461020545933,0.002806219993321001,0.00010072328476645776,1.0
1.1684,0.0028409014536308723,0.0029374300218162346,0.00010221040811983793,1.0
1.1694,0.0028830585364339892,0.0028046017700316186,0.00010323731557337166,1.0
1.1704,0.0029067398913823696,0.003059499117964267,0.00010209847810447207,1.0
1.1713,0.0028926673038805243,0.0029630145465569385,0.00010056374332211837,1.0
1.1723,0.002891609740881142,0.002871388241957096,0.00010001342221424179,1.0
1.1733,0.0028850244860464153,0.002958296720404791,0.00010005903191895095,1.0
1.1743,0.002869180462778551,0.002858870607736033,0.00010017023837474107,1.0
1.1752,0.0028625718200267656,0.0028612391485832705,0.00010042247521545879,1.0
1.1762,0.002853539496193784,0.0027761041844401677,0.00010126050988756479,1.0
1.1772,0.002837726200086321,0.0029018990241595475,0.0001020113788253734,1.0
1.1781,0.002817820480294684,0.0027129966476544145,0.00010141657615661723,1.0
1.1791,0.0028461490648134945,0.002773157578080573,0.00010031376601650138,1.0
1.1801,0.0028635843278888144,0.0026560054523878792,9.976756831727067e-05,1.0
1.1811,0.002836090967582497,0.002927097082187671,9.963532362046336e-05,1.0
1.182,0.0028290513344982142,0.0027662687742961876,9.964049652546899e-05,1.0
1.183,0.0028349085970728796,0.0028489125384242187,9.961418732485132e-05,1.0
1.184,0.002851551600427984,0.002803105948397412,9.943246418945126e-05,1.0
1.1849,0.0028785801387779405,0.0027364246569824315,9.918437133697962e-05,1.0
1.1859,0.0028597129864703866,0.003145568034274365,9.914986543732224e-05,1.0
1.1869,0.0028231530649016185,0.002839963392666334,9.985594911696244e-05,1.0
1.1878,0.002826727302264835,0.0028025492580796823,0.00010158049833052867,1.0
1.1888,0.002840400523392224,0.002989047315426303,0.00010303206228891997,1.0
1.1898,0.0028526057583194014,0.0027132726896904736,0.00010220244844558269,1.0
1.1908,0.0028468862703188037,0.0029107122720452286,0.00010024083080350867,1.0
1.1917,0.002838658648028036,0.002836702760644112,9.905177153517391e-05,1.0
1.1927,0.0028300694617053456,0.00280697654207262,9.870986738430069e-05,1.0
1.1937,0.0028350384232818542,0.0028236184366651736,9.876493961214137e-05,1.0
1.1946,0.00284258529454535,0.002682784158203289,9.898027360722145e-05,1.0
1.1956,0.0028374654951506873,0.0027149622317320554,9.947313489275921e-05,1.0
1.1966,0.0028155032267995405,0.002662638232482763,0.00010037110421091116,1.0
1.1975,0.0027909932391586624,0.0027602857542321276,0.00010093049287559152,1.0
1.1985,0.002789586819338253,0.0028177669974164647,0.00010028759608367524,1.0
1.1995,0.002823835146919267,0.0028625428797725504,9.925659443933848e-05,1.0
1.2004,0.002842635464922537,0.002893060231723893,9.872068132982797e-05,1.0
1.2014,0.0028293439209228165,0.0028558692548461798,9.860904037545299e-05,1.0
1.2024,0.0027921371163637403,0.002850836588732781,9.859788251285043e-05,1.0
1.2034,0.002805123511694494,0.0027048614327658087,9.850453099395297e-05,1.0
1.2043,0.0028033307544735498,0.002634518775432165,9.831275011589308e-05,1.0
1.2053,0.00278146418764805,0.002900961249553696,9.813390134364629e-05,1.0
1.2063,0.0027940866524733036,0.002642651692165302,9.808666403184407e-05,1.0
1.2072,0.002797673091606283,0.002876446586769112,9.816957960243453e-05,1.0
1.2082,0.0027874947840315794,0.0028571356546181143,9.832543188119296e-05,1.0
1.2092,0.002766500662549453,0.0028164789143094557,9.841106667292969e-05,1.0
1.2102,0.002761935400778169,0.0027319056303009783,9.831382171583228e-05,1.0
1.2111,0.0027695125486769594,0.0027390810220441074,9.81529542692315e-05,1.0
1.2121,0.002782155590917696,0.002879747897923973,9.811828006958673e-05,1.0
1.2131,0.002773181975797587,0.0029833935050527153,9.816677977818471e-05,1.0
1.214,0.002774314229144151,0.0026307165396005972,9.802618452370659e-05,1.0
1.215,0.0027695020117879505,0.002799719402201829,9.781453103313143e-05,1.0
1.216,0.0027661343072878735,0.002742100914751024,9.770840319524215e-05,1.0
1.2169,0.002767539300139713,0.0027607016704631385,9.762931100608492e-05,1.0
1.2179,0.0027611591091981297,0.0028143209721505783,9.756049138245307e-05,1.0
1.2189,0.002753893057108286,0.0026926138820819066,9.75658270322284e-05,1.0
1.2198,0.0027512118555299103,0.0026485884138509963,9.759479298308728e-05,1.0
1.2208,0.0027542646209786866,0.00294540593236854,9.758656253990027e-05,1.0
1.2218,0.002751280527640666,0.0027343487150962983,9.756284752433736e-05,1.0
1.2228,0.0027317993992445905,0.0024135999089020714,9.755620170818734e-05,1.0
1.2237,0.00276724053228619,0.0027424677696309685,9.757419348301699e-05,1.0
1.2247,0.002830505149684808,0.002729122113477688,9.759579245014899e-05,1.0
1.2257,0.002769744401136597,0.0029234001961228597,9.769579004508147e-05,1.0
1.2266,0.0027482774772123243,0.0028466391801030707,9.775516692355656e-05,1.0
1.2276,0.0027269349819439032,0.0026511038405961974,9.765793365873418e-05,1.0
1.2286,0.002737389894420256,0.0027465057081553453,9.749671843904514e-05,1.0
1.2296,0.0027378048006027615,0.002732246199278914,9.740500439118514e-05,1.0
1.2305,0.0027314214318520796,0.0026971529373373093,9.740228557613326e-05,1.0
1.2315,0.0027403284559574816,0.0027541378239029106,9.749222711753036e-05,1.0
1.2325,0.002738867187135534,0.002722272569750491,9.7623241639683e-05,1.0
1.2334,0.0027247940679823754,0.0026473896634631082,9.767135029006033e-05,1.0
1.2344,0.002722116405130812,0.002714935238135791,9.756496005595165e-05,1.0
1.2354,0.002733539466405912,0.002709998510644545,9.740167751754478e-05,1.0
1.2363,0.002762999999999888,0.0026301892763226187,9.730023598083236e-05,1.0
1.2373,0.0027501199846321858,0.0027625300552832706,9.726096018185024e-05,1.0
1.2383,0.002717938924324619,0.002835222416856724,9.726220851269423e-05,1.0
1.2392,0.0027115148109401505,0.002685587515743923,9.730297041355368e-05,1.0
1.2402,0.0027078790277641645,0.0027299372812679776,9.738713360496175e-05,1.0
1.2412,0.002702947743756865,0.002790667050775878,9.7528693698061e-05,1.0
1.2422,0.002700195861103839,0.002645911306208968,9.76984843231177e-05,1.0
1.2431,0.0027018522118577282,0.0028055784109361414,9.781487603372777e-05,1.0
1.2441,0.0027167404344770234,0.0027862409599358597,9.787104899598025e-05,1.0
1.2451,0.0027119805161598598,0.002540657081958528,9.788858124398546e-05,1.0
1.246,0.002708228988039283,0.0025293110216697704,9.780856965013133e-05,1.0
1.247,0.002709734878314308,0.0027299413824227485,9.763731309785025e-05,1.0
1.248,0.002716057240879375,0.0027194190754894335,9.75444354160874e-05,1.0
1.2489,0.002719938369281796,0.0025373792893855886,9.757615670175337e-05,1.0
1.2499,0.0027082850404361223,0.0027701905482406305,9.766758050748382e-05,1.0
1.2509,0.002698147857839767,0.0027668811657741797,9.782419183070265e-05,1.0
1.2519,0.002694157320079086,0.0026487839916873026,9.806225715038345e-05,1.0
1.2528,0.0026978861788077083,0.0027921877027960616,9.823859131227478e-05,1.0
1.2538,0.0027084313889593568,0.00279957582667854,9.817324810741722e-05,1.0
1.2548,0.0027324889712844655,0.002827754923931407,9.793424757301011e-05,1.0
1.2557,0.0027402359501398402,0.0026676866739172873,9.778055221597294e-05,1.0
1.2567,0.0027208651604792716,0.0025501472892246533,9.77604570792474e-05,1.0
1.2577,0.002714448274822971,0.002646416352423159,9.780713369564579e-05,1.0
1.2587,0.0027057173599903646,0.002685781859279649,9.792913907192562e-05,1.0
1.2596,0.002695562198552016,0.0027638969109100723,9.800290845438451e-05,1.0
1.2606,0.002690437457343157,0.0024927255339803164,9.788261802417575e-05,1.0
1.2616,0.0026890068137272213,0.002757379363932534,9.772369871287333e-05,1.0
1.2625,0.002695219081006265,0.002735731838727935,9.77313160984974e-05,1.0
1.2635,0.0027080920574389235,0.002791903938701214,9.787067384132289e-05,1.0
1.2645,0.0027145900271856997,0.002712793560665017,9.794722883834534e-05,1.0
1.2654,0.002712158741631644,0.0026452509446957834,9.797225505468344e-05,1.0
1.2664,0.0027012461531341243,0.0027156570789588206,9.814675451905722e-05,1.0
1.2674,0.0026932216034456615,0.0027217210407708913,9.833317405726091e-05,1.0
1.2683,0.0026900000000000058,0.002719969394380931,9.825613001214988e-05,1.0
1.2693,0.0026915216035952342,0.0025513130913282257,9.800700608922086e-05,1.0
1.2703,0.0026928998071847282,0.0027774564394223962,9.783966117385092e-05,1.0
1.2713,0.0027002707375892985,0.00288125232250407,9.782082709664778e-05,1.0
1.2722,0.002707445868664612,0.002608646576697267,9.78871589831007e-05,1.0
1.2732,0.0027152098070287105,0.002628931253609599,9.80603120733767e-05,1.0
1.2742,0.002718297479407954,0.002712036057434537,9.824337370977816e-05,1.0
1.2751,0.0027080536875975494,0.0026666630098539784,9.824539349216289e-05,1.0
1.2761,0.0026944861976692996,0.0028163052807919503,9.81243188363686e-05,1.0
1.2771,0.0026955738815619347,0.002753195031242067,9.804156351201997e-05,1.0
1.2781,0.002698563171178463,0.002645957103853628,9.803951332273619e-05,1.0
1.279,0.0027094835652588666,0.002510017093515403,9.809425655716023e-05,1.0
1.28,0.0027110547022896015,0.002798271027224281,9.839245291973292e-05,1.0
1.281,0.002711011637172798,0.00259069671291592,9.925390225513347e-05,1.0
1.2819,0.0027235297788201413,0.002815017393244967,0.00010067844487658967,1.0
1.2829,0.002734270124787322,0.002798106469203054,0.00010180693862933027,1.0
1.2839,0.0027282277391646147,0.0027264030581397283,0.00010149673413956426,1.0
1.2848,0.0027319346602665082,0.002719655559010613,0.00010022148798669263,1.0
1.2858,0.00274505100432736,0.0027720042463028763,9.926244423284318e-05,1.0
1.2868,0.0027506890966896543,0.002716760457003065,9.883443800155348e-05,1.0
1.2878,0.002749345951275648,0.002689665049272264,9.87404984955099e-05,1.0
1.2887,0.002745592325510256,0.0029030938049322136,9.893793753648278e-05,1.0
1.2897,0.0027430181519805833,0.0027279008334207735,9.928281275375812e-05,1.0
1.2907,0.002741442476520278,0.0025945382849417173,9.980739988417464e-05,1.0
1.2916,0.0027292962661604266,0.002751819599378284,0.0001002760379411587,1.0
1.2926,0.0027214677796781332,0.0027838737855440114,0.00010028359790843247,1.0
1.2936,0.0027310426932054444,0.002669882678497693,9.99186808433624e-05,1.0
1.2945,0.002737629863356752,0.0027290727437797625,9.958948332797564e-05,1.0
1.2955,0.002746722916831174,0.0028658301216723516,9.922255597724056e-05,1.0
1.2965,0.002751796238353895,0.0026530064609882483,9.885555285540115e-05,1.0
1.2974,0.00277148798430251,0.0025622065632881236,9.870453199111386e-05,1.0
1.2984,0.0027806926347649003,0.0026364686181953876,9.873791423963734e-05,1.0
1.2994,0.0027826358546472643,0.002800042510418141,9.880409206261483e-05,1.0
1.3004,0.0027705441210840614,0.002724385973586294,9.88775247248241e-05,1.0
1.3013,0.0027537867089619944,0.0027738370883869617,9.896607516723852e-05,1.0
1.3023,0.002730627037039602,0.0028655360083543937,9.913043187887992e-05,1.0
1.3033,0.002734590450365131,0.0027733821206827156,9.938368070518683e-05,1.0
1.3042,0.0027480187081095953,0.002877407161993269,9.947752602344623e-05,1.0
1.3052,0.002739175837453771,0.0027045125663022257,9.938532668038187e-05,1.0
1.3062,0.002728098932426947,0.002741840350085742,9.932455007902149e-05,1.0
1.3072,0.0027389480806667044,0.0025330151973369805,9.939022326522481e-05,1.0
1.3081,0.0027484879022800566,0.0026588830748935505,9.954428638593169e-05,1.0
1.3091,0.0027489179591654116,0.002823374466834962,9.976347680856132e-05,1.0
1.3101,0.002747337268655435,0.0027568207774677474,0.00010026764017027643,1.0
1.311,0.002746230008596727,0.0029142331043644338,0.0001012370236608473,1.0
1.312,0.002756537674713976,0.0026494444360429734,0.00010240351384385488,1.0
1.313,0.0027743183287531853,0.0025975477828142036,0.00010271224327078625,1.0
1.3139,0.002787026119432048,0.002855466818036458,0.00010207469360539756,1.0
1.3149,0.0027707081327765382,0.002707758432052471,0.0001014976957638862,1.0
1.3159,0.002751917255558018,0.0028524065626423937,0.00010093760804378097,1.0
1.3168,0.0027559555671797104,0.0028983193202210275,0.00010032993730434949,1.0
1.3178,0.002775784818265292,0.002771108055407719,9.998658575921877e-05,1.0
1.3188,0.0027718319668781333,0.002870590441050331,9.993633331469477e-05,1.0
1.3198,0.0027580661469895074,0.00282086207419361,0.00010009864206072348,1.0
1.3207,0.002765374420278931,0.0029394971778498487,0.0001002943874975967,1.0
1.3217,0.002773847511838871,0.0027114541126785534,0.0001003154469556478,1.0
1.3227,0.002765311448792725,0.0027886811107553106,0.00010019963929276112,1.0
1.3236,0.002766341098046834,0.0028710721892891617,0.00010009549974280105,1.0
1.3246,0.002786111148947313,0.0029086454994651173,0.00010003482170718141,1.0
1.3256,0.0027911286696605322,0.0029367881715215267,9.999047024202877e-05,1.0
1.3266,0.00278498980004698,0.0027442593986345878,0.00010000307490014167,1.0
1.3275,0.0027839999999999185,0.0029104848544283116,0.0001001191769645443,1.0
1.3285,0.0027859047342531362,0.002737397171922145,0.00010035252298054306,1.0
1.3295,0.002800304463640635,0.002861264925813264,0.00010065862753002227,1.0
1.3304,0.002814359829809266,0.002904654572829108,0.000101002217019021,1.0
1.3314,0.00282042837179448,0.0027274313039562592,0.00010141534695831348,1.0
1.3324,0.002818928530531394,0.0028253066096111203,0.00010174578125391426,1.0
1.3333,0.0028214726210487352,0.0028795587984411166,0.00010177750301116473,1.0
1.3343,0.002805329169966401,0.0028766455979727435,0.0001017602161265512,1.0
1.3353,0.0027798299409695173,0.0028769896792137143,0.00010196391495739044,1.0
1.3362,0.002780825736408739,0.002887897257870297,0.00010233627364497071,1.0
1.3372,0.0027986466037370965,0.002625811308751436,0.00010286606305533493,1.0
1.3382,0.0028064372963699053,0.0028362528126076175,0.00010308163082856614,1.0
1.3392,0.0028122918428668034,0.002922081470418417,0.00010280003376177894,1.0
1.3401,0.0028268894071817484,0.00273132884433075,0.0001026023847051817,1.0
1.3411,0.0028359135421719265,0.00257852027981977,0.00010274419645608402,1.0
1.3421,0.0028214482229576513,0.002857260944563646,0.00010327755235906817,1.0
1.343,0.0028150000000000622,0.002892126732382477,0.00010391463220101724,1.0
1.344,0.00283229227731643,0.0029150713191837155,0.00010407491420105322,1.0
1.345,0.0028485118131355873,0.0028576725174480778,0.00010388341495801285,1.0
1.3459,0.0028450498462581613,0.002757585831999985,0.00010418959555554081,1.0
1.3469,0.0028383585648779613,0.0027933772649780283,0.00010478319629898708,1.0
1.3479,0.002823828706189621,0.0028672685083330246,0.00010484198268217723,1.0
1.3489,0.002813387423608792,0.0028692786930163325,0.00010523250848327947,1.0
1.3498,0.0028127129414760514,0.0027719117390518056,0.00010640883994017015,1.0
1.3508,0.0028235086113447203,0.002805552983338266,0.00010668893984820965,1.0
1.3518,0.0028405916555486405,0.0027723946361066934,0.00010577749174999383,1.0
1.3527,0.0028530340676334704,0.0028291527097725868,0.0001050013405195443,1.0
1.3537,0.002895977131506744,0.003113375008632486,0.00010455861157356536,1.0
1.3547,0.002845880934652382,0.0028034949251290915,0.00010436464576779169,1.0
1.3557,0.002836436893854257,0.002990098210559709,0.00010435084105339341,1.0
1.3566,0.002896213633126816,0.003002456083600185,0.00010428333814626461,1.0
1.3576,0.0029931812174931022,0.0030517138899065466,0.0001041788958473921,1.0
1.3586,0.002889946724911255,0.002913807108075745,0.00010438115215450039,1.0
1.3595,0.0028690000000000685,0.0027834279029454825,0.00010473104976223712,1.0
1.3605,0.002856745374362416,0.0027978459105773798,0.00010473678098666977,1.0
1.3615,0.0028527586833459987,0.002782179322124896,0.00010447327511446791,1.0
1.3624,0.002870294827718446,0.002794627189107336,0.00010437170406126805,1.0
1.3634,0.002869512648389022,0.00277211196846128,0.00010453777517964865,1.0
1.3644,0.0028494643601088615,0.0028588058121977434,0.00010471357590069698,1.0
1.3654,0.0028363437615482054,0.002867816832345335,0.00010475200366424027,1.0
1.3663,0.0028212175248738735,0.002921698788540743,0.00010494041945574445,1.0
1.3673,0.002843367479135633,0.0027655300464832317,0.0001054466327872624,1.0
1.3683,0.0029378514842597894,0.002835465549828956,0.00010588352119140174,1.0
1.3692,0.0029420260762277597,0.0028453619358037776,0.0001057181065491703,1.0
1.3702,0.0029127507274342526,0.002873254486637503,0.00010525610038319298,1.0
1.3712,0.002941336225479168,0.002868053204584846,0.00010504431733162242,1.0
1.3721,0.0029649133247167786,0.0030541898266326526,0.00010522055943228171,1.0
1.3731,0.0029075452673936264,0.00285857171574039,0.00010553870303186489,1.0
1.3741,0.0028316933816027834,0.0027543429500196696,0.0001055392891079637,1.0
1.3751,0.002847284336177033,0.002767582699070328,0.00010543513823331002,1.0
1.376,0.002881999872290278,0.002906275690581991,0.0001054684138630925,1.0
1.377,0.0028968031268502906,0.0027728524135545284,0.00010541330153428826,1.0
1.378,0.0028931410150029764,0.0027730177223618856,0.00010522913824579988,1.0
1.3789,0.0028743105591791753,0.002912641406524687,0.00010507236021601842,1.0
1.3799,0.002848923037865659,0.002749600511910657,0.00010505731989098407,1.0
1.3809,0.002843842853493887,0.0029363390130948772,0.00010530369506653076,1.0
1.3818,0.002849207668591151,0.0027432704247623463,0.000105794209590897,1.0
1.3828,0.002852022701706522,0.0027951172660119882,0.00010618792846841153,1.0
1.3838,0.0028591829779067526,0.0027973160535749407,0.00010621382279309742,1.0
1.3848,0.0028853723111162384,0.002873635396760708,0.00010611181344079544,1.0
1.3857,0.0029046172833975033,0.002945884725177202,0.0001061757180125347,1.0
1.3867,0.002902418823311607,0.0028930144815094852,0.00010641495031271409,1.0
1.3877,0.002893899053883948,0.0028491197626390767,0.00010673390708121142,1.0
1.3886,0.0028867267168691826,0.0029553667369707293,0.00010699301459747519,1.0
1.3896,0.002877254730346162,0.0027845407291407867,0.0001072727122307457,1.0
1.3906,0.002862563183726058,0.0028776285080299125,0.00010793626442209203,1.0
1.3915,0.0028509522118014526,0.0028722610582538307,0.0001091169320433649,1.0
1.3925,0.0028626809532415506,0.0027477700722077867,0.00011041802089584662,1.0
1.3935,0.0028704358878514353,0.002721285919547167,0.00011072700394519444,1.0
1.3944,0.0028458336973427633,0.0028430726998616555,0.0001095900854831932,1.0
1.3954,0.0028326682879679134,0.002853562180471174,0.00010837762815523693,1.0
1.3964,0.002862232366852807,0.0029971659304802237,0.00010837579213257768,1.0
1.3974,0.0028908399337232416,0.0027911751483736123,0.00010916486940503271,1.0
1.3983,0.00288747076086687,0.0028541683890791984,0.00010950067792733905,1.0
1.3993,0.0028925395791785675,0.002877277971468339,0.0001092387396621206,1.0
1.4003,0.0028996698515941833,0.0029481831218727437,0.0001088740083492755,1.0
1.4012,0.0029115087390805534,0.0028186887089179814,0.00010872641485196748,1.0
1.4022,0.002894630522917788,0.002761527695392054,0.00010864117321538505,1.0
1.4032,0.0028798778212509933,0.0027674651631013443,0.0001082277115024782,1.0
1.4042,0.002875622670766696,0.0028579318918187245,0.00010770965587909455,1.0
1.4051,0.0028927922727546265,0.0028009010832723102,0.00010768275079929688,1.0
1.4061,0.0029130775278219077,0.0029849130784981946,0.00010819848669903128,1.0
1.4071,0.0028990920624614763,0.002938303251645002,0.00010868882710688124,1.0
1.408,0.002868134538565915,0.0027482560448845914,0.00010876507973136775,1.0
1.409,0.002852115861384467,0.0029703263789434826,0.00010871574903921525,1.0
1.41,0.0028529589216889114,0.0028259964365317304,0.00010897934347641227,1.0
1.4109,0.0028560045521155704,0.002788178918144161,0.00010956028870287568,1.0
1.4119,0.002858003759286647,0.0028894443337579476,0.00011010250056031298,1.0
1.4129,0.0028735637975880962,0.0025784253338107578,0.00011034346568229224,1.0
1.4139,0.002922377025995213,0.0029608537433321704,0.00011016983317179651,1.0
1.4148,0.0029698069295079673,0.0031310382765791724,0.00011001387325776384,1.0
1.4158,0.0029303273196644923,0.0028578973893332252,0.00011054939147009372,1.0
1.4168,0.0028567300481081048,0.0027601546001367323,0.00011125891205843097,1.0
1.4177,0.0028626874932123417,0.0029144972427404014,0.00011135453195400761,1.0
1.4187,0.0029026711067426,0.0028545479398316516,0.00011129716929476002,1.0
1.4197,0.002949204182896206,0.003031424311506963,0.00011160028742177006,1.0
1.4206,0.0029969032114674243,0.0029301925884188773,0.00011186686613417776,1.0
1.4216,0.003005492838718164,0.0029420051546466502,0.00011173075199606216,1.0
1.4226,0.0029581865532781015,0.0028538444114224715,0.00011178880428911619,1.0
1.4236,0.002916437068756717,0.0027678546497594855,0.00011219211954942803,1.0
1.4245,0.0028832007423348605,0.0028749774759950562,0.00011250470302104979,1.0
1.4255,0.0028675908348502668,0.002953038459641281,0.00011276915261529175,1.0
1.4265,0.002864231249650494,0.0027945191656831682,0.00011308902047155503,1.0
1.4274,0.002856863553486517,0.0029600497242642148,0.0001133382735751709,1.0
1.4284,0.0028382292549984614,0.002900278676530881,0.00011299230890410495,1.0
1.4294,0.0028214940436846656,0.0027295808033663683,0.00011224723425725189,1.0
1.4303,0.002828765351523781,0.002757998380361712,0.0001122692764250432,1.0
1.4313,0.002840693486554517,0.0028632348522227044,0.00011305589843749483,1.0
1.4323,0.0028653279744170206,0.0028289874408582386,0.00011358011982538588,1.0
1.4332,0.0028798075112187334,0.002716744802532763,0.00011332768490072119,1.0
1.4342,0.002854930429150205,0.0029299580018688916,0.00011242995267045276,1.0
1.4352,0.002818791089729204,0.002963084408477301,0.00011152477583244616,1.0
1.4362,0.0028150718832431823,0.002737360582471592,0.00011145769975747312,1.0
1.4371,0.00282187627543867,0.002786986489422208,0.0001119961877798726,1.0
1.4381,0.0028405900413851935,0.002652146820119516,0.00011265764100726505,1.0
1.4391,0.0028960458357165935,0.0027991897074422616,0.0001135448531552935,1.0
1.44,0.002895663580857536,0.0029638137170176996,0.0001144460241928955,1.0
1.441,0.0028438793405870326,0.002930330131693797,0.00011459794359425736,1.0
1.442,0.0028301139724088557,0.0029233509613307523,0.00011381437609214009,1.0
1.4429,0.002811013118926436,0.0027734343242506233,0.0001124991369555743,1.0
1.4439,0.002805999999999959,0.0028249407289347474,0.00011157858638366143,1.0
1.4449,0.002817535960968682,0.0028269847078745396,0.00011141700370098481,1.0
1.4459,0.0028323184060900174,0.002873247390050343,0.00011165292244896887,1.0
1.4468,0.0028313451246640355,0.0028433259733484334,0.00011190485086844931,1.0
1.4478,0.0028306119770318827,0.003038244139259527,0.00011184189105919627,1.0
1.4488,0.002813838305505806,0.002963654895055544,0.00011159903050764714,1.0
1.4497,0.0028141207145917562,0.00280559090072829,0.0001118349457287205,1.0
1.4507,0.00281834841769481,0.0029957098930438017,0.00011247366615966307,1.0
1.4517,0.002834657109115179,0.0027978634745245727,0.00011282254395811076,1.0
1.4527,0.0028435433916129665,0.002697672908171897,0.00011275964691810273,1.0
1.4536,0.0028435314216700173,0.0028255128149943364,0.00011272528153809339,1.0
1.4546,0.0028594973212919387,0.0027624608803575126,0.00011312125645285627,1.0
1.4556,0.0028747714151543266,0.002767171964839952,0.00011394060545844889,1.0
1.4565,0.0028834446779568094,0.0029556721383778048,0.00011465691327567344,1.0
1.4575,0.0028669593698545277,0.002793332940140819,0.00011504483465651299,1.0
1.4585,0.002846573055406125,0.002905893160155061,0.00011527779021109014,1.0
1.4594,0.002825951005096895,0.002908490085452701,0.00011539002349850825,1.0
1.4604,0.002840485126712725,0.003001905220060659,0.00011597319135972171,1.0
1.4614,0.0028302428233640707,0.0027821247120333324,0.00011686760647364555,1.0
1.4624,0.002801789545955477,0.002615383191131408,0.0001170101959376009,1.0
1.4633,0.0027808840380343573,0.0027967373831020922,0.00011638766838741488,1.0
1.4643,0.002762818284219237,0.0027562228029218766,0.00011611446037811202,1.0
1.4653,0.002766656887992634,0.002740924099144391,0.00011645350112254924,1.0
1.4662,0.0027953061828353597,0.00277819918440043,0.00011664728463334292,1.0
1.4672,0.002822965452383149,0.002895395458978145,0.00011691004599976581,1.0
1.4682,0.0028157584339567943,0.0028200112489139145,0.00011792456884423767,1.0
1.4691,0.0028174441948198544,0.002671988484046258,0.000119070230677545,1.0
1.4701,0.00281224782820335,0.0024813976845529094,0.00011856600787629364,1.0
1.4711,0.0027997748913167367,0.002726647995143637,0.00011656650744654131,1.0
1.4721,0.0027794095574554686,0.0029217046315503713,0.00011498458934633921,1.0
1.473,0.0027650903919207736,0.0026440977513161766,0.000114444240496065,1.0
1.474,0.002780009703129856,0.002835103849485485,0.00011472246749870891,1.0
1.475,0.0028328305149121712,0.002763787399915048,0.00011511232401670381,1.0
1.4759,0.0028653055497780415,0.0029778677436735636,0.00011521143623987088,1.0
1.4769,0.002832075337901185,0.002688257677384439,0.0001153373314908946,1.0
1.4779,0.002827670314745321,0.0029696043006628915,0.00011564452281234262,1.0
1.4788,0.002856852915579112,0.002975247007661977,0.00011583660908646923,1.0
1.4798,0.002916819113173157,0.003014212392926407,0.00011596436095967726,1.0
1.4808,0.0029455943844389266,0.003098366407593479,0.00011623240504761437,1.0
1.4818,0.002941038905984469,0.0029290762020221105,0.00011615316567648461,1.0
1.4827,0.0028864854162952537,0.00292682485511232,0.00011572937277817889,1.0
1.4837,0.002809483508915952,0.002924258527335305,0.00011565190653209144,1.0
1.4847,0.0027807052942334307,0.0026452817433058277,0.00011616906872350993,1.0
1.4856,0.002774000000000088,0.002685933843761402,0.00011682804702314825,1.0
1.4866,0.0027758557773409276,0.0028284882302447617,0.00011742882888082714,1.0
1.4876,0.002790238165090698,0.0028896068891083072,0.0001180091748683057,1.0
1.4885,0.002811749407713904,0.0028796077028604324,0.00011806613076938175,1.0
1.4895,0.0028112833303392606,0.0028268592112823563,0.00011788002613499105,1.0
1.4905,0.002783768322851396,0.0027893297864119925,0.00011834743844304222,1.0
1.4914,0.0027692801431294777,0.0026946968006063545,0.00011871020456052518,1.0
1.4924,0.002763569794664668,0.002727304623104896,0.0001182871738658594,1.0
1.4934,0.002763948721735686,0.002754204054671552,0.00011741979840806629,1.0
1.4944,0.0027925618104001596,0.0029801848436383552,0.00011667503602411662,1.0
1.4953,0.0028370667217488166,0.0030079667664426758,0.0001162704675180853,1.0
1.4963,0.00280015715956616,0.0027128975081943383,0.00011595811873450722,1.0
1.4973,0.00274963402591215,0.0026018825493307786,0.0001156228230621091,1.0
1.4982,0.0027320974800004068,0.002830912174447647,0.00011565131204264682,1.0
1.4992,0.002726339454016307,0.0027399113159751833,0.0001162383812558054,1.0
1.5002,0.0027256925207151564,0.002670943341032036,0.00011726259522097387,1.0
1.5012,0.0027293255613148994,0.002565291281768042,0.00011873815972373679,1.0
1.5021,0.002737708334399374,0.00266575708445143,0.0001204412334033038,1.0
1.5031,0.00273402822767498,0.0027054162734384156,0.00012108408686743914,1.0
1.5041,0.0027336660882433966,0.002630129704970771,0.00012010190029251924,1.0
1.505,0.0027408495605573883,0.002506180600166156,0.00011864985153698137,1.0
1.506,0.0027655140578285147,0.0027600632655390522,0.00011762267679464343,1.0
1.507,0.002801521701543323,0.002802185830796447,0.00011731138354484205,1.0
1.5079,0.0028309795109010168,0.0028494948645637398,0.00011726560120073066,1.0
1.5089,0.002854586266033206,0.002939585287397466,0.00011709076159755442,1.0
1.5099,0.002843287730223418,0.0028609476912648357,0.00011718403811999427,1.0
1.5109,0.0028150745843005835,0.0028033367774146604,0.00011766106243245051,1.0
1.5118,0.002780426223529098,0.002870439546650989,0.00011806634130854712,1.0
1.5128,0.0027665975784093885,0.0027501020383095148,0.000118026746821259,1.0
1.5138,0.002777423121041713,0.0030262356019821125,0.0001177043203960801,1.0
1.5147,0.0027571252308369863,0.002891856311851043,0.0001178171170363284,1.0
1.5157,0.0027375435371745174,0.00266131407703254,0.00011896709719914016,1.0
1.5167,0.0027265909488999496,0.0026770120768392406,0.00012022275753406308,1.0
1.5176,0.0027229873503769667,0.0026492213065924036,0.0001203761283971077,1.0
1.5186,0.0027245785286105773,0.002715375787293859,0.0001199185720383959,1.0
1.5196,0.0027338363753997195,0.0026691419568167403,0.00011960891182556999,1.0
1.5206,0.002747992592995851,0.002606489609362154,0.00011889750838681099,1.0
1.5215,0.0027461572047259796,0.0027366710615923926,0.00011819882081849336,1.0
1.5225,0.0027434809682803396,0.002585433820287769,0.00011842792624918987,1.0
1.5235,0.0027377756655265267,0.0028749480795115068,0.00011951728530473379,1.0
1.5244,0.002744981623829969,0.0026140176038310153,0.00012049305087577108,1.0
1.5254,0.002763561964152149,0.0027559228650242684,0.00012081340040912123,1.0
1.5264,0.0027560546014911863,0.002848933028271423,0.00012125393497998487,1.0
1.5273,0.002765828217351438,0.002932404588544398,0.00012220965909366926,1.0
1.5283,0.002770238966192231,0.0028981060647863674,0.00012299350038289696,1.0
1.5293,0.0027673417438687322,0.0027063193718034756,0.00012239196339466582,1.0
1.5302,0.0027635831226531186,0.0027458361534861576,0.00012104385414894919,1.0
1.5312,0.00275406097748399,0.0027690396511441933,0.00012056308137753658,1.0
1.5322,0.0027481874965369466,0.002831042069806104,0.00012086369273929183,1.0
1.5332,0.002759239529273043,0.002869329647432922,0.00012102815164625932,1.0
1.5341,0.002770065364307551,0.0025759391784360955,0.0001206591764796529,1.0
1.5351,0.002768491175136877,0.0027736858394958263,0.0001198642874713292,1.0
1.5361,0.0027525519484171593,0.002625829994142299,0.00011939688212091954,1.0
1.537,0.0027428148222035055,0.0026066729295903214,0.00011943289128287124,1.0
1.538,0.0027694419841743077,0.0027918307150199234,0.00011966459766316092,1.0
1.539,0.002849980349182128,0.0029449784649552896,0.00011987884927085306,1.0
1.5399,0.0028608997098619805,0.0028233257474500587,0.0001199853281823799,1.0
1.5409,0.002842225695008195,0.002816824708068127,0.00012011868468487957,1.0
1.5419,0.0028174969279927326,0.0028835378413844194,0.0001203948002125657,1.0
1.5429,0.0027834828149453424,0.002725611516050668,0.00012053658095848436,1.0
1.5438,0.0027585296911790346,0.0026713354835358172,0.00012024969790758895,1.0
1.5448,0.0027421636163454765,0.0031359712250769983,0.0001198940992839654,1.0
1.5458,0.002744184175704374,0.002594044395625935,0.00011961420993283015,1.0
1.5467,0.002751861053049747,0.0026064429997753992,0.00011949163896810278,1.0
1.5477,0.0027508735040140224,0.0026535687987863975,0.0001195630032240887,1.0
1.5487,0.002745398775548033,0.002749423711865601,0.00011951242142491052,1.0
1.5497,0.002751355501665536,0.0028229477618184422,0.00011926954168708276,1.0
1.5506,0.0027570000000000563,0.0026493688126975087,0.00011907019724642627,1.0
1.5516,0.0027532054102382976,0.002455740218918739,0.00011910237999710714,1.0
1.5526,0.002734934737395564,0.0027206753976097373,0.00011974080194897183,1.0
1.5535,0.002728317013212624,0.0026214292680265742,0.00012103433662937485,1.0
1.5545,0.0027488012314363405,0.0028182780864749405,0.00012208887086682005,1.0
1.5555,0.002790561754787351,0.002604092905675521,0.0001222428385959194,1.0
1.5564,0.0027902200126561252,0.003107338534663175,0.00012207095097776033,1.0
1.5574,0.0027558798658351325,0.0028269686242824235,0.00012182785784544699,1.0
1.5584,0.002726819091449473,0.0026938026384379973,0.00012135337639808432,1.0
1.5594,0.0027293142224098076,0.0027474437486908823,0.00012103220932613191,1.0
1.5603,0.002732519328297592,0.0026923715941504153,0.00012112302333192767,1.0
1.5613,0.002737344187308751,0.0027011049367692028,0.00012130188424979982,1.0
1.5623,0.0027438507027131424,0.002819910437565839,0.0001212946305450672,1.0
1.5632,0.0027454100436339756,0.002783946330512508,0.00012119405705070248,1.0
1.5642,0.00273286936349365,0.002709818686272494,0.0001211506287481883,1.0
1.5652,0.0027295476719761255,0.002729475041120845,0.00012113630204334993,1.0
1.5661,0.0027273268716678433,0.0026563103839607875,0.0001210337625104447,1.0
1.5671,0.002719010951570023,0.002685522221701263,0.00012106979303930332,1.0
1.5681,0.0027170340851454676,0.002753194623219669,0.00012148507197215878,1.0
1.5691,0.002720751835512332,0.00261170995553375,0.00012189214248451453,1.0
1.57,0.002726052750242135,0.002812206837353748,0.00012181994967785473,1.0
1.571,0.0027325716399364728,0.002756100330577598,0.0001215734853872786,1.0
1.572,0.002738720000247457,0.0027531785963352236,0.00012168166386495804,1.0
1.5729,0.002743911521451647,0.002940017280917811,0.00012216736654264095,1.0
1.5739,0.0027478484659216123,0.00269445643529157,0.00012285664633267848,1.0
1.5749,0.002782227070558649,0.002844081727729306,0.00012345959286579495,1.0
1.5758,0.002807822207648602,0.0028353748588052694,0.0001238245341942693,1.0
1.5768,0.002769720407351413,0.002867250555315692,0.00012341344818366063,1.0
1.5778,0.00273848710787027,0.0028574199363824485,0.00012243849581812646,1.0
1.5788,0.002729412427115998,0.002870897879453832,0.0001218159001651546,1.0
1.5797,0.002727220948899378,0.0031022960996470966,0.00012177367020878569,1.0
1.5807,0.0027290798628597933,0.0027411312722055974,0.00012187931350448592,1.0
1.5817,0.002734491767301189,0.0028249051754046413,0.0001219651719072718,1.0
1.5826,0.0027442798296307205,0.0027248848335978963,0.00012221374206575572,1.0
1.5836,0.002738749712689625,0.002677422406635614,0.00012246352749014855,1.0
1.5846,0.0027281960926794947,0.0029416150457413294,0.00012236397922890693,1.0
1.5855,0.002734431682421489,0.002793225435296809,0.00012204001303691732,1.0
1.5865,0.0027292467648498972,0.002601668631567333,0.00012200553087389336,1.0
1.5875,0.0027590029774424525,0.0027680845389765297,0.00012230207161409898,1.0
1.5884,0.002801432264158576,0.002590781679476742,0.0001226631075990971,1.0
1.5894,0.0027312016464266587,0.0028271703282291114,0.0001228381454014542,1.0
1.5904,0.0027171891103757893,0.0026541919680408855,0.00012262038304128718,1.0
1.5914,0.0027165444501994008,0.00266730709459999,0.0001222671604485333,1.0
1.5923,0.002719275574112272,0.002664763790031217,0.00012188235897621709,1.0
1.5933,0.002721707272132044,0.002654317848788514,0.00012156220438961595,1.0
1.5943,0.002719461167442024,0.0025442719018288805,0.00012145310839234156,1.0
1.5952,0.0027242273981011654,0.002626438874975275,0.00012145609875839922,1.0
1.5962,0.002725989761595854,0.0026623428724009694,0.00012151544895781596,1.0
1.5972,0.002725596296013219,0.002986239613252171,0.00012169407224849319,1.0
1.5982,0.0027298609233586566,0.0027612285259215547,0.00012205199740349138,1.0
1.5991,0.0027313758685517165,0.0027762168084470903,0.000122569023234905,1.0
1.6001,0.0027295489288886136,0.002522585418533743,0.00012300864127701527,1.0
1.6011,0.00272899999999998,0.002830276105010594,0.00012314431495872734,1.0
1.602,0.0027314601279848287,0.0025125326272991584,0.0001231864489348267,1.0
1.603,0.002740531795480094,0.0027226052477791864,0.00012347576868895464,1.0
1.604,0.0027537012165391116,0.0027777473315433125,0.00012394673679038906,1.0
1.6049,0.0027660023117932987,0.002653842607705563,0.0001242878303455189,1.0
1.6059,0.0027802178941522824,0.002777824978870675,0.00012447581837891412,1.0
1.6069,0.002764082308355855,0.002643666671699194,0.00012428465804881233,1.0
1.6079,0.002750004395487093,0.00284951738120609,0.00012371642620594584,1.0
1.6088,0.0027535115324903267,0.0026475680500620785,0.000123412102870887,1.0
1.6098,0.0027923246434847725,0.002783954212824504,0.00012345735092395327,1.0
1.6108,0.002854862887406499,0.0026299349034470997,0.00012373793675507307,1.0
1.6117,0.002835699843978086,0.0029371618894058053,0.00012434040463148285,1.0
1.6127,0.0027750690839504905,0.002930154011697826,0.0001252209571220578,1.0
1.6137,0.002735003380986216,0.002958675318191951,0.0001264671774049331,1.0
1.6146,0.0027445481981002865,0.0027531748218208446,0.0001282931737630874,1.0
1.6156,0.0027692433673277054,0.0027532088689516316,0.00012952979909545043,1.0
1.6166,0.0027955963938371704,0.002642292833887911,0.00012850369483537457,1.0
1.6176,0.0027842120120382167,0.0028027302524499973,0.0001268392098613151,1.0
1.6185,0.0027755809047063794,0.002723795391938978,0.00012678130998786843,1.0
1.6195,0.00277850625523452,0.002741576948899729,0.00012808595051750778,1.0
1.6205,0.0027928537481477656,0.0028290192073637593,0.00012875837057181583,1.0
1.6214,0.0028082983811363493,0.002857607162361303,0.00012799002804286417,1.0
1.6224,0.0028298838542638893,0.0028833608942579543,0.0001269868148759089,1.0
1.6234,0.0028565892368742187,0.002949109490682412,0.0001262156441154736,1.0
1.6243,0.0028809441670133965,0.00279952090790565,0.00012587359966037383,1.0
1.6253,0.0028729711293022206,0.002975390751526753,0.00012589417100606677,1.0
1.6263,0.002864999042007019,0.0030008320595947186,0.0001257669994239278,1.0
1.6272,0.0028562729359909705,0.0027732688292948374,0.00012526252495623919,1.0
1.6282,0.0028430631026700533,0.0027851325096937586,0.00012470309849445772,1.0
1.6292,0.0028305355369202556,0.002741428000247031,0.0001246291609851454,1.0
1.6302,0.0028172797938109083,0.0028397542182515196,0.00012493053852907952,1.0
1.6311,0.0028049786985566948,0.002874917837856408,0.0001250441656985239,1.0
1.6321,0.002791312263193233,0.0027732475596172804,0.00012497505229521868,1.0
1.6331,0.0028075132010423444,0.002785679879720941,0.0001250200350040119,1.0
1.634,0.002825962399997617,0.0028079391558266777,0.00012539095136042562,1.0
1.635,0.0028410752794617157,0.0029060424784725725,0.00012608048732098127,1.0
1.636,0.0028290222707065614,0.0026710920004927204,0.000126292846605577,1.0
1.6369,0.0028217128658773495,0.0026942635959689874,0.00012570896377361266,1.0
1.6379,0.0028195358771886843,0.002567017814172571,0.00012537476461886983,1.0
1.6389,0.0028166333047610404,0.0027125732440741023,0.00012569823414628232,1.0
1.6399,0.00282008869749855,0.002835921968201265,0.00012610089587815598,1.0
1.6408,0.0028449179693756494,0.0029560957744639003,0.00012608524380180991,1.0
1.6418,0.002884705757193273,0.0028452786293421484,0.00012570765265213722,1.0
1.6428,0.002924333984748611,0.0026524703162224407,0.00012535030274584316,1.0
1.6437,0.002913522675855394,0.002810832098608765,0.00012532726920790174,1.0
1.6447,0.0028850475411730317,0.0029215166123845904,0.00012557422807814807,1.0
1.6457,0.0028569527687994007,0.0028678611693750667,0.0001258042135395083,1.0
1.6467,0.002829616639504367,0.0027508938850224216,0.00012592555943001757,1.0
1.6476,0.002806110120250318,0.002840021334611917,0.0001260561787261371,1.0
1.6486,0.0027919272282801943,0.0026882764297977953,0.00012614596301938684,1.0
1.6496,0.0027965424053912093,0.0030358764680363404,0.00012615079020824365,1.0
1.6505,0.002822443866408329,0.002825178119117052,0.0001261140478328777,1.0
1.6515,0.002822091192206371,0.0027807840881223585,0.00012599583376190997,1.0
1.6525,0.002820809443320834,0.002777167320143323,0.00012594138622420582,1.0
1.6534,0.002835301251422246,0.0025452335177197864,0.00012613458672160242,1.0
1.6544,0.002842432822242661,0.0028182009692668936,0.00012638357993294798,1.0
1.6554,0.00283973221720208,0.0029282784915363735,0.00012648266226811662,1.0
1.6564,0.0028346312167225464,0.002701190335637132,0.00012678545894971731,1.0
1.6573,0.0028232116822122636,0.003096572990520591,0.00012759133134169186,1.0
1.6583,0.0028075825193834537,0.002648656535545243,0.00012837340913688435,1.0
1.6593,0.002796230379204575,0.0029319567019769955,0.00012837500597645595,1.0
1.6602,0.0027905580876465023,0.0028472896419530704,0.00012805773142172302,1.0
1.6612,0.0027876846964495334,0.0030367191587240853,0.0001279150633546138,1.0
1.6622,0.002807184018496401,0.00294000084219928,0.00012778608812356133,1.0
1.6631,0.0027824293706281786,0.002944422015127209,0.0001277811963056673,1.0
1.6641,0.0027796707848221345,0.003030698790170448,0.00012802276952886634,1.0
1.6651,0.0027864893566644133,0.002951262389794797,0.00012829227227606306,1.0
1.6661,0.00281017725447043,0.0029716776803018425,0.00012840268267573678,1.0
1.667,0.0028395976249504093,0.0027591831491164853,0.00012830932172926268,1.0
1.668,0.002860242086468997,0.002787605095950358,0.0001283762857871037,1.0
1.669,0.002862999999999974,0.0027858379063352193,0.00012888127340401459,1.0
1.6699,0.0028629999999999147,0.002855369378223816,0.00012995374868171914,1.0
1.6709,0.0028594169729315453,0.0029253727761581225,0.00013125267037994705,1.0
1.6719,0.0028505185009605246,0.002737773588636026,0.00013233185247984,1.0
1.6728,0.002844528599367643,0.002903055088391618,0.0001330026321965584,1.0
1.6738,0.0028478711741454577,0.0027526488317619305,0.00013315902743953243,1.0
1.6748,0.0028621645330893525,0.0028311249986937626,0.00013328370901971354,1.0
1.6758,0.0028745258070440325,0.0028008839274346205,0.00013321974040887477,1.0
1.6767,0.002874611640122064,0.002885009379880001,0.00013241601080417074,1.0
1.6777,0.0028689212586767996,0.0029578090643757275,0.00013111036476905997,1.0
1.6787,0.002863227959878274,0.0029650539641746386,0.00012999601564961567,1.0
1.6796,0.0028522255077492154,0.0029190674029131963,0.00012950308451237233,1.0
1.6806,0.0028396964484890723,0.0029108277831683405,0.00012948144815205982,1.0
1.6816,0.002832831117260749,0.0030001098989529736,0.00012964703146539524,1.0
1.6825,0.002847207172814705,0.003034716035416671,0.00012992917507003004,1.0
1.6835,0.0028718269720576627,0.0026353058315023853,0.00013027720647746827,1.0
1.6845,0.002895184032327182,0.0031112486726332838,0.00013049832584760657,1.0
1.6854,0.002914517271976078,0.0028166089795774673,0.0001306657378373009,1.0
1.6864,0.0029342960706724556,0.002836063859627687,0.00013117722259204355,1.0
1.6874,0.0029433059351880674,0.002996376758355428,0.0001320673469506009,1.0
1.6884,0.0029099988329980148,0.0030908786220735164,0.00013260216072793766,1.0
1.6893,0.0028751753359037243,0.002808421154951593,0.0001325378335845343,1.0
1.6903,0.0028403760766657665,0.0027195824781316275,0.00013251577947512658,1.0
1.6913,0.002822454991064844,0.0028621732983119272,0.0001324991307750447,1.0
1.6922,0.002807741421106023,0.002915521002146603,0.00013203818531477049,1.0
1.6932,0.002803658225283302,0.0026425865967558914,0.00013155026841931049,1.0
1.6942,0.0028210965583123104,0.0029180371331596236,0.00013145068580433617,1.0
1.6952,0.0028453613456430665,0.002738925448243453,0.00013151824303393606,1.0
1.6961,0.0028671445648089915,0.0027076370516582295,0.00013152434421627793,1.0
1.6971,0.002891063677941927,0.0028838765343118062,0.00013153295448953045,1.0
1.6981,0.002915591823039126,0.002939257004178259,0.00013166624399047063,1.0
1.699,0.0029263052131115056,0.0029950096448849994,0.00013199960615350228,1.0
1.7,0.0028991787053240185,0.0030562478088611484,0.00013241337129511996,1.0
1.701,0.00287298470421103,0.0029161610212720024,0.00013271771659279476,1.0
1.7019,0.002858000000000115,0.002872810129903835,0.00013286389029426422,1.0
1.7029,0.0028595360138929365,0.0028099945756725224,0.00013290728813617516,1.0
1.7039,0.0028629509553235156,0.0028788536436078283,0.00013301952731550586,1.0
1.7049,0.002863210676171496,0.0029477097527618647,0.00013318610446339958,1.0
1.7058,0.002860556754700943,0.0029362121488245778,0.00013341751552485784,1.0
1.7068,0.0028571401458602178,0.00284181215477537,0.00013376163212997918,1.0
1.7078,0.0028589115114842963,0.002975306274865784,0.0001343716895093585,1.0
1.7087,0.002869161066459402,0.0031840779892182676,0.0001354198977505607,1.0
1.7097,0.0028808062323656086,0.0029267689683224515,0.00013726911462341078,1.0
1.7107,0.002879147064487098,0.0028479301961742702,0.0001393083392090218,1.0
1.7116,0.0028531041041310033,0.0027470998988653847,0.00013975653982873404,1.0
1.7126,0.002824621358305121,0.0024270274173159075,0.00013872278344980867,1.0
1.7136,0.0028195675579234985,0.0025751782009986787,0.0001377820121467113,1.0
1.7146,0.0028470444306219465,0.0028588512574153372,0.0001373631271947446,1.0
1.7155,0.00287865707438294,0.0025482488343838024,0.00013731226135881082,1.0
1.7165,0.002901979309238481,0.002850161929114843,0.0001373265127259063,1.0
1.7175,0.002880522770175423,0.002874218475262695,0.00013732276244545402,1.0
1.7184,0.0028620888069866,0.0026361456276367758,0.00013738774899825862,1.0
1.7194,0.0028427896633453145,0.002921724280307751,0.00013759823379689044,1.0
1.7204,0.0028268454887547504,0.0029185583844149794,0.0001376278928548739,1.0
1.7213,0.0028134236093924478,0.0031148515454423494,0.0001373892531197772,1.0
1.7223,0.0028051909466116397,0.0027715432309170914,0.0001374862473723807,1.0
1.7233,0.002806224305798123,0.0028274710728789904,0.00013806593654882925,1.0
1.7242,0.002810066106148904,0.0027899866815011788,0.00013836445471473863,1.0
1.7252,0.002821866383094144,0.002713511505584009,0.00013814542352049756,1.0
1.7262,0.002867042470753909,0.0027763842294315647,0.00013796818484389695,1.0
1.7272,0.0029197935170247775,0.0032662898598946563,0.0001380055492946414,1.0
1.7281,0.002955891647938517,0.0027861945728714227,0.00013820988309729476,1.0
1.7291,0.002931535761109674,0.002885800743225746,0.00013846047997889303,1.0
1.7301,0.0028915020356579803,0.0028563436818387342,0.0001385334581919004,1.0
1.731,0.0028648165846283614,0.0030201381162092687,0.00013863091826849075,1.0
1.732,0.002865088731822228,0.0029400527815568404,0.00013910262052371577,1.0
1.733,0.002880234949608777,0.002764191291919865,0.00013993194468389292,1.0
1.7339,0.00289436823887925,0.0032019588265410417,0.00014049151898038782,1.0
1.7349,0.0028903428428493287,0.0028135279669365154,0.00014039422614437643,1.0
1.7359,0.002881369805138289,0.002665577441847977,0.00014015068335809398,1.0
1.7369,0.0028727136295564645,0.002727617025508553,0.000140532025173805,1.0
1.7378,0.0028622186525297287,0.0028030536528724052,0.00014152546448864317,1.0
1.7388,0.0028496895932695375,0.0027885148253884626,0.00014227822767356977,1.0
1.7398,0.0028387542018325014,0.0028549239567789257,0.00014236369699527663,1.0
1.7407,0.002829441839578768,0.0028712903761180125,0.00014252424127044253,1.0
1.7417,0.0028201362499941716,0.0028837833100339655,0.00014289953271765738,1.0
1.7427,0.0028130035444657044,0.0027368149074480565,0.0001435208751587246,1.0
1.7437,0.002811028442521874,0.002783659756797767,0.00014400010893915764,1.0
1.7446,0.002812993297498583,0.002912363276024751,0.00014367083535592382,1.0
1.7456,0.0028168131101778634,0.002650041925035221,0.0001428096483696648,1.0
1.7466,0.0028285885700061893,0.003015902107062318,0.00014216957073956494,1.0
1.7475,0.0028531793250387186,0.0025900322533274436,0.00014183194353241114,1.0
1.7485,0.0028809336420723784,0.002711259934870647,0.00014212761656949438,1.0
1.7495,0.002903068914982654,0.0028706341627410567,0.00014365484734739622,1.0
1.7504,0.0029138104525416185,0.0027865466050773554,0.00014564709982205592,1.0
1.7514,0.002922922495639891,0.002933087566283183,0.0001461995192671541,1.0
1.7524,0.00292939158490617,0.002755751043201802,0.00014544474107755674,1.0
1.7534,0.0029177954239551066,0.0027633172982468824,0.0001448978611819273,1.0
1.7543,0.002905494328700753,0.002633148795671377,0.0001452125613551603,1.0
1.7553,0.002893818855337696,0.002826183116302854,0.0001459796709202786,1.0
1.7563,0.0028942800571033368,0.0028178318725254046,0.00014648918729830298,1.0
1.7572,0.002898378851741828,0.0028798728428783517,0.00014663051292061082,1.0
1.7582,0.0029024489159464764,0.002810274545187688,0.00014701299740977624,1.0
1.7592,0.00290399999999997,0.0029646572760490793,0.00014800536525937552,1.0
1.7601,0.002904000000000096,0.0029997240994974234,0.0001490651090054605,1.0
1.7611,0.0029039999999999192,0.0027023271540908226,0.00014999362278295822,1.0
1.7621,0.0029086240393393055,0.002730896514833892,0.00015013306342961992,1.0
1.7631,0.0029175013944238324,0.002701226676873063,0.0001488434791581147,1.0
1.764,0.0029254388278707783,0.0030521797599776077,0.0001475476741770007,1.0
1.765,0.002921614498051529,0.002712363117305082,0.0001474830470144431,1.0
1.766,0.002879836939296769,0.003047012757591997,0.00014759825478162858,1.0
1.7669,0.002845282117821805,0.003026272413913659,0.00014713134775442253,1.0
1.7679,0.0028238260062676515,0.0029639003549303887,0.00014683428836366388,1.0
1.7689,0.0028270072110551923,0.0027359583627709176,0.00014688639189586888,1.0
1.7698,0.0028403863508880407,0.002729806322183321,0.000147126283456884,1.0
1.7708,0.0028583028604772264,0.003097025528900163,0.00014732749280566628,1.0
1.7718,0.0028842904200108706,0.002942090858627806,0.00014745530321231184,1.0
1.7728,0.002913704120714339,0.0028739723194290867,0.00014807736756485923,1.0
1.7737,0.0029358667439004383,0.002773697659948445,0.0001488827702160825,1.0
1.7747,0.0029227482330826064,0.0029812727975803872,0.00014939310045810963,1.0
1.7757,0.0028723213626712383,0.0030388885203829884,0.00014975252604349984,1.0
1.7766,0.0028291148827535267,0.003002859891532408,0.00015001964260227113,1.0
1.7776,0.0028082982933904537,0.002985659995714174,0.00015000570738171536,1.0
1.7786,0.00282069437630908,0.0025060227927596506,0.000150390219166167,1.0
1.7795,0.0028368087950686595,0.0027297971423548856,0.00015132416725888943,1.0
1.7805,0.002853278771107041,0.002996080616641226,0.00015217628538544673,1.0
1.7815,0.0028570318493854408,0.0028298094249520267,0.00015298008660208462,1.0
1.7824,0.002859081938603624,0.002938682620335099,0.00015293432425923396,1.0
1.7834,0.002859032293610886,0.0029380474173675264,0.0001518089727815474,1.0
1.7844,0.0028436449597474445,0.002908156509944011,0.0001514350127170032,1.0
1.7854,0.0028213216094014467,0.002812934860651125,0.00015221042967535016,1.0
1.7863,0.002802329167846156,0.002841341256675775,0.00015295630045899939,1.0
1.7873,0.0028004401454470875,0.002758614414172395,0.0001533140705731818,1.0
1.7883,0.0028156201860779226,0.0027698482451423115,0.00015362641379407124,1.0
1.7892,0.0028307531032606857,0.0027879546514268435,0.0001538231322247724,1.0
1.7902,0.0028459930928606304,0.002919230053898071,0.00015433500110638117,1.0
1.7912,0.002853430856943662,0.0029459750688702836,0.00015514360707437303,1.0
1.7922,0.0028612011555747695,0.0027481784221368944,0.00015554644357961914,1.0
1.7931,0.0028653268812263103,0.002612565410402902,0.00015637161551931362,1.0
1.7941,0.002860456351816612,0.0027414484340178144,0.00015746238851376847,1.0
1.7951,0.002851982016595998,0.002935333330572381,0.00015782686409466116,1.0
1.796,0.002844308625623075,0.002896816120674472,0.00015761540288633782,1.0
1.797,0.002846330756671784,0.0027036838540892166,0.00015662387928789458,1.0
1.798,0.0028562386832643024,0.0026747709578049286,0.00015556204665145677,1.0
1.7989,0.00286546249864955,0.0026261399154050616,0.00015528303998590202,1.0
1.7999,0.0028689363438077022,0.002887121515894586,0.00015545142879857903,1.0
1.8009,0.002850287335719419,0.0028928732480707504,0.0001561881491959638,1.0
1.8019,0.0028320677281923456,0.0030604708859645435,0.00015728368365274277,1.0
1.8028,0.002818110005432996,0.0028456281033045934,0.00015832209238525195,1.0
1.8038,0.0028121822623252218,0.0027324634258311677,0.00015873365936008675,1.0
1.8048,0.0028120957484495486,0.0026024414885034196,0.00015802474139084367,1.0
1.8057,0.002815291318889292,0.0026240675765833244,0.00015703348847507503,1.0
1.8067,0.002816288164890446,0.0028580618023918737,0.0001567174349488634,1.0
1.8077,0.002821099235196158,0.002720892384325669,0.000157162236852349,1.0
1.8086,0.0028307465704221174,0.0029207670571253885,0.0001577078788675706,1.0
1.8096,0.0028399863375705497,0.002768024073662907,0.00015778755615232994,1.0
1.8106,0.0028386946643665866,0.0026778182056578954,0.00015756659426439655,1.0
1.8116,0.0028375830748608253,0.0029830552770330285,0.0001572785405893133,1.0
1.8125,0.0028383674630261886,0.0028620226070502847,0.00015712386182401843,1.0
1.8135,0.002831546058359294,0.0025974918457713457,0.00015702141313947014,1.0
1.8145,0.0028184729877462613,0.0024711068924707603,0.00015686609038420546,1.0
1.8154,0.0028078154397848513,0.0028711681924220808,0.00015665166243335605,1.0
1.8164,0.002811574614088496,0.0025532461938390007,0.00015702098172337865,1.0
1.8174,0.002832822951471121,0.0029785935817596846,0.00015899297855172766,1.0
1.8183,0.002860770472885528,0.0029903857251437015,0.0001617834330299847,1.0
1.8193,0.002912644267627443,0.002765562526421553,0.0001633826476486157,1.0
1.8203,0.0029052165749188803,0.0030996663044879215,0.00016354942869502748,1.0
1.8212,0.0028966605023186564,0.0032282516590642443,0.00016238826100613155,1.0
1.8222,0.002890191463700473,0.0027159188327847165,0.00016005250357961878,1.0
1.8232,0.002881500157714701,0.0027294705778129775,0.00015831304991092526,1.0
1.8242,0.002871527062653002,0.0027897455503714703,0.0001587511105638736,1.0
1.8251,0.0028650163207172797,0.002862378383274821,0.0001609448421583906,1.0
1.8261,0.0028541675287215473,0.002722922578896128,0.0001630713298458521,1.0
1.8271,0.002833160853566482,0.002875828580983695,0.0001636316307054276,1.0
1.828,0.002814615369516866,0.0026550519077237237,0.00016351438436058402,1.0
1.829,0.0027994191170174773,0.002573943749674862,0.00016348274517513092,1.0
1.83,0.002807388123549218,0.0029912118371079217,0.00016285842721209547,1.0
1.8309,0.0028258373225042385,0.0027188782327804313,0.00016208410938253187,1.0
1.8319,0.0028467471650025387,0.003101093582703105,0.0001624551979384491,1.0
1.8329,0.002854723226605997,0.002703074563507151,0.0001641550243675009,1.0
1.8339,0.0028417327763721675,0.00293763521229118,0.00016662477317977027,1.0
1.8348,0.002827065980150933,0.0026472935775949153,0.0001685238451359451,1.0
1.8358,0.002811119904728808,0.002862090563058201,0.00016789507001632563,1.0
1.8368,0.002804062760763678,0.0025580035102359885,0.00016623237929392612,1.0
1.8377,0.002804045600665122,0.0027266016757026413,0.00016492360334747255,1.0
1.8387,0.0028084512166606694,0.00283437278296442,0.000163977215750991,1.0
1.8397,0.002806371597324802,0.0031193454190415297,0.00016386158426268268,1.0
1.8407,0.0027902889139006476,0.0023813354203527726,0.0001643545996943832,1.0
1.8416,0.0027830935278959626,0.002700454104237901,0.0001656472351512614,1.0
1.8426,0.0027849578383600903,0.0028176648420180387,0.0001670071650092726,1.0
1.8436,0.0027913806472466473,0.0029141389981834844,0.00016757159414752343,1.0
1.8445,0.0028020607604633276,0.002951282078055873,0.00016888835845679939,1.0
1.8455,0.0028201991689069386,0.0028873994734380584,0.0001705170406154367,1.0
1.8465,0.002840330741465188,0.002580916299401355,0.00017075460348714417,1.0
1.8474,0.002850579636262494,0.002395128240783072,0.00016970414138450844,1.0
1.8484,0.0028619589607916675,0.002727521309033583,0.00016787916645964125,1.0
1.8494,0.002870669802932892,0.0028941342833694607,0.00016617160850585327,1.0
1.8504,0.002868209831359268,0.0032144667477739634,0.0001651382704610202,1.0
1.8513,0.002861505688243658,0.0030231616140816873,0.0001644512059008129,1.0
1.8523,0.0028628228523851986,0.002864925115148385,0.00016428493176598325,1.0
1.8533,0.0028642244015999476,0.0029712660354824986,0.00016487786814659624,1.0
1.8542,0.002852790344603195,0.0026523206561613923,0.0001662541115194233,1.0
1.8552,0.002838723659298039,0.002792522218404479,0.00016813600030401407,1.0
1.8562,0.002827607176639646,0.0029313575011314184,0.00017007291097059842,1.0
1.8571,0.0028231035380183764,0.0028455161757852706,0.00017240568350438565,1.0
1.8581,0.002824724567135327,0.0027822679609055805,0.00017464570387112384,1.0
1.8591,0.0028300431359362973,0.002540914833330249,0.00017534463774323953,1.0
1.8601,0.0028344806026206534,0.002746588220933775,0.00017517350213978243,1.0
1.861,0.0028301895298619376,0.003182567754352667,0.00017440768302130183,1.0
1.862,0.002821533133886657,0.002848221420478435,0.00017260708777800171,1.0
1.863,0.002813250003411346,0.0029605541527726064,0.00017025345808260544,1.0
1.8639,0.002800999657442105,0.002732557660416938,0.0001681931853705966,1.0
1.8649,0.002786192587407126,0.0027567516649319697,0.0001673828307117902,1.0
1.8659,0.0027760064722292003,0.0028254873537963765,0.00016777952156024465,1.0
1.8668,0.002770042837540061,0.0029006017966046837,0.0001684029566631706,1.0
1.8678,0.002778870129039814,0.0026605276018646477,0.00016889359649748268,1.0
1.8688,0.0027911122194954493,0.002943589868718663,0.00016896852429074816,1.0
1.8698,0.002805343542763901,0.0028905886552301973,0.00016878385933114028,1.0
1.8707,0.002815129854232575,0.0026685943440993252,0.00016973259153608362,1.0
1.8717,0.0028231028919436197,0.0029765765297360904,0.0001721558670937613,1.0
1.8727,0.0028310680679997794,0.002702904492676468,0.0001747059011335638,1.0
1.8736,0.0028409180649602763,0.0029294265557777504,0.00017608727722712001,1.0
1.8746,0.0028347535049335062,0.0027627603162996184,0.00017665857883024963,1.0
1.8756,0.0028259819110184234,0.0028693660596938726,0.00017649026456206498,1.0
1.8765,0.0028200261361594012,0.002910760007794132,0.00017514668100859318,1.0
1.8775,0.0028193339843057144,0.002624766360981817,0.00017346614151294868,1.0
1.8785,0.002834487158703821,0.002751312090549005,0.00017301003903710468,1.0
1.8795,0.002860483883512239,0.00277298285934083,0.00017272834670431324,1.0
1.8804,0.0028945123789621096,0.002941428966040847,0.00017150027596478287,1.0
1.8814,0.0028987062989324717,0.0026583745519993605,0.00017038086623771514,1.0
1.8824,0.002873162988093454,0.0029104495091433753,0.00017036735326949207,1.0
1.8833,0.0028494405278107738,0.0028402318832914946,0.00017212779635161562,1.0
1.8843,0.0028285421855466296,0.0027226697440487246,0.00017549335343020192,1.0
1.8853,0.002822569384407582,0.0027057929234010104,0.0001780435534958637,1.0
1.8862,0.002820759736706295,0.0030780445208503393,0.00017769249073695752,1.0
1.8872,0.0028192423255929983,0.0029228984537018818,0.00017561406428470925,1.0
1.8882,0.0028133457839548113,0.002943546790725713,0.00017391467356704012,1.0
1.8892,0.0028024399527024645,0.0028601760195813087,0.00017303960593663685,1.0
1.8901,0.002793551231992402,0.0031223909830531377,0.00017290936774020928,1.0
1.8911,0.0027860793916706116,0.0027086669191714974,0.000174040926626716,1.0
1.8921,0.0027782872029870993,0.002917669231947206,0.00017586958164818935,1.0
1.893,0.0027711194007621707,0.003141993490794301,0.00017622521970181096,1.0
1.894,0.002764390356459326,0.0029690658071180364,0.00017447895971430227,1.0
1.895,0.002760782394965176,0.0028617668349306354,0.00017252458250273438,1.0
1.8959,0.0027655730063366898,0.0027417804153317144,0.00017213824719538836,1.0
1.8969,0.002775824054822322,0.0029259236943470907,0.00017368691487267958,1.0
1.8979,0.0027871943554581124,0.002970558229977157,0.00017536982296278414,1.0
1.8988,0.0027925877169129565,0.0028279219544396716,0.00017511990848024413,1.0
1.8998,0.002784280961681719,0.0028288069160528704,0.00017337378680637924,1.0
1.9008,0.00277320967277575,0.00267944931231352,0.00017208780516335235,1.0
1.9018,0.0027639908158582816,0.002455388910804829,0.0001723038669997629,1.0
1.9027,0.0027622841384644884,0.003050565373515363,0.00017327571362684807,1.0
1.9037,0.002774009030805102,0.002561981754310504,0.00017422075237024596,1.0
1.9047,0.002788289944694434,0.0025924068381449534,0.0001754682252340195,1.0
1.9056,0.00280230794154099,0.0026616655079635654,0.00017704569614086432,1.0
1.9066,0.002808648072470785,0.002714699345518481,0.0001781123771988974,1.0
1.9076,0.00280234781430608,0.002518295404019589,0.00017790481631009306,1.0
1.9086,0.0027962643922270643,0.0028062320597332935,0.00017744612278072897,1.0
1.9095,0.002792683361522734,0.0024684056757564915,0.0001774133172207683,1.0
1.9105,0.0028038458367697465,0.0029137175551262034,0.00017733118234515297,1.0
1.9115,0.002819701229573416,0.0029794392632104677,0.0001764326291416505,1.0
1.9124,0.0028340513099781987,0.00267378108954453,0.0001747194582918612,1.0
1.9134,0.002848704364263977,0.002476880428270752,0.0001734212407458294,1.0
1.9144,0.0028581672363194852,0.0027494045436649178,0.00017354932322703913,1.0
1.9153,0.0028681470705958635,0.00267777050766696,0.0001750095922486413,1.0
1.9163,0.0028806761298559294,0.002737229013709251,0.00017646193563437045,1.0
1.9173,0.0028860000000000188,0.002885295879692472,0.00017671373207766664,1.0
1.9182,0.00288600000000012,0.0029316883514338087,0.0001763497438028679,1.0
1.9192,0.0029187081340537797,0.0030641170150353812,0.00017618640108277395,1.0
1.9202,0.003024541000079353,0.0032112219877916287,0.0001762977311113457,1.0
1.9212,0.00302038572866659,0.0029039287561796055,0.0001764940746490489,1.0
1.9221,0.0029311653977134983,0.003205748879969107,0.00017674899528943643,1.0
1.9231,0.0028628829494815435,0.003036852110276233,0.0001772647199382554,1.0
1.9241,0.0028210614638535846,0.0030681036969743176,0.0001776185716664098,1.0
1.925,0.002799240048906035,0.0027641206317272743,0.0001777944990683804,1.0
1.926,0.002782138967370642,0.0025933153778170026,0.00017767118714757753,1.0
1.927,0.002766893399666445,0.002887709831866059,0.00017720615150435776,1.0
1.928,0.00275377735350595,0.0024283715507943085,0.00017762611419686974,1.0
1.9289,0.002759769966855467,0.0025092048540727606,0.0001799739226815457,1.0
1.9299,0.0027710326905304346,0.0025433613690238103,0.0001842423786249518,1.0
1.9309,0.0027882477069845857,0.0024678933834833983,0.00018899903325322057,1.0
1.9318,0.002805508398974029,0.0032379884430945387,0.0001909359953391134,1.0
1.9328,0.0027887417269905645,0.002595175444263457,0.00018867456864764747,1.0
1.9338,0.0027754557442284614,0.0027376821438329516,0.0001848549756772096,1.0
1.9347,0.0027677231373015383,0.002684512427120925,0.00018182229907668315,1.0
1.9357,0.002765214257259766,0.00258863625696954,0.00017985514865461003,1.0
1.9367,0.0027704759894612804,0.0024990093412957386,0.0001787216909050066,1.0
1.9377,0.0027773039808044213,0.002564449598319859,0.00017909202794111315,1.0
1.9386,0.0027843617412333706,0.002742144727647455,0.0001811322234575853,1.0
1.9396,0.002784473918801897,0.0027389402380613025,0.0001833474460690997,1.0
1.9406,0.0027723185214431727,0.0025295138499655356,0.00018447192923805146,1.0
1.9415,0.002763517494861963,0.002707965662691916,0.0001847695552621796,1.0
1.9425,0.0027569488217351165,0.002675286709770683,0.0001858487068480596,1.0
1.9435,0.0027559773165415076,0.0030062163197561386,0.00018881367008209015,1.0
1.9444,0.002758027227536353,0.0031205848190845693,0.0001941830361811383,1.0
1.9454,0.002760957857466589,0.0032183473852592263,0.00019936806725874066,1.0
1.9464,0.0027643748736283975,0.002562294957129678,0.000199444546850519,1.0
1.9473,0.0027731658004030648,0.0030833381652804123,0.0001961122941439422,1.0
1.9483,0.002791226471094827,0.0029433271670326095,0.0001937351958468082,1.0
1.9493,0.0028164297484308,0.0031444653973738195,0.00019385264721469568,1.0
1.9503,0.002840929285905354,0.0029322306333011785,0.0001961300993916565,1.0
1.9512,0.0028373072685641777,0.002735694161697586,0.00019691527888252374,1.0
1.9522,0.0028108725913506814,0.0030002961977885654,0.00019319999251816397,1.0
1.9532,0.0027919877680558118,0.002753587524095639,0.00018805588760832244,1.0
1.9541,0.002780526079460362,0.002733206939652554,0.0001843549885852454,1.0
1.9551,0.0027825859636381174,0.0026197106835707533,0.00018236621385847145,1.0
1.9561,0.0027933711506835965,0.0027147349910681333,0.00018197543103944732,1.0
1.9571,0.002808665686379179,0.0027146010718921555,0.00018278469990698178,1.0
1.958,0.00282899874145378,0.003216775966998223,0.0001839020180962002,1.0
1.959,0.0028408062510479988,0.002539139470048263,0.00018459030934137014,1.0
1.96,0.0028611722765946265,0.0027604650253155315,0.00018434598652297904,1.0
1.9609,0.0029028712931135196,0.0027801867005980067,0.0001826665691283878,1.0
1.9619,0.0029563734424911925,0.003021054623909016,0.0001809793742394627,1.0
1.9629,0.0029377650631415555,0.0028282589213045224,0.00018080841464846432,1.0
1.9638,0.0028882060456852476,0.00289026122944647,0.0001819065749162911,1.0
1.9648,0.002849687920589963,0.003042980681687738,0.00018362609874099812,1.0
1.9658,0.002824345172647457,0.0026578726184358767,0.000184727779973831,1.0
1.9668,0.0027954603401157494,0.002763201237613284,0.00018497050214596233,1.0
1.9677,0.002770043170694264,0.0028976374257830336,0.0001848167835291306,1.0
1.9687,0.002747231469686663,0.0027059776804636867,0.00018491957249256233,1.0
1.9697,0.00273435312339773,0.002707764278622176,0.00018577089754216307,1.0
1.9706,0.0027340455887171033,0.0028782238326997044,0.00018729660165120376,1.0
1.9716,0.0027379501398386106,0.0025759306312502436,0.00018847162308322806,1.0
1.9726,0.002743128459700435,0.00265376696133156,0.00018862619144963347,1.0
1.9735,0.00274890214135373,0.0028261892443516468,0.0001894151370175019,1.0
1.9745,0.0027502107734941254,0.002623915832672256,0.00019244973409634437,1.0
1.9755,0.00274907176810681,0.0026312210975532758,0.0001978467295619849,1.0
1.9765,0.0027480000000000286,0.00290943961663493,0.00020425469319856947,1.0
1.9774,0.002747999999999974,0.0027467771353437303,0.00020950124777624024,1.0
1.9784,0.0027491502960656656,0.0025705253040963975,0.0002098421726662257,1.0
1.9794,0.0027555834522031437,0.0029721752515914955,0.0002041460153543164,1.0
1.9803,0.0027639402009795207,0.002525050669374855,0.00019790562997129552,1.0
1.9813,0.002774264203881975,0.002661320732623703,0.00019412683915207162,1.0
1.9823,0.0027759862010030742,0.0028540007806194855,0.00019229673697266744,1.0
1.9832,0.0027736083051642163,0.0029782253099002423,0.00019182256325467735,1.0
1.9842,0.002771330294389525,0.002362175141479038,0.00019275802881429905,1.0
1.9852,0.002770026141807563,0.0028083260451587867,0.00019564681850168635,1.0
1.9862,0.0027537599941331874,0.0027082807820704674,0.0001988728072837824,1.0
1.9871,0.002743311688567407,0.002621458304849245,0.00019868608159456945,1.0
1.9881,0.002738448628975254,0.0025730105929100758,0.00019523161582740331,1.0
1.9891,0.0027369999999999777,0.00260004344453948,0.00019300251145863814,1.0
1.99,0.002736560353602754,0.002649735920961886,0.00019408673534909886,1.0
1.991,0.0027354213482154656,0.0025690939186950156,0.00019704804851750296,1.0
1.992,0.002734999999999993,0.002523570594985276,0.0001995552256932912,1.0
1.9929,0.002734258232168841,0.0028790554098580114,0.00019995431989771882,1.0
1.9939,0.0027348803433307096,0.00235180867060277,0.00019918516474268114,1.0
1.9949,0.002737077394872073,0.0025991269727315297,0.00019828744938825847,1.0
1.9958,0.0027412221999461505,0.0025567541607136473,0.00019784496733043296,1.0
1.9968,0.002746915505297421,0.00284745541838762,0.00019694698611311744,1.0
1.9978,0.0027526058801898147,0.002994419927913859,0.00019474667141223653,1.0
1.9988,0.0027587610885515023,0.0027446405977715025,0.00019273160293442447,1.0
1.9997,0.002766851369227839,0.0029162293149116933,0.00019195645634172327,1.0
2.0007,0.002781986276961082,0.002607783340985151,0.000191328890737794,1.0
2.0017,0.0027887630119238544,0.0027367091464993486,0.0001901186447047036,1.0
2.0026,0.002786638380187313,0.003156725079853138,0.00018940432862453154,1.0
2.0036,0.0027906291692816796,0.0029878846561846913,0.00018971579976292057,1.0
2.0046,0.00280284467522484,0.002773229297561423,0.0001905820669387043,1.0
2.0056,0.002812553864429063,0.0024778903834582677,0.00019218917342808157,1.0
2.0065,0.0028007106409790408,0.0026776786421018536,0.00019393032550133333,1.0
2.0075,0.002789326129206067,0.0023941481119096313,0.00019448382315741892,1.0
2.0085,0.002778953538203757,0.0025191870850346724,0.00019462767969728124,1.0
2.0094,0.002773408117654861,0.0028156192394645247,0.00019581649764906591,1.0
2.0104,0.0027726697686093434,0.0026793547482832822,0.00019755109776101689,1.0
2.0114,0.0027754259146688517,0.002817744649818548,0.00019860129689348592,1.0
2.0123,0.0027776674589881332,0.0025412822377693226,0.00019845828827070387,1.0
2.0133,0.0027818859704964675,0.0032054179045828937,0.00019638361825840124,1.0
2.0143,0.0027888802223813634,0.0030432624746409825,0.00019362548265508615,1.0
2.0152,0.002807114683929055,0.0030089859467229817,0.00019210164255128336,1.0
2.0162,0.0028363351148461076,0.0032256893464871947,0.00019150292903782657,1.0
2.0172,0.0028709110753187554,0.0028932325697992433,0.0001916836467576448,1.0
2.0182,0.0028585442011318744,0.002452470725015662,0.0001929243923280313,1.0
2.0191,0.002816254865086001,0.0026256634906445236,0.00019448759067459972,1.0
2.0201,0.002782399732376739,0.003397513353919777,0.00019485755259743525,1.0
2.0211,0.0027621860321670683,0.0028327890368287107,0.00019404295704773065,1.0
2.022,0.0027582412884133325,0.0023315721773227794,0.00019378543948481698,1.0
2.023,0.0027641196051838143,0.0025075513898238856,0.0001948452483888318,1.0
2.024,0.002772403604616065,0.002823482507120901,0.00019603291812235373,1.0
2.025,0.002783246069523634,0.002664267045017354,0.0001964286222638744,1.0
2.0259,0.0027878008304674305,0.0031000308648708535,0.00019618777133609592,1.0
2.0269,0.002775491302629274,0.0028734745874250205,0.00019659404706254524,1.0
2.0279,0.0027612357826102885,0.0028015373967457844,0.00019820892983968657,1.0
2.0288,0.002749159319484299,0.002833809455860838,0.00019958967950390214,1.0
2.0298,0.0027404355020372337,0.0026697345642389017,0.00020038696176807638,1.0
2.0308,0.002740799781642824,0.0027703601751294413,0.0002005739639489901,1.0
2.0317,0.002744698842181286,0.002544917485032017,0.0001990878355927453,1.0
2.0327,0.0027516898402950817,0.0026774901278951973,0.00019689391440664097,1.0
2.0337,0.0027624031647353726,0.002592703539819703,0.00019522326714486985,1.0
2.0347,0.00276093593216803,0.0025241093856490544,0.0001944733141076644,1.0
2.0356,0.002752806740484809,0.0026929685697715143,0.0001949615037247077,1.0
2.0366,0.002746476577932578,0.0029609955096384527,0.00019586106387813678,1.0
2.0376,0.0027414287124651092,0.0023892921951285486,0.00019653604452047203,1.0
2.0385,0.002741335012692161,0.0026129407997163173,0.00019796732474600018,1.0
2.0395,0.0027444191278793552,0.0026710360454582846,0.00020037017571983864,1.0
2.0405,0.002748780982293451,0.0028135679314721055,0.00020218411980374616,1.0
2.0414,0.002752881347378085,0.002410731084829078,0.00020184362252668924,1.0
2.0424,0.0027575636711250255,0.002422348943449693,0.00020002964302856733,1.0
2.0434,0.0027544944173340698,0.002905649478069803,0.0001989312312117145,1.0
2.0443,0.0027565445998763254,0.0028795381999396886,0.0001990178786815138,1.0
2.0453,0.0027592335086553893,0.0026653281483477106,0.00019882273706983082,1.0
2.0463,0.002761550039165454,0.0030225742438567344,0.00019811893014434298,1.0
2.0473,0.002759246414896302,0.0029445693198240537,0.00019846407507169338,1.0
2.0482,0.002755861416705908,0.002760919347591023,0.00019986438179710238,1.0
2.0492,0.0027524439932228527,0.0028534301452033694,0.00020032256626027542,1.0
2.0502,0.0027500182562546775,0.0027916185471387137,0.00019959482430381397,1.0
2.0511,0.002752047889431417,0.0029106371804248853,0.0001988804312332202,1.0
2.0521,0.002755463969832753,0.0027970251889473555,0.00019896475558477383,1.0
2.0531,0.0027597570097973342,0.002961378859996532,0.0001997577682389912,1.0
2.0541,0.0027665902274790913,0.0028833596246721554,0.00020068821210347102,1.0
2.055,0.002767259224893793,0.0027808541755797423,0.00020107672371759202,1.0
2.056,0.0027592346762829677,0.0024055051547879815,0.00020113779671146372,1.0
2.057,0.0027508582544521643,0.0028894310383310758,0.00020122230719182773,1.0
2.0579,0.0027452061892216015,0.0028531830702982685,0.00020145990049873008,1.0
2.0589,0.0027404094857669445,0.002773293678042381,0.00020174168383982384,1.0
2.0599,0.002740036498171685,0.002623529175319399,0.00020124571797566415,1.0
2.0608,0.002741061589443158,0.002818765886107103,0.0002000521955078969,1.0
2.0618,0.002742200231003075,0.002826130371061891,0.00019973600244936547,1.0
2.0628,0.0027436763794361925,0.0027498609368431935,0.00020141237852387646,1.0
2.0638,0.002751682632307116,0.0032533068603480264,0.00020426727454881522,1.0
2.0647,0.002769043012058539,0.0028656568574867798,0.00020610113260879388,1.0
2.0657,0.00279567358586129,0.0030988801742642407,0.00020615094456426933,1.0
2.0667,0.002829965164080194,0.0030502675666108092,0.0002054489046081674,1.0
2.0676,0.0028514780578614046,0.0029533693975252284,0.00020430766837908147,1.0
2.0686,0.0028257675173853436,0.002816942609971748,0.00020240771341822813,1.0
2.0696,0.002800603883990922,0.0027796286035717058,0.00020067521791342755,1.0
2.0705,0.0027836097254655807,0.0030371269606202823,0.00020018295390632709,1.0
2.0715,0.002770031317152572,0.002700813934982527,0.00020091636805873877,1.0
2.0725,0.002762461931907851,0.0026622461248944178,0.00020226968167043292,1.0
2.0735,0.0027579092574760555,0.00271713756159279,0.00020355312762319818,1.0
2.0744,0.002753261115489007,0.0027591465351389267,0.00020394395298153968,1.0
2.0754,0.0027482523277473797,0.002651909284487947,0.00020366892448993616,1.0
2.0764,0.0027445226369697618,0.002761427807693662,0.00020390186440338775,1.0
2.0773,0.002741447363155991,0.0026937974808583336,0.0002039685841309875,1.0
2.0783,0.002739022754864424,0.003008336242639294,0.00020332817034924007,1.0
2.0793,0.0027368725207770196,0.002793132409745066,0.0002022523976041641,1.0
2.0802,0.002736152570494129,0.0027588335289504312,0.00020164090922875468,1.0
2.0812,0.002738748640646989,0.0032042068005551116,0.00020219796136000776,1.0
2.0822,0.0027468708227371868,0.0031089710945932845,0.00020345060084624004,1.0
2.0831,0.0027592725374052884,0.0031040740743518806,0.00020440497970120535,1.0
2.0841,0.0027810548704317074,0.002568571492384721,0.0002047185780190744,1.0
2.0851,0.0027841418174796087,0.002645291080982271,0.00020534374505344326,1.0
2.0861,0.002766314548431569,0.0028582231185429784,0.0002068918885619612,1.0
2.087,0.0027604150652004887,0.003031169027916196,0.0002082630128799066,1.0
2.088,0.0027621369436346896,0.002819569632785932,0.00020795946731688256,1.0
2.089,0.0027653075779109325,0.0027745917420781913,0.0002065305959421392,1.0
2.0899,0.002760414425652126,0.002899797126894851,0.00020552420259391764,1.0
2.0909,0.002751640535150359,0.00289971362624606,0.00020542109617453937,1.0
2.0919,0.002745095169727923,0.0026966516335991094,0.00020633368648873403,1.0
2.0929,0.0027436143774351306,0.002919615449765832,0.0002076957280900717,1.0
2.0938,0.0027452780590014234,0.002503693403799325,0.00020863274328575195,1.0
2.0948,0.0027475557982286616,0.002944644253099794,0.00020913567537841722,1.0
2.0958,0.0027516670749116413,0.0029209520376220323,0.00020942166511836498,1.0
2.0967,0.0027576511599946185,0.002913280115008663,0.00020923017285384327,1.0
2.0977,0.0027642395866238224,0.002635198583227028,0.00020840538838745357,1.0
2.0987,0.002767437463642959,0.00253015978548969,0.0002074885541190213,1.0
2.0996,0.0027692438230927704,0.0029721773366775885,0.00020680715751647958,1.0
2.1006,0.0027707653854128042,0.0029665024033130524,0.00020660830816869778,1.0
2.1016,0.0027730431246399717,0.002543867432651459,0.0002070892559597841,1.0
2.1026,0.0027720201445178404,0.0029710864763080633,0.0002073524026882401,1.0
2.1035,0.002770315615747475,0.0029678862355761305,0.00020706859893733246,1.0
2.1045,0.002775764677895019,0.0028357293527159285,0.00020741081767220454,1.0
2.1055,0.002791435925407666,0.0029793597131926803,0.00020818869050995376,1.0
2.1064,0.0028196496163544016,0.0026821601034334604,0.00020842449768565234,1.0
2.1074,0.002804834998641722,0.002973417209479616,0.00020871503488283804,1.0
2.1084,0.0027709771957050034,0.00287020201498707,0.00020967165285507342,1.0
2.1093,0.0027541082215536477,0.002652457744731842,0.00021059493379504333,1.0
2.1103,0.0027457150429832243,0.0023707346565426846,0.000210578103348623,1.0
2.1113,0.0027434328113808467,0.0028465708791900577,0.0002099914690716122,1.0
2.1122,0.002743591606079361,0.0026876060534918498,0.00020949169367452216,1.0
2.1132,0.00274473001055187,0.002575955705045703,0.00020927732791932508,1.0
2.1142,0.002747607455138383,0.002761622094712076,0.00020975517433278258,1.0
2.1152,0.002753064170611405,0.00286410870835206,0.00021091146699752923,1.0
2.1161,0.0027613311259763835,0.002884138942198071,0.00021224233092315036,1.0
2.1171,0.0027730614386547643,0.0029366591351251805,0.00021284518362404712,1.0
2.1181,0.00278795540596308,0.0026693898904643306,0.00021216039515985728,1.0
2.119,0.0028053612787338686,0.002912800046906667,0.0002114944810660804,1.0
2.12,0.0028198946950299284,0.00296429019489422,0.00021179798914976584,1.0
2.121,0.002807905256875163,0.0032289073873497057,0.00021233087614995084,1.0
2.122,0.0027869730474867726,0.002413702254083574,0.00021201615184805283,1.0
2.1229,0.0027736892948085016,0.0026383375010159927,0.0002107222492639621,1.0
2.1239,0.0027627694418176055,0.002949859679510256,0.00020934889412936393,1.0
2.1249,0.002755053647625592,0.0027558694417280406,0.00020900024595443733,1.0
2.1258,0.0027565492714467367,0.0026100620491792768,0.00020967467708886067,1.0
2.1268,0.002765393693615448,0.0026758569040101652,0.0002100742924814906,1.0
2.1278,0.002778628943468306,0.0027575764518953526,0.00020959349483822616,1.0
2.1287,0.0027923260262039114,0.0029366668371847145,0.00020926554609851118,1.0
2.1297,0.0028098281009648206,0.0024508672767015838,0.0002096587685954742,1.0
2.1307,0.002829851941918976,0.0027627135914196814,0.00021004635362986573,1.0
2.1316,0.0028482986969481025,0.002777918980178699,0.00021014543222751465,1.0
2.1326,0.002868786396846751,0.002694172893781223,0.00021052670949461236,1.0
2.1336,0.0028902425225156357,0.0028443446756866333,0.00021114277749041132,1.0
2.1346,0.0028530299286722836,0.002691270260475294,0.00021159776149488942,1.0
2.1355,0.0028232699397266344,0.003047728653072526,0.00021237529110022772,1.0
2.1365,0.0027992666612768322,0.00287996566971372,0.0002135413654663347,1.0
2.1375,0.0027807785894330256,0.002535854651669997,0.00021400932937768586,1.0
2.1384,0.0027717218297727995,0.002519723137153335,0.00021331787067026148,1.0
2.1394,0.0027705649263560436,0.0025158016948842814,0.00021237290514233793,1.0
2.1404,0.0027717037959694804,0.002644178714324218,0.0002121117094183431,1.0
2.1414,0.0027728429371307443,0.0030046602503486387,0.0002125269944565384,1.0
2.1423,0.002774735513708863,0.002047899800450485,0.000212931204202896,1.0
2.1433,0.0027739712046838177,0.002856286079395145,0.00021268801438311855,1.0
2.1443,0.002768132227938984,0.002792524566315797,0.00021218814183738551,1.0
2.1452,0.002762151400259713,0.0026886466752290743,0.00021204302647718948,1.0
2.1462,0.0027564570521916775,0.002896008093635586,0.0002119790079187362,1.0
2.1472,0.0027516583359234346,0.0026523030327073476,0.00021172771163022031,1.0
2.1481,0.002750471411494396,0.002582087741973577,0.00021190769836604303,1.0
2.1491,0.002752221105310585,0.0025986116639047942,0.00021308328378810736,1.0
2.1501,0.00275524826680662,0.0025161437235094366,0.00021470210071599397,1.0
2.1511,0.002757776583764853,0.003034714724085103,0.00021568381185893906,1.0
2.152,0.0027607401494611386,0.0024438425785514584,0.0002158556242864346,1.0
2.153,0.0027663596975374327,0.0028260808689968605,0.0002151031866129768,1.0
2.154,0.0027745220398088873,0.0027198955915798445,0.00021365963403898865,1.0
2.1549,0.0027833688087204054,0.002843208009352175,0.00021260228927782245,1.0
2.1559,0.002796604806191877,0.0027614486192394654,0.00021223373525153778,1.0
2.1569,0.002812889367592277,0.002668520992389498,0.00021207038279588087,1.0
2.1578,0.0028287638085791053,0.002845356615634222,0.00021187187637472388,1.0
2.1588,0.0028464945185145522,0.002998873185001177,0.00021167572964902505,1.0
2.1598,0.0028647207770901534,0.0026916945498622904,0.0002115316921404401,1.0
2.1608,0.0028838766090898285,0.003042340310229558,0.00021152886513682738,1.0
2.1617,0.002886918018905831,0.0028004998300480664,0.00021164310468405165,1.0
2.1627,0.0028639684575978413,0.0029766507111006896,0.00021214438685602608,1.0
2.1637,0.0028402823744928243,0.00306865592472294,0.00021319361343687397,1.0
2.1646,0.0028221322890089077,0.0031108806767736596,0.00021384649861982404,1.0
2.1656,0.0028191979480820632,0.0031976950312126566,0.0002137260769821062,1.0
2.1666,0.002811916070334073,0.0027757063338093237,0.00021361968606012176,1.0
2.1675,0.0027933683836918227,0.002794174997926458,0.00021362687883226886,1.0
2.1685,0.002788298466293631,0.0030193264471141674,0.0002137379666030979,1.0
2.1695,0.002787159325132679,0.0026141987452302294,0.00021433706309131916,1.0
2.1705,0.0027879795444811155,0.0028953243931480774,0.00021515561881198898,1.0
2.1714,0.0027819675497346374,0.0024166888103892923,0.00021558563031702204,1.0
2.1724,0.002773996605257853,0.00243863344320471,0.0002155869986848602,1.0
2.1734,0.0027660313478089877,0.002643576044741014,0.00021533303206930157,1.0
2.1743,0.002759468363507672,0.0028535881224147964,0.00021510455026082454,1.0
2.1753,0.002754664409263882,0.0025684499582215707,0.00021525129635282156,1.0
2.1763,0.00275300000000003,0.0030814258142520348,0.0002156227889169153,1.0
2.1772,0.002752391263977061,0.002475755697484597,0.0002160970895279182,1.0
2.1782,0.002752000000000082,0.0030404923401099616,0.00021682849613790712,1.0
2.1792,0.002752000000000004,0.0026564819191788555,0.00021745520492089367,1.0
2.1801,0.002752911120890633,0.00299133026179353,0.00021728695544480383,1.0
2.1811,0.0027540499905040518,0.0023104207827014844,0.00021670161218357933,1.0
2.1821,0.002755377832996459,0.0029187431123324156,0.0002165729593055268,1.0
2.1831,0.002757653724652975,0.003003954346367764,0.00021685303954171065,1.0
2.184,0.002760055860793094,0.0026383603701341076,0.00021693277335918464,1.0
2.185,0.0027634724696341205,0.0027719373806452236,0.0002169199764336261,1.0
2.186,0.0027681498218615256,0.00249517012674811,0.00021713720956161186,1.0
2.1869,0.002773928704576942,0.0024923780121519066,0.00021732489310735667,1.0
2.1879,0.00278155115430041,0.0027472606712160637,0.00021745835231524297,1.0
2.1889,0.0027904532473482574,0.003120632734226022,0.00021761698711320732,1.0
2.1899,0.002799775780853902,0.002761150073272428,0.00021766514947453106,1.0
2.1908,0.0028111474016401924,0.0027425954520008777,0.00021753824336664116,1.0
2.1918,0.00282481709557191,0.0023559676968191263,0.0002173559273918335,1.0
2.1928,0.0028388516327355357,0.002478339154160048,0.00021724940599124497,1.0
2.1937,0.0028517709587634983,0.0029218024125136854,0.00021716522577587823,1.0
2.1947,0.002859536449510457,0.0027223181113441575,0.00021713629564355485,1.0
2.1957,0.0028545974470064435,0.003187136723167839,0.00021727113947049752,1.0
2.1966,0.0028470971272324423,0.002939876180805901,0.00021748056479586796,1.0
2.1976,0.002839131723623039,0.002670212248556046,0.00021765333220001074,1.0
2.1986,0.0028321363066929595,0.002962434558218859,0.00021786042574785692,1.0
2.1996,0.0028293938219768893,0.0026703343450593564,0.00021823348387142768,1.0
2.2005,0.0028419774034363354,0.0025028586481129628,0.0002189138217037063,1.0
2.2015,0.0028584818034593715,0.003011423529589257,0.0002198403506328556,1.0
2.2025,0.0028767004305651827,0.0027007130009582656,0.0002203452245002435,1.0
2.2034,0.002893529889030711,0.0025293008358019523,0.00022060641269446498,1.0
2.2044,0.0029018358483803622,0.0025417326082031616,0.00022156707918322713,1.0
2.2054,0.0028865810915308745,0.0028577302600430047,0.00022319593536772463,1.0
2.2063,0.0028668253028017524,0.0026431602411912287,0.00022427002709371453,1.0
2.2073,0.0028443018738348817,0.00264048579783601,0.00022425448729820934,1.0
2.2083,0.0028235647381756996,0.0026089704215459526,0.00022411475160663202,1.0
2.2092,0.002804761358795504,0.0025795263354318927,0.00022385777837831237,1.0
2.2102,0.0027992525223923905,0.002510661077201148,0.00022274016118698796,1.0
2.2112,0.0027946970439381258,0.0025522523932795574,0.00022154151218864627,1.0
2.2122,0.002790607759807902,0.0024116608173587574,0.0002208526885807374,1.0
2.2131,0.002787045756207528,0.0027976015661251618,0.00022031522589874316,1.0
2.2141,0.002786882291685321,0.0028242541698790752,0.00021991456962395703,1.0
2.2151,0.002797198860672559,0.0028120531529488017,0.00021977012697239746,1.0
2.216,0.002810291618920624,0.0025209925840268734,0.00021980430081107016,1.0
2.217,0.0028269579891126518,0.0028245964076560976,0.00022007262816620013,1.0
2.218,0.0028440922123036663,0.002669244802574181,0.00022061844409716424,1.0
2.219,0.0028563037424106856,0.002872603609114964,0.00022112032365003784,1.0
2.2199,0.0028420521893859022,0.00254648829983761,0.00022135445122181476,1.0
2.2209,0.0028234295202789585,0.002562437463461137,0.00022153393341790614,1.0
2.2219,0.0028073669459314043,0.002557990602174174,0.0002216850529058853,1.0
2.2228,0.002796187545359862,0.0028243451082740796,0.00022188639561053985,1.0
2.2238,0.002791326943139183,0.002981345940736836,0.00022205240448813275,1.0
2.2248,0.0027877512079120433,0.002821955681066933,0.00022192322503996245,1.0
2.2257,0.002787837017745787,0.002514551781536964,0.0002220900006447021,1.0
2.2267,0.002790928476720249,0.00301076215610279,0.00022275989968658137,1.0
2.2277,0.0027943416687045645,0.0028997119936259455,0.00022337543005807126,1.0
2.2286,0.0027974169425182436,0.0030967658399004105,0.00022349003824924987,1.0
2.2296,0.0028005557009061306,0.002396019699893311,0.00022324861721920877,1.0
2.2306,0.0028028339832279056,0.003033934158671903,0.00022297126452032947,1.0
2.2316,0.002805111722455308,0.0028823775055768328,0.00022278517522375437,1.0
2.2325,0.0028071605831488694,0.002681317717859933,0.00022274009619926126,1.0
2.2335,0.0028094373663204025,0.002968980728435453,0.00022281453005090199,1.0
2.2345,0.002810000000000007,0.0030671986675886703,0.0002230264056779919,1.0
2.2354,0.002810882644045056,0.0029521905025615583,0.0002233632901319988,1.0
2.2364,0.0028120215136587332,0.002548300890959562,0.00022370745120304925,1.0
2.2374,0.0028133209440994247,0.0031301455790947548,0.0002241307697609979,1.0
2.2384,0.002815298385481286,0.002183732031902198,0.00022467184244580484,1.0
2.2393,0.002814382616238819,0.0026003936160564705,0.00022473716624885661,1.0
2.2403,0.0028091506145365005,0.0028917023515068092,0.00022424757365556097,1.0
2.2413,0.002805797024946229,0.0031751646019225564,0.00022397409554668883,1.0
2.2422,0.0028037488105434956,0.002706814613878825,0.0002241721712060797,1.0
2.2432,0.0028014713810811105,0.0027362312976043504,0.00022461433315606045,1.0
2.2442,0.002802806358146058,0.002962183937953267,0.00022504689094688987,1.0
2.2451,0.0028076413517215118,0.002815196697594324,0.00022533223791239922,1.0
2.2461,0.0028155371196634093,0.0031808698238298527,0.00022534290747183323,1.0
2.2471,0.0028254725573022897,0.002604936406654691,0.00022509286219394821,1.0
2.2481,0.002840160176705187,0.0027057837855799004,0.00022492497830806432,1.0
2.249,0.0028529528244121767,0.002545795331013647,0.00022489297877629764,1.0
2.25,0.0028600318906606553,0.003311221132330999,0.00022493342732861338,1.0
2.251,0.0028639405268363408,0.002848787106460215,0.00022485968307728272,1.0
2.2519,0.0028676877341997586,0.0029982420839620365,0.00022477168958091328,1.0
2.2529,0.00287223952299265,0.0031516235150392297,0.00022486911322152053,1.0
2.2539,0.0028767952214895256,0.0032180314769199286,0.00022519650818612894,1.0
2.2548,0.0028779738966434516,0.002862429939445794,0.00022555029182258225,1.0
2.2558,0.002878999999999922,0.0028915664764013844,0.00022582877189897445,1.0
2.2568,0.002879251635870756,0.002688221260354249,0.00022619794670522618,1.0
2.2578,0.0028803903324617834,0.002955638170372039,0.00022673784566158792,1.0
2.2587,0.0028801710843930893,0.002604095587475514,0.00022742815643381122,1.0
2.2597,0.0028701424165695367,0.002910290988297733,0.0002281998782367199,1.0
2.2607,0.002853305439907729,0.003029008295637574,0.00022891973224703718,1.0
2.2616,0.0028411068416586954,0.002908289366122703,0.00022966473930456175,1.0
2.2626,0.0028294454485967243,0.002734625215645147,0.000230121224404163,1.0
2.2636,0.0028200445466269805,0.0027361479456339097,0.00022990974557728558,1.0
2.2645,0.0028212887709321605,0.0029347759106414933,0.00022964452134848038,1.0
2.2655,0.002839009458572193,0.0024794513353351005,0.0002296896340803326,1.0
2.2665,0.0028621342920812564,0.003280673236938866,0.00022961262501860008,1.0
2.2675,0.002890762161619358,0.0033988316116977694,0.0002293863093043018,1.0
2.2684,0.002919802523080845,0.003056246825071485,0.00022926902172325448,1.0
2.2694,0.0029407916297304734,0.0032978550807980698,0.00022917831864984313,1.0
2.2704,0.002931452387086373,0.002986522717608549,0.00022905801830843019,1.0
2.2713,0.0029140258354761433,0.002697986756408277,0.000228978616399744,1.0
2.2723,0.0028955671078067717,0.0030755221246133615,0.0002289098801677725,1.0
2.2733,0.002876363417223556,0.0028917050007102535,0.0002290064254664804,1.0
2.2742,0.0028605458561367252,0.00276027702067196,0.0002290636674167678,1.0
2.2752,0.0028537962526917404,0.002832544394762843,0.00022908091295974187,1.0
2.2762,0.002852314223061392,0.0029774206623782696,0.00022940480056450428,1.0
2.2771,0.002850632438894161,0.003020737245099438,0.00022996410222489414,1.0
2.2781,0.0028489885791960893,0.0029013262562959464,0.00023043964599750826,1.0
2.2791,0.0028473554199844953,0.0027713010390191116,0.00023081303778139099,1.0
2.2801,0.002856404654118134,0.0026255862973833914,0.00023114205381891974,1.0
2.281,0.0028735537362065875,0.0029290837120648787,0.00023156655713270992,1.0
2.282,0.0028940582771042555,0.0032061746731324855,0.00023228575058252885,1.0
2.283,0.002914537429010154,0.0030246438581509423,0.0002328877889394514,1.0
2.2839,0.0029329890718916424,0.0028382032554924515,0.00023285163748794333,1.0
2.2849,0.002949249373607661,0.0030471545678620307,0.00023233119076559119,1.0
2.2859,0.002948057426157259,0.0032656618910706595,0.00023172261496884978,1.0
2.2869,0.00294289046247123,0.002575781493295205,0.0002313802384022873,1.0
2.2878,0.002938240764370478,0.0026424741250546937,0.0002315083999753754,1.0
2.2888,0.0029332391747409078,0.0031534008568413876,0.00023210526895000287,1.0
2.2898,0.0029286836962862627,0.002623164581077504,0.00023331918982418204,1.0
2.2907,0.0029203124952035067,0.0032472278302001917,0.0002356355059541815,1.0
2.2917,0.002910062668681216,0.003203091007919247,0.0002384871756997179,1.0
2.2927,0.0028996896097796434,0.003235180681267076,0.00024081873881192265,1.0
2.2936,0.0028895948273608826,0.003008056271874955,0.00024253072271939447,1.0
2.2946,0.00287934500083838,0.0027032345297423495,0.00024327561705692042,1.0
2.2956,0.0028825451294502216,0.0026835414298933867,0.0002434926786153758,1.0
2.2966,0.002911044299079952,0.002731654475564923,0.00024408744098444236,1.0
2.2975,0.0029403173581102207,0.0028992366736854797,0.00024413015055281786,1.0
2.2985,0.0029733391458081695,0.0030300490797536806,0.00024400338008614478,1.0
2.2995,0.00300724106683079,0.002763261546839061,0.0002461559986931115,1.0
2.3004,0.003037993804966261,0.00298103508824156,0.0002497445515507389,1.0
2.3014,0.003025033422187642,0.003105493226389781,0.0002505727370586919,1.0
2.3024,0.0029965599501679432,0.002651960021712481,0.00024824677649667954,1.0
2.3033,0.002970962873871613,0.003044944711217449,0.0002463533780123105,1.0
2.3043,0.002942824971053613,0.0028408419817762087,0.0002466175123557401,1.0
2.3053,0.0029154921003269763,0.0026205683404197325,0.0002470072268455995,1.0
2.3062,0.0028949266065455073,0.003161694524673444,0.00024532208002589137,1.0
2.3072,0.0028773591299217547,0.0029751401538995353,0.00024225350325066705,1.0
2.3082,0.0028610633768763067,0.0030919180079751704,0.00024017425695530237,1.0
2.3092,0.0028451154006227633,0.0026137164541051036,0.0002403956157267318,1.0
2.3101,0.002831709542624438,0.002594759638290046,0.0002415884605714732,1.0
2.3111,0.0028187586047056443,0.0030917437740167067,0.00024178634344642627,1.0
2.3121,0.0028312351977941123,0.0030387999035290294,0.00024120388341636456,1.0
2.313,0.0028506951155436904,0.002528340284367486,0.00024094705037898796,1.0
2.314,0.002872719619159971,0.002654346349602688,0.00024093698605708955,1.0
2.315,0.002895502442379626,0.002500289211002919,0.00024117252530714235,1.0
2.316,0.0029182798346517567,0.0028301997100144793,0.00024160696518553813,1.0
2.3169,0.0029284454150190664,0.0027968375593356207,0.00024141567130276666,1.0
2.3179,0.002926691957233024,0.0029403242159404984,0.00024076330385521284,1.0
2.3189,0.002922136180695149,0.002974556267668529,0.00024041121364562227,1.0
2.3198,0.002918036901800072,0.002924762649297237,0.00024094168073865237,1.0
2.3208,0.0029134803371558154,0.0023453570003701307,0.0002421955428860969,1.0
2.3218,0.002908118502727598,0.0028539322718497367,0.00024412065518566133,1.0
2.3227,0.0029000645773478296,0.0029097226199717497,0.0002468201391862883,1.0
2.3237,0.0028886839274271997,0.0027930483981877035,0.0002488618997233664,1.0
2.3247,0.002877292515817634,0.003020256791783691,0.0002491163336457418,1.0
2.3256,0.002867044318579351,0.003168236679407684,0.0002485032292687608,1.0
2.3266,0.002855652906969586,0.0025255593376663633,0.00024824367093336734,1.0
2.3276,0.002846891904412141,0.002769307705836145,0.0002502961442576136,1.0
2.3286,0.0028459886904219703,0.0030853708179088032,0.00025550012416870074,1.0
2.3295,0.0028449635991506716,0.0026732798525324567,0.00026014020423979783,1.0
2.3305,0.0028439999999999616,0.0028454256639424565,0.0002600535223153613,1.0
2.3315,0.002844628823247738,0.0026698735611215036,0.0002569933513081682,1.0
2.3324,0.0028497302832317033,0.002712588873793075,0.00025502955220314144,1.0
2.3334,0.002867976371799919,0.003138765572237526,0.0002555425200155235,1.0
2.3344,0.0029003314046143875,0.0030693529508891695,0.00025717642553967985,1.0
2.3354,0.0029386783072573104,0.002850115445803826,0.00025726197298164106,1.0
2.3363,0.002973522177867872,0.0029238700212221784,0.00025537306853113886,1.0
2.3373,0.0030131721825566336,0.002991845037485533,0.00025370467373328693,1.0
2.3383,0.003049747410698247,0.0027790384266767644,0.00025305123798494486,1.0
2.3392,0.0030268672941376733,0.0031018391764855496,0.00025207539056969425,1.0
2.3402,0.0029972566841836882,0.0029624385782959436,0.0002504436121140941,1.0
2.3412,0.0029679990519217696,0.0024004565145971206,0.00024962630305897003,1.0
2.3421,0.00294238950472034,0.002842272011946502,0.0002498141932214012,1.0
2.3431,0.002913928503605685,0.0029582334656622694,0.00025017361368348653,1.0
2.3441,0.0029072938357547038,0.0025233062316896175,0.0002502370218960057,1.0
2.3451,0.002928413778908985,0.0028251644022849985,0.0002498928215816852,1.0
2.346,0.002951990878146502,0.0026983609602465857,0.00024937053968420754,1.0
2.347,0.002978184879259566,0.0033475639784856714,0.000248957886300362,1.0
2.348,0.0030044614922385454,0.002756611634747482,0.000248770309173599,1.0
2.3489,0.003026765920686937,0.0030820722176000755,0.0002491781437165985,1.0
2.3499,0.0030272025848944173,0.0031091870537646596,0.00025007459280972473,1.0
2.3509,0.0030067029318494765,0.003134995309535429,0.000251508005661901,1.0
2.3518,0.0029882512889680335,0.0028879869163400667,0.0002542805757779641,1.0
2.3528,0.0029677632950402665,0.003021627674250689,0.0002578580596756789,1.0
2.3538,0.002947267596164373,0.0030004303743493303,0.00026056005870938605,1.0
2.3548,0.002929306619266117,0.0025311571904091477,0.00026207567256824964,1.0
2.3557,0.0029304852666136925,0.0028960581596429624,0.00026219986894790816,1.0
2.3567,0.0029360406987144236,0.0030366346520266274,0.0002608233806306504,1.0
2.3577,0.00294059275390353,0.0025859945481418157,0.0002594581539151032,1.0
2.3586,0.002944865040998375,0.0022619986919437274,0.00025827519295503376,1.0
2.3596,0.0029502485974425936,0.0030549314600070423,0.0002562949796579819,1.0
2.3606,0.0029444306394885143,0.003155471466051839,0.0002541565608658403,1.0
2.3615,0.002922573354108391,0.0026214133880580874,0.00025295804260594656,1.0
2.3625,0.0028958715548639997,0.003055562924358587,0.0002527581030843486,1.0
2.3635,0.002869681412438219,0.0028712051061670746,0.0002535983419441092,1.0
2.3645,0.0028434874113251836,0.0031974704302755374,0.0002555209510551507,1.0
2.3654,0.002820827255040535,0.0029966575269634883,0.0002572410934202323,1.0
2.3664,0.00281150231309687,0.002862585881575666,0.0002572546513051856,1.0
2.3674,0.002821555685588009,0.002840912486810987,0.0002562914765069556,1.0
2.3683,0.002829749075991709,0.002476347159397316,0.0002560729153421753,1.0
2.3693,0.0028385025287880165,0.003251648700445225,0.0002568368038912635,1.0
2.3703,0.0028469731621883405,0.002667297961828298,0.00025817051974622853,1.0
2.3712,0.0028551738923578863,0.00292419185359741,0.00026033743179832005,1.0
2.3722,0.0028563575753666106,0.003147866084544176,0.00026249473026510864,1.0
2.3732,0.0028526043012703922,0.0028557552892438443,0.00026232294982982753,1.0
2.3741,0.0028487062876360546,0.002874555441256596,0.0002602492525821592,1.0
2.3751,0.0028451131068861113,0.00267090565084056,0.0002581863372073927,1.0
2.3761,0.0028430000000000642,0.0027833397210560444,0.0002572900218193347,1.0
2.3771,0.0028427599649092803,0.003031368991714643,0.00025789856589419864,1.0
2.378,0.0028422642607983223,0.0035743165201106344,0.0002593376678344942,1.0
2.379,0.002844612521647349,0.002592403631790784,0.0002601720912756195,1.0
2.38,0.0028491690862912987,0.0028783122448366935,0.00026003212783310987,1.0
2.3809,0.0028532683651866513,0.002821066692232602,0.0002612393239114005,1.0
2.3819,0.0028578249298305113,0.002532251719156363,0.00026586886931792,1.0
2.3829,0.0028606882812708258,0.002987161163898873,0.0002719741742818532,1.0
2.3839,0.0028511716726733484,0.0028141128528054787,0.00027512432420541844,1.0
2.3848,0.002840920759961395,0.002527782093337601,0.00027509771119376775,1.0
2.3858,0.0028296788574428194,0.0026884759128123084,0.00027415666277073023,1.0
2.3868,0.002819426586993955,0.0029635193137891366,0.000273290273142955,1.0
2.3877,0.00281020395012028,0.0023138755535903857,0.0002727639478864249,1.0
2.3887,0.0028071412969776985,0.003230528987031468,0.00027205958927576426,1.0
2.3897,0.002819226768545784,0.0026066573141950837,0.0002711958659927581,1.0
2.3906,0.002834190763938366,0.0030008637334463188,0.000271534533000846,1.0
2.3916,0.0028520253953520937,0.0029231880979002133,0.0002722501965639983,1.0
2.3926,0.0028693457254141833,0.0030705767915322267,0.00027054441534396083,1.0
2.3936,0.0028873699674149523,0.003052761401106391,0.00026807245549135276,1.0
2.3945,0.0028996786981812543,0.0028680246660589227,0.00026843888977782913,1.0
2.3955,0.0028928454804995857,0.0030368634502462295,0.0002708917133691872,1.0
2.3965,0.002886010633533707,0.0031502941239302694,0.00027267074137129284,1.0
2.3974,0.0028798641478242314,0.0023461119047462897,0.0002730600504254218,1.0
2.3984,0.0028730337019379124,0.0025062849107879122,0.0002714068786167815,1.0
2.3994,0.002866200484256219,0.0032759001611116344,0.0002682341058896552,1.0
2.4003,0.0028607082805241556,0.0028013130475005375,0.00026626389975756515,1.0
2.4013,0.0028574055729824657,0.0033935484971192756,0.00026690147978265067,1.0
2.4023,0.0028541917506329645,0.002997029365783786,0.00026937135106270535,1.0
2.4032,0.0028511197572781066,0.0026090135258963728,0.0002720769544143672,1.0
2.4042,0.002848702470192862,0.003014700344094042,0.0002733995530084479,1.0
2.4052,0.0028455239075679617,0.002963829269847929,0.00027244927702663104,1.0
2.4062,0.0028443769158295893,0.0031922619815807785,0.00027093618974878683,1.0
2.4071,0.0028454015497549638,0.0027570903251187915,0.0002710156044206457,1.0
2.4081,0.002845999999999997,0.0028680907173280284,0.00027266354569215127,1.0
2.4091,0.002846678878923138,0.00308056709269492,0.00027399401619018386,1.0
2.41,0.0028469999999999585,0.002632813431686211,0.00027406297633807294,1.0
2.411,0.002847842839808021,0.002837969502224472,0.0002733858568555087,1.0
2.412,0.0028499634188431937,0.0032736593121407576,0.0002736852124867272,1.0
2.413,0.002852239423260933,0.0026500085505720126,0.0002759508977712287,1.0
2.4139,0.002854289062708523,0.0030121738662884315,0.0002792932815903021,1.0
2.4149,0.0028565673450305523,0.002628226934634902,0.00028236050988226645,1.0
2.4159,0.0028588450842577332,0.002911867733293524,0.0002845840558622389,1.0
2.4168,0.002860895266800108,0.0031480017649572166,0.00028439937007931313,1.0
2.4178,0.0028567274780272756,0.00317937224247036,0.000281400894275277,1.0
2.4188,0.0028450304425528703,0.0025770357561755775,0.00027946287937516965,1.0
2.4197,0.0028345067505368515,0.0025615809918497186,0.0002808619132823157,1.0
2.4207,0.0028248922711418163,0.0033908901243035667,0.0002827234777979379,1.0
2.4217,0.0028158088676444224,0.0029212048356396184,0.0002827740307757162,1.0
2.4226,0.0028088461358802136,0.002700840436664824,0.0002824191295922647,1.0
2.4236,0.002809422837763517,0.003219105509154598,0.00028188622751116135,1.0
2.4246,0.0028312385998771647,0.0030207866911285764,0.00028041292132878845,1.0
2.4256,0.0028586405475590007,0.0023897410339034394,0.0002794659503947835,1.0
2.4265,0.00288730453127989,0.0024004375857681016,0.00028010520364293113,1.0
2.4275,0.0029209423050083404,0.003014340947464307,0.00028095611996152364,1.0
2.4285,0.0029566355191798853,0.0035162030624498975,0.0002807638030563785,1.0
2.4294,0.002974334366192381,0.0029103817730411316,0.00028085277604332194,1.0
2.4304,0.002967661791408232,0.00290098148567843,0.0002824376341612347,1.0
2.4314,0.0029552703797984608,0.0031479387663839063,0.00028367277901717244,1.0
2.4324,0.0029438840935786074,0.0033177979425445345,0.00028346615169429543,1.0
2.4333,0.002933642160472126,0.0030423517565187955,0.0002831140876270429,1.0
2.4343,0.002921878810769484,0.002672026362408615,0.0002830728419678103,1.0
2.4353,0.0029139724105452466,0.0028213614035325603,0.00028259912119913674,1.0
2.4362,0.002913538614451191,0.0031874834306276157,0.00028245107763911375,1.0
2.4372,0.0029146777556121085,0.002700307441457174,0.0002830902459230249,1.0
2.4382,0.002914999999999965,0.0024686591150099206,0.0002845682352828286,1.0
2.4391,0.0029158405775448395,0.002972990391677699,0.0002878624373136222,1.0
2.4401,0.0029169794471583187,0.0029368060062366177,0.0002913145374429663,1.0
2.4411,0.002917290099367743,0.0032920005342761487,0.0002925505904314408,1.0
2.4421,0.0029101998447595458,0.003216512927531161,0.00029295650956084006,1.0
2.443,0.0029033115384877193,0.0031631100039578607,0.00029281188239221764,1.0
2.444,0.002896058040940366,0.003312645097277178,0.0002914880186822836,1.0
2.445,0.002888645103124409,0.0031182590296179938,0.0002911378601799793,1.0
2.4459,0.002882494555497283,0.0033180516685819804,0.00029336514749525475,1.0
2.4469,0.0028756613378155492,0.0025699797802883617,0.00029554239012956785,1.0
2.4479,0.0028636647530513623,0.0027303296978838858,0.00029518475473361164,1.0
2.4488,0.0028531379615591938,0.002713418048688887,0.0002934502032690994,1.0
2.4498,0.002840749265423011,0.0026807667329577334,0.00029255863083609175,1.0
2.4508,0.002829360569287046,0.0021004483398663933,0.00029300864127056213,1.0
2.4518,0.0028182722419096006,0.0029244995939617675,0.0002947198765365719,1.0
2.4527,0.002812,0.002330343244689655,0.00029850880432752533,1.0
2.4537,0.0028227158417930757,0.003206387522194844,0.0003035874500779789,1.0
2.4547,0.0028489098429061318,0.0027389266815080865,0.00030651771247352876,1.0
2.4556,0.002873746676242866,0.0028437390482126067,0.0003044322432378304,1.0
2.4566,0.002901449679919971,0.0028929633864811307,0.0003001141316745819,1.0
2.4576,0.0029296711242815343,0.002560981645111695,0.0002971577934612728,1.0
2.4585,0.0029552889648993544,0.0030117678993055795,0.0002962141835643793,1.0
2.4595,0.002966222302673646,0.0028573559930644534,0.00029742151101503077,1.0
2.4605,0.002953694736923816,0.003053525037744675,0.00030132985748525796,1.0
2.4615,0.002941515610158371,0.0027119995639630443,0.00030527104973190726,1.0
2.4624,0.002930895841631023,0.003043458882014301,0.0003059608628501651,1.0
2.4634,0.002918887390831973,0.002523222762644409,0.0003047104202101035,1.0
2.4644,0.0029068455771444454,0.0032025055546064437,0.0003026636168452872,1.0
2.4653,0.0028942185864632504,0.0032549322103766253,0.00029942230375922506,1.0
2.4663,0.002877784555561139,0.0028262300983268747,0.000296510919052901,1.0
2.4673,0.0028616547439331034,0.0031794823399346767,0.0002957543418502529,1.0
2.4682,0.0028463418372352794,0.002789750442895863,0.0002967560233810142,1.0
2.4692,0.002830259182367415,0.0028645538856233214,0.0002984393287442677,1.0
2.4702,0.0028134272606225585,0.0027232918512681047,0.0003006726181227722,1.0
2.4711,0.0028013182783540487,0.0032381552287815145,0.00030337151549824097,1.0
2.4721,0.0027965813203015546,0.002810592879805775,0.00030497060161836586,1.0
2.4731,0.00279544311278387,0.002744169574602936,0.0003042148061384696,1.0
2.4741,0.002794303971622931,0.0027694542202509526,0.0003030030193253889,1.0
2.475,0.0027947208481007547,0.0026735270048623425,0.0003023440722205043,1.0
2.476,0.002795859989261852,0.0031505544185284444,0.00030045598914047903,1.0
2.477,0.002799995435501794,0.0026603391760114323,0.0002986305737480433,1.0
2.4779,0.002797840321638472,0.0026989382605823943,0.0002993162801746791,1.0
2.4789,0.0027901915959595994,0.002294261400117188,0.00030274388714282346,1.0
2.4799,0.0027841966974696316,0.002689333126328608,0.00030750413385376054,1.0
2.4809,0.002777801542086595,0.0028483765709757607,0.0003124357627538607,1.0
2.4818,0.0027731408685846472,0.002914018265897572,0.0003148338132814896,1.0
2.4828,0.0027685881371264276,0.0027092947275241396,0.000313777887489727,1.0
2.4838,0.002769965532515747,0.003315950732120107,0.0003131134843849915,1.0
2.4847,0.0027794312184013193,0.0029277348999338327,0.0003155431381388085,1.0
2.4857,0.00279376947217865,0.002680491214776603,0.0003205422342331841,1.0
2.4867,0.002811799822185711,0.0032501438805446797,0.0003269112690327201,1.0
2.4876,0.0028302318748875343,0.0023656531678751813,0.00033206971919814743,1.0
2.4886,0.002851146142147158,0.0031314363175936927,0.00033317327277607113,1.0
2.4896,0.0028680385301629225,0.002548180919026433,0.00033196340410318576,1.0
2.4906,0.0028656321390625487,0.0030499355093715143,0.0003317238411331872,1.0
2.4915,0.0028569188991536543,0.0023919738543906905,0.0003315079942276812,1.0
2.4925,0.0028471631390048105,0.0019679611006442207,0.0003298564891724147,1.0
2.4935,0.002837703924574442,0.0032412973505207884,0.0003284828320741697,1.0
2.4944,0.002828691093705417,0.0027884132813356093,0.0003286774049748459,1.0
2.4954,0.002819392237496055,0.002091823959722167,0.0003299573669765013,1.0
2.4964,0.0028149098885258635,0.0026105059950374413,0.00033181583931453737,1.0
2.4973,0.0028139999999999463,0.0029383380716922476,0.00033244349413703346,1.0
2.4983,0.002813747066593322,0.002591792487569936,0.0003309084262649772,1.0
2.4993,0.0028129999999998807,0.0027741982177886637,0.0003296247587779418,1.0
2.5002,0.002813000000000016,0.003376973510297352,0.00032898888460229295,1.0
2.5012,0.002812444236094928,0.00357170492004475,0.00032795680749879034,1.0
2.5022,0.0028085268324068743,0.0026670653874100053,0.0003272267391406449,1.0
2.5032,0.002798671738695039,0.0026912312497507753,0.00032870640203405194,1.0
2.5041,0.002790138184010778,0.002649394489979436,0.0003317135326302069,1.0
2.5051,0.002783020420326103,0.0025397707285176314,0.0003332892684940081,1.0
2.5061,0.0027775936013223505,0.0030443769436137437,0.00033164347147941227,1.0
2.507,0.0027745188754865306,0.002749763620083731,0.0003282906863452536,1.0
2.508,0.0027717017118413815,0.0025657644069155797,0.000325858173131026,1.0
2.509,0.0027718748586388112,0.0027073179758594808,0.0003256682627504197,1.0
2.51,0.002774728896799459,0.002595495210332895,0.0003276358892342379,1.0
2.5109,0.0027790069510215637,0.0030866353702147147,0.00033059341118397913,1.0
2.5119,0.0027854415589074217,0.0028940388727318202,0.0003330030291619236,1.0
2.5129,0.002793148803658833,0.0025694906513066534,0.00033415045581247106,1.0
2.5138,0.002800321572253836,0.002499986710722713,0.0003350316822474354,1.0
2.5148,0.0028075777708849686,0.003433917499212423,0.0003370811482751734,1.0
2.5158,0.0027961890747489403,0.003510557396535635,0.00033985682433584615,1.0
2.5167,0.002786556713425744,0.002337088571188658,0.00034116461438980257,1.0
2.5177,0.0027789320348537948,0.0032451922445219136,0.00033948250422579897,1.0
2.5187,0.0027735516477858154,0.0031483268518054204,0.00033538473456109857,1.0
2.5196,0.002771492124657442,0.003087056068701445,0.00033098517178721147,1.0
2.5206,0.0027710000000000096,0.003083110606475128,0.00032792933122442454,1.0
2.5216,0.00277099999999994,0.0029520440294162477,0.000326698948440206,1.0
2.5226,0.0027709999999997485,0.0026275065971451393,0.0003286567890212182,1.0
2.5235,0.0027719487080500407,0.002393812141133308,0.00033301381409743666,1.0
2.5245,0.0027752627329903586,0.0030416892325805843,0.0003379033414134198,1.0
2.5255,0.0027791335941218217,0.002321605598805754,0.00034183742512100746,1.0
2.5264,0.0027845108605733513,0.0027520893882548264,0.00034382676531548024,1.0
2.5274,0.0027893902352500795,0.0030794795441071356,0.0003431478717048546,1.0
2.5284,0.002788414768888025,0.00301520021493388,0.00033973926611663587,1.0
2.5294,0.0027856648969367816,0.002230707410317279,0.0003365305884181805,1.0
2.5303,0.00278361525748918,0.0025893230745558803,0.00033681234502146493,1.0
2.5313,0.0027813369751672717,0.0029923496984590233,0.0003387821369273976,1.0
2.5323,0.0027790592359399346,0.002271542499121369,0.0003385619186281246,1.0
2.5332,0.0027770113184109103,0.0031710987556767536,0.0003368811921077183,1.0
2.5342,0.00277753281585064,0.002399904252511867,0.000336380422802437,1.0
2.5352,0.002782634070741671,0.003274969649439237,0.00033773925254827525,1.0
2.5361,0.002789080153932261,0.0033548638536374875,0.0003383634389611011,1.0
2.5371,0.002798358096421249,0.002520717498804761,0.00033645333433161855,1.0
2.5381,0.0028108884400389234,0.002582886044635386,0.0003354426440315085,1.0
2.5391,0.002827406500535952,0.0027264393869737905,0.0003372375873769859,1.0
2.54,0.002847497948648638,0.002837432423652332,0.00033977845018284787,1.0
2.541,0.002830201453624085,0.003500771555258661,0.00034240869292326834,1.0
2.542,0.002805744158123001,0.0027603310360489034,0.0003450130520217783,1.0
2.5429,0.0027894805115719315,0.002441449844046124,0.0003460476176946721,1.0
2.5439,0.00277539052764271,0.002856604558596195,0.0003430006340118247,1.0
2.5449,0.0027654584009957927,0.0024174135433221483,0.00033874182615244354,1.0
2.5458,0.0027582860442663094,0.0023553819842529683,0.00033717501909480993,1.0
2.5468,0.0027564449822810033,0.0021399968161692224,0.0003371201909689116,1.0
2.5478,0.00276296076529615,0.003248947495436848,0.000336409572050451,1.0
2.5488,0.0027735853258276017,0.002176231749853797,0.00033634556674633903,1.0
2.5497,0.0027846198623935076,0.0027605153154739554,0.00033744326526770503,1.0
2.5507,0.00279806992161074,0.003484682344559874,0.00033756864448621874,1.0
2.5517,0.002811800338623559,0.0031730243110374553,0.0003366713160893348,1.0
2.5526,0.0028249384694023737,0.002487092962191271,0.0003372569367231205,1.0
2.5536,0.002836122282805935,0.002992348649173236,0.00033865831734446346,1.0
2.5546,0.002843269935573171,0.002503522085361972,0.0003388047623534322,1.0
2.5555,0.0028536610093519836,0.0025452676838079637,0.0003386143820127175,1.0
2.5565,0.002868909305894042,0.002972398497944554,0.0003394380766846625,1.0
2.5575,0.0028879771786845514,0.0028280491588875594,0.0003410554158334249,1.0
2.5585,0.002912495654286447,0.003118619796541787,0.0003436721865746496,1.0
2.5594,0.002939389754136473,0.003113957500660211,0.0003488431450741392,1.0
2.5604,0.002943031880233004,0.0028568807215171637,0.0003548313890863356,1.0
2.5614,0.0029308231168152987,0.002779550182096477,0.00035572719298945104,1.0
2.5623,0.0029195487657184627,0.002935486275438485,0.0003498918393086901,1.0
2.5633,0.0029070320755560427,0.002792028632997126,0.00034272728449180536,1.0
2.5643,0.002894910475259473,0.0029129712716406075,0.0003388763921777714,1.0
2.5652,0.002885961693783101,0.0027347894203152627,0.00033834540923647147,1.0
2.5662,0.002878562519846872,0.00253677601000645,0.0003404377678297828,1.0
2.5672,0.0028688821702753,0.002670028038733236,0.0003421877387456373,1.0
2.5681,0.0028601117125285794,0.002674410374235731,0.00034142441012855764,1.0
2.5691,0.002851877765664245,0.0030949793251275073,0.00033944691603201617,1.0
2.5701,0.0028449312696696622,0.0033092457577094483,0.0003371129435502453,1.0
2.5711,0.002839236921601476,0.0030575107434122695,0.000335184124109308,1.0
2.572,0.00283428998087422,0.003262266348776389,0.0003351391248501276,1.0
2.573,0.00283131543761243,0.00285685286063192,0.0003368583322714354,1.0
2.574,0.002834271536129509,0.0034658911703614693,0.0003397581252818926,1.0
2.5749,0.0028398763909829924,0.0024077142028146666,0.0003434240590765338,1.0
2.5759,0.0028467112379487714,0.0030016570424392986,0.0003462571854246054,1.0
2.5769,0.00285505927417386,0.0029816583626648824,0.00034580475363138913,1.0
2.5779,0.0028641620738231737,0.0024560056452416386,0.0003427229615160993,1.0
2.5788,0.0028723618496349856,0.003383659094621277,0.0003406561292726208,1.0
2.5798,0.002873522479550339,0.0027352027179487607,0.00034034353813450875,1.0
2.5808,0.002846035160421169,0.003240628140859649,0.00034018431183767276,1.0
2.5817,0.0028270966677480082,0.002786296606568342,0.000340180803673265,1.0
2.5827,0.0028137438827879092,0.0030567999563370506,0.00033952324779754696,1.0
2.5837,0.002805000398848639,0.002182735487332985,0.00033664051387802973,1.0
2.5846,0.0027998999008144055,0.0029669362560874766,0.0003325756746762939,1.0
2.5856,0.0027960083167698196,0.002772292856663751,0.0003306083127672384,1.0
2.5866,0.0027949999999999915,0.0028801279751697172,0.00033255562860631495,1.0
2.5876,0.0027978225008602046,0.0029771161415924124,0.00033641763002655517,1.0
2.5885,0.0028018634300144927,0.002841916693345288,0.00033760344769857717,1.0
2.5895,0.002806418908468716,0.003052301511032891,0.0003360996047930967,1.0
2.5905,0.0028117070779474927,0.002998662492808866,0.0003344591457072751,1.0
2.5914,0.0028191495040161335,0.002946460723855264,0.0003337351372223666,1.0
2.5924,0.0028298883823227013,0.0027492552958805964,0.0003333039167422591,1.0
2.5934,0.0028342722008776627,0.00281010165242661,0.00033308190924979453,1.0
2.5943,0.0028291467445219023,0.0035441267522866656,0.0003346507720130982,1.0
2.5953,0.002824871437872244,0.0030877417093550926,0.0003384233127824794,1.0
2.5963,0.002822303219354192,0.0033601073812105486,0.0003433318697585918,1.0
2.5972,0.00282025303681194,0.00311914289025924,0.00034754075910304656,1.0
2.5982,0.0028200000000000395,0.0031412537505465053,0.00034845041874252816,1.0
2.5992,0.002819699293166871,0.0026198542216790003,0.00034538160448775067,1.0
2.6002,0.0028156862157592,0.002482040372667004,0.00034177770473578506,1.0
2.6011,0.0028071711712881835,0.0027960438408702834,0.0003404766988813062,1.0
2.6021,0.002797378653221445,0.0027809744121680925,0.00033962176044376093,1.0
2.6031,0.002788861697134022,0.0026823775197428535,0.00033847513877282974,1.0
2.604,0.002782918613025464,0.0027748691100235685,0.0003383412601429623,1.0
2.605,0.0027772242649575425,0.002694671355183583,0.0003383840722324284,1.0
2.606,0.002773317950133457,0.0037340715600678097,0.00033880683949862506,1.0
2.607,0.0027741656003046834,0.002144098750886815,0.000341619337226053,1.0
2.6079,0.00277939786988327,0.0031356517774299843,0.0003465062950798995,1.0
2.6089,0.0027877638174418165,0.002296974930551721,0.00034815715466457984,1.0
2.6099,0.0027983484932938003,0.0023608749967832005,0.00034459361449115807,1.0
2.6108,0.002808599406005406,0.002878006721153594,0.0003409707542656711,1.0
2.6118,0.002819489291927604,0.002487229782131024,0.00034100350357309836,1.0
2.6128,0.002830369543672443,0.003189274466986619,0.0003427452029436376,1.0
2.6137,0.0028359848964404828,0.002964069185735525,0.00034420704910293604,1.0
2.6147,0.0028378007733077327,0.002455134423733532,0.00034546337847906667,1.0
2.6157,0.0028389396429212375,0.0032018334632289568,0.0003460154147347442,1.0
2.6166,0.002840929468385381,0.002661376252858186,0.00034545155077718746,1.0
2.6176,0.0028421024648541296,0.002824486881790758,0.00034483538474665114,1.0
2.6186,0.0028434826689356296,0.002752085524979802,0.00034516696317460127,1.0
2.6196,0.0028457609512573443,0.002612543432190493,0.00034618036307030567,1.0
2.6205,0.0028474055668998226,0.0024030631989199968,0.0003486462044578715,1.0
2.6215,0.002849633309540453,0.0032059570566894055,0.00035317272667037845,1.0
2.6225,0.0028523650575187232,0.0027432661257722805,0.00035569150470745226,1.0
2.6234,0.00285512177533822,0.0030990789515385085,0.0003542855324952942,1.0
2.6244,0.0028585383841789914,0.0027364942412116534,0.0003537575661290208,1.0
2.6254,0.0028629410768826577,0.0031120955855675134,0.0003554270082728559,1.0
2.6264,0.002868620694171237,0.003450962915655921,0.00035565012294833754,1.0
2.6273,0.002873149060333159,0.0027342736018765978,0.00035437990972688377,1.0
2.6283,0.0028742869607670204,0.003203845970909553,0.00035420870841352766,1.0
2.6293,0.0028754261019277435,0.0031361382910140437,0.0003550274643170936,1.0
2.6302,0.0028764509216517038,0.00285140832852435,0.0003549993291844284,1.0
2.6312,0.002877000000000045,0.0027873736138814215,0.0003551299558154805,1.0
2.6322,0.0028777289324262772,0.0031748266980600255,0.00035590008809709687,1.0
2.6331,0.0028780000000000598,0.003051276213237843,0.00035645893347611757,1.0
2.6341,0.002876216491281978,0.002616299526343316,0.0003563582835107777,1.0
2.6351,0.002867693760274474,0.0027027441371387925,0.0003551314843003162,1.0
2.6361,0.0028563023486648225,0.003165731758622344,0.00035323154580593996,1.0
2.637,0.0028460536527491714,0.0026280789653115202,0.00035250871907627863,1.0
2.638,0.0028346741293382,0.002070680704244855,0.0003538446097486908,1.0
2.639,0.0028237568898821634,0.002886105068190447,0.00035685604673301715,1.0
2.6399,0.0028150276163922557,0.002503473363850471,0.00036107510403145097,1.0
2.6409,0.002807187494612436,0.0032215932291705233,0.0003632781519801934,1.0
2.6419,0.002804225441274376,0.0032485560053862146,0.00036080882115802277,1.0
2.6428,0.0028024025194602906,0.003311881373982882,0.00035735543220124415,1.0
2.6438,0.002800125238683679,0.002322413824301768,0.00035645867030534344,1.0
2.6448,0.002798847499456335,0.0020682491497053305,0.00035808356638982223,1.0
2.6458,0.0027967846085673142,0.0028881538166256144,0.0003600369935655012,1.0
2.6467,0.002795519577686955,0.0030692593892056802,0.0003589913160511186,1.0
2.6477,0.002794000000000028,0.003537447496277654,0.00035521947842023,1.0
2.6487,0.002795034165958094,0.0027019381420568473,0.0003519181691113005,1.0
2.6496,0.0027976265227505365,0.003151838512003548,0.0003506620357838189,1.0
2.6506,0.0028010431315913715,0.0031020453064607564,0.00035233383470676527,1.0
2.6516,0.002804459740432223,0.0029145867415101556,0.0003552664177706744,1.0
2.6525,0.0028066880868470507,0.002224446739615585,0.00035583555214604464,1.0
2.6535,0.002809949020872227,0.002809914771027257,0.0003537669344809122,1.0
2.6545,0.002813487506284244,0.0018080830519914323,0.0003527015142383442,1.0
2.6555,0.00281830373092339,0.002716716236639024,0.00035368124925394285,1.0
2.6564,0.0028237150247353237,0.0027076991044815875,0.00035527746463289567,1.0
2.6574,0.00283096956729144,0.0034787804423235262,0.0003566433257459541,1.0
2.6584,0.0028389389649479905,0.002746758472205844,0.00035747682461953153,1.0
2.6593,0.0028472902049453165,0.0024740578795088976,0.0003582441913126356,1.0
2.6603,0.0028582667016309416,0.0029091768013196585,0.0003592876750169902,1.0
2.6613,0.0028713864773207286,0.002549005471332919,0.0003582557964503278,1.0
2.6622,0.0028765625241916706,0.002470533246551863,0.00035458905548716097,1.0
2.6632,0.002865744744615846,0.002847055602353806,0.00035287601919825335,1.0
2.6642,0.0028556599770374245,0.0024688963648282743,0.000354603926290556,1.0
2.6651,0.0028478444351510033,0.001805162982554625,0.0003558807738765587,1.0
2.6661,0.0028410112174691773,0.002384876414740823,0.0003550979232592692,1.0
2.6671,0.0028351208068360676,0.0026065908550259743,0.00035398307420406546,1.0
2.6681,0.002831174993267384,0.0027463701275454388,0.00035329418589242877,1.0
2.669,0.002829999999999829,0.0023033974152556463,0.0003532225918606988,1.0
2.67,0.002830772296462293,0.0033510908405454927,0.0003535567065558988,1.0
2.671,0.002833733498227654,0.002941290026105029,0.0003532982211736392,1.0
2.6719,0.0028368087720413333,0.0027075766099108898,0.0003520184487132937,1.0
2.6729,0.002843591904069015,0.0023621712869834827,0.0003519481907799499,1.0
2.6739,0.002853554291466531,0.0033386092433124004,0.0003542713513853691,1.0
2.6749,0.002868631980531064,0.0032995455914079214,0.0003585481252380377,1.0
2.6758,0.0028857876209792328,0.0023217860610549824,0.0003638768013233776,1.0
2.6768,0.002890808483983992,0.002504062186107025,0.00036758606341909543,1.0
2.6778,0.0028791132412019525,0.0034419531896920813,0.00036579758454742826,1.0
2.6787,0.0028719273103960073,0.0029491349186707714,0.00036047040955344947,1.0
2.6797,0.002868364697571307,0.0025058798447565108,0.0003578404389933421,1.0
2.6807,0.0028670432076247057,0.0023773940954220055,0.0003597491320735554,1.0
2.6816,0.0028679818836461466,0.003129213173888842,0.00036295022444156084,1.0
2.6826,0.0028702412317685526,0.0026887955650062864,0.00036413064281237814,1.0
2.6836,0.0028701906125496376,0.00306054361346438,0.00036309249836021033,1.0
2.6846,0.0028618189993403252,0.0025105703458921957,0.0003626031864384979,1.0
2.6855,0.0028540428863561397,0.002890079737214205,0.0003646052290423424,1.0
2.6865,0.0028460688982290413,0.0025930924681839764,0.00036545578805706144,1.0
2.6875,0.002838802047781559,0.0032142867528282063,0.00036214467385960647,1.0
2.6884,0.0028333779605003344,0.002346488008163362,0.0003587288961222213,1.0
2.6894,0.00282854688994598,0.002876690062515947,0.00035773272385471015,1.0
2.6904,0.0028239978528727078,0.0024506107914602057,0.0003566640809706621,1.0
2.6913,0.0028230544767967373,0.00282178182188262,0.00035410350874652796,1.0
2.6923,0.0028251661902764973,0.0020313719418309792,0.000352008713612315,1.0
2.6933,0.0028266082204417386,0.002543311237506377,0.0003513098855791755,1.0
2.6942,0.0028286584029838914,0.0029268584141308525,0.0003518684961006696,1.0
2.6952,0.002830936142211231,0.0030044789938750193,0.0003530665794469329,1.0
2.6962,0.0028326069407191806,0.0023874472563787563,0.0003545181518903888,1.0
2.6972,0.0028344921637603556,0.0023666773515474597,0.0003564138814705657,1.0
2.6981,0.0028373108874637067,0.0028800154304077278,0.0003599929660743131,1.0
2.6991,0.0028407267114383163,0.003360666166523181,0.0003641564142888784,1.0
2.7001,0.002846191093705598,0.0028311991274760093,0.000364764079028548,1.0
2.701,0.0028504371881852885,0.002655644822946906,0.000362652804498957,1.0
2.702,0.002857268960581482,0.0030155518255849142,0.00036266552846971615,1.0
2.703,0.0028644481556398147,0.002730241077703678,0.0003654022606702127,1.0
2.704,0.002872908849068821,0.003359287279287004,0.00036789802310165413,1.0
2.7049,0.0028800821844287396,0.002680147867477509,0.00036848723388282324,1.0
2.7059,0.002874516628760652,0.002660154911306438,0.00036776889881410505,1.0
2.7069,0.0028612941970476815,0.0029915529942852533,0.00036606105506316674,1.0
2.7078,0.0028508440102500113,0.002640082278028228,0.00036394797620548883,1.0
2.7088,0.0028404092289916975,0.003049147652412717,0.0003639745178071373,1.0
2.7098,0.002832439601646083,0.003162771001593256,0.00036763287098103177,1.0
2.7107,0.00282640754501591,0.0026562343491355993,0.00037308918797157787,1.0
2.7117,0.0028207131969477162,0.0026629821075609696,0.0003774658220583349,1.0
2.7127,0.0028166042205497953,0.0025032873079514914,0.0003795829938888205,1.0
2.7136,0.0028160000000000017,0.0027628698241775216,0.00038046986167902266,1.0
2.7146,0.0028165593237040733,0.0028846624075973765,0.0003797570935088059,1.0
2.7156,0.002818396386635243,0.0029155480833728186,0.0003786455729723434,1.0
2.7166,0.002821511188793871,0.002682993089512769,0.00037848253180288593,1.0
2.7175,0.0028254446934687745,0.0027154909045928335,0.0003769857843548034,1.0
2.7185,0.0028309994243196296,0.002810762151470908,0.0003741663064320601,1.0
2.7195,0.00283697318217422,0.002807562578892512,0.0003732940559942325,1.0
2.7204,0.0028441488210726646,0.00263320901658737,0.00037411952106544027,1.0
2.7214,0.002852423895277695,0.0029768039718269415,0.00037435074806638777,1.0
2.7224,0.0028624135384239997,0.0035017175090927416,0.0003739851857520611,1.0
2.7234,0.0028743784460532277,0.002654940761482113,0.00037544137336738005,1.0
2.7243,0.0028868608199273797,0.002720516107764863,0.0003788848886438353,1.0
2.7253,0.002904644933487805,0.003045331603464735,0.00038027078106341733,1.0
2.7263,0.0029257710953802334,0.0030315374807561336,0.00038020167229539,1.0
2.7272,0.0029479711710380693,0.003575095842022048,0.00038263679855595845,1.0
2.7282,0.002933226310225909,0.0033839094780061837,0.00038521071811667786,1.0
2.7292,0.00291441866912482,0.0024214472984488535,0.0003853274451240923,1.0
2.7301,0.0029004863354241636,0.003464147057164925,0.0003864322283765455,1.0
2.7311,0.002887513867910414,0.002984531097812289,0.00038874127345361735,1.0
2.7321,0.002877104574123272,0.0022901415094745857,0.0003866122129674444,1.0
2.7331,0.0028686235056119068,0.0025903574876321492,0.0003799227132768974,1.0
2.734,0.0028614478667134745,0.002300374603623631,0.000375106261584756,1.0
2.735,0.00285742165126237,0.002892828485423111,0.0003751743260989362,1.0
2.736,0.002858856631059581,0.0032411740603882286,0.0003782110888169749,1.0
2.7369,0.0028609068136020233,0.003451360002377391,0.0003809613992388853,1.0
2.7379,0.0028631822749248205,0.003883632882210784,0.0003837370597033335,1.0
2.7389,0.002865460014152074,0.0028958326326318728,0.0003873557676216617,1.0
2.7398,0.0028675101966944084,0.003334264077822886,0.00038967041505488,1.0
2.7408,0.002869787935921671,0.002332598965591714,0.0003887217487405583,1.0
2.7418,0.002872066218243603,0.002406788876037595,0.00038663549676479865,1.0
2.7428,0.0028649454289458734,0.002858999336744648,0.0003871916550888488,1.0
2.7437,0.0028519528962919153,0.0027481958208375,0.00039018565474408954,1.0
2.7447,0.002837982391982996,0.0030162842863553233,0.00039222216908472724,1.0
2.7457,0.0028262632971831,0.0027864142398893,0.0003916205673014642,1.0
2.7466,0.002818009907576898,0.00202122096871476,0.000389629647597334,1.0
2.7476,0.0028128622541719983,0.002926346480109685,0.00038784058756854116,1.0
2.7486,0.002812275633375295,0.002487224946720561,0.00038693182127478074,1.0
2.7495,0.0028136014492930396,0.002760878766069569,0.0003873449417246618,1.0
2.7505,0.002816318782780313,0.0026903587141483922,0.0003882988524079932,1.0
2.7515,0.0028197353916211356,0.0027640762752518936,0.0003884045003242688,1.0
2.7525,0.0028224335772934674,0.0023912198848553574,0.0003872399014093109,1.0
2.7534,0.002825224672061177,0.0033643206250375066,0.00038492758174298595,1.0
2.7544,0.0028295217078692747,0.0032835757840485426,0.0003822615890234978,1.0
2.7554,0.002834115779485676,0.003560282329366527,0.000378691085373287,1.0
2.7563,0.0028403107149648985,0.002869003735739677,0.00037520977066876474,1.0
2.7573,0.0028464508530548407,0.0030705951019691312,0.0003735819872701578,1.0
2.7583,0.00284239370162725,0.00296537133549778,0.00037342488029951673,1.0
2.7592,0.002837960947162698,0.0030681055585652993,0.0003744717769691179,1.0
2.7602,0.002835029558881264,0.003361392833053746,0.0003782742176251233,1.0
2.7612,0.002832751819653976,0.002887416952416666,0.0003830246234400519,1.0
2.7621,0.002831350818555852,0.0030998455950702625,0.0003848399871035801,1.0
2.7631,0.00283021284547352,0.002545850022578648,0.0003859359319192329,1.0
2.7641,0.002829073946733441,0.002792794019321763,0.00038999868570368856,1.0
2.7651,0.0028281947686406884,0.00262218291554442,0.0003954618738128729,1.0
2.766,0.002831270042454201,0.002130545132137704,0.00040042485277601,1.0
2.767,0.0028346858701217784,0.002633065582899957,0.0004033324378574883,1.0
2.768,0.0028380998432792548,0.0026823571899664434,0.00040150879554199954,1.0
2.7689,0.0028407834113952854,0.00286540741167111,0.000398374447168042,1.0
2.7699,0.0028435925405758083,0.0022814971664628083,0.0003987412797148856,1.0
2.7709,0.0028470091494167825,0.003044810982321613,0.0003991526786168298,1.0
2.7719,0.0028504257582574986,0.0034207384820868947,0.0003953550307093682,1.0
2.7728,0.002853498186755941,0.0025111006815580175,0.00039030447219650256,1.0
2.7738,0.0028578856320740247,0.0025155140366373697,0.0003877983635664057,1.0
2.7748,0.0028625527458972437,0.003681875596438853,0.0003881831915976071,1.0
2.7757,0.0028678138427038606,0.002997276229921711,0.00039000797363144825,1.0
2.7767,0.002874921570449807,0.002393353567082035,0.00039372877113596377,1.0
2.7777,0.002883303275150657,0.002690660757042203,0.000399028968107892,1.0
2.7786,0.002891935987972186,0.002804304570946236,0.00040300084285702716,1.0
2.7796,0.0029039144193264447,0.003194273706591792,0.00040335283881293426,1.0
2.7806,0.0029061386289141447,0.0030262772350691356,0.00040131404778749217,1.0
2.7816,0.0028913326018383517,0.002690901242239681,0.00039833160016314827,1.0
2.7825,0.0028793386635808734,0.0029123590458479155,0.00039561245663737737,1.0
2.7835,0.002871982965682267,0.0026389604111045316,0.0003956778742330882,1.0
2.7845,0.0028711559039312257,0.0020113587300733746,0.0003998236175781629,1.0
2.7854,0.0028725429856076446,0.0027930625393371624,0.00040396007450829355,1.0
2.7864,0.002875960409090483,0.0024310219354537416,0.00040466132183946275,1.0
2.7874,0.002879375451358126,0.003235410704992759,0.0004047023253659934,1.0
2.7883,0.0028809999999999465,0.002776477453184335,0.0004053086966660782,1.0
2.7893,0.002880999999999934,0.0023049822447583413,0.00040471120906654184,1.0
2.7903,0.0028809999999999864,0.0029440736080046212,0.0004051158712846815,1.0
2.7912,0.0028841431551783173,0.0026012686581263125,0.0004097542080343594,1.0
2.7922,0.0028933243695999514,0.003341900621414782,0.0004148183217851269,1.0
2.7932,0.002913691836659036,0.003482781481450609,0.00041341853256535383,1.0
2.7942,0.002945650497610314,0.003219160810762949,0.0004070610794254292,1.0
2.7951,0.002979705131061558,0.003028001784022262,0.0004026324873860418,1.0
2.7961,0.002999055668807062,0.0031347070099447456,0.0004007031691722295,1.0
2.7971,0.0029708701382963705,0.003012128059174388,0.0003986174368771457,1.0
2.798,0.0029386138775419797,0.00254389928200813,0.000396554015414664,1.0
2.799,0.0029073136447741134,0.003633845787555217,0.0003979258280926779,1.0
2.8,0.0028860988188375595,0.002643372206331228,0.00040335236149879644,1.0
2.801,0.0028763817451146726,0.0030557608880798603,0.0004102468701885914,1.0
2.8019,0.0028740594305852185,0.0025072182168276516,0.0004183503790407228,1.0
2.8029,0.002874000000000119,0.0035614801636078726,0.0004306406302641552,1.0
2.8039,0.0028732585304104327,0.0038708913236378136,0.0004416483883408404,1.0
2.8048,0.0028701832565968125,0.0025061383031748583,0.0004448308110816516,1.0
2.8058,0.0028663555303413734,0.0023898360266695587,0.0004421521520492603,1.0
2.8068,0.0028623500389151194,0.0021449020970368366,0.00044474847858293036,1.0
2.8077,0.0028592767278260503,0.002753374818389833,0.0004502432862920643,1.0
2.8087,0.002857286919491728,0.0021771088966831857,0.0005262529109138173,1.0
