Wavelength_um,Model_Depth,Transit_Depth,Error,Num_Transits
0.8309,0.003217544434449692,0.003380892738062732,0.00026433149568277404,1.0
0.8318,0.0032180000000000264,0.0030279537309131355,0.0002344716339744928,1.0
0.8328,0.0032179999999999752,0.002848657715766355,0.00023020769488195993,1.0
0.8338,0.0032180000000000403,0.003178955751140207,0.0002254093872630561,1.0
0.8348,0.0032189851992700026,0.003180163456011996,0.0002208320846804674,1.0
0.8357,0.0032249488867279737,0.0033148239981978704,0.0002182519961661777,1.0
0.8367,0.003219701543916571,0.0028463512864964225,0.00021714127085821068,1.0
0.8377,0.003217999999999964,0.002841567359689847,0.00021656599483326115,1.0
0.8386,0.0032208084497690843,0.003373950369129586,0.0002162928592838919,1.0
0.8396,0.003222940501745341,0.00296307876041093,0.00021514674910129135,1.0
0.8406,0.0032180000000001188,0.0031831197559811374,0.00021283210917637555,1.0
0.8415,0.0032303003249286957,0.002975669837981559,0.00021157972033863167,1.0
0.8425,0.0032229380798687326,0.003321477697399775,0.00021278967252759772,1.0
0.8435,0.003219783640364095,0.0033605085477292304,0.000215571333263751,1.0
0.8445,0.00321996924231745,0.0031279191099683364,0.0002180508301083581,1.0
0.8454,0.003218944218933264,0.0035034764341285393,0.0002201343421953387,1.0
0.8464,0.0032180000000000767,0.0036237864582893847,0.00022145363047464207,1.0
0.8474,0.003218333344291352,0.003191699503523697,0.00022036863133073162,1.0
0.8483,0.003218642391613335,0.0031031274405347495,0.00021780207797250282,1.0
0.8493,0.003218496613773957,0.0032825128820736693,0.00021728733841223948,1.0
0.8503,0.0032189999999999103,0.0028952882133367296,0.0002173617376883293,1.0
0.8512,0.0032189999999999,0.0032554336935402997,0.00021477314211080655,1.0
0.8522,0.0032205990243186315,0.003425827506556661,0.00021116223045617233,1.0
0.8532,0.003221000000000113,0.003472626911378081,0.00020921774495356377,1.0
0.8542,0.0032208473678103193,0.0028964508651001687,0.00020775957358211064,1.0
0.8551,0.0032191013394791503,0.0032507723320003437,0.0002046190810382199,1.0
0.8561,0.0032197596551334605,0.00329158539090377,0.00020084422152297807,1.0
0.8571,0.0032189999999999268,0.003524330229553392,0.00019855286878762334,1.0
0.858,0.0032189999999999905,0.003483486188611283,0.0001973433964041249,1.0
0.859,0.003218999999999911,0.0033535475644587654,0.00019621844039457157,1.0
0.86,0.003219681109686987,0.003464525455585527,0.00019486236813495402,1.0
0.861,0.003219179952812677,0.002919313766652415,0.00019315470502788307,1.0
0.8619,0.003218999999999926,0.003370603967158076,0.00019120533798846305,1.0
0.8629,0.0032190000000000005,0.0032041376215422223,0.00018977996907018545,1.0
0.8639,0.0032190000000000283,0.003048600639388729,0.00018979334847998362,1.0
0.8648,0.0032188531021084058,0.002987277731702875,0.00019208316835915698,1.0
0.8658,0.0032182859032789455,0.0034155680498667547,0.0001956199863237576,1.0
0.8668,0.003218999999999972,0.0029581834508524167,0.00019623563763754425,1.0
0.8677,0.0032189999999999823,0.0031701002856425876,0.00019404280736545995,1.0
0.8687,0.0032195877305988066,0.0033861736602313615,0.0001926627995581469,1.0
0.8697,0.003220726668099431,0.0031418877925874097,0.00018966855376591205,1.0
0.8707,0.0032201343944001535,0.003276854294183829,0.00018500303329425978,1.0
0.8716,0.003220000000000032,0.0037898711315289485,0.00018164442120102708,1.0
0.8726,0.0032200284954192267,0.003320063991592852,0.00017960311018882374,1.0
0.8736,0.003220665134160464,0.0034562659561392854,0.00017828658329790617,1.0
0.8745,0.0032195773689121885,0.0030200106000493263,0.00017743255632092739,1.0
0.8755,0.003221005614925863,0.0032912182310468325,0.00017672753465767084,1.0
0.8765,0.0032185296008081254,0.003628247406219892,0.00017592728934404404,1.0
0.8774,0.00321849485895539,0.003183258884581838,0.00017509087722109576,1.0
0.8784,0.0032196332890115993,0.00311907206853869,0.00017428776295720907,1.0
0.8794,0.003220000000000049,0.0032255665207551235,0.00017353447856967812,1.0
0.8803,0.0032192027501037703,0.0029972864414113762,0.00017251862092078699,1.0
0.8813,0.003220872374793348,0.003259378299234999,0.00017130951363561402,1.0
0.8823,0.003220075107240446,0.0027176651362581777,0.00017022521057628965,1.0
0.8833,0.0032212129913323025,0.003169554909385122,0.0001694236348167856,1.0
0.8842,0.003221523970566802,0.003313998934168105,0.00016896147307982393,1.0
0.8852,0.003220377020103849,0.003198580674829092,0.0001691902800607669,1.0
0.8862,0.003222031915208344,0.00298692170933012,0.00017012065475068588,1.0
0.8871,0.0032262421932285736,0.003021800747679726,0.0001707449235447262,1.0
0.8881,0.0032337519319660325,0.0035755209059233663,0.0001703928338371582,1.0
0.8891,0.0032466312040140308,0.0034555696394206054,0.00016913728282285325,1.0
0.89,0.0032489999999997994,0.003081472690034122,0.00016777179015195097,1.0
0.891,0.0032735436452244315,0.003350437986151561,0.00016698427167905725,1.0
0.892,0.0032897587723543713,0.0033398716916698077,0.0001662445834049876,1.0
0.893,0.003290068397956517,0.003322468927535191,0.00016517369163612352,1.0
0.8939,0.0032798363316520014,0.003207438282012848,0.00016427826566876687,1.0
0.8949,0.0032351967933542036,0.0031574002044471258,0.0001637872650291331,1.0
0.8959,0.0032350536441498306,0.0033347764528037322,0.00016337819092836063,1.0
0.8968,0.003233721145390873,0.00334656561681621,0.00016269876040996044,1.0
0.8978,0.0032423202292493508,0.003280730031025975,0.00016160481792472318,1.0
0.8988,0.0033005272868685646,0.0035183397703487805,0.0001607634845631765,1.0
0.8998,0.0032819657874444373,0.003186500385318844,0.0001608306016016215,1.0
0.9007,0.0032662900902438834,0.0034535469814038176,0.00016144544297550352,1.0
0.9017,0.003239004284695807,0.003237263413898511,0.00016177753397558485,1.0
0.9027,0.003228085300471685,0.003467996470230835,0.00016094661434626933,1.0
0.9036,0.003228633052330637,0.003110521917134361,0.00015902470181617266,1.0
0.9046,0.0032620882157170946,0.003294226322459812,0.00015707194235700675,1.0
0.9056,0.0032581826086847438,0.0030284782559971994,0.00015589997840369235,1.0
0.9065,0.003228046924052229,0.003086912605510613,0.00015540002648789568,1.0
0.9075,0.0032286213557011488,0.0029889834762739436,0.00015520979980792295,1.0
0.9085,0.0032472691332310188,0.003356733165926221,0.00015478481940424496,1.0
0.9095,0.0032295740709936157,0.0034419640304014106,0.00015397032850281918,1.0
0.9104,0.003241145725267704,0.0033459126737443766,0.00015310951305572522,1.0
0.9114,0.0032404575837468373,0.0030746180528322922,0.00015242778840249147,1.0
0.9124,0.003234504064253967,0.0032531830924657037,0.00015179799654670386,1.0
0.9133,0.0032350049607400553,0.003245782019003503,0.00015114796843232025,1.0
0.9143,0.0032244863046589707,0.003338862534922224,0.00015042714319312702,1.0
0.9153,0.003224652632841505,0.003165971932191389,0.00014968689530375797,1.0
0.9162,0.003225677656225897,0.003013757823700823,0.00014905448931134104,1.0
0.9172,0.0032219166919343297,0.0030189419517160487,0.00014863492997288624,1.0
0.9182,0.0032190909760596823,0.0032610112559303623,0.00014829173286177582,1.0
0.9192,0.0032370386491006754,0.003141099946573138,0.00014801301794034393,1.0
0.9201,0.0032182368420925695,0.003334975496840867,0.0001479138117268557,1.0
0.9211,0.003241108967548599,0.0030954305973639375,0.0001480392078244035,1.0
0.9221,0.003268743307328437,0.003204244440920446,0.000148518086944172,1.0
0.923,0.003217579751633818,0.0033039438249268444,0.000149322930023331,1.0
0.924,0.003217000000000095,0.003273048184344779,0.0001498841855837566,1.0
0.925,0.003218396382507794,0.0031648499682097445,0.00014945906954865346,1.0
0.9259,0.003218276785361817,0.00325600337614521,0.000148410823745883,1.0
0.9269,0.0032171377799743916,0.003345378984986882,0.00014762330488312872,1.0
0.9279,0.0032180000371477787,0.0031669631861110793,0.00014756589083345762,1.0
0.9288,0.003220075125874665,0.003199319025500118,0.000147888983272907,1.0
0.9298,0.0032221801027068338,0.003278105976220747,0.0001476749935511602,1.0
0.9308,0.003218000000000051,0.0031596425783261143,0.00014668011712471748,1.0
0.9318,0.003259098778214109,0.0033900113846020118,0.0001454705583866806,1.0
0.9327,0.003270888352403931,0.003218724761943352,0.00014456296744210233,1.0
0.9337,0.0032231855635023216,0.0031358039305914224,0.00014392085006498871,1.0
0.9347,0.0032205125006672737,0.0032060579236447926,0.00014352710967054487,1.0
0.9356,0.0032176936808480127,0.0030692866817482564,0.0001433592372231398,1.0
0.9366,0.003218815556875815,0.003157985280953573,0.0001432850731438296,1.0
0.9376,0.0032662251912335878,0.003366570454557286,0.00014322974051695373,1.0
0.9385,0.0032478819888815797,0.0034461539466120383,0.0001432109421512944,1.0
0.9395,0.003262117112083624,0.0034675753737612326,0.0001430195479834423,1.0
0.9405,0.0033505942618124915,0.0031388928464251066,0.00014254836081243642,1.0
0.9415,0.003249711287804844,0.003445274925891905,0.00014186862348299626,1.0
0.9424,0.003248725129180707,0.003212562260169206,0.0001410688204109306,1.0
0.9434,0.003235210376192126,0.0030412381653936948,0.00014042793908330254,1.0
0.9444,0.0032260566061102333,0.0033549228430159424,0.00014002510324379394,1.0
0.9453,0.003219371337073781,0.003049284171854224,0.0001395595141825105,1.0
0.9463,0.003360093853857079,0.0035922125523221633,0.00013892408607927214,1.0
0.9473,0.003217000000000018,0.0030108927901446314,0.00013831522100795626,1.0
0.9482,0.0032170000000000514,0.0029108574902896663,0.00013779200349372159,1.0
0.9492,0.0032175101925670554,0.003292379182399712,0.0001375139490814081,1.0
0.9502,0.0032186058983292515,0.0032984321511251692,0.00013740495570711082,1.0
0.9512,0.0032174669608288457,0.0033633116318329127,0.00013731920833742663,1.0
0.9521,0.003231509626445038,0.003594000712923039,0.0001370995545555003,1.0
0.9531,0.0032381260755667395,0.0032373748114578075,0.00013676478980931788,1.0
0.9541,0.003220972403159177,0.0032471312222427757,0.00013649593013305327,1.0
0.955,0.003217999999999992,0.003389279118485819,0.00013618226730548262,1.0
0.956,0.0032189988273760464,0.003369784074031299,0.0001356978622843667,1.0
0.957,0.0032184130278708153,0.0029823690436396764,0.0001352872754265775,1.0
0.958,0.003222378156557678,0.003246312329467374,0.00013493806272037645,1.0
0.9589,0.0032247973812164414,0.003505463006385752,0.00013434724543039123,1.0
0.9599,0.0032228793201662664,0.0031566572241915414,0.00013376583428474395,1.0
0.9609,0.0032216856096654633,0.003091531105423165,0.00013333304071434248,1.0
0.9618,0.003221207241935978,0.0033752400096332727,0.0001330437915425147,1.0
0.9628,0.0032457370080524574,0.0034534033495860084,0.00013301294344634075,1.0
0.9638,0.0032478370256750523,0.003249122880557769,0.00013319728787298748,1.0
0.9647,0.003222552896225868,0.0032801508533024685,0.00013335764705886183,1.0
0.9657,0.0032190443857883617,0.003205177194028382,0.00013342582895885154,1.0
0.9667,0.0032199999999999833,0.0033605034096638323,0.00013339438063514382,1.0
0.9677,0.003222575695814701,0.0034478818680481857,0.00013323319162324696,1.0
0.9686,0.003225922721350194,0.0033048067072701257,0.00013320818512324245,1.0
0.9696,0.003223455655486722,0.0030929269226047393,0.0001330943394928714,1.0
0.9706,0.003222503376015887,0.0032633713724763334,0.00013262127280179827,1.0
0.9715,0.0032210000000000107,0.003037408009301046,0.000131835026346956,1.0
0.9725,0.0032210000000000723,0.003285543568443583,0.00013087525296536182,1.0
0.9735,0.003223777949947952,0.0031248819396911456,0.00013018080223228538,1.0
0.9744,0.0032211469798989856,0.0031232920527345205,0.00012983581974975443,1.0
0.9754,0.003220179888401665,0.0033670554309604807,0.00012955971832790685,1.0
0.9764,0.0032245184454690063,0.003122123571345653,0.0001293001723671021,1.0
0.9773,0.0032302094755769827,0.003092565550302457,0.00012891164894602485,1.0
0.9783,0.0032216082284793387,0.0030322671983415957,0.0001284043847704493,1.0
0.9793,0.0032252462152642133,0.003215090078578292,0.00012795012919197916,1.0
0.9803,0.0032457428602118347,0.003115356952103486,0.00012759086336110723,1.0
0.9812,0.003231768390629483,0.003297162591528232,0.00012726684805965818,1.0
0.9822,0.0032245012295404932,0.003296278524456548,0.00012690301331890437,1.0
0.9832,0.0032240284258959005,0.0033006314324732096,0.0001266023881753125,1.0
0.9841,0.003223999999999955,0.0031351232130797484,0.0001264430291446641,1.0
0.9851,0.0032252710052263914,0.0031372810197909206,0.0001262666363418509,1.0
0.9861,0.003227549016000979,0.0033003760669601274,0.00012588455574546992,1.0
0.987,0.003229598381242165,0.0031556123149024755,0.00012553173930488268,1.0
0.988,0.0032393092687298284,0.003132281139371952,0.000125383407879835,1.0
0.989,0.0032338626110277094,0.003059735747194191,0.00012530587084596214,1.0
0.99,0.003234874910775975,0.0031161497142013763,0.00012518555235711248,1.0
0.9909,0.0032288955569212893,0.003175216471510037,0.0001252822620220794,1.0
0.9919,0.0032241206984074482,0.0034904161548832955,0.00012575551454229586,1.0
0.9929,0.003232119700985789,0.0032057601667662364,0.00012614522277571514,1.0
0.9938,0.0032383681471223357,0.0032660897459036386,0.00012587123690649505,1.0
0.9948,0.003225448488205013,0.0032765355838539592,0.00012543177755161965,1.0
0.9958,0.0032320000000000465,0.0031684072510987493,0.0001255064501371577,1.0
0.9968,0.003229704980433104,0.0032697390942221863,0.00012546533754987925,1.0
0.9977,0.0032274834766409547,0.00332687797904064,0.00012495468161764322,1.0
0.9987,0.003227999999999992,0.0032240861158361173,0.00012463574646429828,1.0
0.9997,0.003225717506300053,0.0033016263904254903,0.0001245908371371167,1.0
1.0006,0.003223428290764552,0.0031268329797629244,0.00012407207596115032,1.0
1.0016,0.0032257745800148385,0.003311594035976711,0.00012311334151211074,1.0
1.0026,0.0032464992746688475,0.003230013015549426,0.0001223200701350376,1.0
1.0035,0.0032392630458126133,0.003330737921865358,0.00012188318409802233,1.0
1.0045,0.0032426800619746806,0.0032680203663222095,0.00012170988084822114,1.0
1.0055,0.003241344430614806,0.0034176378408376784,0.00012165289776490691,1.0
1.0065,0.00323197262604515,0.0032131895036392214,0.00012141592168556069,1.0
1.0074,0.0032284709489666745,0.0030585126260093513,0.00012097698512285265,1.0
1.0084,0.003229334768516986,0.003098600427662668,0.00012064863837668067,1.0
1.0094,0.0032283872207085453,0.0031856027104900414,0.00012043569810121817,1.0
1.0103,0.0032279999999998764,0.0030590263209415544,0.00012015042640790152,1.0
1.0113,0.003228000000000007,0.0033607985555021203,0.00011979946025009931,1.0
1.0123,0.0032240000000000536,0.0031701968058334457,0.00011961389660671905,1.0
1.0132,0.0032246665411844156,0.0033066728356488124,0.00011977368661914875,1.0
1.0142,0.003229816533551525,0.0036052403335384378,0.00012012914488358058,1.0
1.0152,0.003236523015615545,0.0032714362166712464,0.00012028529623770368,1.0
1.0162,0.003234749207229422,0.00330047285707971,0.0001201642526569644,1.0
1.0171,0.0032262745676324123,0.003235492119547234,0.00012001706584554867,1.0
1.0181,0.0032257133370531483,0.0031956923339807428,0.00011994793743858155,1.0
1.0191,0.0032268518801711636,0.0033462230980292,0.00011989439319180816,1.0
1.02,0.003228753942885016,0.003237896949949025,0.00011970984407375783,1.0
1.021,0.0032278881621915162,0.0033621907639068633,0.00011926133145825117,1.0
1.022,0.0032225467028135666,0.003361585519521459,0.00011861127754956834,1.0
1.0229,0.003229927207425533,0.003759133307346215,0.00011791920906800564,1.0
1.0239,0.0032243643917004806,0.0032656970000341577,0.00011756547488648276,1.0
1.0249,0.003223456673763192,0.003250135903426232,0.00011779461928299609,1.0
1.0258,0.003225927060138362,0.0032220468635095942,0.00011836112358346815,1.0
1.0268,0.0032323453929527486,0.0032177145326215254,0.00011868242465966803,1.0
1.0278,0.0032312061208695808,0.003184118096847958,0.00011832430547997563,1.0
1.0288,0.0032237174547060537,0.0034429107519210957,0.00011755074343083698,1.0
1.0297,0.003222077402258219,0.0033038240735398373,0.00011707422466253769,1.0
1.0307,0.0032231844020659895,0.0035342562680214344,0.00011722984156118767,1.0
1.0317,0.0032266014182278924,0.0032371718490549896,0.00011764041436502483,1.0
1.0326,0.0032283240778016725,0.0033240444039228916,0.0001178216388205947,1.0
1.0336,0.003225636705324975,0.003399990893782302,0.00011767067973378677,1.0
1.0346,0.0032250000000000143,0.003059253043923693,0.00011733479029252616,1.0
1.0356,0.003224358830323722,0.0031486554772595337,0.00011682397512758538,1.0
1.0365,0.0032226674781051833,0.0032947737756847104,0.00011628345260248258,1.0
1.0375,0.0032219999999998417,0.0031759224709666,0.00011593491087348481,1.0
1.0385,0.003221057003003967,0.003201357497880552,0.00011584977755247258,1.0
1.0394,0.0032219680882672303,0.003144823306055775,0.0001157329404269164,1.0
1.0404,0.0032207858126908503,0.0032283692097385412,0.00011531860367215017,1.0
1.0414,0.003218754036731719,0.0032107235345089718,0.00011504767635703666,1.0
1.0423,0.0032185414923451066,0.003278292301567646,0.00011525777717241481,1.0
1.0433,0.0032200000000000297,0.003339268580865668,0.0001153489140437479,1.0
1.0443,0.0032199999999999326,0.0031020748497353427,0.00011490345932755229,1.0
1.0452,0.003219427118140608,0.00323409542857829,0.00011429261386852278,1.0
1.0462,0.003221135661739894,0.003113023386012,0.00011380400179499788,1.0
1.0472,0.0032228507568602426,0.003320017141719452,0.00011345292331361037,1.0
1.0482,0.0032180568188090865,0.0033991035445664524,0.00011326286000369703,1.0
1.0491,0.0032180000000000394,0.003039823403472523,0.00011326697342838424,1.0
1.0501,0.003217999999999983,0.003179864821711011,0.00011328566367232434,1.0
1.0511,0.00321800000000002,0.0032817321201282636,0.00011308315938783788,1.0
1.052,0.0032176836794353993,0.0032219109041448715,0.00011282315265618575,1.0
1.053,0.0032170000000000865,0.003163213895428049,0.00011259082672675375,1.0
1.054,0.0032175934168874004,0.003290933772929259,0.00011232748874479714,1.0
1.0549,0.0032198555244758982,0.003286815272586541,0.00011228883110488562,1.0
1.0559,0.003217970488910974,0.003084621669281832,0.00011252698724348064,1.0
1.0569,0.003216999999999938,0.003201786693186647,0.00011292515687856548,1.0
1.0579,0.0032170341138211193,0.0031642575436163787,0.00011376027002660367,1.0
1.0588,0.003218000000000028,0.0034268008426523167,0.00011434937525255615,1.0
1.0598,0.0032178017895205945,0.0033636633232547748,0.00011355140001040929,1.0
1.0608,0.003217000000000027,0.003244100554044171,0.00011214585045389165,1.0
1.0617,0.0032170000000000527,0.0032537123527403996,0.00011118662193265082,1.0
1.0627,0.0032170000000000627,0.003354399663132587,0.00011070517353853844,1.0
1.0637,0.0032170000000000883,0.0031671545613271164,0.0001105109236223572,1.0
1.0647,0.003217777912800294,0.0031507883239216827,0.00011037687555314336,1.0
1.0656,0.0032180000000000385,0.00327060518778792,0.00011035232621729529,1.0
1.0666,0.003217058126314976,0.003300817104815349,0.00011069449268309496,1.0
1.0676,0.0032170000000001178,0.0030466837008577908,0.00011119978339327839,1.0
1.0685,0.003217000000000015,0.003305470321579204,0.00011111569068596365,1.0
1.0695,0.003217000000000014,0.0032826622153856143,0.00011032393719502297,1.0
1.0705,0.0032170000000000887,0.003299180030033384,0.00010965785745443022,1.0
1.0714,0.0032170000000000536,0.0031263883190270343,0.00010952837402749693,1.0
1.0724,0.003217000000000036,0.0032264445855284766,0.00010963873503351841,1.0
1.0734,0.003217000000000025,0.002963605986410621,0.0001095999133657825,1.0
1.0743,0.003216999999999979,0.003187346550600957,0.00010936896276269877,1.0
1.0753,0.003217000000000007,0.003407234310283384,0.000109134189558199,1.0
1.0763,0.0032170000000000605,0.003143699636796392,0.00010894400682938111,1.0
1.0773,0.0032169999999999946,0.003244474152374622,0.00010879394376778942,1.0
1.0782,0.0032170000000000896,0.0033092371296956527,0.00010869625996438211,1.0
1.0792,0.0032170000000001117,0.0032675103200831223,0.00010883984439742737,1.0
1.0802,0.0032170000000001095,0.0033532132766104015,0.00010920911643735754,1.0
1.0811,0.003217000000000088,0.003453158267700444,0.00010912989606938078,1.0
1.0821,0.003216999999999986,0.0032813739829540226,0.00010839004188700909,1.0
1.0831,0.0032170000000000987,0.003388053108405855,0.00010762465309213865,1.0
1.0841,0.0032170000000001147,0.003170099134624707,0.00010717536934509471,1.0
1.085,0.0032169999999999716,0.003382997741373652,0.00010694295190881514,1.0
1.086,0.003217000000000066,0.003236718630641428,0.00010676358137701743,1.0
1.087,0.003217000000000051,0.003213505402566036,0.00010660708168501274,1.0
1.0879,0.0032179797410813423,0.003305209616550206,0.00010648158164704554,1.0
1.0889,0.0032206607286805974,0.00325218901874082,0.00010634473482881958,1.0
1.0899,0.003217526176782807,0.003148278025900003,0.00010627381541217614,1.0
1.0908,0.0032174989144883666,0.0031960627625143246,0.0001063622295117309,1.0
1.0918,0.0032313934661413017,0.003035966286956313,0.00010641972029866173,1.0
1.0928,0.0032242577903756195,0.0033639699314822833,0.00010622380626998448,1.0
1.0938,0.0032181709596987426,0.0031514080202931878,0.00010589464511618373,1.0
1.0947,0.003217060388578088,0.0032499206422609422,0.0001056610788484805,1.0
1.0957,0.0032199213831909175,0.003275225691513893,0.00010556054955974748,1.0
1.0967,0.0032187825135771447,0.0033299706352121023,0.0001055586288094375,1.0
1.0976,0.003218000000000073,0.003181223348379642,0.00010557426565677349,1.0
1.0986,0.0032183804441291096,0.003126242979169757,0.00010551593824537145,1.0
1.0996,0.003220557941228209,0.003340840448537682,0.00010540075042657727,1.0
1.1005,0.0032334325052927105,0.003217383692561528,0.00010535599296627643,1.0
1.1015,0.003232065433580359,0.0029673342344673703,0.00010546427987354554,1.0
1.1025,0.0032212505882011446,0.0033732292264902278,0.00010571949583312188,1.0
1.1034,0.003225923626336932,0.00313464301765358,0.00010592404307192958,1.0
1.1044,0.003303848542250365,0.003277754885107721,0.00010589794751536465,1.0
1.1054,0.0032282553559913455,0.0032588511507895533,0.00010578811107066578,1.0
1.1064,0.0032227368872779333,0.0032211823505495386,0.00010555157590076336,1.0
1.1073,0.0032225757522320935,0.0031725911850740145,0.00010506353955359434,1.0
1.1083,0.003225703738618889,0.0034634190231241126,0.00010457924950376039,1.0
1.1093,0.0032263051798740536,0.003242761898968904,0.00010432018155518331,1.0
1.1102,0.003224409968686796,0.003152193754066909,0.00010423016673325264,1.0
1.1112,0.003225457801853549,0.0033799369745143963,0.00010431791675976168,1.0
1.1122,0.0032260000000000136,0.0032939208994596974,0.00010438149045432302,1.0
1.1132,0.0032249887260488966,0.0030731358065733483,0.00010418211100795326,1.0
1.1141,0.003223583836687967,0.003213812664503017,0.00010392582303604267,1.0
1.1151,0.00324437627087629,0.0032118887464368724,0.00010382792220830307,1.0
1.1161,0.0032566172064952313,0.003233041428422445,0.00010373859068431619,1.0
1.117,0.0032626664084477687,0.0033148885446138737,0.00010348034730010166,1.0
1.118,0.003266812829506472,0.0033937201600541386,0.00010320525217261619,1.0
1.119,0.0032622208611351594,0.0033717014663580173,0.00010303485103139821,1.0
1.1199,0.003292869526422149,0.0034773891508518284,0.00010288589750012333,1.0
1.1209,0.003251910458045579,0.0032431430819467684,0.00010276300623813825,1.0
1.1219,0.003233173206320704,0.0032301668340791612,0.00010275023964476168,1.0
1.1228,0.003251748408676618,0.003329051161475058,0.0001028519723655721,1.0
1.1238,0.003268541872723921,0.003184141520378152,0.00010311708762107067,1.0
1.1248,0.0032602020859252064,0.0031104078825131814,0.00010351331651168735,1.0
1.1258,0.0032478746227186128,0.003026395477936491,0.00010356963699130347,1.0
1.1267,0.0032436206791820114,0.0031394301063879092,0.00010313764618590459,1.0
1.1277,0.003246623206363212,0.0033749311548047166,0.00010268035363744786,1.0
1.1287,0.003251968170600456,0.0033095559509174295,0.00010242243586457087,1.0
1.1296,0.003240739333515606,0.003229426181342022,0.00010220820812225224,1.0
1.1306,0.0032284398579870105,0.0034419909835209915,0.00010194801090142055,1.0
1.1316,0.0032241229305832457,0.003091514990517802,0.0001016942057412637,1.0
1.1326,0.003251708474222234,0.003378382819887608,0.00010159022932103744,1.0
1.1335,0.0033106048732922462,0.0031959705070400374,0.00010163812823341532,1.0
1.1345,0.0033223064495251226,0.003387371145858696,0.0001016951027352952,1.0
1.1355,0.003241000000000068,0.0032633514023859794,0.00010166826858359284,1.0
1.1364,0.003264789435245437,0.0034317506544365383,0.00010166311277614063,1.0
1.1374,0.0032784152150593204,0.0032964505503497174,0.00010183216710599339,1.0
1.1384,0.003266104642177259,0.0031870520054058616,0.00010212308952691431,1.0
1.1393,0.003264093445345563,0.0032556787774503794,0.00010229192839139208,1.0
1.1403,0.003261268711898074,0.0033399600592828147,0.00010222967207694518,1.0
1.1413,0.0032489548633548074,0.003264474505630854,0.00010206020596919601,1.0
1.1422,0.0032391774275327676,0.003327835873478569,0.00010186594739472638,1.0
1.1432,0.003247177127820771,0.0034389392439893867,0.00010152576926544735,1.0
1.1442,0.0032644331606731993,0.0032069017360803406,0.00010104729635640147,1.0
1.1452,0.0033079475141625887,0.0033245804005502025,0.0001006786235728416,1.0
1.1461,0.00331106936499522,0.003388932366077498,0.00010061745037231041,1.0
1.1471,0.003267906927434581,0.003097028862230907,0.00010089703697345034,1.0
1.1481,0.0032625050773576296,0.003265331225470329,0.0001012890323250801,1.0
1.149,0.00326586132481436,0.0032481900001310794,0.00010133757764590665,1.0
1.15,0.0032843115569529974,0.003204269167026712,0.00010091399098217222,1.0
1.151,0.0032527019594926106,0.0032409324496019266,0.00010041587148761011,1.0
1.1519,0.0032681040781343948,0.0032164824566263,0.00010010724490932357,1.0
1.1529,0.003293148152414476,0.003269932870874969,9.996588965215079e-05,1.0
1.1539,0.0032987991820923536,0.0032422774798192577,9.995854407396708e-05,1.0
1.1549,0.0033390510079680863,0.003420603720199353,0.0001000039043493733,1.0
1.1558,0.0033681274253481667,0.0031836978785528096,0.00010003972837363485,1.0
1.1568,0.0033575914617724914,0.0035061802384486426,0.00010031862874842953,1.0
1.1578,0.003323834296893709,0.0033373344577506156,0.00010156229040270217,1.0
1.1587,0.00335052797502581,0.0034910549114018996,0.00010387812961520909,1.0
1.1597,0.003344605347739792,0.0033201794711895344,0.00010545022824822321,1.0
1.1607,0.0032959208500629375,0.0033020740902213273,0.00010440943776038749,1.0
1.1617,0.003330653641233814,0.0034306069476196964,0.00010232588819806668,1.0
1.1626,0.0033092501216190257,0.003270725673915784,0.0001013077662414533,1.0
1.1636,0.003266422879716518,0.0033552854674633948,0.00010133977897303533,1.0
1.1646,0.0032583176840172154,0.003180357613306319,0.00010114490567544147,1.0
1.1655,0.0032981165850820243,0.003155803180173071,0.0001003223730883669,1.0
1.1665,0.0032714639530833614,0.003338391399660909,9.970790492016014e-05,1.0
1.1675,0.0032451615255137283,0.0033927404664518043,9.993185615933734e-05,1.0
1.1684,0.0032614042539662685,0.003215390780561248,0.0001009412474243319,1.0
1.1694,0.003296056285032534,0.0031721423444499527,0.00010155805867659183,1.0
1.1704,0.003318881148171015,0.003309555058932827,0.00010076189401865883,1.0
1.1713,0.0033074971325380742,0.0032379169695901967,9.96313230616317e-05,1.0
1.1723,0.0033195730566083007,0.0032626591387715023,9.922365731225478e-05,1.0
1.1733,0.0033233537383719355,0.0033042354647430864,9.934492280653186e-05,1.0
1.1743,0.0033080165553342534,0.0032720300067220786,9.948658225226199e-05,1.0
1.1752,0.0032981436400533444,0.003305406989754399,9.976156493303888e-05,1.0
1.1762,0.0032905236977162546,0.003059424684320566,0.00010067935317731745,1.0
1.1772,0.003277496040074823,0.0033043214040401115,0.00010175367562474102,1.0
1.1781,0.0032578204802946494,0.0033963338121658694,0.00010178066242114325,1.0
1.1791,0.0032695745324067163,0.0031897769707860003,0.00010093585779253051,1.0
1.1801,0.0032774518010306964,0.0032572079934405375,0.00010004292099316363,1.0
1.1811,0.0032593939783882456,0.003375274183475345,9.941336314478707e-05,1.0
1.182,0.0032532991103344008,0.0031689995229682404,9.91631555120514e-05,1.0
1.183,0.0032583514702434727,0.0034376781685719724,9.911592427472921e-05,1.0
1.184,0.0032769240204065563,0.0032639292497200576,9.894686359692967e-05,1.0
1.1849,0.0033022747961926847,0.0032775342589079688,9.866265794285626e-05,1.0
1.1859,0.003281129904657827,0.003313900136726197,9.860169884647288e-05,1.0
1.1869,0.0032469447037820473,0.003335692368932113,9.928066458176642e-05,1.0
1.1878,0.0032497727518873533,0.0033294504959158226,0.00010083510372589852,1.0
1.1888,0.0032590270504874574,0.0034372921299124447,0.00010208526062755399,1.0
1.1898,0.003269929494453677,0.003320583490408248,0.0001013776572173352,1.0
1.1908,0.0032770836754973756,0.0030768372598131573,9.957633707876437e-05,1.0
1.1917,0.0032752806410387947,0.0032717672877515588,9.837878662333641e-05,1.0
1.1927,0.0032603958074419815,0.003350128063553799,9.796658833832733e-05,1.0
1.1937,0.0032569807883590716,0.0033109388919864537,9.79118022276012e-05,1.0
1.1946,0.0032587926472726217,0.003166908602226999,9.807160627248239e-05,1.0
1.1956,0.0032583256655890555,0.0032147177169487276,9.857634921987979e-05,1.0
1.1966,0.0032482396318093813,0.0032584178423425494,9.941135263254346e-05,1.0
1.1975,0.003235996619579229,0.003294889235312257,9.995144214867852e-05,1.0
1.1985,0.0032349459233555664,0.003327444059154933,9.961871400402014e-05,1.0
1.1995,0.003250056505529164,0.003354677453696527,9.89170720026327e-05,1.0
1.2004,0.003259817732461261,0.003004592036135756,9.84581745785319e-05,1.0
1.2014,0.0032529509800625768,0.003294467781075445,9.829769183005033e-05,1.0
1.2024,0.003234938812620393,0.003111220056101846,9.823469008760973e-05,1.0
1.2034,0.0032370308779235937,0.0032895667190034473,9.812670871523597e-05,1.0
1.2043,0.0032352810594127915,0.0033448114167968857,9.801077273090261e-05,1.0
1.2053,0.003228704053613726,0.00319147173815813,9.790282669333537e-05,1.0
1.2063,0.0032290216631183075,0.0033527021131328294,9.777224969390941e-05,1.0
1.2072,0.0032299065976017292,0.003360775807315605,9.767509336066576e-05,1.0
1.2082,0.0032272620597960998,0.003254501408495219,9.764647476630157e-05,1.0
1.2092,0.003223353019123423,0.00334102541343617,9.76111857339864e-05,1.0
1.2102,0.003222462360051838,0.003330161128673392,9.751334343775449e-05,1.0
1.2111,0.0032230000000000327,0.003054016573803498,9.739323811279857e-05,1.0
1.2121,0.0032355291342071398,0.0032137222730052053,9.734232113280948e-05,1.0
1.2131,0.003229239798379859,0.0031790058725603273,9.739194762293538e-05,1.0
1.214,0.0032242107213570088,0.003179223290911912,9.742439758058862e-05,1.0
1.215,0.003223071715969639,0.00315460956492218,9.735181736698137e-05,1.0
1.216,0.003223134307287767,0.0030692441278510007,9.72085414894361e-05,1.0
1.2169,0.00322472358008379,0.003290686411769241,9.707498852686412e-05,1.0
1.2179,0.003221539777299375,0.0032609306979799603,9.699558924982679e-05,1.0
1.2189,0.0032199999999999326,0.0032601214733073806,9.697108550476052e-05,1.0
1.2198,0.003219999999999968,0.0031051054391219588,9.696966134460697e-05,1.0
1.2208,0.0032215992328669518,0.0031469707346728623,9.698580673186308e-05,1.0
1.2218,0.003220984158292238,0.0031697015925304453,9.70527094406876e-05,1.0
1.2228,0.0032191899699621934,0.003373703877675258,9.718692556530723e-05,1.0
1.2237,0.003224844334595803,0.0032085638434020906,9.731922566466651e-05,1.0
1.2247,0.0032591083348997856,0.003185809891853216,9.731733633757673e-05,1.0
1.2257,0.003220774440113718,0.0033490091841696353,9.73066290622608e-05,1.0
1.2266,0.003218862128785699,0.003337532820799978,9.735365581352646e-05,1.0
1.2276,0.0032180000000000828,0.00317761114871707,9.734130524699392e-05,1.0
1.2286,0.003218829214526154,0.003257877154888869,9.717498606434795e-05,1.0
1.2296,0.0032188930462465053,0.0031684316793873183,9.70114547186625e-05,1.0
1.2305,0.003218000000000091,0.003297595059011219,9.700060330678556e-05,1.0
1.2315,0.0032180000000001257,0.003162394273988809,9.711050424293949e-05,1.0
1.2325,0.003218000000000104,0.00323341994837668,9.718691803186129e-05,1.0
1.2334,0.0032180000000000624,0.003308978523952427,9.713824681913324e-05,1.0
1.2344,0.003217999999999977,0.0031692475355670035,9.700624576404315e-05,1.0
1.2354,0.003218316540937578,0.0030762061884301883,9.687414354544279e-05,1.0
1.2363,0.0032198166382601495,0.0033695631190583586,9.680171787627601e-05,1.0
1.2373,0.0032183559992316614,0.003220235807434143,9.678844034599323e-05,1.0
1.2383,0.0032170000000000722,0.003437054853524618,9.682166960350537e-05,1.0
1.2392,0.0032169999999999885,0.0031256336152895255,9.69031229344014e-05,1.0
1.2402,0.003217000000000048,0.003460102320648178,9.704117745729211e-05,1.0
1.2412,0.0032170000000000744,0.0033636290520520653,9.721620767461116e-05,1.0
1.2422,0.0032169999999999755,0.0032087325186360943,9.733794304446125e-05,1.0
1.2431,0.0032170000000000263,0.0032450397011522776,9.732625666675145e-05,1.0
1.2441,0.0032170000000000237,0.003357686063505569,9.724830824520353e-05,1.0
1.2451,0.0032169999999999694,0.003062665127437252,9.720932576888359e-05,1.0
1.246,0.0032170000000000514,0.0032619462584594977,9.717869656164143e-05,1.0
1.247,0.0032170000000000783,0.0033456919189522785,9.711557112590794e-05,1.0
1.248,0.0032170000000000198,0.0032344163445020987,9.708028381458716e-05,1.0
1.2489,0.003217000000000023,0.0032067071142017995,9.709601633017112e-05,1.0
1.2499,0.003217000000000078,0.0031874140748998432,9.722399850494988e-05,1.0
1.2509,0.003217000000000096,0.003337929582964896,9.75775918289925e-05,1.0
1.2519,0.0032169999999999955,0.003176150632764546,9.801663603066075e-05,1.0
1.2528,0.003217000000000061,0.0032633996578261804,9.815744547360836e-05,1.0
1.2538,0.0032171105176800074,0.00327569801867891,9.78702327918861e-05,1.0
1.2548,0.003218000000000052,0.0030506919946922534,9.745592621682719e-05,1.0
1.2557,0.0032177255214352785,0.003240606655626981,9.722621648499876e-05,1.0
1.2567,0.0032170000000000315,0.003034464806173062,9.718391804006471e-05,1.0
1.2577,0.003217000000000066,0.0031866677781197876,9.717036698729428e-05,1.0
1.2587,0.0032170000000000037,0.0032513224974081052,9.712846629070259e-05,1.0
1.2596,0.0032170000000000293,0.0031054498629535516,9.710008721718375e-05,1.0
1.2606,0.0032170000000000952,0.0033154558649891113,9.708761162049916e-05,1.0
1.2616,0.003217000000000099,0.003151160005983487,9.710562737567698e-05,1.0
1.2625,0.003217000000000044,0.003379494270510082,9.720775772031567e-05,1.0
1.2635,0.003217000000000035,0.003155556242837834,9.739508792475156e-05,1.0
1.2645,0.003217000000000037,0.0033137496457386994,9.749623119723772e-05,1.0
1.2654,0.00321699999999995,0.003293595537009952,9.741782742822624e-05,1.0
1.2664,0.003217000000000095,0.003179875983067519,9.733044476764056e-05,1.0
1.2674,0.0032170000000000176,0.003208636969546113,9.731180994419954e-05,1.0
1.2683,0.0032169999999999603,0.0031967300613490084,9.726871046960581e-05,1.0
1.2693,0.00321699999999996,0.0031950584194826667,9.718809478855093e-05,1.0
1.2703,0.003217000000000075,0.0034036223278923715,9.714819136541073e-05,1.0
1.2713,0.0032170000000000744,0.0029971521998665364,9.719125087664645e-05,1.0
1.2722,0.003217000000000087,0.0032939336633877343,9.729468127466413e-05,1.0
1.2732,0.0032169999999999872,0.0031619720041990485,9.745302133176394e-05,1.0
1.2742,0.003217000000000031,0.003356191813367239,9.76635896437432e-05,1.0
1.2751,0.003217000000000048,0.003343991857998429,9.785078207889984e-05,1.0
1.2761,0.0032170000000000974,0.0031719759235803464,9.788386243619487e-05,1.0
1.2771,0.0032170000000000805,0.003372304132040391,9.775492599023615e-05,1.0
1.2781,0.003216999999999948,0.0031948734766574665,9.761211663113151e-05,1.0
1.279,0.0032170000000000753,0.003330924712564971,9.75559292629484e-05,1.0
1.28,0.003217,0.003336733616030269,9.770748381472115e-05,1.0
1.281,0.003217000000000096,0.0031483331783196604,9.82092134903757e-05,1.0
1.2819,0.0032171092699156668,0.003153478257233356,9.91013492625134e-05,1.0
1.2829,0.003218000000000002,0.0031409284533460246,0.00010015116482582795,1.0
1.2839,0.0032180000000000364,0.003255661217256199,0.00010093528574032444,1.0
1.2848,0.003218000000000052,0.00307916857924279,0.00010106165736557669,1.0
1.2858,0.003218550091302445,0.0032827536453237344,0.00010039592697912225,1.0
1.2868,0.0032189999999999654,0.0031303683205893135,9.936361881991576e-05,1.0
1.2878,0.0032190000000000044,0.003107492767583232,9.865333084155698e-05,1.0
1.2887,0.0032189999999999957,0.0032568038893208205,9.845425883312417e-05,1.0
1.2897,0.0032189999999999125,0.003186488891911914,9.84748027362673e-05,1.0
1.2907,0.0032188702063766644,0.0032710915424297455,9.850679890489357e-05,1.0
1.2916,0.0032178451151056255,0.003336597098536701,9.840186159618071e-05,1.0
1.2926,0.0032172935559357115,0.0033563530154856274,9.828244434754341e-05,1.0
1.2936,0.0032184316209433244,0.0031509216956027617,9.830908493198058e-05,1.0
1.2945,0.003218543287785592,0.0031587328161903636,9.841716807389785e-05,1.0
1.2955,0.0032209785880085865,0.003328334073025587,9.842499680792297e-05,1.0
1.2965,0.0032207962383538516,0.0032154202906050076,9.833069956281291e-05,1.0
1.2974,0.003221517628466816,0.00306314754720387,9.824529108184487e-05,1.0
1.2984,0.0032237950898434107,0.0032574461855382373,9.822661177412831e-05,1.0
1.2994,0.0032249271709294627,0.0033534241404502897,9.823682666489841e-05,1.0
1.3004,0.00322264916015475,0.0031442780722932507,9.820712997363417e-05,1.0
1.3013,0.003220598977612453,0.003378685949891863,9.818059084375822e-05,1.0
1.3023,0.0032189999999999268,0.0030935746888825877,9.82503646403119e-05,1.0
1.3033,0.003220431741727474,0.0032070902668872472,9.838707540401648e-05,1.0
1.3042,0.003223004677027449,0.0033697046742006513,9.84287109950441e-05,1.0
1.3052,0.003220793959363403,0.0031320421554514033,9.837449770333553e-05,1.0
1.3062,0.0032182197864853834,0.0034025735931912096,9.839806975133671e-05,1.0
1.3072,0.0032189190831282827,0.0032253478505511564,9.856810446356877e-05,1.0
1.3081,0.003218999999999965,0.003415073716729856,9.881787298527811e-05,1.0
1.3091,0.003219000000000031,0.003257885304820834,9.908819208791773e-05,1.0
1.3101,0.003218999999999939,0.002994392925373443,9.946149730970702e-05,1.0
1.311,0.0032192460017193164,0.0030396891084374213,0.00010006584990355987,1.0
1.312,0.0032211537073024584,0.003236279563598116,0.00010074619185961382,1.0
1.313,0.003224045475536129,0.0033400266686888546,0.00010093101159737791,1.0
1.3139,0.0032293826323141687,0.003211594288429763,0.00010056005102297133,1.0
1.3149,0.003225444821307666,0.0034509008114677036,0.00010017419555613148,1.0
1.3159,0.0032186971838393053,0.003097859439377206,9.984908323303495e-05,1.0
1.3168,0.0032188507953113776,0.0031903956309747698,9.951333453517728e-05,1.0
1.3178,0.0032259207225187546,0.0030858544443711222,9.928878093895291e-05,1.0
1.3188,0.003226744937279785,0.00313552130610499,9.927418340180192e-05,1.0
1.3198,0.0032249999999999657,0.003155403741710549,9.944779479649052e-05,1.0
1.3207,0.00322587488405571,0.0031571984321441403,9.964688604645345e-05,1.0
1.3217,0.0032271390047355552,0.0032301794453035828,9.969316084211355e-05,1.0
1.3227,0.0032242934346378475,0.003213415382502012,9.956521098469999e-05,1.0
1.3236,0.0032241869106770333,0.003187424316537729,9.937410510039589e-05,1.0
1.3246,0.0032301262746650735,0.0031894595528340008,9.926340395640065e-05,1.0
1.3256,0.0032346139910182765,0.0031040013706925577,9.92874478557592e-05,1.0
1.3266,0.003233989800046937,0.003328448495328842,9.942631103166633e-05,1.0
1.3275,0.003232964748925128,0.0033165077427387253,9.967940937164196e-05,1.0
1.3285,0.0032330389459561282,0.0032372003223417874,0.00010004431342260198,1.0
1.3295,0.003242368381821819,0.003259099247224038,0.000100438820499139,1.0
1.3304,0.0032540227112650773,0.0031884256789378933,0.00010076337984547884,1.0
1.3314,0.003258952247863004,0.0031960834246380463,0.00010095368417768389,1.0
1.3324,0.0032600000000001096,0.0033561636411586983,0.00010096489619493207,1.0
1.3333,0.003268306296233406,0.003151978283455645,0.00010092153322646272,1.0
1.3343,0.0032543291699662943,0.0032622455248370198,0.00010103539409313441,1.0
1.3353,0.0032352476870247575,0.003097227362225868,0.00010135664661455824,1.0
1.3362,0.0032349419121362136,0.003226929680643789,0.00010164573256254359,1.0
1.3372,0.0032431616509343408,0.0033530849746901846,0.00010166749323141479,1.0
1.3382,0.0032458745927398517,0.0032857396652812417,0.00010158674547901074,1.0
1.3392,0.003258656646450382,0.0032256492079158435,0.00010179081696582954,1.0
1.3401,0.003283654896868582,0.0032315068945351203,0.0001022765179248627,1.0
1.3411,0.003285567710859119,0.0035285318842603265,0.00010262316820489393,1.0
1.3421,0.003256842024514257,0.0034424354941616276,0.00010247241980453733,1.0
1.343,0.003247000000000032,0.0031826690958238844,0.0001019955547114712,1.0
1.344,0.00326676260264752,0.0031954945614599607,0.00010158316873950402,1.0
1.345,0.0032806244716427234,0.003257783504756803,0.00010147829266347553,1.0
1.3459,0.003273099692516236,0.003295119610680142,0.00010165855944533258,1.0
1.3469,0.0032941262642401325,0.00312717944488109,0.00010187065136194484,1.0
1.3479,0.0032926215296421595,0.0032933234925936416,0.00010196877098904657,1.0
1.3489,0.0032755182534567936,0.003019461664104753,0.00010217644736879497,1.0
1.3498,0.003259143529262057,0.0032810199431441826,0.00010252511659871412,1.0
1.3508,0.00326707585210081,0.0032384057635580377,0.00010260404921779752,1.0
1.3518,0.0032881222073982918,0.003266447043379426,0.00010239017370349805,1.0
1.3527,0.0033173718331155613,0.0033787339519067276,0.0001022943076885572,1.0
1.3537,0.0033685843357356138,0.003303246379024872,0.00010233230271993759,1.0
1.3547,0.0032966745547161245,0.0031590456686981937,0.00010229411265926493,1.0
1.3557,0.003267314616939767,0.003380905655761627,0.00010215209305251473,1.0
1.3566,0.0033622458392167836,0.003286401585293794,0.0001020052928733467,1.0
1.3576,0.0034523803076109316,0.0034635948769546113,0.00010197323255185984,1.0
1.3586,0.00332204918411711,0.0033213037093653423,0.00010211597233137407,1.0
1.3595,0.0032990522766635022,0.0030928506770580262,0.00010233315266577465,1.0
1.3605,0.0032881962994899196,0.0030979162737603838,0.00010255530991295983,1.0
1.3615,0.0032872621566841496,0.003426730565217366,0.00010272754824678753,1.0
1.3624,0.0033021910510102176,0.0032087116151512285,0.00010279251723716861,1.0
1.3634,0.0033032563241944305,0.003255216334493686,0.00010277184454608401,1.0
1.3644,0.0033103036681415843,0.0032243978113393294,0.00010274966273192296,1.0
1.3654,0.0032895329214805234,0.0034937194264503253,0.0001027893958895531,1.0
1.3663,0.003254217524873872,0.0030717679149555106,0.00010289492694136453,1.0
1.3673,0.0032763674791355412,0.003254890839426755,0.00010307025013517597,1.0
1.3683,0.0033782653980994207,0.003492881551121466,0.00010330959122217549,1.0
1.3692,0.0033879486674524457,0.003285354843370192,0.00010343721017392435,1.0
1.3702,0.0033363416424189913,0.0031981100153591164,0.00010329435276571518,1.0
1.3712,0.003360714043037257,0.0033141676693394665,0.00010306510526596462,1.0
1.3721,0.0033933141909102496,0.0033856359348888934,0.00010297360284531508,1.0
1.3731,0.003341386188181516,0.003337330749632489,0.00010300972164068594,1.0
1.3741,0.0032686933816028457,0.003241362824553537,0.00010307221836119937,1.0
1.3751,0.0032842843361770577,0.0033875666507815917,0.00010312989381649787,1.0
1.376,0.003318210418770787,0.003307525127730977,0.00010319072096643707,1.0
1.377,0.0033291968731495236,0.003302691458437076,0.00010324031689236298,1.0
1.378,0.0033236809022247123,0.0033831392313506655,0.00010329125052936076,1.0
1.3789,0.0033092654086311095,0.003150175529473952,0.00010330836311805969,1.0
1.3799,0.0032897384302925975,0.0033073027680658542,0.00010324836810967474,1.0
1.3809,0.003283314293011967,0.0032769543510264157,0.00010323068139924329,1.0
1.3818,0.003283000000000048,0.0031824019551785756,0.00010333894528935019,1.0
1.3828,0.003285017026279911,0.0034358905393020514,0.000103448884814393,1.0
1.3838,0.0032917617011624886,0.0032185921187688985,0.00010347875378026813,1.0
1.3848,0.0033222229623989952,0.003308455257474,0.00010351392775689848,1.0
1.3857,0.003342074074903685,0.0032324533994649357,0.00010365549591867412,1.0
1.3867,0.0033328376466233243,0.0031925945434923652,0.00010399680446701865,1.0
1.3877,0.0033175556561032362,0.0031838457573208304,0.00010453102201628178,1.0
1.3886,0.003309337185887794,0.003617168834385882,0.00010515401806965809,1.0
1.3896,0.003301004204752161,0.003360802911969979,0.00010595077235830241,1.0
1.3906,0.003291004903823669,0.003308860901630617,0.00010687981128292099,1.0
1.3915,0.003283605952964582,0.0032222031444597192,0.00010741404401941123,1.0
1.3925,0.003294576191204634,0.003238947157766217,0.00010717368605478481,1.0
1.3935,0.0033029081152652685,0.0033939346940811163,0.00010652561726940073,1.0
1.3944,0.0032909863234500663,0.0032235121685975938,0.00010594307323641898,1.0
1.3954,0.003284605483973982,0.0032877890758969035,0.00010555292044920567,1.0
1.3964,0.0033063147155135944,0.003151845500021118,0.00010558297483258022,1.0
1.3974,0.003323157119186793,0.0034083058944166123,0.00010612070721418457,1.0
1.3983,0.0033223756187283006,0.003252763598149392,0.0001067160576456618,1.0
1.3993,0.003356773421919617,0.0035292848965641902,0.00010702149657445715,1.0
1.4003,0.0033398488310723475,0.0033329605527796916,0.00010708878138779353,1.0
1.4012,0.0033418362463600412,0.003499307055880856,0.00010708337729097267,1.0
1.4022,0.0033213370635431184,0.0032245346045706403,0.00010702489994658965,1.0
1.4032,0.0033045852141673437,0.003286879868835469,0.00010678094733165941,1.0
1.4042,0.003313862688338247,0.003291115666753075,0.0001063849404862142,1.0
1.4051,0.003355788650608353,0.0033453823867422407,0.0001061805752856701,1.0
1.4061,0.0033839999999999617,0.0032623282693354906,0.00010662685125475888,1.0
1.4071,0.0033602828266430912,0.0033668146897070776,0.00010796461779657002,1.0
1.408,0.0033117979571761972,0.003319341557994286,0.00010970312824709795,1.0
1.409,0.003296000000000015,0.00328238001313582,0.00011069500904465162,1.0
1.41,0.003292082156622174,0.0031445576580137113,0.00011034509981972643,1.0
1.4109,0.003289013656346764,0.003211483081008453,0.0001092812132230731,1.0
1.4119,0.0032963018255135644,0.003249672068540192,0.00010836443408971682,1.0
1.4129,0.0033433779004907243,0.0033336682237720115,0.00010793890654544342,1.0
1.4139,0.003411029100101012,0.0034480195165898504,0.00010798327383569754,1.0
1.4148,0.0034325630785827146,0.0033358130307440466,0.00010855010488543376,1.0
1.4158,0.0033902596450841567,0.003283202313174175,0.00010939122446572737,1.0
1.4168,0.0033136044105755457,0.003245130241754168,0.00010963307008630696,1.0
1.4177,0.003316434992940907,0.003337051399611218,0.00010905787277320189,1.0
1.4187,0.0033566711067425266,0.0033983804433562717,0.00010839649722777188,1.0
1.4197,0.003406279444327319,0.0034368930664067905,0.0001081600732201866,1.0
1.4206,0.0034573548172014655,0.0034877751418562063,0.00010825313900457007,1.0
1.4216,0.003478273799288091,0.0034676220397292035,0.00010839825539446544,1.0
1.4226,0.003448824954296556,0.003204948109677975,0.00010848355720734821,1.0
1.4236,0.0033820242400463343,0.0033359479508118335,0.0001085915648463187,1.0
1.4245,0.0033122737395476567,0.00316836559493548,0.00010874266337127597,1.0
1.4255,0.0032900713119073453,0.003275933030002996,0.00010890742803499882,1.0
1.4265,0.003281387497904062,0.003382059404305054,0.0001091684951557156,1.0
1.4274,0.0032728635534865227,0.00317725976057,0.00010959656222883632,1.0
1.4284,0.0032616829194437097,0.0032074122524165735,0.00010989970006042417,1.0
1.4294,0.0032524234660154844,0.003224792903648348,0.00010968589384189067,1.0
1.4303,0.0032585740136427377,0.0033468454261019703,0.00010914989961269111,1.0
1.4313,0.0032689281608825416,0.003153301400045562,0.0001087783561397341,1.0
1.4323,0.00329507421237039,0.0032409517683144227,0.00010888615166347305,1.0
1.4332,0.0033119999999999795,0.003292584067015147,0.00010920662981999178,1.0
1.4342,0.0032926859406837415,0.003219193117528596,0.00010934586623767658,1.0
1.4352,0.003259791089729116,0.0032530121497201885,0.00010936349459264817,1.0
1.4362,0.003260143766485665,0.0032029373256286797,0.00010969641870200746,1.0
1.4371,0.0032745920187964945,0.003374000517279715,0.00011026713030717662,1.0
1.4381,0.0033180434298986624,0.0032328417268450973,0.00011069571647645498,1.0
1.4391,0.003374837960314895,0.0032420614427010703,0.00011087930300392709,1.0
1.44,0.0033532834284267566,0.0034749528146576078,0.00011075011911710459,1.0
1.441,0.0032743190108799856,0.0031086166778052397,0.00011022569212097228,1.0
1.442,0.003262463519359957,0.003369810118279085,0.0001096361864320366,1.0
1.4429,0.0032511140264281074,0.0032369892895390117,0.00010922451881277349,1.0
1.4439,0.003247090039133882,0.0032461281882834613,0.0001089248783606539,1.0
1.4449,0.0032586989536502824,0.00332107575736087,0.00010868856481369492,1.0
1.4459,0.003278617741960621,0.003313922651352287,0.00010864132208185379,1.0
1.4468,0.0032748052908824397,0.0031460502308354988,0.00010888145022856656,1.0
1.4478,0.00326788587559769,0.0033543223641032327,0.00010936267551443486,1.0
1.4488,0.0032691443907752436,0.0032407815999984466,0.0001098208697584772,1.0
1.4497,0.0033000660711736277,0.0030704433001393352,0.00011002570100959888,1.0
1.4507,0.0032813393981343045,0.0032117170815101066,0.00011003832855094304,1.0
1.4517,0.0032742330383092972,0.003077754404994858,0.00010989968434161305,1.0
1.4527,0.0032744689068929978,0.003274415269350908,0.00010976124703051659,1.0
1.4536,0.0032733180802852193,0.00327998143973357,0.00010981308523291879,1.0
1.4546,0.003308294106841937,0.0034522318894467142,0.00011009037979380205,1.0
1.4556,0.003343164804202315,0.0035228838090108185,0.00011054307169123383,1.0
1.4565,0.003360889355913569,0.003241333726555578,0.00011108666349748764,1.0
1.4575,0.003333265616424536,0.0035651006792108463,0.00011164146516939595,1.0
1.4585,0.0033006705642996755,0.003373307552203835,0.00011233260453746912,1.0
1.4594,0.0032640703517418327,0.0030765449663330393,0.00011374309017188893,1.0
1.4604,0.003259886154965466,0.003081854961533763,0.00011602885229217444,1.0
1.4614,0.003250345694018411,0.0032690451177417664,0.00011755545091936375,1.0
1.4624,0.0032365158183821512,0.0034327728044302387,0.00011684055645044762,1.0
1.4633,0.00323030756400766,0.003101655451044685,0.00011498848839018228,1.0
1.4643,0.0032265636568437166,0.0034638269272678317,0.00011361694334457093,1.0
1.4653,0.0032269509839989233,0.003181313319067579,0.00011296253923200278,1.0
1.4662,0.003233832526891259,0.0032218315299776135,0.0001125675163999247,1.0
1.4672,0.003243459798940886,0.0032417569404301887,0.00011248435271412423,1.0
1.4682,0.0032571124527568164,0.003191553638763082,0.00011282273808862169,1.0
1.4691,0.003292558051802201,0.0032263103266865225,0.00011321494715852136,1.0
1.4701,0.003302830920225794,0.0034960958470241486,0.00011317879803052089,1.0
1.4711,0.0032842171154065227,0.0032060400278241465,0.00011271531792904848,1.0
1.4721,0.00324273476597596,0.002888948051580866,0.00011214873285534757,1.0
1.473,0.0032239666130402674,0.003208246964108561,0.00011171968564960398,1.0
1.474,0.0032280032343766224,0.0031481014073965505,0.00011151103753132547,1.0
1.475,0.003251922036859602,0.0031178584081154744,0.00011138406790054984,1.0
1.4759,0.0032725008639027755,0.003441309917229685,0.00011129378578438696,1.0
1.4769,0.0032487168919342704,0.0033173805892816495,0.00011137532291960468,1.0
1.4779,0.0032518484413998497,0.0029743232441644127,0.00011165846525854779,1.0
1.4788,0.0033008823111497568,0.0032197438372851828,0.00011186603290641414,1.0
1.4798,0.003389679887723817,0.003341002454554499,0.0001118096371127885,1.0
1.4808,0.0034251887688777887,0.003473327268037361,0.00011167771821288497,1.0
1.4818,0.0034168180854728526,0.0034214110223272426,0.00011161089751257486,1.0
1.4827,0.0033584274400834655,0.0033348849349792826,0.00011162844552110245,1.0
1.4837,0.0032642253471321884,0.003344395664337996,0.00011180789301646761,1.0
1.4847,0.0032287473950571434,0.0030018808130936646,0.00011215790349037283,1.0
1.4856,0.003222798423715054,0.0031973508433490103,0.0001126744981296664,1.0
1.4866,0.003221030987411547,0.00303749345067535,0.00011362554010218755,1.0
1.4876,0.003238442306596718,0.003164615535222468,0.00011519436687294185,1.0
1.4885,0.0032842960678222456,0.003243851940549887,0.00011701717986027783,1.0
1.4895,0.003292582710283451,0.003212717190425351,0.00011881102974445015,1.0
1.4905,0.0032450055898609453,0.003501886290070427,0.00011989912861349114,1.0
1.4914,0.0032262801431295453,0.0031369816253704907,0.0001188327129098985,1.0
1.4924,0.0032213798631097225,0.003269373710104218,0.00011624738124868017,1.0
1.4934,0.0032219487217356596,0.003455812103021427,0.00011425863077499778,1.0
1.4944,0.0032298249917693126,0.003243867895254737,0.00011356316040902624,1.0
1.4953,0.0032784205424802545,0.0032367921501746545,0.00011336119583146762,1.0
1.4963,0.0032549257276531397,0.0033052761279927373,0.00011296637933778794,1.0
1.4973,0.003220439004318716,0.0031001390420407333,0.00011264440198566074,1.0
1.4982,0.0032180000000001565,0.003327961689725014,0.00011279846546837326,1.0
1.4992,0.00321799999999997,0.0031253585736903547,0.00011339756799504107,1.0
1.5002,0.0032180000000000724,0.0031118349076972884,0.00011439858193777938,1.0
1.5012,0.00321883139032876,0.0032717184067663336,0.0001159960119370203,1.0
1.5021,0.003219856481599954,0.0032827897635201173,0.00011790346063631724,1.0
1.5031,0.0032190056455349905,0.0030395443538192802,0.00011887329116503989,1.0
1.5041,0.0032181332176488466,0.0030958691864051767,0.00011813204029223904,1.0
1.505,0.003220741398118423,0.0033895599043676696,0.0001165570156559103,1.0
1.506,0.0032481361727356617,0.003250431227418617,0.00011512185259110706,1.0
1.507,0.0033010322301774996,0.0032684006013566826,0.00011417619649899252,1.0
1.5079,0.0033172252529348216,0.0031299243879013275,0.00011371008260183456,1.0
1.5089,0.003322198283254014,0.00352547524043626,0.00011359322457704622,1.0
1.5099,0.003308977786426898,0.003384280502038768,0.00011365358065483998,1.0
1.5109,0.0032873366840683637,0.003298239526067401,0.00011378834497185431,1.0
1.5118,0.0032579367630246937,0.003283229338491614,0.00011418609440173118,1.0
1.5128,0.0032317609686363653,0.003174710091722332,0.00011528138617686467,1.0
1.5138,0.003225105780260386,0.0032042134162995474,0.00011735442159229787,1.0
1.5147,0.0032205921295617853,0.003064294127988199,0.00011986507904162678,1.0
1.5157,0.0032186571951671756,0.0033408219741279535,0.00012146516426657575,1.0
1.5167,0.0032179999999999093,0.0032881512362965886,0.00012096561375617151,1.0
1.5176,0.0032174936751884283,0.003068720993834733,0.00011908046047644596,1.0
1.5186,0.0032176446321527637,0.0034280043870172886,0.00011708572073921577,1.0
1.5196,0.003218000000000066,0.0030408925760065735,0.00011570423796782066,1.0
1.5206,0.003218922507153488,0.003279944421230418,0.0001149020957781609,1.0
1.5215,0.003218999999999963,0.003322913697981438,0.00011448010733054034,1.0
1.5225,0.0032189999999999537,0.003169746330884286,0.00011439825895727076,1.0
1.5235,0.00321899999999994,0.0032068449747683567,0.00011453255449141777,1.0
1.5244,0.003219249425744664,0.0031420253366347883,0.00011464583543831549,1.0
1.5254,0.0032196115688680137,0.0033446016383075067,0.00011463437245598935,1.0
1.5264,0.0032190000000000773,0.0030394301274427344,0.00011463150425105215,1.0
1.5273,0.003219551763584448,0.00310883266015751,0.00011477315722257736,1.0
1.5283,0.0032199999999998957,0.003368535795000278,0.00011508072694968913,1.0
1.5293,0.0032216582561309976,0.0031585542556627558,0.00011536719278799106,1.0
1.5302,0.003221145780663442,0.003157943833720209,0.00011549209628490916,1.0
1.5312,0.0032190135505519887,0.0030657682646447544,0.00011566530984141171,1.0
1.5322,0.00321813194405973,0.003164109043749331,0.00011600885733077232,1.0
1.5332,0.0032190000000000473,0.0032109771413077674,0.00011629942368274722,1.0
1.5341,0.0032192950520438337,0.0031532609433116542,0.00011622775932974887,1.0
1.5351,0.003219566078342306,0.0032571514763654512,0.00011591430465533384,1.0
1.5361,0.003219572927044828,0.0033249376979187424,0.00011595565234313316,1.0
1.537,0.003222989412711882,0.0031456013253897833,0.00011644342513182769,1.0
1.538,0.0032419291409004083,0.0032381817190317,0.00011696190433777024,1.0
1.539,0.003288238700779779,0.003202116297948566,0.00011714874590140202,1.0
1.5399,0.00329939825917367,0.0033557910804332203,0.00011692390988114458,1.0
1.5409,0.003296612847504148,0.003193641937513259,0.00011649044416344625,1.0
1.5419,0.003278834151214897,0.00327639340606895,0.00011613794910477316,1.0
1.5429,0.0032350064253317845,0.0033805733476738827,0.00011588968737765142,1.0
1.5438,0.003220978372291431,0.003103046179562297,0.00011575967693291455,1.0
1.5448,0.0032199590959137436,0.003131605128366881,0.00011602391727146668,1.0
1.5458,0.003222855252711319,0.0032333388962640514,0.00011650901146765871,1.0
1.5467,0.003222069473475003,0.0031232783115969285,0.00011665210018232585,1.0
1.5477,0.003219436752006939,0.0030678487553815925,0.00011631512446392944,1.0
1.5487,0.003218079755109675,0.003306014923401492,0.00011579844650919517,1.0
1.5497,0.003218999999999972,0.003063551751199403,0.00011538692626241515,1.0
1.5506,0.0032190843415487906,0.0031491787314819075,0.00011521442426909993,1.0
1.5516,0.003219553577675193,0.003196051539161214,0.0001155212910169912,1.0
1.5526,0.003217638195528137,0.0032754931299996282,0.00011675884480831427,1.0
1.5535,0.0032169999999999764,0.003210256907950893,0.00011874578497443248,1.0
1.5545,0.003218575115447209,0.003183129925609971,0.0001200143562788532,1.0
1.5555,0.0032266404386966916,0.003220919287748256,0.00011944213925940182,1.0
1.5564,0.003225866003796868,0.0031550475092501236,0.00011799593721203232,1.0
1.5574,0.0032198646861524294,0.003334850058682162,0.00011692647352075365,1.0
1.5584,0.003217068257620893,0.003177108573392534,0.00011644031784891626,1.0
1.5594,0.0032171047408032028,0.0032417177149963714,0.00011627793492907884,1.0
1.5603,0.003218129832074509,0.003178554127737639,0.00011625456608696188,1.0
1.5613,0.003218999999999957,0.003105095431639201,0.00011628943138324725,1.0
1.5623,0.0032189999999998786,0.003498201730966718,0.00011636492159103379,1.0
1.5632,0.0032189999999999086,0.0032602132183864145,0.00011648146207284248,1.0
1.5642,0.0032184293352183367,0.0030739537673650933,0.00011666110695517688,1.0
1.5652,0.003218709534395334,0.003109299857193268,0.00011680041391549454,1.0
1.5661,0.0032182653743334953,0.003178750669864827,0.00011671751078244827,1.0
1.5671,0.003217126368946498,0.0033299886487862334,0.00011655267068415905,1.0
1.5681,0.003216999999999911,0.0030855055290775735,0.00011658737878773473,1.0
1.5691,0.003217150367102445,0.0031716175607035403,0.00011679588982805554,1.0
1.57,0.003218000000000038,0.003210080235372728,0.000116925231019904,1.0
1.571,0.0032183143279871165,0.0031376305038459335,0.00011692061518819804,1.0
1.572,0.0032194533333747195,0.003251110690931903,0.0001169544126175552,1.0
1.5729,0.0032200000000000037,0.003120115860001485,0.00011718714347482917,1.0
1.5739,0.0032193838446927686,0.0032542798142294093,0.0001177895829607935,1.0
1.5749,0.0032295722497232456,0.0033052593170580197,0.00011849201268120125,1.0
1.5758,0.0032486023238404503,0.0033630413467934106,0.00011912706583151096,1.0
1.5768,0.0032254263526203188,0.003043838021176768,0.00011931188920226877,1.0
1.5778,0.0032179430119856746,0.0031527196455078442,0.00011894167248565418,1.0
1.5788,0.003217195857628295,0.003234141080399535,0.00011849256253726874,1.0
1.5797,0.0032182209488994897,0.003059366360332165,0.00011835052493851977,1.0
1.5807,0.0032189999999998877,0.0032152581847863654,0.00011849468518419967,1.0
1.5817,0.0032194988239000375,0.003134702226586699,0.00011871645888469235,1.0
1.5826,0.0032220932765434328,0.0032183852239211757,0.00011878057017146058,1.0
1.5836,0.0032213528735740957,0.003049292198858587,0.00011859715218335647,1.0
1.5846,0.0032191993487797757,0.003215924296669775,0.00011826480082182665,1.0
1.5855,0.0032198257424910183,0.0033244523412528006,0.00011801119978040921,1.0
1.5865,0.0032180705042428085,0.0031003203211421608,0.0001180625925229063,1.0
1.5875,0.003222552494166309,0.003235947030998429,0.0001183234706687758,1.0
1.5884,0.003233703743398075,0.003176926864591737,0.00011849047151221546,1.0
1.5894,0.003218000000000013,0.0031196127337223944,0.00011834452286547817,1.0
1.5904,0.0032175945551880364,0.0030538548729107692,0.00011787970966951448,1.0
1.5914,0.00321700000000008,0.0032991706343123354,0.00011735403430550444,1.0
1.5923,0.0032175688935282285,0.003459631352278103,0.00011696169631071175,1.0
1.5933,0.003218000000000065,0.003112479737551965,0.00011682248952187334,1.0
1.5943,0.0032171537224806343,0.0032480152196474065,0.00011695755856072333,1.0
1.5952,0.0032170000000000796,0.0032925176568030044,0.00011723081635035917,1.0
1.5962,0.0032179999999999882,0.003284477067723122,0.00011750909113167811,1.0
1.5972,0.003218000000000083,0.0031943349390499863,0.00011773140620357582,1.0
1.5982,0.003218000000000086,0.0031564326068697006,0.00011788692319593154,1.0
1.5991,0.003218000000000103,0.0030607930186727266,0.00011800611680037227,1.0
1.6001,0.003217999999999977,0.003208641539146031,0.00011805465441707776,1.0
1.6011,0.0032185899407251254,0.0031642902840015724,0.00011806028846564101,1.0
1.602,0.00322084509598839,0.003336018930613669,0.00011816301175482061,1.0
1.603,0.0032250127181918387,0.002974084629720507,0.00011843587343713776,1.0
1.604,0.003228675304134994,0.0031114223671537154,0.00011877041436496121,1.0
1.6049,0.003230833718632095,0.0032170501256084446,0.00011911552577350342,1.0
1.6059,0.003233720676482863,0.003280494691523275,0.00011950958566708308,1.0
1.6069,0.003228027436118614,0.0032199267926731182,0.0001196807218242973,1.0
1.6079,0.003223667399247989,0.0030539717665525492,0.00011936990308040534,1.0
1.6088,0.0032258615361865912,0.0031198635244020882,0.00011886942861644356,1.0
1.6098,0.00324688997238237,0.003171795491167267,0.00011851623448304901,1.0
1.6108,0.0032928716501396172,0.0032444780559471114,0.00011851261934910165,1.0
1.6117,0.003282913009886762,0.0031086618306846543,0.00011894994908261571,1.0
1.6127,0.0032402497404442603,0.0035638132177883055,0.00011965261689835781,1.0
1.6137,0.003220813873525543,0.003208773388720677,0.00012050530556505478,1.0
1.6146,0.0032228870495250033,0.003304059873793187,0.00012163023265060105,1.0
1.6156,0.0032278108418321086,0.0032067545679547974,0.00012241534864507924,1.0
1.6166,0.0032359614424650137,0.0033341727542006957,0.0001220797057491021,1.0
1.6176,0.003240893993980827,0.00297607742203144,0.00012156555900702466,1.0
1.6185,0.0032468222778422842,0.003338472782614347,0.00012210277476323416,1.0
1.6195,0.0032558796914259544,0.0032406822295623725,0.0001234172571912416,1.0
1.6205,0.0032661295179484554,0.00350578616432203,0.00012411105974571217,1.0
1.6214,0.0032774737858521402,0.003344880339573871,0.000123484206367186,1.0
1.6224,0.0032936628906977683,0.0032282795892649117,0.00012225649479506075,1.0
1.6234,0.0033127090427858305,0.0032452099473057197,0.0001209817122581226,1.0
1.6243,0.003330936190872417,0.0032335262744738105,0.00012010658870828461,1.0
1.6253,0.0033218241477740167,0.003261970107430416,0.00011971552550124376,1.0
1.6263,0.0033124273397232814,0.003316765296962755,0.00011957631808702395,1.0
1.6272,0.0033035152906606036,0.003213086217788436,0.00011940555520832423,1.0
1.6282,0.0032939607203662726,0.0032508679604114775,0.00011926806962205345,1.0
1.6292,0.0032842985723055156,0.0032773440717557612,0.00011949133967403617,1.0
1.6302,0.003273733161509043,0.0031441861308900555,0.00012008426117811025,1.0
1.6311,0.003264985799037937,0.0032340142521573526,0.00012075865324022604,1.0
1.6321,0.003255874842128765,0.0030571381858081,0.0001212133449631152,1.0
1.6331,0.0032673991563661026,0.0033280034850126047,0.00012123289088303456,1.0
1.634,0.003281748533331367,0.0032397844803385475,0.00012094054650761755,1.0
1.635,0.003294037639730995,0.0035020039841734706,0.00012070232776218078,1.0
1.636,0.003288011135353219,0.0033369018517051263,0.00012068029759973659,1.0
1.6369,0.0032825742682451933,0.00325766041860467,0.00012091189504676982,1.0
1.6379,0.0032780205012507644,0.0034613115502691435,0.00012146699385392886,1.0
1.6389,0.0032741000857168774,0.003291419801678523,0.00012211645485505138,1.0
1.6399,0.003270683476875954,0.003249297551451967,0.00012242835777437943,1.0
1.6408,0.003295512500667411,0.0034066771260558674,0.0001222443774054259,1.0
1.6418,0.0033403871123587935,0.0032648735145704333,0.00012170913033517761,1.0
1.6428,0.0033835199661082535,0.0032677857663357935,0.00012122410729822681,1.0
1.6437,0.003361036281368686,0.003394699611441641,0.00012127539595703514,1.0
1.6447,0.0033154760658768087,0.003121024761589522,0.00012209706776065296,1.0
1.6457,0.003278591544566175,0.0033014283624414175,0.0001234157998525921,1.0
1.6467,0.00326490415987608,0.0032545666756991954,0.00012456865290269993,1.0
1.6476,0.0032587573055227813,0.0033171575832448173,0.00012495838736141372,1.0
1.6486,0.0032539636141401566,0.0032949172115857846,0.00012433868948919394,1.0
1.6496,0.0032529999999999816,0.003347465128182156,0.00012316178803973562,1.0
1.6505,0.003263114703341235,0.003478731940835788,0.00012224633537754402,1.0
1.6515,0.003268927046234998,0.0033530537265296693,0.00012203508868120087,1.0
1.6525,0.0032802919615396004,0.0029813975137298874,0.0001225391597767565,1.0
1.6534,0.0032981566679308595,0.0031732658755032773,0.00012337162444100476,1.0
1.6544,0.003301596933456157,0.003206280851836055,0.000123874369881156,1.0
1.6554,0.0032879288688085428,0.0033662484424084385,0.0001240039954220692,1.0
1.6564,0.0032742624334451886,0.0031268600807397152,0.0001247654468429504,1.0
1.6573,0.003261969345769707,0.0030388554009730395,0.0001267858322985155,1.0
1.6583,0.00324975578414127,0.0035019318900838666,0.00012884264140523857,1.0
1.6593,0.0032418202528030488,0.0033706568491373087,0.00012888920061732422,1.0
1.6602,0.0032427767649413682,0.0033633983313217986,0.00012734928872091313,1.0
1.6612,0.0032463560421537117,0.0031896948374972767,0.00012592962992993652,1.0
1.6622,0.0032580035900336684,0.003140548318169181,0.00012526584809601708,1.0
1.6631,0.0032535706293718328,0.0031972815803067703,0.00012520797380762656,1.0
1.6641,0.0032573168607117975,0.0033995829298361646,0.00012534704219016796,1.0
1.6651,0.003265617017498454,0.0032213424279530205,0.00012530086320327392,1.0
1.6661,0.0032798921723246484,0.003377946356927658,0.00012501756373841587,1.0
1.667,0.0032932183588502625,0.003267927585454895,0.00012460518405770933,1.0
1.668,0.0033049315648517306,0.0032513415119750665,0.00012456472201313593,1.0
1.669,0.0033124535049925776,0.0033157931211545938,0.00012524940026003862,1.0
1.6699,0.003318603237977568,0.0032353287822449186,0.00012660646682607105,1.0
1.6709,0.0033197084864658357,0.0032773078723520774,0.00012789358709472295,1.0
1.6719,0.0033151534291203178,0.0031775251409870233,0.00012833622837641362,1.0
1.6728,0.003311764299683774,0.0031886469982852026,0.00012812440245670815,1.0
1.6738,0.0033136229399244326,0.0033039084967957134,0.0001279176852755913,1.0
1.6748,0.003321595977635457,0.0033814878252745677,0.0001282152738744363,1.0
1.6758,0.003328262903522056,0.0030025917942112647,0.00012860534174122823,1.0
1.6767,0.003323900952219746,0.003178786511285708,0.000128301301099118,1.0
1.6777,0.0033136582656183504,0.003113123509253376,0.00012726604368157825,1.0
1.6787,0.003303410327781094,0.003404659148472201,0.0001261821871235561,1.0
1.6796,0.003295164005635914,0.003223411636776401,0.00012560022872750107,1.0
1.6806,0.0032861704672203533,0.003187529708878251,0.00012548332362206024,1.0
1.6816,0.0032825737429643116,0.003516069537066834,0.00012554983861237862,1.0
1.6825,0.0032953607401582665,0.0033880119798267707,0.00012567755610482778,1.0
1.6835,0.0033169863080522136,0.0034807150262600047,0.00012588550890710226,1.0
1.6845,0.0033380656290944418,0.003160915241050369,0.00012605587972042075,1.0
1.6854,0.003355932979088431,0.0033670001065291486,0.00012616766869742236,1.0
1.6864,0.0033752960706724157,0.003405415321183292,0.00012648314719235085,1.0
1.6874,0.003386028309263384,0.003361252265381129,0.00012723326858069775,1.0
1.6884,0.003357999038939503,0.00346371268961199,0.0001283481683479014,1.0
1.6893,0.003329300285009194,0.0032402530208802526,0.0001294806588000077,1.0
1.6903,0.0032998680622909216,0.0033700149080085986,0.00013007321503113697,1.0
1.6913,0.0032853639928517296,0.003190254926768002,0.00012959013912039862,1.0
1.6922,0.0032730690040978436,0.0030858860454961684,0.00012840214017092934,1.0
1.6932,0.003266863290113295,0.003120836279507176,0.00012744078062543098,1.0
1.6942,0.0032756531070717437,0.003436154275683961,0.00012707217885831126,1.0
1.6952,0.0032881806728215406,0.0032466139743572205,0.0001270979402818679,1.0
1.6961,0.0033033006208067458,0.0034316929916620984,0.00012729844881021127,1.0
1.6971,0.00332606367794201,0.0033443668460254082,0.00012749979862063186,1.0
1.6981,0.003349591823039224,0.003413810006947764,0.00012757814591137865,1.0
1.699,0.00336037582923172,0.003386178215133239,0.00012762742769931623,1.0
1.7,0.003334388326831765,0.0035056560634676736,0.00012779899026659972,1.0
1.701,0.003309333195332172,0.0035968333219437917,0.00012808936497793558,1.0
1.7019,0.0032968679119623123,0.003367313136706777,0.0001283921709589265,1.0
1.7029,0.003304608041678674,0.0033937786539019878,0.00012860685585925266,1.0
1.7039,0.0033142025475295976,0.0034149378333692493,0.00012871052683770013,1.0
1.7049,0.0033185786476569537,0.0034758550330879876,0.0001288429742688848,1.0
1.7058,0.003316556754701009,0.003273967462518164,0.0001291886494387735,1.0
1.7068,0.0033131401458600836,0.0035329572777942227,0.0001296814327615654,1.0
1.7078,0.0033099088488516715,0.003304708908668826,0.00013039797330263148,1.0
1.7087,0.003308883893354053,0.00335201150537962,0.0001314999661058121,1.0
1.7097,0.003307744887966749,0.003290845321945603,0.00013323099523736745,1.0
1.7107,0.0033006941212715872,0.0034047788255478335,0.00013494329418409193,1.0
1.7116,0.003284294833311439,0.003213112780091228,0.00013511470820750694,1.0
1.7126,0.0032671957923446375,0.0032107200789251392,0.00013369721023108507,1.0
1.7136,0.003266567557923474,0.0032305869261798127,0.00013229213940450945,1.0
1.7146,0.0032890355444975534,0.0032733379344587524,0.00013176526296163619,1.0
1.7155,0.0033153575462567344,0.0032298355203282106,0.00013180757677694801,1.0
1.7165,0.0033339836651881936,0.003367014931022074,0.00013189823099795604,1.0
1.7175,0.0033146603940544745,0.0034197615779093136,0.00013195626699047508,1.0
1.7184,0.0032972505399316964,0.0033248566824400534,0.00013210737972127237,1.0
1.7194,0.003280594093340131,0.003214673204320011,0.0001324212778247049,1.0
1.7204,0.003272362352323381,0.003374558296730251,0.0001327269932887215,1.0
1.7213,0.003266211804696284,0.003116674793067834,0.00013287482589561305,1.0
1.7223,0.0032605879288153295,0.0032817297830067915,0.0001333257148710872,1.0
1.7233,0.0032567756942019437,0.0032069918581220224,0.00013449936989873716,1.0
1.7242,0.0032552334734628047,0.003319928397726085,0.00013576776445316065,1.0
1.7252,0.0032722051065657795,0.003379532148206617,0.00013617758358740886,1.0
1.7262,0.0032998204630632186,0.0035102379542554137,0.0001355779422745285,1.0
1.7272,0.0033468775256680905,0.0033987486765408104,0.0001345592412289951,1.0
1.7281,0.0033790988714091606,0.0031399912393551394,0.00013382097289829607,1.0
1.7291,0.0033572669054001275,0.0032371188504902414,0.00013360122485421523,1.0
1.7301,0.0033219577383940906,0.0032353312822113803,0.00013368379121957873,1.0
1.731,0.003298857343599859,0.003653822669389581,0.00013395003114342747,1.0
1.732,0.003304334707472861,0.003453180955397275,0.00013454193342532899,1.0
1.733,0.0033259587725052524,0.0035824389072240826,0.00013552783839169939,1.0
1.7339,0.0033454283241932887,0.003545840251468095,0.00013648844912624706,1.0
1.7349,0.003345195910199705,0.003384743552504166,0.00013675700303386845,1.0
1.7359,0.0033384598329756,0.003026778564889884,0.000136276971201179,1.0
1.7369,0.003330713629556609,0.003198405958277527,0.0001358218312343077,1.0
1.7378,0.00331920725344965,0.0034110711584915384,0.00013580572000074917,1.0
1.7388,0.0033025140277975866,0.003647465115991356,0.0001358397133962612,1.0
1.7398,0.0032918771009162358,0.003273529042959359,0.00013566893249600527,1.0
1.7407,0.0032861092877050913,0.0033134012795623786,0.00013577968102357015,1.0
1.7417,0.0032823051785706844,0.0035356009172865794,0.00013657697611924009,1.0
1.7427,0.003282000000000017,0.0034785727304712482,0.0001376849131432734,1.0
1.7437,0.003281028442521864,0.003304649071252972,0.00013808557814770463,1.0
1.7446,0.003279006702501322,0.0032311468015283327,0.00013775556964727308,1.0
1.7456,0.0032781355183630016,0.003398372774344201,0.00013725608135491246,1.0
1.7466,0.0032850395225055384,0.0030835832631537496,0.00013706260429950185,1.0
1.7475,0.0033075810479520915,0.0033998482058864286,0.00013730782550381,1.0
1.7485,0.003332621605023739,0.003117683231888147,0.00013788385926966662,1.0
1.7495,0.003351916212842201,0.0033899017657353626,0.00013866001249065427,1.0
1.7504,0.003361810452541567,0.0035581740811934976,0.00013932267417759295,1.0
1.7514,0.003370182183684989,0.0032648534718163432,0.00013962595051441134,1.0
1.7524,0.003376391584906282,0.0032478356441257364,0.0001398309168880139,1.0
1.7534,0.003367863615970164,0.0036230391909281,0.00014004431881538162,1.0
1.7543,0.003359662885800517,0.003172965686218613,0.00014006032723414772,1.0
1.7553,0.0033507319873644636,0.003304899415300695,0.00014008252586815927,1.0
1.7563,0.003343079914344968,0.0034481053809054096,0.0001402710982616122,1.0
1.7572,0.003337276435322601,0.003074650694276864,0.00014032205195000654,1.0
1.7582,0.003332068112071369,0.0033395937192794507,0.0001401356839771387,1.0
1.7592,0.0033337310495746256,0.0033391827941915662,0.00013995640359508097,1.0
1.7601,0.0033398815972018087,0.003238860099171175,0.0001400258818176136,1.0
1.7611,0.003347501567779755,0.0033395213483765535,0.00014025786228732726,1.0
1.7621,0.003351774423603567,0.003148089618583526,0.0001402863020167719,1.0
1.7631,0.0033541880229090563,0.003519788038627743,0.00013998739573832742,1.0
1.764,0.003356912234425838,0.003460430142492104,0.00013960096539060383,1.0
1.765,0.0033485210388026583,0.003023078822311848,0.00013933004839781176,1.0
1.766,0.003311665142172314,0.00336590763865332,0.00013927137031115953,1.0
1.7669,0.0032849692706931146,0.003473206497339914,0.00013947175993736646,1.0
1.7679,0.0032713550052230578,0.0034779685551095773,0.00013979484610990352,1.0
1.7689,0.00326699759631491,0.00331895361823659,0.00014022111060036217,1.0
1.7698,0.0032743090807105277,0.0031745421248898587,0.0001408357195423638,1.0
1.7708,0.003287977145358052,0.0031448432642541147,0.00014150124401214487,1.0
1.7718,0.003312319985843744,0.003354649036030786,0.00014214066261588874,1.0
1.7728,0.0033394877910571455,0.003475511477285762,0.00014287239741537486,1.0
1.7737,0.00336026651219956,0.0034432598934783995,0.00014365615418165595,1.0
1.7747,0.003352470847953154,0.003140729399319465,0.00014429265749402287,1.0
1.7757,0.003313021542577434,0.003514156801988235,0.00014437352737360265,1.0
1.7766,0.003278604661728757,0.0031704109107447945,0.00014372680007352485,1.0
1.7776,0.003259425426652502,0.00311118268705868,0.00014297453945105845,1.0
1.7786,0.003262564792103107,0.0033672247359401316,0.0001430111869534959,1.0
1.7795,0.0032706424472260884,0.003300715136561617,0.000143660777334691,1.0
1.7805,0.0032844017160281055,0.0031080996344364092,0.0001443519957853191,1.0
1.7815,0.0032800318493852536,0.0034073132791529845,0.00014473514432906154,1.0
1.7824,0.0032821638772073274,0.003335537931279086,0.0001447303515389922,1.0
1.7834,0.003284747823206793,0.003158201646128538,0.00014469900691439818,1.0
1.7844,0.0032742337198105706,0.0033287711430885943,0.00014507207570323583,1.0
1.7854,0.0032585189112010068,0.0034755535773163962,0.00014555680385276346,1.0
1.7863,0.0032467011581282425,0.0031386736113250043,0.00014567950346442308,1.0
1.7873,0.0032490601575675395,0.0033637369515397398,0.0001458573771539925,1.0
1.7883,0.003268413109677194,0.0031185610902890004,0.00014663813244005788,1.0
1.7892,0.00329023788478225,0.0033145177132552616,0.00014744670320806507,1.0
1.7902,0.0033125283664886727,0.003083879605080711,0.0001475784904874774,1.0
1.7912,0.003315184652975803,0.003357876620648005,0.00014734130974607698,1.0
1.7922,0.0033184003851915687,0.003212969168657162,0.00014745692652247007,1.0
1.7931,0.0033188781353771005,0.00363547262915258,0.0001481586315069275,1.0
1.7941,0.0033124563518167737,0.003298507360001831,0.00014931946021595516,1.0
1.7951,0.003303982016596059,0.0032790995024545556,0.00015076650417719214,1.0
1.796,0.0032968359648197893,0.0031776962920767415,0.0001519192609825411,1.0
1.797,0.003297998067503873,0.0031143146083341556,0.0001518697144105102,1.0
1.798,0.0033056300869833913,0.0033284251438544673,0.00015114693654146044,1.0
1.7989,0.0033128041656164376,0.003348464351999088,0.0001508030856825756,1.0
1.7999,0.0033130318280960797,0.0032874257648303675,0.00015107485858030823,1.0
1.8009,0.0032931802942019225,0.0032333163113363954,0.0001519117753420529,1.0
1.8019,0.0032738219612043584,0.003513433177689212,0.00015284946987364622,1.0
1.8028,0.003259380004656858,0.0034892485934347206,0.00015359427474306866,1.0
1.8038,0.0032554088688373935,0.0033777775138288404,0.00015396823504115626,1.0
1.8048,0.0032565478742247597,0.0030786384279094603,0.0001534928399809444,1.0
1.8057,0.003258145659444473,0.0033422014326071584,0.00015225467552156078,1.0
1.8067,0.0032611355053286883,0.003427302185254496,0.00015103174172057278,1.0
1.8077,0.0032670992351961107,0.003234330383492356,0.00015043134911692403,1.0
1.8086,0.0032741225992954665,0.0035145718528588592,0.00015048488168691357,1.0
1.8096,0.0032809590127115826,0.003139522998113684,0.00015080893319011725,1.0
1.8106,0.003277694664366488,0.0033676135983385573,0.00015118326290447555,1.0
1.8116,0.0032777492245823887,0.003288978942234248,0.00015152737936086923,1.0
1.8125,0.0032823162684868855,0.0036967612305372714,0.00015179576672524832,1.0
1.8135,0.003275728077812548,0.003203624161346173,0.00015168298982071025,1.0
1.8145,0.003261066352496658,0.0031222917158833068,0.00015106425990166623,1.0
1.8154,0.0032532892638707346,0.0032480624774507585,0.00015049138008212026,1.0
1.8164,0.0032540298456353207,0.003444998914214992,0.00015067338400441446,1.0
1.8174,0.0032675486343140764,0.0030888981292246224,0.00015140475441759803,1.0
1.8183,0.0033012130911070927,0.0031755282223345223,0.00015202341860877337,1.0
1.8193,0.0033792964436436734,0.0032834186778099776,0.00015235820345115163,1.0
1.8203,0.00338360368331542,0.003194277687195231,0.0001525856798048176,1.0
1.8212,0.003381553500772825,0.0035459058650030885,0.0001527486278502818,1.0
1.8222,0.003374936098361319,0.003471990754098909,0.0001528924844567982,1.0
1.8232,0.0033405007312227136,0.003307400819069196,0.0001530194136419384,1.0
1.8242,0.0033060541253057177,0.0033051675100382242,0.0001534983446712829,1.0
1.8251,0.0032983442138115,0.0032229197395342852,0.00015453553434333008,1.0
1.8261,0.0032913793364591887,0.003207463011208276,0.0001551331398547237,1.0
1.8271,0.0032786965121397228,0.0032748298658627256,0.00015447432480530972,1.0
1.828,0.0032664102463446083,0.003147715250131069,0.0001533704752509465,1.0
1.829,0.0032550000000000625,0.003395574630414665,0.00015285421745468158,1.0
1.83,0.0032576816310578086,0.0033166153393698553,0.0001529961248264092,1.0
1.8309,0.0032694936218088462,0.003567453684024193,0.00015339979841152315,1.0
1.8319,0.0032863394194756843,0.0034838999310036764,0.00015387335366884351,1.0
1.8329,0.0032931770977068287,0.0032792237176373,0.00015456178729063403,1.0
1.8339,0.0032783638132220807,0.00328525531199013,0.00015564729034434275,1.0
1.8348,0.003262356407304467,0.0032659925406624754,0.00015659457314120458,1.0
1.8358,0.0032469684829625816,0.003128080177388308,0.00015648680017692944,1.0
1.8368,0.003244012552152783,0.003584101797738688,0.00015586218953543915,1.0
1.8377,0.0032470456006652125,0.0029564094416275723,0.00015555594133924062,1.0
1.8387,0.0032516016222143835,0.0031724088493504912,0.00015551672104230745,1.0
1.8397,0.003252107248328098,0.0031043558739435617,0.00015553955412799802,1.0
1.8407,0.0032411454750095733,0.002985339166770762,0.00015548375201088077,1.0
1.8416,0.003233733819740021,0.0030697542146219357,0.00015559660262801217,1.0
1.8426,0.003229816864656024,0.003097108006263406,0.00015620759226515487,1.0
1.8436,0.0032333806472465624,0.003285040250580261,0.0001572665600575878,1.0
1.8445,0.003241040506975538,0.003119138631451104,0.0001586095882799664,1.0
1.8455,0.0032528347563515808,0.003490564263013853,0.00015988355095474912,1.0
1.8465,0.0032674299639048844,0.003275580883288057,0.00016105173880547128,1.0
1.8474,0.0032808114907673844,0.0033693135897158014,0.00016165025319325675,1.0
1.8484,0.003296938441187518,0.0032722007262735255,0.00016131018884569558,1.0
1.8494,0.0033110094087987073,0.003461222898759548,0.0001606924738141613,1.0
1.8504,0.003312157373519537,0.0031363351437990183,0.00016021749358522487,1.0
1.8513,0.003307004550594956,0.0033845493303550833,0.00015966181919846553,1.0
1.8523,0.00330436285793573,0.0031776769210752126,0.0001591330999382171,1.0
1.8533,0.003296244015999955,0.0034365508106598704,0.00015887901913564235,1.0
1.8542,0.0032803882755897194,0.0032263643256772788,0.00015919522112047457,1.0
1.8552,0.003262904574122695,0.0032079085486837783,0.00016052569865105868,1.0
1.8562,0.00324960717663941,0.003534296389349706,0.00016308556655435957,1.0
1.8571,0.0032451035380183803,0.003022799588166135,0.00016628657482543844,1.0
1.8581,0.0032479321790273292,0.0029933382964880658,0.0001685660156072593,1.0
1.8591,0.0032589450958964246,0.0032309399589565777,0.0001687520241555375,1.0
1.8601,0.0032675193973792857,0.003382782049971342,0.00016799524176677212,1.0
1.861,0.0032658225884927695,0.003124115124176393,0.00016755485021822025,1.0
1.862,0.003263999999999989,0.0034294330128381875,0.00016674949268317404,1.0
1.863,0.0032705714246731962,0.003215969975214611,0.00016486918667743257,1.0
1.8639,0.0032618458376387797,0.0029523661721316307,0.0001629330593255088,1.0
1.8649,0.003242266659486727,0.0031574986385129542,0.00016194271901478788,1.0
1.8659,0.0032301306632003673,0.0030496446577787436,0.00016166299941443183,1.0
1.8668,0.0032244469303741937,0.0031470199747808247,0.00016146019622885488,1.0
1.8678,0.003228722077423924,0.0029814982794530254,0.00016116222155131325,1.0
1.8688,0.003237686201204218,0.003428386138207178,0.00016113792367200615,1.0
1.8698,0.003251343542763734,0.0032964067657263595,0.0001617832056632853,1.0
1.8707,0.0032611298542325963,0.003036283526991069,0.0001634750049203651,1.0
1.8717,0.0032676449228170585,0.003335068788362346,0.00016622881629359455,1.0
1.8727,0.0032742012011428277,0.0033965657971979494,0.00016885577906123426,1.0
1.8736,0.003282134451968305,0.0033155400145245956,0.00016960188900382088,1.0
1.8746,0.0032715686336335713,0.0034673146815198635,0.00016853463812259738,1.0
1.8756,0.0032559638220366776,0.003463689365921666,0.00016710941874883335,1.0
1.8765,0.0032444418178548505,0.003166788864588317,0.0001660916735717908,1.0
1.8775,0.0032453347654722367,0.003259724606809183,0.00016512769093730454,1.0
1.8785,0.00328121789675916,0.0032344199690460653,0.00016392216349756148,1.0
1.8795,0.0033410203380455244,0.0029758706231018265,0.0001623944658847851,1.0
1.8804,0.003405305530608946,0.0036643682133469845,0.000161037542187151,1.0
1.8814,0.0033802080693951593,0.003634784466374726,0.00016054067638357784,1.0
1.8824,0.0033011428861858126,0.002996618325224813,0.00016108838373270277,1.0
1.8833,0.003253755792333577,0.003376146649113661,0.00016262402972041815,1.0
1.8843,0.003229999999999886,0.003178688142191303,0.00016484522968244003,1.0
1.8853,0.003231507154573303,0.003114091882176549,0.0001666353288196919,1.0
1.8862,0.0032406039494058676,0.0033053508727649006,0.0001667283769865907,1.0
1.8872,0.003262228604495837,0.003034019104738566,0.00016528194795098413,1.0
1.8882,0.00327899999999996,0.00351370156641022,0.0001638091448385468,1.0
1.8892,0.0032704719385133235,0.0033361721630905403,0.00016374940870147678,1.0
1.8901,0.0032585079439897305,0.00289009725213765,0.00016540786988901253,1.0
1.8911,0.003248439188894296,0.003272282458851246,0.00016778345604169024,1.0
1.8921,0.003244123086994481,0.0032481896412056284,0.00016915984014794416,1.0
1.893,0.003244000000000077,0.0033255521820595244,0.00016862120812964816,1.0
1.894,0.0032466096435406606,0.00326005934871713,0.00016687808580715692,1.0
1.895,0.0032483920167822662,0.0031450931473900367,0.00016536665807982822,1.0
1.8959,0.003237855214477416,0.003104381816847598,0.0001650298547742334,1.0
1.8969,0.003227875525098769,0.003471802935805435,0.0001659526762211585,1.0
1.8979,0.003224999999999921,0.0031625432671124674,0.0001671438055592285,1.0
1.8988,0.0032244122830872167,0.003406618601756506,0.00016740911160057693,1.0
1.8998,0.0032218202404206545,0.0033347432581006696,0.00016676709042108076,1.0
1.9008,0.003220134408086264,0.0031143712665017533,0.00016633141845121563,1.0
1.9018,0.0032189999999998314,0.002857399696913228,0.000166842132746741,1.0
1.9027,0.0032190284138463475,0.003515168422592292,0.00016780509026563355,1.0
1.9037,0.003220502257701178,0.0032212644636067686,0.00016847131223595859,1.0
1.9047,0.003224225698484146,0.003279014148293247,0.00016888192675612343,1.0
1.9056,0.0032289882807113243,0.0030837478077185986,0.00016937509388512598,1.0
1.9066,0.003233940771011943,0.003046189709523973,0.00016985812643136473,1.0
1.9076,0.003236826092847047,0.0030602073934843346,0.00016985938439763413,1.0
1.9086,0.003240241364663555,0.003488554025915576,0.0001697706043534311,1.0
1.9095,0.00324408885130317,0.0032217893957335363,0.0001697279031533287,1.0
1.9105,0.003248644872852305,0.00320194268279358,0.00016938454207432698,1.0
1.9115,0.0032542504391333024,0.003094109886674147,0.00016846896009325602,1.0
1.9124,0.0032593754678492365,0.0033637792257804238,0.00016714724776536124,1.0
1.9134,0.0032650652276650554,0.003226801632287506,0.00016602188420279196,1.0
1.9144,0.003271463406026155,0.0032420526542052642,0.00016600027537494086,1.0
1.9153,0.0032790160513421697,0.003467331278831053,0.0001673576101742964,1.0
1.9163,0.003288644106245772,0.00315189933890021,0.0001688739846505166,1.0
1.9173,0.0032943082727771847,0.0035244111283493132,0.000169243601430397,1.0
1.9182,0.003303824838590515,0.003105359915342846,0.00016895014536560984,1.0
1.9192,0.003372598564756026,0.0033510052194395787,0.000168990460889695,1.0
1.9202,0.00350658859232945,0.0034576994751127476,0.00016946591367001667,1.0
1.9212,0.003494897161392288,0.003314842142111766,0.00016983403344752364,1.0
1.9221,0.003379875283198997,0.0033084388249517015,0.00016975818762922048,1.0
1.9231,0.0032920390528374476,0.0031962619397319257,0.00016948561280541555,1.0
1.9241,0.0032420614638535962,0.0030618799794576842,0.0001692229467415658,1.0
1.925,0.0032248875152829956,0.0032773770677382574,0.00016919432625428081,1.0
1.926,0.0032208769953387794,0.0031889440393111047,0.00016951531484971064,1.0
1.927,0.003219299492282064,0.0032545448362811358,0.000170059662337012,1.0
1.928,0.003218161577591365,0.00310802503267369,0.00017106833887340402,1.0
1.9289,0.0032197266593012868,0.003450575797207766,0.00017298239086958124,1.0
1.9299,0.00322402802045471,0.0034324419695116646,0.00017582266891401374,1.0
1.9309,0.003240942162802729,0.0034416310881356135,0.00017866245739224802,1.0
1.9318,0.0032675117585634662,0.0034485189982558007,0.00017957656064556006,1.0
1.9328,0.0032442209152013283,0.0033367394935676434,0.00017792042738211646,1.0
1.9338,0.0032274557442282486,0.0031182319243058566,0.0001754373210956853,1.0
1.9347,0.003221595630272309,0.003189553842896124,0.0001738116995195949,1.0
1.9357,0.003219392871370066,0.003372400313774675,0.00017321752255339105,1.0
1.9367,0.003219745998243507,0.00326328717721057,0.00017319383464097158,1.0
1.9377,0.003220883996800803,0.003307764348140033,0.00017362913010158043,1.0
1.9386,0.0032210000000002857,0.003031293375526686,0.00017469565994219125,1.0
1.9396,0.0032209521744364362,0.0032793768523124343,0.0001757920560106816,1.0
1.9406,0.003220000000000039,0.0029957375784099003,0.00017618174000680412,1.0
1.9415,0.0032208471457930593,0.0030908862890019462,0.000175925272326771,1.0
1.9425,0.003228905498569693,0.003343132950547382,0.0001761470072736243,1.0
1.9435,0.0032316474424809996,0.0032873035166469298,0.00017803111776637862,1.0
1.9444,0.003222945544927176,0.0030739570649127267,0.0001818106662087763,1.0
1.9454,0.0032210000000000394,0.0030876542152973537,0.0001854884959310719,1.0
1.9464,0.0032241664981713025,0.0032787963590893096,0.00018613954013976024,1.0
1.9473,0.003236432120564309,0.003115874195619995,0.00018439281337390915,1.0
1.9483,0.003266680450691226,0.003010533905417972,0.00018281793866918144,1.0
1.9493,0.0033096446226464128,0.0032765973697475915,0.00018277370584357595,1.0
1.9503,0.00334337374966571,0.003802649004041846,0.00018402525981901636,1.0
1.9512,0.003323584886138149,0.003350172519166876,0.00018421079756930392,1.0
1.9522,0.0032677451827013183,0.003147131053225685,0.0001817021700532495,1.0
1.9532,0.0032358511728708063,0.002954130574642097,0.00017822029154292152,1.0
1.9541,0.0032230853195277247,0.0028088308589626397,0.0001755509157886652,1.0
1.9551,0.003222792981818935,0.0034741541904002816,0.0001740200228091325,1.0
1.9561,0.0032332082657521347,0.0031936653112653677,0.00017354945496362076,1.0
1.9571,0.00325647465002465,0.0036436261144632775,0.0001739964544211831,1.0
1.958,0.003295997545834599,0.003354654884076127,0.00017514651924967865,1.0
1.959,0.003296332691340384,0.00325994306428816,0.0001768688943984775,1.0
1.96,0.0032912810077363446,0.003350510688108379,0.00017858097134195158,1.0
1.9609,0.0033243858094791,0.003332094894352694,0.00017907036891245395,1.0
1.9619,0.0033844668031139317,0.003357439827833273,0.00017813113802841272,1.0
1.9629,0.003365123037804766,0.0031017067543712687,0.000176736188895485,1.0
1.9638,0.0033079729315338086,0.0032610986464685523,0.0001758136907567302,1.0
1.9648,0.003264456712648902,0.003432982660697803,0.00017572203678187893,1.0
1.9658,0.003238345172647409,0.0035965122702733493,0.00017564289005939,1.0
1.9668,0.0032269352408136735,0.0031103209788794243,0.00017518128937917037,1.0
1.9677,0.0032239544366999416,0.0031560475294679885,0.00017483371085901884,1.0
1.9687,0.003222815431312479,0.0033902865352134185,0.00017517092150674227,1.0
1.9697,0.003221999999999978,0.003369634432637038,0.00017639004185903854,1.0
1.9706,0.003222348529572316,0.0031336828278082265,0.00017840006809404258,1.0
1.9716,0.003223487534959604,0.003342126466293008,0.0001804202967366178,1.0
1.9726,0.0032246256919402087,0.003052020064334742,0.00018133426974707462,1.0
1.9735,0.003225000000000045,0.003376445377682314,0.00018135173415960041,1.0
1.9745,0.003221053867470415,0.003019830588749566,0.00018202133838821294,1.0
1.9755,0.0032190717681068117,0.003165623621662852,0.00018468010800092466,1.0
1.9765,0.0032180000000000247,0.0033792492305497433,0.00018948642580327263,1.0
1.9774,0.0032180000000000967,0.0035736867382866644,0.0001951114661517303,1.0
1.9784,0.0032182300592131204,0.002803214386644721,0.00019841674951292265,1.0
1.9794,0.003219369064600424,0.0031166585704041024,0.0001973237986340038,1.0
1.9803,0.0032207880401958545,0.003139801975907993,0.00019414718490484042,1.0
1.9813,0.0032235990764557894,0.003513070487132529,0.0001914745701468661,1.0
1.9823,0.00322432873366774,0.00306976080775885,0.00018985171944150826,1.0
1.9832,0.003224695847417959,0.0031667732728738202,0.00018887817929995158,1.0
1.9842,0.0032249999999999857,0.0032562629470141127,0.00018842695181983505,1.0
1.9852,0.0032259738581924668,0.0035033611539290795,0.00018889432343887632,1.0
1.9862,0.003221774544387742,0.0033676020252777234,0.0001896556100024886,1.0
1.9871,0.0032198623377135125,0.0032769274421687884,0.0001888599125888976,1.0
1.9881,0.003219000000000001,0.00344174881908814,0.00018647599263598084,1.0
1.9891,0.0032189999999999294,0.003417764162077017,0.00018460461624003946,1.0
1.99,0.003218560353602832,0.0032911043046651386,0.0001843583132215184,1.0
1.991,0.003218000000000013,0.002948046835585035,0.00018552483733540287,1.0
1.992,0.0032180000000001014,0.003297841152581413,0.0001870733679263701,1.0
1.9929,0.00321800000000007,0.0031816976146129654,0.00018767967932147234,1.0
1.9939,0.00321800000000004,0.0028348087271158227,0.00018745145593102483,1.0
1.9949,0.0032180386974360784,0.0034928755999030954,0.0001871956713146898,1.0
1.9958,0.0032201333199676652,0.0031515849580133425,0.0001879994438971585,1.0
1.9968,0.003224281707416517,0.0031839567898478403,0.0001892773892926519,1.0
1.9978,0.0032303211760379485,0.003222982242382864,0.00018981824235943725,1.0
1.9988,0.0032314601814252917,0.00307408768541322,0.00018977473129243996,1.0
1.9997,0.0032324851369227186,0.0032062139401188906,0.0001891351239230462,1.0
2.0007,0.0032336241423100995,0.0034200669922139376,0.00018742395913757008,1.0
2.0017,0.0032332369880763,0.0032318383602102717,0.00018508312119589612,1.0
2.0026,0.0032329999999999802,0.0032168890518949472,0.00018334736736037532,1.0
2.0036,0.0032376291692815563,0.0032315516981673382,0.0001830942063799421,1.0
2.0046,0.0032603391006225586,0.0033379905340150664,0.00018427019096271452,1.0
2.0056,0.00329135001979817,0.003347998824929918,0.00018609453238272778,1.0
2.0065,0.0032780238332726476,0.003527378360460697,0.00018780908788747775,1.0
2.0075,0.003263958742126532,0.003100159127864985,0.0001890780986991442,1.0
2.0085,0.0032514361150302287,0.0031709818347910165,0.00018992071476743783,1.0
2.0094,0.003239632470619684,0.0033949981357609795,0.00018987035779195115,1.0
2.0104,0.0032273023139066204,0.0028610146333493064,0.00018844707708613642,1.0
2.0114,0.0032215740853312157,0.003676505451707502,0.00018633739712718377,1.0
2.0123,0.0032193325410116613,0.0031520718227924295,0.00018463303442348405,1.0
2.0133,0.0032190000000000066,0.0034512458469946913,0.00018365055678444498,1.0
2.0143,0.00322088481053237,0.0030286800983218808,0.00018349307562718552,1.0
2.0152,0.003231791789130861,0.003007075897300165,0.00018456938698266161,1.0
2.0162,0.0032708263588733916,0.00300472406367279,0.00018670069559214298,1.0
2.0172,0.003328583266222477,0.003422033348855097,0.00018873537687234967,1.0
2.0182,0.003327993038655457,0.0032607683063347564,0.00018977851420445098,1.0
2.0191,0.003280068581357279,0.003450158244067887,0.00018990082922746892,1.0
2.0201,0.0032409689425596617,0.0031094860562992485,0.00018933659067043172,1.0
2.0211,0.0032278744128668184,0.0036055665108817654,0.00018853717441850027,1.0
2.022,0.0032234825768263677,0.0031764329515555053,0.00018792256341323713,1.0
2.023,0.0032231025187290287,0.003321210410987501,0.00018788845185403969,1.0
2.024,0.0032307155167529585,0.002976539074853645,0.00018848865250954656,1.0
2.025,0.003245016652900045,0.003474224545075333,0.00018939335390404156,1.0
2.0259,0.003253160996560857,0.003626537819467304,0.00018973264130217086,1.0
2.0269,0.0032399503607435255,0.003423021004646601,0.0001893625743495153,1.0
2.0279,0.0032292220200678167,0.003184191632926656,0.0001891644779356853,1.0
2.0288,0.003223512479812414,0.0029763137638905987,0.0001896050695780603,1.0
2.0298,0.003220478500678921,0.00313370676273187,0.0001902633286369946,1.0
2.0308,0.0032182002183571874,0.0030489033192095923,0.00019053980899311714,1.0
2.0317,0.003218000000000005,0.0033024632759829577,0.00019008325885542902,1.0
2.0327,0.003221940691311364,0.0032188547920058283,0.00018919119278722486,1.0
2.0337,0.0032368063294708916,0.003437148691658473,0.00018844259294144126,1.0
2.0347,0.0032355741242428375,0.003214338454232998,0.00018822931589265369,1.0
2.0356,0.0032248067404848976,0.0035483029609276744,0.0001886834649888747,1.0
2.0366,0.0032194859467595846,0.00312748263053156,0.00018930372956154658,1.0
2.0376,0.00321800000000006,0.0032990448472829514,0.0001899713032890291,1.0
2.0385,0.003218000000000123,0.0032921894514741303,0.00019115295388092852,1.0
2.0395,0.003218000000000102,0.003466307085163248,0.00019214488756266564,1.0
2.0405,0.0032189452455732657,0.0029796000165661753,0.0001918807581523516,1.0
2.0414,0.0032199703368445496,0.0032138495966236155,0.00019075605777407303,1.0
2.0424,0.003221000000000093,0.0035152173167854817,0.00018987060471493267,1.0
2.0434,0.0032210000000000532,0.00333504302923983,0.0001900054328919226,1.0
2.0443,0.0032212722999382104,0.00326094443828469,0.0001909166444342234,1.0
2.0453,0.003222411169551628,0.0032522650842781143,0.0001914905922671559,1.0
2.0463,0.0032235500391654026,0.003178017788433776,0.0001913149821251525,1.0
2.0473,0.0032246883962760075,0.0032468152789271467,0.00019084238226161878,1.0
2.0482,0.0032264257221959803,0.0033120162660369165,0.0001903089415876565,1.0
2.0492,0.0032287040045180584,0.003439379667714806,0.00018954934511586764,1.0
2.0502,0.003231972615617795,0.0031100539640868106,0.00018895275838327997,1.0
2.0511,0.0032309361474248156,0.003404824110655163,0.00018872214539274157,1.0
2.0521,0.0032266906867782245,0.003429788637641594,0.00018899982957494915,1.0
2.0531,0.003224707165033772,0.0035823688124593917,0.00019006802705827947,1.0
2.0541,0.003223999999999993,0.00312408973783688,0.00019182144834869097,1.0
2.055,0.003223543204148999,0.00302869569777596,0.00019366357189512306,1.0
2.056,0.0032218086690707663,0.003220504354894025,0.00019506081325544968,1.0
2.057,0.0032209999999999943,0.0033662413344550716,0.00019555018967228486,1.0
2.0579,0.003221000000000025,0.003021061616738474,0.00019530335442136454,1.0
2.0589,0.0032227952571164046,0.0030414386230027965,0.00019512182280870027,1.0
2.0599,0.0032189635018281346,0.0032977199512467634,0.0001951189883811051,1.0
2.0608,0.0032180000000000064,0.0031317387890969395,0.00019479690383967992,1.0
2.0618,0.00321800000000008,0.003211091312792251,0.00019441322948928242,1.0
2.0628,0.0032180000000000125,0.0035250596758546245,0.00019502510796045564,1.0
2.0638,0.00321895466175832,0.003095274145952536,0.00019674966572981396,1.0
2.0647,0.0032240172048234273,0.0032788742150839903,0.000198380834540976,1.0
2.0657,0.003245956169389094,0.0035538369198977763,0.00019893049192840987,1.0
2.0667,0.0032918874233655326,0.0035362915540578755,0.0001985987635671983,1.0
2.0676,0.0033253257598875817,0.003199567595116406,0.0001978191024397651,1.0
2.0686,0.0032942236509040587,0.0031613130021778805,0.00019648152150730048,1.0
2.0696,0.003254111137164246,0.00326030166809628,0.00019491627753688445,1.0
2.0705,0.003231930558050489,0.003101669584562839,0.00019393291699504035,1.0
2.0715,0.003222261743932087,0.00329461377002731,0.00019390395649930393,1.0
2.0725,0.0032196154829769565,0.003110212951270294,0.0001943407480196408,1.0
2.0735,0.0032184773143689037,0.0031898394729511,0.00019456017540625146,1.0
2.0744,0.003218000000000041,0.0033464736079888186,0.00019452320585457053,1.0
2.0754,0.0032180000000000867,0.002775922205855147,0.0001945085094541812,1.0
2.0764,0.0032180000000000077,0.003211786134875309,0.00019476074457454225,1.0
2.0773,0.00321800000000011,0.003240621534897552,0.00019497797645984594,1.0
2.0783,0.0032180000000000346,0.0031593156656868687,0.00019525620660396822,1.0
2.0793,0.003219127479223067,0.002859445074417903,0.00019565348694708612,1.0
2.0802,0.0032203051409885474,0.0034968897040699664,0.00019588724709175567,1.0
2.0812,0.003222874320323386,0.0033283788418786158,0.0001960638897889345,1.0
2.0822,0.003227150457076235,0.0032247648992062804,0.0001964522392320749,1.0
2.0831,0.003233636268702481,0.0031301702383469067,0.00019707182332127533,1.0
2.0841,0.0032451208384172777,0.0034062317082151896,0.0001978406111002459,1.0
2.0851,0.003243409544664553,0.0034195788352641416,0.00019850492243833376,1.0
2.0861,0.0032288002043356365,0.0034473549937899042,0.00019878969567260706,1.0
2.087,0.0032252075326004034,0.0029545320657079445,0.0001988870462537906,1.0
2.088,0.0032349243695339127,0.0032575113365544348,0.0001988590240041151,1.0
2.089,0.0032582303116435855,0.0037471206984285655,0.00019867335430265697,1.0
2.0899,0.0032406396705437195,0.0030610875337540784,0.00019848114966882434,1.0
2.0909,0.0032216517343716393,0.0033365081844428032,0.00019813483836255522,1.0
2.0919,0.003219000000000027,0.0034142838399345773,0.0001978494934100771,1.0
2.0929,0.00321961437743516,0.003136237406834795,0.00019815059868529358,1.0
2.0938,0.0032206390295007273,0.0032579869657333917,0.0001990818217702791,1.0
2.0948,0.0032217778991142426,0.00335611861276568,0.00020012809024151786,1.0
2.0958,0.003223833537455851,0.003317877583421059,0.00020057038936882964,1.0
2.0967,0.003225883719998265,0.003323326804928764,0.00020031163579081052,1.0
2.0977,0.003229159724415857,0.0032946603665708137,0.0001997672931419216,1.0
2.0987,0.003231656195464574,0.0034338319415054487,0.0001993730420634265,1.0
2.0996,0.003234975292370853,0.0035228311716038207,0.0001990350413191121,1.0
2.1006,0.0032395307708252387,0.0034456067830961326,0.00019850026440969293,1.0
2.1016,0.003244607811599676,0.0032855984769208824,0.00019797116023014788,1.0
2.1026,0.003245680096345218,0.003003684710121166,0.0001978122740661959,1.0
2.1035,0.003241578078737025,0.0031717481304512217,0.00019817921060105465,1.0
2.1045,0.003237529423759382,0.0032797934959514197,0.00019924315781612035,1.0
2.1055,0.003237962395027091,0.003342469762410524,0.00020065988665434858,1.0
2.1064,0.0032419499451934422,0.0031140218728102544,0.00020165863757792672,1.0
2.1074,0.0032359903027009986,0.0034131812012336542,0.00020192707998433265,1.0
2.1084,0.003228206925637592,0.0031016170507265272,0.00020201618600516912,1.0
2.1093,0.003225421644310708,0.003238897098359012,0.00020228299271089604,1.0
2.1103,0.0032244283190056,0.0035866538691432296,0.00020229487964131636,1.0
2.1113,0.0032261343772384573,0.0030902218485386497,0.00020185815274175096,1.0
2.1122,0.0032275916060793964,0.0032629746875122868,0.00020138871240970698,1.0
2.1132,0.0032280000000000646,0.0033966638959285088,0.00020138415726854536,1.0
2.1142,0.003228869151712796,0.003553030660494171,0.00020211987670994543,1.0
2.1152,0.003231032085305727,0.0030113463307356956,0.0002034097375778201,1.0
2.1161,0.0032353311259763168,0.0033710997675854494,0.0002050280744750302,1.0
2.1171,0.003247405011763979,0.0032934532315102272,0.00020621374888849471,1.0
2.1181,0.0032642651188356975,0.003290049542909196,0.00020605593573575008,1.0
2.119,0.0032826960828776304,0.003417241565752226,0.00020509707411101797,1.0
2.12,0.003293631631212502,0.00310295367772505,0.0002041019359299827,1.0
2.121,0.0032664874032613794,0.003618818607539605,0.00020311891271798964,1.0
2.122,0.0032397247320189067,0.0033814286944465863,0.00020251107124385232,1.0
2.1229,0.0032328964316028536,0.003016441599782272,0.00020270056278635015,1.0
2.1239,0.0032301709870705656,0.0034183704964034036,0.00020375605946991833,1.0
2.1249,0.0032302145905028453,0.0028345659505907483,0.0002055109378109724,1.0
2.1258,0.0032343923367476285,0.003142906987366571,0.00020713614928172974,1.0
2.1268,0.0032403056510630778,0.0032979119456267706,0.00020724675864368426,1.0
2.1278,0.003247492508021396,0.002773217731751352,0.00020588555918451534,1.0
2.1287,0.0032550434435450293,0.0033620788701731784,0.0002046740647787522,1.0
2.1297,0.0032672702007944645,0.0032151048130812585,0.00020459541002109763,1.0
2.1307,0.003283218177048152,0.0031618829064382977,0.00020533500406065235,1.0
2.1316,0.0032982489141233856,0.003171167800874955,0.00020618026368923736,1.0
2.1326,0.003314500530880836,0.0035061549277637513,0.00020650105006243761,1.0
2.1336,0.0033314019914596556,0.003107776897913062,0.00020601706873003465,1.0
2.1346,0.003289435914406781,0.00319644229000208,0.00020524357744457482,1.0
2.1355,0.003254021752429162,0.0031486199873209026,0.00020472922231523847,1.0
2.1365,0.0032303703673760625,0.003476624226607196,0.00020443089073457818,1.0
2.1375,0.003221393412133248,0.003579031439207247,0.00020432877085181197,1.0
2.1384,0.003218573943257596,0.0032968888831627027,0.00020462258958847668,1.0
2.1394,0.003218564926355893,0.0033161046779137285,0.00020533291235320957,1.0
2.1404,0.003219703795969556,0.0033224868006622,0.00020624069553255058,1.0
2.1414,0.0032216858742611164,0.0029761664380391867,0.0002068415458537632,1.0
2.1423,0.0032246032705632514,0.0033898399652018798,0.00020665357798683876,1.0
2.1433,0.0032269942409367497,0.0036711838622929234,0.00020577097029816983,1.0
2.1443,0.003225855371323113,0.0033173126598351594,0.0002050030843232985,1.0
2.1452,0.0032248302800518664,0.0032227701302034984,0.00020491991341331883,1.0
2.1462,0.0032236914104383997,0.0028620703971763035,0.00020523561768544832,1.0
2.1472,0.0032230000000000513,0.0033725709652686845,0.00020558182902522172,1.0
2.1481,0.0032229999999999607,0.0030010542448610875,0.00020605219508800768,1.0
2.1491,0.0032230000000000483,0.0033810324391520684,0.00020676557990609423,1.0
2.1501,0.003222999999999963,0.0033784126033181297,0.00020748664826458182,1.0
2.1511,0.0032229999999999685,0.0029810870304880915,0.00020792960630635908,1.0
2.152,0.0032229999999999815,0.0035090108106209414,0.00020801196868124426,1.0
2.153,0.0032263083121747767,0.003071088941872802,0.00020771221577649648,1.0
2.154,0.003233522039808866,0.003233069377460973,0.0002072096284653956,1.0
2.1549,0.0032423688087202564,0.003358177359341746,0.00020693792277230938,1.0
2.1559,0.0032559590220528544,0.0031866561029327972,0.00020703564939395313,1.0
2.1569,0.0032704239402196853,0.0036188777689336745,0.00020729408836512507,1.0
2.1578,0.0032806582851474335,0.003072235241516961,0.00020756525894113044,1.0
2.1588,0.0032915590740716914,0.0031916250996746514,0.00020787386906893993,1.0
2.1598,0.0033021554371132243,0.00310269120801592,0.00020809015545883737,1.0
2.1608,0.003312405263635817,0.0031213550548212835,0.00020794885920893383,1.0
2.1617,0.003313000000000045,0.003614690049587208,0.00020755922767519202,1.0
2.1627,0.003294452158169665,0.0028629440781346824,0.0002073935979344799,1.0
2.1637,0.003276461780869665,0.0031159571034534935,0.0002076738675457508,1.0
2.1646,0.0032623929900079335,0.0035985857014222003,0.00020803750267804418,1.0
2.1656,0.00325499999999998,0.0031749282448238626,0.00020815962320302662,1.0
2.1666,0.0032512290175835566,0.003298452156926772,0.0002083104654053277,1.0
2.1675,0.003248563161630814,0.003363974411585676,0.0002087645202187335,1.0
2.1685,0.0032525076685319754,0.003508973280303775,0.00020943141523379106,1.0
2.1695,0.0032582033743369754,0.003170600868960667,0.00021010841915296337,1.0
2.1705,0.0032658568113669603,0.0033616200210269094,0.0002105885096584852,1.0
2.1714,0.0032609582782301074,0.0032825893656283213,0.00021068754490432366,1.0
2.1724,0.0032508532631519635,0.0032355434679951357,0.00021046761733997755,1.0
2.1734,0.003242031347809126,0.0034037096627504556,0.00021027372340148904,1.0
2.1743,0.003235468363507759,0.003233412397601058,0.00021040008136205524,1.0
2.1753,0.0032306644092637213,0.0028803593193307457,0.00021103695170781922,1.0
2.1763,0.0032295843380730073,0.003711988929090116,0.0002122091877830253,1.0
2.1772,0.0032299999999998974,0.003074614516899014,0.0002137002976594645,1.0
2.1782,0.00323074716000572,0.0030887541630556245,0.00021499214715736055,1.0
2.1792,0.0032318860296193957,0.0032680159129194115,0.00021539667180400164,1.0
2.1801,0.0032329111208904693,0.003447481726528594,0.00021464606536891474,1.0
2.1811,0.003232999999999985,0.003034123758761574,0.00021333912453343017,1.0
2.1821,0.0032328110835018937,0.0031264043061166582,0.00021237969570059588,1.0
2.1831,0.003232000000000049,0.003306830661960254,0.0002120942550793095,1.0
2.184,0.0032320000000000235,0.003353459301955303,0.00021211271933416881,1.0
2.185,0.003232981646422594,0.0031406032971038372,0.0002121020462869298,1.0
2.186,0.00323588989311685,0.0032216335450230694,0.00021197503851912104,1.0
2.1869,0.003239619136384578,0.0032004354321659902,0.0002117863238041332,1.0
2.1879,0.003244172088171681,0.003201589513292257,0.0002117247619550801,1.0
2.1889,0.003249658279592628,0.003041642757195653,0.00021189090535042005,1.0
2.1899,0.0032567757808538524,0.0033730181276734657,0.00021219277236244518,1.0
2.1908,0.0032680517848369733,0.003333248164408507,0.00021244920235765328,1.0
2.1918,0.0032810518535361737,0.003215632916749847,0.00021256413852300434,1.0
2.1928,0.0032954784302174143,0.0032107699330231995,0.00021259226440077786,1.0
2.1937,0.00330816853866054,0.0031302219147872753,0.0002125743329024338,1.0
2.1947,0.0033170728990210892,0.003503833054591146,0.00021251322634129708,1.0
2.1957,0.0033152987235032035,0.0033122238705349002,0.00021248201033995947,1.0
2.1966,0.003310497948022989,0.0035599420564641033,0.00021255612936958734,1.0
2.1976,0.0033048083740165298,0.0032948466896002113,0.0002127260152016378,1.0
2.1986,0.003300090871128682,0.0035171682714679716,0.00021295092045217317,1.0
2.1996,0.003297277670145614,0.0037164568207507017,0.00021328633877235737,1.0
2.2005,0.0033086949172312164,0.003551715090718008,0.00021382621214404175,1.0
2.2015,0.003322081239878454,0.003268530599900427,0.0002145042338762886,1.0
2.2025,0.0033346065460135325,0.0029999395230343538,0.00021485099046486772,1.0
2.2034,0.003346315215786356,0.0031280522846555085,0.0002148308924189717,1.0
2.2044,0.0033518358483804285,0.0031872266455314274,0.00021513419323522032,1.0
2.2054,0.0033401858186482294,0.0039040073612105425,0.0002160579479036622,1.0
2.2063,0.003325555486275063,0.0030290451619344877,0.0002169969320324212,1.0
2.2073,0.0033096113116843477,0.0034450116471597876,0.00021753086867091893,1.0
2.2083,0.0032936792807611603,0.0035169107221641118,0.0002178803641021852,1.0
2.2092,0.0032797613587953996,0.0035144900755685014,0.00021781040552584625,1.0
2.2102,0.0032740656529906854,0.0035942266071094216,0.00021702949463316064,1.0
2.2112,0.003268697043937972,0.0029967049164315294,0.0002161761713363474,1.0
2.2122,0.0032636795996794543,0.0032934176026842275,0.00021571293035148567,1.0
2.2131,0.0032590457562074707,0.003479721584176135,0.00021542786044843984,1.0
2.2141,0.0032576274305617563,0.003166103397524263,0.0002151307673175949,1.0
2.2151,0.0032656657172270244,0.0033612704610657992,0.00021487099621587518,1.0
2.216,0.0032767082929328582,0.003033299635571649,0.0002148023358530657,1.0
2.217,0.0032901663912902244,0.0034176649796117554,0.000215001496836391,1.0
2.218,0.0033027508959584772,0.003294756960585761,0.00021534637537903636,1.0
2.219,0.003311962977850486,0.003894585663213177,0.00021571209313670918,1.0
2.2199,0.0033059099826160936,0.0033159142317899515,0.0002161495064878367,1.0
2.2209,0.0032956577121674613,0.003035010899257833,0.0002166588541815673,1.0
2.2219,0.0032854078856449755,0.003053104177117797,0.00021708389256024787,1.0
2.2228,0.003277256979724233,0.002942041825048025,0.00021736908018284701,1.0
2.2238,0.0032746730568610667,0.0029741734661066638,0.00021753513784986665,1.0
2.2248,0.003272563405934273,0.0030642978608793774,0.00021767471081444013,1.0
2.2257,0.0032745110532373775,0.0034568222176656906,0.0002180790014926807,1.0
2.2267,0.003277928476720349,0.003264162261389647,0.00021869170231174535,1.0
2.2277,0.003282455558272975,0.003502948379051709,0.00021913658009152132,1.0
2.2286,0.00328488815328471,0.003121659622712361,0.0002192581419871048,1.0
2.2296,0.0032735543927517358,0.0031645949610850026,0.00021917739781069804,1.0
2.2306,0.003256996100632149,0.00299960827740465,0.00021906776145231728,1.0
2.2316,0.003244997248951479,0.0027296979430818107,0.00021905910533739665,1.0
2.2325,0.003237518250553228,0.0033861451765892767,0.00021925830604852396,1.0
2.2335,0.003231406584198775,0.0033097592151375295,0.00021963626144709512,1.0
2.2345,0.0032325726583217395,0.002922605930004538,0.00022002413543346547,1.0
2.2354,0.003236530576180184,0.0033097556266436655,0.00022034880782752648,1.0
2.2364,0.0032431721092693244,0.0031095301439654456,0.00022058226396674943,1.0
2.2374,0.003252765192546072,0.003047600285399961,0.00022069142267751963,1.0
2.2384,0.00326468546932977,0.0031321144930649175,0.00022071353171811841,1.0
2.2393,0.003268735662734068,0.0030624289389312837,0.00022058192550610998,1.0
2.2403,0.003261225921804728,0.0032527423699085125,0.0002202876670716139,1.0
2.2413,0.0032543910748388176,0.003429313905029861,0.00022002631628536447,1.0
2.2422,0.0032494976210871254,0.003622748307997393,0.00021995139963570227,1.0
2.2432,0.0032449427621621006,0.003132231374596323,0.00022007999773570697,1.0
2.2442,0.003245806358146153,0.00308758891755396,0.00022037121546764177,1.0
2.2451,0.0032543544330988433,0.003103956416703772,0.00022070967340705479,1.0
2.2461,0.0032668056794951813,0.0031837948647217783,0.00022095750015585679,1.0
2.2471,0.003281090696627731,0.002994308439456774,0.00022110471537270876,1.0
2.2481,0.003298504188485357,0.0037118902261890165,0.00022118294057778466,1.0
2.249,0.0033119528244124046,0.0031348365711113655,0.00022123509867322225,1.0
2.25,0.0033200478359908577,0.003328308418613874,0.00022137667913608723,1.0
2.251,0.003326881053672518,0.0029470557896409525,0.00022150946774554295,1.0
2.2519,0.003332359667749687,0.0031199259053285486,0.00022157375889614585,1.0
2.2529,0.0033388592844887663,0.0036059617907952275,0.00022168858545765124,1.0
2.2539,0.003345692832234221,0.0032557241786403466,0.00022189913122941688,1.0
2.2548,0.0033479477932871634,0.003360547617854741,0.00022205737672208946,1.0
2.2558,0.003349225532514365,0.003204330213725567,0.0002221337810441092,1.0
2.2568,0.003351503271741537,0.003077183382915927,0.00022233439846403415,1.0
2.2578,0.003353780664923541,0.00319857574005161,0.00022270978688026909,1.0
2.2587,0.003354999999999953,0.0035104503005361524,0.00022310022676457338,1.0
2.2597,0.0033489104113914713,0.0030558690297080612,0.00022353007306547318,1.0
2.2607,0.0033363828456417902,0.003241929776683236,0.00022428547306253648,1.0
2.2616,0.003325106841658698,0.003196701763375316,0.00022551577537244168,1.0
2.2626,0.0033125899934561454,0.0030612636678061297,0.00022667470560328395,1.0
2.2636,0.0033010556832837436,0.0033289558530151327,0.00022714329098052797,1.0
2.2645,0.0033003080223273362,0.0033876648273950196,0.0002273004943845559,1.0
2.2655,0.0033185342809029204,0.0030732255854717936,0.00022750911983407596,1.0
2.2665,0.0033370534568908914,0.003574100723485413,0.00022746483884576268,1.0
2.2675,0.003356841441079635,0.003329724142600849,0.00022707766844540995,1.0
2.2684,0.0033748214297456944,0.003650765052398538,0.00022664485047463057,1.0
2.2694,0.0033857968611489867,0.003547156104065721,0.00022635576611767106,1.0
2.2704,0.003378880956350016,0.0031370773781985513,0.00022620076886435602,1.0
2.2713,0.003366841766218457,0.0032767903762232786,0.00022611708552153196,1.0
2.2723,0.00335407738661722,0.003496985125028084,0.0002260214195771759,1.0
2.2733,0.00334056234934131,0.0034156931572463306,0.000225920028000745,1.0
2.2742,0.0033296756115264005,0.0034754693271110823,0.0002258581131958653,1.0
2.2752,0.0033250000000001017,0.003244961403988247,0.0002259216984747204,1.0
2.2762,0.003325000000000046,0.003238325809156563,0.00022616124298598423,1.0
2.2771,0.003324999999999935,0.003200333020091831,0.00022662067816137625,1.0
2.2781,0.0033244942895981184,0.0032921145100128367,0.00022741863069802718,1.0
2.2791,0.003324000000000045,0.003407349139767055,0.00022861635869551384,1.0
2.2801,0.0033318372117652913,0.003168066115286121,0.00022991514445018564,1.0
2.281,0.003346128113505607,0.0032420191742851866,0.0002308109104103114,1.0
2.282,0.0033622675488586408,0.003584228449207967,0.00023111487342590816,1.0
2.283,0.003379281190841686,0.0033665451138636835,0.0002308410626187227,1.0
2.2839,0.0033945470559157815,0.0035845587706589497,0.00023014128238765246,1.0
2.2849,0.003407249373607641,0.0031378414275317888,0.0002294138360121279,1.0
2.2859,0.00340644594092581,0.0033194368699975313,0.00022896311644685584,1.0
2.2869,0.0034018904624713597,0.003350656064309772,0.0002288212252845688,1.0
2.2878,0.0033983444586222706,0.003643597157997773,0.00022890596976554996,1.0
2.2888,0.0033942391747407295,0.0036058975632726645,0.0002293267114742175,1.0
2.2898,0.0033896836962863195,0.0034058305265439077,0.00023057830087608408,1.0
2.2907,0.003383020829602723,0.003371355097639363,0.00023346042527203255,1.0
2.2917,0.003374055705494139,0.00325294476144545,0.0002385791248406363,1.0
2.2927,0.0033649516878236896,0.0031710690870982,0.00024556381487276136,1.0
2.2936,0.003356750957654023,0.003280523475546999,0.0002521676547178994,1.0
2.2946,0.003347640000745221,0.0034655549328044904,0.000255185614705431,1.0
2.2956,0.003350243520888813,0.003357579853004705,0.0002542537109574535,1.0
2.2966,0.0033753252670355566,0.003385406002634138,0.00025150748609461816,1.0
2.2975,0.003400928756991535,0.0029942828821934715,0.0002477177468558647,1.0
2.2985,0.0034293958153517605,0.002913530240809244,0.00024395568599544577,1.0
2.2995,0.003458742257919615,0.0032881784826723336,0.00024270364773012917,1.0
2.3004,0.003484494837472018,0.003396596802659837,0.00024414065123870923,1.0
2.3014,0.0034731107484126385,0.0032798496388313763,0.0002454318943578304,1.0
2.3024,0.0034470927561477483,0.0035322227264125297,0.00024529554277234836,1.0
2.3033,0.0034245673290071972,0.003258098437067831,0.0002451316321561941,1.0
2.3043,0.003399506223465837,0.0029152145670286057,0.00024542121611066713,1.0
2.3053,0.0033744510919663418,0.003122225685557163,0.00024456954422416983,1.0
2.3062,0.0033554311936362558,0.003384844204035611,0.00024159408777962762,1.0
2.3072,0.0033390018545938057,0.0034626379047258985,0.00023817212395942861,1.0
2.3082,0.0033230633768762926,0.0038801530487306266,0.00023624265138323083,1.0
2.3092,0.0033080357291496955,0.003444524474992324,0.0002360319536711225,1.0
2.3101,0.0032937641228260256,0.0031461622784674675,0.00023657414717396876,1.0
2.3111,0.0032809271835292086,0.0030452774780375187,0.0002369314762012801,1.0
2.3121,0.003295903913235385,0.0034300807805282964,0.00023723933340233459,1.0
2.313,0.003318436449576528,0.0035315405548548063,0.00023799447368526636,1.0
2.314,0.0033434915810759826,0.003026692620655715,0.00023907908328060903,1.0
2.315,0.0033685526866175596,0.003666132435486108,0.0002403718536563255,1.0
2.316,0.0033942718098495463,0.0035896638091951704,0.00024135455502711007,1.0
2.3169,0.0034054454150189892,0.0036383328515591632,0.00024090331640269524,1.0
2.3179,0.00340286494654125,0.0033660996137238205,0.00023937493662018973,1.0
2.3189,0.003397170225868963,0.003262529093964582,0.00023821230133000963,1.0
2.3198,0.0033920461272497655,0.003540934656297324,0.0002382853080404769,1.0
2.3208,0.003386350421444939,0.0035422005302129674,0.00023946089801090786,1.0
2.3218,0.00338011850272752,0.003275325881364154,0.00024153347394072382,1.0
2.3227,0.0033726516618782926,0.0037647942264573916,0.00024422692976210704,1.0
2.3237,0.003363115534684487,0.0031268593732558963,0.0002460891235099168,1.0
2.3247,0.0033528632642360625,0.003352638860405314,0.0002465327106329874,1.0
2.3256,0.0033442354548634833,0.0036923256115665957,0.00024668172684587207,1.0
2.3266,0.003334387616272474,0.00335532555848339,0.00024719896492555267,1.0
2.3276,0.003327637074580166,0.0029387300766513663,0.0002482338058069612,1.0
2.3286,0.0033270113095780506,0.0033530340193833434,0.0002491882224978693,1.0
2.3295,0.0033280364008492994,0.002931019191986239,0.0002490674211460395,1.0
2.3305,0.0033291752704629257,0.0033706490529662,0.0002480796465850955,1.0
2.3315,0.0033322008813673493,0.0031576138014104437,0.0002473567039493971,1.0
2.3324,0.0033468343830651004,0.0034354679463646713,0.0002478919869812796,1.0
2.3334,0.003366477233556708,0.003126340527253234,0.0002497893521675116,1.0
2.3344,0.003383634785593451,0.0032717496597814933,0.0002516867613273283,1.0
2.3354,0.0034166573299329486,0.0033668445751513093,0.00025162021536779037,1.0
2.3363,0.0034474019216480375,0.0032241977032137895,0.00024973614637225754,1.0
2.3373,0.0034824953616930158,0.003617302810678904,0.00024815579712770744,1.0
2.3383,0.0035146335389435535,0.0036934821925555883,0.0002476369077247637,1.0
2.3392,0.003489703239840642,0.0034935307254893118,0.00024691825250065753,1.0
2.3402,0.003457814890659367,0.0036445386346259877,0.0002456853957526343,1.0
2.3412,0.0034259189381523054,0.0033569220154014124,0.0002452808474196221,1.0
2.3421,0.0033976206650977517,0.003403938462037182,0.00024608068125284415,1.0
2.3431,0.003367405643749656,0.0031382519572276516,0.00024707973272562685,1.0
2.3441,0.003359632106285401,0.003430195919787373,0.00024756875241432804,1.0
2.3451,0.003380413778908859,0.0034977156695719567,0.00024756880677099266,1.0
2.346,0.003403165187792462,0.003306606761893504,0.0002472789242489365,1.0
2.347,0.003430149439227293,0.0038679005260560907,0.00024700073759679857,1.0
2.348,0.0034563589300620175,0.0036543602968345675,0.0002471549909230085,1.0
2.3489,0.0034778935741347243,0.003736031915495014,0.00024802307328881707,1.0
2.3499,0.0034794691079559716,0.003042628458667192,0.00024941143801477327,1.0
2.3509,0.0034601083245245053,0.0030094795764283914,0.00025154279600162323,1.0
2.3518,0.003442681772914223,0.003537826968232136,0.00025571565706838587,1.0
2.3528,0.003423332000871281,0.0034930579812130825,0.00026181647572537815,1.0
2.3538,0.0034046823077016177,0.0037441991811335944,0.0002668217122511753,1.0
2.3548,0.0033881528446483952,0.0035680297933321893,0.00026836495974568505,1.0
2.3557,0.0033886139499603577,0.003259869002152382,0.0002672225657078333,1.0
2.3567,0.0033930305240357185,0.003277955803255923,0.00026564229041748115,1.0
2.3577,0.003396444565427515,0.00358811372473915,0.00026481659235589753,1.0
2.3586,0.0033995190245991263,0.0030585222297511887,0.0002630492007462242,1.0
2.3596,0.0034032485974426325,0.0028574155141681923,0.0002588701564386869,1.0
2.3606,0.0033996857343599565,0.003188521778675053,0.0002542255655454526,1.0
2.3615,0.003383430015581187,0.003094356485409302,0.0002512536566543975,1.0
2.3625,0.003362942955980792,0.0032453171855838193,0.0002501772954024645,1.0
2.3635,0.003342446322777638,0.0029006360511033575,0.0002508774945570969,1.0
2.3645,0.003321946669732889,0.0033482477298697284,0.0002532278077690363,1.0
2.3654,0.00330349502685135,0.0033973975068264848,0.0002559384366148849,1.0
2.3664,0.0032976139382295227,0.003260860985575412,0.00025761528566165556,1.0
2.3674,0.0033099446069849926,0.003272453540579063,0.00025820233461738536,1.0
2.3683,0.0033204049794886372,0.003348779180808098,0.0002588950796514389,1.0
2.3693,0.0033329325452383643,0.0034529296953891733,0.00026079885154993285,1.0
2.3703,0.003345463098009017,0.003380255736029596,0.0002641044985198077,1.0
2.3712,0.003356217365447329,0.00357355895410514,0.00026861834049447217,1.0
2.3722,0.003357036363049883,0.0031526652614188187,0.0002736797008227939,1.0
2.3732,0.003350208602540757,0.0035827774021099904,0.00027739699750766096,1.0
2.3741,0.00334405943145404,0.003321425200547004,0.000278123526825303,1.0
2.3751,0.0033372262137724776,0.0032271951925022364,0.0002752885235254095,1.0
2.3761,0.0033303913668066066,0.002797103744373003,0.0002702641830688059,1.0
2.3771,0.0033247599649093872,0.003687228254981129,0.0002650881042322642,1.0
2.378,0.0033245285215965457,0.0031567288056006592,0.0002606434772908281,1.0
2.379,0.0033268062608236637,0.003720384300942882,0.00025744206046954444,1.0
2.38,0.003329626814718398,0.003324774621072576,0.00025592316432925395,1.0
2.3809,0.0033321341825932388,0.0030243826209299975,0.00025654111980735614,1.0
2.3819,0.0033351186973727435,0.0032163612993707552,0.00025954152948002847,1.0
2.3829,0.0033359999999999753,0.0033716816249003034,0.0002636633183849472,1.0
2.3839,0.0033261716726734007,0.003572210525438672,0.0002667265087613813,1.0
2.3848,0.003316920759961428,0.0029662924278297262,0.0002678485331703003,1.0
2.3858,0.0033056788574427564,0.003774304013868971,0.00026725827359629095,1.0
2.3868,0.0032951406522155713,0.002933445106006245,0.00026591632361373774,1.0
2.3877,0.0032852039501202663,0.002990346175063869,0.0002649683349075393,1.0
2.3887,0.003281243783555446,0.003039760356943668,0.00026429497386153356,1.0
2.3897,0.003290463889571654,0.003244993223510394,0.00026380966364041134,1.0
2.3906,0.003301739893554897,0.003462336844575166,0.0002637057054493346,1.0
2.3916,0.00331426745930463,0.003084927772926048,0.00026364090357694345,1.0
2.3926,0.00332767658033154,0.003577336061414007,0.0002627831731260657,1.0
2.3936,0.0033402561312872382,0.003381254432844982,0.0002616292613548756,1.0
2.3945,0.0033488928993937847,0.003315257405623545,0.00026145125914500016,1.0
2.3955,0.003346807580083166,0.0033215403380559504,0.00026209549721784405,1.0
2.3965,0.0033453368778445063,0.0031805295562363795,0.0002629757492297561,1.0
2.3974,0.003343644024637397,0.0031203366587280144,0.0002639256254914217,1.0
2.3984,0.0033420112339793244,0.0027412399741145706,0.0002642525324708428,1.0
2.3994,0.003340366747376037,0.0032026677435062533,0.00026377604458468573,1.0
2.4003,0.003338683312209597,0.003063010468042454,0.00026337176681276984,1.0
2.4013,0.003336405572982407,0.003195640509315897,0.0002638796363892777,1.0
2.4023,0.0033341278337552134,0.0033354712139844716,0.0002655130854418123,1.0
2.4032,0.003332079838185248,0.0034868741195441836,0.0002677577813903016,1.0
2.4042,0.00332990082339763,0.0036607548599663304,0.00026929292786590875,1.0
2.4052,0.003328523907567932,0.0032451577103246635,0.0002690107486074372,1.0
2.4062,0.003326999999999929,0.003428334997960095,0.0002681153563183567,1.0
2.4071,0.0033269999999999177,0.0035794731188867786,0.00026825648037927046,1.0
2.4081,0.0033264602622377556,0.0034157746629106824,0.0002690211239587683,1.0
2.4091,0.003326000000000095,0.00285608253596333,0.00026939243234142104,1.0
2.41,0.0033260000000000464,0.003237341334964953,0.0002698523273316824,1.0
2.411,0.003326000000000036,0.003208155151111341,0.00027133679076514743,1.0
2.412,0.003327963418843269,0.003043281273554823,0.0002753837792235658,1.0
2.413,0.0033324788465217575,0.0030518001354505877,0.00028178178009855513,1.0
2.4139,0.003336722656771466,0.003635837000149332,0.0002867478792153791,1.0
2.4149,0.003342134690061018,0.003219741888165627,0.00028683886266807395,1.0
2.4159,0.003346690168515533,0.0033557725694571897,0.00028365484199860223,1.0
2.4168,0.0033512381670002334,0.0035019613261005255,0.000280376759486312,1.0
2.4178,0.0033481416422525587,0.003224235789534718,0.000278030111317907,1.0
2.4188,0.0033345814321078747,0.0035970620533321077,0.0002767200927191945,1.0
2.4197,0.0033212587756980233,0.00345122807277666,0.00027657634590031,1.0
2.4207,0.003306449940605435,0.0031115238707401906,0.0002772219579230859,1.0
2.4217,0.003292672344533196,0.0035377680044771354,0.0002777826605650422,1.0
2.4226,0.0032806409837205764,0.003240757280364963,0.0002775006404573445,1.0
2.4236,0.0032787539413382636,0.0033425097252338795,0.00027634053459179057,1.0
2.4246,0.0033075547089457267,0.003286014163858633,0.0002754426326438537,1.0
2.4256,0.0033371723791308762,0.0035209155164291745,0.00027607634519128966,1.0
2.4265,0.0033643180118813074,0.0032163634820371666,0.00027766461877092735,1.0
2.4275,0.003395048074507404,0.003575121991841405,0.0002786104191985778,1.0
2.4285,0.0034257862193078316,0.003336388462332598,0.0002783624928627095,1.0
2.4294,0.0034391545612100067,0.003486568845387766,0.0002775700246148206,1.0
2.4304,0.003426058866253309,0.0031575935639775133,0.00027694854850004476,1.0
2.4314,0.0034088326076777424,0.0033945385597554238,0.00027666229374675235,1.0
2.4324,0.0033908261403679716,0.003406643653368404,0.00027689119415452013,1.0
2.4333,0.0033754632407082485,0.003995058710079734,0.0002777165379961933,1.0
2.4343,0.0033583801965039813,0.003783495745034869,0.00027883551002433956,1.0
2.4353,0.0033469448210906123,0.003390336139066017,0.0002789389533786086,1.0
2.4362,0.003345000000000038,0.0033700465156095345,0.00027833720078352,1.0
2.4372,0.003345000000000048,0.0035098392932146243,0.0002784440452754332,1.0
2.4382,0.0033450000000000398,0.0034801459380040625,0.0002796422831364501,1.0
2.4391,0.003345000000000053,0.003120816091386004,0.00028122449394250826,1.0
2.4401,0.0033450000000001174,0.003042939082357389,0.0002825316304551993,1.0
2.4411,0.003344881683227981,0.003326865425072851,0.0002841295528501327,1.0
2.4421,0.0033439999999999802,0.002592701983543338,0.0002862591967315474,1.0
2.443,0.0033437185897479413,0.00301533992227908,0.00028781719574729543,1.0
2.444,0.003343420279865639,0.0030905277819662513,0.0002886085402385565,1.0
2.445,0.0033456774484378424,0.0032684102774977906,0.0002898197528822782,1.0
2.4459,0.0033534266482551575,0.003503679534808,0.0002926050333862292,1.0
2.4469,0.0033659542140047336,0.002791877436577894,0.0002954379985008549,1.0
2.4479,0.00334402315320741,0.0036457176583024214,0.00029507461652549937,1.0
2.4488,0.0033284793500270556,0.0030544533242402674,0.0002922649237724254,1.0
2.4498,0.0033178244857962483,0.003552710752689918,0.00029040130452580776,1.0
2.4508,0.0033098523985008827,0.0035682505511458796,0.0002910356708851405,1.0
2.4518,0.003302181494606444,0.003283100936205153,0.00029429140911556664,1.0
2.4527,0.0032986550618280784,0.003285995840921759,0.00029904937530139593,1.0
2.4537,0.0033107158417929146,0.00341971975833367,0.0003019245224128708,1.0
2.4547,0.003336909842906047,0.003480683013067761,0.0003004744191941922,1.0
2.4556,0.0033604869421435977,0.0037707900598986793,0.0002969268018526913,1.0
2.4566,0.003387449679919889,0.0029577408744703025,0.00029547302139258555,1.0
2.4576,0.003414764279310271,0.0028240411492834448,0.0002954635450331365,1.0
2.4585,0.0034393574063034124,0.0035411351487483382,0.0002941927637824704,1.0
2.4595,0.003446939503645788,0.0036733194839449045,0.0002925027028333518,1.0
2.4605,0.003429856459441791,0.0036233575307579834,0.00029239162664678495,1.0
2.4615,0.0034127734152374894,0.0034191527113154835,0.00029295900080293164,1.0
2.4624,0.0033974034204059334,0.0029629272036135654,0.0002930165267732091,1.0
2.4634,0.003380842347164667,0.0037931717343151873,0.00029379549672088856,1.0
2.4644,0.0033642439688332517,0.0033952241990629433,0.0002954225623862713,1.0
2.4653,0.0033508940798122992,0.0035239548556023964,0.0002960656940483907,1.0
2.4663,0.003338856370374056,0.0033003569481280873,0.0002953721331137659,1.0
2.4673,0.003327467674237976,0.0035281197635518738,0.00029459983061177434,1.0
2.4682,0.0033172278914902023,0.00270715547035033,0.00029477233062111404,1.0
2.4692,0.003305955509420296,0.004064967809672166,0.00029619374977323204,1.0
2.4702,0.0032954480433018472,0.0034228310726042454,0.00029857315884899695,1.0
2.4711,0.0032863182783539452,0.00322291547004955,0.00030073239336347716,1.0
2.4721,0.0032807439609046423,0.0032038609651988386,0.00030110942995799215,1.0
2.4731,0.003277886225567945,0.0029752981982008684,0.000299281251961463,1.0
2.4741,0.0032756079432459465,0.0035092798682119365,0.00029668757188374177,1.0
2.475,0.0032742791518991406,0.003295147845801393,0.00029453947902052455,1.0
2.476,0.0032782999463092113,0.003572065383428147,0.00029281880066195343,1.0
2.477,0.0032919851653808777,0.0034517372753883383,0.00029261974303991636,1.0
2.4779,0.003291749076860528,0.0032797266221998257,0.000294758575345793,1.0
2.4789,0.003279544872727075,0.0033063620513805476,0.00029861207712250637,1.0
2.4799,0.0032698961470481037,0.0030014528529197005,0.00030214826697140746,1.0
2.4809,0.003262361850503875,0.003564351039125413,0.00030403575584577987,1.0
2.4818,0.003256676085730598,0.003803279966682047,0.00030446435713808875,1.0
2.4828,0.0032521911028448275,0.0036012486436228486,0.00030503470391335066,1.0
2.4838,0.0032547069156447393,0.003332130479603607,0.00030770109193019893,1.0
2.4847,0.0032674971160020767,0.0033109928959875927,0.00031353471861626596,1.0
2.4857,0.0032845801602061483,0.0030095598995761295,0.00032160617640532546,1.0
2.4867,0.0033037553876197703,0.0033289334553247953,0.0003292783183297629,1.0
2.4876,0.003321163437393583,0.003433897796457789,0.00033413082395217496,1.0
2.4886,0.003340524220825063,0.0034482270583484267,0.0003358340645654383,1.0
2.4896,0.0033539999999999625,0.003649251632986939,0.0003361506819009763,1.0
2.4906,0.0033486615032986013,0.0035098048928680313,0.0003365591333113531,1.0
2.4915,0.003337388486336538,0.002903620377068575,0.0003365891723747632,1.0
2.4925,0.003324217518672963,0.0033543553586746983,0.0003355558579658962,1.0
2.4935,0.003311342896289788,0.0031966075757858693,0.000333892535815987,1.0
2.4944,0.003300066892306701,0.0031214150136235283,0.00033235145710742715,1.0
2.4954,0.0032875393265569632,0.0035934384892934807,0.0003319509199534448,1.0
2.4964,0.003278639554104101,0.00265934549905417,0.00033310547262478104,1.0
2.4973,0.0032745407982175925,0.0031504053849729877,0.0003342781777304777,1.0
2.4983,0.003269988266373672,0.003289104741542152,0.00033453378295412577,1.0
2.4993,0.003265432787919124,0.0027157437858174485,0.0003352664724704179,1.0
2.5002,0.0032613324228343535,0.003948684585939603,0.0003357969776098504,1.0
2.5012,0.003257332708284845,0.002926139067186393,0.0003347708611271656,1.0
2.5022,0.0032546107329626634,0.002990564023220434,0.000332710930271665,1.0
2.5032,0.003252334347739111,0.003634456452171762,0.0003312954435134783,1.0
2.5041,0.0032502845460027395,0.0029557848575120344,0.0003312272077155196,1.0
2.5051,0.0032480068067755954,0.0033366534134793187,0.00033265723995947973,1.0
2.5061,0.003246729067548257,0.0035303546732348705,0.00033466069967444986,1.0
2.507,0.003244839625162223,0.0033715706120987362,0.0003360066376952874,1.0
2.508,0.0032434034236829847,0.00328832356847823,0.00033666165795248853,1.0
2.509,0.0032415625706804993,0.003215330772934534,0.0003372370727059944,1.0
2.51,0.00324042370106683,0.003067496304616955,0.0003386496376185217,1.0
2.5109,0.0032393986097957565,0.002998675176010808,0.00034171489802604146,1.0
2.5119,0.0032390000000000587,0.0032254941941048925,0.00034550155114095596,1.0
2.5129,0.003239878400522773,0.003494214854910513,0.00034733535405641504,1.0
2.5138,0.0032409030817507015,0.0026398154097209384,0.0003467136547842625,1.0
2.5148,0.003242788885442459,0.0029859285479376073,0.0003459046195190242,1.0
2.5158,0.003237275629899435,0.003616999410926373,0.00034603185027175985,1.0
2.5167,0.0032337938162036745,0.003515339280700937,0.00034573658137063444,1.0
2.5177,0.0032330000000001004,0.0032208217040929263,0.0003441868900024713,1.0
2.5187,0.0032329999999999976,0.003166851774337409,0.0003428092449706665,1.0
2.5196,0.0032330000000001364,0.003490646812981026,0.0003416828993428942,1.0
2.5206,0.0032336470165035104,0.0035417583995232173,0.0003394327967611776,1.0
2.5216,0.003234000000000003,0.0032306130090065653,0.0003369618827225467,1.0
2.5226,0.003233999999999911,0.0026739233136658653,0.0003374429079183544,1.0
2.5235,0.0032340000000000034,0.003680312598072469,0.0003409726628873661,1.0
2.5245,0.0032350000000000434,0.002776803111117856,0.00034534787319638735,1.0
2.5255,0.003235000000000013,0.0036549995924124844,0.0003482977895085528,1.0
2.5264,0.0032352518100955147,0.0035492210678048576,0.00034943921883218284,1.0
2.5274,0.003236780470499729,0.0037345897388439742,0.0003497224723061635,1.0
2.5284,0.0032385284103705527,0.0036156414541032396,0.0003481521316773887,1.0
2.5294,0.0032403351030632654,0.002928855624356973,0.0003439019945006675,1.0
2.5303,0.0032423847425109937,0.0025303063362569693,0.0003390332554267159,1.0
2.5313,0.003244663024832848,0.0036556317598876583,0.00033559859968998647,1.0
2.5323,0.0032479111460901027,0.0037012137498570108,0.0003343235560544329,1.0
2.5332,0.0032509830223839105,0.003567783722775631,0.0003343514870777703,1.0
2.5342,0.003250467184149356,0.003264394053799373,0.00033409104518804055,1.0
2.5352,0.003246727654876363,0.003247962963013498,0.00033364599654526995,1.0
2.5361,0.003247188659389849,0.0032894587562964784,0.0003336750491866754,1.0
2.5371,0.0032547939060631114,0.003359060785756556,0.00033352994549860866,1.0
2.5381,0.003270758623388272,0.00270941752786078,0.0003328383384541449,1.0
2.5391,0.0032958226570876025,0.0030477557670693383,0.00033242082372350205,1.0
2.54,0.003326615921750334,0.003704754911454911,0.0003327230402096177,1.0
2.541,0.003306063383445587,0.003482718393176111,0.0003337375238055675,1.0
2.542,0.0032716322273021086,0.003977945679332972,0.0003354658345333275,1.0
2.5429,0.0032484005902751354,0.0035089031069740176,0.00033732451696536636,1.0
2.5439,0.0032325693579044667,0.003154062264945974,0.0003375275442029903,1.0
2.5449,0.0032247292004977794,0.0033073438772221932,0.0003362994923205385,1.0
2.5458,0.0032213144177064717,0.0032866244253721313,0.0003354260915035027,1.0
2.5468,0.0032204816607604896,0.002719539464933673,0.0003370258773528803,1.0
2.5478,0.0032228602869860453,0.0031332418021988028,0.0003403430293939395,1.0
2.5488,0.0032277926629138724,0.0030526446938110643,0.0003420429599124411,1.0
2.5497,0.003234485366977692,0.0034252280546665055,0.00034069795174317206,1.0
2.5507,0.003244302441208182,0.003629535891151741,0.00033826796605678926,1.0
2.5517,0.003257800338623472,0.002930926497335239,0.00033708835448437565,1.0
2.5526,0.003270938469402275,0.003120044002588645,0.0003374876257838198,1.0
2.5536,0.0032816733696835205,0.003400717435655612,0.0003391563497929557,1.0
2.5546,0.003286906609398402,0.0033398709091904755,0.0003415764585549266,1.0
2.5555,0.00329666100935187,0.003009790670786361,0.00034218419757920814,1.0
2.5565,0.003313491167072725,0.0032511698101115928,0.0003403086546209119,1.0
2.5575,0.0033379695715790524,0.0032567266659529566,0.00033891187569939744,1.0
2.5585,0.003371733084224636,0.004034252620700667,0.000339655458811713,1.0
2.5594,0.003408682255668728,0.003464129426644212,0.00034289983825829413,1.0
2.5604,0.003420808718600979,0.002911177268567034,0.000347519771176791,1.0
2.5614,0.0034175720424781783,0.0031115982297489366,0.0003496669431690742,1.0
2.5623,0.0034134722784431217,0.003622434271988219,0.00034798252180774745,1.0
2.5633,0.003408920754747652,0.003832521714666398,0.00034525266698903084,1.0
2.5643,0.003404773142577892,0.003024625026014133,0.00034345061916708547,1.0
2.5652,0.00340126382501904,0.0034988983954457294,0.00034200845868804483,1.0
2.5662,0.0033921250396937767,0.003143835812428734,0.00034208576296196883,1.0
2.5672,0.003364222944880882,0.002577524658900385,0.00034409361435464925,1.0
2.5681,0.003335863065717458,0.0037718640473544045,0.0003461129717090222,1.0
2.5691,0.0033115079018976846,0.003633060003491217,0.000346009634311665,1.0
2.5701,0.003292807555074845,0.0035602897273063795,0.00034374979051267747,1.0
2.5711,0.0032773212275233722,0.0034670735834701322,0.0003415526508554088,1.0
2.572,0.003266402456967019,0.003460851524326265,0.00034092836795566355,1.0
2.573,0.00325931543761233,0.0034456336725066936,0.00034107666464160786,1.0
2.574,0.003261817228903848,0.0033641789196765274,0.00034095793462238385,1.0
2.5749,0.0032668763909829137,0.0035619783450062054,0.0003414213711071198,1.0
2.5759,0.0032737112379486776,0.0027839289561390384,0.0003435449394023297,1.0
2.5769,0.0032820592741738277,0.00320204632765681,0.0003456973369641018,1.0
2.5779,0.003290266814595224,0.0031517641749107188,0.00034552481221123826,1.0
2.5788,0.0032992820808392747,0.003415546937041539,0.00034307964461973296,1.0
2.5798,0.003300817983640394,0.003095703145477782,0.0003403712795005334,1.0
2.5808,0.0032784316443789196,0.003194516798103826,0.0003392948178193161,1.0
2.5817,0.003260650001247766,0.003499908590051724,0.000339163729366876,1.0
2.5827,0.003245020301185241,0.0034526507349493234,0.00033805802481660344,1.0
2.5837,0.003234500465323375,0.0037134873788895067,0.00033614733845610946,1.0
2.5846,0.0032283748760180107,0.003215683222239065,0.00033398210964407575,1.0
2.5856,0.0032246722111799945,0.003227807407647769,0.0003312525469590848,1.0
2.5866,0.003224000000000102,0.0030761509767589343,0.00032866002670883245,1.0
2.5876,0.0032268225008602654,0.0032571094948554624,0.0003287481582561606,1.0
2.5885,0.003230863430014407,0.00346264378427282,0.0003304173656039555,1.0
2.5895,0.0032390472711723143,0.0030584277165036605,0.00032948794609861335,1.0
2.5905,0.003251170287616645,0.0033601504000080294,0.00032499207454683124,1.0
2.5914,0.003265299008032701,0.0032854704466719485,0.00032052178432236285,1.0
2.5924,0.0032843325734838768,0.003593306102719819,0.0003191449336118729,1.0
2.5934,0.003292272200877739,0.0027197298992709465,0.00032124127345980986,1.0
2.5943,0.003287717395617361,0.0032218231261278087,0.0003244500924394697,1.0
2.5953,0.0032860000000000736,0.003459698160370075,0.0003258765768140489,1.0
2.5963,0.0032919387322601986,0.003511185454116707,0.00032617603997076543,1.0
2.5972,0.003305228742316986,0.003040089794915673,0.0003274095430735091,1.0
2.5982,0.003327333030283533,0.0028109340532307524,0.00032868930158940846,1.0
2.5992,0.003357503534164924,0.003530067225921804,0.00032820890112016294,1.0
2.6002,0.003352984963645082,0.0040613850150707335,0.00032720794743431914,1.0
2.6011,0.0033099989994544057,0.0037126806241484928,0.00032781628455456766,1.0
2.6021,0.0032733252862749856,0.0030642964631956175,0.00033039649789717813,1.0
2.6031,0.0032467674636492325,0.0029650804474862587,0.00033447010490707214,1.0
2.604,0.003232220948655949,0.003527171740057183,0.0003390984668848854,1.0
2.605,0.0032242242649574504,0.002939903925158095,0.0003434374563151523,1.0
2.606,0.003221211966755656,0.0028149088600375695,0.000347134912624837,1.0
2.607,0.0032210662401219144,0.002841969626228704,0.0003485463414238963,1.0
2.6079,0.0032231705156642383,0.0032087781980217568,0.0003456338501539316,1.0
2.6089,0.0032267839188629952,0.0023830526990610205,0.0003395862512970968,1.0
2.6099,0.003232009095976197,0.003231457803676474,0.0003346368298170173,1.0
2.6108,0.003238879524804472,0.0037041955684791687,0.0003324408228594792,1.0
2.6118,0.0032489881021417013,0.0031405026535393965,0.00033369513374996446,1.0
2.6128,0.003261006498039593,0.003413155760104926,0.0003380715342674055,1.0
2.6137,0.0032663232642936493,0.002724365822793447,0.00034215865266658523,1.0
2.6147,0.0032669999999999483,0.00331625038119259,0.0003427802057963956,1.0
2.6157,0.0032679396429215637,0.003318987674980976,0.00034076061048955036,1.0
2.6166,0.0032680000000001375,0.0029422922550839596,0.0003391820773713579,1.0
2.6176,0.0032681024648541297,0.0032914249684112044,0.0003400796022361851,1.0
2.6186,0.00326899999999995,0.003529448702096672,0.00034295216970374747,1.0
2.6196,0.0032693804756285427,0.003698964586779331,0.00034581923713032425,1.0
2.6205,0.0032712167006994667,0.003422011080262919,0.0003480696463722081,1.0
2.6215,0.00327517774605365,0.003733533650484133,0.000350039124077387,1.0
2.6225,0.0032824602300754267,0.003512864896502666,0.000351196286389244,1.0
2.6234,0.0032913653260144694,0.0035053763147586876,0.0003517306350118545,1.0
2.6244,0.003304999664775772,0.0035566142055342073,0.00035236962869009944,1.0
2.6254,0.0033217790383099897,0.0031463410662149515,0.0003521379825187251,1.0
2.6264,0.003343482776685354,0.003748515855905668,0.00035032798977230464,1.0
2.6273,0.00336114906033289,0.00341114756240053,0.0003486123660799915,1.0
2.6283,0.003362573921533932,0.0022327071648370607,0.00034849114491674953,1.0
2.6293,0.0033644261019278436,0.0031792192006860572,0.00035000232712307686,1.0
2.6302,0.0033659018433034858,0.0034144921582722728,0.0003514411341567815,1.0
2.6312,0.003367590062812695,0.002788898643613018,0.0003519951334773451,1.0
2.6322,0.0033687289324263394,0.0036433800112696813,0.0003523514490619717,1.0
2.6331,0.0033697531658774776,0.0030140433494191213,0.000353348430547561,1.0
2.6341,0.0033673247369232135,0.00349327754761946,0.0003543105230367073,1.0
2.6351,0.0033546018883569926,0.0032809030670696883,0.00035501363193107626,1.0
2.6361,0.0033399628183977507,0.003660718119744093,0.0003552965073282904,1.0
2.637,0.0033276643832991105,0.0031249795240984096,0.0003545922291627871,1.0
2.638,0.003313343781073759,0.002802852247524914,0.0003537222307889531,1.0
2.639,0.003297871063162868,0.00284172754201904,0.0003537729101849932,1.0
2.6399,0.0032850414245884675,0.0033874103607124846,0.00035438512978603606,1.0
2.6409,0.0032751874946123994,0.003362015025401922,0.00035438391413658923,1.0
2.6419,0.0032737745587255807,0.003363377208194877,0.00035306116604096337,1.0
2.6428,0.003276396220809308,0.0028871085521045914,0.00035090098597743253,1.0
2.6438,0.0032788747613162884,0.004021598641096355,0.00034944500163669874,1.0
2.6448,0.00328230500108738,0.0033866149503725216,0.0003496748269985102,1.0
2.6458,0.003286646174298236,0.0033183583687427334,0.0003507205344751809,1.0
2.6467,0.0032899608446265594,0.00306958433597388,0.00035095053727652144,1.0
2.6477,0.0032914843170200464,0.0031318257857577405,0.0003502481462436302,1.0
2.6487,0.003282277921272495,0.003197609075573424,0.0003497670693850134,1.0
2.6496,0.003270578257497732,0.002743515875575067,0.00035006271431756213,1.0
2.6506,0.003261232692953074,0.0034177730499469153,0.0003516935405736443,1.0
2.6516,0.0032549004326127987,0.003939790660444893,0.0003543152152830163,1.0
2.6525,0.0032506238263056587,0.002980632487000061,0.0003567468578470236,1.0
2.6535,0.0032470509791275174,0.003028643893458155,0.00035773816736422135,1.0
2.6545,0.0032450000000000343,0.003310367952400712,0.00035787793552581436,1.0
2.6555,0.0032457822385540585,0.00318669323163571,0.0003580030161119393,1.0
2.6564,0.0032494291872791716,0.0035042324051247687,0.0003586753438076697,1.0
2.6574,0.003255969567291343,0.0027053789354757854,0.00036036564350422844,1.0
2.6584,0.003265064383504524,0.0030678379111381735,0.0003627532969194016,1.0
2.6593,0.003276053606593765,0.002807078185817908,0.0003646031070309113,1.0
2.6603,0.003291173382283373,0.0030587090208832523,0.00036498785642569267,1.0
2.6613,0.0033114452557575125,0.0034110221458632977,0.0003639650438274341,1.0
2.6622,0.003320234417335349,0.0029580708922083716,0.0003625183151413422,1.0
2.6632,0.003302574574359494,0.0033615012598227924,0.00036191991737004656,1.0
2.6642,0.0032858224626858327,0.0036930847388043607,0.0003618488656211726,1.0
2.6651,0.0032732666527262653,0.0030976813448227295,0.0003613920232011794,1.0
2.6661,0.003264011217469109,0.0032326793948047805,0.00036083639362079564,1.0
2.6671,0.0032581208068360487,0.003047863087856322,0.0003600132039987374,1.0
2.6681,0.003254174993267252,0.002931165592357473,0.00035871277810589733,1.0
2.669,0.0032536331553013435,0.003459984558068681,0.0003582602573300718,1.0
2.67,0.003256316889386972,0.0032943362015275357,0.0003586360391110639,1.0
2.671,0.0032633781625317276,0.0035639736156164083,0.00035765238126695076,1.0
2.6719,0.003274298830818873,0.003324419513293986,0.00035476082023991063,1.0
2.6729,0.003293701724197852,0.003338114602499204,0.0003533226327460657,1.0
2.6739,0.0033218114439111106,0.0032581286174128156,0.0003549122487786984,1.0
2.6749,0.0033610799513274915,0.0038821569276461477,0.0003584958354146654,1.0
2.6758,0.003400952332012344,0.0029370575957366972,0.0003617737278099425,1.0
2.6768,0.003418324443651905,0.0030176238377631983,0.0003618843654139102,1.0
2.6778,0.0034051509882697087,0.00344727132427582,0.00035834864621323107,1.0
2.6787,0.0033935334023929764,0.003920374324890493,0.00035459972483165985,1.0
2.6797,0.003381823487857375,0.003302531439052241,0.0003536682451220345,1.0
2.6807,0.00337043207624772,0.003496193199001846,0.0003550457852852527,1.0
2.6816,0.0033601811635358444,0.003499555957612135,0.0003567507922210665,1.0
2.6826,0.0033522763046941414,0.0031621506790447253,0.0003575194125441557,1.0
2.6836,0.0033444151607851043,0.0033778236187985665,0.0003566821931137823,1.0
2.6846,0.0033330237491754422,0.0032621468810485705,0.000354984223152242,1.0
2.6855,0.0033231979967435275,0.0034400441488631607,0.0003541981004257313,1.0
2.6865,0.003313507312262026,0.003057075589389812,0.00035466454873598084,1.0
2.6875,0.0033044027303753627,0.0030828927068314153,0.000354948674538121,1.0
2.6884,0.0032962047368008084,0.0029925306951265516,0.0003542339647334499,1.0
2.6894,0.0032879570574053563,0.0036567082583976326,0.00035333024434761024,1.0
2.6904,0.0032789892643644756,0.0025548849421508785,0.00035312716207501016,1.0
2.6913,0.0032738910464067163,0.0035752967144518947,0.0003539964697447069,1.0
2.6923,0.0032695014291704025,0.0035836871218965795,0.0003560924304067318,1.0
2.6933,0.003266087669337871,0.003369939311772849,0.00035790546785830754,1.0
2.6942,0.0032633415970158724,0.003501792690633061,0.000358372868046143,1.0
2.6952,0.003261531928894293,0.0027483696543136008,0.0003573458049025275,1.0
2.6962,0.0032603930592807772,0.003951962654134781,0.00035575564587053265,1.0
2.6972,0.003259253918119903,0.00329703727037512,0.00035486677973434113,1.0
2.6981,0.003260540591642515,0.0034068393733158375,0.0003556972393094487,1.0
2.6991,0.003268271230501958,0.0035962053763545585,0.0003581289604017173,1.0
2.7001,0.0032785255076902883,0.003568014564810794,0.00036118995445910045,1.0
2.701,0.0032898743763708814,0.003251208619007265,0.0003647313333973906,1.0
2.702,0.00330417240145428,0.0035758721710057737,0.00036812761570922985,1.0
2.703,0.0033222952573597553,0.0037388237855286886,0.0003688910456741374,1.0
2.704,0.003344749334939253,0.00409463782059879,0.0003663804781741206,1.0
2.7049,0.0033647328558815254,0.0025063452380373434,0.0003637394976127555,1.0
2.7059,0.0033527704224291825,0.003404210393559148,0.00036332010940279307,1.0
2.7069,0.0033222140841993753,0.004208298615933945,0.00036356182048710126,1.0
2.7078,0.003299872421525035,0.002777682160915918,0.00036271184352080094,1.0
2.7088,0.0032797729880956025,0.0036419446377395285,0.00036162132326771534,1.0
2.7098,0.0032639726030180313,0.003022939664724433,0.00036173858278665846,1.0
2.7107,0.0032529335810285494,0.0033035839709536,0.0003636577819836278,1.0
2.7117,0.0032434558363374304,0.0036962380612263774,0.0003661445602813698,1.0
2.7127,0.00323860422054993,0.0029543296636494734,0.0003680197826992126,1.0
2.7136,0.003238840365086238,0.003267822882630141,0.0003703623511968713,1.0
2.7146,0.0032405593237039777,0.0032880540025795974,0.00037209489788872464,1.0
2.7156,0.0032423963866355615,0.003737627226423919,0.00037136576729944807,1.0
2.7166,0.003244674125862493,0.0034426382353473298,0.0003689357447315915,1.0
2.7175,0.0032475835201016827,0.003839838845639373,0.0003671006245044462,1.0
2.7185,0.003250999654591571,0.0029988298595490298,0.0003673329207889929,1.0
2.7195,0.0032546951301244843,0.0030979978338345066,0.0003696238891457213,1.0
2.7204,0.0032601488210726418,0.004025878700141082,0.0003706125511116211,1.0
2.7214,0.003268726882187418,0.0027878706336587726,0.00036758489029950107,1.0
2.7224,0.0032794135384238356,0.002842964717629002,0.00036320555530247595,1.0
2.7234,0.0032925381635174242,0.0030017089310511963,0.00036010406837022987,1.0
2.7243,0.003307070176839383,0.003110129144202113,0.00035834636427895997,1.0
2.7253,0.003326388753104533,0.004196624582022319,0.00035802349216005073,1.0
2.7263,0.0033513018523022055,0.0037895985041937674,0.00035953362972025526,1.0
2.7272,0.0033776022930448813,0.003525679831874036,0.0003625941103947641,1.0
2.7282,0.0033601352878998287,0.0030975536271645784,0.0003651958767630781,1.0
2.7292,0.003339049907571322,0.0033851249398434364,0.0003659368040304253,1.0
2.7301,0.003323276863376462,0.0031091568657454355,0.00036632865042524466,1.0
2.7311,0.003309513867910412,0.003713589644483839,0.0003677620199361897,1.0
2.7321,0.0032986176458882827,0.003223982901866011,0.00036904774086293736,1.0
2.7331,0.0032902487190957647,0.003275997427212488,0.0003686398129474549,1.0
2.734,0.003286049085734382,0.0037710023709813575,0.0003687763944982948,1.0
2.735,0.003284210825631125,0.003036774748498412,0.00037205819896761835,1.0
2.736,0.00328307168447031,0.0033331895904957242,0.00037606664021628107,1.0
2.7369,0.003283953406801023,0.0038446962789684797,0.00037652524986504007,1.0
2.7379,0.0032851822749248435,0.0037801702934542984,0.00037518175121512926,1.0
2.7389,0.0032874600141520834,0.0034184779482666038,0.0003747023592299274,1.0
2.7398,0.003289510196694407,0.002979265531401947,0.00037462847192721205,1.0
2.7408,0.00329218190388259,0.0036558329538242916,0.0003743614751494014,1.0
2.7418,0.0032950662182436134,0.00367566741126716,0.0003742261634977962,1.0
2.7428,0.0032886166432003687,0.003017094137226937,0.00037479273612278836,1.0
2.7437,0.0032766488273463534,0.0032083470819668706,0.0003755572487213951,1.0
2.7447,0.0032638171926511607,0.003974871240359134,0.00037589970043559084,1.0
2.7457,0.003252263297183046,0.0030000201327605733,0.000376095771813307,1.0
2.7466,0.003244009907576844,0.0027730608022342542,0.0003752449305652135,1.0
2.7476,0.003238724508344021,0.0036441437865845964,0.0003723653148320259,1.0
2.7486,0.0032370000000001464,0.0029962556748204597,0.0003692094602383873,1.0
2.7495,0.003236999999999964,0.003217661721430572,0.00036810785050952533,1.0
2.7505,0.0032378791885200758,0.002996768802602529,0.0003685412958080252,1.0
2.7515,0.003240156927747595,0.0030121901845267403,0.0003685465047011695,1.0
2.7525,0.0032431503659401417,0.0023831028069266486,0.00036895724395151816,1.0
2.7534,0.003246966229414843,0.0033031824780332124,0.00037245857574484887,1.0
2.7544,0.0032532825618040288,0.0030633100221423007,0.0003789731726954683,1.0
2.7554,0.0032632508555523972,0.00273501334891214,0.0003838465625399576,1.0
2.7563,0.003276754593486347,0.003559064036853221,0.00038383844859353586,1.0
2.7573,0.0032909864612010193,0.0034629961917354624,0.00037969804973342027,1.0
2.7583,0.0032765385855324687,0.003258731020588349,0.0003742868660968305,1.0
2.7592,0.003261190139596682,0.0032778471612844875,0.000370430239734863,1.0
2.7602,0.003250603456084319,0.003406615009111484,0.00036991149638458784,1.0
2.7612,0.003243879549135043,0.003749308400946948,0.00037216689743124856,1.0
2.7621,0.0032400524556674875,0.003385068450664266,0.00037475345127588685,1.0
2.7631,0.003237425690947172,0.0028632167682607307,0.00037649839828705846,1.0
2.7641,0.0032351478934667492,0.0027831248199383495,0.00037936251537249203,1.0
2.7651,0.0032331947686406633,0.00332585081878909,0.0003853196632547319,1.0
2.766,0.0032362700424541637,0.002669793832608648,0.00039241952401101424,1.0
2.767,0.0032399144934956436,0.003318445328940953,0.00039723814275829684,1.0
2.768,0.0032440998432793577,0.002937109503444476,0.0003993046670887982,1.0
2.7689,0.0032471751170929323,0.0030773816704699223,0.000400313125072819,1.0
2.7699,0.0032511233874343262,0.00359319832163512,0.000401259057485275,1.0
2.7709,0.0032556788658888,0.002462160524886336,0.0004016494822889153,1.0
2.7719,0.003259425758257522,0.003018690504307397,0.0004008755010666339,1.0
2.7728,0.0032641636445930856,0.0035123346575019095,0.00039880968705122296,1.0
2.7738,0.003273742672166396,0.003939123273044385,0.0003961721369947678,1.0
2.7748,0.0032842160409740184,0.0033930877722447186,0.00039471175978142013,1.0
2.7757,0.0032956276854078886,0.0036604250036826103,0.0003943759029461599,1.0
2.7767,0.0033101176509640045,0.002842231286198287,0.0003949917566473686,1.0
2.7777,0.0033280194596951233,0.0034200239149530876,0.00039606027738818886,1.0
2.7786,0.0033471839719349814,0.0035358594534078145,0.00039731583472332445,1.0
2.7796,0.0033728288386524964,0.003597424644268072,0.0003976373772949092,1.0
2.7806,0.0033837153427714968,0.0029875886511371783,0.0003963689419065674,1.0
2.7816,0.003366061539912846,0.0031726604060224196,0.00039460146010941336,1.0
2.7825,0.0033463122370940017,0.004140740636919453,0.00039425819220005576,1.0
2.7835,0.0033298466911402948,0.002801681040668595,0.0003965774203702768,1.0
2.7845,0.0033202204803432197,0.0024988954600147053,0.00040103046161439355,1.0
2.7854,0.0033156380095948398,0.003088631819768561,0.00040473582226159684,1.0
2.7864,0.003314000000000029,0.003088904791031391,0.00040609765611253394,1.0
2.7874,0.0033139999999999815,0.0033103647760843505,0.0004067579412528312,1.0
2.7883,0.003314482958296113,0.0031817828370348583,0.00040729798811569445,1.0
2.7893,0.003316243655819563,0.003717609290673207,0.00040664514721982495,1.0
2.7903,0.0033215641851403292,0.003429342047978796,0.000405945564142126,1.0
2.7912,0.003334001043124236,0.003388171412216891,0.0004065849666261873,1.0
2.7922,0.0033591983189333397,0.0030278947644109,0.0004065166519799375,1.0
2.7932,0.0033941931215949964,0.003028033636358179,0.00040485970432597014,1.0
2.7942,0.003434456618532641,0.0037148036113150863,0.00040467653352217785,1.0
2.7951,0.0034726116170687563,0.0041956948111945514,0.00040805921920667614,1.0
2.7961,0.003495421159922456,0.0031260881436442544,0.00041247962604426926,1.0
2.7971,0.0034688782546528608,0.003123491318463452,0.0004151117138499608,1.0
2.798,0.0034376138775418933,0.003937462462687552,0.00041473701803609793,1.0
2.799,0.003402976373728857,0.0038063794757663043,0.00041434895645858067,1.0
2.8,0.00337042293296579,0.003228615439064799,0.00041633020451828736,1.0
2.801,0.0033404179104259473,0.004115387329316534,0.0004207324399082426,1.0
2.8019,0.0033186240211434985,0.0023408462107512504,0.000427147674669362,1.0
2.8029,0.0033043502785023754,0.0030952217905146143,0.0004328156460131329,1.0
2.8039,0.003299741469589699,0.0028577287918055295,0.00043193918839039286,1.0
2.8048,0.00330363348680635,0.002683707135442587,0.00042647216663053956,1.0
2.8058,0.0033108778219027813,0.003450057551975856,0.00042423172917963975,1.0
2.8068,0.0033199498832545055,0.0032139604019354936,0.00042960993199628615,1.0
2.8077,0.0033297442405795584,0.0036796653105179034,0.0004398076391239712,1.0
2.8087,0.0033425569660993277,0.0029078064877650755,0.0005147868581869784,1.0
